{"frames": [

{
	"filename": "bien",
	"frame": {"x":1,"y":690,"w":1080,"h":302},
	"rotated": false,
	"trimmed": false,
	"spriteSourceSize": {"x":0,"y":0,"w":1080,"h":302},
	"sourceSize": {"w":1080,"h":302}
},
{
	"filename": "cay",
	"frame": {"x":579,"y":1,"w":565,"h":675},
	"rotated": false,
	"trimmed": true,
	"spriteSourceSize": {"x":7,"y":7,"w":565,"h":675},
	"sourceSize": {"w":579,"h":689}
},
{
	"filename": "cay_hot",
	"frame": {"x":1,"y":1,"w":577,"h":688},
	"rotated": false,
	"trimmed": true,
	"spriteSourceSize": {"x":1,"y":1,"w":577,"h":688},
	"sourceSize": {"w":579,"h":689}
},
{
	"filename": "dat_lien",
	"frame": {"x":1,"y":993,"w":820,"h":316},
	"rotated": false,
	"trimmed": false,
	"spriteSourceSize": {"x":0,"y":0,"w":820,"h":316},
	"sourceSize": {"w":820,"h":316}
},
{
	"filename": "hang_rao_gai",
	"frame": {"x":1145,"y":1,"w":254,"h":1043},
	"rotated": false,
	"trimmed": false,
	"spriteSourceSize": {"x":0,"y":0,"w":254,"h":1043},
	"sourceSize": {"w":254,"h":1043}
},
{
	"filename": "hom_chau_bau_khoa",
	"frame": {"x":252,"y":1310,"w":200,"h":195},
	"rotated": false,
	"trimmed": false,
	"spriteSourceSize": {"x":0,"y":0,"w":200,"h":195},
	"sourceSize": {"w":200,"h":195}
},
{
	"filename": "hom_chau_bau_mo",
	"frame": {"x":1,"y":1310,"w":250,"h":223},
	"rotated": false,
	"trimmed": false,
	"spriteSourceSize": {"x":0,"y":0,"w":250,"h":223},
	"sourceSize": {"w":250,"h":223}
},
{
	"filename": "Square",
	"frame": {"x":822,"y":993,"w":4,"h":4},
	"rotated": false,
	"trimmed": false,
	"spriteSourceSize": {"x":0,"y":0,"w":4,"h":4},
	"sourceSize": {"w":4,"h":4}
},
{
	"filename": "thuyen_cuop_bien 1",
	"frame": {"x":822,"y":1045,"w":493,"h":480},
	"rotated": false,
	"trimmed": false,
	"spriteSourceSize": {"x":0,"y":0,"w":493,"h":480},
	"sourceSize": {"w":493,"h":480}
},
{
	"filename": "trap_ca_piranha",
	"frame": {"x":453,"y":1310,"w":154,"h":223},
	"rotated": false,
	"trimmed": false,
	"spriteSourceSize": {"x":0,"y":0,"w":154,"h":223},
	"sourceSize": {"w":154,"h":223}
},
{
	"filename": "trap_ca_piranha_ngam_mieng",
	"frame": {"x":608,"y":1310,"w":94,"h":157},
	"rotated": false,
	"trimmed": false,
	"spriteSourceSize": {"x":0,"y":0,"w":94,"h":157},
	"sourceSize": {"w":94,"h":157}
}],
"meta": {
	"app": "https://www.codeandweb.com/texturepacker",
	"version": "1.0",
	"image": "props.png",
	"format": "RGBA8888",
	"size": {"w":1400,"h":1534},
	"scale": "1",
	"smartupdate": "$TexturePacker:SmartUpdate:65651ad1bed58beb2c8f8e3b4399d21a:d637d064bf510d6356d97c58c2cfe4ac:f4c39b94f5b79b4c461da96ae5609d50$"
}
}
