{
"skeleton": { "hash": "rYZKy81JYm8", "spine": "4.1.24", "x": -388.28, "y": -425.09, "width": 724.41, "height": 1282.48 },
"bones": [
	{ "name": "root", "rotation": 0.2 },
	{ "name": "move", "parent": "root", "x": -119.99, "scaleX": -1 },
	{ "name": "main", "parent": "move", "y": 256.6 },
	{ "name": "hip", "parent": "main" },
	{ "name": "body", "parent": "hip", "length": 26.97, "rotation": 90 },
	{ "name": "body2", "parent": "body", "length": 26.97, "x": 26.97 },
	{ "name": "body3", "parent": "body2", "length": 26.97, "x": 26.97 },
	{ "name": "body4", "parent": "body3", "length": 26.97, "rotation": -0.06, "x": 26.97 },
	{ "name": "body5", "parent": "body4", "length": 26.97, "x": 26.97 },
	{ "name": "body6", "parent": "body5", "length": 26.97, "x": 26.97 },
	{ "name": "body7", "parent": "body6", "length": 26.97, "x": 26.97 },
	{ "name": "body8", "parent": "body7", "length": 26.97, "x": 26.97 },
	{ "name": "head", "parent": "body8", "length": 135.67, "x": 24.75 },
	{ "name": "feeling_3", "parent": "head", "rotation": -0.18, "x": 87.53, "y": 30.96 },
	{ "name": "emoji", "parent": "head", "rotation": -90, "x": 62, "y": 1.49 },
	{ "name": "shouder_1", "parent": "body7", "length": 100.06, "rotation": -90, "x": 15.39, "y": 0.02 },
	{ "name": "arm_1", "parent": "shouder_1", "length": 100.06, "x": 94.79 },
	{ "name": "shouder_2", "parent": "body7", "length": 100.06, "rotation": 90, "x": 15.39, "y": 0.02 },
	{ "name": "arm_2", "parent": "shouder_2", "length": 100.06, "x": 94.79 },
	{ "name": "thigh_1", "parent": "main", "length": 134.15, "rotation": -90, "x": -0.54, "y": 4.23 },
	{ "name": "leg_1", "parent": "thigh_1", "length": 134.15, "x": 128.14 },
	{ "name": "thigh_2", "parent": "main", "length": 134.15, "rotation": -90, "x": -0.1, "y": 4.23 },
	{ "name": "leg_2", "parent": "thigh_2", "length": 134.15, "x": 128.14 },
	{ "name": "foot_2", "parent": "move", "x": 0.16, "y": -2.18 },
	{ "name": "foot_3", "parent": "move", "x": 0.1, "y": -2.12 },
	{
		"name": "feeling_5",
		"parent": "head",
		"rotation": -0.18,
		"x": 87.53,
		"y": -25.11,
		"scaleX": 2,
		"scaleY": 2
	},
	{ "name": "item_1", "parent": "move", "x": -1.93, "y": 450.24 },
	{ "name": "feeling_1", "parent": "main", "rotation": -20.17, "x": 72.35, "y": 376.02 },
	{ "name": "feeling_2", "parent": "main", "rotation": -20.17, "x": 72.35, "y": 376.02 },
	{ "name": "hair_1", "parent": "main", "rotation": 0.07, "x": -120, "y": -254.77 },
	{
		"name": "feeling_4",
		"parent": "head",
		"rotation": -0.18,
		"x": 87.53,
		"y": -25.11,
		"scaleX": 2,
		"scaleY": 2
	},
	{ "name": "item_tay", "parent": "arm_2", "x": 101.01, "y": -1.25 }
],
"slots": [
	{ "name": "bg_gane_play", "bone": "root", "color": "ffffff4f" },
	{ "name": "item", "bone": "item_1" },
	{ "name": "body", "bone": "hip", "color": "000000ff", "attachment": "body" },
	{ "name": "shoulder1", "bone": "shouder_1", "color": "000000ff" },
	{ "name": "shoulder3", "bone": "shouder_2", "color": "000000ff" },
	{ "name": "shoulder2", "bone": "arm_1", "color": "000000ff" },
	{ "name": "shoulder4", "bone": "arm_2", "color": "000000ff" },
	{ "name": "thigh", "bone": "thigh_1", "color": "000000ff", "attachment": "thigh" },
	{ "name": "thigh3", "bone": "thigh_2", "color": "000000ff", "attachment": "thigh" },
	{ "name": "thigh2", "bone": "leg_1", "color": "000000ff", "attachment": "thigh" },
	{ "name": "thigh4", "bone": "leg_2", "color": "000000ff", "attachment": "thigh" },
	{ "name": "head", "bone": "head", "attachment": "head" },
	{ "name": "hair", "bone": "hair_1" },
	{ "name": "Emoji", "bone": "emoji" },
	{ "name": "feeling_3", "bone": "feeling_3", "color": "000000ff" },
	{ "name": "feeling_5", "bone": "feeling_5" },
	{ "name": "feeling_4", "bone": "feeling_4" },
	{ "name": "feeling_1", "bone": "feeling_1" },
	{ "name": "feeling_2", "bone": "feeling_2" },
	{ "name": "item_tay", "bone": "item_tay" }
],
"ik": [
	{
		"name": "foot_1",
		"bones": [ "thigh_1", "leg_1" ],
		"target": "foot_2",
		"mix": 0,
		"stretch": true
	},
	{
		"name": "foot_2",
		"order": 1,
		"bones": [ "thigh_2", "leg_2" ],
		"target": "foot_3",
		"mix": 0,
		"stretch": true
	}
],
"skins": [
	{
		"name": "default",
		"attachments": {
			"body": {
				"body": {
					"type": "mesh",
					"uvs": [ 1, 1, 0, 1, 0, 0.875, 0, 0.75, 0, 0.625, 0, 0.5, 0, 0.375, 0, 0.25, 0, 0.125, 0, 0, 1, 0, 1, 0.125, 1, 0.25, 1, 0.375, 1, 0.5, 1, 0.625, 1, 0.75, 1, 0.875 ],
					"triangles": [ 8, 9, 10, 11, 8, 10, 7, 8, 11, 12, 7, 11, 6, 7, 12, 13, 6, 12, 5, 6, 13, 14, 5, 13, 4, 5, 14, 15, 4, 14, 3, 4, 15, 16, 3, 15, 2, 3, 16, 17, 2, 16, 1, 2, 17, 0, 1, 17 ],
					"vertices": [ 1, 4, -1.7, -5.5, 1, 1, 4, -1.7, 5.5, 1, 2, 4, 25.68, 5.5, 0.70301, 5, -1.29, 5.5, 0.29699, 2, 5, 26.08, 5.5, 0.65569, 6, -0.88, 5.5, 0.34431, 2, 6, 26.49, 5.5, 0.55905, 7, -0.48, 5.5, 0.44095, 2, 7, 26.9, 5.5, 0.51367, 8, -0.07, 5.5, 0.48633, 2, 8, 27.3, 5.5, 0.41705, 9, 0.33, 5.5, 0.58295, 2, 9, 27.71, 5.5, 0.38565, 10, 0.74, 5.5, 0.61435, 2, 10, 28.11, 5.5, 0.36868, 11, 1.14, 5.5, 0.63132, 1, 11, 28.52, 5.5, 1, 1, 11, 28.52, -5.5, 1, 2, 10, 28.11, -5.5, 0.3064, 11, 1.14, -5.5, 0.6936, 2, 9, 27.71, -5.5, 0.40945, 10, 0.74, -5.5, 0.59055, 2, 8, 27.3, -5.5, 0.44404, 9, 0.33, -5.5, 0.55596, 2, 7, 26.9, -5.5, 0.52991, 8, -0.07, -5.5, 0.47009, 2, 6, 26.49, -5.5, 0.58474, 7, -0.48, -5.5, 0.41526, 2, 5, 26.08, -5.5, 0.62061, 6, -0.88, -5.5, 0.37939, 2, 4, 25.68, -5.5, 0.65664, 5, -1.29, -5.5, 0.34336 ],
					"hull": 18
				}
			},
			"Emoji": {
				"Emoji/emo_57_c": { "x": 0.5, "y": 0.5, "width": 101, "height": 101 },
				"Emoji/emo_96_b": { "y": 0.5, "width": 96, "height": 96 },
				"Emoji/new/emo_6": { "y": 0.5, "width": 124, "height": 103 }
			},
			"feeling_1": {
				"giat_minh": { "width": 70, "height": 66 },
				"water_mouth": { "x": -5.38, "y": -14.51, "rotation": -31.72, "width": 23, "height": 50 }
			},
			"feeling_2": {
				"mo_hoi": { "x": 0.5, "y": 0.5, "width": 19, "height": 41 },
				"water_mouth": { "x": -5.86, "y": -13.64, "rotation": -33.97, "width": 23, "height": 50 }
			},
			"feeling_3": {
				"cham_than": { "x": -18.07, "y": -0.4, "rotation": -96.51, "width": 17, "height": 57 }
			},
			"feeling_5": {
				"scare": { "y": 0.5, "width": 80, "height": 83 }
			},
			"hair": {
				"hair/man/mu_15": { "x": 0.5, "width": 135, "height": 89 }
			},
			"head": {
				"head": { "x": 68.85, "rotation": -89.87, "width": 144, "height": 144 },
				"head_7": { "x": 65.26, "y": -3.78, "rotation": -89.46, "width": 144, "height": 144 }
			},
			"shoulder1": {
				"shoulder": { "x": 49.22, "rotation": -90, "width": 15, "height": 105 }
			},
			"shoulder2": {
				"shoulder": { "x": 49.22, "rotation": -90, "width": 15, "height": 105 }
			},
			"shoulder3": {
				"shoulder": { "x": 49.22, "rotation": -90, "width": 15, "height": 105 }
			},
			"shoulder4": {
				"shoulder": { "x": 50.57, "rotation": -90, "width": 15, "height": 105 }
			},
			"thigh": {
				"thigh": { "x": 66.01, "rotation": -90, "width": 14, "height": 137 }
			},
			"thigh2": {
				"thigh": { "x": 66.01, "rotation": -90, "width": 14, "height": 137 }
			},
			"thigh3": {
				"thigh": { "x": 66.01, "rotation": -90, "width": 14, "height": 137 }
			},
			"thigh4": {
				"thigh": { "x": 66.01, "rotation": -90, "width": 14, "height": 137 }
			}
		}
	}
],
"animations": {
	"t_127_1_be": {
		"slots": {
			"body": {
				"rgba": [
					{ "color": "000000ff" }
				]
			},
			"Emoji": {
				"attachment": [
					{ "name": "Emoji/emo_96_b" }
				]
			},
			"feeling_1": {
				"attachment": [
					{}
				]
			},
			"feeling_2": {
				"attachment": [
					{ "name": "water_mouth" }
				]
			},
			"feeling_3": {
				"attachment": [
					{}
				]
			},
			"feeling_5": {
				"attachment": [
					{}
				]
			},
			"hair": {
				"attachment": [
					{ "name": "hair/man/mu_15" }
				]
			},
			"head": {
				"rgba": [
					{ "color": "ffffffff" }
				],
				"attachment": [
					{ "name": "head" }
				]
			},
			"shoulder1": {
				"rgba": [
					{ "color": "000000ff" }
				],
				"attachment": [
					{}
				]
			},
			"shoulder2": {
				"rgba": [
					{ "color": "000000ff" }
				],
				"attachment": [
					{}
				]
			},
			"shoulder3": {
				"rgba": [
					{ "color": "000000ff" }
				],
				"attachment": [
					{ "name": "shoulder" }
				]
			},
			"shoulder4": {
				"rgba": [
					{ "color": "000000ff" }
				],
				"attachment": [
					{ "name": "shoulder" }
				]
			},
			"thigh": {
				"rgba": [
					{ "color": "000000ff" }
				]
			},
			"thigh2": {
				"rgba": [
					{ "color": "000000ff" }
				]
			},
			"thigh3": {
				"rgba": [
					{ "color": "000000ff" }
				]
			},
			"thigh4": {
				"rgba": [
					{ "color": "000000ff" }
				]
			}
		},
		"bones": {
			"head": {
				"rotate": [
					{ "value": -14.94 }
				],
				"translate": [
					{ "x": -36.48, "y": 27.45 }
				],
				"scale": [
					{}
				]
			},
			"root": {
				"rotate": [
					{}
				],
				"translate": [
					{}
				]
			},
			"main": {
				"rotate": [
					{ "value": 10.55 }
				],
				"translate": [
					{ "x": 12.55, "y": -38.84 }
				]
			},
			"hip": {
				"rotate": [
					{}
				],
				"translate": [
					{}
				]
			},
			"body": {
				"rotate": [
					{ "value": 1.96 }
				],
				"translate": [
					{}
				],
				"scale": [
					{}
				]
			},
			"body2": {
				"rotate": [
					{ "value": 1.96 }
				],
				"translate": [
					{}
				],
				"scale": [
					{}
				]
			},
			"body3": {
				"rotate": [
					{ "value": 1.96 }
				],
				"translate": [
					{}
				],
				"scale": [
					{}
				]
			},
			"body4": {
				"rotate": [
					{ "value": 1.96 }
				],
				"translate": [
					{}
				],
				"scale": [
					{}
				]
			},
			"body5": {
				"rotate": [
					{ "value": 1.96 }
				],
				"translate": [
					{}
				],
				"scale": [
					{}
				]
			},
			"body6": {
				"rotate": [
					{ "value": 1.96 }
				],
				"translate": [
					{}
				],
				"scale": [
					{}
				]
			},
			"body7": {
				"rotate": [
					{ "value": 1.96 }
				],
				"translate": [
					{}
				],
				"scale": [
					{}
				]
			},
			"body8": {
				"rotate": [
					{ "value": 1.96 }
				],
				"translate": [
					{}
				],
				"scale": [
					{}
				]
			},
			"feeling_3": {
				"rotate": [
					{}
				],
				"translate": [
					{}
				]
			},
			"emoji": {
				"rotate": [
					{ "value": -1.25 }
				],
				"translate": [
					{ "x": 1.65, "y": 1.72 }
				],
				"scale": [
					{ "x": -1.234, "y": 1.234 }
				]
			},
			"shouder_1": {
				"rotate": [
					{ "value": -104.98 }
				],
				"translate": [
					{ "x": 14.41, "y": -1.24 }
				],
				"scale": [
					{}
				]
			},
			"arm_1": {
				"rotate": [
					{ "value": -35.03 }
				],
				"translate": [
					{ "x": 2.02, "y": 0.08 }
				],
				"scale": [
					{}
				]
			},
			"shouder_2": {
				"rotate": [
					{ "value": 111.21 }
				],
				"translate": [
					{ "x": 2.44, "y": -1.67 }
				],
				"scale": [
					{}
				]
			},
			"arm_2": {
				"rotate": [
					{ "value": -36.22 }
				],
				"translate": [
					{}
				],
				"scale": [
					{}
				]
			},
			"thigh_1": {
				"rotate": [
					{ "value": 24.72 }
				],
				"translate": [
					{}
				],
				"scale": [
					{}
				]
			},
			"leg_1": {
				"rotate": [
					{}
				],
				"translate": [
					{}
				],
				"scale": [
					{}
				]
			},
			"thigh_2": {
				"rotate": [
					{ "value": 39.21 }
				],
				"translate": [
					{}
				],
				"scale": [
					{}
				]
			},
			"leg_2": {
				"rotate": [
					{ "value": 18.14 }
				],
				"translate": [
					{}
				]
			},
			"foot_2": {
				"rotate": [
					{}
				],
				"translate": [
					{ "x": -11.81, "y": 2.66 }
				]
			},
			"foot_3": {
				"rotate": [
					{}
				],
				"translate": [
					{ "x": 71.11, "y": 0.71 }
				]
			},
			"feeling_5": {
				"rotate": [
					{ "value": 8.88 }
				],
				"translate": [
					{ "x": 4.78, "y": -84.81 }
				],
				"scale": [
					{ "x": 0.603, "y": 0.603 }
				]
			},
			"item_1": {
				"rotate": [
					{ "value": 1.78 }
				],
				"translate": [
					{ "x": -26.83, "y": 119.53 }
				],
				"scale": [
					{ "x": 1.145, "y": 1.145 }
				]
			},
			"feeling_1": {
				"rotate": [
					{ "value": 15.46 }
				],
				"translate": [
					{ "x": -3.15, "y": -67.08 }
				],
				"scale": [
					{ "x": 1.664, "y": 1.664 }
				]
			},
			"move": {
				"translate": [
					{ "x": 119.99, "y": 0.12 }
				],
				"scale": [
					{ "x": -1 }
				]
			},
			"feeling_2": {
				"rotate": [
					{ "value": -6.82 }
				],
				"translate": [
					{ "x": -150.75, "y": -187.73 }
				],
				"scale": [
					{ "x": -1.15, "y": 1.15 }
				]
			},
			"hair_1": {
				"translate": [
					{ "x": 99.06, "y": 504.74 }
				],
				"scale": [
					{ "x": 1.416, "y": 1.416 }
				]
			}
		},
		"ik": {
			"foot_1": [
				{ "stretch": true }
			],
			"foot_2": [
				{ "stretch": true }
			]
		},
		"drawOrder": [
			{
				"offsets": [
					{ "slot": "item", "offset": 16 },
					{ "slot": "feeling_5", "offset": 3 }
				]
			}
		]
	},
	"t_127_1_lose": {
		"slots": {
			"body": {
				"rgba": [
					{ "color": "000000ff", "curve": "stepped" },
					{ "time": 1, "color": "000000ff" }
				]
			},
			"Emoji": {
				"rgba": [
					{ "color": "ff6b6bff", "curve": "stepped" },
					{ "time": 1, "color": "ff6b6bff" }
				],
				"attachment": [
					{ "name": "Emoji/emo_57_c" },
					{ "time": 1, "name": "Emoji/emo_57_c" }
				]
			},
			"feeling_1": {
				"attachment": [
					{ "name": "giat_minh" },
					{ "time": 1, "name": "giat_minh" }
				]
			},
			"feeling_2": {
				"attachment": [
					{ "name": "mo_hoi" },
					{ "time": 1, "name": "mo_hoi" }
				]
			},
			"feeling_3": {
				"rgba": [
					{ "color": "ff7575ff", "curve": "stepped" },
					{ "time": 1, "color": "ff7575ff" }
				],
				"attachment": [
					{ "name": "cham_than" },
					{ "time": 1, "name": "cham_than" }
				]
			},
			"feeling_5": {
				"rgba": [
					{ "color": "fffc00ff", "curve": "stepped" },
					{ "time": 1, "color": "fffc00ff" }
				],
				"attachment": [
					{ "name": "scare" },
					{ "time": 1, "name": "scare" }
				]
			},
			"hair": {
				"attachment": [
					{ "name": "hair/man/mu_15" },
					{ "time": 1, "name": "hair/man/mu_15" }
				]
			},
			"head": {
				"rgba": [
					{ "color": "ffffffff", "curve": "stepped" },
					{ "time": 1, "color": "ffffffff" }
				],
				"attachment": [
					{ "name": "head_7" },
					{ "time": 1, "name": "head_7" }
				]
			},
			"item": {
				"attachment": [
					{},
					{ "time": 1 }
				]
			},
			"shoulder1": {
				"rgba": [
					{ "color": "000000ff", "curve": "stepped" },
					{ "time": 1, "color": "000000ff" }
				],
				"attachment": [
					{ "name": "shoulder" },
					{ "time": 1, "name": "shoulder" }
				]
			},
			"shoulder2": {
				"rgba": [
					{ "color": "000000ff", "curve": "stepped" },
					{ "time": 1, "color": "000000ff" }
				],
				"attachment": [
					{ "name": "shoulder" },
					{ "time": 1, "name": "shoulder" }
				]
			},
			"shoulder3": {
				"rgba": [
					{ "color": "000000ff", "curve": "stepped" },
					{ "time": 1, "color": "000000ff" }
				],
				"attachment": [
					{ "name": "shoulder" },
					{ "time": 1, "name": "shoulder" }
				]
			},
			"shoulder4": {
				"rgba": [
					{ "color": "ff0000ff", "curve": "stepped" },
					{ "time": 1, "color": "ff0000ff" }
				],
				"attachment": [
					{ "name": "shoulder" },
					{ "time": 1, "name": "shoulder" }
				]
			},
			"thigh": {
				"rgba": [
					{ "color": "000000ff", "curve": "stepped" },
					{ "time": 1, "color": "000000ff" }
				]
			},
			"thigh2": {
				"rgba": [
					{ "color": "000000ff", "curve": "stepped" },
					{ "time": 1, "color": "000000ff" }
				]
			},
			"thigh3": {
				"rgba": [
					{ "color": "000000ff", "curve": "stepped" },
					{ "time": 1, "color": "000000ff" }
				]
			},
			"thigh4": {
				"rgba": [
					{ "color": "000000ff", "curve": "stepped" },
					{ "time": 1, "color": "000000ff" }
				]
			}
		},
		"bones": {
			"head": {
				"rotate": [
					{ "value": 9.41, "curve": "stepped" },
					{ "time": 1, "value": 9.41 }
				],
				"translate": [
					{ "x": -21.55, "y": 7, "curve": "stepped" },
					{ "time": 1, "x": -21.55, "y": 7 }
				],
				"scale": [
					{ "x": 1.16, "y": 0.929, "curve": "stepped" },
					{ "time": 1, "x": 1.16, "y": 0.929 }
				]
			},
			"root": {
				"rotate": [
					{ "curve": "stepped" },
					{ "time": 1 }
				],
				"translate": [
					{ "curve": "stepped" },
					{ "time": 1 }
				]
			},
			"main": {
				"rotate": [
					{ "value": 1.58, "curve": "stepped" },
					{ "time": 1, "value": 1.58 }
				],
				"translate": [
					{ "x": 10.92, "y": -29.83, "curve": "stepped" },
					{ "time": 1, "x": 10.92, "y": -29.83 }
				]
			},
			"hip": {
				"rotate": [
					{ "curve": "stepped" },
					{ "time": 1 }
				],
				"translate": [
					{ "curve": "stepped" },
					{ "time": 1 }
				]
			},
			"body": {
				"rotate": [
					{ "value": 0.95, "curve": "stepped" },
					{ "time": 1, "value": 0.95 }
				],
				"translate": [
					{ "curve": "stepped" },
					{ "time": 1 }
				],
				"scale": [
					{ "curve": "stepped" },
					{ "time": 1 }
				]
			},
			"body2": {
				"rotate": [
					{ "value": 0.95, "curve": "stepped" },
					{ "time": 1, "value": 0.95 }
				],
				"translate": [
					{ "curve": "stepped" },
					{ "time": 1 }
				],
				"scale": [
					{ "curve": "stepped" },
					{ "time": 1 }
				]
			},
			"body3": {
				"rotate": [
					{ "value": 0.95, "curve": "stepped" },
					{ "time": 1, "value": 0.95 }
				],
				"translate": [
					{ "curve": "stepped" },
					{ "time": 1 }
				],
				"scale": [
					{ "curve": "stepped" },
					{ "time": 1 }
				]
			},
			"body4": {
				"rotate": [
					{ "value": 0.95, "curve": "stepped" },
					{ "time": 1, "value": 0.95 }
				],
				"translate": [
					{ "curve": "stepped" },
					{ "time": 1 }
				],
				"scale": [
					{ "curve": "stepped" },
					{ "time": 1 }
				]
			},
			"body5": {
				"rotate": [
					{ "value": 0.95, "curve": "stepped" },
					{ "time": 1, "value": 0.95 }
				],
				"translate": [
					{ "curve": "stepped" },
					{ "time": 1 }
				],
				"scale": [
					{ "curve": "stepped" },
					{ "time": 1 }
				]
			},
			"body6": {
				"rotate": [
					{ "value": 0.95, "curve": "stepped" },
					{ "time": 1, "value": 0.95 }
				],
				"translate": [
					{ "curve": "stepped" },
					{ "time": 1 }
				],
				"scale": [
					{ "curve": "stepped" },
					{ "time": 1 }
				]
			},
			"body7": {
				"rotate": [
					{ "value": 0.95, "curve": "stepped" },
					{ "time": 1, "value": 0.95 }
				],
				"translate": [
					{ "curve": "stepped" },
					{ "time": 1 }
				],
				"scale": [
					{ "curve": "stepped" },
					{ "time": 1 }
				]
			},
			"body8": {
				"rotate": [
					{ "value": 0.95, "curve": "stepped" },
					{ "time": 1, "value": 0.95 }
				],
				"translate": [
					{ "curve": "stepped" },
					{ "time": 1 }
				],
				"scale": [
					{ "curve": "stepped" },
					{ "time": 1 }
				]
			},
			"feeling_3": {
				"rotate": [
					{ "value": 13.23, "curve": "stepped" },
					{ "time": 1, "value": 13.23 }
				],
				"translate": [
					{ "x": 60.31, "y": 36.72, "curve": "stepped" },
					{ "time": 1, "x": 60.31, "y": 36.72 }
				],
				"scale": [
					{ "x": 1.433, "y": 1.433, "curve": "stepped" },
					{ "time": 1, "x": 1.433, "y": 1.433 }
				]
			},
			"emoji": {
				"rotate": [
					{ "value": 3.81, "curve": "stepped" },
					{ "time": 1, "value": 3.81 }
				],
				"translate": [
					{ "x": 33.75, "y": -37.88, "curve": "stepped" },
					{ "time": 1, "x": 33.75, "y": -37.88 }
				],
				"scale": [
					{ "x": 1.142, "y": 1.316, "curve": "stepped" },
					{ "time": 1, "x": 1.142, "y": 1.316 }
				]
			},
			"shouder_1": {
				"rotate": [
					{ "value": -127.9, "curve": "stepped" },
					{ "time": 1, "value": -127.9 }
				],
				"translate": [
					{ "x": 14.41, "y": -1.24, "curve": "stepped" },
					{ "time": 1, "x": 14.41, "y": -1.24 }
				],
				"scale": [
					{ "curve": "stepped" },
					{ "time": 1 }
				]
			},
			"arm_1": {
				"rotate": [
					{ "value": -26.88, "curve": "stepped" },
					{ "time": 1, "value": -26.88 }
				],
				"translate": [
					{ "x": 2.02, "y": 0.08, "curve": "stepped" },
					{ "time": 1, "x": 2.02, "y": 0.08 }
				],
				"scale": [
					{ "curve": "stepped" },
					{ "time": 1 }
				]
			},
			"shouder_2": {
				"rotate": [
					{ "value": -174.64, "curve": "stepped" },
					{ "time": 1, "value": -174.64 }
				],
				"translate": [
					{ "x": 5.96, "y": 0.39, "curve": "stepped" },
					{ "time": 1, "x": 5.96, "y": 0.39 }
				],
				"scale": [
					{ "curve": "stepped" },
					{ "time": 1 }
				]
			},
			"arm_2": {
				"rotate": [
					{ "value": 24.84, "curve": "stepped" },
					{ "time": 1, "value": 24.84 }
				],
				"translate": [
					{ "curve": "stepped" },
					{ "time": 1 }
				],
				"scale": [
					{ "x": 1.413, "y": 1.154, "curve": "stepped" },
					{ "time": 1, "x": 1.413, "y": 1.154 }
				]
			},
			"thigh_1": {
				"rotate": [
					{ "value": 24.72, "curve": "stepped" },
					{ "time": 1, "value": 24.72 }
				],
				"translate": [
					{ "curve": "stepped" },
					{ "time": 1 }
				],
				"scale": [
					{ "curve": "stepped" },
					{ "time": 1 }
				]
			},
			"leg_1": {
				"rotate": [
					{ "curve": "stepped" },
					{ "time": 1 }
				],
				"translate": [
					{ "curve": "stepped" },
					{ "time": 1 }
				],
				"scale": [
					{ "curve": "stepped" },
					{ "time": 1 }
				]
			},
			"thigh_2": {
				"rotate": [
					{ "value": 39.21, "curve": "stepped" },
					{ "time": 1, "value": 39.21 }
				],
				"translate": [
					{ "curve": "stepped" },
					{ "time": 1 }
				],
				"scale": [
					{ "curve": "stepped" },
					{ "time": 1 }
				]
			},
			"leg_2": {
				"rotate": [
					{ "value": 18.14, "curve": "stepped" },
					{ "time": 1, "value": 18.14 }
				],
				"translate": [
					{ "curve": "stepped" },
					{ "time": 1 }
				]
			},
			"foot_2": {
				"rotate": [
					{ "curve": "stepped" },
					{ "time": 1 }
				],
				"translate": [
					{ "x": -73.15, "y": 2.77, "curve": "stepped" },
					{ "time": 1, "x": -73.15, "y": 2.77 }
				]
			},
			"foot_3": {
				"rotate": [
					{ "curve": "stepped" },
					{ "time": 1 }
				],
				"translate": [
					{ "x": 76.54, "y": 0.62, "curve": "stepped" },
					{ "time": 1, "x": 76.54, "y": 0.62 }
				]
			},
			"feeling_5": {
				"rotate": [
					{ "value": -3.44, "curve": "stepped" },
					{ "time": 0.0667, "value": -3.44, "curve": "stepped" },
					{ "time": 0.1667, "value": -55.14, "curve": "stepped" },
					{ "time": 0.2667, "value": -3.44, "curve": "stepped" },
					{ "time": 0.4, "value": -3.44, "curve": "stepped" },
					{ "time": 0.5, "value": -55.14, "curve": "stepped" },
					{ "time": 0.6, "value": -3.44, "curve": "stepped" },
					{ "time": 0.8, "value": -3.44, "curve": "stepped" },
					{ "time": 0.9, "value": -55.14, "curve": "stepped" },
					{ "time": 1, "value": -3.44 }
				],
				"translate": [
					{ "x": -93.63, "y": -109.53, "curve": "stepped" },
					{ "time": 1, "x": -93.63, "y": -109.53 }
				],
				"scale": [
					{ "x": 0.943, "y": 0.943, "curve": "stepped" },
					{ "time": 0.0667, "x": 0.943, "y": 0.943, "curve": "stepped" },
					{ "time": 0.1667, "x": 1.789, "y": 1.789, "curve": "stepped" },
					{ "time": 0.2667, "x": 0.943, "y": 0.943, "curve": "stepped" },
					{ "time": 0.4, "x": 0.943, "y": 0.943, "curve": "stepped" },
					{ "time": 0.5, "x": 1.789, "y": 1.789, "curve": "stepped" },
					{ "time": 0.6, "x": 0.943, "y": 0.943, "curve": "stepped" },
					{ "time": 0.8, "x": 0.943, "y": 0.943, "curve": "stepped" },
					{ "time": 0.9, "x": 1.789, "y": 1.789, "curve": "stepped" },
					{ "time": 1, "x": 0.943, "y": 0.943 }
				],
				"shear": [
					{ "curve": "stepped" },
					{ "time": 1 }
				]
			},
			"item_1": {
				"rotate": [
					{ "value": 22.94, "curve": "stepped" },
					{ "time": 1, "value": 22.94 }
				],
				"translate": [
					{ "x": -26.83, "y": 119.53, "curve": "stepped" },
					{ "time": 1, "x": -26.83, "y": 119.53 }
				],
				"scale": [
					{ "x": 1.145, "y": 1.145, "curve": "stepped" },
					{ "time": 1, "x": 1.145, "y": 1.145 }
				]
			},
			"feeling_1": {
				"rotate": [
					{ "value": 0.39, "curve": "stepped" },
					{ "time": 1, "value": 0.39 }
				],
				"translate": [
					{ "x": -9.99, "y": -57.21, "curve": "stepped" },
					{ "time": 1, "x": -9.99, "y": -57.21 }
				],
				"scale": [
					{ "x": 1.057, "y": 1.057, "curve": "stepped" },
					{ "time": 1, "x": 1.057, "y": 1.057 }
				]
			},
			"move": {
				"translate": [
					{ "x": 119.99, "y": 0.12, "curve": "stepped" },
					{ "time": 1, "x": 119.99, "y": 0.12 }
				],
				"scale": [
					{ "curve": "stepped" },
					{ "time": 1 }
				]
			},
			"feeling_2": {
				"rotate": [
					{ "value": 164.49, "curve": "stepped" },
					{ "time": 1, "value": 164.49 }
				],
				"translate": [
					{ "x": -50.91, "y": 8.53, "curve": "stepped" },
					{ "time": 1, "x": -50.91, "y": 8.53 }
				],
				"scale": [
					{ "x": -0.7, "y": 1.167, "curve": "stepped" },
					{ "time": 1, "x": -0.7, "y": 1.167 }
				]
			},
			"hair_1": {
				"rotate": [
					{ "value": 24.82, "curve": "stepped" },
					{ "time": 1, "value": 24.82 }
				],
				"translate": [
					{ "x": 12.64, "y": 594.93, "curve": "stepped" },
					{ "time": 1, "x": 12.64, "y": 594.93 }
				],
				"scale": [
					{ "x": -1.327, "y": 1.627, "curve": "stepped" },
					{ "time": 1, "x": -1.327, "y": 1.627 }
				]
			}
		},
		"ik": {
			"foot_1": [
				{
					"bendPositive": false,
					"stretch": true,
					"curve": [ 0.25, 1, 0.75, 1, 0.25, 0, 0.75, 0 ]
				},
				{ "time": 1, "bendPositive": false, "stretch": true }
			],
			"foot_2": [
				{
					"bendPositive": false,
					"stretch": true,
					"curve": [ 0.25, 1, 0.75, 1, 0.25, 0, 0.75, 0 ]
				},
				{ "time": 1, "bendPositive": false, "stretch": true }
			]
		},
		"drawOrder": [
			{
				"offsets": [
					{ "slot": "shoulder1", "offset": 4 },
					{ "slot": "shoulder2", "offset": 12 },
					{ "slot": "shoulder4", "offset": 6 },
					{ "slot": "feeling_5", "offset": 3 },
					{ "slot": "feeling_1", "offset": -6 }
				]
			},
			{
				"time": 1,
				"offsets": [
					{ "slot": "shoulder1", "offset": 4 },
					{ "slot": "shoulder2", "offset": 12 },
					{ "slot": "shoulder4", "offset": 6 },
					{ "slot": "feeling_5", "offset": 3 },
					{ "slot": "feeling_1", "offset": -6 }
				]
			}
		]
	},
	"t_127_1_win": {
		"slots": {
			"body": {
				"rgba": [
					{ "color": "000000ff" }
				]
			},
			"Emoji": {
				"attachment": [
					{ "name": "Emoji/new/emo_6" }
				]
			},
			"feeling_1": {
				"rgba": [
					{ "color": "ffffffff" }
				],
				"attachment": [
					{ "name": "water_mouth" }
				]
			},
			"feeling_2": {
				"attachment": [
					{}
				]
			},
			"feeling_3": {
				"rgba": [
					{ "color": "ffffffff" }
				],
				"attachment": [
					{}
				]
			},
			"feeling_5": {
				"rgba": [
					{ "color": "ffffffff" }
				],
				"attachment": [
					{}
				]
			},
			"hair": {
				"attachment": [
					{ "name": "hair/man/mu_15" }
				]
			},
			"head": {
				"rgba": [
					{ "color": "ffffffff" }
				],
				"attachment": [
					{ "name": "head" }
				]
			},
			"shoulder1": {
				"rgba": [
					{ "color": "000000ff" }
				],
				"attachment": [
					{ "name": "shoulder" }
				]
			},
			"shoulder2": {
				"rgba": [
					{ "color": "000000ff" }
				],
				"attachment": [
					{ "name": "shoulder" }
				]
			},
			"shoulder3": {
				"rgba": [
					{ "color": "000000ff" }
				],
				"attachment": [
					{ "name": "shoulder" }
				]
			},
			"shoulder4": {
				"rgba": [
					{ "color": "000000ff" }
				],
				"attachment": [
					{ "name": "shoulder" }
				]
			},
			"thigh": {
				"rgba": [
					{ "color": "000000ff" }
				]
			},
			"thigh2": {
				"rgba": [
					{ "color": "000000ff" }
				]
			},
			"thigh3": {
				"rgba": [
					{ "color": "000000ff" }
				]
			},
			"thigh4": {
				"rgba": [
					{ "color": "000000ff" }
				]
			}
		},
		"bones": {
			"head": {
				"rotate": [
					{ "value": -7.47 }
				],
				"translate": [
					{ "x": -7.46, "y": 0.19 }
				],
				"scale": [
					{}
				]
			},
			"root": {
				"rotate": [
					{}
				],
				"translate": [
					{}
				]
			},
			"main": {
				"rotate": [
					{ "value": 11.22 }
				],
				"translate": [
					{ "x": 29, "y": -22.56 }
				]
			},
			"hip": {
				"rotate": [
					{}
				],
				"translate": [
					{}
				]
			},
			"body": {
				"rotate": [
					{ "value": -0.69 }
				],
				"translate": [
					{}
				],
				"scale": [
					{}
				]
			},
			"body2": {
				"rotate": [
					{ "value": -0.05 }
				],
				"translate": [
					{}
				],
				"scale": [
					{}
				]
			},
			"body3": {
				"rotate": [
					{ "value": -0.05 }
				],
				"translate": [
					{}
				],
				"scale": [
					{}
				]
			},
			"body4": {
				"rotate": [
					{ "value": -0.05 }
				],
				"translate": [
					{}
				],
				"scale": [
					{}
				]
			},
			"body5": {
				"rotate": [
					{ "value": -0.05 }
				],
				"translate": [
					{}
				],
				"scale": [
					{}
				]
			},
			"body6": {
				"rotate": [
					{ "value": -0.05 }
				],
				"translate": [
					{}
				],
				"scale": [
					{}
				]
			},
			"body7": {
				"rotate": [
					{ "value": -0.05 }
				],
				"translate": [
					{}
				],
				"scale": [
					{}
				]
			},
			"body8": {
				"rotate": [
					{ "value": -0.05 }
				],
				"translate": [
					{}
				],
				"scale": [
					{}
				]
			},
			"feeling_3": {
				"rotate": [
					{ "value": 3.86 }
				],
				"translate": [
					{ "x": 18.74, "y": -11 }
				],
				"scale": [
					{}
				]
			},
			"emoji": {
				"rotate": [
					{ "value": -7.24 }
				],
				"translate": [
					{ "x": 7.49, "y": 25.14 }
				],
				"scale": [
					{ "x": 0.779, "y": 0.95 }
				]
			},
			"shouder_1": {
				"rotate": [
					{ "value": 44.46 }
				],
				"translate": [
					{ "x": 25.82, "y": -2.1 }
				],
				"scale": [
					{}
				]
			},
			"arm_1": {
				"rotate": [
					{ "value": 30.35 }
				],
				"translate": [
					{ "x": 2.02, "y": 0.08 }
				],
				"scale": [
					{}
				]
			},
			"shouder_2": {
				"rotate": [
					{ "value": -58.64 }
				],
				"translate": [
					{ "x": 22.93, "y": -1.38 }
				],
				"scale": [
					{}
				]
			},
			"arm_2": {
				"rotate": [
					{ "value": -33.03 }
				],
				"scale": [
					{}
				]
			},
			"thigh_1": {
				"rotate": [
					{ "value": 4.72 }
				],
				"translate": [
					{}
				],
				"scale": [
					{}
				]
			},
			"leg_1": {
				"rotate": [
					{ "value": 40 }
				],
				"translate": [
					{}
				]
			},
			"thigh_2": {
				"rotate": [
					{ "value": -48.68 }
				],
				"translate": [
					{}
				],
				"scale": [
					{}
				]
			},
			"leg_2": {
				"rotate": [
					{ "value": 51.06 }
				],
				"translate": [
					{}
				]
			},
			"foot_2": {
				"rotate": [
					{}
				],
				"translate": [
					{ "x": 207.65, "y": 154.33 }
				]
			},
			"foot_3": {
				"rotate": [
					{ "value": 12.32 }
				],
				"translate": [
					{ "x": -163.09, "y": 84.62 }
				]
			},
			"feeling_5": {
				"rotate": [
					{ "value": -89.63 }
				],
				"translate": [
					{ "x": 76.35, "y": -99.73 }
				],
				"scale": [
					{ "x": -0.84, "y": 0.84 }
				],
				"shear": [
					{}
				]
			},
			"feeling_1": {
				"rotate": [
					{ "value": 30.6 }
				],
				"translate": [
					{ "x": -104.91, "y": -144.32 }
				],
				"scale": [
					{ "x": 1.337, "y": 1.515 }
				]
			},
			"feeling_2": {
				"rotate": [
					{ "value": 125.15 }
				],
				"translate": [
					{ "x": -132.93, "y": -35.85 }
				]
			},
			"move": {
				"translate": [
					{ "x": 119.99 }
				],
				"scale": [
					{}
				]
			},
			"hair_1": {
				"rotate": [
					{ "value": -14.44 }
				],
				"translate": [
					{ "x": 162.36, "y": 534.3 }
				],
				"scale": [
					{ "x": 1.413, "y": 1.413 }
				]
			}
		},
		"ik": {
			"foot_1": [
				{ "stretch": true }
			],
			"foot_2": [
				{ "stretch": true }
			]
		},
		"drawOrder": [
			{
				"offsets": [
					{ "slot": "shoulder1", "offset": 9 },
					{ "slot": "shoulder3", "offset": 0 },
					{ "slot": "shoulder2", "offset": 8 }
				]
			}
		]
	}
}
}