{"animation":{"version":4,"name":"stage B2","duration":3.8,"nodes":[{"name":"cristales","defaults":{"p":[-45.1202,218.219,50.816],"r":[-7.62939e-06,1.27222e-14,-1.27222e-14],"s":[14.1414,281.709,281.709]},"keys":[{"t":0},{"t":0.1},{"t":0.2},{"t":0.3},{"t":0.4},{"t":0.5},{"t":0.6},{"t":0.7},{"t":0.8},{"t":0.9},{"t":1},{"t":1.1},{"t":1.2},{"t":1.3},{"t":1.4},{"t":1.5},{"t":1.6},{"t":1.7},{"t":1.8},{"t":1.9},{"t":2},{"t":2.1},{"t":2.2},{"t":2.3},{"t":2.4},{"t":2.5},{"t":2.6},{"t":2.7},{"t":2.8},{"t":2.9},{"t":3},{"t":3.1},{"t":3.2},{"t":3.3},{"t":3.4},{"t":3.5},{"t":3.6},{"t":3.7},{"t":3.8}]}]}}