{"frames": [

{
	"filename": "bg_troi_tuyet",
	"frame": {"x":1,"y":1,"w":1080,"h":1211},
	"rotated": false,
	"trimmed": false,
	"spriteSourceSize": {"x":0,"y":0,"w":1080,"h":1211},
	"sourceSize": {"w":1080,"h":1211}
},
{
	"filename": "day noi_binh_thuong",
	"frame": {"x":832,"y":1344,"w":367,"h":75},
	"rotated": false,
	"trimmed": false,
	"spriteSourceSize": {"x":0,"y":0,"w":367,"h":75},
	"sourceSize": {"w":367,"h":75}
},
{
	"filename": "diem_neo_khuc_go",
	"frame": {"x":659,"y":1315,"w":172,"h":89},
	"rotated": false,
	"trimmed": true,
	"spriteSourceSize": {"x":7,"y":7,"w":172,"h":89},
	"sourceSize": {"w":186,"h":103}
},
{
	"filename": "diem_neo_khuc_go_hot",
	"frame": {"x":659,"y":1213,"w":185,"h":101},
	"rotated": false,
	"trimmed": true,
	"spriteSourceSize": {"x":0,"y":1,"w":185,"h":101},
	"sourceSize": {"w":186,"h":103}
},
{
	"filename": "hop_Qua",
	"frame": {"x":343,"y":1213,"w":135,"h":209},
	"rotated": false,
	"trimmed": false,
	"spriteSourceSize": {"x":0,"y":0,"w":135,"h":209},
	"sourceSize": {"w":135,"h":209}
},
{
	"filename": "trap_luong_bang",
	"frame": {"x":1082,"y":1,"w":158,"h":1005},
	"rotated": false,
	"trimmed": false,
	"spriteSourceSize": {"x":0,"y":0,"w":158,"h":1005},
	"sourceSize": {"w":158,"h":1005}
},
{
	"filename": "trap_may_dong_bang",
	"frame": {"x":479,"y":1213,"w":179,"h":204},
	"rotated": false,
	"trimmed": false,
	"spriteSourceSize": {"x":0,"y":0,"w":179,"h":204},
	"sourceSize": {"w":179,"h":204}
},
{
	"filename": "tuan_loc_chay",
	"frame": {"x":1082,"y":1007,"w":351,"h":336},
	"rotated": false,
	"trimmed": false,
	"spriteSourceSize": {"x":0,"y":0,"w":351,"h":336},
	"sourceSize": {"w":351,"h":336}
},
{
	"filename": "xe_keo_truot_tuyet",
	"frame": {"x":1,"y":1213,"w":341,"h":226},
	"rotated": false,
	"trimmed": false,
	"spriteSourceSize": {"x":0,"y":0,"w":341,"h":226},
	"sourceSize": {"w":341,"h":226}
}],
"meta": {
	"app": "https://www.codeandweb.com/texturepacker",
	"version": "1.0",
	"image": "props.png",
	"format": "RGBA8888",
	"size": {"w":1434,"h":1440},
	"scale": "1",
	"smartupdate": "$TexturePacker:SmartUpdate:1626804ab8f94f14cf02a5b326aa8d2c:f223ef75fac0fcff0de100872ef9ddaa:f4c39b94f5b79b4c461da96ae5609d50$"
}
}
