{"frames": [

{
	"filename": "anh_sang",
	"frame": {"x":457,"y":547,"w":151,"h":151},
	"rotated": false,
	"trimmed": false,
	"spriteSourceSize": {"x":0,"y":0,"w":151,"h":151},
	"sourceSize": {"w":151,"h":151}
},
{
	"filename": "bg",
	"frame": {"x":402,"y":1,"w":54,"h":1184},
	"rotated": false,
	"trimmed": false,
	"spriteSourceSize": {"x":0,"y":0,"w":54,"h":1184},
	"sourceSize": {"w":54,"h":1184}
},
{
	"filename": "buc_tuong",
	"frame": {"x":1,"y":1,"w":400,"h":1618},
	"rotated": false,
	"trimmed": true,
	"spriteSourceSize": {"x":1,"y":0,"w":400,"h":1618},
	"sourceSize": {"w":401,"h":1618}
},
{
	"filename": "canh_quat",
	"frame": {"x":1,"y":1822,"w":374,"h":51},
	"rotated": false,
	"trimmed": false,
	"spriteSourceSize": {"x":0,"y":0,"w":374,"h":51},
	"sourceSize": {"w":374,"h":51}
},
{
	"filename": "chau_cay_canh_1",
	"frame": {"x":548,"y":1704,"w":84,"h":137},
	"rotated": false,
	"trimmed": true,
	"spriteSourceSize": {"x":7,"y":7,"w":84,"h":137},
	"sourceSize": {"w":98,"h":151}
},
{
	"filename": "chau_cay_canh_1_hot",
	"frame": {"x":546,"y":1552,"w":98,"h":151},
	"rotated": false,
	"trimmed": false,
	"spriteSourceSize": {"x":0,"y":0,"w":98,"h":151},
	"sourceSize": {"w":98,"h":151}
},
{
	"filename": "cua",
	"frame": {"x":457,"y":1,"w":232,"h":545},
	"rotated": false,
	"trimmed": false,
	"spriteSourceSize": {"x":0,"y":0,"w":232,"h":545},
	"sourceSize": {"w":232,"h":545}
},
{
	"filename": "danh_nhau",
	"frame": {"x":402,"y":1186,"w":273,"h":203},
	"rotated": false,
	"trimmed": false,
	"spriteSourceSize": {"x":0,"y":0,"w":273,"h":203},
	"sourceSize": {"w":273,"h":203}
},
{
	"filename": "de_quat",
	"frame": {"x":457,"y":847,"w":197,"h":92},
	"rotated": false,
	"trimmed": false,
	"spriteSourceSize": {"x":0,"y":0,"w":197,"h":92},
	"sourceSize": {"w":197,"h":92}
},
{
	"filename": "diem_neo_den_tuong",
	"frame": {"x":609,"y":547,"w":71,"h":131},
	"rotated": false,
	"trimmed": true,
	"spriteSourceSize": {"x":7,"y":7,"w":71,"h":131},
	"sourceSize": {"w":85,"h":145}
},
{
	"filename": "diem_neo_den_tuong_hot",
	"frame": {"x":580,"y":1390,"w":85,"h":145},
	"rotated": false,
	"trimmed": false,
	"spriteSourceSize": {"x":0,"y":0,"w":85,"h":145},
	"sourceSize": {"w":85,"h":145}
},
{
	"filename": "ke_chau_cay",
	"frame": {"x":376,"y":1822,"w":171,"h":25},
	"rotated": false,
	"trimmed": false,
	"spriteSourceSize": {"x":0,"y":0,"w":171,"h":25},
	"sourceSize": {"w":171,"h":25}
},
{
	"filename": "radio",
	"frame": {"x":457,"y":699,"w":163,"h":147},
	"rotated": false,
	"trimmed": true,
	"spriteSourceSize": {"x":7,"y":7,"w":163,"h":147},
	"sourceSize": {"w":177,"h":161}
},
{
	"filename": "radio_hot",
	"frame": {"x":402,"y":1390,"w":177,"h":161},
	"rotated": false,
	"trimmed": false,
	"spriteSourceSize": {"x":0,"y":0,"w":177,"h":161},
	"sourceSize": {"w":177,"h":161}
},
{
	"filename": "tham_yoga",
	"frame": {"x":1,"y":1620,"w":544,"h":201},
	"rotated": false,
	"trimmed": false,
	"spriteSourceSize": {"x":0,"y":0,"w":544,"h":201},
	"sourceSize": {"w":544,"h":201}
}],
"meta": {
	"app": "https://www.codeandweb.com/texturepacker",
	"version": "1.0",
	"image": "props.png",
	"format": "RGBA8888",
	"size": {"w":690,"h":1874},
	"scale": "1",
	"smartupdate": "$TexturePacker:SmartUpdate:636091e9f03b6338ebdde1f53be0ec15:500d16e1ddf52687f4b0527d7759040b:f4c39b94f5b79b4c461da96ae5609d50$"
}
}
