{"frames": [

{
	"filename": "bg",
	"frame": {"x":1743,"y":1,"w":64,"h":1207},
	"rotated": false,
	"trimmed": false,
	"spriteSourceSize": {"x":0,"y":0,"w":64,"h":1207},
	"sourceSize": {"w":64,"h":1207}
},
{
	"filename": "cho_cuoi",
	"frame": {"x":761,"y":969,"w":230,"h":218},
	"rotated": false,
	"trimmed": false,
	"spriteSourceSize": {"x":0,"y":0,"w":230,"h":218},
	"sourceSize": {"w":230,"h":218}
},
{
	"filename": "cho_lose",
	"frame": {"x":495,"y":969,"w":265,"h":218},
	"rotated": false,
	"trimmed": false,
	"spriteSourceSize": {"x":0,"y":0,"w":265,"h":218},
	"sourceSize": {"w":265,"h":218}
},
{
	"filename": "diem_neo_tru_nuoc",
	"frame": {"x":243,"y":969,"w":118,"h":230},
	"rotated": false,
	"trimmed": true,
	"spriteSourceSize": {"x":7,"y":7,"w":118,"h":230},
	"sourceSize": {"w":132,"h":244}
},
{
	"filename": "diem_neo_tru_nuoc_hot",
	"frame": {"x":362,"y":969,"w":132,"h":244},
	"rotated": false,
	"trimmed": false,
	"spriteSourceSize": {"x":0,"y":0,"w":132,"h":244},
	"sourceSize": {"w":132,"h":244}
},
{
	"filename": "hang_rao",
	"frame": {"x":992,"y":1187,"w":472,"h":203},
	"rotated": false,
	"trimmed": true,
	"spriteSourceSize": {"x":7,"y":7,"w":472,"h":203},
	"sourceSize": {"w":486,"h":217}
},
{
	"filename": "hang_rao_hot",
	"frame": {"x":992,"y":969,"w":486,"h":217},
	"rotated": false,
	"trimmed": false,
	"spriteSourceSize": {"x":0,"y":0,"w":486,"h":217},
	"sourceSize": {"w":486,"h":217}
},
{
	"filename": "mat_troi",
	"frame": {"x":1,"y":969,"w":241,"h":232},
	"rotated": false,
	"trimmed": false,
	"spriteSourceSize": {"x":0,"y":0,"w":241,"h":232},
	"sourceSize": {"w":241,"h":232}
},
{
	"filename": "mu_rom",
	"frame": {"x":1,"y":1209,"w":274,"h":98},
	"rotated": false,
	"trimmed": false,
	"spriteSourceSize": {"x":0,"y":0,"w":274,"h":98},
	"sourceSize": {"w":274,"h":98}
},
{
	"filename": "tia_nang",
	"frame": {"x":1,"y":1,"w":1741,"h":967},
	"rotated": false,
	"trimmed": false,
	"spriteSourceSize": {"x":0,"y":0,"w":1741,"h":967},
	"sourceSize": {"w":1741,"h":967}
}],
"meta": {
	"app": "https://www.codeandweb.com/texturepacker",
	"version": "1.0",
	"image": "props.png",
	"format": "RGBA8888",
	"size": {"w":1808,"h":1391},
	"scale": "1",
	"smartupdate": "$TexturePacker:SmartUpdate:af6008845b4e5cce2ade8a25c73d2165:a0aed636c2e13bbb5d18906f0efe070e:f4c39b94f5b79b4c461da96ae5609d50$"
}
}
