{"frames": [

{
	"filename": "38. Cho ngu",
	"frame": {"x":1439,"y":761,"w":227,"h":147},
	"rotated": false,
	"trimmed": false,
	"spriteSourceSize": {"x":0,"y":0,"w":227,"h":147},
	"sourceSize": {"w":227,"h":147}
},
{
	"filename": "40. Cho duoi can nhan vat chinh",
	"frame": {"x":697,"y":802,"w":456,"h":173},
	"rotated": false,
	"trimmed": false,
	"spriteSourceSize": {"x":0,"y":0,"w":456,"h":173},
	"sourceSize": {"w":456,"h":173}
},
{
	"filename": "bg",
	"frame": {"x":697,"y":1,"w":528,"h":800},
	"rotated": false,
	"trimmed": false,
	"spriteSourceSize": {"x":0,"y":0,"w":528,"h":800},
	"sourceSize": {"w":528,"h":800}
},
{
	"filename": "bui_cay_lv_14",
	"frame": {"x":1226,"y":1,"w":537,"h":351},
	"rotated": false,
	"trimmed": false,
	"spriteSourceSize": {"x":0,"y":0,"w":537,"h":351},
	"sourceSize": {"w":537,"h":351}
},
{
	"filename": "cay_tao",
	"frame": {"x":1,"y":1,"w":695,"h":837},
	"rotated": false,
	"trimmed": false,
	"spriteSourceSize": {"x":0,"y":0,"w":695,"h":837},
	"sourceSize": {"w":695,"h":837}
},
{
	"filename": "Chuong cho",
	"frame": {"x":1439,"y":353,"w":221,"h":213},
	"rotated": false,
	"trimmed": false,
	"spriteSourceSize": {"x":0,"y":0,"w":221,"h":213},
	"sourceSize": {"w":221,"h":213}
},
{
	"filename": "de_cot_den",
	"frame": {"x":1339,"y":353,"w":99,"h":513},
	"rotated": false,
	"trimmed": true,
	"spriteSourceSize": {"x":7,"y":7,"w":99,"h":513},
	"sourceSize": {"w":113,"h":527}
},
{
	"filename": "de_cot_den_hot",
	"frame": {"x":1226,"y":353,"w":112,"h":527},
	"rotated": false,
	"trimmed": true,
	"spriteSourceSize": {"x":1,"y":0,"w":112,"h":527},
	"sourceSize": {"w":113,"h":527}
},
{
	"filename": "poster_truy_na",
	"frame": {"x":1439,"y":567,"w":177,"h":193},
	"rotated": false,
	"trimmed": false,
	"spriteSourceSize": {"x":0,"y":0,"w":177,"h":193},
	"sourceSize": {"w":177,"h":193}
},
{
	"filename": "soi_xich_binh_thuong",
	"frame": {"x":77,"y":839,"w":105,"h":71},
	"rotated": false,
	"trimmed": false,
	"spriteSourceSize": {"x":0,"y":0,"w":105,"h":71},
	"sourceSize": {"w":105,"h":71}
},
{
	"filename": "soi_xich_sau_khi_dut",
	"frame": {"x":1,"y":839,"w":75,"h":129},
	"rotated": false,
	"trimmed": false,
	"spriteSourceSize": {"x":0,"y":0,"w":75,"h":129},
	"sourceSize": {"w":75,"h":129}
}],
"meta": {
	"app": "https://www.codeandweb.com/texturepacker",
	"version": "1.0",
	"image": "props.png",
	"format": "RGBA8888",
	"size": {"w":1764,"h":976},
	"scale": "1",
	"smartupdate": "$TexturePacker:SmartUpdate:95493292a1fe953eb06e12c233c89435:271cbd72b15a14f6f6a0e5458721e8af:f4c39b94f5b79b4c461da96ae5609d50$"
}
}
