{"frames": [

{
	"filename": "bep",
	"frame": {"x":62,"y":24,"w":491,"h":346},
	"rotated": false,
	"trimmed": false,
	"spriteSourceSize": {"x":0,"y":0,"w":491,"h":346},
	"sourceSize": {"w":491,"h":346}
},
{
	"filename": "bg",
	"frame": {"x":1,"y":24,"w":60,"h":1162},
	"rotated": false,
	"trimmed": false,
	"spriteSourceSize": {"x":0,"y":0,"w":60,"h":1162},
	"sourceSize": {"w":60,"h":1162}
},
{
	"filename": "binh_cuu_hoa",
	"frame": {"x":554,"y":182,"w":123,"h":170},
	"rotated": false,
	"trimmed": false,
	"spriteSourceSize": {"x":0,"y":0,"w":123,"h":170},
	"sourceSize": {"w":123,"h":170}
},
{
	"filename": "bot_trang",
	"frame": {"x":554,"y":58,"w":188,"h":123},
	"rotated": false,
	"trimmed": false,
	"spriteSourceSize": {"x":0,"y":0,"w":188,"h":123},
	"sourceSize": {"w":188,"h":123}
},
{
	"filename": "chao_ran_trung_chay",
	"frame": {"x":554,"y":24,"w":209,"h":33},
	"rotated": false,
	"trimmed": false,
	"spriteSourceSize": {"x":0,"y":0,"w":209,"h":33},
	"sourceSize": {"w":209,"h":33}
},
{
	"filename": "diem_neo_den",
	"frame": {"x":148,"y":896,"w":71,"h":168},
	"rotated": false,
	"trimmed": true,
	"spriteSourceSize": {"x":7,"y":7,"w":71,"h":168},
	"sourceSize": {"w":85,"h":182}
},
{
	"filename": "diem_neo_den_hot",
	"frame": {"x":62,"y":896,"w":85,"h":182},
	"rotated": false,
	"trimmed": false,
	"spriteSourceSize": {"x":0,"y":0,"w":85,"h":182},
	"sourceSize": {"w":85,"h":182}
},
{
	"filename": "khoi",
	"frame": {"x":220,"y":896,"w":76,"h":129},
	"rotated": false,
	"trimmed": false,
	"spriteSourceSize": {"x":0,"y":0,"w":76,"h":129},
	"sourceSize": {"w":76,"h":129}
},
{
	"filename": "lua_to",
	"frame": {"x":554,"y":353,"w":88,"h":122},
	"rotated": false,
	"trimmed": false,
	"spriteSourceSize": {"x":0,"y":0,"w":88,"h":122},
	"sourceSize": {"w":88,"h":122}
},
{
	"filename": "trap_laze",
	"frame": {"x":733,"y":758,"w":52,"h":83},
	"rotated": false,
	"trimmed": false,
	"spriteSourceSize": {"x":0,"y":0,"w":52,"h":83},
	"sourceSize": {"w":52,"h":83}
},
{
	"filename": "trap_tia_laze",
	"frame": {"x":1,"y":1,"w":787,"h":22},
	"rotated": false,
	"trimmed": false,
	"spriteSourceSize": {"x":0,"y":0,"w":787,"h":22},
	"sourceSize": {"w":787,"h":22}
},
{
	"filename": "tuong",
	"frame": {"x":743,"y":58,"w":40,"h":699},
	"rotated": false,
	"trimmed": true,
	"spriteSourceSize": {"x":7,"y":7,"w":40,"h":699},
	"sourceSize": {"w":54,"h":713}
},
{
	"filename": "tuong_hot",
	"frame": {"x":678,"y":182,"w":54,"h":713},
	"rotated": false,
	"trimmed": false,
	"spriteSourceSize": {"x":0,"y":0,"w":54,"h":713},
	"sourceSize": {"w":54,"h":713}
}],
"meta": {
	"app": "https://www.codeandweb.com/texturepacker",
	"version": "1.0",
	"image": "props.png",
	"format": "RGBA8888",
	"size": {"w":789,"h":1187},
	"scale": "1",
	"smartupdate": "$TexturePacker:SmartUpdate:639bebcfb8e092db3ecdaf3c5caaa177:9b13c437caed90b646266cc4ec250b33:f4c39b94f5b79b4c461da96ae5609d50$"
}
}
