{
"skeleton": { "hash": "sS2j2FOK/oU", "spine": "4.1.24", "x": -565.77, "y": -386.28, "width": 1105, "height": 1202 },
"bones": [
	{ "name": "root" },
	{ "name": "move", "parent": "root" },
	{ "name": "main", "parent": "move", "y": 256.6 },
	{ "name": "hip", "parent": "main" },
	{ "name": "body", "parent": "hip", "length": 26.97, "rotation": 90 },
	{ "name": "body2", "parent": "body", "length": 26.97, "x": 26.97 },
	{ "name": "body3", "parent": "body2", "length": 26.97, "x": 26.97 },
	{ "name": "body4", "parent": "body3", "length": 26.97, "x": 26.97 },
	{ "name": "body5", "parent": "body4", "length": 26.97, "x": 26.97 },
	{ "name": "body6", "parent": "body5", "length": 26.97, "x": 26.97 },
	{ "name": "body7", "parent": "body6", "length": 26.97, "x": 26.97 },
	{ "name": "body8", "parent": "body7", "length": 26.97, "x": 26.97 },
	{ "name": "head", "parent": "body8", "length": 135.67, "x": 14.75 },
	{ "name": "eye_1", "parent": "head", "x": 87.53, "y": 30.96 },
	{ "name": "emoji", "parent": "head", "rotation": -90, "x": 50.24 },
	{ "name": "shouder_1", "parent": "body7", "length": 100.06, "rotation": -90, "x": 15.39, "y": 0.02 },
	{ "name": "arm_1", "parent": "shouder_1", "length": 100.06, "x": 94.79 },
	{ "name": "shouder_2", "parent": "body7", "length": 100.06, "rotation": 90, "x": 15.39, "y": 0.02 },
	{ "name": "arm_2", "parent": "shouder_2", "length": 100.06, "x": 94.79 },
	{ "name": "thigh_1", "parent": "main", "length": 134.15, "rotation": -90, "x": -0.54, "y": 4.23 },
	{ "name": "leg_1", "parent": "thigh_1", "length": 134.15, "x": 128.14 },
	{ "name": "thigh_2", "parent": "main", "length": 134.15, "rotation": -90, "x": -0.1, "y": 4.23 },
	{ "name": "leg_2", "parent": "thigh_2", "length": 134.15, "x": 128.14 },
	{ "name": "foot_2", "parent": "move", "x": 0.16, "y": -1.16 },
	{ "name": "foot_3", "parent": "move", "x": 0.1, "y": -1.12 },
	{ "name": "eye_2", "parent": "head", "x": 87.53, "y": -25.11 },
	{ "name": "toc", "parent": "head", "length": 61.74, "rotation": 180, "x": 68.49, "y": -7.87 },
	{ "name": "feelling_1", "parent": "root" },
	{ "name": "tist_1", "parent": "body6", "x": 39.52, "y": 12.99 },
	{ "name": "tist_2", "parent": "body6", "x": 39.52, "y": -12.02 },
	{ "name": "feelling_2", "parent": "root" },
	{ "name": "feelling_3", "parent": "root", "x": 0.94, "y": 0.94 },
	{ "name": "item", "parent": "root" }
],
"slots": [
	{ "name": "bg_gane_play", "bone": "root", "color": "ffffff2e" },
	{ "name": "item", "bone": "item" },
	{ "name": "toc", "bone": "toc", "attachment": "Emoji/Toc sau" },
	{ "name": "body", "bone": "hip", "color": "000000ff", "attachment": "body" },
	{ "name": "shoulder", "bone": "shouder_1", "color": "000000ff", "attachment": "shoulder" },
	{ "name": "shoulder3", "bone": "shouder_2", "color": "000000ff", "attachment": "shoulder" },
	{ "name": "shoulder2", "bone": "arm_1", "color": "000000ff", "attachment": "shoulder" },
	{ "name": "shoulder4", "bone": "arm_2", "color": "000000ff", "attachment": "shoulder" },
	{ "name": "thigh", "bone": "thigh_1", "color": "000000ff", "attachment": "thigh" },
	{ "name": "thigh3", "bone": "thigh_2", "color": "000000ff", "attachment": "thigh" },
	{ "name": "thigh2", "bone": "leg_1", "color": "000000ff", "attachment": "thigh" },
	{ "name": "thigh4", "bone": "leg_2", "color": "000000ff", "attachment": "thigh" },
	{ "name": "dot", "bone": "main" },
	{ "name": "eye_1", "bone": "eye_1", "color": "000000ff" },
	{ "name": "eye_2", "bone": "eye_2", "color": "000000ff" },
	{ "name": "vay_1", "bone": "hip", "color": "000000ff", "attachment": "vay_1" },
	{ "name": "nguc", "bone": "tist_1", "color": "000000ff", "attachment": "nguc" },
	{ "name": "nguc2", "bone": "tist_2", "color": "000000ff", "attachment": "nguc" },
	{ "name": "head", "bone": "head", "attachment": "Emoji/Dau chinh dien" },
	{ "name": "emoji", "bone": "emoji" },
	{ "name": "feelling_1", "bone": "feelling_1" },
	{ "name": "feelling_2", "bone": "feelling_2" },
	{ "name": "feelling_3", "bone": "feelling_3" }
],
"ik": [
	{
		"name": "foot_1",
		"bones": [ "thigh_1", "leg_1" ],
		"target": "foot_2",
		"mix": 0,
		"stretch": true
	},
	{
		"name": "foot_2",
		"order": 1,
		"bones": [ "thigh_2", "leg_2" ],
		"target": "foot_3",
		"mix": 0,
		"stretch": true
	}
],
"skins": [
	{
		"name": "default",
		"attachments": {
			"body": {
				"body": {
					"type": "mesh",
					"uvs": [ 1, 1, 0, 1, 0, 0.875, 0, 0.75, 0, 0.625, 0, 0.5, 0, 0.375, 0, 0.25, 0, 0.125, 0, 0, 1, 0, 1, 0.125, 1, 0.25, 1, 0.375, 1, 0.5, 1, 0.625, 1, 0.75, 1, 0.875 ],
					"triangles": [ 8, 9, 10, 11, 8, 10, 7, 8, 11, 12, 7, 11, 6, 7, 12, 13, 6, 12, 5, 6, 13, 14, 5, 13, 4, 5, 14, 15, 4, 14, 3, 4, 15, 16, 3, 15, 2, 3, 16, 17, 2, 16, 1, 2, 17, 0, 1, 17 ],
					"vertices": [ 1, 4, -1.7, -5.5, 1, 1, 4, -1.7, 5.5, 1, 2, 4, 25.68, 5.5, 0.70301, 5, -1.29, 5.5, 0.29699, 2, 5, 26.08, 5.5, 0.65569, 6, -0.88, 5.5, 0.34431, 2, 6, 26.49, 5.5, 0.55905, 7, -0.48, 5.5, 0.44095, 2, 7, 26.9, 5.5, 0.51367, 8, -0.07, 5.5, 0.48633, 2, 8, 27.3, 5.5, 0.41705, 9, 0.33, 5.5, 0.58295, 2, 9, 27.71, 5.5, 0.38565, 10, 0.74, 5.5, 0.61435, 2, 10, 28.11, 5.5, 0.36868, 11, 1.14, 5.5, 0.63132, 1, 11, 28.52, 5.5, 1, 1, 11, 28.52, -5.5, 1, 2, 10, 28.11, -5.5, 0.3064, 11, 1.14, -5.5, 0.6936, 2, 9, 27.71, -5.5, 0.40945, 10, 0.74, -5.5, 0.59055, 2, 8, 27.3, -5.5, 0.44404, 9, 0.33, -5.5, 0.55596, 2, 7, 26.9, -5.5, 0.52991, 8, -0.07, -5.5, 0.47009, 2, 6, 26.49, -5.5, 0.58474, 7, -0.48, -5.5, 0.41526, 2, 5, 26.08, -5.5, 0.62061, 6, -0.88, -5.5, 0.37939, 2, 4, 25.68, -5.5, 0.65664, 5, -1.29, -5.5, 0.34336 ],
					"hull": 18
				}
			},
			"emoji": {
				"Emoji/emo_vo_00": { "x": 0.5, "width": 103, "height": 136 },
				"Emoji/emo_vo_4": { "x": 0.5, "width": 97, "height": 70 }
			},
			"eye_1": {
				"dau": { "x": 5.68, "y": -0.12, "rotation": -73.57, "width": 40, "height": 43 },
				"khoi": { "width": 153, "height": 107 }
			},
			"eye_2": {
				"khoi": { "width": 153, "height": 107 }
			},
			"feelling_1": {
				"hoi_cham": { "width": 30, "height": 52 }
			},
			"feelling_2": {
				"cauco": { "y": 0.5, "width": 50, "height": 45 },
				"hoi_cham": { "width": 30, "height": 52 }
			},
			"feelling_3": {
				"cauco": { "y": 0.5, "width": 50, "height": 45 }
			},
			"head": {
				"Emoji/Dau chinh dien": { "x": 68.22, "rotation": -90, "width": 139, "height": 140 },
				"Emoji/dau_sau": { "x": 68.61, "y": 0.14, "rotation": -88.81, "width": 139, "height": 139 }
			},
			"item": {
				"gay": { "y": 75.48, "scaleX": 0.7149, "scaleY": 0.7149, "width": 48, "height": 221 }
			},
			"nguc": {
				"nguc": { "width": 35, "height": 35 }
			},
			"nguc2": {
				"nguc": { "width": 35, "height": 35 }
			},
			"shoulder": {
				"shoulder": { "x": 49.22, "rotation": -90, "width": 15, "height": 105 }
			},
			"shoulder2": {
				"shoulder": { "x": 49.22, "rotation": -90, "width": 15, "height": 105 }
			},
			"shoulder3": {
				"shoulder": { "x": 49.22, "rotation": -90, "width": 15, "height": 105 }
			},
			"shoulder4": {
				"shoulder": { "x": 50.57, "rotation": -90, "width": 15, "height": 105 }
			},
			"thigh": {
				"thigh": { "x": 66.01, "rotation": -90, "width": 14, "height": 137 }
			},
			"thigh2": {
				"thigh": { "x": 66.01, "rotation": -90, "width": 14, "height": 137 }
			},
			"thigh3": {
				"thigh": { "x": 66.01, "rotation": -90, "width": 14, "height": 137 }
			},
			"thigh4": {
				"thigh": { "x": 66.01, "rotation": -90, "width": 14, "height": 137 }
			},
			"toc": {
				"Emoji/Toc sau": { "x": 127.23, "y": -13.01, "rotation": 90, "width": 162, "height": 267 },
				"Emoji/Toc sau 1-2": { "x": 125.16, "y": -9.21, "rotation": 90, "width": 121, "height": 264 }
			},
			"vay_1": {
				"vay_1": {
					"type": "mesh",
					"uvs": [ 1, 1, 0.85714, 1, 0.71429, 1, 0.57143, 1, 0.42857, 1, 0.28571, 1, 0.14286, 1, 0, 1, 0, 0.92308, 0, 0.84615, 0, 0.76923, 0, 0.69231, 0, 0.61538, 0, 0.53846, 0, 0.46154, 0, 0.38462, 0, 0.30769, 0, 0.23077, 0, 0.15385, 0, 0.07692, 0, 0, 1, 0, 1, 0.07692, 1, 0.15385, 1, 0.23077, 1, 0.30769, 1, 0.38462, 1, 0.46154, 1, 0.53846, 1, 0.61538, 1, 0.69231, 1, 0.76923, 1, 0.84615, 1, 0.92308 ],
					"triangles": [ 20, 21, 22, 19, 20, 22, 19, 22, 23, 18, 19, 23, 18, 23, 24, 17, 18, 24, 17, 24, 25, 16, 17, 25, 16, 25, 26, 15, 16, 26, 15, 26, 27, 14, 15, 27, 28, 13, 14, 28, 14, 27, 12, 13, 28, 12, 28, 29, 11, 12, 29, 11, 29, 30, 10, 11, 30, 10, 30, 31, 6, 9, 10, 31, 6, 10, 6, 8, 9, 6, 31, 5, 6, 7, 8, 5, 31, 32, 32, 4, 5, 32, 3, 4, 32, 2, 3, 32, 1, 2, 33, 1, 32, 1, 33, 0 ],
					"vertices": [ 1, 4, -21.08, -62.79, 1, 2, 4, -21.08, -45.17, 0.99735, 5, -48.05, -45.17, 0.00265, 2, 4, -21.08, -27.56, 0.9993, 5, -48.05, -27.56, 7.0E-4, 1, 4, -21.08, -9.95, 1, 1, 4, -21.08, 7.67, 1, 1, 4, -21.08, 25.28, 1, 2, 4, -21.08, 42.9, 0.99887, 5, -48.05, 42.9, 0.00113, 1, 4, -21.08, 61.19, 1, 2, 4, -6.05, 53.76, 0.98523, 5, -33.02, 53.76, 0.01477, 3, 4, 8.97, 46.88, 0.9046, 5, -18, 46.88, 0.09495, 6, -44.97, 46.88, 4.5E-4, 3, 4, 24, 40.4, 0.68693, 5, -2.97, 40.4, 0.29199, 6, -29.94, 40.4, 0.02108, 3, 4, 39.02, 34.19, 0.32201, 5, 12.05, 34.19, 0.54104, 6, -14.92, 34.19, 0.13695, 4, 4, 54.04, 28.38, 0.06001, 5, 27.07, 28.38, 0.4602, 6, 0.1, 28.38, 0.47958, 7, -26.86, 28.38, 2.0E-4, 4, 4, 69.07, 23.12, 9.4E-4, 5, 42.1, 23.12, 0.109, 6, 15.13, 23.12, 0.81682, 7, -11.84, 23.12, 0.07324, 3, 5, 57.12, 18.66, 0.00107, 6, 30.15, 18.66, 0.46911, 7, 3.18, 18.66, 0.52982, 3, 6, 45.18, 14.75, 0.0306, 7, 18.21, 14.75, 0.88199, 8, -8.76, 14.75, 0.08741, 2, 7, 33.23, 11.51, 0.13849, 8, 6.26, 11.51, 0.86151, 2, 8, 21.29, 9.48, 0.9085, 9, -5.68, 9.48, 0.0915, 2, 8, 36.31, 7.59, 0.00992, 9, 9.34, 7.59, 0.99008, 2, 9, 24.37, 6.51, 0.78587, 10, -2.6, 6.51, 0.21413, 1, 10, 9.22, 6.15, 1, 1, 10, 9.22, -7.5, 1, 2, 9, 24.37, -7.84, 0.7617, 10, -2.6, -7.84, 0.2383, 2, 8, 36.31, -9.54, 0.03137, 9, 9.34, -9.54, 0.96863, 2, 8, 21.29, -11.32, 0.86242, 9, -5.68, -11.32, 0.13758, 2, 7, 33.23, -13.41, 0.18366, 8, 6.26, -13.41, 0.81634, 3, 6, 45.18, -16.35, 0.02897, 7, 18.21, -16.35, 0.86901, 8, -8.76, -16.35, 0.10202, 3, 5, 57.01, -20.61, 0.0037, 6, 30.04, -20.61, 0.46458, 7, 3.07, -20.61, 0.53172, 4, 4, 69.07, -24.83, 0.00258, 5, 42.1, -24.83, 0.12632, 6, 15.13, -24.83, 0.79349, 7, -11.84, -24.83, 0.07761, 4, 4, 54.04, -30.11, 0.07218, 5, 27.07, -30.11, 0.46164, 6, 0.1, -30.11, 0.46583, 7, -26.86, -30.11, 3.5E-4, 3, 4, 39.02, -36.13, 0.33548, 5, 12.05, -36.13, 0.52335, 6, -14.92, -36.13, 0.14117, 3, 4, 24, -42.36, 0.68121, 5, -2.97, -42.36, 0.29411, 6, -29.94, -42.36, 0.02468, 3, 4, 8.97, -48.91, 0.89593, 5, -18, -48.91, 0.10315, 6, -44.97, -48.91, 9.2E-4, 2, 4, -6.05, -55.59, 0.98131, 5, -33.02, -55.59, 0.01869 ],
					"hull": 34
				}
			}
		}
	}
],
"animations": {
	"t_273_1_be": {
		"slots": {
			"body": {
				"attachment": [
					{}
				]
			},
			"emoji": {
				"attachment": [
					{ "name": "Emoji/emo_vo_00" }
				]
			},
			"eye_1": {
				"rgba": [
					{ "color": "ff7373ff" }
				],
				"attachment": [
					{ "name": "khoi" }
				]
			},
			"eye_2": {
				"rgba": [
					{ "color": "ff7373ff" }
				],
				"attachment": [
					{ "name": "khoi" }
				]
			},
			"feelling_1": {
				"attachment": [
					{ "name": "hoi_cham" }
				]
			},
			"feelling_2": {
				"attachment": [
					{ "name": "hoi_cham" }
				]
			},
			"head": {
				"attachment": [
					{ "name": "Emoji/Dau chinh dien" }
				]
			},
			"item": {
				"attachment": [
					{ "name": "gay" }
				]
			},
			"shoulder": {
				"attachment": [
					{ "name": "shoulder" }
				]
			},
			"shoulder2": {
				"attachment": [
					{ "name": "shoulder" }
				]
			},
			"shoulder3": {
				"attachment": [
					{ "name": "shoulder" }
				]
			},
			"shoulder4": {
				"attachment": [
					{ "name": "shoulder" }
				]
			},
			"toc": {
				"attachment": [
					{ "name": "Emoji/Toc sau" }
				]
			}
		},
		"bones": {
			"root": {
				"rotate": [
					{}
				],
				"translate": [
					{}
				],
				"scale": [
					{}
				]
			},
			"main": {
				"rotate": [
					{ "value": -5.7 }
				],
				"translate": [
					{ "x": 37.86, "y": -49.66 }
				],
				"scale": [
					{}
				]
			},
			"hip": {
				"rotate": [
					{}
				],
				"translate": [
					{}
				],
				"scale": [
					{}
				]
			},
			"body": {
				"rotate": [
					{ "value": 9.41 }
				],
				"translate": [
					{ "x": -26.5, "y": 0.62 }
				],
				"scale": [
					{}
				]
			},
			"body2": {
				"rotate": [
					{ "value": 0.69 }
				],
				"translate": [
					{}
				],
				"scale": [
					{}
				]
			},
			"body3": {
				"rotate": [
					{ "value": 0.69 }
				],
				"translate": [
					{}
				],
				"scale": [
					{}
				]
			},
			"body4": {
				"rotate": [
					{ "value": 5.6 }
				],
				"translate": [
					{}
				],
				"scale": [
					{}
				]
			},
			"body5": {
				"rotate": [
					{ "value": 5.6 }
				],
				"translate": [
					{}
				],
				"scale": [
					{}
				]
			},
			"body6": {
				"rotate": [
					{ "value": -3.12 }
				],
				"translate": [
					{}
				],
				"scale": [
					{}
				]
			},
			"body7": {
				"rotate": [
					{ "value": -3.12 }
				],
				"translate": [
					{}
				],
				"scale": [
					{}
				]
			},
			"body8": {
				"rotate": [
					{ "value": -8.03 }
				],
				"translate": [
					{}
				],
				"scale": [
					{}
				]
			},
			"head": {
				"rotate": [
					{ "value": 174.45 }
				],
				"translate": [
					{ "x": -17.88, "y": 5.59 }
				],
				"scale": [
					{ "x": -1 }
				]
			},
			"eye_1": {
				"rotate": [
					{ "value": -128.41 }
				],
				"translate": [
					{ "x": 53.56, "y": 62.74 }
				],
				"scale": [
					{ "x": 0.833, "y": 0.833 }
				]
			},
			"emoji": {
				"rotate": [
					{ "value": -2.63 }
				],
				"translate": [
					{ "x": 25.84, "y": -15.31 }
				],
				"scale": [
					{ "x": -1 }
				]
			},
			"shouder_1": {
				"rotate": [
					{ "value": -51.74 }
				],
				"translate": [
					{ "x": -0.62, "y": -1.73 }
				],
				"scale": [
					{}
				]
			},
			"arm_1": {
				"rotate": [
					{ "value": -36.83 }
				],
				"translate": [
					{}
				],
				"scale": [
					{}
				]
			},
			"shouder_2": {
				"rotate": [
					{ "value": 57.84 }
				],
				"translate": [
					{ "x": -1.28, "y": 6.43 }
				],
				"scale": [
					{}
				]
			},
			"arm_2": {
				"rotate": [
					{ "value": -45.5 }
				],
				"translate": [
					{}
				],
				"scale": [
					{}
				]
			},
			"thigh_1": {
				"rotate": [
					{ "value": -53.69 }
				],
				"translate": [
					{ "x": -30.23, "y": 33.03 }
				],
				"scale": [
					{}
				]
			},
			"leg_1": {
				"rotate": [
					{ "value": 48.93 }
				],
				"scale": [
					{}
				]
			},
			"thigh_2": {
				"rotate": [
					{ "value": -16.38 }
				],
				"translate": [
					{ "x": -32.79, "y": 31.46 }
				],
				"scale": [
					{}
				]
			},
			"leg_2": {
				"rotate": [
					{ "value": 67.98 }
				],
				"translate": [
					{}
				],
				"scale": [
					{}
				]
			},
			"foot_2": {
				"rotate": [
					{}
				],
				"translate": [
					{ "x": 59.83 }
				],
				"scale": [
					{}
				]
			},
			"foot_3": {
				"rotate": [
					{}
				],
				"translate": [
					{ "x": -50.92 }
				],
				"scale": [
					{}
				]
			},
			"eye_2": {
				"rotate": [
					{ "value": 144.34 }
				],
				"translate": [
					{ "x": 64.97, "y": -35.63 }
				],
				"scale": [
					{ "x": 0.639, "y": 0.639 }
				]
			},
			"toc": {
				"rotate": [
					{ "value": -35.24 }
				],
				"translate": [
					{ "x": 78.97, "y": 14.79 }
				],
				"scale": [
					{}
				]
			},
			"tist_1": {
				"translate": [
					{ "x": -22.09, "y": -7.91 }
				]
			},
			"tist_2": {
				"translate": [
					{ "x": -15.86, "y": 32.52 }
				]
			},
			"move": {
				"scale": [
					{ "x": -1 }
				]
			},
			"item": {
				"rotate": [
					{ "value": -112.56 }
				],
				"translate": [
					{ "x": -100.71, "y": 244.37 }
				],
				"scale": [
					{ "x": 1.305, "y": 1.619 }
				]
			},
			"feelling_1": {
				"translate": [
					{ "x": 150.81, "y": 469.2 }
				],
				"scale": [
					{ "x": 0.896, "y": 0.896 }
				]
			},
			"feelling_2": {
				"translate": [
					{ "x": -83.78, "y": 413.77 }
				],
				"scale": [
					{ "x": 0.828, "y": 0.828 }
				]
			}
		},
		"ik": {
			"foot_1": [
				{ "stretch": true }
			],
			"foot_2": [
				{ "stretch": true }
			]
		},
		"attachments": {
			"default": {
				"vay_1": {
					"vay_1": {
						"deform": [
							{
								"vertices": [ 26.99763, 40.60343, 16.32037, 22.81566, 17.3232, 21.78508, 16.4915, 17.66355, 16.69814, 17.1425, 15.87506, 18.52562, 16.50928, 13.41456, 16.68687, 7.06154, 16.80087, -10.88402, 15.4966, -11.74582, 16.34048, -16.18748, 9.97375, -13.77733, 8.90445, -13.96855, 7.49651, -12.4614, 6.48216, -12.48262, 5.47237, -12.46196, 4.34763, -8.81222, 3.47946, -8.70627, 2.61818, -8.56472, 6.06039, -3.92237, 5.3927, -3.88533, 4.72795, -3.821, 5.63039, 2.07536, 5.1927, 2.07823, 4.75595, 2.09902, 4.32053, 2.13722, 9.75034, 7.81154, 9.56305, 7.62626, 9.36887, 7.4488, 9.16776, 7.27922, 7.75693, 11.18754, 7.72264, 11.01468, 7.68155, 10.84315, 8.04626, 13.16017, 8.17374, 13.0353, 8.29578, 12.90551, 8.18979, 13.31846, 8.33069, 13.0668, 5.84799, 11.13132, 5.40448, 11.57288, 3.84961, 9.18296, 3.4577, 9.59166, 14.54572, 3.81709, 14.3378, 5.4072, 16.51721, -1.70836, 15.40128, -0.08934, 9.90671, 3.00386, 9.45685, 4.32819, 11.41287, 6.41422, 11.02719, 7.80427, 13.67459, 10.40713, 13.2525, 12.14136, 9.35049, 17.88649, 9.56537, 17.17369, 7.69656, 21.99769, 8.00684, 21.61212, 8.30249, 21.21446, 11.86418, 25.78435, 12.26346, 25.42304, 12.64804, 25.04573, 8.97835, 24.37082, 9.34773, 24.20567, 9.71051, 24.02591, 10.06583, 23.8314, 10.93837, 23.48004, 11.44366, 22.89229, 11.92548, 22.28493, 12.38217, 21.65827, 15.07886, 22.78506, 15.6154, 21.93856, 16.11783, 21.07138, 15.80771, 23.88238, 16.42787, 22.91213, 17.00812, 21.91778, 17.15895, 27.95055, 17.9059, 27.09563, 18.61716, 26.21137, 21.19633, 33.30588, 22.19514, 32.33585 ]
							}
						]
					}
				}
			}
		},
		"drawOrder": [
			{
				"offsets": [
					{ "slot": "item", "offset": 19 },
					{ "slot": "shoulder2", "offset": 15 }
				]
			}
		]
	},
	"t_273_1_lose": {
		"slots": {
			"body": {
				"attachment": [
					{}
				]
			},
			"emoji": {
				"attachment": [
					{}
				]
			},
			"eye_1": {
				"rgba": [
					{ "color": "ff7373ff" }
				],
				"attachment": [
					{ "name": "khoi" }
				]
			},
			"eye_2": {
				"rgba": [
					{ "color": "ff7373ff" }
				],
				"attachment": [
					{ "name": "khoi" }
				]
			},
			"feelling_1": {
				"attachment": [
					{}
				]
			},
			"feelling_2": {
				"attachment": [
					{ "name": "cauco" }
				]
			},
			"head": {
				"attachment": [
					{ "name": "Emoji/dau_sau" }
				]
			},
			"item": {
				"attachment": [
					{ "name": "gay" }
				]
			},
			"shoulder": {
				"attachment": [
					{ "name": "shoulder" }
				]
			},
			"shoulder2": {
				"attachment": [
					{ "name": "shoulder" }
				]
			},
			"shoulder3": {
				"attachment": [
					{ "name": "shoulder" }
				]
			},
			"shoulder4": {
				"attachment": [
					{ "name": "shoulder" }
				]
			},
			"toc": {
				"attachment": [
					{ "name": "Emoji/Toc sau 1-2" }
				]
			},
			"vay_1": {
				"attachment": [
					{ "name": "vay_1" }
				]
			}
		},
		"bones": {
			"root": {
				"rotate": [
					{}
				],
				"translate": [
					{}
				],
				"scale": [
					{}
				]
			},
			"main": {
				"rotate": [
					{ "value": 14.31 }
				],
				"translate": [
					{ "x": 47.71, "y": -15.88 }
				],
				"scale": [
					{}
				]
			},
			"hip": {
				"rotate": [
					{}
				],
				"translate": [
					{}
				],
				"scale": [
					{}
				]
			},
			"body": {
				"rotate": [
					{ "value": 3.14 }
				],
				"translate": [
					{ "x": -12.68, "y": -5.94 }
				],
				"scale": [
					{}
				]
			},
			"body2": {
				"rotate": [
					{ "value": -0.38 }
				],
				"translate": [
					{}
				],
				"scale": [
					{}
				]
			},
			"body3": {
				"rotate": [
					{ "value": -0.38 }
				],
				"translate": [
					{}
				],
				"scale": [
					{}
				]
			},
			"body4": {
				"rotate": [
					{ "value": -0.38 }
				],
				"translate": [
					{}
				],
				"scale": [
					{}
				]
			},
			"body5": {
				"rotate": [
					{ "value": -0.38 }
				],
				"translate": [
					{}
				],
				"scale": [
					{}
				]
			},
			"body6": {
				"rotate": [
					{ "value": -0.38 }
				],
				"translate": [
					{}
				],
				"scale": [
					{}
				]
			},
			"body7": {
				"rotate": [
					{ "value": 3.14 }
				],
				"translate": [
					{}
				],
				"scale": [
					{}
				]
			},
			"body8": {
				"rotate": [
					{ "value": 3.14 }
				],
				"translate": [
					{}
				],
				"scale": [
					{}
				]
			},
			"head": {
				"rotate": [
					{ "value": 162.6 }
				],
				"translate": [
					{ "x": -31.3, "y": 5.02 }
				],
				"scale": [
					{ "x": -1 }
				]
			},
			"eye_1": {
				"rotate": [
					{ "value": 146.21 }
				],
				"translate": [
					{ "x": 74.75, "y": -90.71 }
				],
				"scale": [
					{ "x": 0.833, "y": 0.833 }
				]
			},
			"emoji": {
				"rotate": [
					{ "value": 1.45 }
				],
				"translate": [
					{ "x": -3.92, "y": -14.13 }
				],
				"scale": [
					{}
				]
			},
			"shouder_1": {
				"rotate": [
					{ "value": 142.14 }
				],
				"translate": [
					{ "x": 0.05, "y": 9.46 }
				],
				"scale": [
					{}
				]
			},
			"arm_1": {
				"rotate": [
					{ "value": -46.84 }
				],
				"translate": [
					{}
				],
				"scale": [
					{}
				]
			},
			"shouder_2": {
				"rotate": [
					{ "value": 168.12 }
				],
				"translate": [
					{ "x": -7.99, "y": 7.32 }
				],
				"scale": [
					{}
				]
			},
			"arm_2": {
				"rotate": [
					{ "value": 50.6 }
				],
				"translate": [
					{}
				],
				"scale": [
					{}
				]
			},
			"thigh_1": {
				"rotate": [
					{ "value": -7.53 }
				],
				"translate": [
					{ "x": -40.41, "y": 32.84 }
				],
				"scale": [
					{}
				]
			},
			"leg_1": {
				"rotate": [
					{ "value": 5.19 }
				],
				"scale": [
					{}
				]
			},
			"thigh_2": {
				"rotate": [
					{ "value": -9.2 }
				],
				"translate": [
					{ "x": -60, "y": 21.31 }
				],
				"scale": [
					{}
				]
			},
			"leg_2": {
				"rotate": [
					{ "value": 6.58 }
				],
				"scale": [
					{}
				]
			},
			"foot_2": {
				"rotate": [
					{}
				],
				"translate": [
					{ "x": 44.28, "y": 76.4 }
				],
				"scale": [
					{}
				]
			},
			"foot_3": {
				"rotate": [
					{}
				],
				"translate": [
					{ "x": -12.43, "y": 0.93 }
				],
				"scale": [
					{}
				]
			},
			"eye_2": {
				"rotate": [
					{ "value": -139.91 }
				],
				"translate": [
					{ "x": 72.67, "y": 87.87 }
				],
				"scale": [
					{ "x": 0.639, "y": 0.639 }
				]
			},
			"toc": {
				"rotate": [
					{ "value": 1.23 }
				],
				"translate": [
					{ "x": 49.85, "y": 33.44 }
				],
				"scale": [
					{}
				]
			},
			"tist_1": {
				"translate": [
					{ "x": -17.32, "y": 12.15 }
				]
			},
			"tist_2": {
				"translate": [
					{ "x": -22.33, "y": 17.89 }
				]
			},
			"move": {
				"scale": [
					{ "x": -1 }
				]
			},
			"feelling_1": {
				"rotate": [
					{ "value": -33.71 }
				],
				"translate": [
					{ "x": 107.75, "y": 459.53 }
				]
			},
			"feelling_2": {
				"rotate": [
					{ "value": -52.09 }
				],
				"translate": [
					{ "x": -71.23, "y": 497.41 }
				],
				"scale": [
					{ "x": 0.859, "y": 0.859 }
				]
			},
			"item": {
				"rotate": [
					{ "value": -17.15 }
				],
				"translate": [
					{ "x": 135.59, "y": 476.5 }
				],
				"scale": [
					{ "x": 1.698, "y": 1.429 }
				]
			}
		},
		"ik": {
			"foot_1": [
				{ "bendPositive": false, "stretch": true }
			],
			"foot_2": [
				{ "stretch": true }
			]
		},
		"attachments": {
			"default": {
				"vay_1": {
					"vay_1": {
						"deform": [
							{
								"vertices": [ 3.881, 31.49361, 3.50487, 36.83451, 2.21884, 36.92205, 10.26585, 40.82789, 9.25095, 40.9284, 12.94981, 44.76094, 18.12857, 45.78524, 17.33043, 45.18689, 21.50868, 47.65045, 20.47163, 48.18195, 26.42294, 39.08668, 28.79854, 36.1819, 27.84377, 36.60168, 26.34875, 33.6519, 25.67444, 34.26659, 24.97903, 34.85959, 31.59053, 27.44497, 31.11331, 28.22569, 30.61038, 28.99084, 29.57213, 24.99787, 29.17053, 25.71294, 28.74527, 26.41484, 31.72069, 20.85906, 31.45731, 21.68039, 31.16702, 22.49283, 30.85196, 23.29601, 32.50943, 17.48476, 32.33447, 18.34512, 32.13132, 19.19931, 31.90192, 20.04696, 25.54492, 18.5373, 25.32642, 19.22841, 25.08676, 19.91254, 20.89548, 18.9796, 20.60364, 19.47441, 20.2966, 19.95963, 14.14847, 19.80682, 13.82547, 20.18264, 13.50101, 17.71027, 13.17023, 18.077, 10.72928, 14.6885, 10.44525, 15.02155, 12.12115, 8.76794, 12.29944, 8.40826, 18.12521, -1.14969, 16.8894, 5.59974, 4.93906, 13.03954, 5.34079, 12.82054, -3.67758, 20.52675, -4.20734, 20.44062, -7.01517, 24.44228, -7.54672, 24.27732, -1.05527, 27.43859, -1.53506, 27.65443, 5.18985, 30.14051, 4.68283, 30.34868, 4.17096, 30.54057, 8.31982, 32.27901, 7.79459, 32.43369, 7.26666, 32.57236, 9.35927, 33.93918, 8.81406, 34.05046, 8.26398, 34.14457, 7.71323, 34.22193, 8.34631, 36.47082, 7.63023, 36.81786, 6.90341, 37.14264, 6.16797, 37.44529, 5.53488, 36.66278, 4.71152, 36.99132, 3.87744, 37.29392, 3.9673, 37.70307, 3.06761, 37.99014, 2.15918, 38.24871, 3.45079, 36.10314, 2.58234, 36.08652, 1.71548, 36.04221, -0.26503, 31.36782, -1.16801, 31.18898 ]
							}
						]
					}
				}
			}
		},
		"drawOrder": [
			{
				"offsets": [
					{ "slot": "toc", "offset": 19 },
					{ "slot": "shoulder4", "offset": 5 },
					{ "slot": "eye_1", "offset": 9 }
				]
			}
		]
	},
	"t_273_1_win": {
		"slots": {
			"body": {
				"attachment": [
					{}
				]
			},
			"emoji": {
				"attachment": [
					{ "name": "Emoji/emo_vo_4" }
				]
			},
			"eye_1": {
				"rgba": [
					{ "color": "ffffffff" }
				],
				"attachment": [
					{ "name": "dau" }
				]
			},
			"eye_2": {
				"rgba": [
					{ "color": "ff7474ff" }
				],
				"attachment": [
					{}
				]
			},
			"feelling_1": {
				"attachment": [
					{}
				]
			},
			"feelling_2": {
				"attachment": [
					{}
				]
			},
			"feelling_3": {
				"rgba": [
					{ "color": "ffe800ff" }
				],
				"attachment": [
					{ "name": "cauco" }
				]
			},
			"head": {
				"rgba": [
					{ "color": "ffffffff" }
				],
				"attachment": [
					{ "name": "Emoji/Dau chinh dien" }
				]
			},
			"item": {
				"attachment": [
					{ "name": "gay" }
				]
			},
			"shoulder": {
				"attachment": [
					{ "name": "shoulder" }
				]
			},
			"shoulder2": {
				"attachment": [
					{ "name": "shoulder" }
				]
			},
			"shoulder3": {
				"attachment": [
					{ "name": "shoulder" }
				]
			},
			"shoulder4": {
				"attachment": [
					{ "name": "shoulder" }
				]
			},
			"toc": {
				"attachment": [
					{ "name": "Emoji/Toc sau 1-2" }
				]
			}
		},
		"bones": {
			"root": {
				"rotate": [
					{}
				],
				"translate": [
					{}
				],
				"scale": [
					{}
				]
			},
			"main": {
				"rotate": [
					{ "value": -9.29 }
				],
				"translate": [
					{ "x": 29.9, "y": -91.26 }
				],
				"scale": [
					{}
				]
			},
			"hip": {
				"rotate": [
					{}
				],
				"translate": [
					{}
				],
				"scale": [
					{}
				]
			},
			"body": {
				"rotate": [
					{ "value": 6.81 }
				],
				"translate": [
					{ "x": -26.5, "y": 0.62 }
				],
				"scale": [
					{}
				]
			},
			"body2": {
				"rotate": [
					{ "value": 6.81 }
				],
				"translate": [
					{}
				],
				"scale": [
					{}
				]
			},
			"body3": {
				"rotate": [
					{ "value": 6.81 }
				],
				"translate": [
					{}
				],
				"scale": [
					{}
				]
			},
			"body4": {
				"rotate": [
					{ "value": 6.81 }
				],
				"translate": [
					{}
				],
				"scale": [
					{}
				]
			},
			"body5": {
				"rotate": [
					{ "value": 6.81 }
				],
				"translate": [
					{}
				],
				"scale": [
					{}
				]
			},
			"body6": {
				"rotate": [
					{ "value": -1.91 }
				],
				"translate": [
					{}
				],
				"scale": [
					{}
				]
			},
			"body7": {
				"rotate": [
					{ "value": -1.91 }
				],
				"translate": [
					{}
				],
				"scale": [
					{}
				]
			},
			"body8": {
				"rotate": [
					{ "value": -1.91 }
				],
				"translate": [
					{}
				],
				"scale": [
					{}
				]
			},
			"head": {
				"rotate": [
					{ "value": 153.17 }
				],
				"translate": [
					{ "x": -32.36, "y": 10.86 }
				],
				"scale": [
					{ "x": -1 }
				]
			},
			"eye_1": {
				"rotate": [
					{ "value": 22.88 }
				],
				"translate": [
					{ "x": -130.27, "y": -198.41 }
				],
				"scale": [
					{ "x": 1.294, "y": 1.294 }
				]
			},
			"emoji": {
				"rotate": [
					{ "value": -8.75 }
				],
				"translate": [
					{ "x": -0.49, "y": 12.2 }
				],
				"scale": [
					{ "x": 1.017, "y": 1.017 }
				]
			},
			"shouder_1": {
				"rotate": [
					{ "value": -132.54 }
				],
				"translate": [
					{ "x": 5.53, "y": -1.12 }
				],
				"scale": [
					{}
				]
			},
			"arm_1": {
				"rotate": [
					{ "value": -23.31 }
				],
				"translate": [
					{}
				],
				"scale": [
					{}
				]
			},
			"shouder_2": {
				"rotate": [
					{ "value": 131.89 }
				],
				"translate": [
					{ "x": -14.77, "y": 0.93 }
				],
				"scale": [
					{}
				]
			},
			"arm_2": {
				"rotate": [
					{ "value": -8.5 }
				],
				"translate": [
					{}
				],
				"scale": [
					{}
				]
			},
			"thigh_1": {
				"rotate": [
					{ "value": -64.88 }
				],
				"translate": [
					{ "x": -23.87, "y": 29.56 }
				],
				"scale": [
					{}
				]
			},
			"leg_1": {
				"rotate": [
					{ "value": 60.6 }
				],
				"scale": [
					{}
				]
			},
			"thigh_2": {
				"rotate": [
					{ "value": -59.99 }
				],
				"translate": [
					{ "x": -34.81, "y": 20.1 }
				],
				"scale": [
					{ "x": 0.929 }
				]
			},
			"leg_2": {
				"rotate": [
					{ "value": 60.24 }
				],
				"translate": [
					{}
				],
				"scale": [
					{}
				]
			},
			"foot_2": {
				"rotate": [
					{ "value": -4.4 }
				],
				"translate": [
					{ "x": 120.2, "y": 2.65 }
				],
				"scale": [
					{}
				]
			},
			"foot_3": {
				"rotate": [
					{}
				],
				"translate": [
					{ "x": -129.09, "y": 0.96 }
				],
				"scale": [
					{}
				]
			},
			"eye_2": {
				"rotate": [
					{ "value": 140.51 }
				],
				"translate": [
					{ "x": 65.7, "y": -45.85 }
				],
				"scale": [
					{ "x": 0.845, "y": 0.845 }
				]
			},
			"toc": {
				"rotate": [
					{ "value": 168.07 }
				],
				"translate": [
					{ "x": 58.46, "y": -25.01 }
				],
				"scale": [
					{ "x": -1 }
				]
			},
			"tist_1": {
				"translate": [
					{ "x": -18.07, "y": 11.74 }
				]
			},
			"tist_2": {
				"translate": [
					{ "x": -17.78, "y": 36.71 }
				]
			},
			"feelling_1": {
				"translate": [
					{ "x": -264.05, "y": 372.09 }
				],
				"scale": [
					{ "x": 1.606, "y": 1.606 }
				]
			},
			"move": {
				"scale": [
					{}
				]
			},
			"feelling_2": {
				"rotate": [
					{ "value": 3.04 }
				],
				"translate": [
					{ "x": 109.03, "y": 461.02 }
				],
				"scale": [
					{ "x": 0.869, "y": 0.869 }
				]
			},
			"feelling_3": {
				"rotate": [
					{ "value": -2.34 }
				],
				"translate": [
					{ "x": 56.15, "y": 428.68 }
				],
				"scale": [
					{ "x": 1.09, "y": 1.09 }
				]
			},
			"item": {
				"rotate": [
					{ "value": 49.12 }
				],
				"translate": [
					{ "x": -106.49, "y": 181.95 }
				],
				"scale": [
					{ "x": 1.328, "y": 1.328 }
				]
			}
		},
		"ik": {
			"foot_1": [
				{ "stretch": true }
			],
			"foot_2": [
				{ "stretch": true }
			]
		},
		"attachments": {
			"default": {
				"vay_1": {
					"vay_1": {
						"deform": [
							{
								"vertices": [ 26.99763, 40.60343, 16.32037, 22.81566, 17.3232, 21.78508, 16.4915, 17.66355, 16.69814, 17.1425, 15.87506, 18.52562, 16.50928, 13.41456, 16.68687, 7.06154, 16.80087, -10.88402, 15.4966, -11.74582, 16.34048, -16.18748, 9.97375, -13.77733, 8.90445, -13.96855, 7.49651, -12.4614, 6.48216, -12.48262, 5.47237, -12.46196, 4.34763, -8.81222, 3.47946, -8.70627, 2.61818, -8.56472, 6.06039, -3.92237, 5.3927, -3.88533, 4.72795, -3.821, 5.63039, 2.07536, 5.1927, 2.07823, 4.75595, 2.09902, 4.32053, 2.13722, 9.75034, 7.81154, 9.56305, 7.62626, 9.36887, 7.4488, 9.16776, 7.27922, 7.75693, 11.18754, 7.72264, 11.01468, 7.68155, 10.84315, 8.04626, 13.16017, 8.17374, 13.0353, 8.29578, 12.90551, 8.18979, 13.31846, 8.33069, 13.0668, 5.84799, 11.13132, 5.40448, 11.57288, 3.84961, 9.18296, 3.4577, 9.59166, 14.54572, 3.81709, 14.3378, 5.4072, 16.51721, -1.70836, 15.40128, -0.08934, 9.90671, 3.00386, 9.45685, 4.32819, 11.41287, 6.41422, 11.02719, 7.80427, 13.67459, 10.40713, 13.2525, 12.14136, 9.35049, 17.88649, 9.56537, 17.17369, 7.69656, 21.99769, 8.00684, 21.61212, 8.30249, 21.21446, 11.86418, 25.78435, 12.26346, 25.42304, 12.64804, 25.04573, 8.97835, 24.37082, 9.34773, 24.20567, 9.71051, 24.02591, 10.06583, 23.8314, 10.93837, 23.48004, 11.44366, 22.89229, 11.92548, 22.28493, 12.38217, 21.65827, 15.07886, 22.78506, 15.6154, 21.93856, 16.11783, 21.07138, 15.80771, 23.88238, 16.42787, 22.91213, 17.00812, 21.91778, 17.15895, 27.95055, 17.9059, 27.09563, 18.61716, 26.21137, 21.19633, 33.30588, 22.19514, 32.33585 ]
							}
						]
					}
				}
			}
		},
		"drawOrder": [
			{
				"offsets": [
					{ "slot": "item", "offset": 20 },
					{ "slot": "eye_1", "offset": 9 }
				]
			}
		]
	}
}
}