{"frames": [

{
	"filename": "bg",
	"frame": {"x":1,"y":21,"w":50,"h":1226},
	"rotated": false,
	"trimmed": false,
	"spriteSourceSize": {"x":0,"y":0,"w":50,"h":1226},
	"sourceSize": {"w":50,"h":1226}
},
{
	"filename": "den_chum",
	"frame": {"x":587,"y":559,"w":166,"h":167},
	"rotated": false,
	"trimmed": true,
	"spriteSourceSize": {"x":7,"y":7,"w":166,"h":167},
	"sourceSize": {"w":180,"h":181}
},
{
	"filename": "den_chum_hot",
	"frame": {"x":408,"y":559,"w":178,"h":181},
	"rotated": false,
	"trimmed": true,
	"spriteSourceSize": {"x":1,"y":0,"w":178,"h":181},
	"sourceSize": {"w":180,"h":181}
},
{
	"filename": "diem_neo_dinh_treo_tranh",
	"frame": {"x":796,"y":423,"w":227,"h":387},
	"rotated": false,
	"trimmed": true,
	"spriteSourceSize": {"x":7,"y":7,"w":227,"h":387},
	"sourceSize": {"w":241,"h":401}
},
{
	"filename": "diem_neo_dinh_treo_tranh_hot",
	"frame": {"x":796,"y":21,"w":241,"h":401},
	"rotated": false,
	"trimmed": false,
	"spriteSourceSize": {"x":0,"y":0,"w":241,"h":401},
	"sourceSize": {"w":241,"h":401}
},
{
	"filename": "dien_thoai",
	"frame": {"x":1024,"y":423,"w":51,"h":109},
	"rotated": false,
	"trimmed": false,
	"spriteSourceSize": {"x":0,"y":0,"w":51,"h":109},
	"sourceSize": {"w":51,"h":109}
},
{
	"filename": "o_dien_bi_ho_dien",
	"frame": {"x":587,"y":727,"w":81,"h":82},
	"rotated": false,
	"trimmed": false,
	"spriteSourceSize": {"x":0,"y":0,"w":81,"h":82},
	"sourceSize": {"w":81,"h":82}
},
{
	"filename": "quat_tran",
	"frame": {"x":52,"y":21,"w":374,"h":187},
	"rotated": false,
	"trimmed": false,
	"spriteSourceSize": {"x":0,"y":0,"w":374,"h":187},
	"sourceSize": {"w":374,"h":187}
},
{
	"filename": "tu",
	"frame": {"x":52,"y":209,"w":355,"h":523},
	"rotated": false,
	"trimmed": true,
	"spriteSourceSize": {"x":7,"y":7,"w":355,"h":523},
	"sourceSize": {"w":369,"h":537}
},
{
	"filename": "tu_hot",
	"frame": {"x":427,"y":21,"w":368,"h":537},
	"rotated": false,
	"trimmed": true,
	"spriteSourceSize": {"x":0,"y":0,"w":368,"h":537},
	"sourceSize": {"w":369,"h":537}
},
{
	"filename": "vach",
	"frame": {"x":1,"y":1,"w":1080,"h":19},
	"rotated": false,
	"trimmed": false,
	"spriteSourceSize": {"x":0,"y":0,"w":1080,"h":19},
	"sourceSize": {"w":1080,"h":19}
}],
"meta": {
	"app": "https://www.codeandweb.com/texturepacker",
	"version": "1.0",
	"image": "props.png",
	"format": "RGBA8888",
	"size": {"w":1082,"h":1248},
	"scale": "1",
	"smartupdate": "$TexturePacker:SmartUpdate:25e66c4099a6cebc15cf9a214b174dd7:4193f4aee722a311b35276d2ae99d6ba:f4c39b94f5b79b4c461da96ae5609d50$"
}
}
