{"frames": [

{
	"filename": "bg",
	"frame": {"x":1,"y":1,"w":1080,"h":1194},
	"rotated": false,
	"trimmed": false,
	"spriteSourceSize": {"x":0,"y":0,"w":1080,"h":1194},
	"sourceSize": {"w":1080,"h":1194}
},
{
	"filename": "ca_sau",
	"frame": {"x":1,"y":1196,"w":366,"h":144},
	"rotated": false,
	"trimmed": false,
	"spriteSourceSize": {"x":0,"y":0,"w":366,"h":144},
	"sourceSize": {"w":366,"h":144}
},
{
	"filename": "diem_neo_hon_da",
	"frame": {"x":498,"y":1317,"w":116,"h":62},
	"rotated": false,
	"trimmed": true,
	"spriteSourceSize": {"x":7,"y":7,"w":116,"h":62},
	"sourceSize": {"w":130,"h":76}
},
{
	"filename": "diem_neo_hon_da_hot",
	"frame": {"x":368,"y":1317,"w":129,"h":75},
	"rotated": false,
	"trimmed": true,
	"spriteSourceSize": {"x":0,"y":0,"w":129,"h":75},
	"sourceSize": {"w":130,"h":76}
},
{
	"filename": "mai_cheo",
	"frame": {"x":755,"y":1196,"w":70,"h":369},
	"rotated": false,
	"trimmed": false,
	"spriteSourceSize": {"x":0,"y":0,"w":70,"h":369},
	"sourceSize": {"w":70,"h":369}
},
{
	"filename": "thuyen",
	"frame": {"x":368,"y":1196,"w":386,"h":120},
	"rotated": false,
	"trimmed": false,
	"spriteSourceSize": {"x":0,"y":0,"w":386,"h":120},
	"sourceSize": {"w":386,"h":120}
}],
"meta": {
	"app": "https://www.codeandweb.com/texturepacker",
	"version": "1.0",
	"image": "props.png",
	"format": "RGBA8888",
	"size": {"w":1082,"h":1566},
	"scale": "1",
	"smartupdate": "$TexturePacker:SmartUpdate:dc7e2d1c195ed757885f6dcc9dd2fd61:96490ffaf3c83ae09556ceec4129f04b:f4c39b94f5b79b4c461da96ae5609d50$"
}
}
