{
"skeleton": { "hash": "Zskfb8Kvi9E", "spine": "4.1.24", "x": -388.28, "y": -425.09, "width": 724.41, "height": 1282.48 },
"bones": [
	{ "name": "root", "rotation": 0.2 },
	{ "name": "move", "parent": "root", "x": -119.99, "scaleX": -1 },
	{ "name": "main", "parent": "move", "y": 256.6 },
	{ "name": "hip", "parent": "main" },
	{ "name": "body", "parent": "hip", "length": 26.97, "rotation": 90 },
	{ "name": "body2", "parent": "body", "length": 26.97, "x": 26.97 },
	{ "name": "body3", "parent": "body2", "length": 26.97, "x": 26.97 },
	{ "name": "body4", "parent": "body3", "length": 26.97, "rotation": -0.06, "x": 26.97 },
	{ "name": "body5", "parent": "body4", "length": 26.97, "x": 26.97 },
	{ "name": "body6", "parent": "body5", "length": 26.97, "x": 26.97 },
	{ "name": "body7", "parent": "body6", "length": 26.97, "x": 26.97 },
	{ "name": "body8", "parent": "body7", "length": 26.97, "x": 26.97 },
	{ "name": "head", "parent": "body8", "length": 135.67, "x": 24.75 },
	{ "name": "feeling_3", "parent": "head", "rotation": -0.18, "x": 87.53, "y": 30.96 },
	{ "name": "emoji", "parent": "head", "rotation": -90, "x": 62, "y": 1.49 },
	{ "name": "shouder_1", "parent": "body7", "length": 100.06, "rotation": -90, "x": 15.39, "y": 0.02 },
	{ "name": "arm_1", "parent": "shouder_1", "length": 100.06, "x": 94.79 },
	{ "name": "shouder_2", "parent": "body7", "length": 100.06, "rotation": 90, "x": 15.39, "y": 0.02 },
	{ "name": "arm_2", "parent": "shouder_2", "length": 100.06, "x": 94.79 },
	{ "name": "thigh_1", "parent": "main", "length": 134.15, "rotation": -90, "x": -0.54, "y": 4.23 },
	{ "name": "leg_1", "parent": "thigh_1", "length": 134.15, "x": 128.14 },
	{ "name": "thigh_2", "parent": "main", "length": 134.15, "rotation": -90, "x": -0.1, "y": 4.23 },
	{ "name": "leg_2", "parent": "thigh_2", "length": 134.15, "x": 128.14 },
	{ "name": "foot_2", "parent": "move", "x": 0.16, "y": -2.18 },
	{ "name": "foot_3", "parent": "move", "x": 0.1, "y": -2.12 },
	{
		"name": "feeling_5",
		"parent": "head",
		"rotation": -0.18,
		"x": 87.53,
		"y": -25.11,
		"scaleX": 2,
		"scaleY": 2
	},
	{ "name": "item_1", "parent": "move", "x": -1.93, "y": 450.24 },
	{ "name": "feeling_1", "parent": "main", "rotation": -20.17, "x": 72.35, "y": 376.02 },
	{ "name": "feeling_2", "parent": "main", "rotation": -20.17, "x": 72.35, "y": 376.02 },
	{ "name": "hair_1", "parent": "main", "rotation": 0.07, "x": -120, "y": -254.77 }
],
"slots": [
	{ "name": "bg_gane_play", "bone": "root", "color": "ffffff4f" },
	{ "name": "body", "bone": "hip", "color": "000000ff", "attachment": "body" },
	{ "name": "shoulder1", "bone": "shouder_1", "color": "000000ff" },
	{ "name": "shoulder3", "bone": "shouder_2", "color": "000000ff" },
	{ "name": "shoulder2", "bone": "arm_1", "color": "000000ff" },
	{ "name": "shoulder4", "bone": "arm_2", "color": "000000ff" },
	{ "name": "thigh", "bone": "thigh_1", "color": "000000ff", "attachment": "thigh" },
	{ "name": "thigh3", "bone": "thigh_2", "color": "000000ff", "attachment": "thigh" },
	{ "name": "thigh2", "bone": "leg_1", "color": "000000ff", "attachment": "thigh" },
	{ "name": "thigh4", "bone": "leg_2", "color": "000000ff", "attachment": "thigh" },
	{ "name": "head", "bone": "head", "attachment": "head" },
	{ "name": "hair", "bone": "hair_1" },
	{ "name": "Emoji", "bone": "emoji" },
	{ "name": "feeling_3", "bone": "feeling_3", "color": "000000ff" },
	{ "name": "feeling_5", "bone": "feeling_5" },
	{ "name": "feeling_1", "bone": "feeling_1" },
	{ "name": "feeling_2", "bone": "feeling_2" }
],
"ik": [
	{
		"name": "foot_1",
		"bones": [ "thigh_1", "leg_1" ],
		"target": "foot_2",
		"mix": 0,
		"stretch": true
	},
	{
		"name": "foot_2",
		"order": 1,
		"bones": [ "thigh_2", "leg_2" ],
		"target": "foot_3",
		"mix": 0,
		"stretch": true
	}
],
"skins": [
	{
		"name": "default",
		"attachments": {
			"body": {
				"body": {
					"type": "mesh",
					"uvs": [ 1, 1, 0, 1, 0, 0.875, 0, 0.75, 0, 0.625, 0, 0.5, 0, 0.375, 0, 0.25, 0, 0.125, 0, 0, 1, 0, 1, 0.125, 1, 0.25, 1, 0.375, 1, 0.5, 1, 0.625, 1, 0.75, 1, 0.875 ],
					"triangles": [ 8, 9, 10, 11, 8, 10, 7, 8, 11, 12, 7, 11, 6, 7, 12, 13, 6, 12, 5, 6, 13, 14, 5, 13, 4, 5, 14, 15, 4, 14, 3, 4, 15, 16, 3, 15, 2, 3, 16, 17, 2, 16, 1, 2, 17, 0, 1, 17 ],
					"vertices": [ 1, 4, -1.7, -5.5, 1, 1, 4, -1.7, 5.5, 1, 2, 4, 25.68, 5.5, 0.70301, 5, -1.29, 5.5, 0.29699, 2, 5, 26.08, 5.5, 0.65569, 6, -0.88, 5.5, 0.34431, 2, 6, 26.49, 5.5, 0.55905, 7, -0.48, 5.5, 0.44095, 2, 7, 26.9, 5.5, 0.51367, 8, -0.07, 5.5, 0.48633, 2, 8, 27.3, 5.5, 0.41705, 9, 0.33, 5.5, 0.58295, 2, 9, 27.71, 5.5, 0.38565, 10, 0.74, 5.5, 0.61435, 2, 10, 28.11, 5.5, 0.36868, 11, 1.14, 5.5, 0.63132, 1, 11, 28.52, 5.5, 1, 1, 11, 28.52, -5.5, 1, 2, 10, 28.11, -5.5, 0.3064, 11, 1.14, -5.5, 0.6936, 2, 9, 27.71, -5.5, 0.40945, 10, 0.74, -5.5, 0.59055, 2, 8, 27.3, -5.5, 0.44404, 9, 0.33, -5.5, 0.55596, 2, 7, 26.9, -5.5, 0.52991, 8, -0.07, -5.5, 0.47009, 2, 6, 26.49, -5.5, 0.58474, 7, -0.48, -5.5, 0.41526, 2, 5, 26.08, -5.5, 0.62061, 6, -0.88, -5.5, 0.37939, 2, 4, 25.68, -5.5, 0.65664, 5, -1.29, -5.5, 0.34336 ],
					"hull": 18
				}
			},
			"Emoji": {
				"Emoji/emo_41": { "x": 0.5, "width": 127, "height": 62 },
				"Emoji/emo_57": { "y": 0.5, "width": 101, "height": 101 },
				"Emoji/emo_57_d": { "x": 0.5, "y": 0.5, "width": 101, "height": 44 },
				"Emoji/emo_75": { "x": 0.5, "y": 16.29, "scaleX": 0.9134, "scaleY": 0.9134, "width": 133, "height": 138 },
				"Emoji/emo_91": { "width": 118, "height": 90 },
				"Emoji/emo_92": { "y": 0.5, "width": 92, "height": 97 }
			},
			"feeling_1": {
				"cham_than": { "x": 0.5, "y": 0.5, "width": 17, "height": 57 },
				"Emoji/hoi_cham": { "scaleX": 1.6014, "scaleY": 1.3256, "width": 30, "height": 52 },
				"mo_hoi": { "x": 0.5, "y": 0.5, "width": 19, "height": 41 }
			},
			"feeling_2": {
				"cauco": { "y": 0.5, "width": 50, "height": 45 },
				"giat_minh": { "x": 0.5, "y": 0.5, "width": 70, "height": 66 },
				"mo_hoi": { "x": 0.5, "y": 0.5, "width": 19, "height": 41 },
				"scare": { "y": 0.5, "width": 80, "height": 83 }
			},
			"feeling_3": {
				"Emoji/hoi_cham": { "width": 30, "height": 52 },
				"mo_hoi": { "x": -18.07, "y": -0.4, "rotation": -96.51, "width": 19, "height": 41 }
			},
			"feeling_5": {
				"rung": { "x": 0.5, "width": 18, "height": 51 }
			},
			"hair": {
				"hair/man/mu_3": { "width": 140, "height": 82 },
				"hair/man/mu_canh_sat_sau": { "width": 156, "height": 75 }
			},
			"head": {
				"head": { "x": 68.85, "rotation": -89.87, "width": 144, "height": 144 }
			},
			"shoulder1": {
				"shoulder": { "x": 49.22, "rotation": -90, "width": 15, "height": 105 }
			},
			"shoulder2": {
				"shoulder": { "x": 49.22, "rotation": -90, "width": 15, "height": 105 }
			},
			"shoulder3": {
				"shoulder": { "x": 49.22, "rotation": -90, "width": 15, "height": 105 }
			},
			"shoulder4": {
				"shoulder": { "x": 50.57, "rotation": -90, "width": 15, "height": 105 }
			},
			"thigh": {
				"thigh": { "x": 66.01, "rotation": -90, "width": 14, "height": 137 }
			},
			"thigh2": {
				"thigh": { "x": 66.01, "rotation": -90, "width": 14, "height": 137 }
			},
			"thigh3": {
				"thigh": { "x": 66.01, "rotation": -90, "width": 14, "height": 137 }
			},
			"thigh4": {
				"thigh": { "x": 66.01, "rotation": -90, "width": 14, "height": 137 }
			}
		}
	}
],
"animations": {
	"t_27_1_be": {
		"slots": {
			"body": {
				"rgba": [
					{ "color": "000000ff", "curve": "stepped" },
					{ "time": 0.0333, "color": "000000ff" }
				]
			},
			"Emoji": {
				"attachment": [
					{ "name": "Emoji/emo_91" },
					{ "time": 0.0333, "name": "Emoji/emo_91" }
				]
			},
			"feeling_1": {
				"rgba": [
					{ "color": "ffffffff", "curve": "stepped" },
					{ "time": 0.0333, "color": "ffffffff" }
				],
				"attachment": [
					{ "name": "mo_hoi" },
					{ "time": 0.0333, "name": "mo_hoi" }
				]
			},
			"feeling_2": {
				"rgba": [
					{ "color": "ffffffff", "curve": "stepped" },
					{ "time": 0.0333, "color": "ffffffff" }
				],
				"attachment": [
					{ "name": "mo_hoi" },
					{ "time": 0.0333, "name": "mo_hoi" }
				]
			},
			"feeling_3": {
				"attachment": [
					{},
					{ "time": 0.0333 }
				]
			},
			"feeling_5": {
				"attachment": [
					{},
					{ "time": 0.0333 }
				]
			},
			"head": {
				"rgba": [
					{ "color": "ffffffff", "curve": "stepped" },
					{ "time": 0.0333, "color": "ffffffff" }
				],
				"attachment": [
					{ "name": "head" },
					{ "time": 0.0333, "name": "head" }
				]
			},
			"shoulder1": {
				"rgba": [
					{ "color": "000000ff", "curve": "stepped" },
					{ "time": 0.0333, "color": "000000ff" }
				],
				"attachment": [
					{ "name": "shoulder" },
					{ "time": 0.0333, "name": "shoulder" }
				]
			},
			"shoulder2": {
				"rgba": [
					{ "color": "000000ff", "curve": "stepped" },
					{ "time": 0.0333, "color": "000000ff" }
				],
				"attachment": [
					{ "name": "shoulder" },
					{ "time": 0.0333, "name": "shoulder" }
				]
			},
			"shoulder3": {
				"rgba": [
					{ "color": "000000ff", "curve": "stepped" },
					{ "time": 0.0333, "color": "000000ff" }
				],
				"attachment": [
					{},
					{ "time": 0.0333 }
				]
			},
			"shoulder4": {
				"rgba": [
					{ "color": "000000ff", "curve": "stepped" },
					{ "time": 0.0333, "color": "000000ff" }
				],
				"attachment": [
					{},
					{ "time": 0.0333 }
				]
			},
			"thigh": {
				"rgba": [
					{ "color": "000000ff", "curve": "stepped" },
					{ "time": 0.0333, "color": "000000ff" }
				]
			},
			"thigh2": {
				"rgba": [
					{ "color": "000000ff", "curve": "stepped" },
					{ "time": 0.0333, "color": "000000ff" }
				]
			},
			"thigh3": {
				"rgba": [
					{ "color": "000000ff", "curve": "stepped" },
					{ "time": 0.0333, "color": "000000ff" }
				]
			},
			"thigh4": {
				"rgba": [
					{ "color": "000000ff", "curve": "stepped" },
					{ "time": 0.0333, "color": "000000ff" }
				]
			}
		},
		"bones": {
			"head": {
				"rotate": [
					{ "value": 6.52, "curve": "stepped" },
					{ "time": 0.0333, "value": 6.52 }
				],
				"translate": [
					{ "x": -6.84, "y": 4.15, "curve": "stepped" },
					{ "time": 0.0333, "x": -6.84, "y": 4.15 }
				],
				"scale": [
					{ "curve": "stepped" },
					{ "time": 0.0333 }
				]
			},
			"root": {
				"rotate": [
					{ "curve": "stepped" },
					{ "time": 0.0333 }
				],
				"translate": [
					{ "curve": "stepped" },
					{ "time": 0.0333 }
				]
			},
			"main": {
				"rotate": [
					{ "value": 4.28, "curve": "stepped" },
					{ "time": 0.0333, "value": 4.28 }
				],
				"translate": [
					{ "x": -3.92, "y": -181.75, "curve": "stepped" },
					{ "time": 0.0333, "x": -3.92, "y": -181.75 }
				]
			},
			"hip": {
				"rotate": [
					{ "curve": "stepped" },
					{ "time": 0.0333 }
				],
				"translate": [
					{ "curve": "stepped" },
					{ "time": 0.0333 }
				]
			},
			"body": {
				"rotate": [
					{ "value": 0.49, "curve": "stepped" },
					{ "time": 0.0333, "value": 0.49 }
				],
				"translate": [
					{ "curve": "stepped" },
					{ "time": 0.0333 }
				],
				"scale": [
					{ "curve": "stepped" },
					{ "time": 0.0333 }
				]
			},
			"body2": {
				"rotate": [
					{ "value": 0.49, "curve": "stepped" },
					{ "time": 0.0333, "value": 0.49 }
				],
				"translate": [
					{ "curve": "stepped" },
					{ "time": 0.0333 }
				],
				"scale": [
					{ "curve": "stepped" },
					{ "time": 0.0333 }
				]
			},
			"body3": {
				"rotate": [
					{ "value": 0.49, "curve": "stepped" },
					{ "time": 0.0333, "value": 0.49 }
				],
				"translate": [
					{ "curve": "stepped" },
					{ "time": 0.0333 }
				],
				"scale": [
					{ "curve": "stepped" },
					{ "time": 0.0333 }
				]
			},
			"body4": {
				"rotate": [
					{ "value": 0.49, "curve": "stepped" },
					{ "time": 0.0333, "value": 0.49 }
				],
				"translate": [
					{ "curve": "stepped" },
					{ "time": 0.0333 }
				],
				"scale": [
					{ "curve": "stepped" },
					{ "time": 0.0333 }
				]
			},
			"body5": {
				"rotate": [
					{ "value": 0.49, "curve": "stepped" },
					{ "time": 0.0333, "value": 0.49 }
				],
				"translate": [
					{ "curve": "stepped" },
					{ "time": 0.0333 }
				],
				"scale": [
					{ "curve": "stepped" },
					{ "time": 0.0333 }
				]
			},
			"body6": {
				"rotate": [
					{ "value": 0.49, "curve": "stepped" },
					{ "time": 0.0333, "value": 0.49 }
				],
				"translate": [
					{ "curve": "stepped" },
					{ "time": 0.0333 }
				],
				"scale": [
					{ "curve": "stepped" },
					{ "time": 0.0333 }
				]
			},
			"body7": {
				"rotate": [
					{ "value": 0.49, "curve": "stepped" },
					{ "time": 0.0333, "value": 0.49 }
				],
				"translate": [
					{ "curve": "stepped" },
					{ "time": 0.0333 }
				],
				"scale": [
					{ "curve": "stepped" },
					{ "time": 0.0333 }
				]
			},
			"body8": {
				"rotate": [
					{ "value": 0.49, "curve": "stepped" },
					{ "time": 0.0333, "value": 0.49 }
				],
				"translate": [
					{ "curve": "stepped" },
					{ "time": 0.0333 }
				],
				"scale": [
					{ "curve": "stepped" },
					{ "time": 0.0333 }
				]
			},
			"feeling_3": {
				"rotate": [
					{ "curve": "stepped" },
					{ "time": 0.0333 }
				],
				"translate": [
					{ "curve": "stepped" },
					{ "time": 0.0333 }
				]
			},
			"emoji": {
				"rotate": [
					{ "value": -30.14, "curve": "stepped" },
					{ "time": 0.0333, "value": -30.14 }
				],
				"translate": [
					{ "x": 24.24, "y": 24.44, "curve": "stepped" },
					{ "time": 0.0333, "x": 24.24, "y": 24.44 }
				],
				"scale": [
					{ "x": -0.861, "y": 0.861, "curve": "stepped" },
					{ "time": 0.0333, "x": -0.861, "y": 0.861 }
				]
			},
			"shouder_1": {
				"rotate": [
					{ "value": -41.3, "curve": "stepped" },
					{ "time": 0.0333, "value": -41.3 }
				],
				"translate": [
					{ "x": 28.3, "y": -0.56, "curve": "stepped" },
					{ "time": 0.0333, "x": 28.3, "y": -0.56 }
				],
				"scale": [
					{ "curve": "stepped" },
					{ "time": 0.0333 }
				]
			},
			"arm_1": {
				"rotate": [
					{ "value": -21.21, "curve": "stepped" },
					{ "time": 0.0333, "value": -21.21 }
				],
				"translate": [
					{ "x": 2.02, "y": 0.08, "curve": "stepped" },
					{ "time": 0.0333, "x": 2.02, "y": 0.08 }
				],
				"scale": [
					{ "curve": "stepped" },
					{ "time": 0.0333 }
				]
			},
			"shouder_2": {
				"rotate": [
					{ "value": 33.02, "curve": "stepped" },
					{ "time": 0.0333, "value": 33.02 }
				],
				"translate": [
					{ "x": 26.2, "y": -0.49, "curve": "stepped" },
					{ "time": 0.0333, "x": 26.2, "y": -0.49 }
				],
				"scale": [
					{ "curve": "stepped" },
					{ "time": 0.0333 }
				]
			},
			"arm_2": {
				"rotate": [
					{ "value": 69.81, "curve": "stepped" },
					{ "time": 0.0333, "value": 69.81 }
				],
				"translate": [
					{ "curve": "stepped" },
					{ "time": 0.0333 }
				],
				"scale": [
					{ "x": 0.945, "curve": "stepped" },
					{ "time": 0.0333, "x": 0.945 }
				]
			},
			"thigh_1": {
				"rotate": [
					{ "value": 24.72, "curve": "stepped" },
					{ "time": 0.0333, "value": 24.72 }
				],
				"translate": [
					{ "curve": "stepped" },
					{ "time": 0.0333 }
				],
				"scale": [
					{ "x": 0.739, "curve": "stepped" },
					{ "time": 0.0333, "x": 0.739 }
				]
			},
			"leg_1": {
				"rotate": [
					{ "curve": "stepped" },
					{ "time": 0.0333 }
				],
				"translate": [
					{ "curve": "stepped" },
					{ "time": 0.0333 }
				],
				"scale": [
					{ "curve": "stepped" },
					{ "time": 0.0333 }
				]
			},
			"thigh_2": {
				"rotate": [
					{ "value": 39.21, "curve": "stepped" },
					{ "time": 0.0333, "value": 39.21 }
				],
				"translate": [
					{ "curve": "stepped" },
					{ "time": 0.0333 }
				],
				"scale": [
					{ "x": 0.744, "curve": "stepped" },
					{ "time": 0.0333, "x": 0.744 }
				]
			},
			"leg_2": {
				"rotate": [
					{ "value": 18.14, "curve": "stepped" },
					{ "time": 0.0333, "value": 18.14 }
				],
				"translate": [
					{ "curve": "stepped" },
					{ "time": 0.0333 }
				],
				"scale": [
					{ "curve": "stepped" },
					{ "time": 0.0333 }
				]
			},
			"foot_2": {
				"rotate": [
					{ "curve": "stepped" },
					{ "time": 0.0333 }
				],
				"translate": [
					{ "x": -59.06, "y": 2.5, "curve": "stepped" },
					{ "time": 0.0333, "x": -59.06, "y": 2.5 }
				]
			},
			"foot_3": {
				"rotate": [
					{ "curve": "stepped" },
					{ "time": 0.0333 }
				],
				"translate": [
					{ "x": 117.61, "y": 2.21, "curve": "stepped" },
					{ "time": 0.0333, "x": 117.61, "y": 2.21 }
				]
			},
			"feeling_5": {
				"rotate": [
					{ "curve": "stepped" },
					{ "time": 0.0333 }
				],
				"translate": [
					{ "curve": "stepped" },
					{ "time": 0.0333 }
				]
			},
			"move": {
				"translate": [
					{ "x": 119.99, "curve": "stepped" },
					{ "time": 0.0333, "x": 119.99 }
				]
			},
			"feeling_1": {
				"rotate": [
					{ "value": 27.76, "curve": "stepped" },
					{ "time": 0.0333, "value": 27.76 }
				],
				"translate": [
					{ "x": -33.69, "y": -91.57, "curve": "stepped" },
					{ "time": 0.0333, "x": -33.69, "y": -91.57 }
				],
				"scale": [
					{ "x": -1.032, "y": 0.989, "curve": "stepped" },
					{ "time": 0.0333, "x": -1.032, "y": 0.989 }
				]
			},
			"feeling_2": {
				"rotate": [
					{ "value": 23.89, "curve": "stepped" },
					{ "time": 0.0333, "value": 23.89 }
				],
				"translate": [
					{ "x": -59.2, "y": -148.51, "curve": "stepped" },
					{ "time": 0.0333, "x": -59.2, "y": -148.51 }
				],
				"scale": [
					{ "x": -0.732, "y": 0.732, "curve": "stepped" },
					{ "time": 0.0333, "x": -0.732, "y": 0.732 }
				]
			}
		},
		"ik": {
			"foot_1": [
				{
					"stretch": true,
					"curve": [ 0.008, 1, 0.025, 1, 0.008, 0, 0.025, 0 ]
				},
				{ "time": 0.0333, "stretch": true }
			],
			"foot_2": [
				{
					"bendPositive": false,
					"stretch": true,
					"curve": [ 0.008, 1, 0.025, 1, 0.008, 0, 0.025, 0 ]
				},
				{ "time": 0.0333, "bendPositive": false, "stretch": true }
			]
		},
		"drawOrder": [
			{
				"offsets": [
					{ "slot": "shoulder4", "offset": -3 },
					{ "slot": "feeling_1", "offset": 1 }
				]
			},
			{
				"time": 0.0333,
				"offsets": [
					{ "slot": "shoulder4", "offset": -3 },
					{ "slot": "feeling_1", "offset": 1 }
				]
			}
		]
	},
	"t_27_1_lose": {
		"slots": {
			"body": {
				"rgba": [
					{ "color": "000000ff", "curve": "stepped" },
					{ "time": 0.6667, "color": "000000ff" }
				]
			},
			"Emoji": {
				"attachment": [
					{ "name": "Emoji/emo_57" },
					{ "time": 0.6667, "name": "Emoji/emo_57" }
				]
			},
			"feeling_1": {
				"rgba": [
					{ "color": "ffffffff", "curve": "stepped" },
					{ "time": 0.6667, "color": "ffffffff" }
				],
				"attachment": [
					{ "name": "cham_than" },
					{ "time": 0.1667 },
					{ "time": 0.2667, "name": "cham_than" },
					{ "time": 0.3667 },
					{ "time": 0.4667, "name": "cham_than" },
					{ "time": 0.6667, "name": "cham_than" }
				]
			},
			"feeling_2": {
				"rgba": [
					{ "color": "ffffffff", "curve": "stepped" },
					{ "time": 0.6667, "color": "ffffffff" }
				],
				"attachment": [
					{ "name": "giat_minh" },
					{ "time": 0.6667, "name": "giat_minh" }
				]
			},
			"feeling_3": {
				"rgba": [
					{ "color": "ffffffff", "curve": "stepped" },
					{ "time": 0.6667, "color": "ffffffff" }
				],
				"attachment": [
					{ "name": "mo_hoi" },
					{ "time": 0.6667, "name": "mo_hoi" }
				]
			},
			"feeling_5": {
				"attachment": [
					{},
					{ "time": 0.6667 }
				]
			},
			"head": {
				"rgba": [
					{ "color": "ffffffff", "curve": "stepped" },
					{ "time": 0.6667, "color": "ffffffff" }
				],
				"attachment": [
					{ "name": "head" },
					{ "time": 0.6667, "name": "head" }
				]
			},
			"shoulder1": {
				"rgba": [
					{ "color": "000000ff", "curve": "stepped" },
					{ "time": 0.6667, "color": "000000ff" }
				],
				"attachment": [
					{ "name": "shoulder" },
					{ "time": 0.6667, "name": "shoulder" }
				]
			},
			"shoulder2": {
				"rgba": [
					{ "color": "000000ff", "curve": "stepped" },
					{ "time": 0.6667, "color": "000000ff" }
				],
				"attachment": [
					{ "name": "shoulder" },
					{ "time": 0.6667, "name": "shoulder" }
				]
			},
			"shoulder3": {
				"rgba": [
					{ "color": "000000ff", "curve": "stepped" },
					{ "time": 0.6667, "color": "000000ff" }
				],
				"attachment": [
					{ "name": "shoulder" },
					{ "time": 0.6667, "name": "shoulder" }
				]
			},
			"shoulder4": {
				"rgba": [
					{ "color": "000000ff", "curve": "stepped" },
					{ "time": 0.6667, "color": "000000ff" }
				],
				"attachment": [
					{ "name": "shoulder" },
					{ "time": 0.6667, "name": "shoulder" }
				]
			},
			"thigh": {
				"rgba": [
					{ "color": "000000ff", "curve": "stepped" },
					{ "time": 0.6667, "color": "000000ff" }
				]
			},
			"thigh2": {
				"rgba": [
					{ "color": "000000ff", "curve": "stepped" },
					{ "time": 0.6667, "color": "000000ff" }
				]
			},
			"thigh3": {
				"rgba": [
					{ "color": "000000ff", "curve": "stepped" },
					{ "time": 0.6667, "color": "000000ff" }
				]
			},
			"thigh4": {
				"rgba": [
					{ "color": "000000ff", "curve": "stepped" },
					{ "time": 0.6667, "color": "000000ff" }
				]
			}
		},
		"bones": {
			"head": {
				"rotate": [
					{ "value": -10.15, "curve": "stepped" },
					{ "time": 0.6667, "value": -10.15 }
				],
				"translate": [
					{ "x": -6.49, "y": 0.07, "curve": "stepped" },
					{ "time": 0.6667, "x": -6.49, "y": 0.07 }
				],
				"scale": [
					{ "curve": "stepped" },
					{ "time": 0.6667 }
				]
			},
			"root": {
				"rotate": [
					{ "curve": "stepped" },
					{ "time": 0.6667 }
				],
				"translate": [
					{ "curve": "stepped" },
					{ "time": 0.6667 }
				]
			},
			"main": {
				"rotate": [
					{ "value": 4.28, "curve": "stepped" },
					{ "time": 0.6667, "value": 4.28 }
				],
				"translate": [
					{ "x": 39.69, "y": -181.6, "curve": "stepped" },
					{ "time": 0.6667, "x": 39.69, "y": -181.6 }
				]
			},
			"hip": {
				"rotate": [
					{ "curve": "stepped" },
					{ "time": 0.6667 }
				],
				"translate": [
					{ "curve": "stepped" },
					{ "time": 0.6667 }
				]
			},
			"body": {
				"rotate": [
					{ "value": -1.13, "curve": "stepped" },
					{ "time": 0.6667, "value": -1.13 }
				],
				"translate": [
					{ "curve": "stepped" },
					{ "time": 0.6667 }
				],
				"scale": [
					{ "curve": "stepped" },
					{ "time": 0.6667 }
				]
			},
			"body2": {
				"rotate": [
					{ "value": -1.13, "curve": "stepped" },
					{ "time": 0.6667, "value": -1.13 }
				],
				"translate": [
					{ "curve": "stepped" },
					{ "time": 0.6667 }
				],
				"scale": [
					{ "curve": "stepped" },
					{ "time": 0.6667 }
				]
			},
			"body3": {
				"rotate": [
					{ "value": -1.13, "curve": "stepped" },
					{ "time": 0.6667, "value": -1.13 }
				],
				"translate": [
					{ "curve": "stepped" },
					{ "time": 0.6667 }
				],
				"scale": [
					{ "curve": "stepped" },
					{ "time": 0.6667 }
				]
			},
			"body4": {
				"rotate": [
					{ "value": -1.13, "curve": "stepped" },
					{ "time": 0.6667, "value": -1.13 }
				],
				"translate": [
					{ "curve": "stepped" },
					{ "time": 0.6667 }
				],
				"scale": [
					{ "curve": "stepped" },
					{ "time": 0.6667 }
				]
			},
			"body5": {
				"rotate": [
					{ "value": -1.13, "curve": "stepped" },
					{ "time": 0.6667, "value": -1.13 }
				],
				"translate": [
					{ "curve": "stepped" },
					{ "time": 0.6667 }
				],
				"scale": [
					{ "curve": "stepped" },
					{ "time": 0.6667 }
				]
			},
			"body6": {
				"rotate": [
					{ "value": -1.13, "curve": "stepped" },
					{ "time": 0.6667, "value": -1.13 }
				],
				"translate": [
					{ "curve": "stepped" },
					{ "time": 0.6667 }
				],
				"scale": [
					{ "curve": "stepped" },
					{ "time": 0.6667 }
				]
			},
			"body7": {
				"rotate": [
					{ "value": -1.13, "curve": "stepped" },
					{ "time": 0.6667, "value": -1.13 }
				],
				"translate": [
					{ "curve": "stepped" },
					{ "time": 0.6667 }
				],
				"scale": [
					{ "curve": "stepped" },
					{ "time": 0.6667 }
				]
			},
			"body8": {
				"rotate": [
					{ "value": -1.13, "curve": "stepped" },
					{ "time": 0.6667, "value": -1.13 }
				],
				"translate": [
					{ "curve": "stepped" },
					{ "time": 0.6667 }
				],
				"scale": [
					{ "curve": "stepped" },
					{ "time": 0.6667 }
				]
			},
			"feeling_3": {
				"rotate": [
					{ "value": 39.79, "curve": "stepped" },
					{ "time": 0.6667, "value": 39.79 }
				],
				"translate": [
					{ "x": 10.55, "y": -51.56, "curve": "stepped" },
					{ "time": 0.6667, "x": 10.55, "y": -51.56 }
				],
				"scale": [
					{ "x": 0.908, "y": 0.908, "curve": "stepped" },
					{ "time": 0.6667, "x": 0.908, "y": 0.908 }
				]
			},
			"emoji": {
				"rotate": [
					{ "value": -8.86, "curve": "stepped" },
					{ "time": 0.6667, "value": -8.86 }
				],
				"translate": [
					{ "x": 21.61, "y": 17.1, "curve": "stepped" },
					{ "time": 0.6667, "x": 21.61, "y": 17.1 }
				],
				"scale": [
					{ "x": 1.055, "y": 1.055, "curve": "stepped" },
					{ "time": 0.6667, "x": 1.055, "y": 1.055 }
				]
			},
			"shouder_1": {
				"rotate": [
					{ "value": -74.21, "curve": "stepped" },
					{ "time": 0.6667, "value": -74.21 }
				],
				"translate": [
					{ "x": 28.3, "y": -0.56, "curve": "stepped" },
					{ "time": 0.6667, "x": 28.3, "y": -0.56 }
				],
				"scale": [
					{ "curve": "stepped" },
					{ "time": 0.6667 }
				]
			},
			"arm_1": {
				"rotate": [
					{ "value": -69.34, "curve": "stepped" },
					{ "time": 0.6667, "value": -69.34 }
				],
				"translate": [
					{ "x": 2.02, "y": 0.08, "curve": "stepped" },
					{ "time": 0.6667, "x": 2.02, "y": 0.08 }
				],
				"scale": [
					{ "curve": "stepped" },
					{ "time": 0.6667 }
				]
			},
			"shouder_2": {
				"rotate": [
					{ "value": 47.75, "curve": "stepped" },
					{ "time": 0.6667, "value": 47.75 }
				],
				"translate": [
					{ "x": 26.2, "y": -0.49, "curve": "stepped" },
					{ "time": 0.6667, "x": 26.2, "y": -0.49 }
				],
				"scale": [
					{ "curve": "stepped" },
					{ "time": 0.6667 }
				]
			},
			"arm_2": {
				"rotate": [
					{ "value": 13.65, "curve": "stepped" },
					{ "time": 0.6667, "value": 13.65 }
				],
				"translate": [
					{ "curve": "stepped" },
					{ "time": 0.6667 }
				],
				"scale": [
					{ "x": 0.945, "curve": "stepped" },
					{ "time": 0.6667, "x": 0.945 }
				]
			},
			"thigh_1": {
				"rotate": [
					{ "value": 24.72, "curve": "stepped" },
					{ "time": 0.6667, "value": 24.72 }
				],
				"translate": [
					{ "curve": "stepped" },
					{ "time": 0.6667 }
				],
				"scale": [
					{ "x": 0.739, "curve": "stepped" },
					{ "time": 0.6667, "x": 0.739 }
				]
			},
			"leg_1": {
				"rotate": [
					{ "curve": "stepped" },
					{ "time": 0.6667 }
				],
				"translate": [
					{ "curve": "stepped" },
					{ "time": 0.6667 }
				],
				"scale": [
					{ "curve": "stepped" },
					{ "time": 0.6667 }
				]
			},
			"thigh_2": {
				"rotate": [
					{ "value": 39.21, "curve": "stepped" },
					{ "time": 0.6667, "value": 39.21 }
				],
				"translate": [
					{ "curve": "stepped" },
					{ "time": 0.6667 }
				],
				"scale": [
					{ "x": 0.744, "curve": "stepped" },
					{ "time": 0.6667, "x": 0.744 }
				]
			},
			"leg_2": {
				"rotate": [
					{ "value": 18.14, "curve": "stepped" },
					{ "time": 0.6667, "value": 18.14 }
				],
				"translate": [
					{ "curve": "stepped" },
					{ "time": 0.6667 }
				],
				"scale": [
					{ "curve": "stepped" },
					{ "time": 0.6667 }
				]
			},
			"foot_2": {
				"rotate": [
					{ "curve": "stepped" },
					{ "time": 0.6667 }
				],
				"translate": [
					{ "x": -59.06, "y": 2.5, "curve": "stepped" },
					{ "time": 0.6667, "x": -59.06, "y": 2.5 }
				]
			},
			"foot_3": {
				"rotate": [
					{ "curve": "stepped" },
					{ "time": 0.6667 }
				],
				"translate": [
					{ "x": 117.61, "y": 2.21, "curve": "stepped" },
					{ "time": 0.6667, "x": 117.61, "y": 2.21 }
				]
			},
			"feeling_5": {
				"rotate": [
					{ "curve": "stepped" },
					{ "time": 0.6667 }
				],
				"translate": [
					{ "curve": "stepped" },
					{ "time": 0.6667 }
				]
			},
			"move": {
				"translate": [
					{ "x": 119.99, "curve": "stepped" },
					{ "time": 0.6667, "x": 119.99 }
				]
			},
			"feeling_1": {
				"rotate": [
					{ "value": 17.44, "curve": "stepped" },
					{ "time": 0.6667, "value": 17.44 }
				],
				"translate": [
					{ "x": 122.65, "y": -34.78, "curve": "stepped" },
					{ "time": 0.6667, "x": 122.65, "y": -34.78 }
				],
				"scale": [
					{ "x": -1.472, "y": 1.41, "curve": "stepped" },
					{ "time": 0.6667, "x": -1.472, "y": 1.41 }
				]
			},
			"feeling_2": {
				"rotate": [
					{ "value": -27.69, "curve": "stepped" },
					{ "time": 0.6667, "value": -27.69 }
				],
				"translate": [
					{ "x": -20.9, "y": 48.91, "curve": "stepped" },
					{ "time": 0.6667, "x": -20.9, "y": 48.91 }
				],
				"scale": [
					{ "x": -1.089, "y": 1.089, "curve": "stepped" },
					{ "time": 0.6667, "x": -1.089, "y": 1.089 }
				]
			}
		},
		"ik": {
			"foot_1": [
				{
					"stretch": true,
					"curve": [ 0.167, 1, 0.5, 1, 0.167, 0, 0.5, 0 ]
				},
				{ "time": 0.6667, "stretch": true }
			],
			"foot_2": [
				{
					"bendPositive": false,
					"stretch": true,
					"curve": [ 0.167, 1, 0.5, 1, 0.167, 0, 0.5, 0 ]
				},
				{ "time": 0.6667, "bendPositive": false, "stretch": true }
			]
		},
		"drawOrder": [
			{
				"offsets": [
					{ "slot": "shoulder4", "offset": -3 },
					{ "slot": "feeling_1", "offset": 1 }
				]
			},
			{
				"time": 0.6667,
				"offsets": [
					{ "slot": "shoulder4", "offset": -3 },
					{ "slot": "feeling_1", "offset": 1 }
				]
			}
		]
	},
	"t_27_1_win": {
		"slots": {
			"body": {
				"rgba": [
					{ "color": "000000ff", "curve": "stepped" },
					{ "time": 0.0333, "color": "000000ff" }
				]
			},
			"Emoji": {
				"attachment": [
					{ "name": "Emoji/emo_92" },
					{ "time": 0.0333, "name": "Emoji/emo_92" }
				]
			},
			"feeling_1": {
				"attachment": [
					{},
					{ "time": 0.0333 }
				]
			},
			"feeling_2": {
				"attachment": [
					{},
					{ "time": 0.0333 }
				]
			},
			"feeling_3": {
				"rgba": [
					{ "color": "ffffffff", "curve": "stepped" },
					{ "time": 0.0333, "color": "ffffffff" }
				],
				"attachment": [
					{},
					{ "time": 0.0333 }
				]
			},
			"feeling_5": {
				"attachment": [
					{ "name": "rung" },
					{ "time": 0.0333, "name": "rung" }
				]
			},
			"head": {
				"rgba": [
					{ "color": "ffffffff", "curve": "stepped" },
					{ "time": 0.0333, "color": "ffffffff" }
				],
				"attachment": [
					{ "name": "head" },
					{ "time": 0.0333, "name": "head" }
				]
			},
			"shoulder1": {
				"rgba": [
					{ "color": "000000ff", "curve": "stepped" },
					{ "time": 0.0333, "color": "000000ff" }
				],
				"attachment": [
					{ "name": "shoulder" },
					{ "time": 0.0333, "name": "shoulder" }
				]
			},
			"shoulder2": {
				"rgba": [
					{ "color": "000000ff", "curve": "stepped" },
					{ "time": 0.0333, "color": "000000ff" }
				],
				"attachment": [
					{ "name": "shoulder" },
					{ "time": 0.0333, "name": "shoulder" }
				]
			},
			"shoulder3": {
				"rgba": [
					{ "color": "000000ff", "curve": "stepped" },
					{ "time": 0.0333, "color": "000000ff" }
				],
				"attachment": [
					{ "name": "shoulder" },
					{ "time": 0.0333, "name": "shoulder" }
				]
			},
			"shoulder4": {
				"rgba": [
					{ "color": "000000ff", "curve": "stepped" },
					{ "time": 0.0333, "color": "000000ff" }
				],
				"attachment": [
					{ "name": "shoulder" },
					{ "time": 0.0333, "name": "shoulder" }
				]
			},
			"thigh": {
				"rgba": [
					{ "color": "000000ff", "curve": "stepped" },
					{ "time": 0.0333, "color": "000000ff" }
				]
			},
			"thigh2": {
				"rgba": [
					{ "color": "000000ff", "curve": "stepped" },
					{ "time": 0.0333, "color": "000000ff" }
				]
			},
			"thigh3": {
				"rgba": [
					{ "color": "000000ff", "curve": "stepped" },
					{ "time": 0.0333, "color": "000000ff" }
				]
			},
			"thigh4": {
				"rgba": [
					{ "color": "000000ff", "curve": "stepped" },
					{ "time": 0.0333, "color": "000000ff" }
				]
			}
		},
		"bones": {
			"head": {
				"rotate": [
					{ "value": 19.69, "curve": "stepped" },
					{ "time": 0.0333, "value": 19.69 }
				],
				"translate": [
					{ "x": -32.82, "y": 12.51, "curve": "stepped" },
					{ "time": 0.0333, "x": -32.82, "y": 12.51 }
				],
				"scale": [
					{ "curve": "stepped" },
					{ "time": 0.0333 }
				]
			},
			"root": {
				"rotate": [
					{ "curve": "stepped" },
					{ "time": 0.0333 }
				],
				"translate": [
					{ "curve": "stepped" },
					{ "time": 0.0333 }
				]
			},
			"main": {
				"rotate": [
					{ "value": -4.88, "curve": "stepped" },
					{ "time": 0.0333, "value": -4.88 }
				],
				"translate": [
					{ "x": 98.69, "y": -154.87, "curve": "stepped" },
					{ "time": 0.0333, "x": 98.69, "y": -154.87 }
				]
			},
			"hip": {
				"rotate": [
					{ "curve": "stepped" },
					{ "time": 0.0333 }
				],
				"translate": [
					{ "curve": "stepped" },
					{ "time": 0.0333 }
				]
			},
			"body": {
				"rotate": [
					{ "value": 12.16, "curve": "stepped" },
					{ "time": 0.0333, "value": 12.16 }
				],
				"translate": [
					{ "curve": "stepped" },
					{ "time": 0.0333 }
				],
				"scale": [
					{ "curve": "stepped" },
					{ "time": 0.0333 }
				]
			},
			"body2": {
				"rotate": [
					{ "value": 2.7, "curve": "stepped" },
					{ "time": 0.0333, "value": 2.7 }
				],
				"translate": [
					{ "curve": "stepped" },
					{ "time": 0.0333 }
				],
				"scale": [
					{ "curve": "stepped" },
					{ "time": 0.0333 }
				]
			},
			"body3": {
				"rotate": [
					{ "value": 2.7, "curve": "stepped" },
					{ "time": 0.0333, "value": 2.7 }
				],
				"translate": [
					{ "curve": "stepped" },
					{ "time": 0.0333 }
				],
				"scale": [
					{ "curve": "stepped" },
					{ "time": 0.0333 }
				]
			},
			"body4": {
				"rotate": [
					{ "value": 2.7, "curve": "stepped" },
					{ "time": 0.0333, "value": 2.7 }
				],
				"translate": [
					{ "curve": "stepped" },
					{ "time": 0.0333 }
				],
				"scale": [
					{ "curve": "stepped" },
					{ "time": 0.0333 }
				]
			},
			"body5": {
				"rotate": [
					{ "value": 2.7, "curve": "stepped" },
					{ "time": 0.0333, "value": 2.7 }
				],
				"translate": [
					{ "curve": "stepped" },
					{ "time": 0.0333 }
				],
				"scale": [
					{ "curve": "stepped" },
					{ "time": 0.0333 }
				]
			},
			"body6": {
				"rotate": [
					{ "value": 2.7, "curve": "stepped" },
					{ "time": 0.0333, "value": 2.7 }
				],
				"translate": [
					{ "curve": "stepped" },
					{ "time": 0.0333 }
				],
				"scale": [
					{ "curve": "stepped" },
					{ "time": 0.0333 }
				]
			},
			"body7": {
				"rotate": [
					{ "value": -3.17, "curve": "stepped" },
					{ "time": 0.0333, "value": -3.17 }
				],
				"translate": [
					{ "curve": "stepped" },
					{ "time": 0.0333 }
				],
				"scale": [
					{ "curve": "stepped" },
					{ "time": 0.0333 }
				]
			},
			"body8": {
				"rotate": [
					{ "value": -3.17, "curve": "stepped" },
					{ "time": 0.0333, "value": -3.17 }
				],
				"translate": [
					{ "curve": "stepped" },
					{ "time": 0.0333 }
				],
				"scale": [
					{ "curve": "stepped" },
					{ "time": 0.0333 }
				]
			},
			"feeling_3": {
				"rotate": [
					{ "value": -39.26, "curve": "stepped" },
					{ "time": 0.0333, "value": -39.26 }
				],
				"translate": [
					{ "x": 123.32, "y": 1.84, "curve": "stepped" },
					{ "time": 0.0333, "x": 123.32, "y": 1.84 }
				],
				"scale": [
					{ "x": 2.262, "y": 2.262, "curve": "stepped" },
					{ "time": 0.0333, "x": 2.262, "y": 2.262 }
				]
			},
			"emoji": {
				"rotate": [
					{ "value": -23.54, "curve": "stepped" },
					{ "time": 0.0333, "value": -23.54 }
				],
				"translate": [
					{ "x": 7.04, "y": 15.03, "curve": "stepped" },
					{ "time": 0.0333, "x": 7.04, "y": 15.03 }
				],
				"scale": [
					{ "x": -1, "curve": "stepped" },
					{ "time": 0.0333, "x": -1 }
				]
			},
			"shouder_1": {
				"rotate": [
					{ "value": -168.87, "curve": "stepped" },
					{ "time": 0.0333, "value": -168.87 }
				],
				"translate": [
					{ "x": 6.56, "y": 0.05, "curve": "stepped" },
					{ "time": 0.0333, "x": 6.56, "y": 0.05 }
				],
				"scale": [
					{ "x": 0.908, "curve": "stepped" },
					{ "time": 0.0333, "x": 0.908 }
				]
			},
			"arm_1": {
				"rotate": [
					{ "value": -32.21, "curve": "stepped" },
					{ "time": 0.0333, "value": -32.21 }
				],
				"translate": [
					{ "x": 2.02, "y": 0.08, "curve": "stepped" },
					{ "time": 0.0333, "x": 2.02, "y": 0.08 }
				],
				"scale": [
					{ "x": 1.128, "curve": "stepped" },
					{ "time": 0.0333, "x": 1.128 }
				]
			},
			"shouder_2": {
				"rotate": [
					{ "value": 30.28, "curve": "stepped" },
					{ "time": 0.0333, "value": 30.28 }
				],
				"translate": [
					{ "x": 5.41, "y": 0.57, "curve": "stepped" },
					{ "time": 0.0333, "x": 5.41, "y": 0.57 }
				],
				"scale": [
					{ "curve": "stepped" },
					{ "time": 0.0333 }
				]
			},
			"arm_2": {
				"rotate": [
					{ "value": -46.86, "curve": "stepped" },
					{ "time": 0.0333, "value": -46.86 }
				]
			},
			"thigh_1": {
				"rotate": [
					{ "value": 24.72, "curve": "stepped" },
					{ "time": 0.0333, "value": 24.72 }
				],
				"translate": [
					{ "curve": "stepped" },
					{ "time": 0.0333 }
				],
				"scale": [
					{ "curve": "stepped" },
					{ "time": 0.0333 }
				]
			},
			"leg_1": {
				"rotate": [
					{ "curve": "stepped" },
					{ "time": 0.0333 }
				],
				"translate": [
					{ "curve": "stepped" },
					{ "time": 0.0333 }
				]
			},
			"thigh_2": {
				"rotate": [
					{ "value": 39.21, "curve": "stepped" },
					{ "time": 0.0333, "value": 39.21 }
				],
				"translate": [
					{ "curve": "stepped" },
					{ "time": 0.0333 }
				],
				"scale": [
					{ "curve": "stepped" },
					{ "time": 0.0333 }
				]
			},
			"leg_2": {
				"rotate": [
					{ "value": 18.14, "curve": "stepped" },
					{ "time": 0.0333, "value": 18.14 }
				],
				"translate": [
					{ "curve": "stepped" },
					{ "time": 0.0333 }
				]
			},
			"foot_2": {
				"rotate": [
					{ "value": -6.93, "curve": "stepped" },
					{ "time": 0.0333, "value": -6.93 }
				],
				"translate": [
					{ "x": -8.47, "y": -9.6, "curve": "stepped" },
					{ "time": 0.0333, "x": -8.47, "y": -9.6 }
				]
			},
			"foot_3": {
				"rotate": [
					{ "value": 155.34, "curve": "stepped" },
					{ "time": 0.0333, "value": 155.34 }
				],
				"translate": [
					{ "x": 163.19, "y": 2.53, "curve": "stepped" },
					{ "time": 0.0333, "x": 163.19, "y": 2.53 }
				]
			},
			"feeling_5": {
				"rotate": [
					{ "value": 106.52, "curve": "stepped" },
					{ "time": 0.0333, "value": 106.52 }
				],
				"translate": [
					{ "x": -4.26, "y": -62.76, "curve": "stepped" },
					{ "time": 0.0333, "x": -4.26, "y": -62.76 }
				],
				"scale": [
					{ "x": 0.446, "y": 0.446, "curve": "stepped" },
					{ "time": 0.0333, "x": 0.446, "y": 0.446 }
				]
			},
			"feeling_1": {
				"rotate": [
					{ "value": -32.96, "curve": "stepped" },
					{ "time": 0.0333, "value": -32.96 }
				],
				"translate": [
					{ "x": -98.9, "y": -129.43, "curve": "stepped" },
					{ "time": 0.0333, "x": -98.9, "y": -129.43 }
				],
				"scale": [
					{ "x": -1.065, "y": 1.065, "curve": "stepped" },
					{ "time": 0.0333, "x": -1.065, "y": 1.065 }
				]
			},
			"feeling_2": {
				"rotate": [
					{ "value": 6.35, "curve": "stepped" },
					{ "time": 0.0333, "value": 6.35 }
				],
				"translate": [
					{ "x": -276.58, "y": -214.45, "curve": "stepped" },
					{ "time": 0.0333, "x": -276.58, "y": -214.45 }
				],
				"scale": [
					{ "x": 0.73, "y": 0.73, "curve": "stepped" },
					{ "time": 0.0333, "x": 0.73, "y": 0.73 }
				]
			},
			"item_1": {
				"rotate": [
					{ "value": 62.58, "curve": "stepped" },
					{ "time": 0.0333, "value": 62.58 }
				],
				"translate": [
					{ "x": -45.56, "y": -149.86, "curve": "stepped" },
					{ "time": 0.0333, "x": -45.56, "y": -149.86 }
				],
				"scale": [
					{ "x": 0.835, "y": 0.835, "curve": "stepped" },
					{ "time": 0.0333, "x": 0.835, "y": 0.835 }
				]
			},
			"move": {
				"translate": [
					{ "x": 120, "y": 1.91, "curve": "stepped" },
					{ "time": 0.0333, "x": 120, "y": 1.91 }
				],
				"scale": [
					{ "curve": "stepped" },
					{ "time": 0.0333 }
				]
			}
		},
		"ik": {
			"foot_1": [
				{
					"stretch": true,
					"curve": [ 0.008, 1, 0.025, 1, 0.008, 0, 0.025, 0 ]
				},
				{ "time": 0.0333, "stretch": true }
			],
			"foot_2": [
				{
					"stretch": true,
					"curve": [ 0.008, 1, 0.025, 1, 0.008, 0, 0.025, 0 ]
				},
				{ "time": 0.0333, "stretch": true }
			]
		},
		"drawOrder": [
			{
				"offsets": [
					{ "slot": "Emoji", "offset": 4 },
					{ "slot": "feeling_2", "offset": -12 }
				]
			},
			{
				"time": 0.0333,
				"offsets": [
					{ "slot": "Emoji", "offset": 4 },
					{ "slot": "feeling_2", "offset": -12 }
				]
			}
		]
	},
	"t_27_2_be": {
		"slots": {
			"body": {
				"rgba": [
					{ "color": "000000ff", "curve": "stepped" },
					{ "time": 0.0333, "color": "000000ff" }
				]
			},
			"Emoji": {
				"attachment": [
					{ "name": "Emoji/emo_41" },
					{ "time": 0.0333, "name": "Emoji/emo_41" }
				]
			},
			"feeling_1": {
				"attachment": [
					{ "name": "Emoji/hoi_cham" },
					{ "time": 0.0333, "name": "Emoji/hoi_cham" }
				]
			},
			"feeling_2": {
				"attachment": [
					{ "name": "cauco" },
					{ "time": 0.0333, "name": "cauco" }
				]
			},
			"feeling_3": {
				"attachment": [
					{ "name": "Emoji/hoi_cham" },
					{ "time": 0.0333, "name": "Emoji/hoi_cham" }
				]
			},
			"feeling_5": {
				"attachment": [
					{},
					{ "time": 0.0333 }
				]
			},
			"hair": {
				"attachment": [
					{ "name": "hair/man/mu_3" },
					{ "time": 0.0333, "name": "hair/man/mu_3" }
				]
			},
			"head": {
				"rgba": [
					{ "color": "ffffffff", "curve": "stepped" },
					{ "time": 0.0333, "color": "ffffffff" }
				],
				"attachment": [
					{ "name": "head" },
					{ "time": 0.0333, "name": "head" }
				]
			},
			"shoulder1": {
				"rgba": [
					{ "color": "000000ff", "curve": "stepped" },
					{ "time": 0.0333, "color": "000000ff" }
				],
				"attachment": [
					{ "name": "shoulder" },
					{ "time": 0.0333, "name": "shoulder" }
				]
			},
			"shoulder2": {
				"rgba": [
					{ "color": "000000ff", "curve": "stepped" },
					{ "time": 0.0333, "color": "000000ff" }
				],
				"attachment": [
					{ "name": "shoulder" },
					{ "time": 0.0333, "name": "shoulder" }
				]
			},
			"shoulder3": {
				"rgba": [
					{ "color": "000000ff", "curve": "stepped" },
					{ "time": 0.0333, "color": "000000ff" }
				],
				"attachment": [
					{ "name": "shoulder" },
					{ "time": 0.0333, "name": "shoulder" }
				]
			},
			"shoulder4": {
				"rgba": [
					{ "color": "000000ff", "curve": "stepped" },
					{ "time": 0.0333, "color": "000000ff" }
				],
				"attachment": [
					{ "name": "shoulder" },
					{ "time": 0.0333, "name": "shoulder" }
				]
			},
			"thigh": {
				"rgba": [
					{ "color": "000000ff", "curve": "stepped" },
					{ "time": 0.0333, "color": "000000ff" }
				]
			},
			"thigh2": {
				"rgba": [
					{ "color": "000000ff", "curve": "stepped" },
					{ "time": 0.0333, "color": "000000ff" }
				]
			},
			"thigh3": {
				"rgba": [
					{ "color": "000000ff", "curve": "stepped" },
					{ "time": 0.0333, "color": "000000ff" }
				]
			},
			"thigh4": {
				"rgba": [
					{ "color": "000000ff", "curve": "stepped" },
					{ "time": 0.0333, "color": "000000ff" }
				]
			}
		},
		"bones": {
			"head": {
				"rotate": [
					{ "value": -13.68, "curve": "stepped" },
					{ "time": 0.0333, "value": -13.68 }
				],
				"translate": [
					{ "x": -9.83, "y": 37.85, "curve": "stepped" },
					{ "time": 0.0333, "x": -9.83, "y": 37.85 }
				],
				"scale": [
					{ "curve": "stepped" },
					{ "time": 0.0333 }
				]
			},
			"root": {
				"rotate": [
					{ "curve": "stepped" },
					{ "time": 0.0333 }
				],
				"translate": [
					{ "curve": "stepped" },
					{ "time": 0.0333 }
				]
			},
			"main": {
				"rotate": [
					{ "value": -8.8, "curve": "stepped" },
					{ "time": 0.0333, "value": -8.8 }
				],
				"translate": [
					{ "x": -11.23, "y": -21.75, "curve": "stepped" },
					{ "time": 0.0333, "x": -11.23, "y": -21.75 }
				]
			},
			"hip": {
				"rotate": [
					{ "curve": "stepped" },
					{ "time": 0.0333 }
				],
				"translate": [
					{ "curve": "stepped" },
					{ "time": 0.0333 }
				]
			},
			"body": {
				"rotate": [
					{ "value": 8.99, "curve": "stepped" },
					{ "time": 0.0333, "value": 8.99 }
				],
				"translate": [
					{ "curve": "stepped" },
					{ "time": 0.0333 }
				]
			},
			"body2": {
				"rotate": [
					{ "value": 2.44, "curve": "stepped" },
					{ "time": 0.0333, "value": 2.44 }
				],
				"translate": [
					{ "curve": "stepped" },
					{ "time": 0.0333 }
				]
			},
			"body3": {
				"rotate": [
					{ "value": 2.44, "curve": "stepped" },
					{ "time": 0.0333, "value": 2.44 }
				],
				"translate": [
					{ "curve": "stepped" },
					{ "time": 0.0333 }
				]
			},
			"body4": {
				"rotate": [
					{ "value": 1.53, "curve": "stepped" },
					{ "time": 0.0333, "value": 1.53 }
				],
				"translate": [
					{ "curve": "stepped" },
					{ "time": 0.0333 }
				]
			},
			"body5": {
				"rotate": [
					{ "value": -0.53, "curve": "stepped" },
					{ "time": 0.0333, "value": -0.53 }
				],
				"translate": [
					{ "curve": "stepped" },
					{ "time": 0.0333 }
				]
			},
			"body6": {
				"rotate": [
					{ "value": 3.02, "curve": "stepped" },
					{ "time": 0.0333, "value": 3.02 }
				],
				"translate": [
					{ "curve": "stepped" },
					{ "time": 0.0333 }
				]
			},
			"body7": {
				"rotate": [
					{ "value": 2.44, "curve": "stepped" },
					{ "time": 0.0333, "value": 2.44 }
				],
				"translate": [
					{ "curve": "stepped" },
					{ "time": 0.0333 }
				]
			},
			"body8": {
				"rotate": [
					{ "value": 2.44, "curve": "stepped" },
					{ "time": 0.0333, "value": 2.44 }
				],
				"translate": [
					{ "curve": "stepped" },
					{ "time": 0.0333 }
				]
			},
			"feeling_3": {
				"rotate": [
					{ "value": -86.72, "curve": "stepped" },
					{ "time": 0.0333, "value": -86.72 }
				],
				"translate": [
					{ "x": -56.29, "y": -143.39, "curve": "stepped" },
					{ "time": 0.0333, "x": -56.29, "y": -143.39 }
				],
				"scale": [
					{ "x": -1.105, "y": 1.105, "curve": "stepped" },
					{ "time": 0.0333, "x": -1.105, "y": 1.105 }
				]
			},
			"emoji": {
				"rotate": [
					{ "value": -3.35, "curve": "stepped" },
					{ "time": 0.0333, "value": -3.35 }
				],
				"translate": [
					{ "x": -9.33, "y": 13.59, "curve": "stepped" },
					{ "time": 0.0333, "x": -9.33, "y": 13.59 }
				],
				"scale": [
					{ "curve": "stepped" },
					{ "time": 0.0333 }
				]
			},
			"shouder_1": {
				"rotate": [
					{ "value": -58.36, "curve": "stepped" },
					{ "time": 0.0333, "value": -58.36 }
				],
				"translate": [
					{ "x": 19.7, "y": 0.58, "curve": "stepped" },
					{ "time": 0.0333, "x": 19.7, "y": 0.58 }
				],
				"scale": [
					{ "curve": "stepped" },
					{ "time": 0.0333 }
				],
				"shear": [
					{ "y": 1, "curve": "stepped" },
					{ "time": 0.0333, "y": 1 }
				]
			},
			"arm_1": {
				"rotate": [
					{ "value": -66.83, "curve": "stepped" },
					{ "time": 0.0333, "value": -66.83 }
				],
				"translate": [
					{ "x": 2.02, "y": 0.08, "curve": "stepped" },
					{ "time": 0.0333, "x": 2.02, "y": 0.08 }
				],
				"scale": [
					{ "curve": "stepped" },
					{ "time": 0.0333 }
				]
			},
			"shouder_2": {
				"rotate": [
					{ "value": 62.03, "curve": "stepped" },
					{ "time": 0.0333, "value": 62.03 }
				],
				"translate": [
					{ "x": 17.91, "y": 2, "curve": "stepped" },
					{ "time": 0.0333, "x": 17.91, "y": 2 }
				],
				"scale": [
					{ "curve": "stepped" },
					{ "time": 0.0333 }
				]
			},
			"arm_2": {
				"rotate": [
					{ "value": -49.37, "curve": "stepped" },
					{ "time": 0.0333, "value": -49.37 }
				],
				"scale": [
					{ "curve": "stepped" },
					{ "time": 0.0333 }
				]
			},
			"thigh_1": {
				"rotate": [
					{ "value": -6.18, "curve": "stepped" },
					{ "time": 0.0333, "value": -6.18 }
				],
				"translate": [
					{ "curve": "stepped" },
					{ "time": 0.0333 }
				]
			},
			"leg_1": {
				"rotate": [
					{ "value": 5.22, "curve": "stepped" },
					{ "time": 0.0333, "value": 5.22 }
				],
				"translate": [
					{ "curve": "stepped" },
					{ "time": 0.0333 }
				]
			},
			"thigh_2": {
				"rotate": [
					{ "value": 2.51, "curve": "stepped" },
					{ "time": 0.0333, "value": 2.51 }
				],
				"translate": [
					{ "curve": "stepped" },
					{ "time": 0.0333 }
				],
				"scale": [
					{ "curve": "stepped" },
					{ "time": 0.0333 }
				]
			},
			"leg_2": {
				"rotate": [
					{ "value": 3.66, "curve": "stepped" },
					{ "time": 0.0333, "value": 3.66 }
				],
				"translate": [
					{ "curve": "stepped" },
					{ "time": 0.0333 }
				]
			},
			"foot_2": {
				"rotate": [
					{ "curve": "stepped" },
					{ "time": 0.0333 }
				],
				"translate": [
					{ "x": -58.76, "y": 1.58, "curve": "stepped" },
					{ "time": 0.0333, "x": -58.76, "y": 1.58 }
				]
			},
			"foot_3": {
				"rotate": [
					{ "curve": "stepped" },
					{ "time": 0.0333 }
				],
				"translate": [
					{ "x": 88.17, "y": 3.32, "curve": "stepped" },
					{ "time": 0.0333, "x": 88.17, "y": 3.32 }
				]
			},
			"feeling_5": {
				"rotate": [
					{ "curve": "stepped" },
					{ "time": 0.0333 }
				],
				"translate": [
					{ "curve": "stepped" },
					{ "time": 0.0333 }
				]
			},
			"feeling_1": {
				"rotate": [
					{ "value": 39.88, "curve": "stepped" },
					{ "time": 0.0333, "value": 39.88 }
				],
				"translate": [
					{ "x": -259.34, "y": -38.2, "curve": "stepped" },
					{ "time": 0.0333, "x": -259.34, "y": -38.2 }
				],
				"scale": [
					{ "x": -0.561, "y": 0.561, "curve": "stepped" },
					{ "time": 0.0333, "x": -0.561, "y": 0.561 }
				]
			},
			"feeling_2": {
				"rotate": [
					{ "value": -140.93, "curve": "stepped" },
					{ "time": 0.0333, "value": -140.93 }
				],
				"translate": [
					{ "x": -126.54, "y": -43.47, "curve": "stepped" },
					{ "time": 0.0333, "x": -126.54, "y": -43.47 }
				],
				"scale": [
					{ "x": 1.069, "y": 1.069, "curve": "stepped" },
					{ "time": 0.0333, "x": 1.069, "y": 1.069 }
				]
			},
			"move": {
				"translate": [
					{ "x": 119.99, "curve": "stepped" },
					{ "time": 0.0333, "x": 119.99 }
				]
			},
			"item_1": {
				"rotate": [
					{ "value": 20.66, "curve": "stepped" },
					{ "time": 0.0333, "value": 20.66 }
				],
				"translate": [
					{ "x": -36.36, "y": 157.86, "curve": "stepped" },
					{ "time": 0.0333, "x": -36.36, "y": 157.86 }
				],
				"scale": [
					{ "x": -0.675, "y": 0.675, "curve": "stepped" },
					{ "time": 0.0333, "x": -0.675, "y": 0.675 }
				]
			},
			"hair_1": {
				"rotate": [
					{ "value": 6.72, "curve": "stepped" },
					{ "time": 0.0333, "value": 6.72 }
				],
				"translate": [
					{ "x": 4.79, "y": 561.86, "curve": "stepped" },
					{ "time": 0.0333, "x": 4.79, "y": 561.86 }
				],
				"scale": [
					{ "x": -1.035, "y": 1.035, "curve": "stepped" },
					{ "time": 0.0333, "x": -1.035, "y": 1.035 }
				]
			}
		},
		"ik": {
			"foot_1": [
				{
					"stretch": true,
					"curve": [ 0.008, 1, 0.025, 1, 0.008, 0, 0.025, 0 ]
				},
				{ "time": 0.0333, "stretch": true }
			],
			"foot_2": [
				{
					"bendPositive": false,
					"stretch": true,
					"curve": [ 0.008, 1, 0.025, 1, 0.008, 0, 0.025, 0 ]
				},
				{ "time": 0.0333, "bendPositive": false, "stretch": true }
			]
		},
		"drawOrder": [
			{
				"offsets": [
					{ "slot": "shoulder4", "offset": -3 }
				]
			},
			{
				"time": 0.0333,
				"offsets": [
					{ "slot": "shoulder4", "offset": -3 }
				]
			}
		]
	},
	"t_27_2_lose": {
		"slots": {
			"body": {
				"rgba": [
					{ "color": "000000ff", "curve": "stepped" },
					{ "time": 0.0333, "color": "000000ff" }
				]
			},
			"Emoji": {
				"attachment": [
					{ "name": "Emoji/emo_75" },
					{ "time": 0.0333, "name": "Emoji/emo_75" }
				]
			},
			"feeling_1": {
				"attachment": [
					{},
					{ "time": 0.0333 }
				]
			},
			"feeling_2": {
				"attachment": [
					{},
					{ "time": 0.0333 }
				]
			},
			"feeling_3": {
				"attachment": [
					{},
					{ "time": 0.0333 }
				]
			},
			"feeling_5": {
				"attachment": [
					{},
					{ "time": 0.0333 }
				]
			},
			"hair": {
				"attachment": [
					{ "name": "hair/man/mu_3" },
					{ "time": 0.0333, "name": "hair/man/mu_3" }
				]
			},
			"head": {
				"rgba": [
					{ "color": "ffffffff", "curve": "stepped" },
					{ "time": 0.0333, "color": "ffffffff" }
				],
				"attachment": [
					{ "name": "head" },
					{ "time": 0.0333, "name": "head" }
				]
			},
			"shoulder1": {
				"rgba": [
					{ "color": "000000ff", "curve": "stepped" },
					{ "time": 0.0333, "color": "000000ff" }
				],
				"attachment": [
					{ "name": "shoulder" },
					{ "time": 0.0333, "name": "shoulder" }
				]
			},
			"shoulder2": {
				"rgba": [
					{ "color": "000000ff", "curve": "stepped" },
					{ "time": 0.0333, "color": "000000ff" }
				],
				"attachment": [
					{ "name": "shoulder" },
					{ "time": 0.0333, "name": "shoulder" }
				]
			},
			"shoulder3": {
				"rgba": [
					{ "color": "000000ff", "curve": "stepped" },
					{ "time": 0.0333, "color": "000000ff" }
				],
				"attachment": [
					{ "name": "shoulder" },
					{ "time": 0.0333, "name": "shoulder" }
				]
			},
			"shoulder4": {
				"rgba": [
					{ "color": "000000ff", "curve": "stepped" },
					{ "time": 0.0333, "color": "000000ff" }
				],
				"attachment": [
					{ "name": "shoulder" },
					{ "time": 0.0333, "name": "shoulder" }
				]
			},
			"thigh": {
				"rgba": [
					{ "color": "000000ff", "curve": "stepped" },
					{ "time": 0.0333, "color": "000000ff" }
				]
			},
			"thigh2": {
				"rgba": [
					{ "color": "000000ff", "curve": "stepped" },
					{ "time": 0.0333, "color": "000000ff" }
				]
			},
			"thigh3": {
				"rgba": [
					{ "color": "000000ff", "curve": "stepped" },
					{ "time": 0.0333, "color": "000000ff" }
				]
			},
			"thigh4": {
				"rgba": [
					{ "color": "000000ff", "curve": "stepped" },
					{ "time": 0.0333, "color": "000000ff" }
				]
			}
		},
		"bones": {
			"head": {
				"rotate": [
					{ "value": 9.8, "curve": "stepped" },
					{ "time": 0.0333, "value": 9.8 }
				],
				"translate": [
					{ "x": -2.6, "y": -12.66, "curve": "stepped" },
					{ "time": 0.0333, "x": -2.6, "y": -12.66 }
				],
				"scale": [
					{ "curve": "stepped" },
					{ "time": 0.0333 }
				]
			},
			"root": {
				"rotate": [
					{ "curve": "stepped" },
					{ "time": 0.0333 }
				],
				"translate": [
					{ "curve": "stepped" },
					{ "time": 0.0333 }
				]
			},
			"main": {
				"rotate": [
					{ "value": -8.8, "curve": "stepped" },
					{ "time": 0.0333, "value": -8.8 }
				],
				"translate": [
					{ "x": 6.42, "y": -68.57, "curve": "stepped" },
					{ "time": 0.0333, "x": 6.42, "y": -68.57 }
				]
			},
			"hip": {
				"rotate": [
					{ "curve": "stepped" },
					{ "time": 0.0333 }
				],
				"translate": [
					{ "curve": "stepped" },
					{ "time": 0.0333 }
				]
			},
			"body": {
				"rotate": [
					{ "value": 4.03, "curve": "stepped" },
					{ "time": 0.0333, "value": 4.03 }
				],
				"translate": [
					{ "curve": "stepped" },
					{ "time": 0.0333 }
				]
			},
			"body2": {
				"rotate": [
					{ "value": -2.52, "curve": "stepped" },
					{ "time": 0.0333, "value": -2.52 }
				],
				"translate": [
					{ "curve": "stepped" },
					{ "time": 0.0333 }
				]
			},
			"body3": {
				"rotate": [
					{ "value": -2.52, "curve": "stepped" },
					{ "time": 0.0333, "value": -2.52 }
				],
				"translate": [
					{ "curve": "stepped" },
					{ "time": 0.0333 }
				]
			},
			"body4": {
				"rotate": [
					{ "value": -3.43, "curve": "stepped" },
					{ "time": 0.0333, "value": -3.43 }
				],
				"translate": [
					{ "curve": "stepped" },
					{ "time": 0.0333 }
				]
			},
			"body5": {
				"rotate": [
					{ "value": -5.49, "curve": "stepped" },
					{ "time": 0.0333, "value": -5.49 }
				],
				"translate": [
					{ "curve": "stepped" },
					{ "time": 0.0333 }
				]
			},
			"body6": {
				"rotate": [
					{ "value": -1.94, "curve": "stepped" },
					{ "time": 0.0333, "value": -1.94 }
				],
				"translate": [
					{ "curve": "stepped" },
					{ "time": 0.0333 }
				]
			},
			"body7": {
				"rotate": [
					{ "value": -2.52, "curve": "stepped" },
					{ "time": 0.0333, "value": -2.52 }
				],
				"translate": [
					{ "curve": "stepped" },
					{ "time": 0.0333 }
				]
			},
			"body8": {
				"rotate": [
					{ "value": -2.52, "curve": "stepped" },
					{ "time": 0.0333, "value": -2.52 }
				],
				"translate": [
					{ "curve": "stepped" },
					{ "time": 0.0333 }
				]
			},
			"feeling_3": {
				"rotate": [
					{ "value": -86.72, "curve": "stepped" },
					{ "time": 0.0333, "value": -86.72 }
				],
				"translate": [
					{ "x": -56.29, "y": -143.39, "curve": "stepped" },
					{ "time": 0.0333, "x": -56.29, "y": -143.39 }
				],
				"scale": [
					{ "x": -1.105, "y": 1.105, "curve": "stepped" },
					{ "time": 0.0333, "x": -1.105, "y": 1.105 }
				]
			},
			"emoji": {
				"rotate": [
					{ "value": 10.7, "curve": "stepped" },
					{ "time": 0.0333, "value": 10.7 }
				],
				"translate": [
					{ "x": -6, "y": -22.98, "curve": "stepped" },
					{ "time": 0.0333, "x": -6, "y": -22.98 }
				],
				"scale": [
					{ "x": -1, "curve": "stepped" },
					{ "time": 0.0333, "x": -1 }
				]
			},
			"shouder_1": {
				"rotate": [
					{ "value": -22.44, "curve": "stepped" },
					{ "time": 0.0333, "value": -22.44 }
				],
				"translate": [
					{ "x": 26.71, "y": -1.1, "curve": "stepped" },
					{ "time": 0.0333, "x": 26.71, "y": -1.1 }
				],
				"scale": [
					{ "curve": "stepped" },
					{ "time": 0.0333 }
				],
				"shear": [
					{ "y": 1, "curve": "stepped" },
					{ "time": 0.0333, "y": 1 }
				]
			},
			"arm_1": {
				"rotate": [
					{ "value": 39.26, "curve": "stepped" },
					{ "time": 0.0333, "value": 39.26 }
				],
				"translate": [
					{ "x": 2.02, "y": 0.08, "curve": "stepped" },
					{ "time": 0.0333, "x": 2.02, "y": 0.08 }
				],
				"scale": [
					{ "curve": "stepped" },
					{ "time": 0.0333 }
				]
			},
			"shouder_2": {
				"rotate": [
					{ "value": 139.48, "curve": "stepped" },
					{ "time": 0.0333, "value": 139.48 }
				],
				"translate": [
					{ "x": 24.92, "y": 0.32, "curve": "stepped" },
					{ "time": 0.0333, "x": 24.92, "y": 0.32 }
				],
				"scale": [
					{ "curve": "stepped" },
					{ "time": 0.0333 }
				]
			},
			"arm_2": {
				"rotate": [
					{ "value": 69.15, "curve": "stepped" },
					{ "time": 0.0333, "value": 69.15 }
				],
				"scale": [
					{ "curve": "stepped" },
					{ "time": 0.0333 }
				]
			},
			"thigh_1": {
				"rotate": [
					{ "value": -6.18, "curve": "stepped" },
					{ "time": 0.0333, "value": -6.18 }
				],
				"translate": [
					{ "curve": "stepped" },
					{ "time": 0.0333 }
				]
			},
			"leg_1": {
				"rotate": [
					{ "value": 5.22, "curve": "stepped" },
					{ "time": 0.0333, "value": 5.22 }
				],
				"translate": [
					{ "curve": "stepped" },
					{ "time": 0.0333 }
				]
			},
			"thigh_2": {
				"rotate": [
					{ "value": 2.51, "curve": "stepped" },
					{ "time": 0.0333, "value": 2.51 }
				],
				"translate": [
					{ "curve": "stepped" },
					{ "time": 0.0333 }
				],
				"scale": [
					{ "curve": "stepped" },
					{ "time": 0.0333 }
				]
			},
			"leg_2": {
				"rotate": [
					{ "value": 3.66, "curve": "stepped" },
					{ "time": 0.0333, "value": 3.66 }
				],
				"translate": [
					{ "curve": "stepped" },
					{ "time": 0.0333 }
				]
			},
			"foot_2": {
				"rotate": [
					{ "curve": "stepped" },
					{ "time": 0.0333 }
				],
				"translate": [
					{ "x": -58.76, "y": 1.58, "curve": "stepped" },
					{ "time": 0.0333, "x": -58.76, "y": 1.58 }
				]
			},
			"foot_3": {
				"rotate": [
					{ "curve": "stepped" },
					{ "time": 0.0333 }
				],
				"translate": [
					{ "x": 127.05, "y": 3.45, "curve": "stepped" },
					{ "time": 0.0333, "x": 127.05, "y": 3.45 }
				]
			},
			"feeling_5": {
				"rotate": [
					{ "value": -76.48, "curve": "stepped" },
					{ "time": 0.0333, "value": -76.48 }
				],
				"translate": [
					{ "x": 68.91, "y": 145.85, "curve": "stepped" },
					{ "time": 0.0333, "x": 68.91, "y": 145.85 }
				],
				"scale": [
					{ "x": -0.881, "y": 0.881, "curve": "stepped" },
					{ "time": 0.0333, "x": -0.881, "y": 0.881 }
				]
			},
			"feeling_1": {
				"rotate": [
					{ "value": 39.88, "curve": "stepped" },
					{ "time": 0.0333, "value": 39.88 }
				],
				"translate": [
					{ "x": -259.34, "y": -38.2, "curve": "stepped" },
					{ "time": 0.0333, "x": -259.34, "y": -38.2 }
				],
				"scale": [
					{ "x": -0.561, "y": 0.561, "curve": "stepped" },
					{ "time": 0.0333, "x": -0.561, "y": 0.561 }
				]
			},
			"feeling_2": {
				"rotate": [
					{ "value": -140.93, "curve": "stepped" },
					{ "time": 0.0333, "value": -140.93 }
				],
				"translate": [
					{ "x": -126.54, "y": -43.47, "curve": "stepped" },
					{ "time": 0.0333, "x": -126.54, "y": -43.47 }
				],
				"scale": [
					{ "x": 1.069, "y": 1.069, "curve": "stepped" },
					{ "time": 0.0333, "x": 1.069, "y": 1.069 }
				]
			},
			"move": {
				"translate": [
					{ "x": 119.99, "curve": "stepped" },
					{ "time": 0.0333, "x": 119.99 }
				]
			},
			"item_1": {
				"rotate": [
					{ "value": 20.66, "curve": "stepped" },
					{ "time": 0.0333, "value": 20.66 }
				],
				"translate": [
					{ "x": -36.36, "y": 157.86, "curve": "stepped" },
					{ "time": 0.0333, "x": -36.36, "y": 157.86 }
				],
				"scale": [
					{ "x": -0.675, "y": 0.675, "curve": "stepped" },
					{ "time": 0.0333, "x": -0.675, "y": 0.675 }
				]
			},
			"hair_1": {
				"rotate": [
					{ "value": -0.28, "curve": "stepped" },
					{ "time": 0.0333, "value": -0.28 }
				],
				"translate": [
					{ "x": 172.56, "y": 585.05, "curve": "stepped" },
					{ "time": 0.0333, "x": 172.56, "y": 585.05 }
				],
				"scale": [
					{ "x": 1.035, "y": 1.035, "curve": "stepped" },
					{ "time": 0.0333, "x": 1.035, "y": 1.035 }
				]
			}
		},
		"ik": {
			"foot_1": [
				{
					"bendPositive": false,
					"stretch": true,
					"curve": [ 0.008, 1, 0.025, 1, 0.008, 0, 0.025, 0 ]
				},
				{ "time": 0.0333, "bendPositive": false, "stretch": true }
			],
			"foot_2": [
				{
					"bendPositive": false,
					"stretch": true,
					"curve": [ 0.008, 1, 0.025, 1, 0.008, 0, 0.025, 0 ]
				},
				{ "time": 0.0333, "bendPositive": false, "stretch": true }
			]
		},
		"drawOrder": [
			{
				"offsets": [
					{ "slot": "shoulder4", "offset": -3 }
				]
			},
			{
				"time": 0.0333,
				"offsets": [
					{ "slot": "shoulder4", "offset": -3 }
				]
			}
		]
	},
	"t_27_2_win": {
		"slots": {
			"body": {
				"rgba": [
					{ "color": "000000ff", "curve": "stepped" },
					{ "time": 0.6667, "color": "000000ff" }
				]
			},
			"Emoji": {
				"attachment": [
					{ "name": "Emoji/emo_57_d" },
					{ "time": 0.6667, "name": "Emoji/emo_57_d" }
				]
			},
			"feeling_1": {
				"attachment": [
					{ "name": "Emoji/hoi_cham" },
					{ "time": 0.6667, "name": "Emoji/hoi_cham" }
				]
			},
			"feeling_2": {
				"attachment": [
					{ "name": "scare" },
					{ "time": 0.1667 },
					{ "time": 0.2667, "name": "scare" },
					{ "time": 0.4 },
					{ "time": 0.5, "name": "scare" },
					{ "time": 0.6667, "name": "scare" }
				]
			},
			"feeling_3": {
				"attachment": [
					{ "name": "Emoji/hoi_cham" },
					{ "time": 0.6667, "name": "Emoji/hoi_cham" }
				]
			},
			"feeling_5": {
				"attachment": [
					{},
					{ "time": 0.6667 }
				]
			},
			"hair": {
				"attachment": [
					{ "name": "hair/man/mu_canh_sat_sau" },
					{ "time": 0.6667, "name": "hair/man/mu_canh_sat_sau" }
				]
			},
			"head": {
				"rgba": [
					{ "color": "ffffffff", "curve": "stepped" },
					{ "time": 0.6667, "color": "ffffffff" }
				],
				"attachment": [
					{ "name": "head" },
					{ "time": 0.6667, "name": "head" }
				]
			},
			"shoulder1": {
				"rgba": [
					{ "color": "000000ff", "curve": "stepped" },
					{ "time": 0.6667, "color": "000000ff" }
				],
				"attachment": [
					{ "name": "shoulder" },
					{ "time": 0.6667, "name": "shoulder" }
				]
			},
			"shoulder2": {
				"rgba": [
					{ "color": "000000ff", "curve": "stepped" },
					{ "time": 0.6667, "color": "000000ff" }
				],
				"attachment": [
					{ "name": "shoulder" },
					{ "time": 0.6667, "name": "shoulder" }
				]
			},
			"shoulder3": {
				"rgba": [
					{ "color": "000000ff", "curve": "stepped" },
					{ "time": 0.6667, "color": "000000ff" }
				],
				"attachment": [
					{ "name": "shoulder" },
					{ "time": 0.6667, "name": "shoulder" }
				]
			},
			"shoulder4": {
				"rgba": [
					{ "color": "000000ff", "curve": "stepped" },
					{ "time": 0.6667, "color": "000000ff" }
				],
				"attachment": [
					{ "name": "shoulder" },
					{ "time": 0.6667, "name": "shoulder" }
				]
			},
			"thigh": {
				"rgba": [
					{ "color": "000000ff", "curve": "stepped" },
					{ "time": 0.6667, "color": "000000ff" }
				]
			},
			"thigh2": {
				"rgba": [
					{ "color": "000000ff", "curve": "stepped" },
					{ "time": 0.6667, "color": "000000ff" }
				]
			},
			"thigh3": {
				"rgba": [
					{ "color": "000000ff", "curve": "stepped" },
					{ "time": 0.6667, "color": "000000ff" }
				]
			},
			"thigh4": {
				"rgba": [
					{ "color": "000000ff", "curve": "stepped" },
					{ "time": 0.6667, "color": "000000ff" }
				]
			}
		},
		"bones": {
			"head": {
				"rotate": [
					{ "value": -1.08, "curve": "stepped" },
					{ "time": 0.6667, "value": -1.08 }
				],
				"translate": [
					{ "x": -8.67, "y": 7, "curve": "stepped" },
					{ "time": 0.6667, "x": -8.67, "y": 7 }
				],
				"scale": [
					{ "x": 1.095, "curve": "stepped" },
					{ "time": 0.6667, "x": 1.095 }
				]
			},
			"root": {
				"rotate": [
					{ "curve": "stepped" },
					{ "time": 0.6667 }
				],
				"translate": [
					{ "curve": "stepped" },
					{ "time": 0.6667 }
				]
			},
			"main": {
				"rotate": [
					{ "value": -12.85, "curve": "stepped" },
					{ "time": 0.6667, "value": -12.85 }
				],
				"translate": [
					{ "x": 1.42, "y": -4.21, "curve": "stepped" },
					{ "time": 0.6667, "x": 1.42, "y": -4.21 }
				]
			},
			"hip": {
				"rotate": [
					{ "curve": "stepped" },
					{ "time": 0.6667 }
				],
				"translate": [
					{ "curve": "stepped" },
					{ "time": 0.6667 }
				]
			},
			"body": {
				"rotate": [
					{ "value": 8.99, "curve": "stepped" },
					{ "time": 0.6667, "value": 8.99 }
				],
				"translate": [
					{ "curve": "stepped" },
					{ "time": 0.6667 }
				]
			},
			"body2": {
				"rotate": [
					{ "value": 2.44, "curve": "stepped" },
					{ "time": 0.6667, "value": 2.44 }
				],
				"translate": [
					{ "curve": "stepped" },
					{ "time": 0.6667 }
				]
			},
			"body3": {
				"rotate": [
					{ "value": 2.44, "curve": "stepped" },
					{ "time": 0.6667, "value": 2.44 }
				],
				"translate": [
					{ "curve": "stepped" },
					{ "time": 0.6667 }
				]
			},
			"body4": {
				"rotate": [
					{ "value": 1.53, "curve": "stepped" },
					{ "time": 0.6667, "value": 1.53 }
				],
				"translate": [
					{ "curve": "stepped" },
					{ "time": 0.6667 }
				]
			},
			"body5": {
				"rotate": [
					{ "value": -0.53, "curve": "stepped" },
					{ "time": 0.6667, "value": -0.53 }
				],
				"translate": [
					{ "curve": "stepped" },
					{ "time": 0.6667 }
				]
			},
			"body6": {
				"rotate": [
					{ "value": 3.02, "curve": "stepped" },
					{ "time": 0.6667, "value": 3.02 }
				],
				"translate": [
					{ "curve": "stepped" },
					{ "time": 0.6667 }
				]
			},
			"body7": {
				"rotate": [
					{ "value": 2.44, "curve": "stepped" },
					{ "time": 0.6667, "value": 2.44 }
				],
				"translate": [
					{ "curve": "stepped" },
					{ "time": 0.6667 }
				]
			},
			"body8": {
				"rotate": [
					{ "value": 2.44, "curve": "stepped" },
					{ "time": 0.6667, "value": 2.44 }
				],
				"translate": [
					{ "curve": "stepped" },
					{ "time": 0.6667 }
				]
			},
			"feeling_3": {
				"rotate": [
					{ "value": -94.62, "curve": "stepped" },
					{ "time": 0.6667, "value": -94.62 }
				],
				"translate": [
					{ "x": 91.78, "y": 77.27, "curve": "stepped" },
					{ "time": 0.6667, "x": 91.78, "y": 77.27 }
				],
				"scale": [
					{ "x": -0.826, "y": 0.826, "curve": "stepped" },
					{ "time": 0.6667, "x": -0.826, "y": 0.826 }
				]
			},
			"emoji": {
				"rotate": [
					{ "value": -3.35, "curve": "stepped" },
					{ "time": 0.6667, "value": -3.35 }
				],
				"translate": [
					{ "x": 45.82, "y": 69.66, "curve": "stepped" },
					{ "time": 0.6667, "x": 45.82, "y": 69.66 }
				],
				"scale": [
					{ "x": 0.943, "y": 1.503, "curve": "stepped" },
					{ "time": 0.6667, "x": 0.943, "y": 1.503 }
				]
			},
			"shouder_1": {
				"rotate": [
					{ "value": -58.36, "curve": "stepped" },
					{ "time": 0.6667, "value": -58.36 }
				],
				"translate": [
					{ "x": 19.7, "y": 0.58, "curve": "stepped" },
					{ "time": 0.6667, "x": 19.7, "y": 0.58 }
				],
				"scale": [
					{ "curve": "stepped" },
					{ "time": 0.6667 }
				],
				"shear": [
					{ "y": 1, "curve": "stepped" },
					{ "time": 0.6667, "y": 1 }
				]
			},
			"arm_1": {
				"rotate": [
					{ "value": -5.38, "curve": "stepped" },
					{ "time": 0.6667, "value": -5.38 }
				],
				"translate": [
					{ "x": 2.02, "y": 0.08, "curve": "stepped" },
					{ "time": 0.6667, "x": 2.02, "y": 0.08 }
				],
				"scale": [
					{ "curve": "stepped" },
					{ "time": 0.6667 }
				]
			},
			"shouder_2": {
				"rotate": [
					{ "value": 46.75, "curve": "stepped" },
					{ "time": 0.6667, "value": 46.75 }
				],
				"translate": [
					{ "x": 17.91, "y": 2, "curve": "stepped" },
					{ "time": 0.6667, "x": 17.91, "y": 2 }
				],
				"scale": [
					{ "curve": "stepped" },
					{ "time": 0.6667 }
				]
			},
			"arm_2": {
				"rotate": [
					{ "value": -25.94, "curve": "stepped" },
					{ "time": 0.6667, "value": -25.94 }
				],
				"scale": [
					{ "curve": "stepped" },
					{ "time": 0.6667 }
				]
			},
			"thigh_1": {
				"rotate": [
					{ "value": -6.18, "curve": "stepped" },
					{ "time": 0.6667, "value": -6.18 }
				],
				"translate": [
					{ "curve": "stepped" },
					{ "time": 0.6667 }
				]
			},
			"leg_1": {
				"rotate": [
					{ "value": 5.22, "curve": "stepped" },
					{ "time": 0.6667, "value": 5.22 }
				],
				"translate": [
					{ "curve": "stepped" },
					{ "time": 0.6667 }
				]
			},
			"thigh_2": {
				"rotate": [
					{ "value": 2.51, "curve": "stepped" },
					{ "time": 0.6667, "value": 2.51 }
				],
				"translate": [
					{ "curve": "stepped" },
					{ "time": 0.6667 }
				],
				"scale": [
					{ "curve": "stepped" },
					{ "time": 0.6667 }
				]
			},
			"leg_2": {
				"rotate": [
					{ "value": 3.66, "curve": "stepped" },
					{ "time": 0.6667, "value": 3.66 }
				],
				"translate": [
					{ "curve": "stepped" },
					{ "time": 0.6667 }
				]
			},
			"foot_2": {
				"rotate": [
					{ "curve": "stepped" },
					{ "time": 0.6667 }
				],
				"translate": [
					{ "x": -67.77, "y": 4.55, "curve": "stepped" },
					{ "time": 0.6667, "x": -67.77, "y": 4.55 }
				]
			},
			"foot_3": {
				"rotate": [
					{ "curve": "stepped" },
					{ "time": 0.6667 }
				],
				"translate": [
					{ "x": 91.14, "y": 9.32, "curve": "stepped" },
					{ "time": 0.6667, "x": 91.14, "y": 9.32 }
				]
			},
			"feeling_5": {
				"rotate": [
					{ "curve": "stepped" },
					{ "time": 0.6667 }
				],
				"translate": [
					{ "curve": "stepped" },
					{ "time": 0.6667 }
				]
			},
			"feeling_1": {
				"rotate": [
					{ "value": 39.88, "curve": "stepped" },
					{ "time": 0.6667, "value": 39.88 }
				],
				"translate": [
					{ "x": -104.36, "y": 59.61, "curve": "stepped" },
					{ "time": 0.6667, "x": -104.36, "y": 59.61 }
				],
				"scale": [
					{ "x": -0.733, "y": 0.733, "curve": "stepped" },
					{ "time": 0.6667, "x": -0.733, "y": 0.733 }
				]
			},
			"feeling_2": {
				"rotate": [
					{ "value": -140.93, "curve": "stepped" },
					{ "time": 0.6667, "value": -140.93 }
				],
				"translate": [
					{ "x": -96.23, "y": -60.71, "curve": "stepped" },
					{ "time": 0.6667, "x": -96.23, "y": -60.71 }
				],
				"scale": [
					{ "x": 1.659, "y": 1.659, "curve": "stepped" },
					{ "time": 0.6667, "x": 1.659, "y": 1.659 }
				]
			},
			"move": {
				"translate": [
					{ "x": 119.99, "curve": "stepped" },
					{ "time": 0.6667, "x": 119.99 }
				]
			},
			"item_1": {
				"rotate": [
					{ "value": 20.66, "curve": "stepped" },
					{ "time": 0.6667, "value": 20.66 }
				],
				"translate": [
					{ "x": -20.85, "y": 187.84, "curve": "stepped" },
					{ "time": 0.6667, "x": -20.85, "y": 187.84 }
				],
				"scale": [
					{ "x": -0.675, "y": 0.675, "curve": "stepped" },
					{ "time": 0.6667, "x": -0.675, "y": 0.675 }
				]
			},
			"hair_1": {
				"rotate": [
					{ "value": 22.28, "curve": "stepped" },
					{ "time": 0.6667, "value": 22.28 }
				],
				"translate": [
					{ "x": -13.81, "y": 629.18, "curve": "stepped" },
					{ "time": 0.6667, "x": -13.81, "y": 629.18 }
				],
				"scale": [
					{ "x": -0.967, "y": 0.967, "curve": "stepped" },
					{ "time": 0.6667, "x": -0.967, "y": 0.967 }
				]
			}
		},
		"ik": {
			"foot_1": [
				{
					"stretch": true,
					"curve": [ 0.167, 1, 0.5, 1, 0.167, 0, 0.5, 0 ]
				},
				{ "time": 0.6667, "stretch": true }
			],
			"foot_2": [
				{
					"bendPositive": false,
					"stretch": true,
					"curve": [ 0.167, 1, 0.5, 1, 0.167, 0, 0.5, 0 ]
				},
				{ "time": 0.6667, "bendPositive": false, "stretch": true }
			]
		},
		"drawOrder": [
			{
				"offsets": [
					{ "slot": "shoulder4", "offset": -3 },
					{ "slot": "Emoji", "offset": -2 }
				]
			},
			{
				"time": 0.6667,
				"offsets": [
					{ "slot": "shoulder4", "offset": -3 },
					{ "slot": "Emoji", "offset": -2 }
				]
			}
		]
	}
}
}