{"frames": [

{
	"filename": "bg",
	"frame": {"x":1,"y":1,"w":65,"h":1334},
	"rotated": false,
	"trimmed": false,
	"spriteSourceSize": {"x":0,"y":0,"w":65,"h":1334},
	"sourceSize": {"w":65,"h":1334}
},
{
	"filename": "cay_thong_noen",
	"frame": {"x":67,"y":1,"w":522,"h":860},
	"rotated": false,
	"trimmed": false,
	"spriteSourceSize": {"x":0,"y":0,"w":522,"h":860},
	"sourceSize": {"w":522,"h":860}
},
{
	"filename": "chuong",
	"frame": {"x":67,"y":1320,"w":662,"h":114},
	"rotated": false,
	"trimmed": false,
	"spriteSourceSize": {"x":0,"y":0,"w":662,"h":114},
	"sourceSize": {"w":662,"h":114}
},
{
	"filename": "den_chum",
	"frame": {"x":370,"y":1098,"w":196,"h":221},
	"rotated": false,
	"trimmed": true,
	"spriteSourceSize": {"x":7,"y":7,"w":196,"h":221},
	"sourceSize": {"w":210,"h":235}
},
{
	"filename": "den_chum_hot",
	"frame": {"x":370,"y":862,"w":210,"h":235},
	"rotated": false,
	"trimmed": false,
	"spriteSourceSize": {"x":0,"y":0,"w":210,"h":235},
	"sourceSize": {"w":210,"h":235}
},
{
	"filename": "diem_neo_den_dung",
	"frame": {"x":734,"y":1,"w":129,"h":520},
	"rotated": false,
	"trimmed": true,
	"spriteSourceSize": {"x":7,"y":7,"w":129,"h":520},
	"sourceSize": {"w":143,"h":534}
},
{
	"filename": "diem_neo_den_dung_hot",
	"frame": {"x":590,"y":1,"w":143,"h":534},
	"rotated": false,
	"trimmed": false,
	"spriteSourceSize": {"x":0,"y":0,"w":143,"h":534},
	"sourceSize": {"w":143,"h":534}
},
{
	"filename": "item_hop_qua",
	"frame": {"x":590,"y":536,"w":184,"h":194},
	"rotated": false,
	"trimmed": false,
	"spriteSourceSize": {"x":0,"y":0,"w":184,"h":194},
	"sourceSize": {"w":184,"h":194}
},
{
	"filename": "Layer 53",
	"frame": {"x":67,"y":862,"w":302,"h":455},
	"rotated": false,
	"trimmed": false,
	"spriteSourceSize": {"x":0,"y":0,"w":302,"h":455},
	"sourceSize": {"w":302,"h":455}
}],
"meta": {
	"app": "https://www.codeandweb.com/texturepacker",
	"version": "1.0",
	"image": "props.png",
	"format": "RGBA8888",
	"size": {"w":864,"h":1435},
	"scale": "1",
	"smartupdate": "$TexturePacker:SmartUpdate:8a26244acbe75a37a5d2e5994caf95f4:4c7b154383cc6b3b2c59f7380366457b:f4c39b94f5b79b4c461da96ae5609d50$"
}
}
