{
"skeleton": { "hash": "EhWX1NqtM4E", "spine": "4.1.24", "x": -388.28, "y": -425.09, "width": 724.41, "height": 1282.48 },
"bones": [
	{ "name": "root", "rotation": 0.2 },
	{ "name": "move", "parent": "root", "x": -119.99, "scaleX": -1 },
	{ "name": "main", "parent": "move", "y": 256.6 },
	{ "name": "hip", "parent": "main" },
	{ "name": "body", "parent": "hip", "length": 26.97, "rotation": 90 },
	{ "name": "body2", "parent": "body", "length": 26.97, "x": 26.97 },
	{ "name": "body3", "parent": "body2", "length": 26.97, "x": 26.97 },
	{ "name": "body4", "parent": "body3", "length": 26.97, "rotation": -0.06, "x": 26.97 },
	{ "name": "body5", "parent": "body4", "length": 26.97, "x": 26.97 },
	{ "name": "body6", "parent": "body5", "length": 26.97, "x": 26.97 },
	{ "name": "body7", "parent": "body6", "length": 26.97, "x": 26.97 },
	{ "name": "body8", "parent": "body7", "length": 26.97, "x": 26.97 },
	{ "name": "head", "parent": "body8", "length": 135.67, "x": 24.75 },
	{ "name": "feeling_3", "parent": "head", "rotation": -0.18, "x": 87.53, "y": 30.96 },
	{ "name": "emoji", "parent": "head", "rotation": -90, "x": 62, "y": 1.49 },
	{ "name": "shouder_1", "parent": "body7", "length": 100.06, "rotation": -90, "x": 15.39, "y": 0.02 },
	{ "name": "arm_1", "parent": "shouder_1", "length": 100.06, "x": 94.79 },
	{ "name": "shouder_2", "parent": "body7", "length": 100.06, "rotation": 90, "x": 15.39, "y": 0.02 },
	{ "name": "arm_2", "parent": "shouder_2", "length": 100.06, "x": 94.79 },
	{ "name": "thigh_1", "parent": "main", "length": 134.15, "rotation": -90, "x": -0.54, "y": 4.23 },
	{ "name": "leg_1", "parent": "thigh_1", "length": 134.15, "x": 128.14 },
	{ "name": "thigh_2", "parent": "main", "length": 134.15, "rotation": -90, "x": -0.1, "y": 4.23 },
	{ "name": "leg_2", "parent": "thigh_2", "length": 134.15, "x": 128.14 },
	{ "name": "foot_2", "parent": "move", "x": 0.16, "y": -2.18 },
	{ "name": "foot_3", "parent": "move", "x": 0.1, "y": -2.12 },
	{
		"name": "feeling_5",
		"parent": "head",
		"rotation": -0.18,
		"x": 87.53,
		"y": -25.11,
		"scaleX": 2,
		"scaleY": 2
	},
	{ "name": "item_1", "parent": "move", "x": -1.93, "y": 450.24 },
	{ "name": "feeling_1", "parent": "main", "rotation": -20.17, "x": 72.35, "y": 376.02 },
	{ "name": "feeling_2", "parent": "main", "rotation": -20.17, "x": 72.35, "y": 376.02 },
	{ "name": "hair_1", "parent": "main", "rotation": 0.07, "x": -120, "y": -254.77 },
	{
		"name": "feeling_4",
		"parent": "head",
		"rotation": -0.18,
		"x": 87.53,
		"y": -25.11,
		"scaleX": 2,
		"scaleY": 2
	},
	{ "name": "item_tay", "parent": "arm_2", "x": 101.01, "y": -1.25 }
],
"slots": [
	{ "name": "bg_gane_play", "bone": "root", "color": "ffffff4f" },
	{ "name": "item", "bone": "item_1" },
	{ "name": "body", "bone": "hip", "color": "000000ff", "attachment": "body" },
	{ "name": "shoulder1", "bone": "shouder_1", "color": "000000ff" },
	{ "name": "shoulder3", "bone": "shouder_2", "color": "000000ff" },
	{ "name": "shoulder2", "bone": "arm_1", "color": "000000ff" },
	{ "name": "shoulder4", "bone": "arm_2", "color": "000000ff" },
	{ "name": "thigh", "bone": "thigh_1", "color": "000000ff", "attachment": "thigh" },
	{ "name": "thigh3", "bone": "thigh_2", "color": "000000ff", "attachment": "thigh" },
	{ "name": "thigh2", "bone": "leg_1", "color": "000000ff", "attachment": "thigh" },
	{ "name": "thigh4", "bone": "leg_2", "color": "000000ff", "attachment": "thigh" },
	{ "name": "head", "bone": "head", "attachment": "head" },
	{ "name": "hair", "bone": "hair_1" },
	{ "name": "Emoji", "bone": "emoji" },
	{ "name": "feeling_3", "bone": "feeling_3", "color": "000000ff" },
	{ "name": "feeling_5", "bone": "feeling_5" },
	{ "name": "feeling_4", "bone": "feeling_4" },
	{ "name": "feeling_1", "bone": "feeling_1" },
	{ "name": "feeling_2", "bone": "feeling_2" },
	{ "name": "item_tay", "bone": "item_tay" }
],
"ik": [
	{
		"name": "foot_1",
		"bones": [ "thigh_1", "leg_1" ],
		"target": "foot_2",
		"mix": 0,
		"stretch": true
	},
	{
		"name": "foot_2",
		"order": 1,
		"bones": [ "thigh_2", "leg_2" ],
		"target": "foot_3",
		"mix": 0,
		"stretch": true
	}
],
"skins": [
	{
		"name": "default",
		"attachments": {
			"body": {
				"body": {
					"type": "mesh",
					"uvs": [ 1, 1, 0, 1, 0, 0.875, 0, 0.75, 0, 0.625, 0, 0.5, 0, 0.375, 0, 0.25, 0, 0.125, 0, 0, 1, 0, 1, 0.125, 1, 0.25, 1, 0.375, 1, 0.5, 1, 0.625, 1, 0.75, 1, 0.875 ],
					"triangles": [ 8, 9, 10, 11, 8, 10, 7, 8, 11, 12, 7, 11, 6, 7, 12, 13, 6, 12, 5, 6, 13, 14, 5, 13, 4, 5, 14, 15, 4, 14, 3, 4, 15, 16, 3, 15, 2, 3, 16, 17, 2, 16, 1, 2, 17, 0, 1, 17 ],
					"vertices": [ 1, 4, -1.7, -5.5, 1, 1, 4, -1.7, 5.5, 1, 2, 4, 25.68, 5.5, 0.70301, 5, -1.29, 5.5, 0.29699, 2, 5, 26.08, 5.5, 0.65569, 6, -0.88, 5.5, 0.34431, 2, 6, 26.49, 5.5, 0.55905, 7, -0.48, 5.5, 0.44095, 2, 7, 26.9, 5.5, 0.51367, 8, -0.07, 5.5, 0.48633, 2, 8, 27.3, 5.5, 0.41705, 9, 0.33, 5.5, 0.58295, 2, 9, 27.71, 5.5, 0.38565, 10, 0.74, 5.5, 0.61435, 2, 10, 28.11, 5.5, 0.36868, 11, 1.14, 5.5, 0.63132, 1, 11, 28.52, 5.5, 1, 1, 11, 28.52, -5.5, 1, 2, 10, 28.11, -5.5, 0.3064, 11, 1.14, -5.5, 0.6936, 2, 9, 27.71, -5.5, 0.40945, 10, 0.74, -5.5, 0.59055, 2, 8, 27.3, -5.5, 0.44404, 9, 0.33, -5.5, 0.55596, 2, 7, 26.9, -5.5, 0.52991, 8, -0.07, -5.5, 0.47009, 2, 6, 26.49, -5.5, 0.58474, 7, -0.48, -5.5, 0.41526, 2, 5, 26.08, -5.5, 0.62061, 6, -0.88, -5.5, 0.37939, 2, 4, 25.68, -5.5, 0.65664, 5, -1.29, -5.5, 0.34336 ],
					"hull": 18
				}
			},
			"Emoji": {
				"Emoji/emo_1": { "x": 0.5, "y": 0.5, "width": 113, "height": 87 },
				"Emoji/emo_10_b": { "x": 0.5, "width": 90, "height": 79 },
				"Emoji/emo_57_b": { "x": 0.5, "y": 0.5, "width": 101, "height": 101 },
				"Emoji/emo_57_c": { "x": 0.5, "y": 0.5, "width": 101, "height": 101 },
				"Emoji/emo_65": { "width": 84, "height": 84 },
				"Emoji/emo_84": { "y": 0.5, "width": 90, "height": 95 },
				"Emoji/new/emo_6": { "y": 0.5, "width": 124, "height": 103 }
			},
			"feeling_1": {
				"giat_minh": { "width": 70, "height": 66 },
				"khoi": { "x": -27.26, "y": -5.91, "width": 153, "height": 107 },
				"rung": { "x": 0.5, "rotation": 13.67, "width": 18, "height": 51 },
				"scare": { "scaleX": 1.3955, "scaleY": 1.3955, "rotation": 19.99, "width": 80, "height": 83 }
			},
			"feeling_2": {
				"cauco": { "y": 0.5, "width": 50, "height": 45 },
				"khoi": { "x": 0.5, "y": 0.5, "width": 153, "height": 107 },
				"mo_hoi": { "x": 0.5, "y": 0.5, "width": 19, "height": 41 },
				"rung": { "x": 0.5, "scaleX": -1, "rotation": 20.07, "width": 18, "height": 51 },
				"water_mouth": { "x": -5.86, "y": -13.64, "rotation": -33.97, "width": 23, "height": 50 }
			},
			"feeling_3": {
				"cham_than": { "x": -18.07, "y": -0.4, "rotation": -96.51, "width": 17, "height": 57 },
				"giat_minh": { "rotation": -96.51, "width": 70, "height": 66 },
				"mo_hoi": { "x": -18.07, "y": -0.4, "rotation": -96.51, "width": 19, "height": 41 },
				"water_mouth": { "width": 23, "height": 50 }
			},
			"feeling_5": {
				"choang": { "x": -5.59, "y": -33.04, "rotation": -109.99, "width": 212, "height": 68 },
				"rung": { "x": 0.5, "width": 18, "height": 51 },
				"scare": { "y": 0.5, "width": 80, "height": 83 }
			},
			"head": {
				"head": { "x": 68.85, "rotation": -89.87, "width": 144, "height": 144 }
			},
			"item": {
				"cauco": { "x": 0.5, "y": 0.5, "width": 50, "height": 45 }
			},
			"shoulder1": {
				"shoulder": { "x": 49.22, "rotation": -90, "width": 15, "height": 105 }
			},
			"shoulder2": {
				"shoulder": { "x": 49.22, "rotation": -90, "width": 15, "height": 105 }
			},
			"shoulder3": {
				"shoulder": { "x": 49.22, "rotation": -90, "width": 15, "height": 105 }
			},
			"shoulder4": {
				"shoulder": { "x": 50.57, "rotation": -90, "width": 15, "height": 105 }
			},
			"thigh": {
				"thigh": { "x": 66.01, "rotation": -90, "width": 14, "height": 137 }
			},
			"thigh2": {
				"thigh": { "x": 66.01, "rotation": -90, "width": 14, "height": 137 }
			},
			"thigh3": {
				"thigh": { "x": 66.01, "rotation": -90, "width": 14, "height": 137 }
			},
			"thigh4": {
				"thigh": { "x": 66.01, "rotation": -90, "width": 14, "height": 137 }
			}
		}
	}
],
"animations": {
	"t_87_1_be": {
		"slots": {
			"body": {
				"rgba": [
					{ "color": "000000ff", "curve": "stepped" },
					{ "time": 0.0333, "color": "000000ff" }
				]
			},
			"Emoji": {
				"rgba": [
					{ "color": "ffffffff", "curve": "stepped" },
					{ "time": 0.0333, "color": "ffffffff" }
				],
				"attachment": [
					{ "name": "Emoji/new/emo_6" },
					{ "time": 0.0333, "name": "Emoji/new/emo_6" }
				]
			},
			"feeling_1": {
				"attachment": [
					{ "name": "giat_minh" },
					{ "time": 0.0333, "name": "giat_minh" }
				]
			},
			"feeling_2": {
				"attachment": [
					{},
					{ "time": 0.0333 }
				]
			},
			"feeling_3": {
				"rgba": [
					{ "color": "ffffffff", "curve": "stepped" },
					{ "time": 0.0333, "color": "ffffffff" }
				],
				"attachment": [
					{ "name": "water_mouth" },
					{ "time": 0.0333, "name": "water_mouth" }
				]
			},
			"feeling_5": {
				"rgba": [
					{ "color": "fffc00ff", "curve": "stepped" },
					{ "time": 0.0333, "color": "fffc00ff" }
				],
				"attachment": [
					{},
					{ "time": 0.0333 }
				]
			},
			"hair": {
				"attachment": [
					{},
					{ "time": 0.0333 }
				]
			},
			"head": {
				"rgba": [
					{ "color": "ffffffff", "curve": "stepped" },
					{ "time": 0.0333, "color": "ffffffff" }
				],
				"attachment": [
					{ "name": "head" },
					{ "time": 0.0333, "name": "head" }
				]
			},
			"shoulder1": {
				"rgba": [
					{ "color": "000000ff", "curve": "stepped" },
					{ "time": 0.0333, "color": "000000ff" }
				],
				"attachment": [
					{ "name": "shoulder" },
					{ "time": 0.0333, "name": "shoulder" }
				]
			},
			"shoulder2": {
				"rgba": [
					{ "color": "000000ff", "curve": "stepped" },
					{ "time": 0.0333, "color": "000000ff" }
				],
				"attachment": [
					{ "name": "shoulder" },
					{ "time": 0.0333, "name": "shoulder" }
				]
			},
			"shoulder3": {
				"rgba": [
					{ "color": "000000ff", "curve": "stepped" },
					{ "time": 0.0333, "color": "000000ff" }
				],
				"attachment": [
					{},
					{ "time": 0.0333 }
				]
			},
			"shoulder4": {
				"rgba": [
					{ "color": "000000ff", "curve": "stepped" },
					{ "time": 0.0333, "color": "000000ff" }
				],
				"attachment": [
					{},
					{ "time": 0.0333 }
				]
			},
			"thigh": {
				"rgba": [
					{ "color": "000000ff", "curve": "stepped" },
					{ "time": 0.0333, "color": "000000ff" }
				]
			},
			"thigh2": {
				"rgba": [
					{ "color": "000000ff", "curve": "stepped" },
					{ "time": 0.0333, "color": "000000ff" }
				]
			},
			"thigh3": {
				"rgba": [
					{ "color": "000000ff", "curve": "stepped" },
					{ "time": 0.0333, "color": "000000ff" }
				]
			},
			"thigh4": {
				"rgba": [
					{ "color": "000000ff", "curve": "stepped" },
					{ "time": 0.0333, "color": "000000ff" }
				]
			}
		},
		"bones": {
			"head": {
				"rotate": [
					{ "value": -1.69, "curve": "stepped" },
					{ "time": 0.0333, "value": -1.69 }
				],
				"translate": [
					{ "x": -54.82, "y": 3.35, "curve": "stepped" },
					{ "time": 0.0333, "x": -54.82, "y": 3.35 }
				],
				"scale": [
					{ "curve": "stepped" },
					{ "time": 0.0333 }
				]
			},
			"root": {
				"rotate": [
					{ "curve": "stepped" },
					{ "time": 0.0333 }
				],
				"translate": [
					{ "curve": "stepped" },
					{ "time": 0.0333 }
				]
			},
			"main": {
				"rotate": [
					{ "value": -2.45, "curve": "stepped" },
					{ "time": 0.0333, "value": -2.45 }
				],
				"translate": [
					{ "x": -10.97, "y": -44.31, "curve": "stepped" },
					{ "time": 0.0333, "x": -10.97, "y": -44.31 }
				]
			},
			"hip": {
				"rotate": [
					{ "curve": "stepped" },
					{ "time": 0.0333 }
				],
				"translate": [
					{ "curve": "stepped" },
					{ "time": 0.0333 }
				]
			},
			"feeling_3": {
				"rotate": [
					{ "value": -97.71, "curve": "stepped" },
					{ "time": 0.0333, "value": -97.71 }
				],
				"translate": [
					{ "x": -89.18, "y": -17.44, "curve": "stepped" },
					{ "time": 0.0333, "x": -89.18, "y": -17.44 }
				],
				"scale": [
					{ "x": 1.154, "y": 1.045, "curve": "stepped" },
					{ "time": 0.0333, "x": 1.154, "y": 1.045 }
				]
			},
			"emoji": {
				"rotate": [
					{ "value": -0.81, "curve": "stepped" },
					{ "time": 0.0333, "value": -0.81 }
				],
				"translate": [
					{ "x": 4.26, "y": 2.71, "curve": "stepped" },
					{ "time": 0.0333, "x": 4.26, "y": 2.71 }
				],
				"scale": [
					{ "x": 0.967, "y": 1.115, "curve": "stepped" },
					{ "time": 0.0333, "x": 0.967, "y": 1.115 }
				]
			},
			"shouder_1": {
				"rotate": [
					{ "value": -53.97, "curve": "stepped" },
					{ "time": 0.0333, "value": -53.97 }
				],
				"translate": [
					{ "x": 13.03, "y": -5.91, "curve": "stepped" },
					{ "time": 0.0333, "x": 13.03, "y": -5.91 }
				],
				"scale": [
					{ "curve": "stepped" },
					{ "time": 0.0333 }
				],
				"shear": [
					{ "curve": "stepped" },
					{ "time": 0.0333 }
				]
			},
			"arm_1": {
				"rotate": [
					{ "value": -23.41, "curve": "stepped" },
					{ "time": 0.0333, "value": -23.41 }
				],
				"translate": [
					{ "x": 2.02, "y": 0.08, "curve": "stepped" },
					{ "time": 0.0333, "x": 2.02, "y": 0.08 }
				],
				"scale": [
					{ "curve": "stepped" },
					{ "time": 0.0333 }
				]
			},
			"shouder_2": {
				"rotate": [
					{ "value": 41.08, "curve": "stepped" },
					{ "time": 0.0333, "value": 41.08 }
				],
				"translate": [
					{ "x": 31.28, "y": -4.8, "curve": "stepped" },
					{ "time": 0.0333, "x": 31.28, "y": -4.8 }
				],
				"scale": [
					{ "curve": "stepped" },
					{ "time": 0.0333 }
				]
			},
			"arm_2": {
				"rotate": [
					{ "value": 19.67, "curve": "stepped" },
					{ "time": 0.0333, "value": 19.67 }
				],
				"translate": [
					{ "x": 6.07, "y": 1.06, "curve": "stepped" },
					{ "time": 0.0333, "x": 6.07, "y": 1.06 }
				],
				"scale": [
					{ "x": 1.239, "curve": "stepped" },
					{ "time": 0.0333, "x": 1.239 }
				]
			},
			"thigh_1": {
				"rotate": [
					{ "value": -44.84, "curve": "stepped" },
					{ "time": 0.0333, "value": -44.84 }
				],
				"translate": [
					{ "curve": "stepped" },
					{ "time": 0.0333 }
				],
				"scale": [
					{ "curve": "stepped" },
					{ "time": 0.0333 }
				]
			},
			"leg_1": {
				"rotate": [
					{ "value": 45.63, "curve": "stepped" },
					{ "time": 0.0333, "value": 45.63 }
				],
				"translate": [
					{ "curve": "stepped" },
					{ "time": 0.0333 }
				],
				"scale": [
					{ "curve": "stepped" },
					{ "time": 0.0333 }
				]
			},
			"thigh_2": {
				"rotate": [
					{ "value": -37.54, "curve": "stepped" },
					{ "time": 0.0333, "value": -37.54 }
				],
				"translate": [
					{ "curve": "stepped" },
					{ "time": 0.0333 }
				],
				"scale": [
					{ "curve": "stepped" },
					{ "time": 0.0333 }
				]
			},
			"leg_2": {
				"rotate": [
					{ "value": 38.6, "curve": "stepped" },
					{ "time": 0.0333, "value": 38.6 }
				],
				"translate": [
					{ "curve": "stepped" },
					{ "time": 0.0333 }
				],
				"scale": [
					{ "curve": "stepped" },
					{ "time": 0.0333 }
				]
			},
			"foot_2": {
				"rotate": [
					{ "value": -1.35, "curve": "stepped" },
					{ "time": 0.0333, "value": -1.35 }
				],
				"translate": [
					{ "x": 79.95, "y": 3.8, "curve": "stepped" },
					{ "time": 0.0333, "x": 79.95, "y": 3.8 }
				]
			},
			"foot_3": {
				"rotate": [
					{ "curve": "stepped" },
					{ "time": 0.0333 }
				],
				"translate": [
					{ "x": -96.89, "y": -0.14, "curve": "stepped" },
					{ "time": 0.0333, "x": -96.89, "y": -0.14 }
				]
			},
			"feeling_5": {
				"rotate": [
					{ "value": 45.82, "curve": "stepped" },
					{ "time": 0.0333, "value": 45.82 }
				],
				"translate": [
					{ "x": -49.13, "y": 324.11, "curve": "stepped" },
					{ "time": 0.0333, "x": -49.13, "y": 324.11 }
				],
				"scale": [
					{ "x": 1.008, "y": 0.583, "curve": "stepped" },
					{ "time": 0.0333, "x": 1.008, "y": 0.583 }
				],
				"shear": [
					{ "curve": "stepped" },
					{ "time": 0.0333 }
				]
			},
			"move": {
				"translate": [
					{ "x": 119.99, "curve": "stepped" },
					{ "time": 0.0333, "x": 119.99 }
				],
				"scale": [
					{ "x": -1, "curve": "stepped" },
					{ "time": 0.0333, "x": -1 }
				]
			},
			"feeling_1": {
				"rotate": [
					{ "value": 68.38, "curve": "stepped" },
					{ "time": 0.0333, "value": 68.38 }
				],
				"translate": [
					{ "x": -81.46, "y": -32.75, "curve": "stepped" },
					{ "time": 0.0333, "x": -81.46, "y": -32.75 }
				],
				"scale": [
					{ "x": 1.3, "y": 1.3, "curve": "stepped" },
					{ "time": 0.0333, "x": 1.3, "y": 1.3 }
				]
			},
			"feeling_2": {
				"rotate": [
					{ "value": 153.24, "curve": "stepped" },
					{ "time": 0.0333, "value": 153.24 }
				],
				"translate": [
					{ "x": 42.59, "y": 13.23, "curve": "stepped" },
					{ "time": 0.0333, "x": 42.59, "y": 13.23 }
				],
				"scale": [
					{ "x": -0.901, "y": 1.386, "curve": "stepped" },
					{ "time": 0.0333, "x": -0.901, "y": 1.386 }
				]
			},
			"body": {
				"rotate": [
					{ "value": 0.48, "curve": "stepped" },
					{ "time": 0.0333, "value": 0.48 }
				],
				"translate": [
					{ "x": 2.42, "y": -0.15, "curve": "stepped" },
					{ "time": 0.0333, "x": 2.42, "y": -0.15 }
				]
			},
			"body2": {
				"rotate": [
					{ "value": 0.48, "curve": "stepped" },
					{ "time": 0.0333, "value": 0.48 }
				]
			},
			"body3": {
				"rotate": [
					{ "value": 0.48, "curve": "stepped" },
					{ "time": 0.0333, "value": 0.48 }
				]
			},
			"body4": {
				"rotate": [
					{ "value": 0.48, "curve": "stepped" },
					{ "time": 0.0333, "value": 0.48 }
				]
			},
			"body5": {
				"rotate": [
					{ "value": 0.48, "curve": "stepped" },
					{ "time": 0.0333, "value": 0.48 }
				]
			},
			"body6": {
				"rotate": [
					{ "value": 0.48, "curve": "stepped" },
					{ "time": 0.0333, "value": 0.48 }
				]
			},
			"body7": {
				"rotate": [
					{ "value": 0.48, "curve": "stepped" },
					{ "time": 0.0333, "value": 0.48 }
				]
			},
			"body8": {
				"rotate": [
					{ "value": 0.48, "curve": "stepped" },
					{ "time": 0.0333, "value": 0.48 }
				]
			},
			"hair_1": {
				"rotate": [
					{ "value": 10.09, "curve": "stepped" },
					{ "time": 0.0333, "value": 10.09 }
				],
				"translate": [
					{ "x": 219.72, "y": 519.41, "curve": "stepped" },
					{ "time": 0.0333, "x": 219.72, "y": 519.41 }
				],
				"scale": [
					{ "x": -1.351, "y": 1.351, "curve": "stepped" },
					{ "time": 0.0333, "x": -1.351, "y": 1.351 }
				]
			}
		},
		"ik": {
			"foot_1": [
				{
					"bendPositive": false,
					"stretch": true,
					"curve": [ 0.008, 1, 0.025, 1, 0.008, 0, 0.025, 0 ]
				},
				{ "time": 0.0333, "bendPositive": false, "stretch": true }
			],
			"foot_2": [
				{
					"stretch": true,
					"curve": [ 0.008, 1, 0.025, 1, 0.008, 0, 0.025, 0 ]
				},
				{ "time": 0.0333, "stretch": true }
			]
		},
		"drawOrder": [
			{
				"offsets": [
					{ "slot": "shoulder1", "offset": 4 },
					{ "slot": "shoulder2", "offset": 3 },
					{ "slot": "shoulder4", "offset": 7 },
					{ "slot": "feeling_5", "offset": 3 },
					{ "slot": "feeling_1", "offset": -5 }
				]
			},
			{
				"time": 0.0333,
				"offsets": [
					{ "slot": "shoulder1", "offset": 4 },
					{ "slot": "shoulder2", "offset": 3 },
					{ "slot": "shoulder4", "offset": 7 },
					{ "slot": "feeling_5", "offset": 3 },
					{ "slot": "feeling_1", "offset": -5 }
				]
			}
		]
	},
	"t_87_1_lose": {
		"slots": {
			"body": {
				"rgba": [
					{ "color": "000000ff", "curve": "stepped" },
					{ "time": 0.0333, "color": "000000ff" }
				]
			},
			"Emoji": {
				"rgba": [
					{ "color": "ff7777ff", "curve": "stepped" },
					{ "time": 0.0333, "color": "ff7777ff" }
				],
				"attachment": [
					{ "name": "Emoji/emo_57_b" },
					{ "time": 0.0333, "name": "Emoji/emo_57_b" }
				]
			},
			"feeling_1": {
				"rgba": [
					{ "color": "fff041ff", "curve": "stepped" },
					{ "time": 0.0333, "color": "fff041ff" }
				],
				"attachment": [
					{ "name": "scare" },
					{ "time": 0.0333, "name": "scare" }
				]
			},
			"feeling_2": {
				"attachment": [
					{ "name": "water_mouth" },
					{ "time": 0.0333, "name": "water_mouth" }
				]
			},
			"feeling_3": {
				"rgba": [
					{ "color": "ffffffff", "curve": "stepped" },
					{ "time": 0.0333, "color": "ffffffff" }
				],
				"attachment": [
					{ "name": "mo_hoi" },
					{ "time": 0.0333, "name": "mo_hoi" }
				]
			},
			"feeling_5": {
				"attachment": [
					{ "name": "choang" },
					{ "time": 0.0333, "name": "choang" }
				]
			},
			"head": {
				"rgba": [
					{ "color": "ffffffff", "curve": "stepped" },
					{ "time": 0.0333, "color": "ffffffff" }
				],
				"attachment": [
					{ "name": "head" },
					{ "time": 0.0333, "name": "head" }
				]
			},
			"shoulder1": {
				"rgba": [
					{ "color": "000000ff", "curve": "stepped" },
					{ "time": 0.0333, "color": "000000ff" }
				],
				"attachment": [
					{ "name": "shoulder" },
					{ "time": 0.0333, "name": "shoulder" }
				]
			},
			"shoulder2": {
				"rgba": [
					{ "color": "000000ff", "curve": "stepped" },
					{ "time": 0.0333, "color": "000000ff" }
				],
				"attachment": [
					{ "name": "shoulder" },
					{ "time": 0.0333, "name": "shoulder" }
				]
			},
			"shoulder3": {
				"rgba": [
					{ "color": "000000ff", "curve": "stepped" },
					{ "time": 0.0333, "color": "000000ff" }
				],
				"attachment": [
					{ "name": "shoulder" },
					{ "time": 0.0333, "name": "shoulder" }
				]
			},
			"shoulder4": {
				"rgba": [
					{ "color": "000000ff", "curve": "stepped" },
					{ "time": 0.0333, "color": "000000ff" }
				],
				"attachment": [
					{ "name": "shoulder" },
					{ "time": 0.0333, "name": "shoulder" }
				]
			},
			"thigh": {
				"rgba": [
					{ "color": "000000ff", "curve": "stepped" },
					{ "time": 0.0333, "color": "000000ff" }
				]
			},
			"thigh2": {
				"rgba": [
					{ "color": "000000ff", "curve": "stepped" },
					{ "time": 0.0333, "color": "000000ff" }
				]
			},
			"thigh3": {
				"rgba": [
					{ "color": "000000ff", "curve": "stepped" },
					{ "time": 0.0333, "color": "000000ff" }
				]
			},
			"thigh4": {
				"rgba": [
					{ "color": "000000ff", "curve": "stepped" },
					{ "time": 0.0333, "color": "000000ff" }
				]
			}
		},
		"bones": {
			"head": {
				"rotate": [
					{ "value": 4.64, "curve": "stepped" },
					{ "time": 0.0333, "value": 4.64 }
				],
				"translate": [
					{ "x": -5.07, "y": -0.48, "curve": "stepped" },
					{ "time": 0.0333, "x": -5.07, "y": -0.48 }
				],
				"scale": [
					{ "x": 1.252, "y": 0.887, "curve": "stepped" },
					{ "time": 0.0333, "x": 1.252, "y": 0.887 }
				]
			},
			"root": {
				"rotate": [
					{ "curve": "stepped" },
					{ "time": 0.0333 }
				],
				"translate": [
					{ "curve": "stepped" },
					{ "time": 0.0333 }
				]
			},
			"main": {
				"rotate": [
					{ "value": 1.27, "curve": "stepped" },
					{ "time": 0.0333, "value": 1.27 }
				],
				"translate": [
					{ "x": -1.36, "y": -20.31, "curve": "stepped" },
					{ "time": 0.0333, "x": -1.36, "y": -20.31 }
				]
			},
			"hip": {
				"rotate": [
					{ "curve": "stepped" },
					{ "time": 0.0333 }
				],
				"translate": [
					{ "curve": "stepped" },
					{ "time": 0.0333 }
				]
			},
			"body": {
				"translate": [
					{ "curve": "stepped" },
					{ "time": 0.0333 }
				],
				"scale": [
					{ "curve": "stepped" },
					{ "time": 0.0333 }
				]
			},
			"body2": {
				"translate": [
					{ "curve": "stepped" },
					{ "time": 0.0333 }
				],
				"scale": [
					{ "curve": "stepped" },
					{ "time": 0.0333 }
				]
			},
			"body3": {
				"translate": [
					{ "curve": "stepped" },
					{ "time": 0.0333 }
				],
				"scale": [
					{ "curve": "stepped" },
					{ "time": 0.0333 }
				]
			},
			"body4": {
				"translate": [
					{ "curve": "stepped" },
					{ "time": 0.0333 }
				],
				"scale": [
					{ "curve": "stepped" },
					{ "time": 0.0333 }
				]
			},
			"body5": {
				"translate": [
					{ "x": -9.8, "y": 0.08, "curve": "stepped" },
					{ "time": 0.0333, "x": -9.8, "y": 0.08 }
				],
				"scale": [
					{ "curve": "stepped" },
					{ "time": 0.0333 }
				]
			},
			"body6": {
				"translate": [
					{ "curve": "stepped" },
					{ "time": 0.0333 }
				],
				"scale": [
					{ "curve": "stepped" },
					{ "time": 0.0333 }
				]
			},
			"body7": {
				"translate": [
					{ "curve": "stepped" },
					{ "time": 0.0333 }
				],
				"scale": [
					{ "curve": "stepped" },
					{ "time": 0.0333 }
				]
			},
			"body8": {
				"translate": [
					{ "curve": "stepped" },
					{ "time": 0.0333 }
				],
				"scale": [
					{ "curve": "stepped" },
					{ "time": 0.0333 }
				]
			},
			"feeling_3": {
				"rotate": [
					{ "value": -136.51, "curve": "stepped" },
					{ "time": 0.0333, "value": -136.51 }
				],
				"translate": [
					{ "x": 57.61, "y": 28.4, "curve": "stepped" },
					{ "time": 0.0333, "x": 57.61, "y": 28.4 }
				]
			},
			"emoji": {
				"rotate": [
					{ "value": 4.05, "curve": "stepped" },
					{ "time": 0.0333, "value": 4.05 }
				],
				"translate": [
					{ "x": 46.54, "y": 8.58, "curve": "stepped" },
					{ "time": 0.0333, "x": 46.54, "y": 8.58 }
				],
				"scale": [
					{ "x": 1.114, "y": 1.103, "curve": "stepped" },
					{ "time": 0.0333, "x": 1.114, "y": 1.103 }
				]
			},
			"shouder_1": {
				"rotate": [
					{ "value": 23.84, "curve": "stepped" },
					{ "time": 0.0333, "value": 23.84 }
				],
				"translate": [
					{ "x": 30.06, "y": 2.64, "curve": "stepped" },
					{ "time": 0.0333, "x": 30.06, "y": 2.64 }
				],
				"scale": [
					{ "curve": "stepped" },
					{ "time": 0.0333 }
				]
			},
			"arm_1": {
				"rotate": [
					{ "value": 45.79, "curve": "stepped" },
					{ "time": 0.0333, "value": 45.79 }
				],
				"translate": [
					{ "x": 2.02, "y": 0.08, "curve": "stepped" },
					{ "time": 0.0333, "x": 2.02, "y": 0.08 }
				],
				"scale": [
					{ "curve": "stepped" },
					{ "time": 0.0333 }
				]
			},
			"shouder_2": {
				"rotate": [
					{ "value": -22.77, "curve": "stepped" },
					{ "time": 0.0333, "value": -22.77 }
				],
				"translate": [
					{ "x": 24.87, "y": 0.28, "curve": "stepped" },
					{ "time": 0.0333, "x": 24.87, "y": 0.28 }
				],
				"scale": [
					{ "curve": "stepped" },
					{ "time": 0.0333 }
				]
			},
			"arm_2": {
				"rotate": [
					{ "value": -33.14, "curve": "stepped" },
					{ "time": 0.0333, "value": -33.14 }
				],
				"translate": [
					{ "curve": "stepped" },
					{ "time": 0.0333 }
				],
				"scale": [
					{ "x": 0.891, "curve": "stepped" },
					{ "time": 0.0333, "x": 0.891 }
				]
			},
			"thigh_1": {
				"rotate": [
					{ "value": 24.72, "curve": "stepped" },
					{ "time": 0.0333, "value": 24.72 }
				],
				"translate": [
					{ "curve": "stepped" },
					{ "time": 0.0333 }
				],
				"scale": [
					{ "x": 0.938, "curve": "stepped" },
					{ "time": 0.0333, "x": 0.938 }
				]
			},
			"leg_1": {
				"rotate": [
					{ "curve": "stepped" },
					{ "time": 0.0333 }
				],
				"translate": [
					{ "curve": "stepped" },
					{ "time": 0.0333 }
				],
				"scale": [
					{ "x": 1.063, "curve": "stepped" },
					{ "time": 0.0333, "x": 1.063 }
				]
			},
			"thigh_2": {
				"rotate": [
					{ "value": 39.21, "curve": "stepped" },
					{ "time": 0.0333, "value": 39.21 }
				],
				"translate": [
					{ "curve": "stepped" },
					{ "time": 0.0333 }
				],
				"scale": [
					{ "x": 0.922, "curve": "stepped" },
					{ "time": 0.0333, "x": 0.922 }
				]
			},
			"leg_2": {
				"rotate": [
					{ "value": 18.14, "curve": "stepped" },
					{ "time": 0.0333, "value": 18.14 }
				],
				"translate": [
					{ "curve": "stepped" },
					{ "time": 0.0333 }
				],
				"scale": [
					{ "x": 1.155, "curve": "stepped" },
					{ "time": 0.0333, "x": 1.155 }
				]
			},
			"foot_2": {
				"rotate": [
					{ "curve": "stepped" },
					{ "time": 0.0333 }
				],
				"translate": [
					{ "x": -53.91, "y": 2.84, "curve": "stepped" },
					{ "time": 0.0333, "x": -53.91, "y": 2.84 }
				]
			},
			"foot_3": {
				"rotate": [
					{ "curve": "stepped" },
					{ "time": 0.0333 }
				],
				"translate": [
					{ "x": 65.47, "y": 0.19, "curve": "stepped" },
					{ "time": 0.0333, "x": 65.47, "y": 0.19 }
				]
			},
			"feeling_5": {
				"rotate": [
					{ "value": 7.53, "curve": "stepped" },
					{ "time": 0.0333, "value": 7.53 }
				],
				"translate": [
					{ "x": 113.37, "y": 47.25, "curve": "stepped" },
					{ "time": 0.0333, "x": 113.37, "y": 47.25 }
				],
				"scale": [
					{ "x": 0.411, "y": 0.411, "curve": "stepped" },
					{ "time": 0.0333, "x": 0.411, "y": 0.411 }
				]
			},
			"move": {
				"translate": [
					{ "x": 119.99, "curve": "stepped" },
					{ "time": 0.0333, "x": 119.99 }
				]
			},
			"feeling_2": {
				"rotate": [
					{ "value": -56.35, "curve": "stepped" },
					{ "time": 0.0333, "value": -56.35 }
				],
				"translate": [
					{ "x": -135.04, "y": -99.33, "curve": "stepped" },
					{ "time": 0.0333, "x": -135.04, "y": -99.33 }
				],
				"scale": [
					{ "x": 1.647, "y": 1.647, "curve": "stepped" },
					{ "time": 0.0333, "x": 1.647, "y": 1.647 }
				]
			},
			"feeling_1": {
				"rotate": [
					{ "value": 107.61, "curve": "stepped" },
					{ "time": 0.0333, "value": 107.61 }
				],
				"translate": [
					{ "x": -78.79, "y": -122.45, "curve": "stepped" },
					{ "time": 0.0333, "x": -78.79, "y": -122.45 }
				],
				"scale": [
					{ "x": -1.197, "y": 2.043, "curve": "stepped" },
					{ "time": 0.0333, "x": -1.197, "y": 2.043 }
				]
			}
		},
		"ik": {
			"foot_1": [
				{
					"stretch": true,
					"curve": [ 0.008, 1, 0.025, 1, 0.008, 0, 0.025, 0 ]
				},
				{ "time": 0.0333, "stretch": true }
			],
			"foot_2": [
				{
					"bendPositive": false,
					"stretch": true,
					"curve": [ 0.008, 1, 0.025, 1, 0.008, 0, 0.025, 0 ]
				},
				{ "time": 0.0333, "bendPositive": false, "stretch": true }
			]
		},
		"drawOrder": [
			{
				"offsets": [
					{ "slot": "shoulder4", "offset": -3 },
					{ "slot": "feeling_2", "offset": -5 }
				]
			},
			{
				"time": 0.0333,
				"offsets": [
					{ "slot": "shoulder4", "offset": -3 },
					{ "slot": "feeling_2", "offset": -5 }
				]
			}
		]
	},
	"t_87_1_lose2": {
		"slots": {
			"body": {
				"rgba": [
					{ "color": "000000ff", "curve": "stepped" },
					{ "time": 0.8667, "color": "000000ff" }
				]
			},
			"Emoji": {
				"rgba": [
					{ "color": "ff6b6bff", "curve": "stepped" },
					{ "time": 0.8667, "color": "ff6b6bff" }
				],
				"attachment": [
					{ "name": "Emoji/emo_57_c" },
					{ "time": 0.8667, "name": "Emoji/emo_57_c" }
				]
			},
			"feeling_1": {
				"attachment": [
					{ "name": "giat_minh" },
					{ "time": 0.8667, "name": "giat_minh" }
				]
			},
			"feeling_2": {
				"attachment": [
					{ "name": "mo_hoi" },
					{ "time": 0.8667, "name": "mo_hoi" }
				]
			},
			"feeling_3": {
				"rgba": [
					{ "color": "ff7575ff", "curve": "stepped" },
					{ "time": 0.8667, "color": "ff7575ff" }
				],
				"attachment": [
					{ "name": "cham_than" },
					{ "time": 0.8667, "name": "cham_than" }
				]
			},
			"feeling_5": {
				"rgba": [
					{ "color": "fffc00ff", "curve": "stepped" },
					{ "time": 0.8667, "color": "fffc00ff" }
				],
				"attachment": [
					{ "name": "scare" },
					{ "time": 0.8667, "name": "scare" }
				]
			},
			"hair": {
				"attachment": [
					{},
					{ "time": 0.8667 }
				]
			},
			"head": {
				"rgba": [
					{ "color": "ffffffff", "curve": "stepped" },
					{ "time": 0.8667, "color": "ffffffff" }
				],
				"attachment": [
					{ "name": "head" },
					{ "time": 0.8667, "name": "head" }
				]
			},
			"shoulder1": {
				"rgba": [
					{ "color": "000000ff", "curve": "stepped" },
					{ "time": 0.8667, "color": "000000ff" }
				],
				"attachment": [
					{ "name": "shoulder" },
					{ "time": 0.8667, "name": "shoulder" }
				]
			},
			"shoulder2": {
				"rgba": [
					{ "color": "000000ff", "curve": "stepped" },
					{ "time": 0.8667, "color": "000000ff" }
				],
				"attachment": [
					{ "name": "shoulder" },
					{ "time": 0.8667, "name": "shoulder" }
				]
			},
			"shoulder3": {
				"rgba": [
					{ "color": "000000ff", "curve": "stepped" },
					{ "time": 0.8667, "color": "000000ff" }
				],
				"attachment": [
					{ "name": "shoulder" },
					{ "time": 0.8667, "name": "shoulder" }
				]
			},
			"shoulder4": {
				"rgba": [
					{ "color": "ff0000ff", "curve": "stepped" },
					{ "time": 0.8667, "color": "ff0000ff" }
				],
				"attachment": [
					{ "name": "shoulder" },
					{ "time": 0.8667, "name": "shoulder" }
				]
			},
			"thigh": {
				"rgba": [
					{ "color": "000000ff", "curve": "stepped" },
					{ "time": 0.8667, "color": "000000ff" }
				]
			},
			"thigh2": {
				"rgba": [
					{ "color": "000000ff", "curve": "stepped" },
					{ "time": 0.8667, "color": "000000ff" }
				]
			},
			"thigh3": {
				"rgba": [
					{ "color": "000000ff", "curve": "stepped" },
					{ "time": 0.8667, "color": "000000ff" }
				]
			},
			"thigh4": {
				"rgba": [
					{ "color": "000000ff", "curve": "stepped" },
					{ "time": 0.8667, "color": "000000ff" }
				]
			}
		},
		"bones": {
			"head": {
				"rotate": [
					{ "value": -1.69, "curve": "stepped" },
					{ "time": 0.8667, "value": -1.69 }
				],
				"translate": [
					{ "x": -13.5, "y": 2.22, "curve": "stepped" },
					{ "time": 0.8667, "x": -13.5, "y": 2.22 }
				],
				"scale": [
					{ "x": 1.158, "curve": "stepped" },
					{ "time": 0.8667, "x": 1.158 }
				]
			},
			"root": {
				"rotate": [
					{ "curve": "stepped" },
					{ "time": 0.8667 }
				],
				"translate": [
					{ "curve": "stepped" },
					{ "time": 0.8667 }
				]
			},
			"main": {
				"rotate": [
					{ "value": 3.3, "curve": "stepped" },
					{ "time": 0.8667, "value": 3.3 }
				],
				"translate": [
					{ "x": 13.34, "y": -15.59, "curve": "stepped" },
					{ "time": 0.8667, "x": 13.34, "y": -15.59 }
				]
			},
			"hip": {
				"rotate": [
					{ "curve": "stepped" },
					{ "time": 0.8667 }
				],
				"translate": [
					{ "curve": "stepped" },
					{ "time": 0.8667 }
				]
			},
			"feeling_3": {
				"rotate": [
					{ "value": -23.28, "curve": "stepped" },
					{ "time": 0.8667, "value": -23.28 }
				],
				"translate": [
					{ "x": 84.57, "y": -135.55, "curve": "stepped" },
					{ "time": 0.8667, "x": 84.57, "y": -135.55 }
				],
				"scale": [
					{ "x": 1.395, "y": 1.395, "curve": "stepped" },
					{ "time": 0.8667, "x": 1.395, "y": 1.395 }
				]
			},
			"emoji": {
				"rotate": [
					{ "value": -4.83, "curve": "stepped" },
					{ "time": 0.8667, "value": -4.83 }
				],
				"translate": [
					{ "x": 49.11, "y": 5.66, "curve": "stepped" },
					{ "time": 0.8667, "x": 49.11, "y": 5.66 }
				],
				"scale": [
					{ "x": 1.142, "y": 1.316, "curve": "stepped" },
					{ "time": 0.8667, "x": 1.142, "y": 1.316 }
				]
			},
			"shouder_1": {
				"rotate": [
					{ "value": 1.71, "curve": "stepped" },
					{ "time": 0.8667, "value": 1.71 }
				],
				"translate": [
					{ "x": 19.38, "y": -2.88, "curve": "stepped" },
					{ "time": 0.8667, "x": 19.38, "y": -2.88 }
				],
				"scale": [
					{ "curve": "stepped" },
					{ "time": 0.8667 }
				],
				"shear": [
					{ "curve": "stepped" },
					{ "time": 0.8667 }
				]
			},
			"arm_1": {
				"rotate": [
					{ "value": 25.92, "curve": "stepped" },
					{ "time": 0.8667, "value": 25.92 }
				],
				"translate": [
					{ "x": 2.02, "y": 0.08, "curve": "stepped" },
					{ "time": 0.8667, "x": 2.02, "y": 0.08 }
				],
				"scale": [
					{ "curve": "stepped" },
					{ "time": 0.8667 }
				]
			},
			"shouder_2": {
				"rotate": [
					{ "value": 41.08, "curve": "stepped" },
					{ "time": 0.8667, "value": 41.08 }
				],
				"translate": [
					{ "x": 31.28, "y": -4.8, "curve": "stepped" },
					{ "time": 0.8667, "x": 31.28, "y": -4.8 }
				],
				"scale": [
					{ "curve": "stepped" },
					{ "time": 0.8667 }
				]
			},
			"arm_2": {
				"rotate": [
					{ "value": 19.67, "curve": "stepped" },
					{ "time": 0.8667, "value": 19.67 }
				],
				"translate": [
					{ "x": 6.07, "y": 1.06, "curve": "stepped" },
					{ "time": 0.8667, "x": 6.07, "y": 1.06 }
				],
				"scale": [
					{ "x": 1.239, "curve": "stepped" },
					{ "time": 0.8667, "x": 1.239 }
				]
			},
			"thigh_1": {
				"rotate": [
					{ "value": -44.84, "curve": "stepped" },
					{ "time": 0.8667, "value": -44.84 }
				],
				"translate": [
					{ "curve": "stepped" },
					{ "time": 0.8667 }
				],
				"scale": [
					{ "curve": "stepped" },
					{ "time": 0.8667 }
				]
			},
			"leg_1": {
				"rotate": [
					{ "value": 45.63, "curve": "stepped" },
					{ "time": 0.8667, "value": 45.63 }
				],
				"translate": [
					{ "curve": "stepped" },
					{ "time": 0.8667 }
				],
				"scale": [
					{ "curve": "stepped" },
					{ "time": 0.8667 }
				]
			},
			"thigh_2": {
				"rotate": [
					{ "value": -37.54, "curve": "stepped" },
					{ "time": 0.8667, "value": -37.54 }
				],
				"translate": [
					{ "curve": "stepped" },
					{ "time": 0.8667 }
				],
				"scale": [
					{ "curve": "stepped" },
					{ "time": 0.8667 }
				]
			},
			"leg_2": {
				"rotate": [
					{ "value": 38.6, "curve": "stepped" },
					{ "time": 0.8667, "value": 38.6 }
				],
				"translate": [
					{ "curve": "stepped" },
					{ "time": 0.8667 }
				],
				"scale": [
					{ "curve": "stepped" },
					{ "time": 0.8667 }
				]
			},
			"foot_2": {
				"rotate": [
					{ "value": -1.35, "curve": "stepped" },
					{ "time": 0.8667, "value": -1.35 }
				],
				"translate": [
					{ "x": 39.03, "y": 3.94, "curve": "stepped" },
					{ "time": 0.8667, "x": 39.03, "y": 3.94 }
				]
			},
			"foot_3": {
				"rotate": [
					{ "curve": "stepped" },
					{ "time": 0.8667 }
				],
				"translate": [
					{ "x": -176.99, "y": 77.61, "curve": "stepped" },
					{ "time": 0.8667, "x": -176.99, "y": 77.61 }
				]
			},
			"feeling_5": {
				"rotate": [
					{ "value": 45.82, "curve": "stepped" },
					{ "time": 0.8667, "value": 45.82 }
				],
				"translate": [
					{ "x": -157.92, "y": 95.86, "curve": "stepped" },
					{ "time": 0.8667, "x": -157.92, "y": 95.86 }
				],
				"scale": [
					{
						"x": 1.008,
						"y": 0.583,
						"curve": [ 0.03, 1.008, 0.064, 1.351, 0.03, 0.583, 0.064, 0.781 ]
					},
					{
						"time": 0.1,
						"x": 1.959,
						"y": 1.132,
						"curve": [ 0.129, 1.78, 0.176, 1.008, 0.129, 1.029, 0.176, 0.583 ]
					},
					{ "time": 0.2, "x": 1.008, "y": 0.583, "curve": "stepped" },
					{
						"time": 0.3333,
						"x": 1.008,
						"y": 0.583,
						"curve": [ 0.363, 1.008, 0.397, 1.351, 0.363, 0.583, 0.397, 0.781 ]
					},
					{
						"time": 0.4333,
						"x": 1.959,
						"y": 1.132,
						"curve": [ 0.463, 1.78, 0.509, 1.008, 0.463, 1.029, 0.509, 0.583 ]
					},
					{ "time": 0.5333, "x": 1.008, "y": 0.583, "curve": "stepped" },
					{
						"time": 0.6333,
						"x": 1.008,
						"y": 0.583,
						"curve": [ 0.663, 1.008, 0.697, 1.351, 0.663, 0.583, 0.697, 0.781 ]
					},
					{
						"time": 0.7333,
						"x": 1.959,
						"y": 1.132,
						"curve": [ 0.763, 1.78, 0.809, 1.008, 0.763, 1.029, 0.809, 0.583 ]
					},
					{ "time": 0.8333, "x": 1.008, "y": 0.583, "curve": "stepped" },
					{ "time": 0.8667, "x": 1.008, "y": 0.583 }
				],
				"shear": [
					{ "curve": "stepped" },
					{ "time": 0.8667 }
				]
			},
			"move": {
				"translate": [
					{ "x": 119.99, "curve": "stepped" },
					{ "time": 0.8667, "x": 119.99 }
				],
				"scale": [
					{ "x": -1, "curve": "stepped" },
					{ "time": 0.8667, "x": -1 }
				]
			},
			"feeling_1": {
				"rotate": [
					{ "value": 78.57, "curve": "stepped" },
					{ "time": 0.8667, "value": 78.57 }
				],
				"translate": [
					{ "x": -61.15, "y": 70.8, "curve": "stepped" },
					{ "time": 0.8667, "x": -61.15, "y": 70.8 }
				],
				"scale": [
					{ "x": 1.3, "y": 1.3, "curve": "stepped" },
					{ "time": 0.8667, "x": 1.3, "y": 1.3 }
				]
			},
			"feeling_2": {
				"rotate": [
					{ "value": 153.24, "curve": "stepped" },
					{ "time": 0.8667, "value": 153.24 }
				],
				"translate": [
					{ "x": 42.59, "y": 13.23, "curve": "stepped" },
					{ "time": 0.8667, "x": 42.59, "y": 13.23 }
				],
				"scale": [
					{ "x": -0.901, "y": 1.386, "curve": "stepped" },
					{ "time": 0.8667, "x": -0.901, "y": 1.386 }
				]
			},
			"body": {
				"rotate": [
					{ "value": -1.36, "curve": "stepped" },
					{ "time": 0.8667, "value": -1.36 }
				]
			},
			"body2": {
				"rotate": [
					{ "value": -1.36, "curve": "stepped" },
					{ "time": 0.8667, "value": -1.36 }
				]
			},
			"body3": {
				"rotate": [
					{ "value": -1.36, "curve": "stepped" },
					{ "time": 0.8667, "value": -1.36 }
				]
			},
			"body4": {
				"rotate": [
					{ "value": -1.36, "curve": "stepped" },
					{ "time": 0.8667, "value": -1.36 }
				]
			},
			"body5": {
				"rotate": [
					{ "value": -1.36, "curve": "stepped" },
					{ "time": 0.8667, "value": -1.36 }
				]
			},
			"body6": {
				"rotate": [
					{ "value": -1.36, "curve": "stepped" },
					{ "time": 0.8667, "value": -1.36 }
				]
			},
			"body7": {
				"rotate": [
					{ "value": -1.36, "curve": "stepped" },
					{ "time": 0.8667, "value": -1.36 }
				]
			},
			"body8": {
				"rotate": [
					{ "value": -1.36, "curve": "stepped" },
					{ "time": 0.8667, "value": -1.36 }
				]
			},
			"hair_1": {
				"rotate": [
					{ "value": 10.09, "curve": "stepped" },
					{ "time": 0.8667, "value": 10.09 }
				],
				"translate": [
					{ "x": 219.72, "y": 519.41, "curve": "stepped" },
					{ "time": 0.8667, "x": 219.72, "y": 519.41 }
				],
				"scale": [
					{ "x": -1.351, "y": 1.351, "curve": "stepped" },
					{ "time": 0.8667, "x": -1.351, "y": 1.351 }
				]
			}
		},
		"ik": {
			"foot_1": [
				{
					"bendPositive": false,
					"stretch": true,
					"curve": [ 0.217, 1, 0.65, 1, 0.217, 0, 0.65, 0 ]
				},
				{ "time": 0.8667, "bendPositive": false, "stretch": true }
			],
			"foot_2": [
				{
					"stretch": true,
					"curve": [ 0.217, 1, 0.65, 1, 0.217, 0, 0.65, 0 ]
				},
				{ "time": 0.8667, "stretch": true }
			]
		},
		"drawOrder": [
			{
				"offsets": [
					{ "slot": "shoulder1", "offset": 4 },
					{ "slot": "shoulder2", "offset": 3 },
					{ "slot": "shoulder4", "offset": 7 },
					{ "slot": "feeling_5", "offset": 3 },
					{ "slot": "feeling_1", "offset": -5 }
				]
			},
			{
				"time": 0.8667,
				"offsets": [
					{ "slot": "shoulder1", "offset": 4 },
					{ "slot": "shoulder2", "offset": 3 },
					{ "slot": "shoulder4", "offset": 7 },
					{ "slot": "feeling_5", "offset": 3 },
					{ "slot": "feeling_1", "offset": -5 }
				]
			}
		]
	},
	"t_87_1_win": {
		"slots": {
			"body": {
				"rgba": [
					{ "color": "000000ff", "curve": "stepped" },
					{ "time": 0.0333, "color": "000000ff" }
				]
			},
			"Emoji": {
				"attachment": [
					{ "name": "Emoji/emo_10_b" },
					{ "time": 0.0333, "name": "Emoji/emo_10_b" }
				]
			},
			"feeling_1": {
				"attachment": [
					{ "name": "rung" },
					{ "time": 0.0333, "name": "rung" }
				]
			},
			"feeling_2": {
				"attachment": [
					{},
					{ "time": 0.0333 }
				]
			},
			"feeling_3": {
				"attachment": [
					{},
					{ "time": 0.0333 }
				]
			},
			"feeling_5": {
				"attachment": [
					{ "name": "rung" },
					{ "time": 0.0333, "name": "rung" }
				]
			},
			"head": {
				"rgba": [
					{ "color": "ffffffff", "curve": "stepped" },
					{ "time": 0.0333, "color": "ffffffff" }
				],
				"attachment": [
					{ "name": "head" },
					{ "time": 0.0333, "name": "head" }
				]
			},
			"shoulder1": {
				"rgba": [
					{ "color": "000000ff", "curve": "stepped" },
					{ "time": 0.0333, "color": "000000ff" }
				],
				"attachment": [
					{ "name": "shoulder" },
					{ "time": 0.0333, "name": "shoulder" }
				]
			},
			"shoulder2": {
				"rgba": [
					{ "color": "000000ff", "curve": "stepped" },
					{ "time": 0.0333, "color": "000000ff" }
				],
				"attachment": [
					{ "name": "shoulder" },
					{ "time": 0.0333, "name": "shoulder" }
				]
			},
			"shoulder3": {
				"rgba": [
					{ "color": "000000ff", "curve": "stepped" },
					{ "time": 0.0333, "color": "000000ff" }
				],
				"attachment": [
					{ "name": "shoulder" },
					{ "time": 0.0333, "name": "shoulder" }
				]
			},
			"shoulder4": {
				"rgba": [
					{ "color": "000000ff", "curve": "stepped" },
					{ "time": 0.0333, "color": "000000ff" }
				],
				"attachment": [
					{ "name": "shoulder" },
					{ "time": 0.0333, "name": "shoulder" }
				]
			},
			"thigh": {
				"rgba": [
					{ "color": "000000ff", "curve": "stepped" },
					{ "time": 0.0333, "color": "000000ff" }
				]
			},
			"thigh2": {
				"rgba": [
					{ "color": "000000ff", "curve": "stepped" },
					{ "time": 0.0333, "color": "000000ff" }
				]
			},
			"thigh3": {
				"rgba": [
					{ "color": "000000ff", "curve": "stepped" },
					{ "time": 0.0333, "color": "000000ff" }
				]
			},
			"thigh4": {
				"rgba": [
					{ "color": "000000ff", "curve": "stepped" },
					{ "time": 0.0333, "color": "000000ff" }
				]
			}
		},
		"bones": {
			"head": {
				"rotate": [
					{ "value": -16.38, "curve": "stepped" },
					{ "time": 0.0333, "value": -16.38 }
				],
				"translate": [
					{ "x": -12.49, "y": 6.9, "curve": "stepped" },
					{ "time": 0.0333, "x": -12.49, "y": 6.9 }
				],
				"scale": [
					{ "curve": "stepped" },
					{ "time": 0.0333 }
				]
			},
			"root": {
				"rotate": [
					{ "curve": "stepped" },
					{ "time": 0.0333 }
				],
				"translate": [
					{ "curve": "stepped" },
					{ "time": 0.0333 }
				]
			},
			"main": {
				"rotate": [
					{ "value": 2.78, "curve": "stepped" },
					{ "time": 0.0333, "value": 2.78 }
				],
				"translate": [
					{ "x": -4.41, "y": -36.23, "curve": "stepped" },
					{ "time": 0.0333, "x": -4.41, "y": -36.23 }
				]
			},
			"hip": {
				"rotate": [
					{ "curve": "stepped" },
					{ "time": 0.0333 }
				],
				"translate": [
					{ "curve": "stepped" },
					{ "time": 0.0333 }
				]
			},
			"body": {
				"rotate": [
					{ "value": 6.06, "curve": "stepped" },
					{ "time": 0.0333, "value": 6.06 }
				],
				"translate": [
					{ "curve": "stepped" },
					{ "time": 0.0333 }
				]
			},
			"body2": {
				"rotate": [
					{ "value": -0.49, "curve": "stepped" },
					{ "time": 0.0333, "value": -0.49 }
				],
				"translate": [
					{ "curve": "stepped" },
					{ "time": 0.0333 }
				]
			},
			"body3": {
				"rotate": [
					{ "value": -0.49, "curve": "stepped" },
					{ "time": 0.0333, "value": -0.49 }
				],
				"translate": [
					{ "curve": "stepped" },
					{ "time": 0.0333 }
				]
			},
			"body4": {
				"rotate": [
					{ "value": -1.4, "curve": "stepped" },
					{ "time": 0.0333, "value": -1.4 }
				],
				"translate": [
					{ "curve": "stepped" },
					{ "time": 0.0333 }
				]
			},
			"body5": {
				"rotate": [
					{ "value": -3.47, "curve": "stepped" },
					{ "time": 0.0333, "value": -3.47 }
				],
				"translate": [
					{ "curve": "stepped" },
					{ "time": 0.0333 }
				]
			},
			"body6": {
				"rotate": [
					{ "value": 0.09, "curve": "stepped" },
					{ "time": 0.0333, "value": 0.09 }
				],
				"translate": [
					{ "curve": "stepped" },
					{ "time": 0.0333 }
				]
			},
			"body7": {
				"rotate": [
					{ "value": -0.49, "curve": "stepped" },
					{ "time": 0.0333, "value": -0.49 }
				],
				"translate": [
					{ "curve": "stepped" },
					{ "time": 0.0333 }
				]
			},
			"body8": {
				"rotate": [
					{ "value": -0.49, "curve": "stepped" },
					{ "time": 0.0333, "value": -0.49 }
				],
				"translate": [
					{ "curve": "stepped" },
					{ "time": 0.0333 }
				]
			},
			"feeling_3": {
				"rotate": [
					{ "value": -160.96, "curve": "stepped" },
					{ "time": 0.0333, "value": -160.96 }
				],
				"translate": [
					{ "x": 65.18, "y": 114.04, "curve": "stepped" },
					{ "time": 0.0333, "x": 65.18, "y": 114.04 }
				],
				"scale": [
					{ "x": -1.786, "y": 1.786, "curve": "stepped" },
					{ "time": 0.0333, "x": -1.786, "y": 1.786 }
				]
			},
			"emoji": {
				"rotate": [
					{ "value": 4.59, "curve": "stepped" },
					{ "time": 0.0333, "value": 4.59 }
				],
				"translate": [
					{ "x": 9.71, "y": 18.06, "curve": "stepped" },
					{ "time": 0.0333, "x": 9.71, "y": 18.06 }
				],
				"scale": [
					{ "curve": "stepped" },
					{ "time": 0.0333 }
				]
			},
			"shouder_1": {
				"rotate": [
					{ "value": 160.69, "curve": "stepped" },
					{ "time": 0.0333, "value": 160.69 }
				],
				"translate": [
					{ "x": 21.05, "y": 1, "curve": "stepped" },
					{ "time": 0.0333, "x": 21.05, "y": 1 }
				],
				"scale": [
					{ "curve": "stepped" },
					{ "time": 0.0333 }
				],
				"shear": [
					{ "y": 1, "curve": "stepped" },
					{ "time": 0.0333, "y": 1 }
				]
			},
			"arm_1": {
				"rotate": [
					{ "value": -29.57, "curve": "stepped" },
					{ "time": 0.0333, "value": -29.57 }
				],
				"translate": [
					{ "x": 2.02, "y": 0.08, "curve": "stepped" },
					{ "time": 0.0333, "x": 2.02, "y": 0.08 }
				],
				"scale": [
					{ "curve": "stepped" },
					{ "time": 0.0333 }
				]
			},
			"shouder_2": {
				"rotate": [
					{ "value": 159.27, "curve": "stepped" },
					{ "time": 0.0333, "value": 159.27 }
				],
				"translate": [
					{ "x": 24.9, "y": -1.15, "curve": "stepped" },
					{ "time": 0.0333, "x": 24.9, "y": -1.15 }
				],
				"scale": [
					{ "x": 0.965, "curve": "stepped" },
					{ "time": 0.0333, "x": 0.965 }
				]
			},
			"arm_2": {
				"rotate": [
					{ "value": 121.97, "curve": "stepped" },
					{ "time": 0.0333, "value": 121.97 }
				],
				"scale": [
					{ "curve": "stepped" },
					{ "time": 0.0333 }
				]
			},
			"thigh_1": {
				"rotate": [
					{ "value": -6.18, "curve": "stepped" },
					{ "time": 0.0333, "value": -6.18 }
				],
				"translate": [
					{ "curve": "stepped" },
					{ "time": 0.0333 }
				],
				"scale": [
					{ "x": 0.94, "curve": "stepped" },
					{ "time": 0.0333, "x": 0.94 }
				]
			},
			"leg_1": {
				"rotate": [
					{ "value": 5.22, "curve": "stepped" },
					{ "time": 0.0333, "value": 5.22 }
				],
				"translate": [
					{ "curve": "stepped" },
					{ "time": 0.0333 }
				]
			},
			"thigh_2": {
				"rotate": [
					{ "value": 2.51, "curve": "stepped" },
					{ "time": 0.0333, "value": 2.51 }
				],
				"translate": [
					{ "curve": "stepped" },
					{ "time": 0.0333 }
				],
				"scale": [
					{ "curve": "stepped" },
					{ "time": 0.0333 }
				]
			},
			"leg_2": {
				"rotate": [
					{ "value": 3.66, "curve": "stepped" },
					{ "time": 0.0333, "value": 3.66 }
				],
				"translate": [
					{ "curve": "stepped" },
					{ "time": 0.0333 }
				]
			},
			"foot_2": {
				"rotate": [
					{ "curve": "stepped" },
					{ "time": 0.0333 }
				],
				"translate": [
					{ "x": -84.38, "y": 2.21, "curve": "stepped" },
					{ "time": 0.0333, "x": -84.38, "y": 2.21 }
				]
			},
			"foot_3": {
				"rotate": [
					{ "value": 4.17, "curve": "stepped" },
					{ "time": 0.0333, "value": 4.17 }
				],
				"translate": [
					{ "x": 114.1, "y": 4.19, "curve": "stepped" },
					{ "time": 0.0333, "x": 114.1, "y": 4.19 }
				]
			},
			"feeling_5": {
				"rotate": [
					{ "value": -44.12, "curve": "stepped" },
					{ "time": 0.0333, "value": -44.12 }
				],
				"translate": [
					{ "x": -47.48, "y": 213.78, "curve": "stepped" },
					{ "time": 0.0333, "x": -47.48, "y": 213.78 }
				],
				"scale": [
					{ "x": 0.389, "y": 0.389, "curve": "stepped" },
					{ "time": 0.0333, "x": 0.389, "y": 0.389 }
				]
			},
			"feeling_1": {
				"rotate": [
					{ "value": 7.82, "curve": "stepped" },
					{ "time": 0.0333, "value": 7.82 }
				],
				"translate": [
					{ "x": 25.07, "y": -220.86, "curve": "stepped" },
					{ "time": 0.0333, "x": 25.07, "y": -220.86 }
				],
				"scale": [
					{ "x": -0.743, "y": 0.743, "curve": "stepped" },
					{ "time": 0.0333, "x": -0.743, "y": 0.743 }
				]
			},
			"feeling_2": {
				"rotate": [
					{ "curve": "stepped" },
					{ "time": 0.0333 }
				],
				"translate": [
					{ "curve": "stepped" },
					{ "time": 0.0333 }
				],
				"scale": [
					{ "curve": "stepped" },
					{ "time": 0.0333 }
				]
			},
			"item_1": {
				"translate": [
					{ "x": -23.15, "y": -318.71, "curve": "stepped" },
					{ "time": 0.0333, "x": -23.15, "y": -318.71 }
				],
				"scale": [
					{ "x": -0.88, "y": 0.88, "curve": "stepped" },
					{ "time": 0.0333, "x": -0.88, "y": 0.88 }
				]
			},
			"move": {
				"translate": [
					{ "x": 119.99, "y": -0.41, "curve": "stepped" },
					{ "time": 0.0333, "x": 119.99, "y": -0.41 }
				]
			}
		},
		"ik": {
			"foot_1": [
				{
					"stretch": true,
					"curve": [ 0.008, 1, 0.025, 1, 0.008, 0, 0.025, 0 ]
				},
				{ "time": 0.0333, "stretch": true }
			],
			"foot_2": [
				{
					"stretch": true,
					"curve": [ 0.008, 1, 0.025, 1, 0.008, 0, 0.025, 0 ]
				},
				{ "time": 0.0333, "stretch": true }
			]
		},
		"drawOrder": [
			{
				"offsets": [
					{ "slot": "item", "offset": 6 },
					{ "slot": "shoulder4", "offset": 12 },
					{ "slot": "thigh4", "offset": -4 }
				]
			},
			{
				"time": 0.0333,
				"offsets": [
					{ "slot": "item", "offset": 6 },
					{ "slot": "shoulder4", "offset": 12 },
					{ "slot": "thigh4", "offset": -4 }
				]
			}
		]
	},
	"t_87_2_be": {
		"slots": {
			"body": {
				"rgba": [
					{ "color": "000000ff", "curve": "stepped" },
					{ "time": 0.0333, "color": "000000ff" }
				]
			},
			"Emoji": {
				"attachment": [
					{ "name": "Emoji/emo_84" },
					{ "time": 0.0333, "name": "Emoji/emo_84" }
				]
			},
			"feeling_1": {
				"attachment": [
					{},
					{ "time": 0.0333 }
				]
			},
			"feeling_2": {
				"attachment": [
					{},
					{ "time": 0.0333 }
				]
			},
			"feeling_3": {
				"attachment": [
					{},
					{ "time": 0.0333 }
				]
			},
			"feeling_5": {
				"attachment": [
					{},
					{ "time": 0.0333 }
				]
			},
			"hair": {
				"attachment": [
					{},
					{ "time": 0.0333 }
				]
			},
			"head": {
				"rgba": [
					{ "color": "ffffffff", "curve": "stepped" },
					{ "time": 0.0333, "color": "ffffffff" }
				],
				"attachment": [
					{ "name": "head" },
					{ "time": 0.0333, "name": "head" }
				]
			},
			"shoulder1": {
				"rgba": [
					{ "color": "000000ff", "curve": "stepped" },
					{ "time": 0.0333, "color": "000000ff" }
				],
				"attachment": [
					{ "name": "shoulder" },
					{ "time": 0.0333, "name": "shoulder" }
				]
			},
			"shoulder2": {
				"rgba": [
					{ "color": "000000ff", "curve": "stepped" },
					{ "time": 0.0333, "color": "000000ff" }
				],
				"attachment": [
					{ "name": "shoulder" },
					{ "time": 0.0333, "name": "shoulder" }
				]
			},
			"shoulder3": {
				"rgba": [
					{ "color": "000000ff", "curve": "stepped" },
					{ "time": 0.0333, "color": "000000ff" }
				],
				"attachment": [
					{ "name": "shoulder" },
					{ "time": 0.0333, "name": "shoulder" }
				]
			},
			"shoulder4": {
				"rgba": [
					{ "color": "000000ff", "curve": "stepped" },
					{ "time": 0.0333, "color": "000000ff" }
				],
				"attachment": [
					{ "name": "shoulder" },
					{ "time": 0.0333, "name": "shoulder" }
				]
			},
			"thigh": {
				"rgba": [
					{ "color": "000000ff", "curve": "stepped" },
					{ "time": 0.0333, "color": "000000ff" }
				]
			},
			"thigh2": {
				"rgba": [
					{ "color": "000000ff", "curve": "stepped" },
					{ "time": 0.0333, "color": "000000ff" }
				]
			},
			"thigh3": {
				"rgba": [
					{ "color": "000000ff", "curve": "stepped" },
					{ "time": 0.0333, "color": "000000ff" }
				]
			},
			"thigh4": {
				"rgba": [
					{ "color": "000000ff", "curve": "stepped" },
					{ "time": 0.0333, "color": "000000ff" }
				]
			}
		},
		"bones": {
			"head": {
				"rotate": [
					{ "value": -7.3, "curve": "stepped" },
					{ "time": 0.0333, "value": -7.3 }
				],
				"translate": [
					{ "x": -5.06, "y": 5.87, "curve": "stepped" },
					{ "time": 0.0333, "x": -5.06, "y": 5.87 }
				],
				"scale": [
					{ "curve": "stepped" },
					{ "time": 0.0333 }
				]
			},
			"root": {
				"rotate": [
					{ "curve": "stepped" },
					{ "time": 0.0333 }
				],
				"translate": [
					{ "curve": "stepped" },
					{ "time": 0.0333 }
				]
			},
			"main": {
				"rotate": [
					{ "value": 5.69, "curve": "stepped" },
					{ "time": 0.0333, "value": 5.69 }
				],
				"translate": [
					{ "x": -42.5, "y": 1.53, "curve": "stepped" },
					{ "time": 0.0333, "x": -42.5, "y": 1.53 }
				]
			},
			"hip": {
				"rotate": [
					{ "curve": "stepped" },
					{ "time": 0.0333 }
				],
				"translate": [
					{ "curve": "stepped" },
					{ "time": 0.0333 }
				]
			},
			"body": {
				"rotate": [
					{ "value": 3.02, "curve": "stepped" },
					{ "time": 0.0333, "value": 3.02 }
				],
				"translate": [
					{ "curve": "stepped" },
					{ "time": 0.0333 }
				]
			},
			"body2": {
				"rotate": [
					{ "value": -3.53, "curve": "stepped" },
					{ "time": 0.0333, "value": -3.53 }
				],
				"translate": [
					{ "curve": "stepped" },
					{ "time": 0.0333 }
				]
			},
			"body3": {
				"rotate": [
					{ "value": -3.53, "curve": "stepped" },
					{ "time": 0.0333, "value": -3.53 }
				],
				"translate": [
					{ "curve": "stepped" },
					{ "time": 0.0333 }
				]
			},
			"body4": {
				"rotate": [
					{ "value": -4.44, "curve": "stepped" },
					{ "time": 0.0333, "value": -4.44 }
				],
				"translate": [
					{ "curve": "stepped" },
					{ "time": 0.0333 }
				]
			},
			"body5": {
				"rotate": [
					{ "value": -4.98, "curve": "stepped" },
					{ "time": 0.0333, "value": -4.98 }
				],
				"translate": [
					{ "curve": "stepped" },
					{ "time": 0.0333 }
				]
			},
			"body6": {
				"rotate": [
					{ "value": -2.95, "curve": "stepped" },
					{ "time": 0.0333, "value": -2.95 }
				],
				"translate": [
					{ "curve": "stepped" },
					{ "time": 0.0333 }
				]
			},
			"body7": {
				"rotate": [
					{ "value": -3.53, "curve": "stepped" },
					{ "time": 0.0333, "value": -3.53 }
				],
				"translate": [
					{ "curve": "stepped" },
					{ "time": 0.0333 }
				]
			},
			"body8": {
				"rotate": [
					{ "value": -3.53, "curve": "stepped" },
					{ "time": 0.0333, "value": -3.53 }
				],
				"translate": [
					{ "curve": "stepped" },
					{ "time": 0.0333 }
				]
			},
			"feeling_3": {
				"rotate": [
					{ "curve": "stepped" },
					{ "time": 0.0333 }
				],
				"translate": [
					{ "curve": "stepped" },
					{ "time": 0.0333 }
				]
			},
			"emoji": {
				"rotate": [
					{ "value": 1.54, "curve": "stepped" },
					{ "time": 0.0333, "value": 1.54 }
				],
				"translate": [
					{ "x": 4.71, "y": 9.55, "curve": "stepped" },
					{ "time": 0.0333, "x": 4.71, "y": 9.55 }
				],
				"scale": [
					{ "x": -1, "curve": "stepped" },
					{ "time": 0.0333, "x": -1 }
				]
			},
			"shouder_1": {
				"rotate": [
					{ "value": -179.59, "curve": "stepped" },
					{ "time": 0.0333, "value": -179.59 }
				],
				"translate": [
					{ "x": 18.37, "y": -2.27, "curve": "stepped" },
					{ "time": 0.0333, "x": 18.37, "y": -2.27 }
				],
				"scale": [
					{ "curve": "stepped" },
					{ "time": 0.0333 }
				],
				"shear": [
					{ "y": 1, "curve": "stepped" },
					{ "time": 0.0333, "y": 1 }
				]
			},
			"arm_1": {
				"rotate": [
					{ "value": -10.23, "curve": "stepped" },
					{ "time": 0.0333, "value": -10.23 }
				],
				"translate": [
					{ "x": 2.6, "y": 0.99, "curve": "stepped" },
					{ "time": 0.0333, "x": 2.6, "y": 0.99 }
				],
				"scale": [
					{ "curve": "stepped" },
					{ "time": 0.0333 }
				]
			},
			"shouder_2": {
				"rotate": [
					{ "value": 152.76, "curve": "stepped" },
					{ "time": 0.0333, "value": 152.76 }
				],
				"translate": [
					{ "x": 17.52, "y": -1.21, "curve": "stepped" },
					{ "time": 0.0333, "x": 17.52, "y": -1.21 }
				],
				"scale": [
					{ "curve": "stepped" },
					{ "time": 0.0333 }
				]
			},
			"arm_2": {
				"rotate": [
					{ "value": 59.85, "curve": "stepped" },
					{ "time": 0.0333, "value": 59.85 }
				],
				"translate": [
					{ "x": 0.99, "y": 1.82, "curve": "stepped" },
					{ "time": 0.0333, "x": 0.99, "y": 1.82 }
				],
				"scale": [
					{ "curve": "stepped" },
					{ "time": 0.0333 }
				]
			},
			"thigh_1": {
				"rotate": [
					{ "value": -6.18, "curve": "stepped" },
					{ "time": 0.0333, "value": -6.18 }
				],
				"translate": [
					{ "curve": "stepped" },
					{ "time": 0.0333 }
				],
				"scale": [
					{ "curve": "stepped" },
					{ "time": 0.0333 }
				]
			},
			"leg_1": {
				"rotate": [
					{ "value": 5.22, "curve": "stepped" },
					{ "time": 0.0333, "value": 5.22 }
				],
				"translate": [
					{ "curve": "stepped" },
					{ "time": 0.0333 }
				],
				"scale": [
					{ "x": 1.051, "curve": "stepped" },
					{ "time": 0.0333, "x": 1.051 }
				]
			},
			"thigh_2": {
				"rotate": [
					{ "value": 2.51, "curve": "stepped" },
					{ "time": 0.0333, "value": 2.51 }
				],
				"translate": [
					{ "curve": "stepped" },
					{ "time": 0.0333 }
				],
				"scale": [
					{ "curve": "stepped" },
					{ "time": 0.0333 }
				]
			},
			"leg_2": {
				"rotate": [
					{ "value": 3.66, "curve": "stepped" },
					{ "time": 0.0333, "value": 3.66 }
				],
				"translate": [
					{ "curve": "stepped" },
					{ "time": 0.0333 }
				],
				"scale": [
					{ "x": 1.079, "curve": "stepped" },
					{ "time": 0.0333, "x": 1.079 }
				]
			},
			"foot_2": {
				"rotate": [
					{ "curve": "stepped" },
					{ "time": 0.0333 }
				],
				"translate": [
					{ "x": -1.15, "y": 2.17, "curve": "stepped" },
					{ "time": 0.0333, "x": -1.15, "y": 2.17 }
				]
			},
			"foot_3": {
				"rotate": [
					{ "value": -4.37, "curve": "stepped" },
					{ "time": 0.0333, "value": -4.37 }
				],
				"translate": [
					{ "x": -224.85, "y": 121.08, "curve": "stepped" },
					{ "time": 0.0333, "x": -224.85, "y": 121.08 }
				]
			},
			"feeling_5": {
				"rotate": [
					{ "curve": "stepped" },
					{ "time": 0.0333 }
				],
				"translate": [
					{ "curve": "stepped" },
					{ "time": 0.0333 }
				]
			},
			"feeling_1": {
				"rotate": [
					{ "value": 20.29, "curve": "stepped" },
					{ "time": 0.0333, "value": 20.29 }
				],
				"translate": [
					{ "x": -78.56, "y": 22.23, "curve": "stepped" },
					{ "time": 0.0333, "x": -78.56, "y": 22.23 }
				],
				"scale": [
					{ "x": -1.956, "y": 1.956, "curve": "stepped" },
					{ "time": 0.0333, "x": -1.956, "y": 1.956 }
				]
			},
			"feeling_2": {
				"rotate": [
					{ "value": -134.92, "curve": "stepped" },
					{ "time": 0.0333, "value": -134.92 }
				],
				"translate": [
					{ "x": 22.2, "y": -18.76, "curve": "stepped" },
					{ "time": 0.0333, "x": 22.2, "y": -18.76 }
				],
				"scale": [
					{ "curve": "stepped" },
					{ "time": 0.0333 }
				]
			},
			"hair_1": {
				"rotate": [
					{ "value": -32.36, "curve": "stepped" },
					{ "time": 0.0333, "value": -32.36 }
				],
				"translate": [
					{ "x": 219.56, "y": 544.27, "curve": "stepped" },
					{ "time": 0.0333, "x": 219.56, "y": 544.27 }
				]
			},
			"move": {
				"translate": [
					{ "x": 119.99, "y": -0.41, "curve": "stepped" },
					{ "time": 0.0333, "x": 119.99, "y": -0.41 }
				]
			}
		},
		"ik": {
			"foot_1": [
				{
					"stretch": true,
					"curve": [ 0.008, 1, 0.025, 1, 0.008, 0, 0.025, 0 ]
				},
				{ "time": 0.0333, "stretch": true }
			],
			"foot_2": [
				{
					"stretch": true,
					"curve": [ 0.008, 1, 0.025, 1, 0.008, 0, 0.025, 0 ]
				},
				{ "time": 0.0333, "stretch": true }
			]
		},
		"drawOrder": [
			{
				"offsets": [
					{ "slot": "shoulder4", "offset": 7 }
				]
			},
			{
				"time": 0.0333,
				"offsets": [
					{ "slot": "shoulder4", "offset": 7 }
				]
			}
		]
	},
	"t_87_2_lose": {
		"slots": {
			"body": {
				"rgba": [
					{ "color": "000000ff", "curve": "stepped" },
					{ "time": 0.5333, "color": "000000ff" }
				]
			},
			"Emoji": {
				"attachment": [
					{},
					{ "time": 0.5333 }
				]
			},
			"feeling_1": {
				"attachment": [
					{ "name": "giat_minh" },
					{ "time": 0.1 },
					{ "time": 0.2, "name": "giat_minh" },
					{ "time": 0.3 },
					{ "time": 0.4, "name": "giat_minh" },
					{ "time": 0.5333, "name": "giat_minh" }
				]
			},
			"feeling_2": {
				"rgba": [
					{ "color": "ffffffff", "curve": "stepped" },
					{ "time": 0.5333, "color": "ffffffff" }
				],
				"attachment": [
					{ "name": "cauco" },
					{ "time": 0.5333, "name": "cauco" }
				]
			},
			"feeling_3": {
				"rgba": [
					{ "color": "ff5252c8", "curve": "stepped" },
					{ "time": 0.5333, "color": "ff5252c8" }
				],
				"attachment": [
					{},
					{ "time": 0.5333 }
				]
			},
			"feeling_5": {
				"rgba": [
					{ "color": "faff00ff", "curve": "stepped" },
					{ "time": 0.5333, "color": "faff00ff" }
				],
				"attachment": [
					{},
					{ "time": 0.5333 }
				]
			},
			"hair": {
				"attachment": [
					{},
					{ "time": 0.5333 }
				]
			},
			"head": {
				"rgba": [
					{ "color": "ffacacff", "curve": "stepped" },
					{ "time": 0.5333, "color": "ffacacff" }
				],
				"attachment": [
					{ "name": "head" },
					{ "time": 0.5333, "name": "head" }
				]
			},
			"shoulder1": {
				"rgba": [
					{ "color": "000000ff", "curve": "stepped" },
					{ "time": 0.5333, "color": "000000ff" }
				],
				"attachment": [
					{ "name": "shoulder" },
					{ "time": 0.5333, "name": "shoulder" }
				]
			},
			"shoulder2": {
				"rgba": [
					{ "color": "000000ff", "curve": "stepped" },
					{ "time": 0.5333, "color": "000000ff" }
				],
				"attachment": [
					{ "name": "shoulder" },
					{ "time": 0.5333, "name": "shoulder" }
				]
			},
			"shoulder3": {
				"rgba": [
					{ "color": "000000ff", "curve": "stepped" },
					{ "time": 0.5333, "color": "000000ff" }
				],
				"attachment": [
					{ "name": "shoulder" },
					{ "time": 0.5333, "name": "shoulder" }
				]
			},
			"shoulder4": {
				"rgba": [
					{ "color": "000000ff", "curve": "stepped" },
					{ "time": 0.5333, "color": "000000ff" }
				],
				"attachment": [
					{ "name": "shoulder" },
					{ "time": 0.5333, "name": "shoulder" }
				]
			},
			"thigh": {
				"rgba": [
					{ "color": "000000ff", "curve": "stepped" },
					{ "time": 0.5333, "color": "000000ff" }
				]
			},
			"thigh2": {
				"rgba": [
					{ "color": "000000ff", "curve": "stepped" },
					{ "time": 0.5333, "color": "000000ff" }
				]
			},
			"thigh3": {
				"rgba": [
					{ "color": "000000ff", "curve": "stepped" },
					{ "time": 0.5333, "color": "000000ff" }
				]
			},
			"thigh4": {
				"rgba": [
					{ "color": "000000ff", "curve": "stepped" },
					{ "time": 0.5333, "color": "000000ff" }
				]
			}
		},
		"bones": {
			"head": {
				"rotate": [
					{ "value": 0.44, "curve": "stepped" },
					{ "time": 0.5333, "value": 0.44 }
				],
				"translate": [
					{ "x": -6.62, "y": 9.9, "curve": "stepped" },
					{ "time": 0.5333, "x": -6.62, "y": 9.9 }
				],
				"scale": [
					{ "curve": "stepped" },
					{ "time": 0.5333 }
				]
			},
			"root": {
				"rotate": [
					{ "curve": "stepped" },
					{ "time": 0.5333 }
				],
				"translate": [
					{ "curve": "stepped" },
					{ "time": 0.5333 }
				]
			},
			"main": {
				"rotate": [
					{ "value": 2.39, "curve": "stepped" },
					{ "time": 0.5333, "value": 2.39 }
				],
				"translate": [
					{ "x": -2.19, "y": -7.32, "curve": "stepped" },
					{ "time": 0.5333, "x": -2.19, "y": -7.32 }
				]
			},
			"hip": {
				"rotate": [
					{ "curve": "stepped" },
					{ "time": 0.5333 }
				],
				"translate": [
					{ "curve": "stepped" },
					{ "time": 0.5333 }
				]
			},
			"body": {
				"rotate": [
					{ "value": 0.18, "curve": "stepped" },
					{ "time": 0.5333, "value": 0.18 }
				],
				"translate": [
					{ "curve": "stepped" },
					{ "time": 0.5333 }
				],
				"scale": [
					{ "curve": "stepped" },
					{ "time": 0.5333 }
				]
			},
			"body2": {
				"rotate": [
					{ "value": 0.18, "curve": "stepped" },
					{ "time": 0.5333, "value": 0.18 }
				],
				"translate": [
					{ "curve": "stepped" },
					{ "time": 0.5333 }
				],
				"scale": [
					{ "curve": "stepped" },
					{ "time": 0.5333 }
				]
			},
			"body3": {
				"rotate": [
					{ "value": 0.18, "curve": "stepped" },
					{ "time": 0.5333, "value": 0.18 }
				],
				"translate": [
					{ "curve": "stepped" },
					{ "time": 0.5333 }
				],
				"scale": [
					{ "curve": "stepped" },
					{ "time": 0.5333 }
				]
			},
			"body4": {
				"rotate": [
					{ "value": 0.18, "curve": "stepped" },
					{ "time": 0.5333, "value": 0.18 }
				],
				"translate": [
					{ "curve": "stepped" },
					{ "time": 0.5333 }
				],
				"scale": [
					{ "curve": "stepped" },
					{ "time": 0.5333 }
				]
			},
			"body5": {
				"rotate": [
					{ "value": 0.18, "curve": "stepped" },
					{ "time": 0.5333, "value": 0.18 }
				],
				"translate": [
					{ "curve": "stepped" },
					{ "time": 0.5333 }
				],
				"scale": [
					{ "curve": "stepped" },
					{ "time": 0.5333 }
				]
			},
			"body6": {
				"rotate": [
					{ "value": 0.18, "curve": "stepped" },
					{ "time": 0.5333, "value": 0.18 }
				],
				"translate": [
					{ "curve": "stepped" },
					{ "time": 0.5333 }
				],
				"scale": [
					{ "curve": "stepped" },
					{ "time": 0.5333 }
				]
			},
			"body7": {
				"rotate": [
					{ "value": 0.18, "curve": "stepped" },
					{ "time": 0.5333, "value": 0.18 }
				],
				"translate": [
					{ "curve": "stepped" },
					{ "time": 0.5333 }
				],
				"scale": [
					{ "curve": "stepped" },
					{ "time": 0.5333 }
				]
			},
			"body8": {
				"rotate": [
					{ "value": 0.18, "curve": "stepped" },
					{ "time": 0.5333, "value": 0.18 }
				],
				"translate": [
					{ "curve": "stepped" },
					{ "time": 0.5333 }
				],
				"scale": [
					{ "curve": "stepped" },
					{ "time": 0.5333 }
				]
			},
			"feeling_3": {
				"rotate": [
					{ "value": -128.94, "curve": "stepped" },
					{ "time": 0.5333, "value": -128.94 }
				],
				"translate": [
					{ "x": 62.03, "y": 51.35, "curve": "stepped" },
					{ "time": 0.5333, "x": 62.03, "y": 51.35 }
				],
				"scale": [
					{ "x": 0.846, "y": 0.846, "curve": "stepped" },
					{ "time": 0.5333, "x": 0.846, "y": 0.846 }
				]
			},
			"emoji": {
				"rotate": [
					{ "value": 0.13, "curve": "stepped" },
					{ "time": 0.5333, "value": 0.13 }
				],
				"translate": [
					{ "x": -6.93, "y": -9.2, "curve": "stepped" },
					{ "time": 0.5333, "x": -6.93, "y": -9.2 }
				],
				"scale": [
					{ "x": -0.946, "y": 0.946, "curve": "stepped" },
					{ "time": 0.5333, "x": -0.946, "y": 0.946 }
				]
			},
			"shouder_1": {
				"rotate": [
					{ "value": 78.5, "curve": "stepped" },
					{ "time": 0.5333, "value": 78.5 }
				],
				"translate": [
					{ "x": 35.33, "y": 2, "curve": "stepped" },
					{ "time": 0.5333, "x": 35.33, "y": 2 }
				],
				"scale": [
					{ "x": 1.187, "curve": "stepped" },
					{ "time": 0.5333, "x": 1.187 }
				]
			},
			"arm_1": {
				"rotate": [
					{ "value": 51.49, "curve": "stepped" },
					{ "time": 0.5333, "value": 51.49 }
				],
				"translate": [
					{ "x": 2.02, "y": 0.08, "curve": "stepped" },
					{ "time": 0.5333, "x": 2.02, "y": 0.08 }
				],
				"scale": [
					{ "curve": "stepped" },
					{ "time": 0.5333 }
				]
			},
			"shouder_2": {
				"rotate": [
					{ "value": 56.24, "curve": "stepped" },
					{ "time": 0.5333, "value": 56.24 }
				],
				"translate": [
					{ "x": 22.42, "y": 2.98, "curve": "stepped" },
					{ "time": 0.5333, "x": 22.42, "y": 2.98 }
				],
				"scale": [
					{ "curve": "stepped" },
					{ "time": 0.5333 }
				]
			},
			"arm_2": {
				"rotate": [
					{ "value": -12.75, "curve": "stepped" },
					{ "time": 0.5333, "value": -12.75 }
				],
				"scale": [
					{ "curve": "stepped" },
					{ "time": 0.5333 }
				]
			},
			"thigh_1": {
				"rotate": [
					{ "value": 24.72, "curve": "stepped" },
					{ "time": 0.5333, "value": 24.72 }
				],
				"translate": [
					{ "curve": "stepped" },
					{ "time": 0.5333 }
				],
				"scale": [
					{ "curve": "stepped" },
					{ "time": 0.5333 }
				]
			},
			"leg_1": {
				"rotate": [
					{ "curve": "stepped" },
					{ "time": 0.5333 }
				],
				"translate": [
					{ "curve": "stepped" },
					{ "time": 0.5333 }
				]
			},
			"thigh_2": {
				"rotate": [
					{ "value": 39.21, "curve": "stepped" },
					{ "time": 0.5333, "value": 39.21 }
				],
				"translate": [
					{ "curve": "stepped" },
					{ "time": 0.5333 }
				],
				"scale": [
					{ "curve": "stepped" },
					{ "time": 0.5333 }
				]
			},
			"leg_2": {
				"rotate": [
					{ "value": 18.14, "curve": "stepped" },
					{ "time": 0.5333, "value": 18.14 }
				],
				"translate": [
					{ "curve": "stepped" },
					{ "time": 0.5333 }
				]
			},
			"foot_2": {
				"rotate": [
					{ "curve": "stepped" },
					{ "time": 0.5333 }
				],
				"translate": [
					{ "x": 46.86, "y": 0.31, "curve": "stepped" },
					{ "time": 0.5333, "x": 46.86, "y": 0.31 }
				]
			},
			"foot_3": {
				"rotate": [
					{ "value": 2.33, "curve": "stepped" },
					{ "time": 0.5333, "value": 2.33 }
				],
				"translate": [
					{ "x": -30.9, "y": 113.51, "curve": "stepped" },
					{ "time": 0.5333, "x": -30.9, "y": 113.51 }
				]
			},
			"feeling_5": {
				"rotate": [
					{ "value": 143.41, "curve": "stepped" },
					{ "time": 0.5333, "value": 143.41 }
				],
				"translate": [
					{ "x": -8.11, "y": -72.83, "curve": "stepped" },
					{ "time": 0.5333, "x": -8.11, "y": -72.83 }
				],
				"scale": [
					{ "x": 0.804, "y": 0.804, "curve": "stepped" },
					{ "time": 0.5333, "x": 0.804, "y": 0.804 }
				],
				"shear": [
					{ "curve": "stepped" },
					{ "time": 0.5333 }
				]
			},
			"feeling_1": {
				"rotate": [
					{ "value": -12.24, "curve": "stepped" },
					{ "time": 0.5333, "value": -12.24 }
				],
				"translate": [
					{ "x": 29.18, "y": -76.11, "curve": "stepped" },
					{ "time": 0.5333, "x": 29.18, "y": -76.11 }
				],
				"scale": [
					{ "x": 1.508, "y": 1.508, "curve": "stepped" },
					{ "time": 0.5333, "x": 1.508, "y": 1.508 }
				]
			},
			"feeling_2": {
				"rotate": [
					{ "value": 33.09, "curve": "stepped" },
					{ "time": 0.5333, "value": 33.09 }
				],
				"translate": [
					{ "x": -40.29, "y": -98.11, "curve": "stepped" },
					{ "time": 0.5333, "x": -40.29, "y": -98.11 }
				],
				"scale": [
					{ "x": -0.96, "y": 0.96, "curve": "stepped" },
					{ "time": 0.5333, "x": -0.96, "y": 0.96 }
				]
			},
			"move": {
				"translate": [
					{ "x": 119.99, "y": 0.3, "curve": "stepped" },
					{ "time": 0.5333, "x": 119.99, "y": 0.3 }
				],
				"scale": [
					{ "curve": "stepped" },
					{ "time": 0.5333 }
				]
			},
			"item_1": {
				"rotate": [
					{ "value": -26.82, "curve": "stepped" },
					{ "time": 0.5333, "value": -26.82 }
				],
				"translate": [
					{ "x": 78.31, "y": 126.47, "curve": "stepped" },
					{ "time": 0.5333, "x": 78.31, "y": 126.47 }
				],
				"scale": [
					{ "x": 0.92, "y": 0.92, "curve": "stepped" },
					{ "time": 0.5333, "x": 0.92, "y": 0.92 }
				]
			},
			"hair_1": {
				"rotate": [
					{ "value": 8.91, "curve": "stepped" },
					{ "time": 0.5333, "value": 8.91 }
				],
				"translate": [
					{ "x": 114.51, "y": 574.64, "curve": "stepped" },
					{ "time": 0.5333, "x": 114.51, "y": 574.64 }
				],
				"scale": [
					{ "x": 1.046, "y": 1.046, "curve": "stepped" },
					{ "time": 0.5333, "x": 1.046, "y": 1.046 }
				]
			}
		},
		"ik": {
			"foot_1": [
				{
					"bendPositive": false,
					"stretch": true,
					"curve": [ 0.133, 1, 0.4, 1, 0.133, 0, 0.4, 0 ]
				},
				{ "time": 0.5333, "bendPositive": false, "stretch": true }
			],
			"foot_2": [
				{
					"stretch": true,
					"curve": [ 0.133, 1, 0.4, 1, 0.133, 0, 0.4, 0 ]
				},
				{ "time": 0.5333, "stretch": true }
			]
		},
		"drawOrder": [
			{
				"offsets": [
					{ "slot": "item", "offset": 15 },
					{ "slot": "shoulder1", "offset": 2 },
					{ "slot": "shoulder3", "offset": 2 },
					{ "slot": "feeling_3", "offset": -13 },
					{ "slot": "feeling_5", "offset": 3 }
				]
			},
			{
				"time": 0.5333,
				"offsets": [
					{ "slot": "item", "offset": 15 },
					{ "slot": "shoulder1", "offset": 2 },
					{ "slot": "shoulder3", "offset": 2 },
					{ "slot": "feeling_3", "offset": -13 },
					{ "slot": "feeling_5", "offset": 3 }
				]
			}
		]
	},
	"t_87_2_lose2": {
		"slots": {
			"body": {
				"rgba": [
					{ "color": "000000ff", "curve": "stepped" },
					{ "time": 0.0333, "color": "000000ff" }
				]
			},
			"Emoji": {
				"attachment": [
					{ "name": "Emoji/emo_1" },
					{ "time": 0.0333, "name": "Emoji/emo_1" }
				]
			},
			"feeling_1": {
				"attachment": [
					{ "name": "rung" },
					{ "time": 0.0333, "name": "rung" }
				]
			},
			"feeling_2": {
				"attachment": [
					{ "name": "rung" },
					{ "time": 0.0333, "name": "rung" }
				]
			},
			"feeling_3": {
				"attachment": [
					{},
					{ "time": 0.0333 }
				]
			},
			"feeling_5": {
				"attachment": [
					{},
					{ "time": 0.0333 }
				]
			},
			"hair": {
				"attachment": [
					{},
					{ "time": 0.0333 }
				]
			},
			"head": {
				"rgba": [
					{ "color": "ffffffff", "curve": "stepped" },
					{ "time": 0.0333, "color": "ffffffff" }
				],
				"attachment": [
					{ "name": "head" },
					{ "time": 0.0333, "name": "head" }
				]
			},
			"shoulder1": {
				"rgba": [
					{ "color": "000000ff", "curve": "stepped" },
					{ "time": 0.0333, "color": "000000ff" }
				],
				"attachment": [
					{ "name": "shoulder" },
					{ "time": 0.0333, "name": "shoulder" }
				]
			},
			"shoulder2": {
				"rgba": [
					{ "color": "000000ff", "curve": "stepped" },
					{ "time": 0.0333, "color": "000000ff" }
				],
				"attachment": [
					{ "name": "shoulder" },
					{ "time": 0.0333, "name": "shoulder" }
				]
			},
			"shoulder3": {
				"rgba": [
					{ "color": "000000ff", "curve": "stepped" },
					{ "time": 0.0333, "color": "000000ff" }
				],
				"attachment": [
					{ "name": "shoulder" },
					{ "time": 0.0333, "name": "shoulder" }
				]
			},
			"shoulder4": {
				"rgba": [
					{ "color": "000000ff", "curve": "stepped" },
					{ "time": 0.0333, "color": "000000ff" }
				],
				"attachment": [
					{ "name": "shoulder" },
					{ "time": 0.0333, "name": "shoulder" }
				]
			},
			"thigh": {
				"rgba": [
					{ "color": "000000ff", "curve": "stepped" },
					{ "time": 0.0333, "color": "000000ff" }
				]
			},
			"thigh2": {
				"rgba": [
					{ "color": "000000ff", "curve": "stepped" },
					{ "time": 0.0333, "color": "000000ff" }
				]
			},
			"thigh3": {
				"rgba": [
					{ "color": "000000ff", "curve": "stepped" },
					{ "time": 0.0333, "color": "000000ff" }
				]
			},
			"thigh4": {
				"rgba": [
					{ "color": "000000ff", "curve": "stepped" },
					{ "time": 0.0333, "color": "000000ff" }
				]
			}
		},
		"bones": {
			"head": {
				"rotate": [
					{ "value": -12.61, "curve": "stepped" },
					{ "time": 0.0333, "value": -12.61 }
				],
				"translate": [
					{ "x": -3.17, "y": 9.27, "curve": "stepped" },
					{ "time": 0.0333, "x": -3.17, "y": 9.27 }
				],
				"scale": [
					{ "curve": "stepped" },
					{ "time": 0.0333 }
				]
			},
			"root": {
				"rotate": [
					{ "curve": "stepped" },
					{ "time": 0.0333 }
				],
				"translate": [
					{ "curve": "stepped" },
					{ "time": 0.0333 }
				]
			},
			"main": {
				"rotate": [
					{ "value": -1.44, "curve": "stepped" },
					{ "time": 0.0333, "value": -1.44 }
				],
				"translate": [
					{ "x": -0.82, "y": -54.31, "curve": "stepped" },
					{ "time": 0.0333, "x": -0.82, "y": -54.31 }
				]
			},
			"hip": {
				"rotate": [
					{ "curve": "stepped" },
					{ "time": 0.0333 }
				],
				"translate": [
					{ "curve": "stepped" },
					{ "time": 0.0333 }
				]
			},
			"body": {
				"rotate": [
					{ "value": 6.34, "curve": "stepped" },
					{ "time": 0.0333, "value": 6.34 }
				],
				"translate": [
					{ "curve": "stepped" },
					{ "time": 0.0333 }
				]
			},
			"body2": {
				"rotate": [
					{ "value": -0.21, "curve": "stepped" },
					{ "time": 0.0333, "value": -0.21 }
				],
				"translate": [
					{ "curve": "stepped" },
					{ "time": 0.0333 }
				]
			},
			"body3": {
				"rotate": [
					{ "value": -0.21, "curve": "stepped" },
					{ "time": 0.0333, "value": -0.21 }
				],
				"translate": [
					{ "curve": "stepped" },
					{ "time": 0.0333 }
				]
			},
			"body4": {
				"rotate": [
					{ "value": -1.12, "curve": "stepped" },
					{ "time": 0.0333, "value": -1.12 }
				],
				"translate": [
					{ "curve": "stepped" },
					{ "time": 0.0333 }
				]
			},
			"body5": {
				"rotate": [
					{ "value": -1.66, "curve": "stepped" },
					{ "time": 0.0333, "value": -1.66 }
				],
				"translate": [
					{ "curve": "stepped" },
					{ "time": 0.0333 }
				]
			},
			"body6": {
				"rotate": [
					{ "value": 0.37, "curve": "stepped" },
					{ "time": 0.0333, "value": 0.37 }
				],
				"translate": [
					{ "curve": "stepped" },
					{ "time": 0.0333 }
				]
			},
			"body7": {
				"rotate": [
					{ "value": -0.21, "curve": "stepped" },
					{ "time": 0.0333, "value": -0.21 }
				],
				"translate": [
					{ "curve": "stepped" },
					{ "time": 0.0333 }
				]
			},
			"body8": {
				"rotate": [
					{ "value": -0.21, "curve": "stepped" },
					{ "time": 0.0333, "value": -0.21 }
				],
				"translate": [
					{ "curve": "stepped" },
					{ "time": 0.0333 }
				]
			},
			"feeling_3": {
				"rotate": [
					{ "curve": "stepped" },
					{ "time": 0.0333 }
				],
				"translate": [
					{ "curve": "stepped" },
					{ "time": 0.0333 }
				]
			},
			"emoji": {
				"rotate": [
					{ "value": -8.23, "curve": "stepped" },
					{ "time": 0.0333, "value": -8.23 }
				],
				"translate": [
					{ "x": -4.79, "y": 4.92, "curve": "stepped" },
					{ "time": 0.0333, "x": -4.79, "y": 4.92 }
				],
				"scale": [
					{ "curve": "stepped" },
					{ "time": 0.0333 }
				]
			},
			"shouder_1": {
				"rotate": [
					{ "value": 151.28, "curve": "stepped" },
					{ "time": 0.0333, "value": 151.28 }
				],
				"translate": [
					{ "x": 33.1, "y": 0.93, "curve": "stepped" },
					{ "time": 0.0333, "x": 33.1, "y": 0.93 }
				],
				"scale": [
					{ "curve": "stepped" },
					{ "time": 0.0333 }
				],
				"shear": [
					{ "y": 1, "curve": "stepped" },
					{ "time": 0.0333, "y": 1 }
				]
			},
			"arm_1": {
				"rotate": [
					{ "value": -28.56, "curve": "stepped" },
					{ "time": 0.0333, "value": -28.56 }
				],
				"translate": [
					{ "x": 2.6, "y": 0.99, "curve": "stepped" },
					{ "time": 0.0333, "x": 2.6, "y": 0.99 }
				],
				"scale": [
					{ "curve": "stepped" },
					{ "time": 0.0333 }
				]
			},
			"shouder_2": {
				"rotate": [
					{ "value": 128.6, "curve": "stepped" },
					{ "time": 0.0333, "value": 128.6 }
				],
				"translate": [
					{ "x": 26.79, "y": 2.14, "curve": "stepped" },
					{ "time": 0.0333, "x": 26.79, "y": 2.14 }
				],
				"scale": [
					{ "y": 0.924, "curve": "stepped" },
					{ "time": 0.0333, "y": 0.924 }
				]
			},
			"arm_2": {
				"rotate": [
					{ "value": -85.19, "curve": "stepped" },
					{ "time": 0.0333, "value": -85.19 }
				],
				"translate": [
					{ "x": 0.99, "y": 1.82, "curve": "stepped" },
					{ "time": 0.0333, "x": 0.99, "y": 1.82 }
				],
				"scale": [
					{ "x": 1.032, "curve": "stepped" },
					{ "time": 0.0333, "x": 1.032 }
				]
			},
			"thigh_1": {
				"rotate": [
					{ "value": -6.18, "curve": "stepped" },
					{ "time": 0.0333, "value": -6.18 }
				],
				"translate": [
					{ "curve": "stepped" },
					{ "time": 0.0333 }
				],
				"scale": [
					{ "x": 0.94, "curve": "stepped" },
					{ "time": 0.0333, "x": 0.94 }
				]
			},
			"leg_1": {
				"rotate": [
					{ "value": 5.22, "curve": "stepped" },
					{ "time": 0.0333, "value": 5.22 }
				],
				"translate": [
					{ "curve": "stepped" },
					{ "time": 0.0333 }
				],
				"scale": [
					{ "curve": "stepped" },
					{ "time": 0.0333 }
				]
			},
			"thigh_2": {
				"rotate": [
					{ "value": 2.51, "curve": "stepped" },
					{ "time": 0.0333, "value": 2.51 }
				],
				"translate": [
					{ "curve": "stepped" },
					{ "time": 0.0333 }
				],
				"scale": [
					{ "x": 0.942, "curve": "stepped" },
					{ "time": 0.0333, "x": 0.942 }
				]
			},
			"leg_2": {
				"rotate": [
					{ "value": 3.66, "curve": "stepped" },
					{ "time": 0.0333, "value": 3.66 }
				],
				"translate": [
					{ "curve": "stepped" },
					{ "time": 0.0333 }
				],
				"scale": [
					{ "curve": "stepped" },
					{ "time": 0.0333 }
				]
			},
			"foot_2": {
				"rotate": [
					{ "curve": "stepped" },
					{ "time": 0.0333 }
				],
				"translate": [
					{ "x": 59.47, "y": -3.38, "curve": "stepped" },
					{ "time": 0.0333, "x": 59.47, "y": -3.38 }
				]
			},
			"foot_3": {
				"rotate": [
					{ "value": -4.37, "curve": "stepped" },
					{ "time": 0.0333, "value": -4.37 }
				],
				"translate": [
					{ "x": -49.04, "y": -1.91, "curve": "stepped" },
					{ "time": 0.0333, "x": -49.04, "y": -1.91 }
				]
			},
			"feeling_5": {
				"rotate": [
					{ "curve": "stepped" },
					{ "time": 0.0333 }
				],
				"translate": [
					{ "curve": "stepped" },
					{ "time": 0.0333 }
				]
			},
			"feeling_1": {
				"rotate": [
					{ "value": -176.46, "curve": "stepped" },
					{ "time": 0.0333, "value": -176.46 }
				],
				"translate": [
					{ "x": 5.21, "y": -100.55, "curve": "stepped" },
					{ "time": 0.0333, "x": 5.21, "y": -100.55 }
				],
				"scale": [
					{ "x": 1.031, "y": 1.031, "curve": "stepped" },
					{ "time": 0.0333, "x": 1.031, "y": 1.031 }
				]
			},
			"feeling_2": {
				"rotate": [
					{ "value": 178.95, "curve": "stepped" },
					{ "time": 0.0333, "value": 178.95 }
				],
				"translate": [
					{ "x": -176.81, "y": -453.99, "curve": "stepped" },
					{ "time": 0.0333, "x": -176.81, "y": -453.99 }
				],
				"scale": [
					{ "x": 1.011, "y": 1.011, "curve": "stepped" },
					{ "time": 0.0333, "x": 1.011, "y": 1.011 }
				]
			},
			"move": {
				"translate": [
					{ "x": 119.99, "y": -0.41, "curve": "stepped" },
					{ "time": 0.0333, "x": 119.99, "y": -0.41 }
				],
				"scale": [
					{ "curve": "stepped" },
					{ "time": 0.0333 }
				]
			},
			"hair_1": {
				"rotate": [
					{ "value": -20.94, "curve": "stepped" },
					{ "time": 0.0333, "value": -20.94 }
				],
				"translate": [
					{ "x": 132.63, "y": 564.08, "curve": "stepped" },
					{ "time": 0.0333, "x": 132.63, "y": 564.08 }
				],
				"scale": [
					{ "x": 1.014, "y": 1.014, "curve": "stepped" },
					{ "time": 0.0333, "x": 1.014, "y": 1.014 }
				]
			}
		},
		"ik": {
			"foot_1": [
				{
					"stretch": true,
					"curve": [ 0.008, 1, 0.025, 1, 0.008, 0, 0.025, 0 ]
				},
				{ "time": 0.0333, "stretch": true }
			],
			"foot_2": [
				{
					"stretch": true,
					"curve": [ 0.008, 1, 0.025, 1, 0.008, 0, 0.025, 0 ]
				},
				{ "time": 0.0333, "stretch": true }
			]
		},
		"drawOrder": [
			{
				"offsets": [
					{ "slot": "shoulder4", "offset": 7 }
				]
			},
			{
				"time": 0.0333,
				"offsets": [
					{ "slot": "shoulder4", "offset": 7 }
				]
			}
		]
	},
	"t_87_2_win": {
		"slots": {
			"body": {
				"rgba": [
					{ "color": "000000ff", "curve": "stepped" },
					{ "time": 0.0333, "color": "000000ff" }
				]
			},
			"Emoji": {
				"rgba": [
					{ "color": "ff2121ff", "curve": "stepped" },
					{ "time": 0.0333, "color": "ff2121ff" }
				],
				"attachment": [
					{ "name": "Emoji/emo_65" },
					{ "time": 0.0333, "name": "Emoji/emo_65" }
				]
			},
			"feeling_1": {
				"rgba": [
					{ "color": "ff53539b", "curve": "stepped" },
					{ "time": 0.0333, "color": "ff53539b" }
				],
				"attachment": [
					{ "name": "khoi" },
					{ "time": 0.0333, "name": "khoi" }
				]
			},
			"feeling_2": {
				"rgba": [
					{ "color": "ff53539b", "curve": "stepped" },
					{ "time": 0.0333, "color": "ff53539b" }
				],
				"attachment": [
					{ "name": "khoi" },
					{ "time": 0.0333, "name": "khoi" }
				]
			},
			"feeling_3": {
				"rgba": [
					{ "color": "000000ff", "curve": "stepped" },
					{ "time": 0.0333, "color": "000000ff" }
				],
				"attachment": [
					{ "name": "giat_minh" },
					{ "time": 0.0333, "name": "giat_minh" }
				]
			},
			"feeling_5": {
				"rgba": [
					{ "color": "ffffffff", "curve": "stepped" },
					{ "time": 0.0333, "color": "ffffffff" }
				],
				"attachment": [
					{},
					{ "time": 0.0333 }
				]
			},
			"hair": {
				"attachment": [
					{},
					{ "time": 0.0333 }
				]
			},
			"head": {
				"rgba": [
					{ "color": "ffc0c0ff", "curve": "stepped" },
					{ "time": 0.0333, "color": "ffc0c0ff" }
				],
				"attachment": [
					{ "name": "head" },
					{ "time": 0.0333, "name": "head" }
				]
			},
			"item": {
				"attachment": [
					{ "name": "cauco" },
					{ "time": 0.0333, "name": "cauco" }
				]
			},
			"shoulder1": {
				"rgba": [
					{ "color": "000000ff", "curve": "stepped" },
					{ "time": 0.0333, "color": "000000ff" }
				],
				"attachment": [
					{ "name": "shoulder" },
					{ "time": 0.0333, "name": "shoulder" }
				]
			},
			"shoulder2": {
				"rgba": [
					{ "color": "000000ff", "curve": "stepped" },
					{ "time": 0.0333, "color": "000000ff" }
				],
				"attachment": [
					{ "name": "shoulder" },
					{ "time": 0.0333, "name": "shoulder" }
				]
			},
			"shoulder3": {
				"rgba": [
					{ "color": "000000ff", "curve": "stepped" },
					{ "time": 0.0333, "color": "000000ff" }
				],
				"attachment": [
					{ "name": "shoulder" },
					{ "time": 0.0333, "name": "shoulder" }
				]
			},
			"shoulder4": {
				"rgba": [
					{ "color": "000000ff", "curve": "stepped" },
					{ "time": 0.0333, "color": "000000ff" }
				],
				"attachment": [
					{ "name": "shoulder" },
					{ "time": 0.0333, "name": "shoulder" }
				]
			},
			"thigh": {
				"rgba": [
					{ "color": "000000ff", "curve": "stepped" },
					{ "time": 0.0333, "color": "000000ff" }
				]
			},
			"thigh2": {
				"rgba": [
					{ "color": "000000ff", "curve": "stepped" },
					{ "time": 0.0333, "color": "000000ff" }
				]
			},
			"thigh3": {
				"rgba": [
					{ "color": "000000ff", "curve": "stepped" },
					{ "time": 0.0333, "color": "000000ff" }
				]
			},
			"thigh4": {
				"rgba": [
					{ "color": "000000ff", "curve": "stepped" },
					{ "time": 0.0333, "color": "000000ff" }
				]
			}
		},
		"bones": {
			"head": {
				"rotate": [
					{ "value": -20.94, "curve": "stepped" },
					{ "time": 0.0333, "value": -20.94 }
				],
				"translate": [
					{ "x": -6.64, "y": 12.31, "curve": "stepped" },
					{ "time": 0.0333, "x": -6.64, "y": 12.31 }
				],
				"scale": [
					{ "curve": "stepped" },
					{ "time": 0.0333 }
				]
			},
			"root": {
				"rotate": [
					{ "curve": "stepped" },
					{ "time": 0.0333 }
				],
				"translate": [
					{ "curve": "stepped" },
					{ "time": 0.0333 }
				]
			},
			"main": {
				"rotate": [
					{ "value": -4.24, "curve": "stepped" },
					{ "time": 0.0333, "value": -4.24 }
				],
				"translate": [
					{ "x": 3.38, "y": -46.65, "curve": "stepped" },
					{ "time": 0.0333, "x": 3.38, "y": -46.65 }
				]
			},
			"hip": {
				"rotate": [
					{ "curve": "stepped" },
					{ "time": 0.0333 }
				],
				"translate": [
					{ "curve": "stepped" },
					{ "time": 0.0333 }
				]
			},
			"body": {
				"rotate": [
					{ "value": 17.69, "curve": "stepped" },
					{ "time": 0.0333, "value": 17.69 }
				],
				"translate": [
					{ "curve": "stepped" },
					{ "time": 0.0333 }
				],
				"scale": [
					{ "curve": "stepped" },
					{ "time": 0.0333 }
				]
			},
			"body2": {
				"rotate": [
					{ "value": -1.39, "curve": "stepped" },
					{ "time": 0.0333, "value": -1.39 }
				],
				"translate": [
					{ "curve": "stepped" },
					{ "time": 0.0333 }
				],
				"scale": [
					{ "curve": "stepped" },
					{ "time": 0.0333 }
				]
			},
			"body3": {
				"rotate": [
					{ "value": -1.39, "curve": "stepped" },
					{ "time": 0.0333, "value": -1.39 }
				],
				"translate": [
					{ "curve": "stepped" },
					{ "time": 0.0333 }
				],
				"scale": [
					{ "curve": "stepped" },
					{ "time": 0.0333 }
				]
			},
			"body4": {
				"rotate": [
					{ "value": -2.3, "curve": "stepped" },
					{ "time": 0.0333, "value": -2.3 }
				],
				"translate": [
					{ "curve": "stepped" },
					{ "time": 0.0333 }
				],
				"scale": [
					{ "curve": "stepped" },
					{ "time": 0.0333 }
				]
			},
			"body5": {
				"rotate": [
					{ "value": -0.78, "curve": "stepped" },
					{ "time": 0.0333, "value": -0.78 }
				],
				"translate": [
					{ "curve": "stepped" },
					{ "time": 0.0333 }
				],
				"scale": [
					{ "curve": "stepped" },
					{ "time": 0.0333 }
				]
			},
			"body6": {
				"rotate": [
					{ "value": 0.33, "curve": "stepped" },
					{ "time": 0.0333, "value": 0.33 }
				],
				"translate": [
					{ "curve": "stepped" },
					{ "time": 0.0333 }
				],
				"scale": [
					{ "curve": "stepped" },
					{ "time": 0.0333 }
				]
			},
			"body7": {
				"rotate": [
					{ "value": -2.28, "curve": "stepped" },
					{ "time": 0.0333, "value": -2.28 }
				],
				"translate": [
					{ "curve": "stepped" },
					{ "time": 0.0333 }
				],
				"scale": [
					{ "curve": "stepped" },
					{ "time": 0.0333 }
				]
			},
			"body8": {
				"rotate": [
					{ "value": -1.8, "curve": "stepped" },
					{ "time": 0.0333, "value": -1.8 }
				],
				"translate": [
					{ "curve": "stepped" },
					{ "time": 0.0333 }
				],
				"scale": [
					{ "curve": "stepped" },
					{ "time": 0.0333 }
				]
			},
			"feeling_3": {
				"rotate": [
					{ "value": 133.85, "curve": "stepped" },
					{ "time": 0.0333, "value": 133.85 }
				],
				"translate": [
					{ "x": 6.83, "y": 73.34, "curve": "stepped" },
					{ "time": 0.0333, "x": 6.83, "y": 73.34 }
				],
				"scale": [
					{ "x": 0.889, "y": 0.889, "curve": "stepped" },
					{ "time": 0.0333, "x": 0.889, "y": 0.889 }
				]
			},
			"emoji": {
				"rotate": [
					{ "value": -30.81, "curve": "stepped" },
					{ "time": 0.0333, "value": -30.81 }
				],
				"translate": [
					{ "x": 7.37, "y": 30.84, "curve": "stepped" },
					{ "time": 0.0333, "x": 7.37, "y": 30.84 }
				],
				"scale": [
					{ "x": 0.937, "y": 0.937, "curve": "stepped" },
					{ "time": 0.0333, "x": 0.937, "y": 0.937 }
				]
			},
			"shouder_1": {
				"rotate": [
					{ "value": 161.51, "curve": "stepped" },
					{ "time": 0.0333, "value": 161.51 }
				],
				"translate": [
					{ "x": 27.28, "y": 4.46, "curve": "stepped" },
					{ "time": 0.0333, "x": 27.28, "y": 4.46 }
				],
				"scale": [
					{ "curve": "stepped" },
					{ "time": 0.0333 }
				]
			},
			"arm_1": {
				"rotate": [
					{ "value": -30.09, "curve": "stepped" },
					{ "time": 0.0333, "value": -30.09 }
				],
				"translate": [
					{ "x": 2.02, "y": 0.08, "curve": "stepped" },
					{ "time": 0.0333, "x": 2.02, "y": 0.08 }
				],
				"scale": [
					{ "curve": "stepped" },
					{ "time": 0.0333 }
				]
			},
			"shouder_2": {
				"rotate": [
					{ "value": -32.04, "curve": "stepped" },
					{ "time": 0.0333, "value": -32.04 }
				],
				"translate": [
					{ "x": 20.24, "y": -2.63, "curve": "stepped" },
					{ "time": 0.0333, "x": 20.24, "y": -2.63 }
				],
				"scale": [
					{ "curve": "stepped" },
					{ "time": 0.0333 }
				]
			},
			"arm_2": {
				"rotate": [
					{ "value": -20.45, "curve": "stepped" },
					{ "time": 0.0333, "value": -20.45 }
				],
				"translate": [
					{ "x": 1.29, "y": 1.38, "curve": "stepped" },
					{ "time": 0.0333, "x": 1.29, "y": 1.38 }
				],
				"scale": [
					{ "curve": "stepped" },
					{ "time": 0.0333 }
				]
			},
			"thigh_1": {
				"rotate": [
					{ "value": -25.7, "curve": "stepped" },
					{ "time": 0.0333, "value": -25.7 }
				],
				"translate": [
					{ "curve": "stepped" },
					{ "time": 0.0333 }
				],
				"scale": [
					{ "curve": "stepped" },
					{ "time": 0.0333 }
				]
			},
			"leg_1": {
				"rotate": [
					{ "value": 55.24, "curve": "stepped" },
					{ "time": 0.0333, "value": 55.24 }
				],
				"translate": [
					{ "curve": "stepped" },
					{ "time": 0.0333 }
				]
			},
			"thigh_2": {
				"rotate": [
					{ "value": 24.8, "curve": "stepped" },
					{ "time": 0.0333, "value": 24.8 }
				],
				"translate": [
					{ "curve": "stepped" },
					{ "time": 0.0333 }
				],
				"scale": [
					{ "curve": "stepped" },
					{ "time": 0.0333 }
				]
			},
			"leg_2": {
				"rotate": [
					{ "value": 41.04, "curve": "stepped" },
					{ "time": 0.0333, "value": 41.04 }
				],
				"translate": [
					{ "curve": "stepped" },
					{ "time": 0.0333 }
				]
			},
			"foot_2": {
				"rotate": [
					{ "curve": "stepped" },
					{ "time": 0.0333 }
				],
				"translate": [
					{ "x": 136.86, "y": -0.09, "curve": "stepped" },
					{ "time": 0.0333, "x": 136.86, "y": -0.09 }
				]
			},
			"foot_3": {
				"rotate": [
					{ "curve": "stepped" },
					{ "time": 0.0333 }
				],
				"translate": [
					{ "x": -77.45, "y": 3.19, "curve": "stepped" },
					{ "time": 0.0333, "x": -77.45, "y": 3.19 }
				]
			},
			"feeling_5": {
				"rotate": [
					{ "value": -98.81, "curve": "stepped" },
					{ "time": 0.0333, "value": -98.81 }
				],
				"translate": [
					{ "x": 129.7, "y": -93.76, "curve": "stepped" },
					{ "time": 0.0333, "x": 129.7, "y": -93.76 }
				],
				"scale": [
					{ "x": -0.794, "y": 0.794, "curve": "stepped" },
					{ "time": 0.0333, "x": -0.794, "y": 0.794 }
				],
				"shear": [
					{ "curve": "stepped" },
					{ "time": 0.0333 }
				]
			},
			"feeling_1": {
				"rotate": [
					{ "value": 61.58, "curve": "stepped" },
					{ "time": 0.0333, "value": 61.58 }
				],
				"translate": [
					{ "x": -65.49, "y": -26.71, "curve": "stepped" },
					{ "time": 0.0333, "x": -65.49, "y": -26.71 }
				],
				"scale": [
					{ "x": -0.667, "y": 0.667, "curve": "stepped" },
					{ "time": 0.0333, "x": -0.667, "y": 0.667 }
				]
			},
			"feeling_2": {
				"rotate": [
					{ "value": 21.02, "curve": "stepped" },
					{ "time": 0.0333, "value": 21.02 }
				],
				"translate": [
					{ "x": -0.51, "y": -99.87, "curve": "stepped" },
					{ "time": 0.0333, "x": -0.51, "y": -99.87 }
				],
				"scale": [
					{ "x": -0.87, "y": 0.87, "curve": "stepped" },
					{ "time": 0.0333, "x": -0.87, "y": 0.87 }
				]
			},
			"move": {
				"translate": [
					{ "x": 119.99, "curve": "stepped" },
					{ "time": 0.0333, "x": 119.99 }
				],
				"scale": [
					{ "curve": "stepped" },
					{ "time": 0.0333 }
				]
			},
			"item_1": {
				"translate": [
					{ "x": 25.03, "y": 30.41, "curve": "stepped" },
					{ "time": 0.0333, "x": 25.03, "y": 30.41 }
				],
				"scale": [
					{ "x": 1.079, "y": 1.079, "curve": "stepped" },
					{ "time": 0.0333, "x": 1.079, "y": 1.079 }
				]
			},
			"hair_1": {
				"rotate": [
					{ "value": -12.38, "curve": "stepped" },
					{ "time": 0.0333, "value": -12.38 }
				],
				"translate": [
					{ "x": 84.44, "y": 558.92, "curve": "stepped" },
					{ "time": 0.0333, "x": 84.44, "y": 558.92 }
				],
				"scale": [
					{ "x": 0.941, "y": 0.941, "curve": "stepped" },
					{ "time": 0.0333, "x": 0.941, "y": 0.941 }
				]
			}
		},
		"ik": {
			"foot_1": [
				{
					"stretch": true,
					"curve": [ 0.008, 1, 0.025, 1, 0.008, 0, 0.025, 0 ]
				},
				{ "time": 0.0333, "stretch": true }
			],
			"foot_2": [
				{
					"stretch": true,
					"curve": [ 0.008, 1, 0.025, 1, 0.008, 0, 0.025, 0 ]
				},
				{ "time": 0.0333, "stretch": true }
			]
		},
		"drawOrder": [
			{
				"offsets": [
					{ "slot": "item", "offset": 17 },
					{ "slot": "shoulder4", "offset": -4 }
				]
			},
			{
				"time": 0.0333,
				"offsets": [
					{ "slot": "item", "offset": 17 },
					{ "slot": "shoulder4", "offset": -4 }
				]
			}
		]
	}
}
}