{
    "branch_id": "89119f3e-2ac2-4a1a-92ef-c11d6b21e0a7",
    "name": "Main",
    "created": "2023-05-09T15:41:10.120Z",
    "settings": {
        "physics": {
            "gravity": [
                0,
                -9.8,
                0
            ]
        },
        "render": {
            "lightmapFilterRange": 10,
            "fog_end": 1000,
            "lightmapFilterEnabled": false,
            "ambientBake": false,
            "tonemapping": 0,
            "lightingAreaLightsEnabled": false,
            "lightingShadowType": 0,
            "ambientBakeOcclusionContrast": 0,
            "skybox": null,
            "lightingCookieAtlasResolution": 2048,
            "fog_density": 0.01,
            "lightmapFilterSmoothness": 0.2,
            "gamma_correction": 1,
            "exposure": 1,
            "lightingShadowsEnabled": true,
            "fog_start": 1,
            "skyboxIntensity": 1,
            "global_ambient": [
                0.2,
                0.2,
                0.2
            ],
            "ambientBakeNumSamples": 1,
            "fog_color": [
                0,
                0,
                0
            ],
            "lightingCells": [
                10,
                3,
                10
            ],
            "lightmapMode": 1,
            "lightingCookiesEnabled": false,
            "clusteredLightingEnabled": true,
            "ambientBakeSpherePart": 0.4,
            "fog": "none",
            "ambientBakeOcclusionBrightness": 0,
            "lightmapMaxResolution": 2048,
            "lightingMaxLightsPerCell": 255,
            "lightingShadowAtlasResolution": 2048,
            "skyboxMip": 0,
            "lightmapSizeMultiplier": 16,
            "skyboxRotation": [
                0,
                0,
                0
            ]
        }
    },
    "entities": {
        "ebb6aea6-ee7f-11ed-92b1-b2f8358430e2": {
            "position": [
                0,
                0,
                0
            ],
            "scale": [
                1,
                1,
                1
            ],
            "name": "Root",
            "parent": null,
            "resource_id": "ebb6aea6-ee7f-11ed-92b1-b2f8358430e2",
            "components": {
                "script": {
                    "enabled": true,
                    "order": [
                        "fps",
                        "famobiSafeArea"
                    ],
                    "scripts": {
                        "fps": {
                            "enabled": false,
                            "attributes": {}
                        },
                        "famobiSafeArea": {
                            "enabled": true,
                            "attributes": {
                                "forceBodyBackgroundColor": true,
                                "bodyBackgroundColor": [
                                    0,
                                    0,
                                    0,
                                    1
                                ],
                                "debugConfig": {
                                    "enabled": false,
                                    "top": 50,
                                    "bottom": 120,
                                    "left": 30,
                                    "right": 0
                                }
                            }
                        }
                    }
                }
            },
            "rotation": [
                0,
                0,
                0
            ],
            "tags": [],
            "enabled": true,
            "children": [
                "ebb6b036-ee7f-11ed-92b1-b2f8358430e2",
                "6801d68a-1d48-4028-974a-a077c20289e9",
                "313d7d20-600e-44b7-952e-8ced96aeb63b",
                "d9778ee9-ca72-4770-8157-ed5b7576e8a0",
                "ebb6b144-ee7f-11ed-92b1-b2f8358430e2",
                "0ecb2551-fba7-4e09-9a7b-6bde0e6b6f95",
                "e892ddbe-d878-4bf1-80a6-6ac0c14db943"
            ]
        },
        "ebb6b036-ee7f-11ed-92b1-b2f8358430e2": {
            "position": [
                0,
                0,
                10
            ],
            "scale": [
                1,
                1,
                1
            ],
            "name": "Camera",
            "parent": "ebb6aea6-ee7f-11ed-92b1-b2f8358430e2",
            "resource_id": "ebb6b036-ee7f-11ed-92b1-b2f8358430e2",
            "components": {
                "camera": {
                    "projection": 0,
                    "farClip": 10000,
                    "clearColorBuffer": true,
                    "layers": [
                        0,
                        1,
                        2,
                        3,
                        4,
                        1000
                    ],
                    "priority": 0,
                    "fov": 50,
                    "clearDepthBuffer": true,
                    "frustumCulling": false,
                    "clearColor": [
                        0.118,
                        0.118,
                        0.118,
                        1
                    ],
                    "enabled": true,
                    "orthoHeight": 4,
                    "nearClip": 0.1,
                    "rect": [
                        0,
                        0,
                        1,
                        1
                    ]
                },
                "script": {
                    "enabled": true,
                    "order": [
                        "pipeTurnComponent",
                        "pipeMoveComponent"
                    ],
                    "scripts": {
                        "pipeTurnComponent": {
                            "enabled": true,
                            "attributes": {
                                "pipeTag": "Pipe"
                            }
                        },
                        "pipeMoveComponent": {
                            "enabled": true,
                            "attributes": {
                                "pipeTag": "Pipe",
                                "slotTag": "Slot"
                            }
                        }
                    }
                }
            },
            "rotation": [
                0,
                0,
                2.0197678792901324e-16
            ],
            "tags": [],
            "enabled": true,
            "children": []
        },
        "ebb6b144-ee7f-11ed-92b1-b2f8358430e2": {
            "position": [
                0.4440000057220459,
                6.156200790530216,
                12.503000259399414
            ],
            "scale": [
                3,
                3,
                3
            ],
            "name": "Light",
            "parent": "ebb6aea6-ee7f-11ed-92b1-b2f8358430e2",
            "resource_id": "ebb6b144-ee7f-11ed-92b1-b2f8358430e2",
            "components": {
                "light": {
                    "castShadows": true,
                    "isStatic": false,
                    "vsmBlurSize": 11,
                    "shadowUpdateMode": 2,
                    "normalOffsetBias": 0.4,
                    "color": [
                        1,
                        1,
                        1
                    ],
                    "bakeArea": 0,
                    "numCascades": 1,
                    "outerConeAngle": 45,
                    "bakeNumSamples": 1,
                    "affectDynamic": true,
                    "intensity": 0.8,
                    "bakeDir": true,
                    "cookieAngle": 0,
                    "affectLightmapped": false,
                    "cookieChannel": "rgb",
                    "innerConeAngle": 40,
                    "shadowBias": 0.4,
                    "bake": false,
                    "falloffMode": 0,
                    "cookieAsset": null,
                    "vsmBias": 0.01,
                    "layers": [
                        0,
                        1000
                    ],
                    "cookieIntensity": 1,
                    "cascadeDistribution": 0.5,
                    "cookieOffset": [
                        0,
                        0
                    ],
                    "shadowResolution": 1024,
                    "cookieScale": [
                        1,
                        1
                    ],
                    "enabled": true,
                    "shape": 0,
                    "range": 8,
                    "vsmBlurMode": 1,
                    "shadowDistance": 39,
                    "type": "directional",
                    "cookieFalloff": true,
                    "shadowType": 0,
                    "shadowIntensity": 0.58
                }
            },
            "rotation": [
                70,
                1,
                0
            ],
            "tags": [],
            "enabled": true,
            "children": []
        },
        "e892ddbe-d878-4bf1-80a6-6ac0c14db943": {
            "name": "GameSystem",
            "tags": [],
            "enabled": true,
            "resource_id": "e892ddbe-d878-4bf1-80a6-6ac0c14db943",
            "parent": "ebb6aea6-ee7f-11ed-92b1-b2f8358430e2",
            "children": [
                "c4396817-d808-4ca3-b18d-db028b43eee6"
            ],
            "position": [
                0,
                0,
                0
            ],
            "rotation": [
                0,
                0,
                0
            ],
            "scale": [
                1,
                1,
                1
            ],
            "components": {
                "script": {
                    "enabled": true,
                    "order": [
                        "gameSystem"
                    ],
                    "scripts": {
                        "gameSystem": {
                            "enabled": true,
                            "attributes": {
                                "levelStart": 1,
                                "environment": 133030818,
                                "levelMax": 50,
                                "failTime": 2,
                                "waterTime": 20,
                                "pumpingOutTime": 3,
                                "nextTime": 1.5,
                                "waterFlowTime": 5,
                                "tutorialAsset": 135334392,
                                "effectList": [
                                    134337997,
                                    135824147,
                                    134338007
                                ],
                                "camera": "ebb6b036-ee7f-11ed-92b1-b2f8358430e2",
                                "audio": "c4396817-d808-4ca3-b18d-db028b43eee6",
                                "soundButton": "a4c6b593-6206-479e-85c4-c47c19e80c24",
                                "materialList": [
                                    136019463,
                                    136019464
                                ],
                                "levelText": "500fcd7a-c673-4a19-91f1-4b1f88ff9dcf",
                                "cameraPosition": [
                                    0,
                                    0,
                                    10
                                ],
                                "restartButton": "82590186-b36c-4397-a683-9498660d7da8",
                                "pipeMaterialList": [
                                    132874679,
                                    138785930
                                ],
                                "backButton": "dd2bfb69-5dc8-464c-bc4f-1521f9bbf601"
                            }
                        }
                    }
                }
            },
            "template_id": 133030845,
            "template_ent_ids": {
                "e892ddbe-d878-4bf1-80a6-6ac0c14db943": "382f67c2-a671-49df-9339-5cb307cb61c8",
                "c4396817-d808-4ca3-b18d-db028b43eee6": "8a6b306e-5258-46da-8016-68713fc77a44"
            }
        },
        "6801d68a-1d48-4028-974a-a077c20289e9": {
            "name": "Camera Effect",
            "tags": [],
            "enabled": true,
            "resource_id": "6801d68a-1d48-4028-974a-a077c20289e9",
            "parent": "ebb6aea6-ee7f-11ed-92b1-b2f8358430e2",
            "children": [],
            "position": [
                0,
                0,
                10
            ],
            "rotation": [
                0,
                0,
                2.0197678792901324e-16
            ],
            "scale": [
                1,
                1,
                1
            ],
            "components": {
                "camera": {
                    "enabled": true,
                    "clearColorBuffer": false,
                    "clearColor": [
                        0.118,
                        0.118,
                        0.118,
                        1
                    ],
                    "clearDepthBuffer": true,
                    "renderSceneDepthMap": false,
                    "renderSceneColorMap": false,
                    "projection": 1,
                    "fov": 50,
                    "frustumCulling": true,
                    "orthoHeight": 4,
                    "nearClip": 0.1,
                    "farClip": 10000,
                    "priority": 1,
                    "rect": [
                        0,
                        0,
                        1,
                        1
                    ],
                    "layers": [
                        4
                    ]
                }
            }
        },
        "c4396817-d808-4ca3-b18d-db028b43eee6": {
            "name": "Audio List",
            "tags": [],
            "enabled": true,
            "resource_id": "c4396817-d808-4ca3-b18d-db028b43eee6",
            "parent": "e892ddbe-d878-4bf1-80a6-6ac0c14db943",
            "children": [],
            "position": [
                0,
                0,
                0
            ],
            "rotation": [
                0,
                0,
                0
            ],
            "scale": [
                1,
                1,
                1
            ],
            "components": {
                "sound": {
                    "enabled": true,
                    "volume": 1,
                    "pitch": 1,
                    "positional": false,
                    "refDistance": 1,
                    "maxDistance": 10000,
                    "rollOffFactor": 1,
                    "distanceModel": "linear",
                    "slots": {
                        "1": {
                            "name": "Music",
                            "loop": true,
                            "autoPlay": true,
                            "overlap": false,
                            "asset": 136018771,
                            "startTime": 0,
                            "duration": null,
                            "volume": 0.25,
                            "pitch": 1
                        },
                        "2": {
                            "name": "Pipe_1",
                            "loop": false,
                            "autoPlay": false,
                            "overlap": true,
                            "asset": 136018176,
                            "startTime": 0,
                            "duration": null,
                            "volume": 0.3,
                            "pitch": 1
                        },
                        "3": {
                            "name": "Pipe_2",
                            "loop": false,
                            "autoPlay": false,
                            "overlap": true,
                            "asset": 136018177,
                            "startTime": 0,
                            "duration": null,
                            "volume": 0.5,
                            "pitch": 1
                        },
                        "4": {
                            "name": "Win",
                            "loop": false,
                            "autoPlay": false,
                            "overlap": true,
                            "asset": 136018637,
                            "startTime": 0,
                            "duration": null,
                            "volume": 1,
                            "pitch": 1
                        },
                        "5": {
                            "name": "Lose",
                            "loop": false,
                            "autoPlay": false,
                            "overlap": true,
                            "asset": 136018638,
                            "startTime": 0,
                            "duration": null,
                            "volume": 0.3,
                            "pitch": 1
                        }
                    }
                }
            }
        },
        "0ecb2551-fba7-4e09-9a7b-6bde0e6b6f95": {
            "name": "Settings",
            "tags": [],
            "enabled": true,
            "resource_id": "0ecb2551-fba7-4e09-9a7b-6bde0e6b6f95",
            "parent": "ebb6aea6-ee7f-11ed-92b1-b2f8358430e2",
            "children": [
                "65551cbb-8266-4db8-a0e3-a850888fcec1"
            ],
            "position": [
                0,
                0,
                0
            ],
            "rotation": [
                0,
                0,
                0
            ],
            "scale": [
                1,
                1,
                1
            ],
            "components": {}
        },
        "65551cbb-8266-4db8-a0e3-a850888fcec1": {
            "name": "2D Screen",
            "tags": [],
            "enabled": true,
            "resource_id": "65551cbb-8266-4db8-a0e3-a850888fcec1",
            "parent": "0ecb2551-fba7-4e09-9a7b-6bde0e6b6f95",
            "children": [
                "8b72d948-d500-4e46-bf17-cc3783134dde",
                "61530823-f873-434e-bd1f-29841ab272a1"
            ],
            "position": [
                0,
                0,
                0
            ],
            "rotation": [
                0,
                0,
                0
            ],
            "scale": [
                1,
                1,
                1
            ],
            "components": {
                "screen": {
                    "enabled": true,
                    "screenSpace": true,
                    "scaleMode": "blend",
                    "scaleBlend": 0.5,
                    "resolution": [
                        1280,
                        720
                    ],
                    "referenceResolution": [
                        1080,
                        1920
                    ],
                    "priority": 0
                }
            }
        },
        "8b72d948-d500-4e46-bf17-cc3783134dde": {
            "name": "Group Left",
            "tags": [],
            "enabled": true,
            "resource_id": "8b72d948-d500-4e46-bf17-cc3783134dde",
            "parent": "65551cbb-8266-4db8-a0e3-a850888fcec1",
            "children": [
                "dd2bfb69-5dc8-464c-bc4f-1521f9bbf601"
            ],
            "position": [
                0,
                0,
                0
            ],
            "rotation": [
                0,
                0,
                0
            ],
            "scale": [
                1,
                1,
                1
            ],
            "components": {
                "element": {
                    "enabled": true,
                    "type": "group",
                    "anchor": [
                        0,
                        1,
                        0,
                        1
                    ],
                    "pivot": [
                        0,
                        1
                    ],
                    "text": "",
                    "key": null,
                    "fontAsset": null,
                    "fontSize": 32,
                    "minFontSize": 8,
                    "maxFontSize": 32,
                    "autoFitWidth": false,
                    "autoFitHeight": false,
                    "maxLines": null,
                    "lineHeight": 32,
                    "wrapLines": true,
                    "spacing": 1,
                    "color": [
                        1,
                        1,
                        1
                    ],
                    "opacity": 1,
                    "textureAsset": null,
                    "spriteAsset": null,
                    "spriteFrame": 0,
                    "pixelsPerUnit": null,
                    "width": 250,
                    "height": 250,
                    "margin": [
                        0,
                        -250,
                        -250,
                        0
                    ],
                    "alignment": [
                        0.5,
                        0.5
                    ],
                    "outlineColor": [
                        0,
                        0,
                        0,
                        1
                    ],
                    "outlineThickness": 0,
                    "shadowColor": [
                        0,
                        0,
                        0,
                        1
                    ],
                    "shadowOffset": [
                        0,
                        0
                    ],
                    "rect": [
                        0,
                        0,
                        1,
                        1
                    ],
                    "materialAsset": null,
                    "autoWidth": false,
                    "autoHeight": false,
                    "fitMode": "stretch",
                    "useInput": false,
                    "batchGroupId": null,
                    "mask": false,
                    "layers": [
                        4
                    ],
                    "enableMarkup": false
                }
            }
        },
        "dd2bfb69-5dc8-464c-bc4f-1521f9bbf601": {
            "name": "Back",
            "tags": [],
            "enabled": true,
            "resource_id": "dd2bfb69-5dc8-464c-bc4f-1521f9bbf601",
            "parent": "8b72d948-d500-4e46-bf17-cc3783134dde",
            "children": [
                "a4c6b593-6206-479e-85c4-c47c19e80c24",
                "500fcd7a-c673-4a19-91f1-4b1f88ff9dcf"
            ],
            "position": [
                0,
                0,
                0
            ],
            "rotation": [
                0,
                0,
                0
            ],
            "scale": [
                1,
                1,
                1
            ],
            "components": {
                "element": {
                    "enabled": true,
                    "type": "image",
                    "anchor": [
                        0.5,
                        0.5,
                        0.5,
                        0.5
                    ],
                    "pivot": [
                        0.5,
                        0.5
                    ],
                    "text": "",
                    "key": null,
                    "fontAsset": null,
                    "fontSize": 32,
                    "minFontSize": 8,
                    "maxFontSize": 32,
                    "autoFitWidth": false,
                    "autoFitHeight": false,
                    "maxLines": null,
                    "lineHeight": 32,
                    "wrapLines": true,
                    "spacing": 1,
                    "color": [
                        0.803921568627451,
                        0.24705882352941178,
                        0.24705882352941178
                    ],
                    "opacity": 1,
                    "textureAsset": 138793646,
                    "spriteAsset": null,
                    "spriteFrame": 0,
                    "pixelsPerUnit": null,
                    "width": 128,
                    "height": 128,
                    "margin": [
                        -64,
                        -64,
                        -64,
                        -64
                    ],
                    "alignment": [
                        0.5,
                        0.5
                    ],
                    "outlineColor": [
                        0,
                        0,
                        0,
                        1
                    ],
                    "outlineThickness": 0,
                    "shadowColor": [
                        0,
                        0,
                        0,
                        1
                    ],
                    "shadowOffset": [
                        0,
                        0
                    ],
                    "rect": [
                        0,
                        0,
                        1,
                        1
                    ],
                    "materialAsset": null,
                    "autoWidth": false,
                    "autoHeight": false,
                    "fitMode": "stretch",
                    "useInput": false,
                    "batchGroupId": null,
                    "mask": false,
                    "layers": [
                        4
                    ],
                    "enableMarkup": false
                }
            }
        },
        "a4c6b593-6206-479e-85c4-c47c19e80c24": {
            "name": "Sound Button",
            "tags": [],
            "enabled": true,
            "resource_id": "a4c6b593-6206-479e-85c4-c47c19e80c24",
            "parent": "dd2bfb69-5dc8-464c-bc4f-1521f9bbf601",
            "children": [],
            "position": [
                -0.000003814697265625,
                -0.0000209808349609375,
                0
            ],
            "rotation": [
                0,
                0,
                0
            ],
            "scale": [
                1,
                1,
                1
            ],
            "components": {
                "button": {
                    "enabled": true,
                    "active": true,
                    "imageEntity": "a4c6b593-6206-479e-85c4-c47c19e80c24",
                    "hitPadding": [
                        0,
                        0,
                        0,
                        0
                    ],
                    "transitionMode": 0,
                    "hoverTint": [
                        1,
                        1,
                        1,
                        1
                    ],
                    "pressedTint": [
                        1,
                        1,
                        1,
                        1
                    ],
                    "inactiveTint": [
                        1,
                        1,
                        1,
                        1
                    ],
                    "fadeDuration": 0,
                    "hoverSpriteAsset": null,
                    "hoverSpriteFrame": 0,
                    "pressedSpriteAsset": null,
                    "pressedSpriteFrame": 0,
                    "inactiveSpriteAsset": null,
                    "inactiveSpriteFrame": 0,
                    "hoverTextureAsset": null,
                    "pressedTextureAsset": null,
                    "inactiveTextureAsset": null
                },
                "element": {
                    "enabled": true,
                    "type": "image",
                    "anchor": [
                        0.5,
                        0.5,
                        0.5,
                        0.5
                    ],
                    "pivot": [
                        0.5,
                        0.5
                    ],
                    "text": "",
                    "key": null,
                    "fontAsset": null,
                    "fontSize": 32,
                    "minFontSize": 8,
                    "maxFontSize": 32,
                    "autoFitWidth": false,
                    "autoFitHeight": false,
                    "maxLines": null,
                    "lineHeight": 32,
                    "wrapLines": true,
                    "spacing": 1,
                    "color": [
                        1,
                        1,
                        1
                    ],
                    "opacity": 1,
                    "textureAsset": 136019464,
                    "spriteAsset": null,
                    "spriteFrame": 0,
                    "pixelsPerUnit": null,
                    "width": 128,
                    "height": 128,
                    "margin": [
                        -64.00000381469727,
                        -64.00002098083496,
                        -63.999996185302734,
                        -63.99997901916504
                    ],
                    "alignment": [
                        0.5,
                        0.5
                    ],
                    "outlineColor": [
                        0,
                        0,
                        0,
                        1
                    ],
                    "outlineThickness": 0,
                    "shadowColor": [
                        0,
                        0,
                        0,
                        1
                    ],
                    "shadowOffset": [
                        0,
                        0
                    ],
                    "rect": [
                        0,
                        0,
                        1,
                        1
                    ],
                    "materialAsset": null,
                    "autoWidth": false,
                    "autoHeight": false,
                    "fitMode": "stretch",
                    "useInput": true,
                    "batchGroupId": null,
                    "mask": false,
                    "layers": [
                        4
                    ],
                    "enableMarkup": false
                }
            }
        },
        "500fcd7a-c673-4a19-91f1-4b1f88ff9dcf": {
            "name": "Text",
            "tags": [],
            "enabled": true,
            "resource_id": "500fcd7a-c673-4a19-91f1-4b1f88ff9dcf",
            "parent": "dd2bfb69-5dc8-464c-bc4f-1521f9bbf601",
            "children": [],
            "position": [
                75,
                -0.0000209808349609375,
                0
            ],
            "rotation": [
                0,
                0,
                0
            ],
            "scale": [
                1,
                1,
                1
            ],
            "components": {
                "element": {
                    "enabled": true,
                    "type": "text",
                    "anchor": [
                        0.5,
                        0.5,
                        0.5,
                        0.5
                    ],
                    "pivot": [
                        0,
                        0.5
                    ],
                    "text": "",
                    "key": null,
                    "fontAsset": 137870947,
                    "fontSize": 70,
                    "minFontSize": 8,
                    "maxFontSize": 32,
                    "autoFitWidth": false,
                    "autoFitHeight": false,
                    "maxLines": null,
                    "lineHeight": 32,
                    "wrapLines": true,
                    "spacing": 1,
                    "color": [
                        1,
                        1,
                        1
                    ],
                    "opacity": 1,
                    "textureAsset": null,
                    "spriteAsset": null,
                    "spriteFrame": 0,
                    "pixelsPerUnit": null,
                    "width": 16.8,
                    "height": 61.11,
                    "margin": [
                        75,
                        -30.555,
                        -91.8,
                        -30.555
                    ],
                    "alignment": [
                        0.5,
                        0.5
                    ],
                    "outlineColor": [
                        0.10980392156862745,
                        0.027450980392156862,
                        0.5294117647058824,
                        1
                    ],
                    "outlineThickness": 0.3,
                    "shadowColor": [
                        0,
                        0,
                        0,
                        0.19607843137254902
                    ],
                    "shadowOffset": [
                        0,
                        -0.3
                    ],
                    "rect": [
                        0,
                        0,
                        1,
                        1
                    ],
                    "materialAsset": null,
                    "autoWidth": true,
                    "autoHeight": true,
                    "fitMode": "stretch",
                    "useInput": false,
                    "batchGroupId": null,
                    "mask": false,
                    "layers": [
                        4
                    ],
                    "enableMarkup": false
                }
            }
        },
        "61530823-f873-434e-bd1f-29841ab272a1": {
            "name": "Group Right",
            "tags": [],
            "enabled": false,
            "resource_id": "61530823-f873-434e-bd1f-29841ab272a1",
            "parent": "65551cbb-8266-4db8-a0e3-a850888fcec1",
            "children": [
                "0e15e5de-bf39-4c7f-a395-a1335dd187e5"
            ],
            "position": [
                0,
                0,
                0
            ],
            "rotation": [
                0,
                0,
                0
            ],
            "scale": [
                1,
                1,
                1
            ],
            "components": {
                "element": {
                    "enabled": true,
                    "type": "group",
                    "anchor": [
                        1,
                        1,
                        1,
                        1
                    ],
                    "pivot": [
                        1,
                        1
                    ],
                    "text": "",
                    "key": null,
                    "fontAsset": null,
                    "fontSize": 32,
                    "minFontSize": 8,
                    "maxFontSize": 32,
                    "autoFitWidth": false,
                    "autoFitHeight": false,
                    "maxLines": null,
                    "lineHeight": 32,
                    "wrapLines": true,
                    "spacing": 1,
                    "color": [
                        1,
                        1,
                        1
                    ],
                    "opacity": 1,
                    "textureAsset": null,
                    "spriteAsset": null,
                    "spriteFrame": 0,
                    "pixelsPerUnit": null,
                    "width": 250,
                    "height": 250,
                    "margin": [
                        -250,
                        -250,
                        0,
                        0
                    ],
                    "alignment": [
                        0.5,
                        0.5
                    ],
                    "outlineColor": [
                        0,
                        0,
                        0,
                        1
                    ],
                    "outlineThickness": 0,
                    "shadowColor": [
                        0,
                        0,
                        0,
                        1
                    ],
                    "shadowOffset": [
                        0,
                        0
                    ],
                    "rect": [
                        0,
                        0,
                        1,
                        1
                    ],
                    "materialAsset": null,
                    "autoWidth": false,
                    "autoHeight": false,
                    "fitMode": "stretch",
                    "useInput": false,
                    "batchGroupId": null,
                    "mask": false,
                    "layers": [
                        4
                    ],
                    "enableMarkup": false
                }
            }
        },
        "0e15e5de-bf39-4c7f-a395-a1335dd187e5": {
            "name": "Back",
            "tags": [],
            "enabled": true,
            "resource_id": "0e15e5de-bf39-4c7f-a395-a1335dd187e5",
            "parent": "61530823-f873-434e-bd1f-29841ab272a1",
            "children": [
                "82590186-b36c-4397-a683-9498660d7da8"
            ],
            "position": [
                0,
                0,
                0
            ],
            "rotation": [
                0,
                0,
                0
            ],
            "scale": [
                1,
                1,
                1
            ],
            "components": {
                "element": {
                    "enabled": true,
                    "type": "image",
                    "anchor": [
                        0.5,
                        0.5,
                        0.5,
                        0.5
                    ],
                    "pivot": [
                        0.5,
                        0.5
                    ],
                    "text": "",
                    "key": null,
                    "fontAsset": null,
                    "fontSize": 32,
                    "minFontSize": 8,
                    "maxFontSize": 32,
                    "autoFitWidth": false,
                    "autoFitHeight": false,
                    "maxLines": null,
                    "lineHeight": 32,
                    "wrapLines": true,
                    "spacing": 1,
                    "color": [
                        1,
                        1,
                        1
                    ],
                    "opacity": 0,
                    "textureAsset": null,
                    "spriteAsset": null,
                    "spriteFrame": 0,
                    "pixelsPerUnit": null,
                    "width": 128,
                    "height": 128,
                    "margin": [
                        -64,
                        -64,
                        -64,
                        -64
                    ],
                    "alignment": [
                        0.5,
                        0.5
                    ],
                    "outlineColor": [
                        0,
                        0,
                        0,
                        1
                    ],
                    "outlineThickness": 0,
                    "shadowColor": [
                        0,
                        0,
                        0,
                        1
                    ],
                    "shadowOffset": [
                        0,
                        0
                    ],
                    "rect": [
                        0,
                        0,
                        1,
                        1
                    ],
                    "materialAsset": null,
                    "autoWidth": false,
                    "autoHeight": false,
                    "fitMode": "stretch",
                    "useInput": false,
                    "batchGroupId": null,
                    "mask": false,
                    "layers": [
                        4
                    ],
                    "enableMarkup": false
                }
            }
        },
        "82590186-b36c-4397-a683-9498660d7da8": {
            "name": "Restart Button",
            "tags": [],
            "enabled": true,
            "resource_id": "82590186-b36c-4397-a683-9498660d7da8",
            "parent": "0e15e5de-bf39-4c7f-a395-a1335dd187e5",
            "children": [],
            "position": [
                -0.000003814697265625,
                -0.0000209808349609375,
                0
            ],
            "rotation": [
                0,
                0,
                0
            ],
            "scale": [
                1,
                1,
                1
            ],
            "components": {
                "button": {
                    "enabled": true,
                    "active": true,
                    "imageEntity": "82590186-b36c-4397-a683-9498660d7da8",
                    "hitPadding": [
                        0,
                        0,
                        0,
                        0
                    ],
                    "transitionMode": 0,
                    "hoverTint": [
                        1,
                        1,
                        1,
                        1
                    ],
                    "pressedTint": [
                        1,
                        1,
                        1,
                        1
                    ],
                    "inactiveTint": [
                        1,
                        1,
                        1,
                        1
                    ],
                    "fadeDuration": 0,
                    "hoverSpriteAsset": null,
                    "hoverSpriteFrame": 0,
                    "pressedSpriteAsset": null,
                    "pressedSpriteFrame": 0,
                    "inactiveSpriteAsset": null,
                    "inactiveSpriteFrame": 0,
                    "hoverTextureAsset": null,
                    "pressedTextureAsset": null,
                    "inactiveTextureAsset": null
                },
                "element": {
                    "enabled": true,
                    "type": "image",
                    "anchor": [
                        0.5,
                        0.5,
                        0.5,
                        0.5
                    ],
                    "pivot": [
                        0.5,
                        0.5
                    ],
                    "text": "",
                    "key": null,
                    "fontAsset": null,
                    "fontSize": 32,
                    "minFontSize": 8,
                    "maxFontSize": 32,
                    "autoFitWidth": false,
                    "autoFitHeight": false,
                    "maxLines": null,
                    "lineHeight": 32,
                    "wrapLines": true,
                    "spacing": 1,
                    "color": [
                        1,
                        1,
                        1
                    ],
                    "opacity": 1,
                    "textureAsset": 137524953,
                    "spriteAsset": null,
                    "spriteFrame": 0,
                    "pixelsPerUnit": null,
                    "width": 128,
                    "height": 128,
                    "margin": [
                        -64.00000381469727,
                        -64.00002098083496,
                        -63.999996185302734,
                        -63.99997901916504
                    ],
                    "alignment": [
                        0.5,
                        0.5
                    ],
                    "outlineColor": [
                        0,
                        0,
                        0,
                        1
                    ],
                    "outlineThickness": 0,
                    "shadowColor": [
                        0,
                        0,
                        0,
                        1
                    ],
                    "shadowOffset": [
                        0,
                        0
                    ],
                    "rect": [
                        0,
                        0,
                        1,
                        1
                    ],
                    "materialAsset": null,
                    "autoWidth": false,
                    "autoHeight": false,
                    "fitMode": "stretch",
                    "useInput": true,
                    "batchGroupId": null,
                    "mask": false,
                    "layers": [
                        4
                    ],
                    "enableMarkup": false
                }
            }
        },
        "313d7d20-600e-44b7-952e-8ced96aeb63b": {
            "name": "Spot Light",
            "tags": [],
            "enabled": true,
            "resource_id": "313d7d20-600e-44b7-952e-8ced96aeb63b",
            "parent": "ebb6aea6-ee7f-11ed-92b1-b2f8358430e2",
            "children": [],
            "position": [
                0.16221250593662262,
                -2.552668333053589,
                1.1110699831549198
            ],
            "rotation": [
                124.40118022806213,
                -0.8646075335858657,
                -1.9787588921966515
            ],
            "scale": [
                1,
                1,
                1
            ],
            "components": {
                "light": {
                    "enabled": true,
                    "type": "point",
                    "bake": false,
                    "bakeArea": 0,
                    "bakeNumSamples": 1,
                    "bakeDir": true,
                    "affectDynamic": true,
                    "affectLightmapped": false,
                    "color": [
                        1,
                        1,
                        1
                    ],
                    "intensity": 4.68,
                    "castShadows": true,
                    "shadowUpdateMode": 2,
                    "shadowType": 0,
                    "vsmBlurMode": 1,
                    "vsmBlurSize": 11,
                    "vsmBias": 0.01,
                    "shadowDistance": 16,
                    "shadowIntensity": 1,
                    "shadowResolution": 1024,
                    "numCascades": 1,
                    "cascadeDistribution": 0.5,
                    "shadowBias": 0.2,
                    "normalOffsetBias": 0.05,
                    "range": 8,
                    "falloffMode": 0,
                    "innerConeAngle": 40,
                    "outerConeAngle": 45,
                    "shape": 0,
                    "cookieAsset": null,
                    "cookieIntensity": 1,
                    "cookieFalloff": true,
                    "cookieChannel": "rgb",
                    "cookieAngle": 0,
                    "cookieScale": [
                        1,
                        1
                    ],
                    "cookieOffset": [
                        0,
                        0
                    ],
                    "isStatic": false,
                    "layers": [
                        1000
                    ]
                }
            }
        },
        "d9778ee9-ca72-4770-8157-ed5b7576e8a0": {
            "name": "Spot Light",
            "tags": [],
            "enabled": true,
            "resource_id": "d9778ee9-ca72-4770-8157-ed5b7576e8a0",
            "parent": "ebb6aea6-ee7f-11ed-92b1-b2f8358430e2",
            "children": [],
            "position": [
                0.16221250593662262,
                3.857536792755127,
                1.1110699831549198
            ],
            "rotation": [
                124.40118022806213,
                -0.8646075335858657,
                -1.9787588921966515
            ],
            "scale": [
                1,
                1,
                1
            ],
            "components": {
                "light": {
                    "enabled": true,
                    "type": "point",
                    "bake": false,
                    "bakeArea": 0,
                    "bakeNumSamples": 1,
                    "bakeDir": true,
                    "affectDynamic": true,
                    "affectLightmapped": false,
                    "color": [
                        1,
                        1,
                        1
                    ],
                    "intensity": 4.68,
                    "castShadows": true,
                    "shadowUpdateMode": 2,
                    "shadowType": 0,
                    "vsmBlurMode": 1,
                    "vsmBlurSize": 11,
                    "vsmBias": 0.01,
                    "shadowDistance": 16,
                    "shadowIntensity": 1,
                    "shadowResolution": 1024,
                    "numCascades": 1,
                    "cascadeDistribution": 0.5,
                    "shadowBias": 0.2,
                    "normalOffsetBias": 0.05,
                    "range": 8,
                    "falloffMode": 0,
                    "innerConeAngle": 40,
                    "outerConeAngle": 45,
                    "shape": 0,
                    "cookieAsset": null,
                    "cookieIntensity": 1,
                    "cookieFalloff": true,
                    "cookieChannel": "rgb",
                    "cookieAngle": 0,
                    "cookieScale": [
                        1,
                        1
                    ],
                    "cookieOffset": [
                        0,
                        0
                    ],
                    "isStatic": false,
                    "layers": [
                        1000
                    ]
                }
            }
        }
    },
    "checkpoint_id": "56375700-10d4-4e70-8062-7d5a7dc84b0e",
    "id": 1741195
}