{"animation":{"version":4,"name":"hit","duration":0.566667,"nodes":[{"name":"Dummy001","defaults":{"p":[0,0,-5.33245e-07],"r":[7.62939e-06,0,0],"s":[1,1,1]},"keys":[{"t":0},{"t":0.1},{"t":0.2},{"t":0.3},{"t":0.4},{"t":0.5},{"t":0.566667}]},{"name":"base-pilarluz","defaults":{"p":[0,-4.2881,8.23615e-07],"r":[0,0,0],"s":[0.00118761,0.00118761,0.00118761]},"keys":[{"t":0},{"t":0.1},{"t":0.2},{"t":0.3},{"t":0.4},{"t":0.5},{"t":0.566667}]},{"name":"head-pilarluz","defaults":{"p":[0,2663.7,-0.00031726],"r":[0,0,0],"s":[1,1,1]},"keys":[{"t":0},{"t":0.1},{"t":0.2},{"t":0.3},{"t":0.4},{"t":0.5},{"t":0.566667}]},{"name":"Dummy004","defaults":{"p":[0,5.98957,0],"r":[0,0,0],"s":[0.206984,0.206984,0.206984]},"keys":[{"t":0},{"t":0.1},{"t":0.2},{"t":0.3},{"t":0.4},{"t":0.5},{"t":0.566667}]},{"name":"ring1-in","defaults":{"r":[-90,0,0]},"keys":[{"t":0,"p":[0,-3.8602,9.93418e-07],"s":[1.82534,1.72278,1]},{"t":0.1,"p":[0,-3.8602,9.93418e-07],"s":[2.43738,2.34217,1]},{"t":0.2,"p":[0,-3.8602,9.93418e-07],"s":[3.04942,2.96157,1]},{"t":0.3,"p":[0,-3.8602,9.93418e-07],"s":[3.66146,3.58097,1]},{"t":0.4,"p":[0,-3.8602,9.93418e-07],"s":[4.2735,4.20036,1]},{"t":0.5,"p":[0,-3.8602,9.93418e-07],"s":[5.17196,5.06072,1]},{"t":0.566667,"p":[0,8.68767e-14,5.33245e-07],"s":[0.832123,0.832123,1]}]},{"name":"Dummy010","defaults":{"p":[0,18.5569,0],"r":[0,0,0],"s":[0.070343,0.070343,0.070343]},"keys":[{"t":0},{"t":0.1},{"t":0.2},{"t":0.3},{"t":0.4},{"t":0.5},{"t":0.566667}]},{"name":"ring1-out","defaults":{"r":[-90,0,0]},"keys":[{"t":0,"p":[0,-3.95192,1.00435e-06],"s":[2.45908,2.46209,1]},{"t":0.1,"p":[0,-3.95192,1.00435e-06],"s":[3.03921,3.03071,1]},{"t":0.2,"p":[0,-3.95192,1.00435e-06],"s":[3.61934,3.59932,1]},{"t":0.3,"p":[0,-3.95192,1.00435e-06],"s":[4.19947,4.16794,1]},{"t":0.4,"p":[0,-3.95192,1.00435e-06],"s":[4.7796,4.73655,1]},{"t":0.5,"p":[0,-3.95192,1.00435e-06],"s":[5.51529,5.4593,1]},{"t":0.566667,"p":[0,8.68767e-14,5.33245e-07],"s":[1.08664,1.08664,1]}]},{"name":"Dummy009","defaults":{"p":[18.2239,0,0],"r":[0,0,0],"s":[0.0523243,0.0523243,0.0523242]},"keys":[{"t":0},{"t":0.1},{"t":0.2},{"t":0.3},{"t":0.4},{"t":0.5},{"t":0.566667}]},{"name":"ring2-in","defaults":{"r":[-90,0,0]},"keys":[{"t":0,"p":[0,-3.8602,9.93418e-07],"s":[1.13822,1.13827,0.865951]},{"t":0.1,"p":[0,-3.8602,9.93418e-07],"s":[1.33313,1.34111,0.865951]},{"t":0.2,"p":[0,-3.8602,9.93418e-07],"s":[1.52804,1.54394,0.865951]},{"t":0.3,"p":[0,-3.8602,9.93418e-07],"s":[1.79904,1.82384,0.865951]},{"t":0.4,"p":[0,-3.8602,9.93418e-07],"s":[2.22222,2.25785,0.865951]},{"t":0.5,"p":[0,-3.8602,9.93418e-07],"s":[2.6454,2.69187,0.865951]},{"t":0.566667,"p":[0,8.68767e-14,5.33245e-07],"s":[1,1,1]}]},{"name":"Dummy012","defaults":{"p":[-23.1787,0,0],"r":[0,0,0],"s":[0.0450296,0.0450296,0.0450296]},"keys":[{"t":0},{"t":0.1},{"t":0.2},{"t":0.3},{"t":0.4},{"t":0.5},{"t":0.566667}]},{"name":"ring2-out","defaults":{"r":[-90,0,0]},"keys":[{"t":0,"p":[0,-3.8602,9.93418e-07],"s":[1.33881,1.36121,1]},{"t":0.1,"p":[0,-3.8602,9.93418e-07],"s":[1.49159,1.51177,1]},{"t":0.2,"p":[0,-3.8602,9.93418e-07],"s":[1.64438,1.66232,1]},{"t":0.3,"p":[0,-3.8602,9.93418e-07],"s":[1.79716,1.81288,1]},{"t":0.4,"p":[0,-3.8602,9.93418e-07],"s":[1.94995,1.96344,1]},{"t":0.5,"p":[0,-3.8602,9.93418e-07],"s":[2.10274,2.11399,1]},{"t":0.566667,"p":[0,8.68767e-14,5.33245e-07],"s":[1,1,1]}]},{"name":"Dummy014","defaults":{"p":[0,-30.9283,0],"r":[0,0,0],"s":[0.0337075,0.0337075,0.0337075]},"keys":[{"t":0},{"t":0.1},{"t":0.2},{"t":0.3},{"t":0.4},{"t":0.5},{"t":0.566667}]},{"name":"nota","defaults":{"r":[0,0,0],"s":[1,1,1]},"keys":[{"t":0,"p":[0,-6.40332,1.29918e-06]},{"t":0.1,"p":[0,-5.18021,1.15337e-06]},{"t":0.2,"p":[0,-3.95709,1.00756e-06]},{"t":0.3,"p":[0,-2.73398,8.61757e-07]},{"t":0.4,"p":[0,-1.51086,7.1595e-07]},{"t":0.5,"p":[0,-0.287743,5.70143e-07]},{"t":0.566667,"p":[0,0.119962,5.21541e-07]}]},{"name":"Dummy006","defaults":{"p":[0,-8.6808,9.53674e-07],"r":[0,0,0],"s":[0.092669,0.092669,0.092669]},"keys":[{"t":0},{"t":0.1},{"t":0.2},{"t":0.3},{"t":0.4},{"t":0.5},{"t":0.566667}]},{"name":"tile-base","defaults":{"p":[0,0,0],"r":[-90,0,0],"s":[1,1,1]},"keys":[{"t":0},{"t":0.1},{"t":0.2},{"t":0.3},{"t":0.4},{"t":0.5},{"t":0.566667}]},{"name":"tile-glows","defaults":{"p":[0,0,0],"r":[-90,0,0],"s":[1,1,1]},"keys":[{"t":0},{"t":0.1},{"t":0.2},{"t":0.3},{"t":0.4},{"t":0.5},{"t":0.566667}]},{"name":"notamala","defaults":{"p":[0,-0.112384,-2.49382e-07],"r":[-90,0,0],"s":[1.42648,1.42648,1]},"keys":[{"t":0},{"t":0.1},{"t":0.2},{"t":0.3},{"t":0.4},{"t":0.5},{"t":0.566667}]},{"name":"Object014","defaults":{"p":[0.000164986,0,0],"r":[-90,0,0],"s":[1,1,1]},"keys":[{"t":0},{"t":0.1},{"t":0.2},{"t":0.3},{"t":0.4},{"t":0.5},{"t":0.566667}]},{"name":"Dummy015","defaults":{"p":[0,0,-2.08392e-07],"r":[7.62939e-06,0,0],"s":[1,1,1]},"keys":[{"t":0},{"t":0.1},{"t":0.2},{"t":0.3},{"t":0.4},{"t":0.5},{"t":0.566667}]},{"name":"Dummy016","defaults":{"r":[0,-0,0],"s":[0.824504,0.824504,0.824504]},"keys":[{"t":0,"p":[0,-2.84694,7.66571e-07]},{"t":0.1,"p":[0,-1.50012,5.47146e-07]},{"t":0.2,"p":[0,-0.153296,3.27721e-07]},{"t":0.3,"p":[0,1.19352,1.08296e-07]},{"t":0.4,"p":[0,2.54035,-1.11129e-07]},{"t":0.5,"p":[0,3.88717,-3.30554e-07]},{"t":0.566667,"p":[0,4.78505,-4.76837e-07]}]},{"name":"Dummy017","defaults":{"p":[0,10.3481,-9.53674e-07],"r":[0,-0,0],"s":[0.090163,0.090163,0.090163]},"keys":[{"t":0},{"t":0.1},{"t":0.2},{"t":0.3},{"t":0.4},{"t":0.5},{"t":0.566667}]}]}}