{"frames": [

{
	"filename": "bay_long",
	"frame": {"x":1,"y":597,"w":281,"h":405},
	"rotated": false,
	"trimmed": false,
	"spriteSourceSize": {"x":0,"y":0,"w":281,"h":405},
	"sourceSize": {"w":281,"h":405}
},
{
	"filename": "bg_dat",
	"frame": {"x":610,"y":862,"w":239,"h":73},
	"rotated": false,
	"trimmed": false,
	"spriteSourceSize": {"x":0,"y":0,"w":239,"h":73},
	"sourceSize": {"w":239,"h":73}
},
{
	"filename": "bg_rung_full",
	"frame": {"x":1,"y":1,"w":1224,"h":595},
	"rotated": false,
	"trimmed": false,
	"spriteSourceSize": {"x":0,"y":0,"w":1224,"h":595},
	"sourceSize": {"w":1224,"h":595}
},
{
	"filename": "dai_bang_af",
	"frame": {"x":283,"y":597,"w":326,"h":337},
	"rotated": false,
	"trimmed": false,
	"spriteSourceSize": {"x":0,"y":0,"w":326,"h":337},
	"sourceSize": {"w":326,"h":337}
},
{
	"filename": "dai_bang_bf",
	"frame": {"x":610,"y":597,"w":174,"h":264},
	"rotated": false,
	"trimmed": false,
	"spriteSourceSize": {"x":0,"y":0,"w":174,"h":264},
	"sourceSize": {"w":174,"h":264}
},
{
	"filename": "diem_neo_hon_da",
	"frame": {"x":283,"y":935,"w":116,"h":62},
	"rotated": false,
	"trimmed": true,
	"spriteSourceSize": {"x":7,"y":7,"w":116,"h":62},
	"sourceSize": {"w":130,"h":76}
},
{
	"filename": "diem_neo_hon_da_hot",
	"frame": {"x":987,"y":805,"w":129,"h":75},
	"rotated": false,
	"trimmed": true,
	"spriteSourceSize": {"x":0,"y":0,"w":129,"h":75},
	"sourceSize": {"w":130,"h":76}
},
{
	"filename": "trap_cay_an_thit_af",
	"frame": {"x":785,"y":597,"w":201,"h":209},
	"rotated": false,
	"trimmed": false,
	"spriteSourceSize": {"x":0,"y":0,"w":201,"h":209},
	"sourceSize": {"w":201,"h":209}
},
{
	"filename": "trap_cay_an_thit_bf",
	"frame": {"x":987,"y":597,"w":199,"h":207},
	"rotated": false,
	"trimmed": false,
	"spriteSourceSize": {"x":0,"y":0,"w":199,"h":207},
	"sourceSize": {"w":199,"h":207}
}],
"meta": {
	"app": "https://www.codeandweb.com/texturepacker",
	"version": "1.0",
	"image": "props.png",
	"format": "RGBA8888",
	"size": {"w":1226,"h":1003},
	"scale": "1",
	"smartupdate": "$TexturePacker:SmartUpdate:e4d4b1e473468f65e74b5c5033f978be:6b738a427dfc12c58e1910213989c5fc:f4c39b94f5b79b4c461da96ae5609d50$"
}
}
