{"frames": [

{
	"filename": "bg",
	"frame": {"x":1,"y":1,"w":1080,"h":1194},
	"rotated": false,
	"trimmed": false,
	"spriteSourceSize": {"x":0,"y":0,"w":1080,"h":1194},
	"sourceSize": {"w":1080,"h":1194}
},
{
	"filename": "bo_an_co",
	"frame": {"x":485,"y":1519,"w":425,"h":319},
	"rotated": false,
	"trimmed": false,
	"spriteSourceSize": {"x":0,"y":0,"w":425,"h":319},
	"sourceSize": {"w":425,"h":319}
},
{
	"filename": "bo_duoi",
	"frame": {"x":1,"y":1196,"w":483,"h":333},
	"rotated": false,
	"trimmed": false,
	"spriteSourceSize": {"x":0,"y":0,"w":483,"h":333},
	"sourceSize": {"w":483,"h":333}
},
{
	"filename": "bo_khoc",
	"frame": {"x":485,"y":1196,"w":428,"h":322},
	"rotated": false,
	"trimmed": false,
	"spriteSourceSize": {"x":0,"y":0,"w":428,"h":322},
	"sourceSize": {"w":428,"h":322}
},
{
	"filename": "co",
	"frame": {"x":156,"y":1688,"w":205,"h":147},
	"rotated": false,
	"trimmed": false,
	"spriteSourceSize": {"x":0,"y":0,"w":205,"h":147},
	"sourceSize": {"w":205,"h":147}
},
{
	"filename": "Square",
	"frame": {"x":1,"y":1754,"w":4,"h":4},
	"rotated": false,
	"trimmed": false,
	"spriteSourceSize": {"x":0,"y":0,"w":4,"h":4},
	"sourceSize": {"w":4,"h":4}
},
{
	"filename": "trap_ca_piranha",
	"frame": {"x":1,"y":1530,"w":154,"h":223},
	"rotated": false,
	"trimmed": false,
	"spriteSourceSize": {"x":0,"y":0,"w":154,"h":223},
	"sourceSize": {"w":154,"h":223}
},
{
	"filename": "trap_ca_piranha_ngam_mieng",
	"frame": {"x":156,"y":1530,"w":94,"h":157},
	"rotated": false,
	"trimmed": false,
	"spriteSourceSize": {"x":0,"y":0,"w":94,"h":157},
	"sourceSize": {"w":94,"h":157}
}],
"meta": {
	"app": "https://www.codeandweb.com/texturepacker",
	"version": "1.0",
	"image": "props.png",
	"format": "RGBA8888",
	"size": {"w":1082,"h":1839},
	"scale": "1",
	"smartupdate": "$TexturePacker:SmartUpdate:08af1203289be8898e95435af64b7651:c83829233083942e57c09e7b0222d747:f4c39b94f5b79b4c461da96ae5609d50$"
}
}
