{"frames": [

{
	"filename": "bg",
	"frame": {"x":1,"y":1,"w":1040,"h":1500},
	"rotated": false,
	"trimmed": false,
	"spriteSourceSize": {"x":0,"y":0,"w":1040,"h":1500},
	"sourceSize": {"w":1040,"h":1500}
},
{
	"filename": "de_cot_den",
	"frame": {"x":114,"y":1502,"w":99,"h":513},
	"rotated": false,
	"trimmed": true,
	"spriteSourceSize": {"x":7,"y":7,"w":99,"h":513},
	"sourceSize": {"w":113,"h":527}
},
{
	"filename": "de_cot_den_hot",
	"frame": {"x":1,"y":1502,"w":112,"h":527},
	"rotated": false,
	"trimmed": true,
	"spriteSourceSize": {"x":1,"y":0,"w":112,"h":527},
	"sourceSize": {"w":113,"h":527}
},
{
	"filename": "ghe_cong_vien",
	"frame": {"x":485,"y":1502,"w":531,"h":302},
	"rotated": false,
	"trimmed": false,
	"spriteSourceSize": {"x":0,"y":0,"w":531,"h":302},
	"sourceSize": {"w":531,"h":302}
},
{
	"filename": "hang_rao_gai",
	"frame": {"x":1042,"y":1,"w":254,"h":1043},
	"rotated": false,
	"trimmed": false,
	"spriteSourceSize": {"x":0,"y":0,"w":254,"h":1043},
	"sourceSize": {"w":254,"h":1043}
},
{
	"filename": "May ban hang tu dong",
	"frame": {"x":1017,"y":1545,"w":256,"h":373},
	"rotated": false,
	"trimmed": true,
	"spriteSourceSize": {"x":7,"y":7,"w":256,"h":373},
	"sourceSize": {"w":270,"h":387}
},
{
	"filename": "May ban hang tu dong_hot",
	"frame": {"x":214,"y":1545,"w":270,"h":387},
	"rotated": false,
	"trimmed": false,
	"spriteSourceSize": {"x":0,"y":0,"w":270,"h":387},
	"sourceSize": {"w":270,"h":387}
},
{
	"filename": "thung_rac",
	"frame": {"x":1042,"y":1302,"w":166,"h":242},
	"rotated": false,
	"trimmed": true,
	"spriteSourceSize": {"x":7,"y":7,"w":166,"h":242},
	"sourceSize": {"w":180,"h":256}
},
{
	"filename": "thung_rac_hot",
	"frame": {"x":1042,"y":1045,"w":180,"h":256},
	"rotated": false,
	"trimmed": false,
	"spriteSourceSize": {"x":0,"y":0,"w":180,"h":256},
	"sourceSize": {"w":180,"h":256}
},
{
	"filename": "toc_2",
	"frame": {"x":214,"y":1933,"w":161,"h":91},
	"rotated": false,
	"trimmed": false,
	"spriteSourceSize": {"x":0,"y":0,"w":161,"h":91},
	"sourceSize": {"w":161,"h":91}
},
{
	"filename": "tui",
	"frame": {"x":485,"y":1805,"w":116,"h":115},
	"rotated": false,
	"trimmed": false,
	"spriteSourceSize": {"x":0,"y":0,"w":116,"h":115},
	"sourceSize": {"w":116,"h":115}
}],
"meta": {
	"app": "https://www.codeandweb.com/texturepacker",
	"version": "1.0",
	"image": "props.png",
	"format": "RGBA8888",
	"size": {"w":1297,"h":2030},
	"scale": "1",
	"smartupdate": "$TexturePacker:SmartUpdate:487139437122708e23c816f1f31d7af9:738ec9db61f53d01064ad133d97d14b4:f4c39b94f5b79b4c461da96ae5609d50$"
}
}
