{"frames": [

{
	"filename": "acquy",
	"frame": {"x":292,"y":532,"w":86,"h":44},
	"rotated": false,
	"trimmed": false,
	"spriteSourceSize": {"x":0,"y":0,"w":86,"h":44},
	"sourceSize": {"w":86,"h":44}
},
{
	"filename": "bg",
	"frame": {"x":777,"y":1,"w":79,"h":1218},
	"rotated": false,
	"trimmed": false,
	"spriteSourceSize": {"x":0,"y":0,"w":79,"h":1218},
	"sourceSize": {"w":79,"h":1218}
},
{
	"filename": "den_tau_hoa",
	"frame": {"x":1,"y":358,"w":290,"h":518},
	"rotated": false,
	"trimmed": false,
	"spriteSourceSize": {"x":0,"y":0,"w":290,"h":518},
	"sourceSize": {"w":290,"h":518}
},
{
	"filename": "diem_neo_den",
	"frame": {"x":338,"y":577,"w":34,"h":34},
	"rotated": false,
	"trimmed": false,
	"spriteSourceSize": {"x":0,"y":0,"w":34,"h":34},
	"sourceSize": {"w":34,"h":34}
},
{
	"filename": "dien_thoai_goc",
	"frame": {"x":292,"y":577,"w":45,"h":130},
	"rotated": false,
	"trimmed": false,
	"spriteSourceSize": {"x":0,"y":0,"w":45,"h":130},
	"sourceSize": {"w":45,"h":130}
},
{
	"filename": "duong_ray",
	"frame": {"x":1,"y":1220,"w":1080,"h":36},
	"rotated": false,
	"trimmed": false,
	"spriteSourceSize": {"x":0,"y":0,"w":1080,"h":36},
	"sourceSize": {"w":1080,"h":36}
},
{
	"filename": "tau",
	"frame": {"x":1,"y":1,"w":775,"h":356},
	"rotated": false,
	"trimmed": false,
	"spriteSourceSize": {"x":0,"y":0,"w":775,"h":356},
	"sourceSize": {"w":775,"h":356}
},
{
	"filename": "xe dien hong",
	"frame": {"x":1,"y":877,"w":358,"h":215},
	"rotated": false,
	"trimmed": false,
	"spriteSourceSize": {"x":0,"y":0,"w":358,"h":215},
	"sourceSize": {"w":358,"h":215}
},
{
	"filename": "xe dien",
	"frame": {"x":292,"y":358,"w":288,"h":173},
	"rotated": false,
	"trimmed": false,
	"spriteSourceSize": {"x":0,"y":0,"w":288,"h":173},
	"sourceSize": {"w":288,"h":173}
}],
"meta": {
	"app": "https://www.codeandweb.com/texturepacker",
	"version": "1.0",
	"image": "props.png",
	"format": "RGBA8888",
	"size": {"w":1082,"h":1257},
	"scale": "1",
	"smartupdate": "$TexturePacker:SmartUpdate:efbc333405b9845cf17ee6dfb1360262:4f3144efb197ea9032ae8b0a83e48955:f4c39b94f5b79b4c461da96ae5609d50$"
}
}
