{
"skeleton": { "hash": "Y6ZW5Ukey7E", "spine": "4.1.24", "x": -388.28, "y": -425.09, "width": 724.41, "height": 1282.48 },
"bones": [
	{ "name": "root", "rotation": 0.2 },
	{ "name": "move", "parent": "root", "x": -119.99, "scaleX": -1 },
	{ "name": "main", "parent": "move", "y": 256.6 },
	{ "name": "hip", "parent": "main" },
	{ "name": "body", "parent": "hip", "length": 26.97, "rotation": 90 },
	{ "name": "body2", "parent": "body", "length": 26.97, "x": 26.97 },
	{ "name": "body3", "parent": "body2", "length": 26.97, "x": 26.97 },
	{ "name": "body4", "parent": "body3", "length": 26.97, "rotation": -0.06, "x": 26.97 },
	{ "name": "body5", "parent": "body4", "length": 26.97, "x": 26.97 },
	{ "name": "body6", "parent": "body5", "length": 26.97, "x": 26.97 },
	{ "name": "body7", "parent": "body6", "length": 26.97, "x": 26.97 },
	{ "name": "body8", "parent": "body7", "length": 26.97, "x": 26.97 },
	{ "name": "head", "parent": "body8", "length": 135.67, "x": 24.75 },
	{ "name": "feeling_3", "parent": "head", "rotation": -0.18, "x": 87.53, "y": 30.96 },
	{ "name": "emoji", "parent": "head", "rotation": -90, "x": 62, "y": 1.49 },
	{ "name": "shouder_1", "parent": "body7", "length": 100.06, "rotation": -90, "x": 15.39, "y": 0.02 },
	{ "name": "arm_1", "parent": "shouder_1", "length": 100.06, "x": 94.79 },
	{ "name": "shouder_2", "parent": "body7", "length": 100.06, "rotation": 90, "x": 15.39, "y": 0.02 },
	{ "name": "arm_2", "parent": "shouder_2", "length": 100.06, "x": 94.79 },
	{ "name": "thigh_1", "parent": "main", "length": 134.15, "rotation": -90, "x": -0.54, "y": 4.23 },
	{ "name": "leg_1", "parent": "thigh_1", "length": 134.15, "x": 128.14 },
	{ "name": "thigh_2", "parent": "main", "length": 134.15, "rotation": -90, "x": -0.1, "y": 4.23 },
	{ "name": "leg_2", "parent": "thigh_2", "length": 134.15, "x": 128.14 },
	{ "name": "foot_2", "parent": "move", "x": 0.16, "y": -2.18 },
	{ "name": "foot_3", "parent": "move", "x": 0.1, "y": -2.12 },
	{
		"name": "feeling_5",
		"parent": "head",
		"rotation": -0.18,
		"x": 87.53,
		"y": -25.11,
		"scaleX": 2,
		"scaleY": 2
	},
	{ "name": "item_1", "parent": "move", "x": -1.93, "y": 450.24 },
	{ "name": "feeling_1", "parent": "main", "rotation": -20.17, "x": 72.35, "y": 376.02 },
	{ "name": "feeling_2", "parent": "main", "rotation": -20.17, "x": 72.35, "y": 376.02 },
	{ "name": "hair_1", "parent": "main", "rotation": 0.07, "x": -120, "y": -254.77 },
	{
		"name": "feeling_4",
		"parent": "head",
		"rotation": -0.18,
		"x": 87.53,
		"y": -25.11,
		"scaleX": 2,
		"scaleY": 2
	},
	{ "name": "item_tay", "parent": "arm_2", "x": 101.01, "y": -1.25 }
],
"slots": [
	{ "name": "bg_gane_play", "bone": "root", "color": "ffffff4f" },
	{ "name": "item", "bone": "item_1" },
	{ "name": "body", "bone": "hip", "color": "000000ff", "attachment": "body" },
	{ "name": "shoulder1", "bone": "shouder_1", "color": "000000ff" },
	{ "name": "shoulder3", "bone": "shouder_2", "color": "000000ff" },
	{ "name": "shoulder2", "bone": "arm_1", "color": "000000ff" },
	{ "name": "shoulder4", "bone": "arm_2", "color": "000000ff" },
	{ "name": "thigh", "bone": "thigh_1", "color": "000000ff", "attachment": "thigh" },
	{ "name": "thigh3", "bone": "thigh_2", "color": "000000ff", "attachment": "thigh" },
	{ "name": "thigh2", "bone": "leg_1", "color": "000000ff", "attachment": "thigh" },
	{ "name": "thigh4", "bone": "leg_2", "color": "000000ff", "attachment": "thigh" },
	{ "name": "head", "bone": "head", "attachment": "head" },
	{ "name": "hair", "bone": "hair_1" },
	{ "name": "Emoji", "bone": "emoji" },
	{ "name": "feeling_3", "bone": "feeling_3", "color": "000000ff" },
	{ "name": "feeling_5", "bone": "feeling_5" },
	{ "name": "feeling_4", "bone": "feeling_4" },
	{ "name": "feeling_1", "bone": "feeling_1" },
	{ "name": "feeling_2", "bone": "feeling_2" },
	{ "name": "item_tay", "bone": "item_tay" }
],
"ik": [
	{
		"name": "foot_1",
		"bones": [ "thigh_1", "leg_1" ],
		"target": "foot_2",
		"mix": 0,
		"stretch": true
	},
	{
		"name": "foot_2",
		"order": 1,
		"bones": [ "thigh_2", "leg_2" ],
		"target": "foot_3",
		"mix": 0,
		"stretch": true
	}
],
"skins": [
	{
		"name": "default",
		"attachments": {
			"body": {
				"body": {
					"type": "mesh",
					"uvs": [ 1, 1, 0, 1, 0, 0.875, 0, 0.75, 0, 0.625, 0, 0.5, 0, 0.375, 0, 0.25, 0, 0.125, 0, 0, 1, 0, 1, 0.125, 1, 0.25, 1, 0.375, 1, 0.5, 1, 0.625, 1, 0.75, 1, 0.875 ],
					"triangles": [ 8, 9, 10, 11, 8, 10, 7, 8, 11, 12, 7, 11, 6, 7, 12, 13, 6, 12, 5, 6, 13, 14, 5, 13, 4, 5, 14, 15, 4, 14, 3, 4, 15, 16, 3, 15, 2, 3, 16, 17, 2, 16, 1, 2, 17, 0, 1, 17 ],
					"vertices": [ 1, 4, -1.7, -5.5, 1, 1, 4, -1.7, 5.5, 1, 2, 4, 25.68, 5.5, 0.70301, 5, -1.29, 5.5, 0.29699, 2, 5, 26.08, 5.5, 0.65569, 6, -0.88, 5.5, 0.34431, 2, 6, 26.49, 5.5, 0.55905, 7, -0.48, 5.5, 0.44095, 2, 7, 26.9, 5.5, 0.51367, 8, -0.07, 5.5, 0.48633, 2, 8, 27.3, 5.5, 0.41705, 9, 0.33, 5.5, 0.58295, 2, 9, 27.71, 5.5, 0.38565, 10, 0.74, 5.5, 0.61435, 2, 10, 28.11, 5.5, 0.36868, 11, 1.14, 5.5, 0.63132, 1, 11, 28.52, 5.5, 1, 1, 11, 28.52, -5.5, 1, 2, 10, 28.11, -5.5, 0.3064, 11, 1.14, -5.5, 0.6936, 2, 9, 27.71, -5.5, 0.40945, 10, 0.74, -5.5, 0.59055, 2, 8, 27.3, -5.5, 0.44404, 9, 0.33, -5.5, 0.55596, 2, 7, 26.9, -5.5, 0.52991, 8, -0.07, -5.5, 0.47009, 2, 6, 26.49, -5.5, 0.58474, 7, -0.48, -5.5, 0.41526, 2, 5, 26.08, -5.5, 0.62061, 6, -0.88, -5.5, 0.37939, 2, 4, 25.68, -5.5, 0.65664, 5, -1.29, -5.5, 0.34336 ],
					"hull": 18
				}
			},
			"Emoji": {
				"Emoji/emo_66": { "x": 0.5, "width": 115, "height": 112 },
				"Emoji/emo_69": { "x": 0.5, "y": 0.5, "width": 48, "height": 96 },
				"Emoji/emo_84": { "y": 0.5, "width": 90, "height": 95 },
				"Emoji/emo_100": { "x": 0.51, "y": 12.13, "width": 133, "height": 152 },
				"Emoji/new/emo_17": { "y": 0.5, "width": 72, "height": 29 },
				"Emoji/new/emo_32": { "y": 0.5, "width": 82, "height": 66 }
			},
			"feeling_1": {
				"giat_minh": { "width": 70, "height": 66 },
				"mo_hoi": { "x": 0.5, "y": 0.5, "width": 19, "height": 41 },
				"scare": { "scaleX": 1.3955, "scaleY": 1.3955, "rotation": 19.99, "width": 80, "height": 83 },
				"z_1": { "x": 0.5, "width": 44, "height": 71 }
			},
			"feeling_2": {
				"cham_than": { "x": 0.5, "y": 0.5, "width": 17, "height": 57 },
				"Emoji/hoi_cham": { "width": 30, "height": 52 },
				"kho": { "x": 23.6, "y": 5.32, "width": 57, "height": 33 }
			},
			"feeling_4": {
				"Emoji/hoi_cham": { "width": 30, "height": 52 }
			},
			"feeling_5": {
				"cauco": { "y": 0.5, "width": 50, "height": 45 }
			},
			"hair": {
				"hair/man/mu_15": { "x": 0.5, "width": 135, "height": 89 }
			},
			"head": {
				"head": { "x": 68.85, "rotation": -89.87, "width": 144, "height": 144 }
			},
			"item": {
				"item/dong_bang_NV": { "x": 0.5, "width": 229, "height": 563 }
			},
			"shoulder1": {
				"shoulder": { "x": 49.22, "rotation": -90, "width": 15, "height": 105 }
			},
			"shoulder2": {
				"shoulder": { "x": 49.22, "rotation": -90, "width": 15, "height": 105 }
			},
			"shoulder3": {
				"shoulder": { "x": 49.22, "rotation": -90, "width": 15, "height": 105 }
			},
			"shoulder4": {
				"shoulder": { "x": 50.57, "rotation": -90, "width": 15, "height": 105 }
			},
			"thigh": {
				"thigh": { "x": 66.01, "rotation": -90, "width": 14, "height": 137 }
			},
			"thigh2": {
				"thigh": { "x": 66.01, "rotation": -90, "width": 14, "height": 137 }
			},
			"thigh3": {
				"thigh": { "x": 66.01, "rotation": -90, "width": 14, "height": 137 }
			},
			"thigh4": {
				"thigh": { "x": 66.01, "rotation": -90, "width": 14, "height": 137 }
			}
		}
	}
],
"animations": {
	"t_156_1_be": {
		"slots": {
			"body": {
				"rgba": [
					{ "color": "000000ff" }
				]
			},
			"Emoji": {
				"attachment": [
					{ "name": "Emoji/emo_69" }
				]
			},
			"feeling_1": {
				"attachment": [
					{ "name": "mo_hoi" }
				]
			},
			"feeling_3": {
				"attachment": [
					{}
				]
			},
			"feeling_5": {
				"attachment": [
					{}
				]
			},
			"head": {
				"rgba": [
					{ "color": "ffffffff" }
				],
				"attachment": [
					{ "name": "head" }
				]
			},
			"shoulder1": {
				"rgba": [
					{ "color": "000000ff" }
				],
				"attachment": [
					{ "name": "shoulder" }
				]
			},
			"shoulder2": {
				"rgba": [
					{ "color": "000000ff" }
				],
				"attachment": [
					{ "name": "shoulder" }
				]
			},
			"shoulder3": {
				"rgba": [
					{ "color": "000000ff" }
				],
				"attachment": [
					{}
				]
			},
			"shoulder4": {
				"rgba": [
					{ "color": "000000ff" }
				],
				"attachment": [
					{}
				]
			},
			"thigh": {
				"rgba": [
					{ "color": "000000ff" }
				]
			},
			"thigh2": {
				"rgba": [
					{ "color": "000000ff" }
				]
			},
			"thigh3": {
				"rgba": [
					{ "color": "000000ff" }
				]
			},
			"thigh4": {
				"rgba": [
					{ "color": "000000ff" }
				]
			}
		},
		"bones": {
			"head": {
				"rotate": [
					{ "value": 2.67 }
				],
				"translate": [
					{ "x": -10.78, "y": -1.1 }
				],
				"scale": [
					{}
				]
			},
			"root": {
				"rotate": [
					{}
				],
				"translate": [
					{}
				]
			},
			"main": {
				"rotate": [
					{ "value": 1.69 }
				],
				"translate": [
					{ "x": -21.27, "y": -16.83 }
				]
			},
			"hip": {
				"rotate": [
					{}
				],
				"translate": [
					{}
				]
			},
			"body": {
				"rotate": [
					{ "value": -1.73 }
				],
				"translate": [
					{}
				],
				"scale": [
					{}
				]
			},
			"body2": {
				"rotate": [
					{ "value": -1.73 }
				],
				"translate": [
					{}
				],
				"scale": [
					{}
				]
			},
			"body3": {
				"rotate": [
					{ "value": -1.73 }
				],
				"translate": [
					{}
				],
				"scale": [
					{}
				]
			},
			"body4": {
				"rotate": [
					{ "value": -1.73 }
				],
				"translate": [
					{}
				],
				"scale": [
					{}
				]
			},
			"body5": {
				"rotate": [
					{ "value": -1.73 }
				],
				"translate": [
					{}
				],
				"scale": [
					{}
				]
			},
			"body6": {
				"rotate": [
					{ "value": -1.73 }
				],
				"translate": [
					{}
				],
				"scale": [
					{}
				]
			},
			"body7": {
				"rotate": [
					{ "value": -1.73 }
				],
				"translate": [
					{}
				],
				"scale": [
					{}
				]
			},
			"body8": {
				"rotate": [
					{ "value": -1.73 }
				],
				"translate": [
					{}
				],
				"scale": [
					{}
				]
			},
			"feeling_3": {
				"rotate": [
					{}
				],
				"translate": [
					{}
				]
			},
			"emoji": {
				"rotate": [
					{ "value": -39.37 }
				],
				"translate": [
					{ "x": 16.51, "y": 24.91 }
				],
				"scale": [
					{ "x": 1.134, "y": 1.134 }
				]
			},
			"shouder_1": {
				"rotate": [
					{ "value": -55.98 }
				],
				"translate": [
					{ "x": 21.96, "y": -2.9 }
				],
				"scale": [
					{}
				]
			},
			"arm_1": {
				"rotate": [
					{ "value": -44.19 }
				],
				"translate": [
					{ "x": 2.02, "y": 0.08 }
				],
				"scale": [
					{}
				]
			},
			"shouder_2": {
				"rotate": [
					{ "value": 60.83 }
				],
				"translate": [
					{ "x": -4.69, "y": -1.29 }
				],
				"scale": [
					{}
				]
			},
			"arm_2": {
				"rotate": [
					{ "value": -15.89 }
				],
				"translate": [
					{}
				],
				"scale": [
					{}
				]
			},
			"thigh_1": {
				"rotate": [
					{ "value": 24.72 }
				],
				"translate": [
					{}
				],
				"scale": [
					{ "x": 1.019 }
				]
			},
			"leg_1": {
				"rotate": [
					{}
				],
				"translate": [
					{}
				]
			},
			"thigh_2": {
				"rotate": [
					{ "value": 39.21 }
				],
				"translate": [
					{}
				],
				"scale": [
					{}
				]
			},
			"leg_2": {
				"rotate": [
					{ "value": 18.14 }
				],
				"translate": [
					{}
				]
			},
			"foot_2": {
				"rotate": [
					{}
				],
				"translate": [
					{ "x": -72.9, "y": 2.91 }
				]
			},
			"foot_3": {
				"rotate": [
					{}
				],
				"translate": [
					{ "x": 44.46, "y": -0.25 }
				]
			},
			"feeling_5": {
				"rotate": [
					{}
				],
				"translate": [
					{}
				]
			},
			"feeling_1": {
				"rotate": [
					{ "value": 3.29 }
				],
				"translate": [
					{ "x": 3.84, "y": -140.94 }
				]
			},
			"move": {
				"rotate": [
					{ "value": 0.3 }
				],
				"translate": [
					{ "x": 119.99, "y": -0.41 }
				],
				"scale": [
					{}
				]
			}
		},
		"ik": {
			"foot_1": [
				{ "stretch": true }
			],
			"foot_2": [
				{ "stretch": true }
			]
		},
		"drawOrder": [
			{
				"offsets": [
					{ "slot": "shoulder1", "offset": 10 },
					{ "slot": "shoulder3", "offset": 0 },
					{ "slot": "shoulder2", "offset": 9 }
				]
			}
		]
	},
	"t_156_1_lose": {
		"slots": {
			"body": {
				"rgba": [
					{ "color": "000000ff" }
				]
			},
			"Emoji": {
				"attachment": [
					{ "name": "Emoji/emo_66" }
				]
			},
			"feeling_1": {
				"attachment": [
					{ "name": "scare" }
				]
			},
			"feeling_2": {
				"attachment": [
					{ "name": "cham_than" }
				]
			},
			"feeling_3": {
				"attachment": [
					{}
				]
			},
			"feeling_5": {
				"attachment": [
					{}
				]
			},
			"head": {
				"rgba": [
					{ "color": "ffffffff" }
				],
				"attachment": [
					{ "name": "head" }
				]
			},
			"shoulder1": {
				"rgba": [
					{ "color": "000000ff" }
				],
				"attachment": [
					{ "name": "shoulder" }
				]
			},
			"shoulder2": {
				"rgba": [
					{ "color": "000000ff" }
				],
				"attachment": [
					{ "name": "shoulder" }
				]
			},
			"shoulder3": {
				"rgba": [
					{ "color": "000000ff" }
				],
				"attachment": [
					{ "name": "shoulder" }
				]
			},
			"shoulder4": {
				"rgba": [
					{ "color": "000000ff" }
				],
				"attachment": [
					{ "name": "shoulder" }
				]
			},
			"thigh": {
				"rgba": [
					{ "color": "000000ff" }
				]
			},
			"thigh2": {
				"rgba": [
					{ "color": "000000ff" }
				]
			},
			"thigh3": {
				"rgba": [
					{ "color": "000000ff" }
				]
			},
			"thigh4": {
				"rgba": [
					{ "color": "000000ff" }
				]
			}
		},
		"bones": {
			"head": {
				"rotate": [
					{ "value": 2.67 }
				],
				"translate": [
					{ "x": -10.78, "y": -1.1 }
				],
				"scale": [
					{}
				]
			},
			"root": {
				"rotate": [
					{}
				],
				"translate": [
					{}
				]
			},
			"main": {
				"rotate": [
					{ "value": 1.69 }
				],
				"translate": [
					{ "x": 20.8, "y": -26.96 }
				]
			},
			"hip": {
				"rotate": [
					{}
				],
				"translate": [
					{}
				]
			},
			"body": {
				"rotate": [
					{ "value": -1.73 }
				],
				"translate": [
					{}
				],
				"scale": [
					{}
				]
			},
			"body2": {
				"rotate": [
					{ "value": -1.73 }
				],
				"translate": [
					{}
				],
				"scale": [
					{}
				]
			},
			"body3": {
				"rotate": [
					{ "value": -1.73 }
				],
				"translate": [
					{}
				],
				"scale": [
					{}
				]
			},
			"body4": {
				"rotate": [
					{ "value": -1.73 }
				],
				"translate": [
					{}
				],
				"scale": [
					{}
				]
			},
			"body5": {
				"rotate": [
					{ "value": -1.73 }
				],
				"translate": [
					{}
				],
				"scale": [
					{}
				]
			},
			"body6": {
				"rotate": [
					{ "value": -1.73 }
				],
				"translate": [
					{}
				],
				"scale": [
					{}
				]
			},
			"body7": {
				"rotate": [
					{ "value": -1.73 }
				],
				"translate": [
					{}
				],
				"scale": [
					{}
				]
			},
			"body8": {
				"rotate": [
					{ "value": -1.73 }
				],
				"translate": [
					{}
				],
				"scale": [
					{}
				]
			},
			"feeling_3": {
				"rotate": [
					{}
				],
				"translate": [
					{}
				]
			},
			"emoji": {
				"rotate": [
					{ "value": -39.37 }
				],
				"translate": [
					{ "x": 8.92, "y": 7.58 }
				],
				"scale": [
					{ "x": 1.134, "y": 1.134 }
				]
			},
			"shouder_1": {
				"rotate": [
					{ "value": -55.98 }
				],
				"translate": [
					{ "x": 21.96, "y": -2.9 }
				],
				"scale": [
					{}
				]
			},
			"arm_1": {
				"rotate": [
					{ "value": -7.72 }
				],
				"translate": [
					{ "x": 2.02, "y": 0.08 }
				],
				"scale": [
					{}
				]
			},
			"shouder_2": {
				"rotate": [
					{ "value": 59.2 }
				],
				"translate": [
					{ "x": 27.21, "y": -0.44 }
				],
				"scale": [
					{}
				]
			},
			"arm_2": {
				"rotate": [
					{ "value": -19.74 }
				],
				"translate": [
					{}
				],
				"scale": [
					{}
				]
			},
			"thigh_1": {
				"rotate": [
					{ "value": 24.72 }
				],
				"translate": [
					{}
				],
				"scale": [
					{ "x": 1.019 }
				]
			},
			"leg_1": {
				"rotate": [
					{}
				],
				"translate": [
					{}
				]
			},
			"thigh_2": {
				"rotate": [
					{ "value": 39.21 }
				],
				"translate": [
					{}
				],
				"scale": [
					{}
				]
			},
			"leg_2": {
				"rotate": [
					{ "value": 18.14 }
				],
				"translate": [
					{}
				]
			},
			"foot_2": {
				"rotate": [
					{}
				],
				"translate": [
					{ "x": -72.9, "y": 2.91 }
				]
			},
			"foot_3": {
				"rotate": [
					{}
				],
				"translate": [
					{ "x": 99.79, "y": 0.23 }
				]
			},
			"feeling_5": {
				"rotate": [
					{}
				],
				"translate": [
					{}
				]
			},
			"feeling_1": {
				"rotate": [
					{ "value": 3.29 }
				],
				"translate": [
					{ "x": 66.9, "y": -53.03 }
				],
				"scale": [
					{ "x": 1.455, "y": 1.455 }
				]
			},
			"move": {
				"rotate": [
					{ "value": 0.3 }
				],
				"translate": [
					{ "x": 119.99, "y": -0.41 }
				],
				"scale": [
					{}
				]
			},
			"feeling_2": {
				"translate": [
					{ "x": 76.83, "y": -6.84 }
				],
				"scale": [
					{ "x": 1.817, "y": 1.817 }
				]
			}
		},
		"ik": {
			"foot_1": [
				{ "stretch": true }
			],
			"foot_2": [
				{ "stretch": true }
			]
		},
		"drawOrder": [
			{
				"offsets": [
					{ "slot": "shoulder1", "offset": 10 },
					{ "slot": "shoulder3", "offset": 0 },
					{ "slot": "shoulder2", "offset": 9 }
				]
			}
		]
	},
	"t_156_1_win": {
		"slots": {
			"body": {
				"rgba": [
					{ "color": "000000ff" }
				]
			},
			"Emoji": {
				"attachment": [
					{ "name": "Emoji/emo_84" }
				]
			},
			"feeling_1": {
				"attachment": [
					{}
				]
			},
			"feeling_2": {
				"attachment": [
					{}
				]
			},
			"feeling_3": {
				"attachment": [
					{}
				]
			},
			"feeling_5": {
				"attachment": [
					{}
				]
			},
			"hair": {
				"attachment": [
					{}
				]
			},
			"head": {
				"rgba": [
					{ "color": "ffffffff" }
				],
				"attachment": [
					{ "name": "head" }
				]
			},
			"shoulder1": {
				"rgba": [
					{ "color": "000000ff" }
				],
				"attachment": [
					{ "name": "shoulder" }
				]
			},
			"shoulder2": {
				"rgba": [
					{ "color": "000000ff" }
				],
				"attachment": [
					{ "name": "shoulder" }
				]
			},
			"shoulder3": {
				"rgba": [
					{ "color": "000000ff" }
				],
				"attachment": [
					{ "name": "shoulder" }
				]
			},
			"shoulder4": {
				"rgba": [
					{ "color": "000000ff" }
				],
				"attachment": [
					{ "name": "shoulder" }
				]
			},
			"thigh": {
				"rgba": [
					{ "color": "000000ff" }
				]
			},
			"thigh2": {
				"rgba": [
					{ "color": "000000ff" }
				]
			},
			"thigh3": {
				"rgba": [
					{ "color": "000000ff" }
				]
			},
			"thigh4": {
				"rgba": [
					{ "color": "000000ff" }
				]
			}
		},
		"bones": {
			"head": {
				"rotate": [
					{ "value": -1.01 }
				],
				"translate": [
					{ "x": -1.81, "y": -8.06 }
				],
				"scale": [
					{ "y": -1 }
				]
			},
			"root": {
				"rotate": [
					{}
				],
				"translate": [
					{}
				]
			},
			"main": {
				"rotate": [
					{ "value": 21.92 }
				],
				"translate": [
					{ "x": 4.6, "y": -42.39 }
				]
			},
			"hip": {
				"rotate": [
					{}
				],
				"translate": [
					{}
				]
			},
			"body": {
				"rotate": [
					{ "value": -2 }
				],
				"translate": [
					{}
				],
				"scale": [
					{}
				]
			},
			"body2": {
				"rotate": [
					{ "value": -2 }
				],
				"translate": [
					{}
				],
				"scale": [
					{}
				]
			},
			"body3": {
				"rotate": [
					{ "value": -2 }
				],
				"translate": [
					{}
				],
				"scale": [
					{}
				]
			},
			"body4": {
				"rotate": [
					{ "value": -2 }
				],
				"translate": [
					{}
				],
				"scale": [
					{}
				]
			},
			"body5": {
				"rotate": [
					{ "value": -2 }
				],
				"translate": [
					{}
				],
				"scale": [
					{}
				]
			},
			"body6": {
				"rotate": [
					{ "value": -2 }
				],
				"translate": [
					{}
				],
				"scale": [
					{}
				]
			},
			"body7": {
				"rotate": [
					{ "value": -2 }
				],
				"translate": [
					{}
				],
				"scale": [
					{}
				]
			},
			"body8": {
				"rotate": [
					{ "value": -2 }
				],
				"translate": [
					{}
				],
				"scale": [
					{}
				]
			},
			"feeling_3": {
				"rotate": [
					{}
				],
				"translate": [
					{}
				]
			},
			"emoji": {
				"rotate": [
					{ "value": 1.82 }
				],
				"translate": [
					{ "x": 0.51, "y": 11.86 }
				],
				"scale": [
					{ "x": -0.993, "y": 1.174 }
				]
			},
			"shouder_1": {
				"rotate": [
					{ "value": -132.8 }
				],
				"translate": [
					{ "x": 29.43, "y": 2.22 }
				],
				"scale": [
					{}
				]
			},
			"arm_1": {
				"rotate": [
					{ "value": -26.06 }
				],
				"translate": [
					{ "x": 2.02, "y": 0.08 }
				],
				"scale": [
					{ "x": 0.946 }
				]
			},
			"shouder_2": {
				"rotate": [
					{ "value": 141.74 }
				],
				"translate": [
					{ "x": 33.45, "y": 0.8 }
				],
				"scale": [
					{}
				]
			},
			"arm_2": {
				"rotate": [
					{ "value": -38.34 }
				]
			},
			"thigh_1": {
				"rotate": [
					{ "value": 24.72 }
				],
				"translate": [
					{}
				],
				"scale": [
					{}
				]
			},
			"leg_1": {
				"rotate": [
					{}
				],
				"translate": [
					{}
				]
			},
			"thigh_2": {
				"rotate": [
					{ "value": 39.21 }
				],
				"translate": [
					{}
				],
				"scale": [
					{}
				]
			},
			"leg_2": {
				"rotate": [
					{ "value": 18.14 }
				],
				"translate": [
					{}
				]
			},
			"foot_2": {
				"rotate": [
					{}
				],
				"translate": [
					{ "x": -190.55, "y": 89.55 }
				]
			},
			"foot_3": {
				"rotate": [
					{}
				],
				"translate": [
					{ "x": 198.8, "y": 87.15 }
				]
			},
			"feeling_5": {
				"rotate": [
					{}
				],
				"translate": [
					{}
				]
			},
			"feeling_1": {
				"rotate": [
					{ "value": 5.62 }
				],
				"translate": [
					{ "x": 123.78, "y": -63.27 }
				],
				"scale": [
					{ "x": -1.726, "y": 1.726 }
				]
			},
			"feeling_2": {
				"rotate": [
					{ "value": 23.87 }
				],
				"translate": [
					{ "x": -151.59, "y": -143.99 }
				],
				"scale": [
					{ "x": 1.18, "y": 1.664 }
				]
			},
			"move": {
				"translate": [
					{ "x": 119.99 }
				],
				"scale": [
					{ "x": -1 }
				]
			},
			"hair_1": {
				"rotate": [
					{ "value": -31.29 }
				],
				"translate": [
					{ "x": 122.04, "y": 565.27 }
				],
				"scale": [
					{ "x": 1.069, "y": 1.069 }
				]
			}
		},
		"ik": {
			"foot_1": [
				{ "stretch": true }
			],
			"foot_2": [
				{ "stretch": true }
			]
		},
		"drawOrder": [
			{
				"offsets": [
					{ "slot": "shoulder3", "offset": 12 },
					{ "slot": "shoulder2", "offset": 13 },
					{ "slot": "shoulder4", "offset": 11 }
				]
			}
		]
	},
	"t_156_2_be": {
		"slots": {
			"body": {
				"rgba": [
					{ "color": "000000ff", "curve": "stepped" },
					{ "time": 1.6667, "color": "000000ff" }
				]
			},
			"Emoji": {
				"attachment": [
					{ "name": "Emoji/new/emo_32" },
					{ "time": 1.6667, "name": "Emoji/new/emo_32" }
				]
			},
			"feeling_1": {
				"rgba": [
					{ "color": "ffffffff", "curve": "stepped" },
					{ "time": 1.6667, "color": "ffffffff" }
				],
				"attachment": [
					{ "name": "z_1" },
					{ "time": 1.6667, "name": "z_1" }
				]
			},
			"feeling_2": {
				"rgba": [
					{ "color": "a6fdffb9", "curve": "stepped" },
					{ "time": 1.6667, "color": "a6fdffb9" }
				],
				"attachment": [
					{ "name": "kho" },
					{ "time": 1.6667, "name": "kho" }
				]
			},
			"feeling_3": {
				"attachment": [
					{},
					{ "time": 1.6667 }
				]
			},
			"feeling_5": {
				"attachment": [
					{},
					{ "time": 1.6667 }
				]
			},
			"hair": {
				"attachment": [
					{ "name": "hair/man/mu_15" },
					{ "time": 1.6667, "name": "hair/man/mu_15" }
				]
			},
			"head": {
				"rgba": [
					{ "color": "ffffffff", "curve": "stepped" },
					{ "time": 1.6667, "color": "ffffffff" }
				],
				"attachment": [
					{ "name": "head" },
					{ "time": 1.6667, "name": "head" }
				]
			},
			"item": {
				"attachment": [
					{},
					{ "time": 1.6667 }
				]
			},
			"shoulder1": {
				"rgba": [
					{ "color": "000000ff", "curve": "stepped" },
					{ "time": 1.6667, "color": "000000ff" }
				],
				"attachment": [
					{ "name": "shoulder" },
					{ "time": 1.6667, "name": "shoulder" }
				]
			},
			"shoulder2": {
				"rgba": [
					{ "color": "000000ff", "curve": "stepped" },
					{ "time": 1.6667, "color": "000000ff" }
				],
				"attachment": [
					{ "name": "shoulder" },
					{ "time": 1.6667, "name": "shoulder" }
				]
			},
			"shoulder3": {
				"rgba": [
					{ "color": "000000ff", "curve": "stepped" },
					{ "time": 1.6667, "color": "000000ff" }
				],
				"attachment": [
					{ "name": "shoulder" },
					{ "time": 1.6667, "name": "shoulder" }
				]
			},
			"shoulder4": {
				"rgba": [
					{ "color": "000000ff", "curve": "stepped" },
					{ "time": 1.6667, "color": "000000ff" }
				],
				"attachment": [
					{ "name": "shoulder" },
					{ "time": 1.6667, "name": "shoulder" }
				]
			},
			"thigh": {
				"rgba": [
					{ "color": "000000ff", "curve": "stepped" },
					{ "time": 1.6667, "color": "000000ff" }
				]
			},
			"thigh2": {
				"rgba": [
					{ "color": "000000ff", "curve": "stepped" },
					{ "time": 1.6667, "color": "000000ff" }
				]
			},
			"thigh3": {
				"rgba": [
					{ "color": "000000ff", "curve": "stepped" },
					{ "time": 1.6667, "color": "000000ff" }
				]
			},
			"thigh4": {
				"rgba": [
					{ "color": "000000ff", "curve": "stepped" },
					{ "time": 1.6667, "color": "000000ff" }
				]
			}
		},
		"bones": {
			"head": {
				"rotate": [
					{ "value": 15.6, "curve": "stepped" },
					{ "time": 1.6667, "value": 15.6 }
				],
				"translate": [
					{ "x": -26.47, "y": -1.41, "curve": "stepped" },
					{ "time": 1.6667, "x": -26.47, "y": -1.41 }
				],
				"scale": [
					{ "curve": "stepped" },
					{ "time": 1.6667 }
				]
			},
			"root": {
				"rotate": [
					{ "curve": "stepped" },
					{ "time": 1.6667 }
				],
				"translate": [
					{ "curve": "stepped" },
					{ "time": 1.6667 }
				]
			},
			"main": {
				"rotate": [
					{ "value": -106.23, "curve": "stepped" },
					{ "time": 1.6667, "value": -106.23 }
				],
				"translate": [
					{ "x": 79.88, "y": -253.07, "curve": "stepped" },
					{ "time": 1.6667, "x": 79.88, "y": -253.07 }
				]
			},
			"hip": {
				"rotate": [
					{ "curve": "stepped" },
					{ "time": 1.6667 }
				],
				"translate": [
					{ "curve": "stepped" },
					{ "time": 1.6667 }
				]
			},
			"body": {
				"rotate": [
					{ "value": 18.38, "curve": "stepped" },
					{ "time": 1.6667, "value": 18.38 }
				],
				"translate": [
					{ "curve": "stepped" },
					{ "time": 1.6667 }
				]
			},
			"body2": {
				"rotate": [
					{ "value": -0.71, "curve": "stepped" },
					{ "time": 1.6667, "value": -0.71 }
				],
				"translate": [
					{ "curve": "stepped" },
					{ "time": 1.6667 }
				]
			},
			"body3": {
				"rotate": [
					{ "value": -0.71, "curve": "stepped" },
					{ "time": 1.6667, "value": -0.71 }
				],
				"translate": [
					{ "curve": "stepped" },
					{ "time": 1.6667 }
				]
			},
			"body4": {
				"rotate": [
					{ "value": -1.62, "curve": "stepped" },
					{ "time": 1.6667, "value": -1.62 }
				],
				"translate": [
					{ "curve": "stepped" },
					{ "time": 1.6667 }
				]
			},
			"body5": {
				"rotate": [
					{ "value": -0.09, "curve": "stepped" },
					{ "time": 1.6667, "value": -0.09 }
				],
				"translate": [
					{ "curve": "stepped" },
					{ "time": 1.6667 }
				]
			},
			"body6": {
				"rotate": [
					{ "value": 3.46, "curve": "stepped" },
					{ "time": 1.6667, "value": 3.46 }
				],
				"translate": [
					{ "curve": "stepped" },
					{ "time": 1.6667 }
				]
			},
			"body7": {
				"rotate": [
					{ "value": 2.88, "curve": "stepped" },
					{ "time": 1.6667, "value": 2.88 }
				],
				"translate": [
					{ "curve": "stepped" },
					{ "time": 1.6667 }
				]
			},
			"body8": {
				"rotate": [
					{ "value": 2.88, "curve": "stepped" },
					{ "time": 1.6667, "value": 2.88 }
				],
				"translate": [
					{ "curve": "stepped" },
					{ "time": 1.6667 }
				]
			},
			"feeling_3": {
				"rotate": [
					{ "curve": "stepped" },
					{ "time": 1.6667 }
				],
				"translate": [
					{ "curve": "stepped" },
					{ "time": 1.6667 }
				]
			},
			"emoji": {
				"rotate": [
					{ "value": -7.34, "curve": "stepped" },
					{ "time": 1.6667, "value": -7.34 }
				],
				"translate": [
					{ "x": -1.74, "y": 10.78, "curve": "stepped" },
					{ "time": 1.6667, "x": -1.74, "y": 10.78 }
				],
				"scale": [
					{ "x": 1.153, "y": 1.153, "curve": "stepped" },
					{ "time": 1.6667, "x": 1.153, "y": 1.153 }
				]
			},
			"shouder_1": {
				"rotate": [
					{ "value": -100.56, "curve": "stepped" },
					{ "time": 1.6667, "value": -100.56 }
				],
				"translate": [
					{ "x": 0.81, "y": 1.47, "curve": "stepped" },
					{ "time": 1.6667, "x": 0.81, "y": 1.47 }
				],
				"scale": [
					{ "curve": "stepped" },
					{ "time": 1.6667 }
				],
				"shear": [
					{ "curve": "stepped" },
					{ "time": 1.6667 }
				]
			},
			"arm_1": {
				"rotate": [
					{ "value": 14.01, "curve": "stepped" },
					{ "time": 1.6667, "value": 14.01 }
				],
				"translate": [
					{ "x": 2.02, "y": 0.08, "curve": "stepped" },
					{ "time": 1.6667, "x": 2.02, "y": 0.08 }
				],
				"scale": [
					{ "curve": "stepped" },
					{ "time": 1.6667 }
				]
			},
			"shouder_2": {
				"rotate": [
					{ "value": 92.79, "curve": "stepped" },
					{ "time": 1.6667, "value": 92.79 }
				],
				"translate": [
					{ "x": -1.47, "y": 1.71, "curve": "stepped" },
					{ "time": 1.6667, "x": -1.47, "y": 1.71 }
				],
				"scale": [
					{ "curve": "stepped" },
					{ "time": 1.6667 }
				]
			},
			"arm_2": {
				"rotate": [
					{ "value": -18.21, "curve": "stepped" },
					{ "time": 1.6667, "value": -18.21 }
				],
				"translate": [
					{ "x": 1.29, "y": 1.38, "curve": "stepped" },
					{ "time": 1.6667, "x": 1.29, "y": 1.38 }
				],
				"scale": [
					{ "curve": "stepped" },
					{ "time": 1.6667 }
				]
			},
			"thigh_1": {
				"rotate": [
					{ "value": -42.67, "curve": "stepped" },
					{ "time": 1.6667, "value": -42.67 }
				],
				"translate": [
					{ "curve": "stepped" },
					{ "time": 1.6667 }
				],
				"scale": [
					{ "x": 1.015, "curve": "stepped" },
					{ "time": 1.6667, "x": 1.015 }
				]
			},
			"leg_1": {
				"rotate": [
					{ "value": 97.27, "curve": "stepped" },
					{ "time": 1.6667, "value": 97.27 }
				],
				"translate": [
					{ "curve": "stepped" },
					{ "time": 1.6667 }
				]
			},
			"thigh_2": {
				"rotate": [
					{ "value": -49.96, "curve": "stepped" },
					{ "time": 1.6667, "value": -49.96 }
				],
				"translate": [
					{ "curve": "stepped" },
					{ "time": 1.6667 }
				],
				"scale": [
					{ "x": 0.967, "curve": "stepped" },
					{ "time": 1.6667, "x": 0.967 }
				]
			},
			"leg_2": {
				"rotate": [
					{ "value": 61.21, "curve": "stepped" },
					{ "time": 1.6667, "value": 61.21 }
				],
				"translate": [
					{ "curve": "stepped" },
					{ "time": 1.6667 }
				]
			},
			"foot_2": {
				"rotate": [
					{ "curve": "stepped" },
					{ "time": 1.6667 }
				],
				"translate": [
					{ "x": -183.91, "y": -2.41, "curve": "stepped" },
					{ "time": 1.6667, "x": -183.91, "y": -2.41 }
				]
			},
			"foot_3": {
				"rotate": [
					{ "curve": "stepped" },
					{ "time": 1.6667 }
				],
				"translate": [
					{ "x": -172.97, "y": 3.04, "curve": "stepped" },
					{ "time": 1.6667, "x": -172.97, "y": 3.04 }
				]
			},
			"feeling_5": {
				"rotate": [
					{ "curve": "stepped" },
					{ "time": 1.6667 }
				],
				"translate": [
					{ "curve": "stepped" },
					{ "time": 1.6667 }
				]
			},
			"feeling_1": {
				"rotate": [
					{ "value": -82.14, "curve": "stepped" },
					{ "time": 1.6667, "value": -82.14 }
				],
				"translate": [
					{ "x": -310.19, "y": -121.99, "curve": "stepped" },
					{ "time": 1.6667, "x": -310.19, "y": -121.99 }
				],
				"scale": [
					{ "x": -1, "y": -1, "curve": "stepped" },
					{ "time": 1.6667, "x": -1, "y": -1 }
				]
			},
			"move": {
				"translate": [
					{ "x": 119.99, "y": 0.6, "curve": "stepped" },
					{ "time": 1.6667, "x": 119.99, "y": 0.6 }
				],
				"scale": [
					{ "x": -1, "curve": "stepped" },
					{ "time": 1.6667, "x": -1 }
				]
			},
			"feeling_2": {
				"rotate": [
					{
						"value": 79.9,
						"curve": [ 0.708, 79.9, 0.005, 59.26 ]
					},
					{
						"time": 0.8333,
						"value": 59.26,
						"curve": [ 1.542, 59.26, 0.838, 79.9 ]
					},
					{ "time": 1.6667, "value": 79.9 }
				],
				"translate": [
					{ "x": -183.11, "y": -177.63, "curve": "stepped" },
					{ "time": 1.6667, "x": -183.11, "y": -177.63 }
				],
				"scale": [
					{
						"x": -0.852,
						"y": 0.852,
						"curve": [ 0.708, -0.852, 0.005, -1.697, 0.708, 0.852, 0.005, 1.697 ]
					},
					{
						"time": 0.8333,
						"x": -1.697,
						"y": 1.697,
						"curve": [ 1.542, -1.697, 0.838, -0.852, 1.542, 1.697, 0.838, 0.852 ]
					},
					{ "time": 1.6667, "x": -0.852, "y": 0.852 }
				]
			},
			"item_1": {
				"rotate": [
					{ "value": -81.75, "curve": "stepped" },
					{ "time": 1.6667, "value": -81.75 }
				],
				"translate": [
					{ "x": 359.5, "y": -370.49, "curve": "stepped" },
					{ "time": 1.6667, "x": 359.5, "y": -370.49 }
				]
			},
			"hair_1": {
				"rotate": [
					{ "value": 50.85, "curve": "stepped" },
					{ "time": 1.6667, "value": 50.85 }
				],
				"translate": [
					{ "x": 29.74, "y": 517.85, "curve": "stepped" },
					{ "time": 1.6667, "x": 29.74, "y": 517.85 }
				],
				"scale": [
					{ "x": 1.472, "y": 1.472, "curve": "stepped" },
					{ "time": 1.6667, "x": 1.472, "y": 1.472 }
				]
			}
		},
		"ik": {
			"foot_1": [
				{ "stretch": true, "curve": "stepped" },
				{ "time": 1.6667, "stretch": true }
			],
			"foot_2": [
				{ "stretch": true, "curve": "stepped" },
				{ "time": 1.6667, "stretch": true }
			]
		},
		"drawOrder": [
			{
				"offsets": [
					{ "slot": "shoulder2", "offset": 11 },
					{ "slot": "shoulder4", "offset": -3 }
				]
			},
			{
				"time": 1.6667,
				"offsets": [
					{ "slot": "shoulder2", "offset": 11 },
					{ "slot": "shoulder4", "offset": -3 }
				]
			}
		]
	},
	"t_156_2_lose": {
		"slots": {
			"body": {
				"rgba": [
					{ "color": "000000ff" }
				]
			},
			"Emoji": {
				"attachment": [
					{ "name": "Emoji/emo_100" }
				]
			},
			"feeling_1": {
				"rgba": [
					{ "color": "ffffffff" }
				],
				"attachment": [
					{ "name": "giat_minh" }
				]
			},
			"feeling_2": {
				"rgba": [
					{ "color": "ffffffff" }
				],
				"attachment": [
					{}
				]
			},
			"feeling_3": {
				"rgba": [
					{ "color": "ffffffff" }
				],
				"attachment": [
					{}
				]
			},
			"feeling_5": {
				"attachment": [
					{ "name": "cauco" }
				]
			},
			"hair": {
				"attachment": [
					{ "name": "hair/man/mu_15" }
				]
			},
			"head": {
				"rgba": [
					{ "color": "ffbcbcff" }
				],
				"attachment": [
					{ "name": "head" }
				]
			},
			"shoulder1": {
				"rgba": [
					{ "color": "000000ff" }
				],
				"attachment": [
					{ "name": "shoulder" }
				]
			},
			"shoulder2": {
				"rgba": [
					{ "color": "000000ff" }
				],
				"attachment": [
					{ "name": "shoulder" }
				]
			},
			"shoulder3": {
				"rgba": [
					{ "color": "000000ff" }
				],
				"attachment": [
					{ "name": "shoulder" }
				]
			},
			"shoulder4": {
				"rgba": [
					{ "color": "000000ff" }
				],
				"attachment": [
					{ "name": "shoulder" }
				]
			},
			"thigh": {
				"rgba": [
					{ "color": "000000ff" }
				]
			},
			"thigh2": {
				"rgba": [
					{ "color": "000000ff" }
				]
			},
			"thigh3": {
				"rgba": [
					{ "color": "000000ff" }
				]
			},
			"thigh4": {
				"rgba": [
					{ "color": "000000ff" }
				]
			}
		},
		"bones": {
			"head": {
				"rotate": [
					{ "value": -9.46 }
				],
				"translate": [
					{ "x": -7.62, "y": -4.42 }
				],
				"scale": [
					{}
				]
			},
			"root": {
				"rotate": [
					{}
				],
				"translate": [
					{}
				]
			},
			"main": {
				"rotate": [
					{ "value": -55.86 }
				],
				"translate": [
					{ "x": 206.41, "y": -260.12 }
				]
			},
			"hip": {
				"rotate": [
					{}
				],
				"translate": [
					{}
				]
			},
			"body": {
				"rotate": [
					{ "value": 7.06 }
				],
				"translate": [
					{ "x": -2.4, "y": 1.16 }
				]
			},
			"body2": {
				"rotate": [
					{ "value": 7.06 }
				],
				"translate": [
					{}
				]
			},
			"body3": {
				"rotate": [
					{ "value": 7.06 }
				],
				"translate": [
					{}
				]
			},
			"body4": {
				"rotate": [
					{ "value": 7.06 }
				],
				"translate": [
					{}
				]
			},
			"body5": {
				"rotate": [
					{ "value": 7.06 }
				],
				"translate": [
					{}
				]
			},
			"body6": {
				"rotate": [
					{ "value": 7.06 }
				],
				"translate": [
					{ "x": -5.62, "y": 0.01 }
				]
			},
			"body7": {
				"rotate": [
					{ "value": 13.37 }
				],
				"translate": [
					{}
				]
			},
			"body8": {
				"rotate": [
					{ "value": 13.37 }
				],
				"translate": [
					{}
				]
			},
			"feeling_3": {
				"rotate": [
					{ "value": -89.8 }
				],
				"translate": [
					{ "x": -6.34, "y": 94.47 }
				],
				"scale": [
					{ "x": -0.767, "y": 0.767 }
				]
			},
			"emoji": {
				"rotate": [
					{ "value": -3.32 }
				],
				"translate": [
					{ "x": 10.26, "y": 0.61 }
				],
				"scale": [
					{ "x": -0.898, "y": 0.898 }
				]
			},
			"shouder_1": {
				"rotate": [
					{ "value": 148.17 }
				],
				"translate": [
					{ "x": 40.21, "y": 24.03 }
				],
				"scale": [
					{}
				],
				"shear": [
					{}
				]
			},
			"arm_1": {
				"rotate": [
					{ "value": -43.47 }
				],
				"translate": [
					{ "x": 2.02, "y": 0.08 }
				],
				"scale": [
					{}
				]
			},
			"shouder_2": {
				"rotate": [
					{ "value": 119.94 }
				],
				"translate": [
					{ "x": 29.34, "y": 1.61 }
				],
				"scale": [
					{}
				]
			},
			"arm_2": {
				"rotate": [
					{ "value": -13.19 }
				],
				"translate": [
					{ "x": 1.29, "y": 1.38 }
				],
				"scale": [
					{}
				]
			},
			"thigh_1": {
				"rotate": [
					{ "value": -42.67 }
				],
				"translate": [
					{}
				],
				"scale": [
					{ "x": 0.945 }
				]
			},
			"leg_1": {
				"rotate": [
					{ "value": 97.27 }
				],
				"translate": [
					{}
				]
			},
			"thigh_2": {
				"rotate": [
					{ "value": -49.96 }
				],
				"translate": [
					{}
				],
				"scale": [
					{ "x": 0.967 }
				]
			},
			"leg_2": {
				"rotate": [
					{ "value": 61.21 }
				],
				"translate": [
					{}
				]
			},
			"foot_2": {
				"rotate": [
					{}
				],
				"translate": [
					{ "x": 94.82, "y": -1.74 }
				]
			},
			"foot_3": {
				"rotate": [
					{ "value": -17.58 }
				],
				"translate": [
					{ "x": -33.87, "y": -1.25 }
				]
			},
			"feeling_5": {
				"rotate": [
					{ "value": -98.45 }
				],
				"translate": [
					{ "x": 27.51, "y": -70.09 }
				],
				"scale": [
					{ "x": 0.481, "y": 0.481 }
				]
			},
			"feeling_1": {
				"rotate": [
					{ "value": 30.22 }
				],
				"translate": [
					{ "x": -332.65, "y": -111.07 }
				],
				"scale": [
					{ "x": -1.258, "y": 1.258 }
				]
			},
			"move": {
				"translate": [
					{ "x": -72.99, "y": 1.27 }
				],
				"scale": [
					{ "x": -1 }
				]
			},
			"feeling_2": {
				"rotate": [
					{ "value": 75.37 }
				],
				"translate": [
					{ "x": -259.13, "y": -88.08 }
				],
				"scale": [
					{ "x": -1.023, "y": 1.023 }
				]
			},
			"hair_1": {
				"rotate": [
					{ "value": 68.04 }
				],
				"translate": [
					{ "x": -40.53, "y": 485.58 }
				],
				"scale": [
					{ "x": 1.407, "y": 1.407 }
				]
			}
		},
		"ik": {
			"foot_1": [
				{ "stretch": true }
			],
			"foot_2": [
				{ "stretch": true }
			]
		},
		"drawOrder": [
			{
				"offsets": [
					{ "slot": "shoulder2", "offset": 13 },
					{ "slot": "feeling_2", "offset": -11 }
				]
			}
		]
	},
	"t_156_2_win": {
		"slots": {
			"body": {
				"rgba": [
					{ "color": "000000ff" }
				]
			},
			"Emoji": {
				"attachment": [
					{ "name": "Emoji/new/emo_17" }
				]
			},
			"feeling_1": {
				"rgba": [
					{ "color": "ffffffff" }
				],
				"attachment": [
					{ "name": "scare" }
				]
			},
			"feeling_2": {
				"rgba": [
					{ "color": "a6fdffb9" }
				],
				"attachment": [
					{ "name": "Emoji/hoi_cham" }
				]
			},
			"feeling_3": {
				"attachment": [
					{}
				]
			},
			"feeling_4": {
				"attachment": [
					{ "name": "Emoji/hoi_cham" }
				]
			},
			"feeling_5": {
				"attachment": [
					{}
				]
			},
			"hair": {
				"attachment": [
					{ "name": "hair/man/mu_15" }
				]
			},
			"head": {
				"rgba": [
					{ "color": "ffffffff" }
				],
				"attachment": [
					{ "name": "head" }
				]
			},
			"item": {
				"rgba": [
					{ "color": "ffffffb2" }
				],
				"attachment": [
					{ "name": "item/dong_bang_NV" }
				]
			},
			"shoulder1": {
				"rgba": [
					{ "color": "000000ff" }
				],
				"attachment": [
					{ "name": "shoulder" }
				]
			},
			"shoulder2": {
				"rgba": [
					{ "color": "000000ff" }
				],
				"attachment": [
					{ "name": "shoulder" }
				]
			},
			"shoulder3": {
				"rgba": [
					{ "color": "000000ff" }
				],
				"attachment": [
					{ "name": "shoulder" }
				]
			},
			"shoulder4": {
				"rgba": [
					{ "color": "000000ff" }
				],
				"attachment": [
					{ "name": "shoulder" }
				]
			},
			"thigh": {
				"rgba": [
					{ "color": "000000ff" }
				]
			},
			"thigh2": {
				"rgba": [
					{ "color": "000000ff" }
				]
			},
			"thigh3": {
				"rgba": [
					{ "color": "000000ff" }
				]
			},
			"thigh4": {
				"rgba": [
					{ "color": "000000ff" }
				]
			}
		},
		"bones": {
			"head": {
				"rotate": [
					{ "value": 8.93 }
				],
				"translate": [
					{ "x": -26.47, "y": -1.41 }
				],
				"scale": [
					{}
				]
			},
			"root": {
				"rotate": [
					{}
				],
				"translate": [
					{}
				]
			},
			"main": {
				"rotate": [
					{ "value": -106.23 }
				],
				"translate": [
					{ "x": 79.88, "y": -253.07 }
				]
			},
			"hip": {
				"rotate": [
					{}
				],
				"translate": [
					{}
				]
			},
			"body": {
				"rotate": [
					{ "value": 18.38 }
				],
				"translate": [
					{}
				]
			},
			"body2": {
				"rotate": [
					{ "value": -0.71 }
				],
				"translate": [
					{}
				]
			},
			"body3": {
				"rotate": [
					{ "value": -0.71 }
				],
				"translate": [
					{}
				]
			},
			"body4": {
				"rotate": [
					{ "value": -1.62 }
				],
				"translate": [
					{}
				]
			},
			"body5": {
				"rotate": [
					{ "value": -0.09 }
				],
				"translate": [
					{}
				]
			},
			"body6": {
				"rotate": [
					{ "value": 3.46 }
				],
				"translate": [
					{}
				]
			},
			"body7": {
				"rotate": [
					{ "value": 2.88 }
				],
				"translate": [
					{}
				]
			},
			"body8": {
				"rotate": [
					{ "value": 2.88 }
				],
				"translate": [
					{}
				]
			},
			"feeling_3": {
				"rotate": [
					{}
				],
				"translate": [
					{}
				]
			},
			"emoji": {
				"rotate": [
					{ "value": -7.34 }
				],
				"translate": [
					{ "x": 7.08, "y": 26.23 }
				],
				"scale": [
					{ "x": 1.153, "y": 1.153 }
				]
			},
			"shouder_1": {
				"rotate": [
					{ "value": -108.39 }
				],
				"translate": [
					{ "x": 0.81, "y": 1.47 }
				],
				"scale": [
					{}
				],
				"shear": [
					{}
				]
			},
			"arm_1": {
				"rotate": [
					{ "value": 5.67 }
				],
				"translate": [
					{ "x": 2.02, "y": 0.08 }
				],
				"scale": [
					{}
				]
			},
			"shouder_2": {
				"rotate": [
					{ "value": 101 }
				],
				"translate": [
					{ "x": -1.47, "y": 1.71 }
				],
				"scale": [
					{}
				]
			},
			"arm_2": {
				"rotate": [
					{ "value": -5.97 }
				],
				"translate": [
					{ "x": 1.29, "y": 1.38 }
				],
				"scale": [
					{}
				]
			},
			"thigh_1": {
				"rotate": [
					{ "value": -42.67 }
				],
				"translate": [
					{}
				],
				"scale": [
					{ "x": 1.015 }
				]
			},
			"leg_1": {
				"rotate": [
					{ "value": 97.27 }
				],
				"translate": [
					{}
				]
			},
			"thigh_2": {
				"rotate": [
					{ "value": -49.96 }
				],
				"translate": [
					{}
				],
				"scale": [
					{ "x": 0.967 }
				]
			},
			"leg_2": {
				"rotate": [
					{ "value": 61.21 }
				],
				"translate": [
					{}
				]
			},
			"foot_2": {
				"rotate": [
					{}
				],
				"translate": [
					{ "x": -186.94, "y": -28.83 }
				]
			},
			"foot_3": {
				"rotate": [
					{}
				],
				"translate": [
					{ "x": -177.24, "y": 44.16 }
				]
			},
			"feeling_5": {
				"rotate": [
					{}
				],
				"translate": [
					{}
				]
			},
			"feeling_1": {
				"rotate": [
					{ "value": -56.14 }
				],
				"translate": [
					{ "x": -148.01, "y": -36.48 }
				],
				"scale": [
					{ "x": -1.091, "y": -1.091 }
				]
			},
			"move": {
				"translate": [
					{ "x": 119.99, "y": 0.6 }
				],
				"scale": [
					{ "x": -1 }
				]
			},
			"feeling_2": {
				"rotate": [
					{ "value": 108.35 }
				],
				"translate": [
					{ "x": -277.83, "y": -76.55 }
				],
				"scale": [
					{ "x": 1.125, "y": 1.125 }
				]
			},
			"item_1": {
				"rotate": [
					{ "value": 88.38 }
				],
				"translate": [
					{ "x": 109.74, "y": -426.88 }
				],
				"scale": [
					{ "x": 1.04, "y": 1.179 }
				]
			},
			"hair_1": {
				"rotate": [
					{ "value": 40.25 }
				],
				"translate": [
					{ "x": 38.99, "y": 524.2 }
				],
				"scale": [
					{ "x": 1.407, "y": 1.407 }
				]
			},
			"feeling_4": {
				"rotate": [
					{ "value": -5.9 }
				],
				"translate": [
					{ "x": -21.71, "y": 162.09 }
				],
				"scale": [
					{ "x": 0.456, "y": 0.456 }
				]
			}
		},
		"ik": {
			"foot_1": [
				{ "stretch": true }
			],
			"foot_2": [
				{ "stretch": true }
			]
		},
		"drawOrder": [
			{
				"offsets": [
					{ "slot": "item", "offset": 15 },
					{ "slot": "shoulder2", "offset": 10 },
					{ "slot": "shoulder4", "offset": -4 },
					{ "slot": "feeling_1", "offset": 1 }
				]
			}
		]
	}
}
}