{
"skeleton": { "hash": "C+nnHXxVSYQ", "spine": "4.1.24", "x": -388.28, "y": -425.09, "width": 724.41, "height": 1282.48 },
"bones": [
	{ "name": "root", "rotation": 0.2 },
	{ "name": "move", "parent": "root", "x": -119.99, "scaleX": -1 },
	{ "name": "main", "parent": "move", "y": 256.6 },
	{ "name": "hip", "parent": "main" },
	{ "name": "body", "parent": "hip", "length": 26.97, "rotation": 90 },
	{ "name": "body2", "parent": "body", "length": 26.97, "x": 26.97 },
	{ "name": "body3", "parent": "body2", "length": 26.97, "x": 26.97 },
	{ "name": "body4", "parent": "body3", "length": 26.97, "rotation": -0.06, "x": 26.97 },
	{ "name": "body5", "parent": "body4", "length": 26.97, "x": 26.97 },
	{ "name": "body6", "parent": "body5", "length": 26.97, "x": 26.97 },
	{ "name": "body7", "parent": "body6", "length": 26.97, "x": 26.97 },
	{ "name": "body8", "parent": "body7", "length": 26.97, "x": 26.97 },
	{ "name": "head", "parent": "body8", "length": 135.67, "x": 24.75 },
	{ "name": "feeling_3", "parent": "head", "rotation": -0.18, "x": 87.53, "y": 30.96 },
	{ "name": "emoji", "parent": "head", "rotation": -90, "x": 62, "y": 1.49 },
	{ "name": "shouder_1", "parent": "body7", "length": 100.06, "rotation": -90, "x": 15.39, "y": 0.02 },
	{ "name": "arm_1", "parent": "shouder_1", "length": 100.06, "x": 94.79 },
	{ "name": "shouder_2", "parent": "body7", "length": 100.06, "rotation": 90, "x": 15.39, "y": 0.02 },
	{ "name": "arm_2", "parent": "shouder_2", "length": 100.06, "x": 94.79 },
	{ "name": "thigh_1", "parent": "main", "length": 134.15, "rotation": -90, "x": -0.54, "y": 4.23 },
	{ "name": "leg_1", "parent": "thigh_1", "length": 134.15, "x": 128.14 },
	{ "name": "thigh_2", "parent": "main", "length": 134.15, "rotation": -90, "x": -0.1, "y": 4.23 },
	{ "name": "leg_2", "parent": "thigh_2", "length": 134.15, "x": 128.14 },
	{ "name": "foot_2", "parent": "move", "x": 0.16, "y": -2.18 },
	{ "name": "foot_3", "parent": "move", "x": 0.1, "y": -2.12 },
	{
		"name": "feeling_5",
		"parent": "head",
		"rotation": -0.18,
		"x": 87.53,
		"y": -25.11,
		"scaleX": 2,
		"scaleY": 2
	},
	{ "name": "item_1", "parent": "move", "x": -1.93, "y": 450.24 },
	{ "name": "feeling_1", "parent": "main", "rotation": -20.17, "x": 72.35, "y": 376.02 },
	{ "name": "feeling_2", "parent": "main", "rotation": -20.17, "x": 72.35, "y": 376.02 },
	{ "name": "hair_1", "parent": "main", "rotation": 0.07, "x": -120, "y": -254.77 },
	{
		"name": "feeling_4",
		"parent": "head",
		"rotation": -0.18,
		"x": 87.53,
		"y": -25.11,
		"scaleX": 2,
		"scaleY": 2
	},
	{ "name": "item_tay", "parent": "arm_2", "x": 101.01, "y": -1.25 }
],
"slots": [
	{ "name": "bg_gane_play", "bone": "root", "color": "ffffff4f" },
	{ "name": "item", "bone": "item_1" },
	{ "name": "body", "bone": "hip", "color": "000000ff", "attachment": "body" },
	{ "name": "shoulder1", "bone": "shouder_1", "color": "000000ff" },
	{ "name": "shoulder3", "bone": "shouder_2", "color": "000000ff" },
	{ "name": "shoulder2", "bone": "arm_1", "color": "000000ff" },
	{ "name": "shoulder4", "bone": "arm_2", "color": "000000ff" },
	{ "name": "thigh", "bone": "thigh_1", "color": "000000ff", "attachment": "thigh" },
	{ "name": "thigh3", "bone": "thigh_2", "color": "000000ff", "attachment": "thigh" },
	{ "name": "thigh2", "bone": "leg_1", "color": "000000ff", "attachment": "thigh" },
	{ "name": "thigh4", "bone": "leg_2", "color": "000000ff", "attachment": "thigh" },
	{ "name": "head", "bone": "head", "attachment": "head" },
	{ "name": "hair", "bone": "hair_1" },
	{ "name": "Emoji", "bone": "emoji" },
	{ "name": "feeling_3", "bone": "feeling_3", "color": "000000ff" },
	{ "name": "feeling_5", "bone": "feeling_5" },
	{ "name": "feeling_4", "bone": "feeling_4" },
	{ "name": "feeling_1", "bone": "feeling_1" },
	{ "name": "feeling_2", "bone": "feeling_2" },
	{ "name": "item_tay", "bone": "item_tay" }
],
"ik": [
	{
		"name": "foot_1",
		"bones": [ "thigh_1", "leg_1" ],
		"target": "foot_2",
		"mix": 0,
		"stretch": true
	},
	{
		"name": "foot_2",
		"order": 1,
		"bones": [ "thigh_2", "leg_2" ],
		"target": "foot_3",
		"mix": 0,
		"stretch": true
	}
],
"skins": [
	{
		"name": "default",
		"attachments": {
			"body": {
				"body": {
					"type": "mesh",
					"uvs": [ 1, 1, 0, 1, 0, 0.875, 0, 0.75, 0, 0.625, 0, 0.5, 0, 0.375, 0, 0.25, 0, 0.125, 0, 0, 1, 0, 1, 0.125, 1, 0.25, 1, 0.375, 1, 0.5, 1, 0.625, 1, 0.75, 1, 0.875 ],
					"triangles": [ 8, 9, 10, 11, 8, 10, 7, 8, 11, 12, 7, 11, 6, 7, 12, 13, 6, 12, 5, 6, 13, 14, 5, 13, 4, 5, 14, 15, 4, 14, 3, 4, 15, 16, 3, 15, 2, 3, 16, 17, 2, 16, 1, 2, 17, 0, 1, 17 ],
					"vertices": [ 1, 4, -1.7, -5.5, 1, 1, 4, -1.7, 5.5, 1, 2, 4, 25.68, 5.5, 0.70301, 5, -1.29, 5.5, 0.29699, 2, 5, 26.08, 5.5, 0.65569, 6, -0.88, 5.5, 0.34431, 2, 6, 26.49, 5.5, 0.55905, 7, -0.48, 5.5, 0.44095, 2, 7, 26.9, 5.5, 0.51367, 8, -0.07, 5.5, 0.48633, 2, 8, 27.3, 5.5, 0.41705, 9, 0.33, 5.5, 0.58295, 2, 9, 27.71, 5.5, 0.38565, 10, 0.74, 5.5, 0.61435, 2, 10, 28.11, 5.5, 0.36868, 11, 1.14, 5.5, 0.63132, 1, 11, 28.52, 5.5, 1, 1, 11, 28.52, -5.5, 1, 2, 10, 28.11, -5.5, 0.3064, 11, 1.14, -5.5, 0.6936, 2, 9, 27.71, -5.5, 0.40945, 10, 0.74, -5.5, 0.59055, 2, 8, 27.3, -5.5, 0.44404, 9, 0.33, -5.5, 0.55596, 2, 7, 26.9, -5.5, 0.52991, 8, -0.07, -5.5, 0.47009, 2, 6, 26.49, -5.5, 0.58474, 7, -0.48, -5.5, 0.41526, 2, 5, 26.08, -5.5, 0.62061, 6, -0.88, -5.5, 0.37939, 2, 4, 25.68, -5.5, 0.65664, 5, -1.29, -5.5, 0.34336 ],
					"hull": 18
				}
			},
			"Emoji": {
				"Emoji/emo_7": { "width": 76, "height": 96 },
				"Emoji/emo_57_c": { "x": 0.5, "y": 0.5, "width": 101, "height": 101 },
				"Emoji/emo_70": { "y": 0.5, "width": 118, "height": 119 },
				"Emoji/emo_90": { "y": 0.5, "width": 86, "height": 91 }
			},
			"feeling_1": {
				"giat_minh": { "width": 70, "height": 66 },
				"mo_hoi": { "x": 0.5, "y": 0.5, "width": 19, "height": 41 }
			},
			"feeling_2": {
				"mo_hoi": { "x": 0.5, "y": 0.5, "width": 19, "height": 41 }
			},
			"feeling_3": {
				"cham_than": { "x": -18.07, "y": -0.4, "rotation": -96.51, "width": 17, "height": 57 }
			},
			"feeling_4": {
				"giat_minh": { "width": 70, "height": 66 }
			},
			"feeling_5": {
				"scare": { "y": 0.5, "width": 80, "height": 83 }
			},
			"head": {
				"head": { "x": 68.85, "rotation": -89.87, "width": 144, "height": 144 },
				"head_7": { "x": 65.26, "y": -3.78, "rotation": -89.46, "width": 144, "height": 144 }
			},
			"shoulder1": {
				"shoulder": { "x": 49.22, "rotation": -90, "width": 15, "height": 105 }
			},
			"shoulder2": {
				"shoulder": { "x": 49.22, "rotation": -90, "width": 15, "height": 105 }
			},
			"shoulder3": {
				"shoulder": { "x": 49.22, "rotation": -90, "width": 15, "height": 105 }
			},
			"shoulder4": {
				"shoulder": { "x": 50.57, "rotation": -90, "width": 15, "height": 105 }
			},
			"thigh": {
				"thigh": { "x": 66.01, "rotation": -90, "width": 14, "height": 137 }
			},
			"thigh2": {
				"thigh": { "x": 66.01, "rotation": -90, "width": 14, "height": 137 }
			},
			"thigh3": {
				"thigh": { "x": 66.01, "rotation": -90, "width": 14, "height": 137 }
			},
			"thigh4": {
				"thigh": { "x": 66.01, "rotation": -90, "width": 14, "height": 137 }
			}
		}
	}
],
"animations": {
	"t_365_1_be": {
		"slots": {
			"body": {
				"rgba": [
					{ "color": "000000ff" }
				]
			},
			"Emoji": {
				"attachment": [
					{ "name": "Emoji/emo_7" }
				]
			},
			"feeling_1": {
				"attachment": [
					{ "name": "mo_hoi" }
				]
			},
			"feeling_2": {
				"attachment": [
					{ "name": "mo_hoi" }
				]
			},
			"feeling_3": {
				"attachment": [
					{}
				]
			},
			"feeling_4": {
				"attachment": [
					{ "name": "giat_minh" }
				]
			},
			"feeling_5": {
				"attachment": [
					{}
				]
			},
			"hair": {
				"attachment": [
					{}
				]
			},
			"head": {
				"rgba": [
					{ "color": "ffffffff" }
				],
				"attachment": [
					{ "name": "head" }
				]
			},
			"shoulder1": {
				"rgba": [
					{ "color": "000000ff" }
				],
				"attachment": [
					{}
				]
			},
			"shoulder2": {
				"rgba": [
					{ "color": "000000ff" }
				],
				"attachment": [
					{}
				]
			},
			"shoulder3": {
				"rgba": [
					{ "color": "000000ff" }
				],
				"attachment": [
					{ "name": "shoulder" }
				]
			},
			"shoulder4": {
				"rgba": [
					{ "color": "000000ff" }
				],
				"attachment": [
					{ "name": "shoulder" }
				]
			},
			"thigh": {
				"rgba": [
					{ "color": "000000ff" }
				],
				"attachment": [
					{}
				]
			},
			"thigh2": {
				"rgba": [
					{ "color": "000000ff" }
				],
				"attachment": [
					{}
				]
			},
			"thigh3": {
				"rgba": [
					{ "color": "000000ff" }
				],
				"attachment": [
					{}
				]
			},
			"thigh4": {
				"rgba": [
					{ "color": "000000ff" }
				],
				"attachment": [
					{}
				]
			}
		},
		"bones": {
			"head": {
				"rotate": [
					{ "value": -175.3 }
				],
				"translate": [
					{ "x": -95.16, "y": 0.5 }
				],
				"scale": [
					{ "x": -1 }
				]
			},
			"root": {
				"rotate": [
					{}
				],
				"translate": [
					{}
				]
			},
			"main": {
				"rotate": [
					{ "value": -3.77 }
				],
				"translate": [
					{ "x": -2.33, "y": -259.23 }
				]
			},
			"hip": {
				"rotate": [
					{}
				],
				"translate": [
					{}
				]
			},
			"body": {
				"rotate": [
					{ "value": 0.51 }
				]
			},
			"body2": {
				"rotate": [
					{ "value": 0.51 }
				]
			},
			"body3": {
				"rotate": [
					{ "value": 0.51 }
				]
			},
			"body4": {
				"rotate": [
					{ "value": -0.4 }
				],
				"translate": [
					{ "x": -16.1, "y": 0.96 }
				]
			},
			"body5": {
				"rotate": [
					{ "value": -2.47 }
				]
			},
			"body6": {
				"rotate": [
					{ "value": 1.09 }
				],
				"translate": [
					{ "x": -16.73, "y": 0.57 }
				]
			},
			"body7": {
				"rotate": [
					{ "value": 0.51 }
				]
			},
			"body8": {
				"rotate": [
					{ "value": 0.51 }
				]
			},
			"feeling_3": {
				"rotate": [
					{ "value": -157.4 }
				],
				"translate": [
					{ "x": -94.96, "y": -133.03 }
				],
				"scale": [
					{ "x": 1.387, "y": 1.387 }
				]
			},
			"emoji": {
				"rotate": [
					{ "value": -2.85 }
				],
				"translate": [
					{ "x": 0.99, "y": 7.53 }
				],
				"scale": [
					{}
				]
			},
			"shouder_1": {
				"rotate": [
					{ "value": -48.42 }
				],
				"translate": [
					{ "x": 0.02, "y": -3.67 }
				],
				"scale": [
					{}
				],
				"shear": [
					{}
				]
			},
			"arm_1": {
				"rotate": [
					{ "value": -33.67 }
				],
				"translate": [
					{ "x": 2.02, "y": 0.08 }
				],
				"scale": [
					{}
				]
			},
			"shouder_2": {
				"rotate": [
					{ "value": 46.39 }
				],
				"translate": [
					{ "x": -27.56, "y": 0.55 }
				],
				"scale": [
					{}
				]
			},
			"arm_2": {
				"rotate": [
					{ "value": 106.55 }
				],
				"translate": [
					{}
				],
				"scale": [
					{}
				]
			},
			"thigh_1": {
				"rotate": [
					{ "value": -44.84 }
				],
				"translate": [
					{}
				],
				"scale": [
					{ "x": 0.896 }
				]
			},
			"leg_1": {
				"rotate": [
					{ "value": 45.63 }
				],
				"translate": [
					{}
				],
				"scale": [
					{}
				]
			},
			"thigh_2": {
				"rotate": [
					{ "value": -37.54 }
				],
				"translate": [
					{}
				],
				"scale": [
					{ "x": 0.895 }
				]
			},
			"leg_2": {
				"rotate": [
					{ "value": 38.6 }
				],
				"translate": [
					{}
				],
				"scale": [
					{}
				]
			},
			"foot_2": {
				"rotate": [
					{ "value": -1.35 }
				],
				"translate": [
					{ "x": 37.63, "y": 6.74 }
				]
			},
			"foot_3": {
				"rotate": [
					{}
				],
				"translate": [
					{ "x": 93.59, "y": 0.41 }
				]
			},
			"feeling_5": {
				"rotate": [
					{}
				],
				"translate": [
					{ "x": 54.22, "y": -165.06 }
				],
				"scale": [
					{ "x": 0.626, "y": 0.626 }
				]
			},
			"move": {
				"translate": [
					{ "x": 119.99, "y": 0.08 }
				],
				"scale": [
					{}
				]
			},
			"feeling_1": {
				"rotate": [
					{ "value": 9.89 }
				],
				"translate": [
					{ "x": -135.36, "y": -191.77 }
				],
				"scale": [
					{ "x": 0.68, "y": 0.68 }
				]
			},
			"feeling_2": {
				"rotate": [
					{ "value": 20.42 }
				],
				"translate": [
					{ "x": -19.82, "y": -244.4 }
				],
				"scale": [
					{ "x": 0.686, "y": 0.686 }
				]
			},
			"hair_1": {
				"rotate": [
					{ "value": -27.42 }
				],
				"translate": [
					{ "x": 171.38, "y": 605.01 }
				],
				"scale": [
					{}
				]
			},
			"feeling_4": {
				"rotate": [
					{ "value": -35.04 }
				],
				"translate": [
					{ "x": 82.87, "y": 35.95 }
				],
				"scale": [
					{ "x": 0.568, "y": 0.568 }
				]
			}
		},
		"ik": {
			"foot_1": [
				{ "bendPositive": false, "stretch": true }
			],
			"foot_2": [
				{ "bendPositive": false, "stretch": true }
			]
		},
		"drawOrder": [
			{
				"offsets": [
					{ "slot": "shoulder4", "offset": -3 },
					{ "slot": "feeling_3", "offset": 2 }
				]
			}
		]
	},
	"t_365_1_lose": {
		"slots": {
			"body": {
				"rgba": [
					{ "color": "000000ff", "curve": "stepped" },
					{ "time": 0.8667, "color": "000000ff" }
				]
			},
			"Emoji": {
				"rgba": [
					{ "color": "ff6b6bff", "curve": "stepped" },
					{ "time": 0.8667, "color": "ff6b6bff" }
				],
				"attachment": [
					{ "name": "Emoji/emo_57_c" },
					{ "time": 0.8667, "name": "Emoji/emo_57_c" }
				]
			},
			"feeling_1": {
				"attachment": [
					{ "name": "giat_minh" },
					{ "time": 0.8667, "name": "giat_minh" }
				]
			},
			"feeling_2": {
				"attachment": [
					{ "name": "mo_hoi" },
					{ "time": 0.8667, "name": "mo_hoi" }
				]
			},
			"feeling_3": {
				"rgba": [
					{ "color": "ff7575ff", "curve": "stepped" },
					{ "time": 0.8667, "color": "ff7575ff" }
				],
				"attachment": [
					{ "name": "cham_than" },
					{ "time": 0.8667, "name": "cham_than" }
				]
			},
			"feeling_5": {
				"rgba": [
					{ "color": "fffc00ff", "curve": "stepped" },
					{ "time": 0.8667, "color": "fffc00ff" }
				],
				"attachment": [
					{ "name": "scare" },
					{ "time": 0.8667, "name": "scare" }
				]
			},
			"hair": {
				"attachment": [
					{},
					{ "time": 0.8667 }
				]
			},
			"head": {
				"rgba": [
					{ "color": "ffffffff", "curve": "stepped" },
					{ "time": 0.8667, "color": "ffffffff" }
				],
				"attachment": [
					{ "name": "head_7" },
					{ "time": 0.8667, "name": "head_7" }
				]
			},
			"shoulder1": {
				"rgba": [
					{ "color": "000000ff", "curve": "stepped" },
					{ "time": 0.8667, "color": "000000ff" }
				],
				"attachment": [
					{ "name": "shoulder" },
					{ "time": 0.8667, "name": "shoulder" }
				]
			},
			"shoulder2": {
				"rgba": [
					{ "color": "000000ff", "curve": "stepped" },
					{ "time": 0.8667, "color": "000000ff" }
				],
				"attachment": [
					{ "name": "shoulder" },
					{ "time": 0.8667, "name": "shoulder" }
				]
			},
			"shoulder3": {
				"rgba": [
					{ "color": "000000ff", "curve": "stepped" },
					{ "time": 0.8667, "color": "000000ff" }
				],
				"attachment": [
					{ "name": "shoulder" },
					{ "time": 0.8667, "name": "shoulder" }
				]
			},
			"shoulder4": {
				"rgba": [
					{ "color": "ff0000ff", "curve": "stepped" },
					{ "time": 0.8667, "color": "ff0000ff" }
				],
				"attachment": [
					{ "name": "shoulder" },
					{ "time": 0.8667, "name": "shoulder" }
				]
			},
			"thigh": {
				"rgba": [
					{ "color": "000000ff", "curve": "stepped" },
					{ "time": 0.8667, "color": "000000ff" }
				],
				"attachment": [
					{},
					{ "time": 0.8667 }
				]
			},
			"thigh2": {
				"rgba": [
					{ "color": "000000ff", "curve": "stepped" },
					{ "time": 0.8667, "color": "000000ff" }
				],
				"attachment": [
					{},
					{ "time": 0.8667 }
				]
			},
			"thigh3": {
				"rgba": [
					{ "color": "000000ff", "curve": "stepped" },
					{ "time": 0.8667, "color": "000000ff" }
				],
				"attachment": [
					{},
					{ "time": 0.8667 }
				]
			},
			"thigh4": {
				"rgba": [
					{ "color": "000000ff", "curve": "stepped" },
					{ "time": 0.8667, "color": "000000ff" }
				],
				"attachment": [
					{},
					{ "time": 0.8667 }
				]
			}
		},
		"bones": {
			"head": {
				"rotate": [
					{ "value": 12.32, "curve": "stepped" },
					{ "time": 0.8667, "value": 12.32 }
				],
				"translate": [
					{ "x": -37.73, "y": 8.39, "curve": "stepped" },
					{ "time": 0.8667, "x": -37.73, "y": 8.39 }
				],
				"scale": [
					{ "x": 1.295, "curve": "stepped" },
					{ "time": 0.8667, "x": 1.295 }
				]
			},
			"root": {
				"rotate": [
					{ "curve": "stepped" },
					{ "time": 0.8667 }
				],
				"translate": [
					{ "curve": "stepped" },
					{ "time": 0.8667 }
				]
			},
			"main": {
				"rotate": [
					{ "value": -3.77, "curve": "stepped" },
					{ "time": 0.8667, "value": -3.77 }
				],
				"translate": [
					{ "x": -2.33, "y": -259.23, "curve": "stepped" },
					{ "time": 0.8667, "x": -2.33, "y": -259.23 }
				]
			},
			"hip": {
				"rotate": [
					{ "curve": "stepped" },
					{ "time": 0.8667 }
				],
				"translate": [
					{ "curve": "stepped" },
					{ "time": 0.8667 }
				]
			},
			"body": {
				"rotate": [
					{ "value": 1.7, "curve": "stepped" },
					{ "time": 0.8667, "value": 1.7 }
				]
			},
			"body2": {
				"rotate": [
					{ "value": 1.7, "curve": "stepped" },
					{ "time": 0.8667, "value": 1.7 }
				]
			},
			"body3": {
				"rotate": [
					{ "value": 1.7, "curve": "stepped" },
					{ "time": 0.8667, "value": 1.7 }
				]
			},
			"body4": {
				"rotate": [
					{ "value": 0.79, "curve": "stepped" },
					{ "time": 0.8667, "value": 0.79 }
				],
				"translate": [
					{ "x": -16.1, "y": 0.96, "curve": "stepped" },
					{ "time": 0.8667, "x": -16.1, "y": 0.96 }
				]
			},
			"body5": {
				"rotate": [
					{ "value": -1.28, "curve": "stepped" },
					{ "time": 0.8667, "value": -1.28 }
				]
			},
			"body6": {
				"rotate": [
					{ "value": 2.28, "curve": "stepped" },
					{ "time": 0.8667, "value": 2.28 }
				],
				"translate": [
					{ "x": -16.73, "y": 0.57, "curve": "stepped" },
					{ "time": 0.8667, "x": -16.73, "y": 0.57 }
				]
			},
			"body7": {
				"rotate": [
					{ "value": 1.7, "curve": "stepped" },
					{ "time": 0.8667, "value": 1.7 }
				]
			},
			"body8": {
				"rotate": [
					{ "value": 1.7, "curve": "stepped" },
					{ "time": 0.8667, "value": 1.7 }
				]
			},
			"feeling_3": {
				"rotate": [
					{ "value": -3.73, "curve": "stepped" },
					{ "time": 0.8667, "value": -3.73 }
				],
				"translate": [
					{ "x": 60.62, "y": 67.59, "curve": "stepped" },
					{ "time": 0.8667, "x": 60.62, "y": 67.59 }
				],
				"scale": [
					{ "x": 1.395, "y": 1.395, "curve": "stepped" },
					{ "time": 0.8667, "x": 1.395, "y": 1.395 }
				]
			},
			"emoji": {
				"rotate": [
					{ "value": -4.83, "curve": "stepped" },
					{ "time": 0.8667, "value": -4.83 }
				],
				"translate": [
					{ "x": 37.46, "y": -32.72, "curve": "stepped" },
					{ "time": 0.8667, "x": 37.46, "y": -32.72 }
				],
				"scale": [
					{ "x": 1.142, "y": 1.316, "curve": "stepped" },
					{ "time": 0.8667, "x": 1.142, "y": 1.316 }
				]
			},
			"shouder_1": {
				"rotate": [
					{ "value": -166.19, "curve": "stepped" },
					{ "time": 0.8667, "value": -166.19 }
				],
				"translate": [
					{ "x": 0.02, "y": -3.67, "curve": "stepped" },
					{ "time": 0.8667, "x": 0.02, "y": -3.67 }
				],
				"scale": [
					{ "curve": "stepped" },
					{ "time": 0.8667 }
				],
				"shear": [
					{ "curve": "stepped" },
					{ "time": 0.8667 }
				]
			},
			"arm_1": {
				"rotate": [
					{ "value": -58.35, "curve": "stepped" },
					{ "time": 0.8667, "value": -58.35 }
				],
				"translate": [
					{ "x": 2.02, "y": 0.08, "curve": "stepped" },
					{ "time": 0.8667, "x": 2.02, "y": 0.08 }
				],
				"scale": [
					{ "curve": "stepped" },
					{ "time": 0.8667 }
				]
			},
			"shouder_2": {
				"rotate": [
					{ "value": 171.52, "curve": "stepped" },
					{ "time": 0.8667, "value": 171.52 }
				],
				"translate": [
					{ "x": 8.16, "y": 4.2, "curve": "stepped" },
					{ "time": 0.8667, "x": 8.16, "y": 4.2 }
				],
				"scale": [
					{ "curve": "stepped" },
					{ "time": 0.8667 }
				]
			},
			"arm_2": {
				"rotate": [
					{ "value": -45.66, "curve": "stepped" },
					{ "time": 0.8667, "value": -45.66 }
				],
				"translate": [
					{ "x": 6.07, "y": 1.06, "curve": "stepped" },
					{ "time": 0.8667, "x": 6.07, "y": 1.06 }
				],
				"scale": [
					{ "x": 1.239, "curve": "stepped" },
					{ "time": 0.8667, "x": 1.239 }
				]
			},
			"thigh_1": {
				"rotate": [
					{ "value": -44.84, "curve": "stepped" },
					{ "time": 0.8667, "value": -44.84 }
				],
				"translate": [
					{ "curve": "stepped" },
					{ "time": 0.8667 }
				],
				"scale": [
					{ "x": 0.896, "curve": "stepped" },
					{ "time": 0.8667, "x": 0.896 }
				]
			},
			"leg_1": {
				"rotate": [
					{ "value": 45.63, "curve": "stepped" },
					{ "time": 0.8667, "value": 45.63 }
				],
				"translate": [
					{ "curve": "stepped" },
					{ "time": 0.8667 }
				],
				"scale": [
					{ "curve": "stepped" },
					{ "time": 0.8667 }
				]
			},
			"thigh_2": {
				"rotate": [
					{ "value": -37.54, "curve": "stepped" },
					{ "time": 0.8667, "value": -37.54 }
				],
				"translate": [
					{ "curve": "stepped" },
					{ "time": 0.8667 }
				],
				"scale": [
					{ "x": 0.895, "curve": "stepped" },
					{ "time": 0.8667, "x": 0.895 }
				]
			},
			"leg_2": {
				"rotate": [
					{ "value": 38.6, "curve": "stepped" },
					{ "time": 0.8667, "value": 38.6 }
				],
				"translate": [
					{ "curve": "stepped" },
					{ "time": 0.8667 }
				],
				"scale": [
					{ "curve": "stepped" },
					{ "time": 0.8667 }
				]
			},
			"foot_2": {
				"rotate": [
					{ "value": -1.35, "curve": "stepped" },
					{ "time": 0.8667, "value": -1.35 }
				],
				"translate": [
					{ "x": 37.63, "y": 6.74, "curve": "stepped" },
					{ "time": 0.8667, "x": 37.63, "y": 6.74 }
				]
			},
			"foot_3": {
				"rotate": [
					{ "curve": "stepped" },
					{ "time": 0.8667 }
				],
				"translate": [
					{ "x": 93.59, "y": 0.41, "curve": "stepped" },
					{ "time": 0.8667, "x": 93.59, "y": 0.41 }
				]
			},
			"feeling_5": {
				"rotate": [
					{ "value": -11.03, "curve": "stepped" },
					{ "time": 0.8667, "value": -11.03 }
				],
				"translate": [
					{ "x": -122.91, "y": -78.59, "curve": "stepped" },
					{ "time": 0.8667, "x": -122.91, "y": -78.59 }
				],
				"scale": [
					{ "x": 1.016, "y": 0.587, "curve": "stepped" },
					{ "time": 0.1, "x": 1.965, "y": 1.135, "curve": "stepped" },
					{ "time": 0.2, "x": 1.016, "y": 0.587, "curve": "stepped" },
					{ "time": 0.4333, "x": 1.016, "y": 0.587, "curve": "stepped" },
					{ "time": 0.5333, "x": 1.965, "y": 1.135, "curve": "stepped" },
					{ "time": 0.6333, "x": 1.016, "y": 0.587, "curve": "stepped" },
					{ "time": 0.8667, "x": 1.016, "y": 0.587 }
				],
				"shear": [
					{ "curve": "stepped" },
					{ "time": 0.8667 }
				]
			},
			"move": {
				"translate": [
					{ "x": 119.99, "y": 0.08, "curve": "stepped" },
					{ "time": 0.8667, "x": 119.99, "y": 0.08 }
				],
				"scale": [
					{ "curve": "stepped" },
					{ "time": 0.8667 }
				]
			},
			"feeling_1": {
				"rotate": [
					{ "value": 4.18, "curve": "stepped" },
					{ "time": 0.8667, "value": 4.18 }
				],
				"translate": [
					{ "x": -28.38, "y": -101, "curve": "stepped" },
					{ "time": 0.8667, "x": -28.38, "y": -101 }
				],
				"scale": [
					{ "x": 0.965, "y": 0.965, "curve": "stepped" },
					{ "time": 0.8667, "x": 0.965, "y": 0.965 }
				]
			},
			"feeling_2": {
				"rotate": [
					{ "value": -89.14, "curve": "stepped" },
					{ "time": 0.8667, "value": -89.14 }
				],
				"translate": [
					{ "x": -196.86, "y": -35.93, "curve": "stepped" },
					{ "time": 0.8667, "x": -196.86, "y": -35.93 }
				],
				"scale": [
					{ "x": -0.901, "y": 1.386, "curve": "stepped" },
					{ "time": 0.8667, "x": -0.901, "y": 1.386 }
				]
			},
			"hair_1": {
				"rotate": [
					{ "value": -27.42, "curve": "stepped" },
					{ "time": 0.8667, "value": -27.42 }
				],
				"translate": [
					{ "x": 171.38, "y": 605.01, "curve": "stepped" },
					{ "time": 0.8667, "x": 171.38, "y": 605.01 }
				],
				"scale": [
					{ "curve": "stepped" },
					{ "time": 0.8667 }
				]
			}
		},
		"ik": {
			"foot_1": [
				{
					"bendPositive": false,
					"stretch": true,
					"curve": [ 0.217, 1, 0.65, 1, 0.217, 0, 0.65, 0 ]
				},
				{ "time": 0.8667, "bendPositive": false, "stretch": true }
			],
			"foot_2": [
				{
					"bendPositive": false,
					"stretch": true,
					"curve": [ 0.217, 1, 0.65, 1, 0.217, 0, 0.65, 0 ]
				},
				{ "time": 0.8667, "bendPositive": false, "stretch": true }
			]
		},
		"drawOrder": [
			{
				"offsets": [
					{ "slot": "shoulder1", "offset": 4 },
					{ "slot": "shoulder2", "offset": 3 },
					{ "slot": "shoulder4", "offset": 7 },
					{ "slot": "feeling_5", "offset": 3 },
					{ "slot": "feeling_1", "offset": -5 }
				]
			},
			{
				"time": 0.8667,
				"offsets": [
					{ "slot": "shoulder1", "offset": 4 },
					{ "slot": "shoulder2", "offset": 3 },
					{ "slot": "shoulder4", "offset": 7 },
					{ "slot": "feeling_5", "offset": 3 },
					{ "slot": "feeling_1", "offset": -5 }
				]
			}
		]
	},
	"t_365_1_lose2": {
		"slots": {
			"body": {
				"rgba": [
					{ "color": "000000ff", "curve": "stepped" },
					{ "time": 0.7667, "color": "000000ff" }
				]
			},
			"Emoji": {
				"attachment": [
					{ "name": "Emoji/emo_70" },
					{ "time": 0.7667, "name": "Emoji/emo_70" }
				]
			},
			"feeling_1": {
				"attachment": [
					{ "name": "mo_hoi" },
					{ "time": 0.7667, "name": "mo_hoi" }
				]
			},
			"feeling_2": {
				"attachment": [
					{},
					{ "time": 0.7667 }
				]
			},
			"feeling_3": {
				"attachment": [
					{ "name": "cham_than" },
					{ "time": 0.7667, "name": "cham_than" }
				]
			},
			"feeling_5": {
				"attachment": [
					{ "name": "scare" },
					{ "time": 0.7667, "name": "scare" }
				]
			},
			"hair": {
				"attachment": [
					{},
					{ "time": 0.7667 }
				]
			},
			"head": {
				"rgba": [
					{ "color": "ffffffff", "curve": "stepped" },
					{ "time": 0.7667, "color": "ffffffff" }
				],
				"attachment": [
					{ "name": "head" },
					{ "time": 0.7667, "name": "head" }
				]
			},
			"shoulder1": {
				"rgba": [
					{ "color": "000000ff", "curve": "stepped" },
					{ "time": 0.7667, "color": "000000ff" }
				],
				"attachment": [
					{ "name": "shoulder" },
					{ "time": 0.7667, "name": "shoulder" }
				]
			},
			"shoulder2": {
				"rgba": [
					{ "color": "000000ff", "curve": "stepped" },
					{ "time": 0.7667, "color": "000000ff" }
				],
				"attachment": [
					{ "name": "shoulder" },
					{ "time": 0.7667, "name": "shoulder" }
				]
			},
			"shoulder3": {
				"rgba": [
					{ "color": "000000ff", "curve": "stepped" },
					{ "time": 0.7667, "color": "000000ff" }
				],
				"attachment": [
					{ "name": "shoulder" },
					{ "time": 0.7667, "name": "shoulder" }
				]
			},
			"shoulder4": {
				"rgba": [
					{ "color": "000000ff", "curve": "stepped" },
					{ "time": 0.7667, "color": "000000ff" }
				],
				"attachment": [
					{ "name": "shoulder" },
					{ "time": 0.7667, "name": "shoulder" }
				]
			},
			"thigh": {
				"rgba": [
					{ "color": "000000ff", "curve": "stepped" },
					{ "time": 0.7667, "color": "000000ff" }
				],
				"attachment": [
					{},
					{ "time": 0.7667 }
				]
			},
			"thigh2": {
				"rgba": [
					{ "color": "000000ff", "curve": "stepped" },
					{ "time": 0.7667, "color": "000000ff" }
				],
				"attachment": [
					{},
					{ "time": 0.7667 }
				]
			},
			"thigh3": {
				"rgba": [
					{ "color": "000000ff", "curve": "stepped" },
					{ "time": 0.7667, "color": "000000ff" }
				],
				"attachment": [
					{},
					{ "time": 0.7667 }
				]
			},
			"thigh4": {
				"rgba": [
					{ "color": "000000ff", "curve": "stepped" },
					{ "time": 0.7667, "color": "000000ff" }
				],
				"attachment": [
					{},
					{ "time": 0.7667 }
				]
			}
		},
		"bones": {
			"head": {
				"rotate": [
					{ "value": 171.21, "curve": "stepped" },
					{ "time": 0.7667, "value": 171.21 }
				],
				"translate": [
					{ "x": -48.66, "y": 5.66, "curve": "stepped" },
					{ "time": 0.7667, "x": -48.66, "y": 5.66 }
				],
				"scale": [
					{ "x": -1, "curve": "stepped" },
					{ "time": 0.7667, "x": -1 }
				]
			},
			"root": {
				"rotate": [
					{ "curve": "stepped" },
					{ "time": 0.7667 }
				],
				"translate": [
					{ "curve": "stepped" },
					{ "time": 0.7667 }
				]
			},
			"main": {
				"rotate": [
					{ "value": -3.77, "curve": "stepped" },
					{ "time": 0.7667, "value": -3.77 }
				],
				"translate": [
					{ "x": -2.33, "y": -259.23, "curve": "stepped" },
					{ "time": 0.7667, "x": -2.33, "y": -259.23 }
				]
			},
			"hip": {
				"rotate": [
					{ "curve": "stepped" },
					{ "time": 0.7667 }
				],
				"translate": [
					{ "curve": "stepped" },
					{ "time": 0.7667 }
				]
			},
			"body": {
				"rotate": [
					{ "value": 1.25, "curve": "stepped" },
					{ "time": 0.7667, "value": 1.25 }
				]
			},
			"body2": {
				"rotate": [
					{ "value": 1.25, "curve": "stepped" },
					{ "time": 0.7667, "value": 1.25 }
				]
			},
			"body3": {
				"rotate": [
					{ "value": 1.25, "curve": "stepped" },
					{ "time": 0.7667, "value": 1.25 }
				]
			},
			"body4": {
				"rotate": [
					{ "value": 0.34, "curve": "stepped" },
					{ "time": 0.7667, "value": 0.34 }
				],
				"translate": [
					{ "x": -16.1, "y": 0.96, "curve": "stepped" },
					{ "time": 0.7667, "x": -16.1, "y": 0.96 }
				]
			},
			"body5": {
				"rotate": [
					{ "value": -1.73, "curve": "stepped" },
					{ "time": 0.7667, "value": -1.73 }
				]
			},
			"body6": {
				"rotate": [
					{ "value": 1.83, "curve": "stepped" },
					{ "time": 0.7667, "value": 1.83 }
				],
				"translate": [
					{ "x": -16.73, "y": 0.57, "curve": "stepped" },
					{ "time": 0.7667, "x": -16.73, "y": 0.57 }
				]
			},
			"body7": {
				"rotate": [
					{ "value": 1.25, "curve": "stepped" },
					{ "time": 0.7667, "value": 1.25 }
				]
			},
			"body8": {
				"rotate": [
					{ "value": 1.25, "curve": "stepped" },
					{ "time": 0.7667, "value": 1.25 }
				]
			},
			"feeling_3": {
				"rotate": [
					{ "value": -14.02, "curve": "stepped" },
					{ "time": 0.7667, "value": -14.02 }
				],
				"translate": [
					{ "x": 119.35, "y": -135.31, "curve": "stepped" },
					{ "time": 0.7667, "x": 119.35, "y": -135.31 }
				],
				"scale": [
					{ "x": 1.528, "y": 1.528, "curve": "stepped" },
					{ "time": 0.7667, "x": 1.528, "y": 1.528 }
				]
			},
			"emoji": {
				"rotate": [
					{ "value": -3.53, "curve": "stepped" },
					{ "time": 0.7667, "value": -3.53 }
				],
				"translate": [
					{ "x": 4.61, "y": -3.94, "curve": "stepped" },
					{ "time": 0.7667, "x": 4.61, "y": -3.94 }
				],
				"scale": [
					{ "x": 1.085, "y": 1.085, "curve": "stepped" },
					{ "time": 0.7667, "x": 1.085, "y": 1.085 }
				]
			},
			"shouder_1": {
				"rotate": [
					{ "value": -26.89, "curve": "stepped" },
					{ "time": 0.7667, "value": -26.89 }
				],
				"translate": [
					{ "x": 0.02, "y": -3.67, "curve": "stepped" },
					{ "time": 0.7667, "x": 0.02, "y": -3.67 }
				],
				"scale": [
					{ "curve": "stepped" },
					{ "time": 0.7667 }
				],
				"shear": [
					{ "curve": "stepped" },
					{ "time": 0.7667 }
				]
			},
			"arm_1": {
				"rotate": [
					{ "value": -33.67, "curve": "stepped" },
					{ "time": 0.7667, "value": -33.67 }
				],
				"translate": [
					{ "x": 2.02, "y": 0.08, "curve": "stepped" },
					{ "time": 0.7667, "x": 2.02, "y": 0.08 }
				],
				"scale": [
					{ "curve": "stepped" },
					{ "time": 0.7667 }
				]
			},
			"shouder_2": {
				"rotate": [
					{ "value": 27.01, "curve": "stepped" },
					{ "time": 0.7667, "value": 27.01 }
				],
				"translate": [
					{ "x": 8.16, "y": 4.2, "curve": "stepped" },
					{ "time": 0.7667, "x": 8.16, "y": 4.2 }
				],
				"scale": [
					{ "curve": "stepped" },
					{ "time": 0.7667 }
				]
			},
			"arm_2": {
				"rotate": [
					{ "value": 34.42, "curve": "stepped" },
					{ "time": 0.7667, "value": 34.42 }
				],
				"translate": [
					{ "curve": "stepped" },
					{ "time": 0.7667 }
				],
				"scale": [
					{ "curve": "stepped" },
					{ "time": 0.7667 }
				]
			},
			"thigh_1": {
				"rotate": [
					{ "value": -44.84, "curve": "stepped" },
					{ "time": 0.7667, "value": -44.84 }
				],
				"translate": [
					{ "curve": "stepped" },
					{ "time": 0.7667 }
				],
				"scale": [
					{ "x": 0.896, "curve": "stepped" },
					{ "time": 0.7667, "x": 0.896 }
				]
			},
			"leg_1": {
				"rotate": [
					{ "value": 45.63, "curve": "stepped" },
					{ "time": 0.7667, "value": 45.63 }
				],
				"translate": [
					{ "curve": "stepped" },
					{ "time": 0.7667 }
				],
				"scale": [
					{ "curve": "stepped" },
					{ "time": 0.7667 }
				]
			},
			"thigh_2": {
				"rotate": [
					{ "value": -37.54, "curve": "stepped" },
					{ "time": 0.7667, "value": -37.54 }
				],
				"translate": [
					{ "curve": "stepped" },
					{ "time": 0.7667 }
				],
				"scale": [
					{ "x": 0.895, "curve": "stepped" },
					{ "time": 0.7667, "x": 0.895 }
				]
			},
			"leg_2": {
				"rotate": [
					{ "value": 38.6, "curve": "stepped" },
					{ "time": 0.7667, "value": 38.6 }
				],
				"translate": [
					{ "curve": "stepped" },
					{ "time": 0.7667 }
				],
				"scale": [
					{ "curve": "stepped" },
					{ "time": 0.7667 }
				]
			},
			"foot_2": {
				"rotate": [
					{ "value": -1.35, "curve": "stepped" },
					{ "time": 0.7667, "value": -1.35 }
				],
				"translate": [
					{ "x": 37.63, "y": 6.74, "curve": "stepped" },
					{ "time": 0.7667, "x": 37.63, "y": 6.74 }
				]
			},
			"foot_3": {
				"rotate": [
					{ "curve": "stepped" },
					{ "time": 0.7667 }
				],
				"translate": [
					{ "x": 93.59, "y": 0.41, "curve": "stepped" },
					{ "time": 0.7667, "x": 93.59, "y": 0.41 }
				]
			},
			"feeling_5": {
				"rotate": [
					{ "curve": "stepped" },
					{ "time": 0.7667 }
				],
				"translate": [
					{ "x": 54.5, "y": -39.85, "curve": "stepped" },
					{ "time": 0.7667, "x": 54.5, "y": -39.85 }
				],
				"scale": [
					{ "x": 0.771, "y": 0.771, "curve": "stepped" },
					{ "time": 0.1, "x": 1.536, "y": 1.536, "curve": "stepped" },
					{ "time": 0.2, "x": 0.771, "y": 0.771, "curve": "stepped" },
					{ "time": 0.4, "x": 0.771, "y": 0.771, "curve": "stepped" },
					{ "time": 0.5, "x": 1.536, "y": 1.536, "curve": "stepped" },
					{ "time": 0.6, "x": 0.771, "y": 0.771, "curve": "stepped" },
					{ "time": 0.7667, "x": 0.771, "y": 0.771 }
				]
			},
			"move": {
				"translate": [
					{ "x": 119.99, "y": 0.08, "curve": "stepped" },
					{ "time": 0.7667, "x": 119.99, "y": 0.08 }
				],
				"scale": [
					{ "curve": "stepped" },
					{ "time": 0.7667 }
				]
			},
			"feeling_1": {
				"rotate": [
					{ "value": 53.57, "curve": "stepped" },
					{ "time": 0.7667, "value": 53.57 }
				],
				"translate": [
					{ "x": -30.36, "y": -180, "curve": "stepped" },
					{ "time": 0.7667, "x": -30.36, "y": -180 }
				],
				"scale": [
					{ "x": 0.664, "y": 0.664, "curve": "stepped" },
					{ "time": 0.7667, "x": 0.664, "y": 0.664 }
				]
			},
			"feeling_2": {
				"rotate": [
					{ "value": 14.98, "curve": "stepped" },
					{ "time": 0.7667, "value": 14.98 }
				],
				"translate": [
					{ "x": -87.36, "y": -190.26, "curve": "stepped" },
					{ "time": 0.7667, "x": -87.36, "y": -190.26 }
				],
				"scale": [
					{ "curve": "stepped" },
					{ "time": 0.7667 }
				]
			},
			"hair_1": {
				"rotate": [
					{ "value": -27.42, "curve": "stepped" },
					{ "time": 0.7667, "value": -27.42 }
				],
				"translate": [
					{ "x": 171.38, "y": 605.01, "curve": "stepped" },
					{ "time": 0.7667, "x": 171.38, "y": 605.01 }
				],
				"scale": [
					{ "curve": "stepped" },
					{ "time": 0.7667 }
				]
			}
		},
		"ik": {
			"foot_1": [
				{
					"bendPositive": false,
					"stretch": true,
					"curve": [ 0.192, 1, 0.575, 1, 0.192, 0, 0.575, 0 ]
				},
				{ "time": 0.7667, "bendPositive": false, "stretch": true }
			],
			"foot_2": [
				{
					"bendPositive": false,
					"stretch": true,
					"curve": [ 0.192, 1, 0.575, 1, 0.192, 0, 0.575, 0 ]
				},
				{ "time": 0.7667, "bendPositive": false, "stretch": true }
			]
		},
		"drawOrder": [
			{
				"offsets": [
					{ "slot": "shoulder4", "offset": -3 },
					{ "slot": "feeling_3", "offset": 2 }
				]
			},
			{
				"time": 0.7667,
				"offsets": [
					{ "slot": "shoulder4", "offset": -3 },
					{ "slot": "feeling_3", "offset": 2 }
				]
			}
		]
	},
	"t_365_1_win": {
		"slots": {
			"body": {
				"rgba": [
					{ "color": "000000ff" }
				]
			},
			"Emoji": {
				"attachment": [
					{ "name": "Emoji/emo_90" }
				]
			},
			"feeling_1": {
				"attachment": [
					{}
				]
			},
			"feeling_2": {
				"attachment": [
					{}
				]
			},
			"feeling_3": {
				"rgba": [
					{ "color": "ffffffff" }
				]
			},
			"feeling_5": {
				"attachment": [
					{}
				]
			},
			"hair": {
				"attachment": [
					{}
				]
			},
			"item": {
				"attachment": [
					{}
				]
			},
			"shoulder1": {
				"rgba": [
					{ "color": "000000ff" }
				],
				"attachment": [
					{ "name": "shoulder" }
				]
			},
			"shoulder2": {
				"rgba": [
					{ "color": "000000ff" }
				],
				"attachment": [
					{ "name": "shoulder" }
				]
			},
			"shoulder3": {
				"rgba": [
					{ "color": "000000ff" }
				],
				"attachment": [
					{ "name": "shoulder" }
				]
			},
			"shoulder4": {
				"rgba": [
					{ "color": "000000ff" }
				],
				"attachment": [
					{ "name": "shoulder" }
				]
			},
			"thigh": {
				"rgba": [
					{ "color": "000000ff" }
				]
			},
			"thigh2": {
				"rgba": [
					{ "color": "000000ff" }
				]
			},
			"thigh3": {
				"rgba": [
					{ "color": "000000ff" }
				]
			},
			"thigh4": {
				"rgba": [
					{ "color": "000000ff" }
				]
			}
		},
		"bones": {
			"body": {
				"rotate": [
					{ "value": 16.18 }
				]
			},
			"body2": {
				"rotate": [
					{ "value": -2.64 }
				]
			},
			"body3": {
				"rotate": [
					{ "value": -0.28 }
				]
			},
			"body4": {
				"rotate": [
					{ "value": -0.34 }
				]
			},
			"body5": {
				"rotate": [
					{ "value": -2.61 }
				]
			},
			"body6": {
				"rotate": [
					{ "value": -2.2 }
				]
			},
			"body7": {
				"rotate": [
					{ "value": -0.63 }
				]
			},
			"body8": {
				"rotate": [
					{ "value": -5.23 }
				],
				"translate": [
					{ "x": 10.92, "y": -0.52 }
				]
			},
			"thigh_1": {
				"rotate": [
					{ "value": 26.16 }
				]
			},
			"leg_1": {
				"rotate": [
					{ "value": 72.18 }
				],
				"scale": [
					{ "x": 1.074 }
				]
			},
			"main": {
				"rotate": [
					{ "value": 13.22 }
				],
				"translate": [
					{ "x": 65.77, "y": -46.86 }
				]
			},
			"head": {
				"rotate": [
					{ "value": -9.78 }
				],
				"translate": [
					{ "x": -24.16, "y": 2.07 }
				],
				"scale": [
					{}
				]
			},
			"shouder_1": {
				"rotate": [
					{ "value": -41.43 }
				],
				"translate": [
					{ "x": 15.9, "y": -4.15 }
				],
				"scale": [
					{}
				]
			},
			"arm_1": {
				"rotate": [
					{ "value": -20.21 }
				]
			},
			"shouder_2": {
				"rotate": [
					{ "value": 14.18 }
				],
				"translate": [
					{ "x": 23.31, "y": 2.49 }
				],
				"scale": [
					{}
				]
			},
			"arm_2": {
				"rotate": [
					{ "value": -46.85 }
				],
				"scale": [
					{}
				]
			},
			"thigh_2": {
				"rotate": [
					{ "value": -82.1 }
				],
				"scale": [
					{}
				]
			},
			"leg_2": {
				"rotate": [
					{ "value": 49.36 }
				],
				"scale": [
					{}
				]
			},
			"emoji": {
				"rotate": [
					{ "value": -9.95 }
				],
				"translate": [
					{ "x": -10.13, "y": -15.6 }
				],
				"scale": [
					{ "x": 1.073, "y": 1.073 }
				]
			},
			"feeling_3": {
				"rotate": [
					{ "value": 87.35 }
				],
				"translate": [
					{ "x": 79.64, "y": 29.56 }
				],
				"scale": [
					{ "x": 0.932, "y": 0.932 }
				]
			},
			"feeling_5": {
				"rotate": [
					{ "value": -84.16 }
				],
				"translate": [
					{ "x": -22.98, "y": -27.73 }
				],
				"scale": [
					{ "x": 0.435, "y": 0.435 }
				]
			},
			"move": {
				"translate": [
					{ "x": 119.99 }
				],
				"scale": [
					{ "x": -1 }
				]
			},
			"feeling_1": {
				"rotate": [
					{ "value": 4.32 }
				],
				"translate": [
					{ "x": -62.58, "y": -89.73 }
				],
				"scale": [
					{}
				]
			},
			"feeling_2": {
				"rotate": [
					{ "value": -11.56 }
				],
				"translate": [
					{ "x": 28.4, "y": -42.45 }
				],
				"scale": [
					{ "x": 1.236, "y": 1.236 }
				]
			},
			"foot_2": {
				"rotate": [
					{ "value": -13.59 }
				],
				"translate": [
					{ "x": -122.25, "y": 39.32 }
				]
			},
			"foot_3": {
				"rotate": [
					{ "value": 4.81 }
				],
				"translate": [
					{ "x": 247.64, "y": 168 }
				]
			},
			"hair_1": {
				"rotate": [
					{ "value": 22.86 }
				],
				"translate": [
					{ "x": 38.8, "y": 525.87 }
				],
				"scale": [
					{ "x": 1.497, "y": 1.497 }
				]
			}
		},
		"ik": {
			"foot_1": [
				{ "stretch": true }
			],
			"foot_2": [
				{ "stretch": true }
			]
		}
	}
}
}