{"frames": [

{
	"filename": "bg",
	"frame": {"x":1,"y":1,"w":1080,"h":1204},
	"rotated": false,
	"trimmed": false,
	"spriteSourceSize": {"x":0,"y":0,"w":1080,"h":1204},
	"sourceSize": {"w":1080,"h":1204}
},
{
	"filename": "bg_lan_can",
	"frame": {"x":1082,"y":207,"w":511,"h":191},
	"rotated": false,
	"trimmed": true,
	"spriteSourceSize": {"x":7,"y":7,"w":511,"h":191},
	"sourceSize": {"w":525,"h":205}
},
{
	"filename": "bg_lan_can_hot",
	"frame": {"x":1082,"y":1,"w":525,"h":205},
	"rotated": false,
	"trimmed": false,
	"spriteSourceSize": {"x":0,"y":0,"w":525,"h":205},
	"sourceSize": {"w":525,"h":205}
},
{
	"filename": "diem_neo_cot_lan_can",
	"frame": {"x":1082,"y":1020,"w":57,"h":60},
	"rotated": false,
	"trimmed": true,
	"spriteSourceSize": {"x":7,"y":7,"w":57,"h":60},
	"sourceSize": {"w":71,"h":74}
},
{
	"filename": "diem_neo_cot_lan_can_hot",
	"frame": {"x":1082,"y":945,"w":71,"h":74},
	"rotated": false,
	"trimmed": false,
	"spriteSourceSize": {"x":0,"y":0,"w":71,"h":74},
	"sourceSize": {"w":71,"h":74}
},
{
	"filename": "item_do_choi",
	"frame": {"x":1082,"y":1137,"w":107,"h":54},
	"rotated": false,
	"trimmed": false,
	"spriteSourceSize": {"x":0,"y":0,"w":107,"h":54},
	"sourceSize": {"w":107,"h":54}
},
{
	"filename": "trap_bong",
	"frame": {"x":1082,"y":1081,"w":55,"h":55},
	"rotated": false,
	"trimmed": false,
	"spriteSourceSize": {"x":0,"y":0,"w":55,"h":55},
	"sourceSize": {"w":55,"h":55}
},
{
	"filename": "trap_may_ban_bong",
	"frame": {"x":1082,"y":399,"w":210,"h":545},
	"rotated": false,
	"trimmed": false,
	"spriteSourceSize": {"x":0,"y":0,"w":210,"h":545},
	"sourceSize": {"w":210,"h":545}
}],
"meta": {
	"app": "https://www.codeandweb.com/texturepacker",
	"version": "1.0",
	"image": "props.png",
	"format": "RGBA8888",
	"size": {"w":1608,"h":1206},
	"scale": "1",
	"smartupdate": "$TexturePacker:SmartUpdate:b3b635a8cc1ebb6bea7749d8aaa38b70:ce6130469e2570e950134fb5842711f5:f4c39b94f5b79b4c461da96ae5609d50$"
}
}
