{"frames": [

{
	"filename": "bg_canh_ga",
	"frame": {"x":1,"y":1,"w":315,"h":513},
	"rotated": false,
	"trimmed": false,
	"spriteSourceSize": {"x":0,"y":0,"w":315,"h":513},
	"sourceSize": {"w":315,"h":513}
},
{
	"filename": "bg_san_khau",
	"frame": {"x":369,"y":483,"w":1080,"h":160},
	"rotated": false,
	"trimmed": false,
	"spriteSourceSize": {"x":0,"y":0,"w":1080,"h":160},
	"sourceSize": {"w":1080,"h":160}
},
{
	"filename": "bg_san_khau2",
	"frame": {"x":1208,"y":1,"w":250,"h":250},
	"rotated": false,
	"trimmed": false,
	"spriteSourceSize": {"x":0,"y":0,"w":250,"h":250},
	"sourceSize": {"w":250,"h":250}
},
{
	"filename": "item_vuong_mien",
	"frame": {"x":1,"y":515,"w":157,"h":110},
	"rotated": false,
	"trimmed": false,
	"spriteSourceSize": {"x":0,"y":0,"w":157,"h":110},
	"sourceSize": {"w":157,"h":110}
},
{
	"filename": "trap_khoi",
	"frame": {"x":317,"y":1,"w":890,"h":481},
	"rotated": false,
	"trimmed": false,
	"spriteSourceSize": {"x":0,"y":0,"w":890,"h":481},
	"sourceSize": {"w":890,"h":481}
},
{
	"filename": "trap_may_tao_khoi",
	"frame": {"x":159,"y":515,"w":209,"h":81},
	"rotated": false,
	"trimmed": false,
	"spriteSourceSize": {"x":0,"y":0,"w":209,"h":81},
	"sourceSize": {"w":209,"h":81}
}],
"meta": {
	"app": "https://www.codeandweb.com/texturepacker",
	"version": "1.0",
	"image": "props.png",
	"format": "RGBA8888",
	"size": {"w":1459,"h":644},
	"scale": "1",
	"smartupdate": "$TexturePacker:SmartUpdate:8e0bcc5bf3c023c0b3a6d8ab415394e0:654cd23cfbde04f979820f77894026e8:f4c39b94f5b79b4c461da96ae5609d50$"
}
}
