{"frames": [

{
	"filename": "bg",
	"frame": {"x":1,"y":1,"w":55,"h":1192},
	"rotated": false,
	"trimmed": false,
	"spriteSourceSize": {"x":0,"y":0,"w":55,"h":1192},
	"sourceSize": {"w":55,"h":1192}
},
{
	"filename": "bg_ghe_sofa",
	"frame": {"x":216,"y":1,"w":622,"h":276},
	"rotated": false,
	"trimmed": false,
	"spriteSourceSize": {"x":0,"y":0,"w":622,"h":276},
	"sourceSize": {"w":622,"h":276}
},
{
	"filename": "cong_tac_bat",
	"frame": {"x":57,"y":1151,"w":41,"h":41},
	"rotated": false,
	"trimmed": false,
	"spriteSourceSize": {"x":0,"y":0,"w":41,"h":41},
	"sourceSize": {"w":41,"h":41}
},
{
	"filename": "cong_tac_dong",
	"frame": {"x":99,"y":1151,"w":41,"h":41},
	"rotated": false,
	"trimmed": false,
	"spriteSourceSize": {"x":0,"y":0,"w":41,"h":41},
	"sourceSize": {"w":41,"h":41}
},
{
	"filename": "den",
	"frame": {"x":344,"y":278,"w":134,"h":524},
	"rotated": false,
	"trimmed": true,
	"spriteSourceSize": {"x":7,"y":7,"w":134,"h":524},
	"sourceSize": {"w":148,"h":538}
},
{
	"filename": "den_hot",
	"frame": {"x":651,"y":483,"w":148,"h":538},
	"rotated": false,
	"trimmed": false,
	"spriteSourceSize": {"x":0,"y":0,"w":148,"h":538},
	"sourceSize": {"w":148,"h":538}
},
{
	"filename": "diem_neo_den_dung",
	"frame": {"x":216,"y":483,"w":127,"h":518},
	"rotated": false,
	"trimmed": false,
	"spriteSourceSize": {"x":0,"y":0,"w":127,"h":518},
	"sourceSize": {"w":127,"h":518}
},
{
	"filename": "khung",
	"frame": {"x":209,"y":1007,"w":441,"h":99},
	"rotated": false,
	"trimmed": false,
	"spriteSourceSize": {"x":0,"y":0,"w":441,"h":99},
	"sourceSize": {"w":441,"h":99}
},
{
	"filename": "o_dien_ro_dien",
	"frame": {"x":57,"y":1007,"w":151,"h":143},
	"rotated": false,
	"trimmed": false,
	"spriteSourceSize": {"x":0,"y":0,"w":151,"h":143},
	"sourceSize": {"w":151,"h":143}
},
{
	"filename": "trap_luong_bang",
	"frame": {"x":57,"y":1,"w":158,"h":1005},
	"rotated": false,
	"trimmed": false,
	"spriteSourceSize": {"x":0,"y":0,"w":158,"h":1005},
	"sourceSize": {"w":158,"h":1005}
},
{
	"filename": "trap_may_dong_bang",
	"frame": {"x":651,"y":278,"w":179,"h":204},
	"rotated": false,
	"trimmed": false,
	"spriteSourceSize": {"x":0,"y":0,"w":179,"h":204},
	"sourceSize": {"w":179,"h":204}
}],
"meta": {
	"app": "https://www.codeandweb.com/texturepacker",
	"version": "1.0",
	"image": "props.png",
	"format": "RGBA8888",
	"size": {"w":839,"h":1194},
	"scale": "1",
	"smartupdate": "$TexturePacker:SmartUpdate:5894ba1af73a70dc646a6b307f3b1131:80e072ed9cd66c8fdff3abe67fabf65e:f4c39b94f5b79b4c461da96ae5609d50$"
}
}
