{
"skeleton": { "hash": "dF0i/zMIkpM", "spine": "4.1.24", "x": -565.77, "y": -386.28, "width": 1105, "height": 1202 },
"bones": [
	{ "name": "root" },
	{ "name": "move", "parent": "root" },
	{ "name": "main", "parent": "move", "y": 256.6 },
	{ "name": "hip", "parent": "main" },
	{ "name": "body", "parent": "hip", "length": 26.97, "rotation": 90 },
	{ "name": "body2", "parent": "body", "length": 26.97, "x": 26.97 },
	{ "name": "body3", "parent": "body2", "length": 26.97, "x": 26.97 },
	{ "name": "body4", "parent": "body3", "length": 26.97, "x": 26.97 },
	{ "name": "body5", "parent": "body4", "length": 26.97, "x": 26.97 },
	{ "name": "body6", "parent": "body5", "length": 26.97, "x": 26.97 },
	{ "name": "body7", "parent": "body6", "length": 26.97, "x": 26.97 },
	{ "name": "body8", "parent": "body7", "length": 26.97, "x": 26.97 },
	{ "name": "head", "parent": "body8", "length": 135.67, "x": 14.75 },
	{ "name": "eye_1", "parent": "head", "x": 87.53, "y": 30.96 },
	{ "name": "emoji", "parent": "head", "rotation": -90, "x": 50.24 },
	{ "name": "shouder_1", "parent": "body7", "length": 100.06, "rotation": -90, "x": 15.39, "y": 0.02 },
	{ "name": "arm_1", "parent": "shouder_1", "length": 100.06, "x": 94.79 },
	{ "name": "shouder_2", "parent": "body7", "length": 100.06, "rotation": 90, "x": 15.39, "y": 0.02 },
	{ "name": "arm_2", "parent": "shouder_2", "length": 100.06, "x": 94.79 },
	{ "name": "thigh_1", "parent": "main", "length": 134.15, "rotation": -90, "x": -0.54, "y": 4.23 },
	{ "name": "leg_1", "parent": "thigh_1", "length": 134.15, "x": 128.14 },
	{ "name": "thigh_2", "parent": "main", "length": 134.15, "rotation": -90, "x": -0.1, "y": 4.23 },
	{ "name": "leg_2", "parent": "thigh_2", "length": 134.15, "x": 128.14 },
	{ "name": "foot_2", "parent": "move", "x": 0.16, "y": -1.16 },
	{ "name": "foot_3", "parent": "move", "x": 0.1, "y": -1.12 },
	{ "name": "eye_2", "parent": "head", "x": 87.53, "y": -25.11 },
	{ "name": "toc", "parent": "head", "length": 61.74, "rotation": 180, "x": 68.49, "y": -7.87 },
	{ "name": "feelling_1", "parent": "root" },
	{ "name": "tist_1", "parent": "body6", "x": 39.52, "y": 12.99 },
	{ "name": "tist_2", "parent": "body6", "x": 39.52, "y": -12.02 },
	{ "name": "feelling_2", "parent": "root" },
	{ "name": "feelling_3", "parent": "root", "x": 0.94, "y": 0.94 }
],
"slots": [
	{ "name": "bg_gane_play", "bone": "root", "color": "ffffff2e" },
	{ "name": "toc", "bone": "toc", "attachment": "Emoji/Toc sau" },
	{ "name": "body", "bone": "hip", "color": "000000ff", "attachment": "body" },
	{ "name": "shoulder", "bone": "shouder_1", "color": "000000ff", "attachment": "shoulder" },
	{ "name": "shoulder3", "bone": "shouder_2", "color": "000000ff", "attachment": "shoulder" },
	{ "name": "shoulder2", "bone": "arm_1", "color": "000000ff", "attachment": "shoulder" },
	{ "name": "shoulder4", "bone": "arm_2", "color": "000000ff", "attachment": "shoulder" },
	{ "name": "thigh", "bone": "thigh_1", "color": "000000ff", "attachment": "thigh" },
	{ "name": "thigh3", "bone": "thigh_2", "color": "000000ff", "attachment": "thigh" },
	{ "name": "thigh2", "bone": "leg_1", "color": "000000ff", "attachment": "thigh" },
	{ "name": "thigh4", "bone": "leg_2", "color": "000000ff", "attachment": "thigh" },
	{ "name": "eye_1", "bone": "eye_1", "color": "000000ff" },
	{ "name": "vay_1", "bone": "hip", "color": "000000ff", "attachment": "vay_1" },
	{ "name": "nguc", "bone": "tist_1", "color": "000000ff", "attachment": "nguc" },
	{ "name": "nguc2", "bone": "tist_2", "color": "000000ff", "attachment": "nguc" },
	{ "name": "head", "bone": "head", "attachment": "Emoji/Dau chinh dien" },
	{ "name": "emoji", "bone": "emoji" },
	{ "name": "feelling_1", "bone": "feelling_1" },
	{ "name": "feelling_2", "bone": "feelling_2" },
	{ "name": "feelling_3", "bone": "feelling_3" }
],
"ik": [
	{
		"name": "foot_1",
		"bones": [ "thigh_1", "leg_1" ],
		"target": "foot_2",
		"mix": 0,
		"stretch": true
	},
	{
		"name": "foot_2",
		"order": 1,
		"bones": [ "thigh_2", "leg_2" ],
		"target": "foot_3",
		"mix": 0,
		"stretch": true
	}
],
"skins": [
	{
		"name": "default",
		"attachments": {
			"body": {
				"body": {
					"type": "mesh",
					"uvs": [ 1, 1, 0, 1, 0, 0.875, 0, 0.75, 0, 0.625, 0, 0.5, 0, 0.375, 0, 0.25, 0, 0.125, 0, 0, 1, 0, 1, 0.125, 1, 0.25, 1, 0.375, 1, 0.5, 1, 0.625, 1, 0.75, 1, 0.875 ],
					"triangles": [ 7, 8, 11, 11, 8, 10, 8, 9, 10, 12, 7, 11, 13, 6, 12, 6, 7, 12, 14, 5, 13, 5, 6, 13, 15, 4, 14, 4, 5, 14, 16, 3, 15, 3, 4, 15, 2, 3, 16, 0, 1, 17, 1, 2, 17, 17, 2, 16 ],
					"vertices": [ 1, 4, -1.7, -5.5, 1, 1, 4, -1.7, 5.5, 1, 2, 4, 25.68, 5.5, 0.70301, 5, -1.29, 5.5, 0.29699, 2, 5, 26.08, 5.5, 0.65569, 6, -0.88, 5.5, 0.34431, 2, 6, 26.49, 5.5, 0.55905, 7, -0.48, 5.5, 0.44095, 2, 7, 26.9, 5.5, 0.51367, 8, -0.07, 5.5, 0.48633, 2, 8, 27.3, 5.5, 0.41705, 9, 0.33, 5.5, 0.58295, 2, 9, 27.71, 5.5, 0.38565, 10, 0.74, 5.5, 0.61435, 2, 10, 28.11, 5.5, 0.36868, 11, 1.14, 5.5, 0.63132, 1, 11, 28.52, 5.5, 1, 1, 11, 28.52, -5.5, 1, 2, 10, 28.11, -5.5, 0.3064, 11, 1.14, -5.5, 0.6936, 2, 9, 27.71, -5.5, 0.40945, 10, 0.74, -5.5, 0.59055, 2, 8, 27.3, -5.5, 0.44404, 9, 0.33, -5.5, 0.55596, 2, 7, 26.9, -5.5, 0.52991, 8, -0.07, -5.5, 0.47009, 2, 6, 26.49, -5.5, 0.58474, 7, -0.48, -5.5, 0.41526, 2, 5, 26.08, -5.5, 0.62061, 6, -0.88, -5.5, 0.37939, 2, 4, 25.68, -5.5, 0.65664, 5, -1.29, -5.5, 0.34336 ],
					"hull": 18
				}
			},
			"emoji": {
				"Emoji/Emo_bo_4": { "y": -6.57, "width": 104, "height": 48 },
				"Emoji/emo_vo_8d": { "x": 0.5, "width": 87, "height": 62 },
				"Emoji/emo_vo_35": { "width": 96, "height": 80 }
			},
			"eye_1": {
				"scare": { "width": 80, "height": 83 }
			},
			"feelling_1": {
				"mo_hoi": { "x": 0.5, "y": 0.5, "width": 19, "height": 41 }
			},
			"feelling_2": {
				"cham_than": { "width": 17, "height": 57 }
			},
			"feelling_3": {
				"giat_minh": { "width": 70, "height": 66 },
				"mo_hoi": { "x": 0.5, "y": 0.5, "width": 19, "height": 41 }
			},
			"head": {
				"Emoji/Dau chinh dien": { "x": 68.22, "rotation": -90, "width": 139, "height": 140 }
			},
			"nguc": {
				"nguc": { "width": 35, "height": 35 }
			},
			"nguc2": {
				"nguc": { "width": 35, "height": 35 }
			},
			"shoulder": {
				"shoulder": { "x": 49.22, "rotation": -90, "width": 15, "height": 105 }
			},
			"shoulder2": {
				"shoulder": { "x": 49.22, "rotation": -90, "width": 15, "height": 105 }
			},
			"shoulder3": {
				"shoulder": { "x": 49.22, "rotation": -90, "width": 15, "height": 105 }
			},
			"shoulder4": {
				"shoulder": { "x": 50.57, "rotation": -90, "width": 15, "height": 105 }
			},
			"thigh": {
				"thigh": { "x": 66.01, "rotation": -90, "width": 14, "height": 137 }
			},
			"thigh2": {
				"thigh": { "x": 66.01, "rotation": -90, "width": 14, "height": 137 }
			},
			"thigh3": {
				"thigh": { "x": 66.01, "rotation": -90, "width": 14, "height": 137 }
			},
			"thigh4": {
				"thigh": { "x": 66.01, "rotation": -90, "width": 14, "height": 137 }
			},
			"toc": {
				"Emoji/Toc sau": { "x": 127.23, "y": -13.01, "rotation": 90, "width": 162, "height": 267 },
				"Emoji/Toc sau 1-2": { "x": 125.16, "y": -9.21, "rotation": 90, "width": 121, "height": 264 }
			},
			"vay_1": {
				"vay_1": {
					"type": "mesh",
					"uvs": [ 1, 1, 0.85714, 1, 0.71429, 1, 0.57143, 1, 0.42857, 1, 0.28571, 1, 0.14286, 1, 0, 1, 0, 0.92308, 0, 0.84615, 0, 0.76923, 0, 0.69231, 0, 0.61538, 0, 0.53846, 0, 0.46154, 0, 0.38462, 0, 0.30769, 0, 0.23077, 0, 0.15385, 0, 0.07692, 0, 0, 1, 0, 1, 0.07692, 1, 0.15385, 1, 0.23077, 1, 0.30769, 1, 0.38462, 1, 0.46154, 1, 0.53846, 1, 0.61538, 1, 0.69231, 1, 0.76923, 1, 0.84615, 1, 0.92308 ],
					"triangles": [ 20, 21, 22, 18, 23, 24, 18, 19, 23, 19, 22, 23, 19, 20, 22, 16, 25, 26, 16, 17, 25, 17, 24, 25, 17, 18, 24, 14, 15, 27, 15, 26, 27, 15, 16, 26, 12, 28, 29, 12, 13, 28, 28, 14, 27, 28, 13, 14, 10, 11, 30, 11, 29, 30, 11, 12, 29, 1, 33, 0, 33, 1, 32, 32, 1, 2, 32, 2, 3, 32, 3, 4, 32, 4, 5, 5, 31, 32, 6, 7, 8, 6, 31, 5, 6, 8, 9, 31, 6, 10, 6, 9, 10, 10, 30, 31 ],
					"vertices": [ 1, 4, -21.08, -62.79, 1, 2, 4, -21.08, -45.17, 0.99735, 5, -48.05, -45.17, 0.00265, 2, 4, -21.08, -27.56, 0.9993, 5, -48.05, -27.56, 7.0E-4, 1, 4, -21.08, -9.95, 1, 1, 4, -21.08, 7.67, 1, 1, 4, -21.08, 25.28, 1, 2, 4, -21.08, 42.9, 0.99887, 5, -48.05, 42.9, 0.00113, 1, 4, -21.08, 61.19, 1, 2, 4, -6.05, 53.76, 0.98523, 5, -33.02, 53.76, 0.01477, 3, 4, 8.97, 46.88, 0.9046, 5, -18, 46.88, 0.09495, 6, -44.97, 46.88, 4.5E-4, 3, 4, 24, 40.4, 0.68693, 5, -2.97, 40.4, 0.29199, 6, -29.94, 40.4, 0.02108, 3, 4, 39.02, 34.19, 0.32201, 5, 12.05, 34.19, 0.54104, 6, -14.92, 34.19, 0.13695, 4, 4, 54.04, 28.38, 0.06001, 5, 27.07, 28.38, 0.4602, 6, 0.1, 28.38, 0.47958, 7, -26.86, 28.38, 2.0E-4, 4, 4, 69.07, 23.12, 9.4E-4, 5, 42.1, 23.12, 0.109, 6, 15.13, 23.12, 0.81682, 7, -11.84, 23.12, 0.07324, 3, 5, 57.12, 18.66, 0.00107, 6, 30.15, 18.66, 0.46911, 7, 3.18, 18.66, 0.52982, 3, 6, 45.18, 14.75, 0.0306, 7, 18.21, 14.75, 0.88199, 8, -8.76, 14.75, 0.08741, 2, 7, 33.23, 11.51, 0.13849, 8, 6.26, 11.51, 0.86151, 2, 8, 21.29, 9.48, 0.9085, 9, -5.68, 9.48, 0.0915, 2, 8, 36.31, 7.59, 0.00992, 9, 9.34, 7.59, 0.99008, 2, 9, 24.37, 6.51, 0.78587, 10, -2.6, 6.51, 0.21413, 1, 10, 9.22, 6.15, 1, 1, 10, 9.22, -7.5, 1, 2, 9, 24.37, -7.84, 0.7617, 10, -2.6, -7.84, 0.2383, 2, 8, 36.31, -9.54, 0.03137, 9, 9.34, -9.54, 0.96863, 2, 8, 21.29, -11.32, 0.86242, 9, -5.68, -11.32, 0.13758, 2, 7, 33.23, -13.41, 0.18366, 8, 6.26, -13.41, 0.81634, 3, 6, 45.18, -16.35, 0.02897, 7, 18.21, -16.35, 0.86901, 8, -8.76, -16.35, 0.10202, 3, 5, 57.01, -20.61, 0.0037, 6, 30.04, -20.61, 0.46458, 7, 3.07, -20.61, 0.53172, 4, 4, 69.07, -24.83, 0.00258, 5, 42.1, -24.83, 0.12632, 6, 15.13, -24.83, 0.79349, 7, -11.84, -24.83, 0.07761, 4, 4, 54.04, -30.11, 0.07218, 5, 27.07, -30.11, 0.46164, 6, 0.1, -30.11, 0.46583, 7, -26.86, -30.11, 3.5E-4, 3, 4, 39.02, -36.13, 0.33548, 5, 12.05, -36.13, 0.52335, 6, -14.92, -36.13, 0.14117, 3, 4, 24, -42.36, 0.68121, 5, -2.97, -42.36, 0.29411, 6, -29.94, -42.36, 0.02468, 3, 4, 8.97, -48.91, 0.89593, 5, -18, -48.91, 0.10315, 6, -44.97, -48.91, 9.2E-4, 2, 4, -6.05, -55.59, 0.98131, 5, -33.02, -55.59, 0.01869 ],
					"hull": 34
				}
			}
		}
	}
],
"animations": {
	"t_33_1_be": {
		"slots": {
			"body": {
				"attachment": [
					{},
					{ "time": 0.0333 }
				]
			},
			"emoji": {
				"attachment": [
					{ "name": "Emoji/emo_vo_35" },
					{ "time": 0.0333, "name": "Emoji/emo_vo_35" }
				]
			},
			"eye_1": {
				"rgba": [
					{ "color": "ffffffff", "curve": "stepped" },
					{ "time": 0.0333, "color": "ffffffff" }
				],
				"attachment": [
					{},
					{ "time": 0.0333 }
				]
			},
			"feelling_1": {
				"attachment": [
					{ "name": "mo_hoi" },
					{ "time": 0.0333, "name": "mo_hoi" }
				]
			},
			"feelling_2": {
				"attachment": [
					{ "name": "cham_than" },
					{ "time": 0.0333, "name": "cham_than" }
				]
			},
			"feelling_3": {
				"attachment": [
					{ "name": "giat_minh" },
					{ "time": 0.0333, "name": "giat_minh" }
				]
			},
			"head": {
				"attachment": [
					{ "name": "Emoji/Dau chinh dien" },
					{ "time": 0.0333, "name": "Emoji/Dau chinh dien" }
				]
			},
			"shoulder": {
				"attachment": [
					{ "name": "shoulder" },
					{ "time": 0.0333, "name": "shoulder" }
				]
			},
			"shoulder2": {
				"attachment": [
					{ "name": "shoulder" },
					{ "time": 0.0333, "name": "shoulder" }
				]
			},
			"shoulder3": {
				"attachment": [
					{ "name": "shoulder" },
					{ "time": 0.0333, "name": "shoulder" }
				]
			},
			"shoulder4": {
				"attachment": [
					{ "name": "shoulder" },
					{ "time": 0.0333, "name": "shoulder" }
				]
			},
			"toc": {
				"attachment": [
					{ "name": "Emoji/Toc sau" },
					{ "time": 0.0333, "name": "Emoji/Toc sau" }
				]
			},
			"vay_1": {
				"attachment": [
					{ "name": "vay_1" },
					{ "time": 0.0333, "name": "vay_1" }
				]
			}
		},
		"bones": {
			"root": {
				"rotate": [
					{ "curve": "stepped" },
					{ "time": 0.0333 }
				],
				"translate": [
					{ "curve": "stepped" },
					{ "time": 0.0333 }
				],
				"scale": [
					{ "curve": "stepped" },
					{ "time": 0.0333 }
				]
			},
			"main": {
				"rotate": [
					{ "value": 1.2, "curve": "stepped" },
					{ "time": 0.0333, "value": 1.2 }
				],
				"translate": [
					{ "x": -29.62, "y": 8.19, "curve": "stepped" },
					{ "time": 0.0333, "x": -29.62, "y": 8.19 }
				],
				"scale": [
					{ "curve": "stepped" },
					{ "time": 0.0333 }
				]
			},
			"hip": {
				"rotate": [
					{ "curve": "stepped" },
					{ "time": 0.0333 }
				],
				"translate": [
					{ "curve": "stepped" },
					{ "time": 0.0333 }
				],
				"scale": [
					{ "curve": "stepped" },
					{ "time": 0.0333 }
				]
			},
			"body": {
				"rotate": [
					{ "value": 3.79, "curve": "stepped" },
					{ "time": 0.0333, "value": 3.79 }
				],
				"translate": [
					{ "x": 21.07, "y": -2.47, "curve": "stepped" },
					{ "time": 0.0333, "x": 21.07, "y": -2.47 }
				],
				"scale": [
					{ "curve": "stepped" },
					{ "time": 0.0333 }
				]
			},
			"body2": {
				"rotate": [
					{ "value": 0.27, "curve": "stepped" },
					{ "time": 0.0333, "value": 0.27 }
				],
				"scale": [
					{ "curve": "stepped" },
					{ "time": 0.0333 }
				]
			},
			"body3": {
				"rotate": [
					{ "value": 0.27, "curve": "stepped" },
					{ "time": 0.0333, "value": 0.27 }
				],
				"scale": [
					{ "curve": "stepped" },
					{ "time": 0.0333 }
				]
			},
			"body4": {
				"rotate": [
					{ "value": 0.27, "curve": "stepped" },
					{ "time": 0.0333, "value": 0.27 }
				],
				"scale": [
					{ "curve": "stepped" },
					{ "time": 0.0333 }
				]
			},
			"body5": {
				"rotate": [
					{ "value": 0.27, "curve": "stepped" },
					{ "time": 0.0333, "value": 0.27 }
				],
				"scale": [
					{ "curve": "stepped" },
					{ "time": 0.0333 }
				]
			},
			"body6": {
				"rotate": [
					{ "value": 0.27, "curve": "stepped" },
					{ "time": 0.0333, "value": 0.27 }
				],
				"scale": [
					{ "curve": "stepped" },
					{ "time": 0.0333 }
				]
			},
			"body7": {
				"rotate": [
					{ "value": 3.79, "curve": "stepped" },
					{ "time": 0.0333, "value": 3.79 }
				],
				"scale": [
					{ "curve": "stepped" },
					{ "time": 0.0333 }
				]
			},
			"body8": {
				"rotate": [
					{ "value": 3.79, "curve": "stepped" },
					{ "time": 0.0333, "value": 3.79 }
				],
				"scale": [
					{ "curve": "stepped" },
					{ "time": 0.0333 }
				]
			},
			"head": {
				"rotate": [
					{ "value": 161.46, "curve": "stepped" },
					{ "time": 0.0333, "value": 161.46 }
				],
				"translate": [
					{ "x": -51.45, "y": -2.6, "curve": "stepped" },
					{ "time": 0.0333, "x": -51.45, "y": -2.6 }
				],
				"scale": [
					{ "x": -1, "curve": "stepped" },
					{ "time": 0.0333, "x": -1 }
				]
			},
			"eye_1": {
				"rotate": [
					{ "curve": "stepped" },
					{ "time": 0.0333 }
				],
				"translate": [
					{ "x": 10.16, "y": 97.63, "curve": "stepped" },
					{ "time": 0.0333, "x": 10.16, "y": 97.63 }
				],
				"scale": [
					{ "x": 1.257, "y": 1.257, "curve": "stepped" },
					{ "time": 0.0333, "x": 1.257, "y": 1.257 }
				]
			},
			"emoji": {
				"rotate": [
					{ "value": 0.92, "curve": "stepped" },
					{ "time": 0.0333, "value": 0.92 }
				],
				"translate": [
					{ "x": 2.75, "y": 9.93, "curve": "stepped" },
					{ "time": 0.0333, "x": 2.75, "y": 9.93 }
				],
				"scale": [
					{ "x": 1.011, "y": 1.011, "curve": "stepped" },
					{ "time": 0.0333, "x": 1.011, "y": 1.011 }
				]
			},
			"shouder_1": {
				"rotate": [
					{ "value": 124.58, "curve": "stepped" },
					{ "time": 0.0333, "value": 124.58 }
				],
				"translate": [
					{ "x": -17.06, "y": -2.04, "curve": "stepped" },
					{ "time": 0.0333, "x": -17.06, "y": -2.04 }
				],
				"scale": [
					{ "curve": "stepped" },
					{ "time": 0.0333 }
				]
			},
			"arm_1": {
				"rotate": [
					{ "value": -41.09, "curve": "stepped" },
					{ "time": 0.0333, "value": -41.09 }
				],
				"translate": [
					{ "curve": "stepped" },
					{ "time": 0.0333 }
				],
				"scale": [
					{ "curve": "stepped" },
					{ "time": 0.0333 }
				]
			},
			"shouder_2": {
				"rotate": [
					{ "value": -143.22, "curve": "stepped" },
					{ "time": 0.0333, "value": -143.22 }
				],
				"translate": [
					{ "x": -16.92, "y": -3.86, "curve": "stepped" },
					{ "time": 0.0333, "x": -16.92, "y": -3.86 }
				],
				"scale": [
					{ "x": 1.097, "curve": "stepped" },
					{ "time": 0.0333, "x": 1.097 }
				]
			},
			"arm_2": {
				"rotate": [
					{ "value": 48.3, "curve": "stepped" },
					{ "time": 0.0333, "value": 48.3 }
				],
				"translate": [
					{ "curve": "stepped" },
					{ "time": 0.0333 }
				],
				"scale": [
					{ "curve": "stepped" },
					{ "time": 0.0333 }
				]
			},
			"thigh_1": {
				"rotate": [
					{ "value": -5.53, "curve": "stepped" },
					{ "time": 0.0333, "value": -5.53 }
				],
				"translate": [
					{ "x": 2.27, "y": 37.86, "curve": "stepped" },
					{ "time": 0.0333, "x": 2.27, "y": 37.86 }
				],
				"scale": [
					{ "curve": "stepped" },
					{ "time": 0.0333 }
				]
			},
			"leg_1": {
				"scale": [
					{ "curve": "stepped" },
					{ "time": 0.0333 }
				]
			},
			"thigh_2": {
				"rotate": [
					{ "value": -9.49, "curve": "stepped" },
					{ "time": 0.0333, "value": -9.49 }
				],
				"translate": [
					{ "x": 10.17, "y": 31.46, "curve": "stepped" },
					{ "time": 0.0333, "x": 10.17, "y": 31.46 }
				],
				"scale": [
					{ "curve": "stepped" },
					{ "time": 0.0333 }
				]
			},
			"leg_2": {
				"rotate": [
					{ "value": 2.9, "curve": "stepped" },
					{ "time": 0.0333, "value": 2.9 }
				],
				"scale": [
					{ "curve": "stepped" },
					{ "time": 0.0333 }
				]
			},
			"foot_2": {
				"rotate": [
					{ "curve": "stepped" },
					{ "time": 0.0333 }
				],
				"translate": [
					{ "x": -52.44, "y": 23.73, "curve": "stepped" },
					{ "time": 0.0333, "x": -52.44, "y": 23.73 }
				],
				"scale": [
					{ "curve": "stepped" },
					{ "time": 0.0333 }
				]
			},
			"foot_3": {
				"rotate": [
					{ "value": -5.67, "curve": "stepped" },
					{ "time": 0.0333, "value": -5.67 }
				],
				"translate": [
					{ "x": -29.27, "y": 23.52, "curve": "stepped" },
					{ "time": 0.0333, "x": -29.27, "y": 23.52 }
				],
				"scale": [
					{ "curve": "stepped" },
					{ "time": 0.0333 }
				]
			},
			"eye_2": {
				"rotate": [
					{ "curve": "stepped" },
					{ "time": 0.0333 }
				],
				"translate": [
					{ "curve": "stepped" },
					{ "time": 0.0333 }
				],
				"scale": [
					{ "curve": "stepped" },
					{ "time": 0.0333 }
				]
			},
			"toc": {
				"rotate": [
					{ "value": 0.48, "curve": "stepped" },
					{ "time": 0.0333, "value": 0.48 }
				],
				"translate": [
					{ "x": -14.23, "y": 14.2, "curve": "stepped" },
					{ "time": 0.0333, "x": -14.23, "y": 14.2 }
				],
				"scale": [
					{ "x": -1, "curve": "stepped" },
					{ "time": 0.0333, "x": -1 }
				]
			},
			"tist_1": {
				"translate": [
					{ "x": -22.55, "y": -7.62, "curve": "stepped" },
					{ "time": 0.0333, "x": -22.55, "y": -7.62 }
				]
			},
			"tist_2": {
				"translate": [
					{ "x": -25.84, "y": -5.27, "curve": "stepped" },
					{ "time": 0.0333, "x": -25.84, "y": -5.27 }
				]
			},
			"move": {
				"translate": [
					{ "x": -23.33, "y": -31.93, "curve": "stepped" },
					{ "time": 0.0333, "x": -23.33, "y": -31.93 }
				],
				"scale": [
					{ "x": -1, "curve": "stepped" },
					{ "time": 0.0333, "x": -1 }
				]
			},
			"feelling_1": {
				"rotate": [
					{ "value": 24.85, "curve": "stepped" },
					{ "time": 0.0333, "value": 24.85 }
				],
				"translate": [
					{ "x": 36.95, "y": 447.98, "curve": "stepped" },
					{ "time": 0.0333, "x": 36.95, "y": 447.98 }
				],
				"scale": [
					{ "x": 0.828, "y": 0.828, "curve": "stepped" },
					{ "time": 0.0333, "x": 0.828, "y": 0.828 }
				]
			},
			"feelling_2": {
				"rotate": [
					{ "value": -8.82, "curve": "stepped" },
					{ "time": 0.0333, "value": -8.82 }
				],
				"translate": [
					{ "x": -105.31, "y": 516.75, "curve": "stepped" },
					{ "time": 0.0333, "x": -105.31, "y": 516.75 }
				],
				"scale": [
					{ "x": 1.363, "y": 1.363, "curve": "stepped" },
					{ "time": 0.0333, "x": 1.363, "y": 1.363 }
				]
			},
			"feelling_3": {
				"rotate": [
					{ "value": 166.74, "curve": "stepped" },
					{ "time": 0.0333, "value": 166.74 }
				],
				"translate": [
					{ "x": -88.12, "y": 392.33, "curve": "stepped" },
					{ "time": 0.0333, "x": -88.12, "y": 392.33 }
				],
				"scale": [
					{ "x": 0.909, "y": 0.909, "curve": "stepped" },
					{ "time": 0.0333, "x": 0.909, "y": 0.909 }
				]
			}
		},
		"ik": {
			"foot_1": [
				{
					"stretch": true,
					"curve": [ 0.008, 1, 0.025, 1, 0.008, 0, 0.025, 0 ]
				},
				{ "time": 0.0333, "stretch": true }
			],
			"foot_2": [
				{
					"stretch": true,
					"curve": [ 0.008, 1, 0.025, 1, 0.008, 0, 0.025, 0 ]
				},
				{ "time": 0.0333, "stretch": true }
			]
		},
		"attachments": {
			"default": {
				"vay_1": {
					"vay_1": {
						"deform": [
							{
								"vertices": [ -16.75096, 21.48619, -10.34564, 19.69373, -11.00192, 19.625, 3.87587, 26.43828, 3.4722, 26.43214, 11.64241, 29.37292, 15.01259, 30.36629, 13.39607, 30.02521, 7.0195, 36.10699, 6.57489, 36.4778, -0.07748, 37.01544, 13.0311, 25.34007, 12.66412, 25.59072, 23.5675, 14.53014, 23.53595, 15.06229, 23.4856, 15.59447, 28.80928, 8.3232, 28.97482, 9.02139, 29.11694, 9.72572, 26.79088, 5.87611, 27.03204, 6.50865, 27.25183, 7.14972, 28.93944, 1.7373, 29.31882, 2.47609, 29.67358, 3.22771, 30.00461, 3.99162, 29.72818, -1.637, 30.19598, -0.85917, 30.63788, -0.06581, 31.05457, 0.74257, 23.40643, -0.667, 23.83298, -0.03671, 24.23941, 0.60815, 19.40204, -0.28552, 19.75629, 0.17002, 20.09647, 0.63768, 13.30112, 0.50243, 13.62534, 0.8607, 13.30087, -1.61167, 13.61835, -1.24078, 10.52914, -4.63345, 10.89337, -4.29623, 12.56927, -10.54983, 12.2081, -10.91449, 18.03387, -20.47244, 16.79807, -13.723, 5.38718, -6.27824, 5.24945, -6.50222, -3.87772, 1.20481, -3.75922, 1.12285, -7.2153, 5.12034, -7.0986, 4.95955, -1.90262, 8.13421, -1.7352, 8.33249, 3.69641, 10.87539, 3.83548, 11.0443, 3.97083, 11.21863, 6.18134, 13.07471, 6.30115, 13.16857, 6.41931, 13.26797, 5.9776, 12.90745, 6.08795, 12.93228, 6.19583, 12.96183, 6.30316, 12.99614, 5.18272, 13.27193, 5.13672, 13.53401, 5.08224, 13.79585, 5.01929, 14.05714, 2.42598, 15.54535, 2.25873, 15.78923, 2.0831, 16.02903, -1.68279, 17.08478, -1.92963, 17.27024, -2.18289, 17.44905, -8.38852, 17.73047, -8.61917, 17.57107, -8.84537, 17.40575, -12.2128, 19.32519, -12.52005, 19.00262 ],
								"curve": "stepped"
							},
							{
								"time": 0.0333,
								"vertices": [ -16.75096, 21.48619, -10.34564, 19.69373, -11.00192, 19.625, 3.87587, 26.43828, 3.4722, 26.43214, 11.64241, 29.37292, 15.01259, 30.36629, 13.39607, 30.02521, 7.0195, 36.10699, 6.57489, 36.4778, -0.07748, 37.01544, 13.0311, 25.34007, 12.66412, 25.59072, 23.5675, 14.53014, 23.53595, 15.06229, 23.4856, 15.59447, 28.80928, 8.3232, 28.97482, 9.02139, 29.11694, 9.72572, 26.79088, 5.87611, 27.03204, 6.50865, 27.25183, 7.14972, 28.93944, 1.7373, 29.31882, 2.47609, 29.67358, 3.22771, 30.00461, 3.99162, 29.72818, -1.637, 30.19598, -0.85917, 30.63788, -0.06581, 31.05457, 0.74257, 23.40643, -0.667, 23.83298, -0.03671, 24.23941, 0.60815, 19.40204, -0.28552, 19.75629, 0.17002, 20.09647, 0.63768, 13.30112, 0.50243, 13.62534, 0.8607, 13.30087, -1.61167, 13.61835, -1.24078, 10.52914, -4.63345, 10.89337, -4.29623, 12.56927, -10.54983, 12.2081, -10.91449, 18.03387, -20.47244, 16.79807, -13.723, 5.38718, -6.27824, 5.24945, -6.50222, -3.87772, 1.20481, -3.75922, 1.12285, -7.2153, 5.12034, -7.0986, 4.95955, -1.90262, 8.13421, -1.7352, 8.33249, 3.69641, 10.87539, 3.83548, 11.0443, 3.97083, 11.21863, 6.18134, 13.07471, 6.30115, 13.16857, 6.41931, 13.26797, 5.9776, 12.90745, 6.08795, 12.93228, 6.19583, 12.96183, 6.30316, 12.99614, 5.18272, 13.27193, 5.13672, 13.53401, 5.08224, 13.79585, 5.01929, 14.05714, 2.42598, 15.54535, 2.25873, 15.78923, 2.0831, 16.02903, -1.68279, 17.08478, -1.92963, 17.27024, -2.18289, 17.44905, -8.38852, 17.73047, -8.61917, 17.57107, -8.84537, 17.40575, -12.2128, 19.32519, -12.52005, 19.00262 ]
							}
						]
					}
				}
			}
		},
		"drawOrder": [
			{
				"offsets": [
					{ "slot": "shoulder3", "offset": -2 },
					{ "slot": "shoulder4", "offset": -3 }
				]
			},
			{
				"time": 0.0333,
				"offsets": [
					{ "slot": "shoulder3", "offset": -2 },
					{ "slot": "shoulder4", "offset": -3 }
				]
			}
		]
	},
	"t_33_1_lose": {
		"slots": {
			"body": {
				"attachment": [
					{},
					{ "time": 0.0333 }
				]
			},
			"emoji": {
				"attachment": [
					{ "name": "Emoji/emo_vo_8d" },
					{ "time": 0.0333, "name": "Emoji/emo_vo_8d" }
				]
			},
			"eye_1": {
				"rgba": [
					{ "color": "ffffffff", "curve": "stepped" },
					{ "time": 0.0333, "color": "ffffffff" }
				],
				"attachment": [
					{ "name": "scare" },
					{ "time": 0.0333, "name": "scare" }
				]
			},
			"feelling_1": {
				"attachment": [
					{ "name": "mo_hoi" },
					{ "time": 0.0333, "name": "mo_hoi" }
				]
			},
			"feelling_2": {
				"attachment": [
					{},
					{ "time": 0.0333 }
				]
			},
			"feelling_3": {
				"attachment": [
					{ "name": "mo_hoi" },
					{ "time": 0.0333, "name": "mo_hoi" }
				]
			},
			"head": {
				"attachment": [
					{ "name": "Emoji/Dau chinh dien" },
					{ "time": 0.0333, "name": "Emoji/Dau chinh dien" }
				]
			},
			"shoulder": {
				"attachment": [
					{ "name": "shoulder" },
					{ "time": 0.0333, "name": "shoulder" }
				]
			},
			"shoulder2": {
				"attachment": [
					{ "name": "shoulder" },
					{ "time": 0.0333, "name": "shoulder" }
				]
			},
			"shoulder3": {
				"attachment": [
					{ "name": "shoulder" },
					{ "time": 0.0333, "name": "shoulder" }
				]
			},
			"shoulder4": {
				"attachment": [
					{ "name": "shoulder" },
					{ "time": 0.0333, "name": "shoulder" }
				]
			},
			"toc": {
				"attachment": [
					{ "name": "Emoji/Toc sau" },
					{ "time": 0.0333, "name": "Emoji/Toc sau" }
				]
			},
			"vay_1": {
				"attachment": [
					{ "name": "vay_1" },
					{ "time": 0.0333, "name": "vay_1" }
				]
			}
		},
		"bones": {
			"root": {
				"rotate": [
					{ "curve": "stepped" },
					{ "time": 0.0333 }
				],
				"translate": [
					{ "curve": "stepped" },
					{ "time": 0.0333 }
				],
				"scale": [
					{ "curve": "stepped" },
					{ "time": 0.0333 }
				]
			},
			"main": {
				"rotate": [
					{ "value": 1.2, "curve": "stepped" },
					{ "time": 0.0333, "value": 1.2 }
				],
				"translate": [
					{ "x": -29.62, "y": 8.19, "curve": "stepped" },
					{ "time": 0.0333, "x": -29.62, "y": 8.19 }
				],
				"scale": [
					{ "curve": "stepped" },
					{ "time": 0.0333 }
				]
			},
			"hip": {
				"rotate": [
					{ "curve": "stepped" },
					{ "time": 0.0333 }
				],
				"translate": [
					{ "curve": "stepped" },
					{ "time": 0.0333 }
				],
				"scale": [
					{ "curve": "stepped" },
					{ "time": 0.0333 }
				]
			},
			"body": {
				"rotate": [
					{ "value": 3.79, "curve": "stepped" },
					{ "time": 0.0333, "value": 3.79 }
				],
				"translate": [
					{ "x": 21.07, "y": -2.47, "curve": "stepped" },
					{ "time": 0.0333, "x": 21.07, "y": -2.47 }
				],
				"scale": [
					{ "curve": "stepped" },
					{ "time": 0.0333 }
				]
			},
			"body2": {
				"rotate": [
					{ "value": 0.27, "curve": "stepped" },
					{ "time": 0.0333, "value": 0.27 }
				],
				"scale": [
					{ "curve": "stepped" },
					{ "time": 0.0333 }
				]
			},
			"body3": {
				"rotate": [
					{ "value": 0.27, "curve": "stepped" },
					{ "time": 0.0333, "value": 0.27 }
				],
				"scale": [
					{ "curve": "stepped" },
					{ "time": 0.0333 }
				]
			},
			"body4": {
				"rotate": [
					{ "value": 0.27, "curve": "stepped" },
					{ "time": 0.0333, "value": 0.27 }
				],
				"scale": [
					{ "curve": "stepped" },
					{ "time": 0.0333 }
				]
			},
			"body5": {
				"rotate": [
					{ "value": 0.27, "curve": "stepped" },
					{ "time": 0.0333, "value": 0.27 }
				],
				"scale": [
					{ "curve": "stepped" },
					{ "time": 0.0333 }
				]
			},
			"body6": {
				"rotate": [
					{ "value": 0.27, "curve": "stepped" },
					{ "time": 0.0333, "value": 0.27 }
				],
				"scale": [
					{ "curve": "stepped" },
					{ "time": 0.0333 }
				]
			},
			"body7": {
				"rotate": [
					{ "value": 3.79, "curve": "stepped" },
					{ "time": 0.0333, "value": 3.79 }
				],
				"scale": [
					{ "curve": "stepped" },
					{ "time": 0.0333 }
				]
			},
			"body8": {
				"rotate": [
					{ "value": 3.79, "curve": "stepped" },
					{ "time": 0.0333, "value": 3.79 }
				],
				"scale": [
					{ "curve": "stepped" },
					{ "time": 0.0333 }
				]
			},
			"head": {
				"rotate": [
					{ "value": 161.46, "curve": "stepped" },
					{ "time": 0.0333, "value": 161.46 }
				],
				"translate": [
					{ "x": -70.9, "y": 2.23, "curve": "stepped" },
					{ "time": 0.0333, "x": -70.9, "y": 2.23 }
				],
				"scale": [
					{ "x": -1, "curve": "stepped" },
					{ "time": 0.0333, "x": -1 }
				]
			},
			"eye_1": {
				"rotate": [
					{ "value": -4.2, "curve": "stepped" },
					{ "time": 0.0333, "value": -4.2 }
				],
				"translate": [
					{ "x": -29.08, "y": 91.45, "curve": "stepped" },
					{ "time": 0.0333, "x": -29.08, "y": 91.45 }
				],
				"scale": [
					{ "x": 1.679, "y": 1.679, "curve": "stepped" },
					{ "time": 0.0333, "x": 1.679, "y": 1.679 }
				]
			},
			"emoji": {
				"rotate": [
					{ "value": 0.92, "curve": "stepped" },
					{ "time": 0.0333, "value": 0.92 }
				],
				"translate": [
					{ "x": 2.75, "y": 9.93, "curve": "stepped" },
					{ "time": 0.0333, "x": 2.75, "y": 9.93 }
				],
				"scale": [
					{ "x": 1.011, "y": 1.011, "curve": "stepped" },
					{ "time": 0.0333, "x": 1.011, "y": 1.011 }
				]
			},
			"shouder_1": {
				"rotate": [
					{ "value": 151.95, "curve": "stepped" },
					{ "time": 0.0333, "value": 151.95 }
				],
				"translate": [
					{ "x": -17.06, "y": -2.04, "curve": "stepped" },
					{ "time": 0.0333, "x": -17.06, "y": -2.04 }
				],
				"scale": [
					{ "curve": "stepped" },
					{ "time": 0.0333 }
				]
			},
			"arm_1": {
				"rotate": [
					{ "value": -44.18, "curve": "stepped" },
					{ "time": 0.0333, "value": -44.18 }
				],
				"translate": [
					{ "curve": "stepped" },
					{ "time": 0.0333 }
				],
				"scale": [
					{ "curve": "stepped" },
					{ "time": 0.0333 }
				]
			},
			"shouder_2": {
				"rotate": [
					{ "value": -173.14, "curve": "stepped" },
					{ "time": 0.0333, "value": -173.14 }
				],
				"translate": [
					{ "x": -16.92, "y": -3.86, "curve": "stepped" },
					{ "time": 0.0333, "x": -16.92, "y": -3.86 }
				],
				"scale": [
					{ "x": 1.097, "curve": "stepped" },
					{ "time": 0.0333, "x": 1.097 }
				]
			},
			"arm_2": {
				"rotate": [
					{ "value": 52.71, "curve": "stepped" },
					{ "time": 0.0333, "value": 52.71 }
				],
				"translate": [
					{ "curve": "stepped" },
					{ "time": 0.0333 }
				],
				"scale": [
					{ "curve": "stepped" },
					{ "time": 0.0333 }
				]
			},
			"thigh_1": {
				"rotate": [
					{ "value": -5.53, "curve": "stepped" },
					{ "time": 0.0333, "value": -5.53 }
				],
				"translate": [
					{ "x": 2.27, "y": 37.86, "curve": "stepped" },
					{ "time": 0.0333, "x": 2.27, "y": 37.86 }
				],
				"scale": [
					{ "curve": "stepped" },
					{ "time": 0.0333 }
				]
			},
			"leg_1": {
				"scale": [
					{ "curve": "stepped" },
					{ "time": 0.0333 }
				]
			},
			"thigh_2": {
				"rotate": [
					{ "value": -9.49, "curve": "stepped" },
					{ "time": 0.0333, "value": -9.49 }
				],
				"translate": [
					{ "x": 10.17, "y": 31.46, "curve": "stepped" },
					{ "time": 0.0333, "x": 10.17, "y": 31.46 }
				],
				"scale": [
					{ "curve": "stepped" },
					{ "time": 0.0333 }
				]
			},
			"leg_2": {
				"rotate": [
					{ "value": 2.9, "curve": "stepped" },
					{ "time": 0.0333, "value": 2.9 }
				],
				"scale": [
					{ "curve": "stepped" },
					{ "time": 0.0333 }
				]
			},
			"foot_2": {
				"rotate": [
					{ "curve": "stepped" },
					{ "time": 0.0333 }
				],
				"translate": [
					{ "x": -52.44, "y": 23.73, "curve": "stepped" },
					{ "time": 0.0333, "x": -52.44, "y": 23.73 }
				],
				"scale": [
					{ "curve": "stepped" },
					{ "time": 0.0333 }
				]
			},
			"foot_3": {
				"rotate": [
					{ "value": -5.67, "curve": "stepped" },
					{ "time": 0.0333, "value": -5.67 }
				],
				"translate": [
					{ "x": -29.27, "y": 23.52, "curve": "stepped" },
					{ "time": 0.0333, "x": -29.27, "y": 23.52 }
				],
				"scale": [
					{ "curve": "stepped" },
					{ "time": 0.0333 }
				]
			},
			"eye_2": {
				"rotate": [
					{ "curve": "stepped" },
					{ "time": 0.0333 }
				],
				"translate": [
					{ "curve": "stepped" },
					{ "time": 0.0333 }
				],
				"scale": [
					{ "curve": "stepped" },
					{ "time": 0.0333 }
				]
			},
			"toc": {
				"rotate": [
					{ "value": 0.48, "curve": "stepped" },
					{ "time": 0.0333, "value": 0.48 }
				],
				"translate": [
					{ "x": -14.23, "y": 14.2, "curve": "stepped" },
					{ "time": 0.0333, "x": -14.23, "y": 14.2 }
				],
				"scale": [
					{ "x": -1, "curve": "stepped" },
					{ "time": 0.0333, "x": -1 }
				]
			},
			"tist_1": {
				"translate": [
					{ "x": -22.55, "y": -7.62, "curve": "stepped" },
					{ "time": 0.0333, "x": -22.55, "y": -7.62 }
				]
			},
			"tist_2": {
				"translate": [
					{ "x": -25.84, "y": -5.27, "curve": "stepped" },
					{ "time": 0.0333, "x": -25.84, "y": -5.27 }
				]
			},
			"move": {
				"translate": [
					{ "x": -23.33, "y": -31.93, "curve": "stepped" },
					{ "time": 0.0333, "x": -23.33, "y": -31.93 }
				],
				"scale": [
					{ "x": -1, "curve": "stepped" },
					{ "time": 0.0333, "x": -1 }
				]
			},
			"feelling_1": {
				"rotate": [
					{ "value": 2.59, "curve": "stepped" },
					{ "time": 0.0333, "value": 2.59 }
				],
				"translate": [
					{ "x": 42.05, "y": 410.93, "curve": "stepped" },
					{ "time": 0.0333, "x": 42.05, "y": 410.93 }
				],
				"scale": [
					{ "x": 0.642, "y": 0.642, "curve": "stepped" },
					{ "time": 0.0333, "x": 0.642, "y": 0.642 }
				]
			},
			"feelling_2": {
				"rotate": [
					{ "value": -8.82, "curve": "stepped" },
					{ "time": 0.0333, "value": -8.82 }
				],
				"translate": [
					{ "x": 23.13, "y": 525.37, "curve": "stepped" },
					{ "time": 0.0333, "x": 23.13, "y": 525.37 }
				],
				"scale": [
					{ "x": 1.281, "y": 1.281, "curve": "stepped" },
					{ "time": 0.0333, "x": 1.281, "y": 1.281 }
				]
			},
			"feelling_3": {
				"rotate": [
					{ "value": -11.96, "curve": "stepped" },
					{ "time": 0.0333, "value": -11.96 }
				],
				"translate": [
					{ "x": -55.41, "y": 404.16, "curve": "stepped" },
					{ "time": 0.0333, "x": -55.41, "y": 404.16 }
				],
				"scale": [
					{ "x": 0.577, "y": 0.577, "curve": "stepped" },
					{ "time": 0.0333, "x": 0.577, "y": 0.577 }
				]
			}
		},
		"ik": {
			"foot_1": [
				{
					"stretch": true,
					"curve": [ 0.008, 1, 0.025, 1, 0.008, 0, 0.025, 0 ]
				},
				{ "time": 0.0333, "stretch": true }
			],
			"foot_2": [
				{
					"stretch": true,
					"curve": [ 0.008, 1, 0.025, 1, 0.008, 0, 0.025, 0 ]
				},
				{ "time": 0.0333, "stretch": true }
			]
		},
		"attachments": {
			"default": {
				"vay_1": {
					"vay_1": {
						"deform": [
							{
								"vertices": [ -16.75096, 21.48619, -10.34564, 19.69373, -11.00192, 19.625, 3.87587, 26.43828, 3.4722, 26.43214, 11.64241, 29.37292, 15.01259, 30.36629, 13.39607, 30.02521, 7.0195, 36.10699, 6.57489, 36.4778, -0.07748, 37.01544, 13.0311, 25.34007, 12.66412, 25.59072, 23.5675, 14.53014, 23.53595, 15.06229, 23.4856, 15.59447, 28.80928, 8.3232, 28.97482, 9.02139, 29.11694, 9.72572, 26.79088, 5.87611, 27.03204, 6.50865, 27.25183, 7.14972, 28.93944, 1.7373, 29.31882, 2.47609, 29.67358, 3.22771, 30.00461, 3.99162, 29.72818, -1.637, 30.19598, -0.85917, 30.63788, -0.06581, 31.05457, 0.74257, 23.40643, -0.667, 23.83298, -0.03671, 24.23941, 0.60815, 19.40204, -0.28552, 19.75629, 0.17002, 20.09647, 0.63768, 13.30112, 0.50243, 13.62534, 0.8607, 13.30087, -1.61167, 13.61835, -1.24078, 10.52914, -4.63345, 10.89337, -4.29623, 12.56927, -10.54983, 12.2081, -10.91449, 18.03387, -20.47244, 16.79807, -13.723, 5.38718, -6.27824, 5.24945, -6.50222, -3.87772, 1.20481, -3.75922, 1.12285, -7.2153, 5.12034, -7.0986, 4.95955, -1.90262, 8.13421, -1.7352, 8.33249, 3.69641, 10.87539, 3.83548, 11.0443, 3.97083, 11.21863, 6.18134, 13.07471, 6.30115, 13.16857, 6.41931, 13.26797, 5.9776, 12.90745, 6.08795, 12.93228, 6.19583, 12.96183, 6.30316, 12.99614, 5.18272, 13.27193, 5.13672, 13.53401, 5.08224, 13.79585, 5.01929, 14.05714, 2.42598, 15.54535, 2.25873, 15.78923, 2.0831, 16.02903, -1.68279, 17.08478, -1.92963, 17.27024, -2.18289, 17.44905, -8.38852, 17.73047, -8.61917, 17.57107, -8.84537, 17.40575, -12.2128, 19.32519, -12.52005, 19.00262 ],
								"curve": "stepped"
							},
							{
								"time": 0.0333,
								"vertices": [ -16.75096, 21.48619, -10.34564, 19.69373, -11.00192, 19.625, 3.87587, 26.43828, 3.4722, 26.43214, 11.64241, 29.37292, 15.01259, 30.36629, 13.39607, 30.02521, 7.0195, 36.10699, 6.57489, 36.4778, -0.07748, 37.01544, 13.0311, 25.34007, 12.66412, 25.59072, 23.5675, 14.53014, 23.53595, 15.06229, 23.4856, 15.59447, 28.80928, 8.3232, 28.97482, 9.02139, 29.11694, 9.72572, 26.79088, 5.87611, 27.03204, 6.50865, 27.25183, 7.14972, 28.93944, 1.7373, 29.31882, 2.47609, 29.67358, 3.22771, 30.00461, 3.99162, 29.72818, -1.637, 30.19598, -0.85917, 30.63788, -0.06581, 31.05457, 0.74257, 23.40643, -0.667, 23.83298, -0.03671, 24.23941, 0.60815, 19.40204, -0.28552, 19.75629, 0.17002, 20.09647, 0.63768, 13.30112, 0.50243, 13.62534, 0.8607, 13.30087, -1.61167, 13.61835, -1.24078, 10.52914, -4.63345, 10.89337, -4.29623, 12.56927, -10.54983, 12.2081, -10.91449, 18.03387, -20.47244, 16.79807, -13.723, 5.38718, -6.27824, 5.24945, -6.50222, -3.87772, 1.20481, -3.75922, 1.12285, -7.2153, 5.12034, -7.0986, 4.95955, -1.90262, 8.13421, -1.7352, 8.33249, 3.69641, 10.87539, 3.83548, 11.0443, 3.97083, 11.21863, 6.18134, 13.07471, 6.30115, 13.16857, 6.41931, 13.26797, 5.9776, 12.90745, 6.08795, 12.93228, 6.19583, 12.96183, 6.30316, 12.99614, 5.18272, 13.27193, 5.13672, 13.53401, 5.08224, 13.79585, 5.01929, 14.05714, 2.42598, 15.54535, 2.25873, 15.78923, 2.0831, 16.02903, -1.68279, 17.08478, -1.92963, 17.27024, -2.18289, 17.44905, -8.38852, 17.73047, -8.61917, 17.57107, -8.84537, 17.40575, -12.2128, 19.32519, -12.52005, 19.00262 ]
							}
						]
					}
				}
			}
		},
		"drawOrder": [
			{
				"offsets": [
					{ "slot": "shoulder3", "offset": -2 },
					{ "slot": "shoulder4", "offset": -3 }
				]
			},
			{
				"time": 0.0333,
				"offsets": [
					{ "slot": "shoulder3", "offset": -2 },
					{ "slot": "shoulder4", "offset": -3 }
				]
			}
		]
	},
	"t_33_1_win": {
		"slots": {
			"body": {
				"attachment": [
					{},
					{ "time": 0.0333 }
				]
			},
			"emoji": {
				"attachment": [
					{ "name": "Emoji/Emo_bo_4" },
					{ "time": 0.0333, "name": "Emoji/Emo_bo_4" }
				]
			},
			"feelling_1": {
				"attachment": [
					{},
					{ "time": 0.0333 }
				]
			},
			"head": {
				"attachment": [
					{ "name": "Emoji/Dau chinh dien" },
					{ "time": 0.0333, "name": "Emoji/Dau chinh dien" }
				]
			},
			"shoulder": {
				"attachment": [
					{ "name": "shoulder" },
					{ "time": 0.0333, "name": "shoulder" }
				]
			},
			"shoulder2": {
				"attachment": [
					{ "name": "shoulder" },
					{ "time": 0.0333, "name": "shoulder" }
				]
			},
			"shoulder3": {
				"attachment": [
					{ "name": "shoulder" },
					{ "time": 0.0333, "name": "shoulder" }
				]
			},
			"shoulder4": {
				"attachment": [
					{ "name": "shoulder" },
					{ "time": 0.0333, "name": "shoulder" }
				]
			},
			"toc": {
				"attachment": [
					{ "name": "Emoji/Toc sau 1-2" },
					{ "time": 0.0333, "name": "Emoji/Toc sau 1-2" }
				]
			}
		},
		"bones": {
			"root": {
				"rotate": [
					{ "curve": "stepped" },
					{ "time": 0.0333 }
				],
				"translate": [
					{ "curve": "stepped" },
					{ "time": 0.0333 }
				],
				"scale": [
					{ "curve": "stepped" },
					{ "time": 0.0333 }
				]
			},
			"main": {
				"rotate": [
					{ "value": -11.24, "curve": "stepped" },
					{ "time": 0.0333, "value": -11.24 }
				],
				"translate": [
					{ "x": 7.75, "y": -74.12, "curve": "stepped" },
					{ "time": 0.0333, "x": 7.75, "y": -74.12 }
				],
				"scale": [
					{ "curve": "stepped" },
					{ "time": 0.0333 }
				]
			},
			"hip": {
				"rotate": [
					{ "curve": "stepped" },
					{ "time": 0.0333 }
				],
				"translate": [
					{ "curve": "stepped" },
					{ "time": 0.0333 }
				],
				"scale": [
					{ "curve": "stepped" },
					{ "time": 0.0333 }
				]
			},
			"body": {
				"rotate": [
					{ "value": 11.52, "curve": "stepped" },
					{ "time": 0.0333, "value": 11.52 }
				],
				"translate": [
					{ "x": -26.5, "y": 0.62, "curve": "stepped" },
					{ "time": 0.0333, "x": -26.5, "y": 0.62 }
				],
				"scale": [
					{ "curve": "stepped" },
					{ "time": 0.0333 }
				]
			},
			"body2": {
				"rotate": [
					{ "value": 2.8, "curve": "stepped" },
					{ "time": 0.0333, "value": 2.8 }
				],
				"translate": [
					{ "curve": "stepped" },
					{ "time": 0.0333 }
				],
				"scale": [
					{ "curve": "stepped" },
					{ "time": 0.0333 }
				]
			},
			"body3": {
				"rotate": [
					{ "value": 2.8, "curve": "stepped" },
					{ "time": 0.0333, "value": 2.8 }
				],
				"translate": [
					{ "curve": "stepped" },
					{ "time": 0.0333 }
				],
				"scale": [
					{ "curve": "stepped" },
					{ "time": 0.0333 }
				]
			},
			"body4": {
				"rotate": [
					{ "value": 2.8, "curve": "stepped" },
					{ "time": 0.0333, "value": 2.8 }
				],
				"translate": [
					{ "curve": "stepped" },
					{ "time": 0.0333 }
				],
				"scale": [
					{ "curve": "stepped" },
					{ "time": 0.0333 }
				]
			},
			"body5": {
				"rotate": [
					{ "value": 5.32, "curve": "stepped" },
					{ "time": 0.0333, "value": 5.32 }
				],
				"translate": [
					{ "curve": "stepped" },
					{ "time": 0.0333 }
				],
				"scale": [
					{ "curve": "stepped" },
					{ "time": 0.0333 }
				]
			},
			"body6": {
				"rotate": [
					{ "value": -3.4, "curve": "stepped" },
					{ "time": 0.0333, "value": -3.4 }
				],
				"translate": [
					{ "curve": "stepped" },
					{ "time": 0.0333 }
				],
				"scale": [
					{ "curve": "stepped" },
					{ "time": 0.0333 }
				]
			},
			"body7": {
				"rotate": [
					{ "value": -3.4, "curve": "stepped" },
					{ "time": 0.0333, "value": -3.4 }
				],
				"translate": [
					{ "curve": "stepped" },
					{ "time": 0.0333 }
				],
				"scale": [
					{ "curve": "stepped" },
					{ "time": 0.0333 }
				]
			},
			"body8": {
				"rotate": [
					{ "value": -3.4, "curve": "stepped" },
					{ "time": 0.0333, "value": -3.4 }
				],
				"translate": [
					{ "curve": "stepped" },
					{ "time": 0.0333 }
				],
				"scale": [
					{ "curve": "stepped" },
					{ "time": 0.0333 }
				]
			},
			"head": {
				"rotate": [
					{ "value": 158.8, "curve": "stepped" },
					{ "time": 0.0333, "value": 158.8 }
				],
				"translate": [
					{ "x": -30.23, "y": 4.62, "curve": "stepped" },
					{ "time": 0.0333, "x": -30.23, "y": 4.62 }
				],
				"scale": [
					{ "x": -1, "curve": "stepped" },
					{ "time": 0.0333, "x": -1 }
				]
			},
			"eye_1": {
				"rotate": [
					{ "curve": "stepped" },
					{ "time": 0.0333 }
				],
				"translate": [
					{ "curve": "stepped" },
					{ "time": 0.0333 }
				],
				"scale": [
					{ "curve": "stepped" },
					{ "time": 0.0333 }
				]
			},
			"emoji": {
				"rotate": [
					{ "value": -1.8, "curve": "stepped" },
					{ "time": 0.0333, "value": -1.8 }
				],
				"translate": [
					{ "x": -0.6, "y": 5.06, "curve": "stepped" },
					{ "time": 0.0333, "x": -0.6, "y": 5.06 }
				],
				"scale": [
					{ "x": -1.072, "y": 1.072, "curve": "stepped" },
					{ "time": 0.0333, "x": -1.072, "y": 1.072 }
				]
			},
			"shouder_1": {
				"rotate": [
					{ "value": 144.84, "curve": "stepped" },
					{ "time": 0.0333, "value": 144.84 }
				],
				"translate": [
					{ "x": 2.26, "y": -0.01, "curve": "stepped" },
					{ "time": 0.0333, "x": 2.26, "y": -0.01 }
				],
				"scale": [
					{ "curve": "stepped" },
					{ "time": 0.0333 }
				]
			},
			"arm_1": {
				"rotate": [
					{ "value": -32.8, "curve": "stepped" },
					{ "time": 0.0333, "value": -32.8 }
				],
				"translate": [
					{ "curve": "stepped" },
					{ "time": 0.0333 }
				],
				"scale": [
					{ "curve": "stepped" },
					{ "time": 0.0333 }
				]
			},
			"shouder_2": {
				"rotate": [
					{ "value": 178.46, "curve": "stepped" },
					{ "time": 0.0333, "value": 178.46 }
				],
				"translate": [
					{ "x": 3.06, "y": -0.69, "curve": "stepped" },
					{ "time": 0.0333, "x": 3.06, "y": -0.69 }
				],
				"scale": [
					{ "curve": "stepped" },
					{ "time": 0.0333 }
				]
			},
			"arm_2": {
				"rotate": [
					{ "value": 64.42, "curve": "stepped" },
					{ "time": 0.0333, "value": 64.42 }
				],
				"translate": [
					{ "curve": "stepped" },
					{ "time": 0.0333 }
				],
				"scale": [
					{ "curve": "stepped" },
					{ "time": 0.0333 }
				]
			},
			"thigh_1": {
				"rotate": [
					{ "value": -59.92, "curve": "stepped" },
					{ "time": 0.0333, "value": -59.92 }
				],
				"translate": [
					{ "x": -26.62, "y": 15.6, "curve": "stepped" },
					{ "time": 0.0333, "x": -26.62, "y": 15.6 }
				],
				"scale": [
					{ "x": 0.925, "curve": "stepped" },
					{ "time": 0.0333, "x": 0.925 }
				]
			},
			"leg_1": {
				"rotate": [
					{ "value": 97.05, "curve": "stepped" },
					{ "time": 0.0333, "value": 97.05 }
				],
				"scale": [
					{ "curve": "stepped" },
					{ "time": 0.0333 }
				]
			},
			"thigh_2": {
				"rotate": [
					{ "value": -46.35, "curve": "stepped" },
					{ "time": 0.0333, "value": -46.35 }
				],
				"translate": [
					{ "x": -25.52, "y": 16.5, "curve": "stepped" },
					{ "time": 0.0333, "x": -25.52, "y": 16.5 }
				],
				"scale": [
					{ "x": 0.925, "curve": "stepped" },
					{ "time": 0.0333, "x": 0.925 }
				]
			},
			"leg_2": {
				"rotate": [
					{ "value": 35.6, "curve": "stepped" },
					{ "time": 0.0333, "value": 35.6 }
				],
				"translate": [
					{ "curve": "stepped" },
					{ "time": 0.0333 }
				],
				"scale": [
					{ "curve": "stepped" },
					{ "time": 0.0333 }
				]
			},
			"foot_2": {
				"rotate": [
					{ "curve": "stepped" },
					{ "time": 0.0333 }
				],
				"translate": [
					{ "x": -69.96, "y": 49.01, "curve": "stepped" },
					{ "time": 0.0333, "x": -69.96, "y": 49.01 }
				],
				"scale": [
					{ "curve": "stepped" },
					{ "time": 0.0333 }
				]
			},
			"foot_3": {
				"rotate": [
					{ "curve": "stepped" },
					{ "time": 0.0333 }
				],
				"translate": [
					{ "x": -35.67, "y": 42.95, "curve": "stepped" },
					{ "time": 0.0333, "x": -35.67, "y": 42.95 }
				],
				"scale": [
					{ "curve": "stepped" },
					{ "time": 0.0333 }
				]
			},
			"eye_2": {
				"rotate": [
					{ "curve": "stepped" },
					{ "time": 0.0333 }
				],
				"translate": [
					{ "curve": "stepped" },
					{ "time": 0.0333 }
				],
				"scale": [
					{ "curve": "stepped" },
					{ "time": 0.0333 }
				]
			},
			"toc": {
				"rotate": [
					{ "value": -26.29, "curve": "stepped" },
					{ "time": 0.0333, "value": -26.29 }
				],
				"translate": [
					{ "x": 78.22, "y": 13.98, "curve": "stepped" },
					{ "time": 0.0333, "x": 78.22, "y": 13.98 }
				],
				"scale": [
					{ "y": 1.062, "curve": "stepped" },
					{ "time": 0.0333, "y": 1.062 }
				]
			},
			"tist_1": {
				"translate": [
					{ "x": -18.85, "y": 7.56, "curve": "stepped" },
					{ "time": 0.0333, "x": -18.85, "y": 7.56 }
				]
			},
			"tist_2": {
				"translate": [
					{ "x": -18.79, "y": 31.28, "curve": "stepped" },
					{ "time": 0.0333, "x": -18.79, "y": 31.28 }
				]
			},
			"move": {
				"scale": [
					{ "x": -1, "curve": "stepped" },
					{ "time": 0.0333, "x": -1 }
				]
			},
			"feelling_1": {
				"translate": [
					{ "x": 110.74, "y": 525.4, "curve": "stepped" },
					{ "time": 0.0333, "x": 110.74, "y": 525.4 }
				]
			}
		},
		"ik": {
			"foot_1": [
				{ "stretch": true, "curve": "stepped" },
				{ "time": 0.0333, "stretch": true }
			],
			"foot_2": [
				{ "mix": 0.984, "stretch": true, "curve": "stepped" },
				{ "time": 0.0333, "mix": 0.984, "stretch": true }
			]
		},
		"attachments": {
			"default": {
				"vay_1": {
					"vay_1": {
						"deform": [
							{
								"vertices": [ 29.10776, 44.7733, 23.05252, 31.97932, 24.49481, 30.60893, 19.43256, 20.78442, 19.7881, 20.11596, 18.59506, 19.13953, 19.43832, 14.02747, 20.86885, 7.45942, 22.48311, -2.76029, 21.56877, -3.9094, 30.78143, -12.07698, 20.64484, -11.32067, 19.68269, -12.03617, 11.05759, -10.80654, 10.11977, -11.00372, 9.17786, -11.1626, 4.76762, -8.39622, 3.91927, -8.31129, 3.07675, -8.19172, 6.06039, -3.92237, 5.3927, -3.88533, 4.72795, -3.821, 5.63039, 2.07536, 5.1927, 2.07823, 4.75595, 2.09902, 4.32053, 2.13722, 9.75034, 7.81154, 9.56305, 7.62626, 9.36887, 7.4488, 9.16776, 7.27922, 7.75693, 11.18754, 7.72264, 11.01468, 7.68155, 10.84315, 8.04626, 13.16017, 8.17374, 13.0353, 8.29578, 12.90551, 8.18979, 13.31846, 8.33069, 13.0668, 5.84799, 11.13132, 5.40448, 11.57288, 3.84961, 9.18296, 3.4577, 9.59166, 14.54572, 3.81709, 14.3378, 5.4072, 16.51721, -1.70836, 15.40128, -0.08934, 9.90671, 3.00386, 9.45685, 4.32819, 11.41287, 6.41422, 11.02719, 7.80427, 13.67459, 10.40713, 13.2525, 12.14136, 9.35049, 17.88649, 9.56537, 17.17369, 7.69656, 21.99769, 8.00684, 21.61212, 8.30249, 21.21446, 11.86418, 25.78435, 12.26346, 25.42304, 12.64804, 25.04573, 8.97835, 24.37082, 9.34773, 24.20567, 9.71051, 24.02591, 10.06583, 23.8314, 10.93837, 23.48004, 11.44366, 22.89229, 11.92548, 22.28493, 12.38217, 21.65827, 15.07886, 22.78506, 15.6154, 21.93856, 16.11783, 21.07138, 15.80771, 23.88238, 16.42787, 22.91213, 17.00812, 21.91778, 17.15895, 27.95055, 17.9059, 27.09563, 18.61716, 26.21137, 21.83339, 35.39282, 22.93336, 34.38919 ],
								"curve": "stepped"
							},
							{
								"time": 0.0333,
								"vertices": [ 29.10776, 44.7733, 23.05252, 31.97932, 24.49481, 30.60893, 19.43256, 20.78442, 19.7881, 20.11596, 18.59506, 19.13953, 19.43832, 14.02747, 20.86885, 7.45942, 22.48311, -2.76029, 21.56877, -3.9094, 30.78143, -12.07698, 20.64484, -11.32067, 19.68269, -12.03617, 11.05759, -10.80654, 10.11977, -11.00372, 9.17786, -11.1626, 4.76762, -8.39622, 3.91927, -8.31129, 3.07675, -8.19172, 6.06039, -3.92237, 5.3927, -3.88533, 4.72795, -3.821, 5.63039, 2.07536, 5.1927, 2.07823, 4.75595, 2.09902, 4.32053, 2.13722, 9.75034, 7.81154, 9.56305, 7.62626, 9.36887, 7.4488, 9.16776, 7.27922, 7.75693, 11.18754, 7.72264, 11.01468, 7.68155, 10.84315, 8.04626, 13.16017, 8.17374, 13.0353, 8.29578, 12.90551, 8.18979, 13.31846, 8.33069, 13.0668, 5.84799, 11.13132, 5.40448, 11.57288, 3.84961, 9.18296, 3.4577, 9.59166, 14.54572, 3.81709, 14.3378, 5.4072, 16.51721, -1.70836, 15.40128, -0.08934, 9.90671, 3.00386, 9.45685, 4.32819, 11.41287, 6.41422, 11.02719, 7.80427, 13.67459, 10.40713, 13.2525, 12.14136, 9.35049, 17.88649, 9.56537, 17.17369, 7.69656, 21.99769, 8.00684, 21.61212, 8.30249, 21.21446, 11.86418, 25.78435, 12.26346, 25.42304, 12.64804, 25.04573, 8.97835, 24.37082, 9.34773, 24.20567, 9.71051, 24.02591, 10.06583, 23.8314, 10.93837, 23.48004, 11.44366, 22.89229, 11.92548, 22.28493, 12.38217, 21.65827, 15.07886, 22.78506, 15.6154, 21.93856, 16.11783, 21.07138, 15.80771, 23.88238, 16.42787, 22.91213, 17.00812, 21.91778, 17.15895, 27.95055, 17.9059, 27.09563, 18.61716, 26.21137, 21.83339, 35.39282, 22.93336, 34.38919 ]
							}
						]
					}
				}
			}
		}
	}
}
}