{
"skeleton": { "hash": "JlmMtPndSy8", "spine": "4.1.24", "x": -388.28, "y": -425.09, "width": 724.41, "height": 1282.48 },
"bones": [
	{ "name": "root", "rotation": 0.2 },
	{ "name": "move", "parent": "root", "x": -119.99, "scaleX": -1 },
	{ "name": "main", "parent": "move", "y": 256.6 },
	{ "name": "hip", "parent": "main" },
	{ "name": "body", "parent": "hip", "length": 26.97, "rotation": 90 },
	{ "name": "body2", "parent": "body", "length": 26.97, "x": 26.97 },
	{ "name": "body3", "parent": "body2", "length": 26.97, "x": 26.97 },
	{ "name": "body4", "parent": "body3", "length": 26.97, "rotation": -0.06, "x": 26.97 },
	{ "name": "body5", "parent": "body4", "length": 26.97, "x": 26.97 },
	{ "name": "body6", "parent": "body5", "length": 26.97, "x": 26.97 },
	{ "name": "body7", "parent": "body6", "length": 26.97, "x": 26.97 },
	{ "name": "body8", "parent": "body7", "length": 26.97, "x": 26.97 },
	{ "name": "head", "parent": "body8", "length": 135.67, "x": 24.75 },
	{ "name": "feeling_3", "parent": "head", "rotation": -0.18, "x": 87.53, "y": 30.96 },
	{ "name": "emoji", "parent": "head", "rotation": -90, "x": 62, "y": 1.49 },
	{ "name": "shouder_1", "parent": "body7", "length": 100.06, "rotation": -90, "x": 15.39, "y": 0.02 },
	{ "name": "arm_1", "parent": "shouder_1", "length": 100.06, "x": 94.79 },
	{ "name": "shouder_2", "parent": "body7", "length": 100.06, "rotation": 90, "x": 15.39, "y": 0.02 },
	{ "name": "arm_2", "parent": "shouder_2", "length": 100.06, "x": 94.79 },
	{ "name": "thigh_1", "parent": "main", "length": 134.15, "rotation": -90, "x": -0.54, "y": 4.23 },
	{ "name": "leg_1", "parent": "thigh_1", "length": 134.15, "x": 128.14 },
	{ "name": "thigh_2", "parent": "main", "length": 134.15, "rotation": -90, "x": -0.1, "y": 4.23 },
	{ "name": "leg_2", "parent": "thigh_2", "length": 134.15, "x": 128.14 },
	{ "name": "foot_2", "parent": "move", "x": 0.16, "y": -2.18 },
	{ "name": "foot_3", "parent": "move", "x": 0.1, "y": -2.12 },
	{
		"name": "feeling_5",
		"parent": "head",
		"rotation": -0.18,
		"x": 87.53,
		"y": -25.11,
		"scaleX": 2,
		"scaleY": 2
	},
	{ "name": "item_1", "parent": "move", "x": -1.93, "y": 450.24 },
	{ "name": "feeling_1", "parent": "main", "rotation": -20.17, "x": 72.35, "y": 376.02 },
	{ "name": "feeling_2", "parent": "main", "rotation": -20.17, "x": 72.35, "y": 376.02 },
	{ "name": "hair_1", "parent": "main", "rotation": 0.07, "x": -120, "y": -254.77 }
],
"slots": [
	{ "name": "bg_gane_play", "bone": "root", "color": "ffffff4f" },
	{ "name": "body", "bone": "hip", "color": "000000ff", "attachment": "body" },
	{ "name": "shoulder1", "bone": "shouder_1", "color": "000000ff" },
	{ "name": "shoulder3", "bone": "shouder_2", "color": "000000ff" },
	{ "name": "shoulder2", "bone": "arm_1", "color": "000000ff" },
	{ "name": "shoulder4", "bone": "arm_2", "color": "000000ff" },
	{ "name": "thigh", "bone": "thigh_1", "color": "000000ff", "attachment": "thigh" },
	{ "name": "thigh3", "bone": "thigh_2", "color": "000000ff", "attachment": "thigh" },
	{ "name": "thigh2", "bone": "leg_1", "color": "000000ff", "attachment": "thigh" },
	{ "name": "thigh4", "bone": "leg_2", "color": "000000ff", "attachment": "thigh" },
	{ "name": "head", "bone": "head", "attachment": "head" },
	{ "name": "Emoji", "bone": "emoji" },
	{ "name": "feeling_5", "bone": "feeling_5" },
	{ "name": "feeling_2", "bone": "feeling_2" }
],
"ik": [
	{
		"name": "foot_1",
		"bones": [ "thigh_1", "leg_1" ],
		"target": "foot_2",
		"mix": 0,
		"stretch": true
	},
	{
		"name": "foot_2",
		"order": 1,
		"bones": [ "thigh_2", "leg_2" ],
		"target": "foot_3",
		"mix": 0,
		"stretch": true
	}
],
"skins": [
	{
		"name": "default",
		"attachments": {
			"body": {
				"body": {
					"type": "mesh",
					"uvs": [ 1, 1, 0, 1, 0, 0.875, 0, 0.75, 0, 0.625, 0, 0.5, 0, 0.375, 0, 0.25, 0, 0.125, 0, 0, 1, 0, 1, 0.125, 1, 0.25, 1, 0.375, 1, 0.5, 1, 0.625, 1, 0.75, 1, 0.875 ],
					"triangles": [ 7, 8, 11, 11, 8, 10, 8, 9, 10, 12, 7, 11, 13, 6, 12, 6, 7, 12, 14, 5, 13, 5, 6, 13, 15, 4, 14, 4, 5, 14, 16, 3, 15, 3, 4, 15, 2, 3, 16, 0, 1, 17, 1, 2, 17, 17, 2, 16 ],
					"vertices": [ 1, 4, -1.7, -5.5, 1, 1, 4, -1.7, 5.5, 1, 2, 4, 25.68, 5.5, 0.70301, 5, -1.29, 5.5, 0.29699, 2, 5, 26.08, 5.5, 0.65569, 6, -0.88, 5.5, 0.34431, 2, 6, 26.49, 5.5, 0.55905, 7, -0.48, 5.5, 0.44095, 2, 7, 26.9, 5.5, 0.51367, 8, -0.07, 5.5, 0.48633, 2, 8, 27.3, 5.5, 0.41705, 9, 0.33, 5.5, 0.58295, 2, 9, 27.71, 5.5, 0.38565, 10, 0.74, 5.5, 0.61435, 2, 10, 28.11, 5.5, 0.36868, 11, 1.14, 5.5, 0.63132, 1, 11, 28.52, 5.5, 1, 1, 11, 28.52, -5.5, 1, 2, 10, 28.11, -5.5, 0.3064, 11, 1.14, -5.5, 0.6936, 2, 9, 27.71, -5.5, 0.40945, 10, 0.74, -5.5, 0.59055, 2, 8, 27.3, -5.5, 0.44404, 9, 0.33, -5.5, 0.55596, 2, 7, 26.9, -5.5, 0.52991, 8, -0.07, -5.5, 0.47009, 2, 6, 26.49, -5.5, 0.58474, 7, -0.48, -5.5, 0.41526, 2, 5, 26.08, -5.5, 0.62061, 6, -0.88, -5.5, 0.37939, 2, 4, 25.68, -5.5, 0.65664, 5, -1.29, -5.5, 0.34336 ],
					"hull": 18
				}
			},
			"Emoji": {
				"Emoji/dau lau": { "y": 0.5, "width": 114, "height": 105 },
				"Emoji/emo_66": { "x": 0.5, "width": 115, "height": 112 },
				"Emoji/new/emo_10": { "y": 0.5, "width": 96, "height": 73 }
			},
			"feeling_2": {
				"mo_hoi": { "x": 0.5, "y": 0.5, "width": 19, "height": 41 }
			},
			"feeling_5": {
				"giat_minh": { "width": 70, "height": 66 }
			},
			"head": {
				"head": { "x": 68.85, "rotation": -89.87, "width": 144, "height": 144 }
			},
			"shoulder1": {
				"shoulder": { "x": 49.22, "rotation": -90, "width": 15, "height": 105 }
			},
			"shoulder2": {
				"shoulder": { "x": 49.22, "rotation": -90, "width": 15, "height": 105 }
			},
			"shoulder3": {
				"shoulder": { "x": 49.22, "rotation": -90, "width": 15, "height": 105 }
			},
			"shoulder4": {
				"shoulder": { "x": 50.57, "rotation": -90, "width": 15, "height": 105 }
			},
			"thigh": {
				"thigh": { "x": 66.01, "rotation": -90, "width": 14, "height": 137 }
			},
			"thigh2": {
				"thigh": { "x": 66.01, "rotation": -90, "width": 14, "height": 137 }
			},
			"thigh3": {
				"thigh": { "x": 66.01, "rotation": -90, "width": 14, "height": 137 }
			},
			"thigh4": {
				"thigh": { "x": 66.01, "rotation": -90, "width": 14, "height": 137 }
			}
		}
	}
],
"animations": {
	"t_33_1_be": {
		"slots": {
			"body": {
				"rgba": [
					{ "color": "000000ff", "curve": "stepped" },
					{ "time": 0.0333, "color": "000000ff" }
				]
			},
			"Emoji": {
				"attachment": [
					{ "name": "Emoji/emo_66" },
					{ "time": 0.0333, "name": "Emoji/emo_66" }
				]
			},
			"feeling_2": {
				"attachment": [
					{ "name": "mo_hoi" },
					{ "time": 0.0333, "name": "mo_hoi" }
				]
			},
			"feeling_5": {
				"attachment": [
					{ "name": "giat_minh" },
					{ "time": 0.0333, "name": "giat_minh" }
				]
			},
			"head": {
				"rgba": [
					{ "color": "ffffffff", "curve": "stepped" },
					{ "time": 0.0333, "color": "ffffffff" }
				],
				"attachment": [
					{ "name": "head" },
					{ "time": 0.0333, "name": "head" }
				]
			},
			"shoulder1": {
				"rgba": [
					{ "color": "000000ff", "curve": "stepped" },
					{ "time": 0.0333, "color": "000000ff" }
				],
				"attachment": [
					{ "name": "shoulder" },
					{ "time": 0.0333, "name": "shoulder" }
				]
			},
			"shoulder2": {
				"rgba": [
					{ "color": "000000ff", "curve": "stepped" },
					{ "time": 0.0333, "color": "000000ff" }
				],
				"attachment": [
					{ "name": "shoulder" },
					{ "time": 0.0333, "name": "shoulder" }
				]
			},
			"shoulder3": {
				"rgba": [
					{ "color": "000000ff", "curve": "stepped" },
					{ "time": 0.0333, "color": "000000ff" }
				],
				"attachment": [
					{},
					{ "time": 0.0333 }
				]
			},
			"shoulder4": {
				"rgba": [
					{ "color": "000000ff", "curve": "stepped" },
					{ "time": 0.0333, "color": "000000ff" }
				],
				"attachment": [
					{},
					{ "time": 0.0333 }
				]
			},
			"thigh": {
				"rgba": [
					{ "color": "000000ff", "curve": "stepped" },
					{ "time": 0.0333, "color": "000000ff" }
				]
			},
			"thigh2": {
				"rgba": [
					{ "color": "000000ff", "curve": "stepped" },
					{ "time": 0.0333, "color": "000000ff" }
				]
			},
			"thigh3": {
				"rgba": [
					{ "color": "000000ff", "curve": "stepped" },
					{ "time": 0.0333, "color": "000000ff" }
				]
			},
			"thigh4": {
				"rgba": [
					{ "color": "000000ff", "curve": "stepped" },
					{ "time": 0.0333, "color": "000000ff" }
				]
			}
		},
		"bones": {
			"head": {
				"rotate": [
					{ "value": 14.06, "curve": "stepped" },
					{ "time": 0.0333, "value": 14.06 }
				],
				"translate": [
					{ "x": 4.6, "y": -6.31, "curve": "stepped" },
					{ "time": 0.0333, "x": 4.6, "y": -6.31 }
				],
				"scale": [
					{ "curve": "stepped" },
					{ "time": 0.0333 }
				]
			},
			"root": {
				"rotate": [
					{ "curve": "stepped" },
					{ "time": 0.0333 }
				],
				"translate": [
					{ "curve": "stepped" },
					{ "time": 0.0333 }
				]
			},
			"main": {
				"rotate": [
					{ "value": -18.31, "curve": "stepped" },
					{ "time": 0.0333, "value": -18.31 }
				],
				"translate": [
					{ "x": 40.01, "y": -47.45, "curve": "stepped" },
					{ "time": 0.0333, "x": 40.01, "y": -47.45 }
				]
			},
			"hip": {
				"rotate": [
					{ "curve": "stepped" },
					{ "time": 0.0333 }
				],
				"translate": [
					{ "curve": "stepped" },
					{ "time": 0.0333 }
				]
			},
			"body": {
				"rotate": [
					{ "value": 1.77, "curve": "stepped" },
					{ "time": 0.0333, "value": 1.77 }
				],
				"translate": [
					{ "curve": "stepped" },
					{ "time": 0.0333 }
				],
				"scale": [
					{ "curve": "stepped" },
					{ "time": 0.0333 }
				]
			},
			"body2": {
				"rotate": [
					{ "value": 1.77, "curve": "stepped" },
					{ "time": 0.0333, "value": 1.77 }
				],
				"translate": [
					{ "curve": "stepped" },
					{ "time": 0.0333 }
				],
				"scale": [
					{ "curve": "stepped" },
					{ "time": 0.0333 }
				]
			},
			"body3": {
				"rotate": [
					{ "value": 1.77, "curve": "stepped" },
					{ "time": 0.0333, "value": 1.77 }
				],
				"translate": [
					{ "curve": "stepped" },
					{ "time": 0.0333 }
				],
				"scale": [
					{ "curve": "stepped" },
					{ "time": 0.0333 }
				]
			},
			"body4": {
				"rotate": [
					{ "value": 1.77, "curve": "stepped" },
					{ "time": 0.0333, "value": 1.77 }
				],
				"translate": [
					{ "curve": "stepped" },
					{ "time": 0.0333 }
				],
				"scale": [
					{ "curve": "stepped" },
					{ "time": 0.0333 }
				]
			},
			"body5": {
				"rotate": [
					{ "value": 1.77, "curve": "stepped" },
					{ "time": 0.0333, "value": 1.77 }
				],
				"translate": [
					{ "curve": "stepped" },
					{ "time": 0.0333 }
				],
				"scale": [
					{ "curve": "stepped" },
					{ "time": 0.0333 }
				]
			},
			"body6": {
				"rotate": [
					{ "value": 1.77, "curve": "stepped" },
					{ "time": 0.0333, "value": 1.77 }
				],
				"translate": [
					{ "curve": "stepped" },
					{ "time": 0.0333 }
				],
				"scale": [
					{ "curve": "stepped" },
					{ "time": 0.0333 }
				]
			},
			"body7": {
				"rotate": [
					{ "value": 1.77, "curve": "stepped" },
					{ "time": 0.0333, "value": 1.77 }
				],
				"translate": [
					{ "curve": "stepped" },
					{ "time": 0.0333 }
				],
				"scale": [
					{ "curve": "stepped" },
					{ "time": 0.0333 }
				]
			},
			"body8": {
				"rotate": [
					{ "value": 1.77, "curve": "stepped" },
					{ "time": 0.0333, "value": 1.77 }
				],
				"translate": [
					{ "curve": "stepped" },
					{ "time": 0.0333 }
				],
				"scale": [
					{ "curve": "stepped" },
					{ "time": 0.0333 }
				]
			},
			"feeling_3": {
				"rotate": [
					{ "value": -106.62, "curve": "stepped" },
					{ "time": 0.0333, "value": -106.62 }
				],
				"translate": [
					{ "x": -22.75, "y": 58.45, "curve": "stepped" },
					{ "time": 0.0333, "x": -22.75, "y": 58.45 }
				],
				"scale": [
					{ "x": 1.598, "y": 1.598, "curve": "stepped" },
					{ "time": 0.0333, "x": 1.598, "y": 1.598 }
				]
			},
			"emoji": {
				"rotate": [
					{ "value": 32.91, "curve": "stepped" },
					{ "time": 0.0333, "value": 32.91 }
				],
				"translate": [
					{ "x": 16.68, "y": -14.38, "curve": "stepped" },
					{ "time": 0.0333, "x": 16.68, "y": -14.38 }
				],
				"scale": [
					{ "x": -1.005, "y": 1.005, "curve": "stepped" },
					{ "time": 0.0333, "x": -1.005, "y": 1.005 }
				]
			},
			"shouder_1": {
				"rotate": [
					{ "value": -119.57, "curve": "stepped" },
					{ "time": 0.0333, "value": -119.57 }
				],
				"translate": [
					{ "x": 44.12, "y": 0.59, "curve": "stepped" },
					{ "time": 0.0333, "x": 44.12, "y": 0.59 }
				],
				"scale": [
					{ "curve": "stepped" },
					{ "time": 0.0333 }
				]
			},
			"arm_1": {
				"rotate": [
					{ "value": 28.09, "curve": "stepped" },
					{ "time": 0.0333, "value": 28.09 }
				],
				"translate": [
					{ "x": 2.02, "y": 0.08, "curve": "stepped" },
					{ "time": 0.0333, "x": 2.02, "y": 0.08 }
				],
				"scale": [
					{ "curve": "stepped" },
					{ "time": 0.0333 }
				]
			},
			"shouder_2": {
				"rotate": [
					{ "value": 114.53, "curve": "stepped" },
					{ "time": 0.0333, "value": 114.53 }
				],
				"translate": [
					{ "x": 32.93, "y": -0.6, "curve": "stepped" },
					{ "time": 0.0333, "x": 32.93, "y": -0.6 }
				],
				"scale": [
					{ "curve": "stepped" },
					{ "time": 0.0333 }
				]
			},
			"arm_2": {
				"rotate": [
					{ "value": 37.14, "curve": "stepped" },
					{ "time": 0.0333, "value": 37.14 }
				],
				"translate": [
					{ "curve": "stepped" },
					{ "time": 0.0333 }
				],
				"scale": [
					{ "curve": "stepped" },
					{ "time": 0.0333 }
				]
			},
			"thigh_1": {
				"rotate": [
					{ "value": 24.72, "curve": "stepped" },
					{ "time": 0.0333, "value": 24.72 }
				],
				"translate": [
					{ "curve": "stepped" },
					{ "time": 0.0333 }
				],
				"scale": [
					{ "curve": "stepped" },
					{ "time": 0.0333 }
				]
			},
			"leg_1": {
				"rotate": [
					{ "curve": "stepped" },
					{ "time": 0.0333 }
				],
				"translate": [
					{ "curve": "stepped" },
					{ "time": 0.0333 }
				],
				"scale": [
					{ "curve": "stepped" },
					{ "time": 0.0333 }
				]
			},
			"thigh_2": {
				"rotate": [
					{ "value": 39.21, "curve": "stepped" },
					{ "time": 0.0333, "value": 39.21 }
				],
				"translate": [
					{ "curve": "stepped" },
					{ "time": 0.0333 }
				],
				"scale": [
					{ "curve": "stepped" },
					{ "time": 0.0333 }
				]
			},
			"leg_2": {
				"rotate": [
					{ "value": 18.14, "curve": "stepped" },
					{ "time": 0.0333, "value": 18.14 }
				],
				"translate": [
					{ "curve": "stepped" },
					{ "time": 0.0333 }
				]
			},
			"foot_2": {
				"rotate": [
					{ "curve": "stepped" },
					{ "time": 0.0333 }
				],
				"translate": [
					{ "x": -88.92, "y": 4.45, "curve": "stepped" },
					{ "time": 0.0333, "x": -88.92, "y": 4.45 }
				]
			},
			"foot_3": {
				"rotate": [
					{ "curve": "stepped" },
					{ "time": 0.0333 }
				],
				"translate": [
					{ "x": 127.57, "y": 0.1, "curve": "stepped" },
					{ "time": 0.0333, "x": 127.57, "y": 0.1 }
				]
			},
			"feeling_5": {
				"rotate": [
					{ "value": -85.3, "curve": "stepped" },
					{ "time": 0.0333, "value": -85.3 }
				],
				"translate": [
					{ "x": 61.66, "y": -46.03, "curve": "stepped" },
					{ "time": 0.0333, "x": 61.66, "y": -46.03 }
				],
				"scale": [
					{ "x": 0.51, "y": 0.51, "curve": "stepped" },
					{ "time": 0.0333, "x": 0.51, "y": 0.51 }
				]
			},
			"item_1": {
				"rotate": [
					{ "value": -4.56, "curve": "stepped" },
					{ "time": 0.0333, "value": -4.56 }
				],
				"translate": [
					{ "x": 119.63, "y": 41.07, "curve": "stepped" },
					{ "time": 0.0333, "x": 119.63, "y": 41.07 }
				],
				"scale": [
					{ "x": -1.428, "y": 1.351, "curve": "stepped" },
					{ "time": 0.0333, "x": -1.428, "y": 1.351 }
				]
			},
			"feeling_1": {
				"rotate": [
					{ "value": 24.55, "curve": "stepped" },
					{ "time": 0.0333, "value": 24.55 }
				],
				"translate": [
					{ "x": -220.41, "y": -201.02, "curve": "stepped" },
					{ "time": 0.0333, "x": -220.41, "y": -201.02 }
				],
				"scale": [
					{ "x": -0.433, "y": 0.433, "curve": "stepped" },
					{ "time": 0.0333, "x": -0.433, "y": 0.433 }
				]
			},
			"move": {
				"translate": [
					{ "x": 119.99, "y": 0.12, "curve": "stepped" },
					{ "time": 0.0333, "x": 119.99, "y": 0.12 }
				],
				"scale": [
					{ "x": -1, "curve": "stepped" },
					{ "time": 0.0333, "x": -1 }
				]
			},
			"feeling_2": {
				"rotate": [
					{ "value": 46.82, "curve": "stepped" },
					{ "time": 0.0333, "value": 46.82 }
				],
				"translate": [
					{ "x": -153.96, "y": -123.62, "curve": "stepped" },
					{ "time": 0.0333, "x": -153.96, "y": -123.62 }
				],
				"scale": [
					{ "x": -0.952, "y": 0.952, "curve": "stepped" },
					{ "time": 0.0333, "x": -0.952, "y": 0.952 }
				]
			},
			"hair_1": {
				"rotate": [
					{ "value": -3.49, "curve": "stepped" },
					{ "time": 0.0333, "value": -3.49 }
				],
				"translate": [
					{ "x": 132.15, "y": 580.18, "curve": "stepped" },
					{ "time": 0.0333, "x": 132.15, "y": 580.18 }
				],
				"scale": [
					{ "x": -1.445, "y": 1.445, "curve": "stepped" },
					{ "time": 0.0333, "x": -1.445, "y": 1.445 }
				]
			}
		},
		"ik": {
			"foot_1": [
				{
					"bendPositive": false,
					"stretch": true,
					"curve": [ 0.008, 1, 0.025, 1, 0.008, 0, 0.025, 0 ]
				},
				{ "time": 0.0333, "bendPositive": false, "stretch": true }
			],
			"foot_2": [
				{
					"bendPositive": false,
					"stretch": true,
					"curve": [ 0.008, 1, 0.025, 1, 0.008, 0, 0.025, 0 ]
				},
				{ "time": 0.0333, "bendPositive": false, "stretch": true }
			]
		},
		"drawOrder": [
			{
				"offsets": [
					{ "slot": "feeling_5", "offset": 1 }
				]
			},
			{
				"time": 0.0333,
				"offsets": [
					{ "slot": "feeling_5", "offset": 1 }
				]
			}
		]
	},
	"t_33_1_lose": {
		"slots": {
			"body": {
				"rgba": [
					{ "color": "000000ff", "curve": "stepped" },
					{ "time": 0.6667, "color": "000000ff" }
				]
			},
			"Emoji": {
				"rgba": [
					{ "color": "ffffffff", "curve": "stepped" },
					{ "time": 0.0333, "color": "ffffffff", "curve": "stepped" },
					{ "time": 0.1, "color": "000000ff", "curve": "stepped" },
					{ "time": 0.1667, "color": "ffffffff", "curve": "stepped" },
					{ "time": 0.2333, "color": "ffffffff", "curve": "stepped" },
					{ "time": 0.3, "color": "000000ff", "curve": "stepped" },
					{ "time": 0.3667, "color": "ffffffff", "curve": "stepped" },
					{ "time": 0.4333, "color": "ffffffff", "curve": "stepped" },
					{ "time": 0.5, "color": "000000ff", "curve": "stepped" },
					{ "time": 0.5667, "color": "ffffffff", "curve": "stepped" },
					{ "time": 0.6667, "color": "ffffffff" }
				],
				"attachment": [
					{ "name": "Emoji/dau lau" },
					{ "time": 0.6667, "name": "Emoji/dau lau" }
				]
			},
			"feeling_2": {
				"attachment": [
					{ "name": "mo_hoi" },
					{ "time": 0.6667, "name": "mo_hoi" }
				]
			},
			"feeling_5": {
				"attachment": [
					{},
					{ "time": 0.6667 }
				]
			},
			"head": {
				"rgba": [
					{ "color": "000000ff", "curve": "stepped" },
					{ "time": 0.6667, "color": "000000ff" }
				],
				"attachment": [
					{ "name": "head" },
					{ "time": 0.6667, "name": "head" }
				]
			},
			"shoulder1": {
				"rgba": [
					{ "color": "000000ff", "curve": "stepped" },
					{ "time": 0.6667, "color": "000000ff" }
				],
				"attachment": [
					{ "name": "shoulder" },
					{ "time": 0.6667, "name": "shoulder" }
				]
			},
			"shoulder2": {
				"rgba": [
					{ "color": "000000ff", "curve": "stepped" },
					{ "time": 0.6667, "color": "000000ff" }
				],
				"attachment": [
					{ "name": "shoulder" },
					{ "time": 0.6667, "name": "shoulder" }
				]
			},
			"shoulder3": {
				"rgba": [
					{ "color": "000000ff", "curve": "stepped" },
					{ "time": 0.6667, "color": "000000ff" }
				],
				"attachment": [
					{ "name": "shoulder" },
					{ "time": 0.6667, "name": "shoulder" }
				]
			},
			"shoulder4": {
				"rgba": [
					{ "color": "000000ff", "curve": "stepped" },
					{ "time": 0.6667, "color": "000000ff" }
				],
				"attachment": [
					{ "name": "shoulder" },
					{ "time": 0.6667, "name": "shoulder" }
				]
			},
			"thigh": {
				"rgba": [
					{ "color": "000000ff", "curve": "stepped" },
					{ "time": 0.6667, "color": "000000ff" }
				]
			},
			"thigh2": {
				"rgba": [
					{ "color": "000000ff", "curve": "stepped" },
					{ "time": 0.6667, "color": "000000ff" }
				]
			},
			"thigh3": {
				"rgba": [
					{ "color": "000000ff", "curve": "stepped" },
					{ "time": 0.6667, "color": "000000ff" }
				]
			},
			"thigh4": {
				"rgba": [
					{ "color": "000000ff", "curve": "stepped" },
					{ "time": 0.6667, "color": "000000ff" }
				]
			}
		},
		"bones": {
			"head": {
				"rotate": [
					{ "value": 0.57, "curve": "stepped" },
					{ "time": 0.6667, "value": 0.57 }
				],
				"translate": [
					{ "x": 4.6, "y": -6.31, "curve": "stepped" },
					{ "time": 0.6667, "x": 4.6, "y": -6.31 }
				],
				"scale": [
					{ "curve": "stepped" },
					{ "time": 0.6667 }
				]
			},
			"root": {
				"rotate": [
					{ "curve": "stepped" },
					{ "time": 0.6667 }
				],
				"translate": [
					{ "curve": "stepped" },
					{ "time": 0.6667 }
				]
			},
			"main": {
				"rotate": [
					{ "value": 4.82, "curve": "stepped" },
					{ "time": 0.6667, "value": 4.82 }
				],
				"translate": [
					{ "x": 21.34, "y": -5.98, "curve": "stepped" },
					{ "time": 0.6667, "x": 21.34, "y": -5.98 }
				]
			},
			"hip": {
				"rotate": [
					{ "curve": "stepped" },
					{ "time": 0.6667 }
				],
				"translate": [
					{ "curve": "stepped" },
					{ "time": 0.6667 }
				]
			},
			"body": {
				"rotate": [
					{ "value": 1.75, "curve": "stepped" },
					{ "time": 0.6667, "value": 1.75 }
				],
				"translate": [
					{ "curve": "stepped" },
					{ "time": 0.6667 }
				],
				"scale": [
					{ "curve": "stepped" },
					{ "time": 0.6667 }
				]
			},
			"body2": {
				"rotate": [
					{ "value": 1.75, "curve": "stepped" },
					{ "time": 0.6667, "value": 1.75 }
				],
				"translate": [
					{ "curve": "stepped" },
					{ "time": 0.6667 }
				],
				"scale": [
					{ "curve": "stepped" },
					{ "time": 0.6667 }
				]
			},
			"body3": {
				"rotate": [
					{ "value": 1.75, "curve": "stepped" },
					{ "time": 0.6667, "value": 1.75 }
				],
				"translate": [
					{ "curve": "stepped" },
					{ "time": 0.6667 }
				],
				"scale": [
					{ "curve": "stepped" },
					{ "time": 0.6667 }
				]
			},
			"body4": {
				"rotate": [
					{ "value": 1.75, "curve": "stepped" },
					{ "time": 0.6667, "value": 1.75 }
				],
				"translate": [
					{ "curve": "stepped" },
					{ "time": 0.6667 }
				],
				"scale": [
					{ "curve": "stepped" },
					{ "time": 0.6667 }
				]
			},
			"body5": {
				"rotate": [
					{ "value": 1.75, "curve": "stepped" },
					{ "time": 0.6667, "value": 1.75 }
				],
				"translate": [
					{ "curve": "stepped" },
					{ "time": 0.6667 }
				],
				"scale": [
					{ "curve": "stepped" },
					{ "time": 0.6667 }
				]
			},
			"body6": {
				"rotate": [
					{ "value": 1.75, "curve": "stepped" },
					{ "time": 0.6667, "value": 1.75 }
				],
				"translate": [
					{ "curve": "stepped" },
					{ "time": 0.6667 }
				],
				"scale": [
					{ "curve": "stepped" },
					{ "time": 0.6667 }
				]
			},
			"body7": {
				"rotate": [
					{ "value": 1.75, "curve": "stepped" },
					{ "time": 0.6667, "value": 1.75 }
				],
				"translate": [
					{ "curve": "stepped" },
					{ "time": 0.6667 }
				],
				"scale": [
					{ "curve": "stepped" },
					{ "time": 0.6667 }
				]
			},
			"body8": {
				"rotate": [
					{ "value": 1.75, "curve": "stepped" },
					{ "time": 0.6667, "value": 1.75 }
				],
				"translate": [
					{ "curve": "stepped" },
					{ "time": 0.6667 }
				],
				"scale": [
					{ "curve": "stepped" },
					{ "time": 0.6667 }
				]
			},
			"feeling_3": {
				"rotate": [
					{ "value": -106.62, "curve": "stepped" },
					{ "time": 0.6667, "value": -106.62 }
				],
				"translate": [
					{ "x": -22.75, "y": 58.45, "curve": "stepped" },
					{ "time": 0.6667, "x": -22.75, "y": 58.45 }
				],
				"scale": [
					{ "x": 1.598, "y": 1.598, "curve": "stepped" },
					{ "time": 0.6667, "x": 1.598, "y": 1.598 }
				]
			},
			"emoji": {
				"rotate": [
					{ "value": 11.33, "curve": "stepped" },
					{ "time": 0.6667, "value": 11.33 }
				],
				"translate": [
					{ "x": 11.95, "y": -7.94, "curve": "stepped" },
					{ "time": 0.6667, "x": 11.95, "y": -7.94 }
				],
				"scale": [
					{ "x": -1.005, "y": 1.005, "curve": "stepped" },
					{ "time": 0.6667, "x": -1.005, "y": 1.005 }
				]
			},
			"shouder_1": {
				"rotate": [
					{ "value": -113.37, "curve": "stepped" },
					{ "time": 0.6667, "value": -113.37 }
				],
				"translate": [
					{ "x": 44.12, "y": 0.59, "curve": "stepped" },
					{ "time": 0.6667, "x": 44.12, "y": 0.59 }
				],
				"scale": [
					{ "curve": "stepped" },
					{ "time": 0.6667 }
				]
			},
			"arm_1": {
				"rotate": [
					{ "value": 2.71, "curve": "stepped" },
					{ "time": 0.6667, "value": 2.71 }
				],
				"translate": [
					{ "x": 2.02, "y": 0.08, "curve": "stepped" },
					{ "time": 0.6667, "x": 2.02, "y": 0.08 }
				],
				"scale": [
					{ "curve": "stepped" },
					{ "time": 0.6667 }
				]
			},
			"shouder_2": {
				"rotate": [
					{ "value": 120.78, "curve": "stepped" },
					{ "time": 0.6667, "value": 120.78 }
				],
				"translate": [
					{ "x": 39.67, "y": -1.54, "curve": "stepped" },
					{ "time": 0.6667, "x": 39.67, "y": -1.54 }
				],
				"scale": [
					{ "curve": "stepped" },
					{ "time": 0.6667 }
				]
			},
			"arm_2": {
				"rotate": [
					{ "value": -6.05, "curve": "stepped" },
					{ "time": 0.6667, "value": -6.05 }
				],
				"translate": [
					{ "curve": "stepped" },
					{ "time": 0.6667 }
				],
				"scale": [
					{ "curve": "stepped" },
					{ "time": 0.6667 }
				]
			},
			"thigh_1": {
				"rotate": [
					{ "value": 24.72, "curve": "stepped" },
					{ "time": 0.6667, "value": 24.72 }
				],
				"translate": [
					{ "curve": "stepped" },
					{ "time": 0.6667 }
				],
				"scale": [
					{ "curve": "stepped" },
					{ "time": 0.6667 }
				]
			},
			"leg_1": {
				"rotate": [
					{ "curve": "stepped" },
					{ "time": 0.6667 }
				],
				"translate": [
					{ "curve": "stepped" },
					{ "time": 0.6667 }
				],
				"scale": [
					{ "curve": "stepped" },
					{ "time": 0.6667 }
				]
			},
			"thigh_2": {
				"rotate": [
					{ "value": 39.21, "curve": "stepped" },
					{ "time": 0.6667, "value": 39.21 }
				],
				"translate": [
					{ "curve": "stepped" },
					{ "time": 0.6667 }
				],
				"scale": [
					{ "curve": "stepped" },
					{ "time": 0.6667 }
				]
			},
			"leg_2": {
				"rotate": [
					{ "value": 18.14, "curve": "stepped" },
					{ "time": 0.6667, "value": 18.14 }
				],
				"translate": [
					{ "curve": "stepped" },
					{ "time": 0.6667 }
				]
			},
			"foot_2": {
				"rotate": [
					{ "curve": "stepped" },
					{ "time": 0.6667 }
				],
				"translate": [
					{ "x": 55.45, "y": -20.04, "curve": "stepped" },
					{ "time": 0.6667, "x": 55.45, "y": -20.04 }
				]
			},
			"foot_3": {
				"rotate": [
					{ "curve": "stepped" },
					{ "time": 0.6667 }
				],
				"translate": [
					{ "x": 134.67, "y": 11.84, "curve": "stepped" },
					{ "time": 0.6667, "x": 134.67, "y": 11.84 }
				]
			},
			"feeling_5": {
				"rotate": [
					{ "value": -28.75, "curve": "stepped" },
					{ "time": 0.6667, "value": -28.75 }
				],
				"translate": [
					{ "x": 162.91, "y": 60.65, "curve": "stepped" },
					{ "time": 0.6667, "x": 162.91, "y": 60.65 }
				],
				"scale": [
					{ "x": 0.567, "y": 0.567, "curve": "stepped" },
					{ "time": 0.6667, "x": 0.567, "y": 0.567 }
				]
			},
			"item_1": {
				"rotate": [
					{ "value": 0.45, "curve": "stepped" },
					{ "time": 0.6667, "value": 0.45 }
				],
				"translate": [
					{ "x": 13.77, "y": -118.83, "curve": "stepped" },
					{ "time": 0.6667, "x": 13.77, "y": -118.83 }
				],
				"scale": [
					{ "x": 4, "y": 4, "curve": "stepped" },
					{ "time": 0.6667, "x": 4, "y": 4 }
				]
			},
			"feeling_1": {
				"rotate": [
					{ "value": 24.55, "curve": "stepped" },
					{ "time": 0.6667, "value": 24.55 }
				],
				"translate": [
					{ "x": -220.41, "y": -201.02, "curve": "stepped" },
					{ "time": 0.6667, "x": -220.41, "y": -201.02 }
				],
				"scale": [
					{ "x": -0.433, "y": 0.433, "curve": "stepped" },
					{ "time": 0.6667, "x": -0.433, "y": 0.433 }
				]
			},
			"move": {
				"translate": [
					{ "x": 119.99, "y": 0.12, "curve": "stepped" },
					{ "time": 0.6667, "x": 119.99, "y": 0.12 }
				],
				"scale": [
					{ "x": -1, "curve": "stepped" },
					{ "time": 0.6667, "x": -1 }
				]
			},
			"feeling_2": {
				"rotate": [
					{ "value": 29.4, "curve": "stepped" },
					{ "time": 0.6667, "value": 29.4 }
				],
				"translate": [
					{ "x": -133.59, "y": -130.88, "curve": "stepped" },
					{ "time": 0.6667, "x": -133.59, "y": -130.88 }
				],
				"scale": [
					{ "x": -0.768, "y": 0.768, "curve": "stepped" },
					{ "time": 0.6667, "x": -0.768, "y": 0.768 }
				]
			},
			"hair_1": {
				"rotate": [
					{ "value": -3.49, "curve": "stepped" },
					{ "time": 0.6667, "value": -3.49 }
				],
				"translate": [
					{ "x": 132.15, "y": 580.18, "curve": "stepped" },
					{ "time": 0.6667, "x": 132.15, "y": 580.18 }
				],
				"scale": [
					{ "x": -1.445, "y": 1.445, "curve": "stepped" },
					{ "time": 0.6667, "x": -1.445, "y": 1.445 }
				]
			}
		},
		"ik": {
			"foot_1": [
				{
					"bendPositive": false,
					"stretch": true,
					"curve": [ 0.167, 1, 0.5, 1, 0.167, 0, 0.5, 0 ]
				},
				{ "time": 0.6667, "bendPositive": false, "stretch": true }
			],
			"foot_2": [
				{
					"bendPositive": false,
					"stretch": true,
					"curve": [ 0.167, 1, 0.5, 1, 0.167, 0, 0.5, 0 ]
				},
				{ "time": 0.6667, "bendPositive": false, "stretch": true }
			]
		},
		"drawOrder": [
			{
				"offsets": [
					{ "slot": "feeling_5", "offset": 1 }
				]
			},
			{
				"time": 0.6667,
				"offsets": [
					{ "slot": "feeling_5", "offset": 1 }
				]
			}
		]
	},
	"t_33_1_win": {
		"slots": {
			"body": {
				"rgba": [
					{ "color": "000000ff", "curve": "stepped" },
					{ "time": 0.0333, "color": "000000ff" }
				]
			},
			"Emoji": {
				"attachment": [
					{ "name": "Emoji/new/emo_10" },
					{ "time": 0.0333, "name": "Emoji/new/emo_10" }
				]
			},
			"feeling_2": {
				"attachment": [
					{},
					{ "time": 0.0333 }
				]
			},
			"feeling_5": {
				"rgba": [
					{ "color": "000000ff", "curve": "stepped" },
					{ "time": 0.0333, "color": "000000ff" }
				],
				"attachment": [
					{},
					{ "time": 0.0333 }
				]
			},
			"head": {
				"rgba": [
					{ "color": "ffffffff", "curve": "stepped" },
					{ "time": 0.0333, "color": "ffffffff" }
				],
				"attachment": [
					{ "name": "head" },
					{ "time": 0.0333, "name": "head" }
				]
			},
			"shoulder1": {
				"rgba": [
					{ "color": "000000ff", "curve": "stepped" },
					{ "time": 0.0333, "color": "000000ff" }
				],
				"attachment": [
					{ "name": "shoulder" },
					{ "time": 0.0333, "name": "shoulder" }
				]
			},
			"shoulder2": {
				"rgba": [
					{ "color": "000000ff", "curve": "stepped" },
					{ "time": 0.0333, "color": "000000ff" }
				],
				"attachment": [
					{ "name": "shoulder" },
					{ "time": 0.0333, "name": "shoulder" }
				]
			},
			"shoulder3": {
				"rgba": [
					{ "color": "000000ff", "curve": "stepped" },
					{ "time": 0.0333, "color": "000000ff" }
				],
				"attachment": [
					{ "name": "shoulder" },
					{ "time": 0.0333, "name": "shoulder" }
				]
			},
			"shoulder4": {
				"rgba": [
					{ "color": "000000ff", "curve": "stepped" },
					{ "time": 0.0333, "color": "000000ff" }
				],
				"attachment": [
					{ "name": "shoulder" },
					{ "time": 0.0333, "name": "shoulder" }
				]
			},
			"thigh": {
				"rgba": [
					{ "color": "000000ff", "curve": "stepped" },
					{ "time": 0.0333, "color": "000000ff" }
				]
			},
			"thigh2": {
				"rgba": [
					{ "color": "000000ff", "curve": "stepped" },
					{ "time": 0.0333, "color": "000000ff" }
				]
			},
			"thigh3": {
				"rgba": [
					{ "color": "000000ff", "curve": "stepped" },
					{ "time": 0.0333, "color": "000000ff" }
				]
			},
			"thigh4": {
				"rgba": [
					{ "color": "000000ff", "curve": "stepped" },
					{ "time": 0.0333, "color": "000000ff" }
				]
			}
		},
		"bones": {
			"head": {
				"rotate": [
					{ "value": -18.6, "curve": "stepped" },
					{ "time": 0.0333, "value": -18.6 }
				],
				"translate": [
					{ "x": -2.61, "y": 3.93, "curve": "stepped" },
					{ "time": 0.0333, "x": -2.61, "y": 3.93 }
				],
				"scale": [
					{ "curve": "stepped" },
					{ "time": 0.0333 }
				]
			},
			"root": {
				"rotate": [
					{ "curve": "stepped" },
					{ "time": 0.0333 }
				],
				"translate": [
					{ "curve": "stepped" },
					{ "time": 0.0333 }
				]
			},
			"main": {
				"rotate": [
					{ "value": 3.58, "curve": "stepped" },
					{ "time": 0.0333, "value": 3.58 }
				],
				"translate": [
					{ "x": -1.44, "y": -51.59, "curve": "stepped" },
					{ "time": 0.0333, "x": -1.44, "y": -51.59 }
				]
			},
			"hip": {
				"rotate": [
					{ "curve": "stepped" },
					{ "time": 0.0333 }
				],
				"translate": [
					{ "curve": "stepped" },
					{ "time": 0.0333 }
				]
			},
			"body": {
				"rotate": [
					{ "value": -0.99, "curve": "stepped" },
					{ "time": 0.0333, "value": -0.99 }
				],
				"translate": [
					{ "curve": "stepped" },
					{ "time": 0.0333 }
				]
			},
			"body2": {
				"rotate": [
					{ "value": -0.99, "curve": "stepped" },
					{ "time": 0.0333, "value": -0.99 }
				],
				"translate": [
					{ "curve": "stepped" },
					{ "time": 0.0333 }
				]
			},
			"body3": {
				"rotate": [
					{ "value": -0.99, "curve": "stepped" },
					{ "time": 0.0333, "value": -0.99 }
				],
				"translate": [
					{ "curve": "stepped" },
					{ "time": 0.0333 }
				]
			},
			"body4": {
				"rotate": [
					{ "value": -1.9, "curve": "stepped" },
					{ "time": 0.0333, "value": -1.9 }
				],
				"translate": [
					{ "curve": "stepped" },
					{ "time": 0.0333 }
				]
			},
			"body5": {
				"rotate": [
					{ "value": -3.97, "curve": "stepped" },
					{ "time": 0.0333, "value": -3.97 }
				],
				"translate": [
					{ "curve": "stepped" },
					{ "time": 0.0333 }
				]
			},
			"body6": {
				"rotate": [
					{ "value": -0.41, "curve": "stepped" },
					{ "time": 0.0333, "value": -0.41 }
				],
				"translate": [
					{ "curve": "stepped" },
					{ "time": 0.0333 }
				]
			},
			"body7": {
				"rotate": [
					{ "value": -0.99, "curve": "stepped" },
					{ "time": 0.0333, "value": -0.99 }
				],
				"translate": [
					{ "curve": "stepped" },
					{ "time": 0.0333 }
				]
			},
			"body8": {
				"rotate": [
					{ "value": -0.99, "curve": "stepped" },
					{ "time": 0.0333, "value": -0.99 }
				],
				"translate": [
					{ "curve": "stepped" },
					{ "time": 0.0333 }
				]
			},
			"feeling_3": {
				"rotate": [
					{ "value": 26.84, "curve": "stepped" },
					{ "time": 0.0333, "value": 26.84 }
				],
				"translate": [
					{ "x": 142.25, "y": -21.63, "curve": "stepped" },
					{ "time": 0.0333, "x": 142.25, "y": -21.63 }
				],
				"scale": [
					{ "x": 1.443, "y": 1.443, "curve": "stepped" },
					{ "time": 0.0333, "x": 1.443, "y": 1.443 }
				]
			},
			"emoji": {
				"rotate": [
					{ "value": -1.07, "curve": "stepped" },
					{ "time": 0.0333, "value": -1.07 }
				],
				"translate": [
					{ "x": 6.42, "y": 18.44, "curve": "stepped" },
					{ "time": 0.0333, "x": 6.42, "y": 18.44 }
				],
				"scale": [
					{ "x": -0.9, "y": 1.13, "curve": "stepped" },
					{ "time": 0.0333, "x": -0.9, "y": 1.13 }
				]
			},
			"shouder_1": {
				"rotate": [
					{ "value": -111.66, "curve": "stepped" },
					{ "time": 0.0333, "value": -111.66 }
				],
				"translate": [
					{ "x": 32.05, "y": -3.69, "curve": "stepped" },
					{ "time": 0.0333, "x": 32.05, "y": -3.69 }
				],
				"scale": [
					{ "x": 1.037, "curve": "stepped" },
					{ "time": 0.0333, "x": 1.037 }
				],
				"shear": [
					{ "curve": "stepped" },
					{ "time": 0.0333 }
				]
			},
			"arm_1": {
				"rotate": [
					{ "value": -65.28, "curve": "stepped" },
					{ "time": 0.0333, "value": -65.28 }
				],
				"translate": [
					{ "x": 2.02, "y": 0.08, "curve": "stepped" },
					{ "time": 0.0333, "x": 2.02, "y": 0.08 }
				],
				"scale": [
					{ "x": 1.174, "y": 1.115, "curve": "stepped" },
					{ "time": 0.0333, "x": 1.174, "y": 1.115 }
				]
			},
			"shouder_2": {
				"rotate": [
					{ "value": 59.47, "curve": "stepped" },
					{ "time": 0.0333, "value": 59.47 }
				],
				"translate": [
					{ "x": 36.58, "y": -5.11, "curve": "stepped" },
					{ "time": 0.0333, "x": 36.58, "y": -5.11 }
				],
				"scale": [
					{ "x": 1.037, "curve": "stepped" },
					{ "time": 0.0333, "x": 1.037 }
				]
			},
			"arm_2": {
				"rotate": [
					{ "value": -51.84, "curve": "stepped" },
					{ "time": 0.0333, "value": -51.84 }
				],
				"translate": [
					{ "curve": "stepped" },
					{ "time": 0.0333 }
				],
				"scale": [
					{ "curve": "stepped" },
					{ "time": 0.0333 }
				]
			},
			"thigh_1": {
				"rotate": [
					{ "value": -44.84, "curve": "stepped" },
					{ "time": 0.0333, "value": -44.84 }
				],
				"translate": [
					{ "curve": "stepped" },
					{ "time": 0.0333 }
				]
			},
			"leg_1": {
				"rotate": [
					{ "value": 45.63, "curve": "stepped" },
					{ "time": 0.0333, "value": 45.63 }
				],
				"translate": [
					{ "curve": "stepped" },
					{ "time": 0.0333 }
				]
			},
			"thigh_2": {
				"rotate": [
					{ "value": -37.54, "curve": "stepped" },
					{ "time": 0.0333, "value": -37.54 }
				],
				"translate": [
					{ "curve": "stepped" },
					{ "time": 0.0333 }
				],
				"scale": [
					{ "curve": "stepped" },
					{ "time": 0.0333 }
				]
			},
			"leg_2": {
				"rotate": [
					{ "value": 38.6, "curve": "stepped" },
					{ "time": 0.0333, "value": 38.6 }
				],
				"translate": [
					{ "curve": "stepped" },
					{ "time": 0.0333 }
				]
			},
			"foot_2": {
				"rotate": [
					{ "value": -1.35, "curve": "stepped" },
					{ "time": 0.0333, "value": -1.35 }
				],
				"translate": [
					{ "x": -170.01, "y": 22.2, "curve": "stepped" },
					{ "time": 0.0333, "x": -170.01, "y": 22.2 }
				]
			},
			"foot_3": {
				"rotate": [
					{ "curve": "stepped" },
					{ "time": 0.0333 }
				],
				"translate": [
					{ "x": 174.01, "y": 86.06, "curve": "stepped" },
					{ "time": 0.0333, "x": 174.01, "y": 86.06 }
				]
			},
			"feeling_5": {
				"rotate": [
					{ "value": -104.05, "curve": "stepped" },
					{ "time": 0.0333, "value": -104.05 }
				],
				"translate": [
					{ "x": 55.55, "y": -67.55, "curve": "stepped" },
					{ "time": 0.0333, "x": 55.55, "y": -67.55 }
				],
				"scale": [
					{ "x": 0.389, "y": 0.389, "curve": "stepped" },
					{ "time": 0.0333, "x": 0.389, "y": 0.389 }
				]
			},
			"move": {
				"translate": [
					{ "x": 119.99, "y": -0.27, "curve": "stepped" },
					{ "time": 0.0333, "x": 119.99, "y": -0.27 }
				],
				"scale": [
					{ "curve": "stepped" },
					{ "time": 0.0333 }
				]
			},
			"feeling_1": {
				"rotate": [
					{ "value": -5.01, "curve": "stepped" },
					{ "time": 0.0333, "value": -5.01 }
				],
				"translate": [
					{ "x": -17.36, "y": -104.76, "curve": "stepped" },
					{ "time": 0.0333, "x": -17.36, "y": -104.76 }
				],
				"scale": [
					{ "x": 1.033, "y": 1.033, "curve": "stepped" },
					{ "time": 0.0333, "x": 1.033, "y": 1.033 }
				]
			},
			"feeling_2": {
				"rotate": [
					{ "value": 17.33, "curve": "stepped" },
					{ "time": 0.0333, "value": 17.33 }
				],
				"translate": [
					{ "x": 85.28, "y": -34.04, "curve": "stepped" },
					{ "time": 0.0333, "x": 85.28, "y": -34.04 }
				],
				"scale": [
					{ "x": -1.717, "y": 1.717, "curve": "stepped" },
					{ "time": 0.0333, "x": -1.717, "y": 1.717 }
				]
			},
			"item_1": {
				"rotate": [
					{ "value": -15.73, "curve": "stepped" },
					{ "time": 0.0333, "value": -15.73 }
				],
				"translate": [
					{ "x": -26.86, "y": 98.45, "curve": "stepped" },
					{ "time": 0.0333, "x": -26.86, "y": 98.45 }
				],
				"scale": [
					{ "x": 0.696, "y": 0.696, "curve": "stepped" },
					{ "time": 0.0333, "x": 0.696, "y": 0.696 }
				]
			},
			"hair_1": {
				"rotate": [
					{ "value": -10.09, "curve": "stepped" },
					{ "time": 0.0333, "value": -10.09 }
				],
				"translate": [
					{ "x": 178.39, "y": 555.16, "curve": "stepped" },
					{ "time": 0.0333, "x": 178.39, "y": 555.16 }
				],
				"scale": [
					{ "x": 1.134, "y": 1.134, "curve": "stepped" },
					{ "time": 0.0333, "x": 1.134, "y": 1.134 }
				]
			}
		},
		"ik": {
			"foot_1": [
				{
					"stretch": true,
					"curve": [ 0.008, 1, 0.025, 1, 0.008, 0, 0.025, 0 ]
				},
				{ "time": 0.0333, "stretch": true }
			],
			"foot_2": [
				{
					"stretch": true,
					"curve": [ 0.008, 1, 0.025, 1, 0.008, 0, 0.025, 0 ]
				},
				{ "time": 0.0333, "stretch": true }
			]
		},
		"drawOrder": [
			{
				"offsets": [
					{ "slot": "shoulder2", "offset": 9 },
					{ "slot": "Emoji", "offset": 0 }
				]
			},
			{
				"time": 0.0333,
				"offsets": [
					{ "slot": "shoulder2", "offset": 9 },
					{ "slot": "Emoji", "offset": 0 }
				]
			}
		]
	}
}
}