{
"skeleton": { "hash": "Ba20TlZDQAU", "spine": "4.1.24", "x": -388.28, "y": -425.09, "width": 724.41, "height": 1282.48 },
"bones": [
	{ "name": "root", "rotation": 0.2 },
	{ "name": "move", "parent": "root", "x": -119.99, "scaleX": -1 },
	{ "name": "main", "parent": "move", "y": 256.6 },
	{ "name": "hip", "parent": "main" },
	{ "name": "body", "parent": "hip", "length": 26.97, "rotation": 90 },
	{ "name": "body2", "parent": "body", "length": 26.97, "x": 26.97 },
	{ "name": "body3", "parent": "body2", "length": 26.97, "x": 26.97 },
	{ "name": "body4", "parent": "body3", "length": 26.97, "rotation": -0.06, "x": 26.97 },
	{ "name": "body5", "parent": "body4", "length": 26.97, "x": 26.97 },
	{ "name": "body6", "parent": "body5", "length": 26.97, "x": 26.97 },
	{ "name": "body7", "parent": "body6", "length": 26.97, "x": 26.97 },
	{ "name": "body8", "parent": "body7", "length": 26.97, "x": 26.97 },
	{ "name": "head", "parent": "body8", "length": 135.67, "x": 24.75 },
	{ "name": "feeling_3", "parent": "head", "rotation": -0.18, "x": 87.53, "y": 30.96 },
	{ "name": "emoji", "parent": "head", "rotation": -90, "x": 62, "y": 1.49 },
	{ "name": "shouder_1", "parent": "body7", "length": 100.06, "rotation": -90, "x": 15.39, "y": 0.02 },
	{ "name": "arm_1", "parent": "shouder_1", "length": 100.06, "x": 94.79 },
	{ "name": "shouder_2", "parent": "body7", "length": 100.06, "rotation": 90, "x": 15.39, "y": 0.02 },
	{ "name": "arm_2", "parent": "shouder_2", "length": 100.06, "x": 94.79 },
	{ "name": "thigh_1", "parent": "main", "length": 134.15, "rotation": -90, "x": -0.54, "y": 4.23 },
	{ "name": "leg_1", "parent": "thigh_1", "length": 134.15, "x": 128.14 },
	{ "name": "thigh_2", "parent": "main", "length": 134.15, "rotation": -90, "x": -0.1, "y": 4.23 },
	{ "name": "leg_2", "parent": "thigh_2", "length": 134.15, "x": 128.14 },
	{ "name": "foot_2", "parent": "move", "x": 0.16, "y": -2.18 },
	{ "name": "foot_3", "parent": "move", "x": 0.1, "y": -2.12 },
	{
		"name": "feeling_5",
		"parent": "head",
		"rotation": -0.18,
		"x": 87.53,
		"y": -25.11,
		"scaleX": 2,
		"scaleY": 2
	},
	{ "name": "item_1", "parent": "move", "x": -1.93, "y": 450.24 },
	{ "name": "feeling_1", "parent": "main", "rotation": -20.17, "x": 72.35, "y": 376.02 },
	{ "name": "feeling_2", "parent": "main", "rotation": -20.17, "x": 72.35, "y": 376.02 },
	{ "name": "hair_1", "parent": "main", "rotation": 0.07, "x": -120, "y": -254.77 },
	{
		"name": "feeling_4",
		"parent": "head",
		"rotation": -0.18,
		"x": 87.53,
		"y": -25.11,
		"scaleX": 2,
		"scaleY": 2
	},
	{ "name": "item_tay", "parent": "arm_2", "x": 101.01, "y": -1.25 }
],
"slots": [
	{ "name": "bg_gane_play", "bone": "root", "color": "ffffff4f" },
	{ "name": "item", "bone": "item_1" },
	{ "name": "body", "bone": "hip", "color": "000000ff", "attachment": "body" },
	{ "name": "shoulder1", "bone": "shouder_1", "color": "000000ff" },
	{ "name": "shoulder3", "bone": "shouder_2", "color": "000000ff" },
	{ "name": "shoulder2", "bone": "arm_1", "color": "000000ff" },
	{ "name": "shoulder4", "bone": "arm_2", "color": "000000ff" },
	{ "name": "thigh", "bone": "thigh_1", "color": "000000ff", "attachment": "thigh" },
	{ "name": "thigh3", "bone": "thigh_2", "color": "000000ff", "attachment": "thigh" },
	{ "name": "thigh2", "bone": "leg_1", "color": "000000ff", "attachment": "thigh" },
	{ "name": "thigh4", "bone": "leg_2", "color": "000000ff", "attachment": "thigh" },
	{ "name": "head", "bone": "head", "attachment": "head" },
	{ "name": "hair", "bone": "hair_1" },
	{ "name": "Emoji", "bone": "emoji" },
	{ "name": "feeling_3", "bone": "feeling_3", "color": "000000ff" },
	{ "name": "feeling_5", "bone": "feeling_5" },
	{ "name": "feeling_4", "bone": "feeling_4" },
	{ "name": "feeling_1", "bone": "feeling_1" },
	{ "name": "feeling_2", "bone": "feeling_2" },
	{ "name": "item_tay", "bone": "item_tay" }
],
"ik": [
	{
		"name": "foot_1",
		"bones": [ "thigh_1", "leg_1" ],
		"target": "foot_2",
		"mix": 0,
		"stretch": true
	},
	{
		"name": "foot_2",
		"order": 1,
		"bones": [ "thigh_2", "leg_2" ],
		"target": "foot_3",
		"mix": 0,
		"stretch": true
	}
],
"skins": [
	{
		"name": "default",
		"attachments": {
			"body": {
				"body": {
					"type": "mesh",
					"uvs": [ 1, 1, 0, 1, 0, 0.875, 0, 0.75, 0, 0.625, 0, 0.5, 0, 0.375, 0, 0.25, 0, 0.125, 0, 0, 1, 0, 1, 0.125, 1, 0.25, 1, 0.375, 1, 0.5, 1, 0.625, 1, 0.75, 1, 0.875 ],
					"triangles": [ 8, 9, 10, 11, 8, 10, 7, 8, 11, 12, 7, 11, 6, 7, 12, 13, 6, 12, 5, 6, 13, 14, 5, 13, 4, 5, 14, 15, 4, 14, 3, 4, 15, 16, 3, 15, 2, 3, 16, 17, 2, 16, 1, 2, 17, 0, 1, 17 ],
					"vertices": [ 1, 4, -1.7, -5.5, 1, 1, 4, -1.7, 5.5, 1, 2, 4, 25.68, 5.5, 0.70301, 5, -1.29, 5.5, 0.29699, 2, 5, 26.08, 5.5, 0.65569, 6, -0.88, 5.5, 0.34431, 2, 6, 26.49, 5.5, 0.55905, 7, -0.48, 5.5, 0.44095, 2, 7, 26.9, 5.5, 0.51367, 8, -0.07, 5.5, 0.48633, 2, 8, 27.3, 5.5, 0.41705, 9, 0.33, 5.5, 0.58295, 2, 9, 27.71, 5.5, 0.38565, 10, 0.74, 5.5, 0.61435, 2, 10, 28.11, 5.5, 0.36868, 11, 1.14, 5.5, 0.63132, 1, 11, 28.52, 5.5, 1, 1, 11, 28.52, -5.5, 1, 2, 10, 28.11, -5.5, 0.3064, 11, 1.14, -5.5, 0.6936, 2, 9, 27.71, -5.5, 0.40945, 10, 0.74, -5.5, 0.59055, 2, 8, 27.3, -5.5, 0.44404, 9, 0.33, -5.5, 0.55596, 2, 7, 26.9, -5.5, 0.52991, 8, -0.07, -5.5, 0.47009, 2, 6, 26.49, -5.5, 0.58474, 7, -0.48, -5.5, 0.41526, 2, 5, 26.08, -5.5, 0.62061, 6, -0.88, -5.5, 0.37939, 2, 4, 25.68, -5.5, 0.65664, 5, -1.29, -5.5, 0.34336 ],
					"hull": 18
				}
			},
			"Emoji": {
				"Emoji/emo_1": { "x": 0.5, "y": 0.5, "width": 113, "height": 87 },
				"Emoji/emo_57_c": { "x": 0.5, "y": 0.5, "width": 101, "height": 101 },
				"Emoji/emo_68b": { "width": 110, "height": 142 },
				"Emoji/emo_95_b": { "x": 0.5, "width": 92, "height": 98 },
				"Emoji/emo_99": { "x": 0.5, "y": 0.5, "width": 141, "height": 117 },
				"Emoji/new/emo_31_b": { "x": 0.5, "y": 0.5, "width": 78, "height": 83 },
				"Emoji/new/emo_55_d": { "y": 0.5, "width": 96, "height": 89 }
			},
			"feeling_1": {
				"giat_minh": { "width": 70, "height": 66 },
				"scare": { "scaleX": 1.3955, "scaleY": 1.3955, "rotation": 19.99, "width": 80, "height": 83 }
			},
			"feeling_2": {
				"dau": { "y": 0.5, "width": 40, "height": 43 },
				"mo_hoi": { "x": 0.5, "y": 0.5, "width": 19, "height": 41 }
			},
			"feeling_3": {
				"cham_than": { "x": -18.07, "y": -0.4, "rotation": -96.51, "width": 17, "height": 57 },
				"giat_minh": { "rotation": -96.51, "width": 70, "height": 66 },
				"mo_hoi": { "x": -18.07, "y": -0.4, "rotation": -96.51, "width": 19, "height": 41 },
				"rung": { "x": 1, "y": -1.54, "width": 18, "height": 51 }
			},
			"feeling_4": {
				"dau": { "x": 9.82, "y": -4.14, "rotation": -90, "width": 40, "height": 43 }
			},
			"feeling_5": {
				"cauco": { "y": 0.5, "width": 50, "height": 45 },
				"mo_hoi": { "width": 19, "height": 41 },
				"rung": { "x": 0.5, "width": 18, "height": 51 },
				"scare": { "y": 0.5, "width": 80, "height": 83 }
			},
			"hair": {
				"hair/man/toc_3": { "width": 168, "height": 108 }
			},
			"head": {
				"head": { "x": 68.85, "rotation": -89.87, "width": 144, "height": 144 },
				"head_7": { "x": 65.26, "y": -3.78, "rotation": -89.46, "width": 144, "height": 144 }
			},
			"shoulder1": {
				"shoulder": { "x": 49.22, "rotation": -90, "width": 15, "height": 105 }
			},
			"shoulder2": {
				"shoulder": { "x": 49.22, "rotation": -90, "width": 15, "height": 105 }
			},
			"shoulder3": {
				"shoulder": { "x": 49.22, "rotation": -90, "width": 15, "height": 105 }
			},
			"shoulder4": {
				"shoulder": { "x": 50.57, "rotation": -90, "width": 15, "height": 105 }
			},
			"thigh": {
				"thigh": { "x": 66.01, "rotation": -90, "width": 14, "height": 137 }
			},
			"thigh2": {
				"thigh": { "x": 66.01, "rotation": -90, "width": 14, "height": 137 }
			},
			"thigh3": {
				"thigh": { "x": 66.01, "rotation": -90, "width": 14, "height": 137 }
			},
			"thigh4": {
				"thigh": { "x": 66.01, "rotation": -90, "width": 14, "height": 137 }
			}
		}
	}
],
"animations": {
	"t_221_1_be": {
		"slots": {
			"body": {
				"rgba": [
					{ "color": "000000ff" }
				]
			},
			"Emoji": {
				"attachment": [
					{ "name": "Emoji/new/emo_31_b" }
				]
			},
			"feeling_1": {
				"attachment": [
					{}
				]
			},
			"feeling_2": {
				"attachment": [
					{}
				]
			},
			"feeling_3": {
				"rgba": [
					{ "color": "ffffffff" }
				],
				"attachment": [
					{}
				]
			},
			"feeling_5": {
				"attachment": [
					{}
				]
			},
			"head": {
				"rgba": [
					{ "color": "ffffffff" }
				],
				"attachment": [
					{ "name": "head" }
				]
			},
			"shoulder1": {
				"rgba": [
					{ "color": "000000ff" }
				],
				"attachment": [
					{ "name": "shoulder" }
				]
			},
			"shoulder2": {
				"rgba": [
					{ "color": "000000ff" }
				],
				"attachment": [
					{ "name": "shoulder" }
				]
			},
			"shoulder3": {
				"rgba": [
					{ "color": "000000ff" }
				],
				"attachment": [
					{}
				]
			},
			"shoulder4": {
				"rgba": [
					{ "color": "000000ff" }
				],
				"attachment": [
					{}
				]
			},
			"thigh": {
				"rgba": [
					{ "color": "000000ff" }
				]
			},
			"thigh2": {
				"rgba": [
					{ "color": "000000ff" }
				]
			},
			"thigh3": {
				"rgba": [
					{ "color": "000000ff" }
				]
			},
			"thigh4": {
				"rgba": [
					{ "color": "000000ff" }
				]
			}
		},
		"bones": {
			"head": {
				"rotate": [
					{ "value": -15.15 }
				],
				"translate": [
					{ "x": -3.55, "y": 1.83 }
				],
				"scale": [
					{}
				]
			},
			"root": {
				"rotate": [
					{}
				],
				"translate": [
					{}
				]
			},
			"main": {
				"rotate": [
					{ "value": 1.41 }
				],
				"translate": [
					{ "x": -10.19, "y": -171.92 }
				]
			},
			"hip": {
				"rotate": [
					{}
				],
				"translate": [
					{}
				]
			},
			"body": {
				"rotate": [
					{ "value": -2.39 }
				],
				"translate": [
					{}
				],
				"scale": [
					{}
				]
			},
			"body2": {
				"rotate": [
					{ "value": -2.39 }
				],
				"translate": [
					{}
				],
				"scale": [
					{}
				]
			},
			"body3": {
				"rotate": [
					{ "value": -2.39 }
				],
				"translate": [
					{}
				],
				"scale": [
					{}
				]
			},
			"body4": {
				"rotate": [
					{ "value": -2.39 }
				],
				"translate": [
					{}
				],
				"scale": [
					{}
				]
			},
			"body5": {
				"rotate": [
					{ "value": -2.39 }
				],
				"translate": [
					{}
				],
				"scale": [
					{}
				]
			},
			"body6": {
				"rotate": [
					{ "value": -2.39 }
				],
				"translate": [
					{}
				],
				"scale": [
					{}
				]
			},
			"body7": {
				"rotate": [
					{ "value": -2.39 }
				],
				"translate": [
					{}
				],
				"scale": [
					{}
				]
			},
			"body8": {
				"rotate": [
					{ "value": -2.39 }
				],
				"translate": [
					{}
				],
				"scale": [
					{}
				]
			},
			"feeling_3": {
				"rotate": [
					{ "value": 117.07 }
				],
				"translate": [
					{ "x": 42.99, "y": -122.78 }
				],
				"scale": [
					{ "x": 1.463, "y": 1.463 }
				]
			},
			"emoji": {
				"rotate": [
					{ "value": 3.42 }
				],
				"translate": [
					{ "x": 3.85, "y": 12.19 }
				],
				"scale": [
					{ "x": 1.179, "y": 1.179 }
				]
			},
			"shouder_1": {
				"rotate": [
					{ "value": -34.49 }
				],
				"translate": [
					{ "x": 35.27, "y": -1.05 }
				],
				"scale": [
					{}
				]
			},
			"arm_1": {
				"rotate": [
					{ "value": -29.03 }
				],
				"translate": [
					{ "x": 2.02, "y": 0.08 }
				],
				"scale": [
					{}
				]
			},
			"shouder_2": {
				"rotate": [
					{ "value": 10.29 }
				],
				"translate": [
					{ "x": 30.84, "y": 1.12 }
				],
				"scale": [
					{}
				]
			},
			"arm_2": {
				"rotate": [
					{ "value": -121.49 }
				],
				"translate": [
					{}
				],
				"scale": [
					{}
				]
			},
			"thigh_1": {
				"rotate": [
					{ "value": 24.72 }
				],
				"translate": [
					{}
				],
				"scale": [
					{ "x": 0.865 }
				]
			},
			"leg_1": {
				"rotate": [
					{}
				],
				"translate": [
					{}
				],
				"scale": [
					{ "x": 1.27 }
				]
			},
			"thigh_2": {
				"rotate": [
					{ "value": 39.21 }
				],
				"translate": [
					{}
				],
				"scale": [
					{ "x": 0.828 }
				]
			},
			"leg_2": {
				"rotate": [
					{ "value": 18.14 }
				],
				"translate": [
					{}
				],
				"scale": [
					{ "x": 1.211 }
				]
			},
			"foot_2": {
				"rotate": [
					{ "value": -52.56 }
				],
				"translate": [
					{ "x": -131.09, "y": 1.71 }
				]
			},
			"foot_3": {
				"rotate": [
					{}
				],
				"translate": [
					{ "x": 90.19, "y": 5.44 }
				]
			},
			"feeling_5": {
				"rotate": [
					{ "value": -101.26 }
				],
				"translate": [
					{ "x": -22.67, "y": -24.6 }
				],
				"scale": [
					{ "x": 0.512, "y": 0.512 }
				]
			},
			"item_1": {
				"translate": [
					{ "y": -245.53 }
				],
				"scale": [
					{ "x": 1.369, "y": 1.369 }
				]
			},
			"feeling_1": {
				"rotate": [
					{ "value": 17.7 }
				],
				"translate": [
					{ "x": 125.56, "y": -32.76 }
				],
				"scale": [
					{ "x": -1.865, "y": 1.865 }
				]
			},
			"move": {
				"translate": [
					{ "x": 119.99 }
				],
				"scale": [
					{}
				]
			},
			"feeling_2": {
				"rotate": [
					{ "value": 7.43 }
				],
				"translate": [
					{ "x": 71.22, "y": -60.96 }
				],
				"scale": [
					{ "x": -1.182, "y": 1.182 }
				]
			}
		},
		"ik": {
			"foot_1": [
				{ "stretch": true }
			],
			"foot_2": [
				{ "bendPositive": false, "stretch": true }
			]
		},
		"drawOrder": [
			{
				"offsets": [
					{ "slot": "shoulder4", "offset": -3 }
				]
			}
		]
	},
	"t_221_1_lose": {
		"slots": {
			"body": {
				"rgba": [
					{ "color": "000000ff" }
				]
			},
			"Emoji": {
				"attachment": [
					{ "name": "Emoji/emo_95_b" }
				]
			},
			"feeling_1": {
				"attachment": [
					{ "name": "scare" }
				]
			},
			"feeling_2": {
				"attachment": [
					{ "name": "dau" }
				]
			},
			"feeling_3": {
				"attachment": [
					{ "name": "cham_than" }
				]
			},
			"feeling_4": {
				"attachment": [
					{ "name": "dau" }
				]
			},
			"feeling_5": {
				"attachment": [
					{ "name": "mo_hoi" }
				]
			},
			"head": {
				"attachment": [
					{ "name": "head_7" }
				]
			},
			"item": {
				"attachment": [
					{}
				]
			},
			"shoulder1": {
				"rgba": [
					{ "color": "000000ff" }
				],
				"attachment": [
					{ "name": "shoulder" }
				]
			},
			"shoulder2": {
				"rgba": [
					{ "color": "000000ff" }
				],
				"attachment": [
					{ "name": "shoulder" }
				]
			},
			"shoulder3": {
				"rgba": [
					{ "color": "000000ff" }
				],
				"attachment": [
					{ "name": "shoulder" }
				]
			},
			"shoulder4": {
				"rgba": [
					{ "color": "000000ff" }
				],
				"attachment": [
					{ "name": "shoulder" }
				]
			},
			"thigh": {
				"rgba": [
					{ "color": "000000ff" }
				]
			},
			"thigh2": {
				"rgba": [
					{ "color": "000000ff" }
				]
			},
			"thigh3": {
				"rgba": [
					{ "color": "000000ff" }
				]
			},
			"thigh4": {
				"rgba": [
					{ "color": "000000ff" }
				]
			}
		},
		"bones": {
			"body": {
				"rotate": [
					{ "value": 16.23 }
				]
			},
			"body2": {
				"rotate": [
					{ "value": -2.59 }
				]
			},
			"body3": {
				"rotate": [
					{ "value": -0.22 }
				]
			},
			"body4": {
				"rotate": [
					{ "value": -0.29 }
				]
			},
			"body5": {
				"rotate": [
					{ "value": -2.56 }
				]
			},
			"body6": {
				"rotate": [
					{ "value": -2.15 }
				]
			},
			"body7": {
				"rotate": [
					{ "value": -0.58 }
				]
			},
			"body8": {
				"rotate": [
					{ "value": -5.18 }
				],
				"translate": [
					{ "x": 10.92, "y": -0.52 }
				]
			},
			"thigh_1": {
				"rotate": [
					{ "value": 26.16 }
				]
			},
			"leg_1": {
				"rotate": [
					{ "value": 72.18 }
				],
				"scale": [
					{}
				]
			},
			"main": {
				"rotate": [
					{ "value": -7.58 }
				],
				"translate": [
					{ "x": 8.18, "y": -45.69 }
				]
			},
			"head": {
				"rotate": [
					{ "value": 2.07 }
				],
				"translate": [
					{ "x": -10.81, "y": -6.39 }
				]
			},
			"shouder_1": {
				"rotate": [
					{ "value": 178.89 }
				],
				"translate": [
					{ "x": 31.08, "y": -0.97 }
				],
				"scale": [
					{}
				]
			},
			"arm_1": {
				"rotate": [
					{ "value": -5.88 }
				]
			},
			"shouder_2": {
				"rotate": [
					{ "value": 9.45 }
				],
				"translate": [
					{ "x": 27.83, "y": 3.11 }
				],
				"scale": [
					{}
				]
			},
			"arm_2": {
				"rotate": [
					{ "value": -11.81 }
				]
			},
			"thigh_2": {
				"rotate": [
					{ "value": -82.1 }
				],
				"scale": [
					{}
				]
			},
			"leg_2": {
				"rotate": [
					{ "value": 49.36 }
				],
				"scale": [
					{}
				]
			},
			"emoji": {
				"rotate": [
					{ "value": 2.04 }
				],
				"translate": [
					{ "x": -0.08, "y": -15.38 }
				],
				"scale": [
					{ "x": 1.101, "y": 1.101 }
				]
			},
			"feeling_3": {
				"rotate": [
					{ "value": 10.42 }
				],
				"translate": [
					{ "x": 117.7, "y": 132.25 }
				],
				"scale": [
					{ "x": 1.738, "y": 1.738 }
				]
			},
			"feeling_5": {
				"rotate": [
					{ "value": -111.77 }
				],
				"translate": [
					{ "x": -30.54, "y": 42.95 }
				],
				"scale": [
					{ "x": 0.296, "y": 0.296 }
				]
			},
			"move": {
				"translate": [
					{ "x": 119.99, "y": 0.12 }
				],
				"scale": [
					{ "x": -1 }
				]
			},
			"feeling_1": {
				"rotate": [
					{ "value": -20.32 }
				],
				"translate": [
					{ "x": -231.56, "y": -45.4 }
				],
				"scale": [
					{ "x": 1.174, "y": 1.174 }
				]
			},
			"feeling_2": {
				"rotate": [
					{ "value": 76.77 }
				],
				"translate": [
					{ "x": -172.17, "y": -54.28 }
				],
				"scale": [
					{ "x": 0.909, "y": 0.909 }
				]
			},
			"foot_3": {
				"translate": [
					{ "x": -175.07, "y": 47.35 }
				]
			},
			"foot_2": {
				"translate": [
					{ "x": 182.38, "y": 99.03 }
				]
			},
			"item_1": {
				"rotate": [
					{ "value": -98.22 }
				],
				"translate": [
					{ "x": -250.95, "y": -25.98 }
				],
				"scale": [
					{ "x": 0.776, "y": 0.776 }
				]
			},
			"feeling_4": {
				"rotate": [
					{ "value": -24.14 }
				],
				"translate": [
					{ "x": 34.72, "y": -17.21 }
				],
				"scale": [
					{ "x": 0.662, "y": 0.662 }
				]
			}
		},
		"ik": {
			"foot_1": [
				{ "stretch": true }
			],
			"foot_2": [
				{ "stretch": true }
			]
		},
		"drawOrder": [
			{
				"offsets": [
					{ "slot": "feeling_3", "offset": 4 }
				]
			}
		]
	},
	"t_221_1_lose2": {
		"slots": {
			"body": {
				"rgba": [
					{ "color": "000000ff", "curve": "stepped" },
					{ "time": 0.6667, "color": "000000ff" }
				]
			},
			"Emoji": {
				"rgba": [
					{ "color": "ff6b6bff", "curve": "stepped" },
					{ "time": 0.6667, "color": "ff6b6bff" }
				],
				"attachment": [
					{ "name": "Emoji/emo_57_c" },
					{ "time": 0.6667, "name": "Emoji/emo_57_c" }
				]
			},
			"feeling_1": {
				"attachment": [
					{ "name": "giat_minh" },
					{ "time": 0.6667, "name": "giat_minh" }
				]
			},
			"feeling_2": {
				"rgba": [
					{ "color": "ffffffff", "curve": "stepped" },
					{ "time": 0.6667, "color": "ffffffff" }
				],
				"attachment": [
					{ "name": "mo_hoi" },
					{ "time": 0.6667, "name": "mo_hoi" }
				]
			},
			"feeling_3": {
				"rgba": [
					{ "color": "ffffffff", "curve": "stepped" },
					{ "time": 0.6667, "color": "ffffffff" }
				],
				"attachment": [
					{ "name": "mo_hoi" },
					{ "time": 0.6667, "name": "mo_hoi" }
				]
			},
			"feeling_5": {
				"rgba": [
					{ "color": "fffc00ff", "curve": "stepped" },
					{ "time": 0.6667, "color": "fffc00ff" }
				],
				"attachment": [
					{ "name": "scare" },
					{ "time": 0.6667, "name": "scare" }
				]
			},
			"hair": {
				"attachment": [
					{},
					{ "time": 0.6667 }
				]
			},
			"head": {
				"rgba": [
					{ "color": "ffffffff", "curve": "stepped" },
					{ "time": 0.6667, "color": "ffffffff" }
				],
				"attachment": [
					{ "name": "head_7" },
					{ "time": 0.6667, "name": "head_7" }
				]
			},
			"shoulder1": {
				"rgba": [
					{ "color": "000000ff", "curve": "stepped" },
					{ "time": 0.6667, "color": "000000ff" }
				],
				"attachment": [
					{ "name": "shoulder" },
					{ "time": 0.6667, "name": "shoulder" }
				]
			},
			"shoulder2": {
				"rgba": [
					{ "color": "000000ff", "curve": "stepped" },
					{ "time": 0.6667, "color": "000000ff" }
				],
				"attachment": [
					{ "name": "shoulder" },
					{ "time": 0.6667, "name": "shoulder" }
				]
			},
			"shoulder3": {
				"rgba": [
					{ "color": "000000ff", "curve": "stepped" },
					{ "time": 0.6667, "color": "000000ff" }
				],
				"attachment": [
					{ "name": "shoulder" },
					{ "time": 0.6667, "name": "shoulder" }
				]
			},
			"shoulder4": {
				"rgba": [
					{ "color": "ff0000ff", "curve": "stepped" },
					{ "time": 0.6667, "color": "ff0000ff" }
				],
				"attachment": [
					{ "name": "shoulder" },
					{ "time": 0.6667, "name": "shoulder" }
				]
			},
			"thigh": {
				"rgba": [
					{ "color": "000000ff", "curve": "stepped" },
					{ "time": 0.6667, "color": "000000ff" }
				]
			},
			"thigh2": {
				"rgba": [
					{ "color": "000000ff", "curve": "stepped" },
					{ "time": 0.6667, "color": "000000ff" }
				]
			},
			"thigh3": {
				"rgba": [
					{ "color": "000000ff", "curve": "stepped" },
					{ "time": 0.6667, "color": "000000ff" }
				]
			},
			"thigh4": {
				"rgba": [
					{ "color": "000000ff", "curve": "stepped" },
					{ "time": 0.6667, "color": "000000ff" }
				]
			}
		},
		"bones": {
			"head": {
				"rotate": [
					{ "value": -1.61, "curve": "stepped" },
					{ "time": 0.6667, "value": -1.61 }
				],
				"translate": [
					{ "x": -47.32, "y": 1.1, "curve": "stepped" },
					{ "time": 0.6667, "x": -47.32, "y": 1.1 }
				],
				"scale": [
					{ "curve": "stepped" },
					{ "time": 0.6667 }
				]
			},
			"root": {
				"rotate": [
					{ "curve": "stepped" },
					{ "time": 0.6667 }
				],
				"translate": [
					{ "curve": "stepped" },
					{ "time": 0.6667 }
				]
			},
			"main": {
				"rotate": [
					{ "value": -2.03, "curve": "stepped" },
					{ "time": 0.6667, "value": -2.03 }
				],
				"translate": [
					{ "x": 33.95, "y": -37.41, "curve": "stepped" },
					{ "time": 0.6667, "x": 33.95, "y": -37.41 }
				]
			},
			"hip": {
				"rotate": [
					{ "curve": "stepped" },
					{ "time": 0.6667 }
				],
				"translate": [
					{ "curve": "stepped" },
					{ "time": 0.6667 }
				]
			},
			"body": {
				"rotate": [
					{ "value": -0.62, "curve": "stepped" },
					{ "time": 0.6667, "value": -0.62 }
				],
				"translate": [
					{ "curve": "stepped" },
					{ "time": 0.6667 }
				],
				"scale": [
					{ "curve": "stepped" },
					{ "time": 0.6667 }
				]
			},
			"body2": {
				"rotate": [
					{ "value": -0.62, "curve": "stepped" },
					{ "time": 0.6667, "value": -0.62 }
				],
				"translate": [
					{ "curve": "stepped" },
					{ "time": 0.6667 }
				],
				"scale": [
					{ "curve": "stepped" },
					{ "time": 0.6667 }
				]
			},
			"body3": {
				"rotate": [
					{ "value": -0.62, "curve": "stepped" },
					{ "time": 0.6667, "value": -0.62 }
				],
				"translate": [
					{ "curve": "stepped" },
					{ "time": 0.6667 }
				],
				"scale": [
					{ "curve": "stepped" },
					{ "time": 0.6667 }
				]
			},
			"body4": {
				"rotate": [
					{ "value": -0.62, "curve": "stepped" },
					{ "time": 0.6667, "value": -0.62 }
				],
				"translate": [
					{ "curve": "stepped" },
					{ "time": 0.6667 }
				],
				"scale": [
					{ "curve": "stepped" },
					{ "time": 0.6667 }
				]
			},
			"body5": {
				"rotate": [
					{ "value": -0.62, "curve": "stepped" },
					{ "time": 0.6667, "value": -0.62 }
				],
				"translate": [
					{ "curve": "stepped" },
					{ "time": 0.6667 }
				],
				"scale": [
					{ "curve": "stepped" },
					{ "time": 0.6667 }
				]
			},
			"body6": {
				"rotate": [
					{ "value": -0.62, "curve": "stepped" },
					{ "time": 0.6667, "value": -0.62 }
				],
				"translate": [
					{ "curve": "stepped" },
					{ "time": 0.6667 }
				],
				"scale": [
					{ "curve": "stepped" },
					{ "time": 0.6667 }
				]
			},
			"body7": {
				"rotate": [
					{ "value": -0.62, "curve": "stepped" },
					{ "time": 0.6667, "value": -0.62 }
				],
				"translate": [
					{ "curve": "stepped" },
					{ "time": 0.6667 }
				],
				"scale": [
					{ "curve": "stepped" },
					{ "time": 0.6667 }
				]
			},
			"body8": {
				"rotate": [
					{ "value": -0.62, "curve": "stepped" },
					{ "time": 0.6667, "value": -0.62 }
				],
				"translate": [
					{ "x": 8.66, "y": -1.13, "curve": "stepped" },
					{ "time": 0.6667, "x": 8.66, "y": -1.13 }
				],
				"scale": [
					{ "x": 1.264, "y": 0.894, "curve": "stepped" },
					{ "time": 0.6667, "x": 1.264, "y": 0.894 }
				]
			},
			"feeling_3": {
				"rotate": [
					{ "value": -172.05, "curve": "stepped" },
					{ "time": 0.6667, "value": -172.05 }
				],
				"translate": [
					{ "x": 25.35, "y": -93.96, "curve": "stepped" },
					{ "time": 0.6667, "x": 25.35, "y": -93.96 }
				],
				"scale": [
					{ "x": -0.938, "y": 0.938, "curve": "stepped" },
					{ "time": 0.6667, "x": -0.938, "y": 0.938 }
				]
			},
			"emoji": {
				"rotate": [
					{ "value": -27.67, "curve": "stepped" },
					{ "time": 0.6667, "value": -27.67 }
				],
				"translate": [
					{ "x": 46.31, "y": -9.43, "curve": "stepped" },
					{ "time": 0.6667, "x": 46.31, "y": -9.43 }
				],
				"scale": [
					{ "x": 1.142, "y": 1.316, "curve": "stepped" },
					{ "time": 0.6667, "x": 1.142, "y": 1.316 }
				]
			},
			"shouder_1": {
				"rotate": [
					{ "value": -51.22, "curve": "stepped" },
					{ "time": 0.6667, "value": -51.22 }
				],
				"translate": [
					{ "x": -15.53, "y": -5.45, "curve": "stepped" },
					{ "time": 0.6667, "x": -15.53, "y": -5.45 }
				],
				"scale": [
					{ "curve": "stepped" },
					{ "time": 0.6667 }
				]
			},
			"arm_1": {
				"rotate": [
					{ "value": -11.88, "curve": "stepped" },
					{ "time": 0.6667, "value": -11.88 }
				],
				"translate": [
					{ "x": 2.02, "y": 0.08, "curve": "stepped" },
					{ "time": 0.6667, "x": 2.02, "y": 0.08 }
				],
				"scale": [
					{ "curve": "stepped" },
					{ "time": 0.6667 }
				]
			},
			"shouder_2": {
				"rotate": [
					{ "value": 24.53, "curve": "stepped" },
					{ "time": 0.6667, "value": 24.53 }
				],
				"translate": [
					{ "x": -11.31, "y": 7.15, "curve": "stepped" },
					{ "time": 0.6667, "x": -11.31, "y": 7.15 }
				],
				"scale": [
					{ "curve": "stepped" },
					{ "time": 0.6667 }
				]
			},
			"arm_2": {
				"rotate": [
					{ "value": -54.68, "curve": "stepped" },
					{ "time": 0.6667, "value": -54.68 }
				],
				"translate": [
					{ "curve": "stepped" },
					{ "time": 0.6667 }
				],
				"scale": [
					{ "x": 0.944, "curve": "stepped" },
					{ "time": 0.6667, "x": 0.944 }
				]
			},
			"thigh_1": {
				"rotate": [
					{ "value": 24.72, "curve": "stepped" },
					{ "time": 0.6667, "value": 24.72 }
				],
				"translate": [
					{ "curve": "stepped" },
					{ "time": 0.6667 }
				],
				"scale": [
					{ "curve": "stepped" },
					{ "time": 0.6667 }
				]
			},
			"leg_1": {
				"rotate": [
					{ "curve": "stepped" },
					{ "time": 0.6667 }
				],
				"translate": [
					{ "curve": "stepped" },
					{ "time": 0.6667 }
				]
			},
			"thigh_2": {
				"rotate": [
					{ "value": 39.21, "curve": "stepped" },
					{ "time": 0.6667, "value": 39.21 }
				],
				"translate": [
					{ "curve": "stepped" },
					{ "time": 0.6667 }
				],
				"scale": [
					{ "curve": "stepped" },
					{ "time": 0.6667 }
				]
			},
			"leg_2": {
				"rotate": [
					{ "value": 18.14, "curve": "stepped" },
					{ "time": 0.6667, "value": 18.14 }
				],
				"translate": [
					{ "curve": "stepped" },
					{ "time": 0.6667 }
				]
			},
			"foot_2": {
				"rotate": [
					{ "curve": "stepped" },
					{ "time": 0.6667 }
				],
				"translate": [
					{ "x": 68.65, "y": 3.69, "curve": "stepped" },
					{ "time": 0.6667, "x": 68.65, "y": 3.69 }
				]
			},
			"foot_3": {
				"rotate": [
					{ "value": 2.33, "curve": "stepped" },
					{ "time": 0.6667, "value": 2.33 }
				],
				"translate": [
					{ "x": -100.38, "y": 3.87, "curve": "stepped" },
					{ "time": 0.6667, "x": -100.38, "y": 3.87 }
				]
			},
			"feeling_5": {
				"rotate": [
					{ "value": -20.97, "curve": "stepped" },
					{ "time": 0.6667, "value": -20.97 }
				],
				"translate": [
					{ "x": -119.08, "y": 130.25, "curve": "stepped" },
					{ "time": 0.6667, "x": -119.08, "y": 130.25 }
				],
				"scale": [
					{ "x": 0.487, "y": 0.487, "curve": "stepped" },
					{ "time": 0.1, "x": 1.267, "y": 1.267, "curve": "stepped" },
					{ "time": 0.2, "x": 0.487, "y": 0.487, "curve": "stepped" },
					{ "time": 0.4, "x": 0.487, "y": 0.487, "curve": "stepped" },
					{ "time": 0.5, "x": 1.267, "y": 1.267, "curve": "stepped" },
					{ "time": 0.6, "x": 0.487, "y": 0.487, "curve": "stepped" },
					{ "time": 0.6667, "x": 0.487, "y": 0.487 }
				],
				"shear": [
					{ "curve": "stepped" },
					{ "time": 0.6667 }
				]
			},
			"feeling_1": {
				"rotate": [
					{ "value": 36.24, "curve": "stepped" },
					{ "time": 0.6667, "value": 36.24 }
				],
				"translate": [
					{ "x": -112.25, "y": -80.78, "curve": "stepped" },
					{ "time": 0.6667, "x": -112.25, "y": -80.78 }
				],
				"scale": [
					{ "x": -1.104, "y": 1.104, "curve": "stepped" },
					{ "time": 0.6667, "x": -1.104, "y": 1.104 }
				]
			},
			"feeling_2": {
				"rotate": [
					{ "value": -59.94, "curve": "stepped" },
					{ "time": 0.6667, "value": -59.94 }
				],
				"translate": [
					{ "x": -79.17, "y": -9.97, "curve": "stepped" },
					{ "time": 0.6667, "x": -79.17, "y": -9.97 }
				],
				"scale": [
					{ "x": 0.918, "y": 0.918, "curve": "stepped" },
					{ "time": 0.6667, "x": 0.918, "y": 0.918 }
				]
			},
			"move": {
				"translate": [
					{ "x": 119.99, "y": 0.3, "curve": "stepped" },
					{ "time": 0.6667, "x": 119.99, "y": 0.3 }
				],
				"scale": [
					{ "curve": "stepped" },
					{ "time": 0.6667 }
				]
			},
			"item_1": {
				"rotate": [
					{ "value": -26.82, "curve": "stepped" },
					{ "time": 0.6667, "value": -26.82 }
				],
				"translate": [
					{ "x": 78.31, "y": 126.47, "curve": "stepped" },
					{ "time": 0.6667, "x": 78.31, "y": 126.47 }
				],
				"scale": [
					{ "x": 0.92, "y": 0.92, "curve": "stepped" },
					{ "time": 0.6667, "x": 0.92, "y": 0.92 }
				]
			},
			"hair_1": {
				"rotate": [
					{ "value": -1.2, "curve": "stepped" },
					{ "time": 0.6667, "value": -1.2 }
				],
				"translate": [
					{ "x": 133.24, "y": 535.72, "curve": "stepped" },
					{ "time": 0.6667, "x": 133.24, "y": 535.72 }
				],
				"scale": [
					{ "x": 1.053, "y": 0.779, "curve": "stepped" },
					{ "time": 0.6667, "x": 1.053, "y": 0.779 }
				]
			}
		},
		"ik": {
			"foot_1": [
				{
					"bendPositive": false,
					"stretch": true,
					"curve": [ 0.167, 1, 0.5, 1, 0.167, 0, 0.5, 0 ]
				},
				{ "time": 0.6667, "bendPositive": false, "stretch": true }
			],
			"foot_2": [
				{
					"stretch": true,
					"curve": [ 0.167, 1, 0.5, 1, 0.167, 0, 0.5, 0 ]
				},
				{ "time": 0.6667, "stretch": true }
			]
		},
		"drawOrder": [
			{
				"offsets": [
					{ "slot": "shoulder1", "offset": 14 },
					{ "slot": "shoulder2", "offset": 13 },
					{ "slot": "shoulder4", "offset": 4 },
					{ "slot": "feeling_1", "offset": -1 }
				]
			},
			{
				"time": 0.6667,
				"offsets": [
					{ "slot": "shoulder1", "offset": 14 },
					{ "slot": "shoulder2", "offset": 13 },
					{ "slot": "shoulder4", "offset": 4 },
					{ "slot": "feeling_1", "offset": -1 }
				]
			}
		]
	},
	"t_221_1_win": {
		"slots": {
			"body": {
				"rgba": [
					{ "color": "000000ff" }
				]
			},
			"Emoji": {
				"attachment": [
					{ "name": "Emoji/emo_1" }
				]
			},
			"feeling_1": {
				"attachment": [
					{}
				]
			},
			"feeling_2": {
				"attachment": [
					{}
				]
			},
			"feeling_3": {
				"attachment": [
					{ "name": "rung" }
				]
			},
			"feeling_5": {
				"attachment": [
					{ "name": "rung" }
				]
			},
			"hair": {
				"attachment": [
					{}
				]
			},
			"head": {
				"rgba": [
					{ "color": "ffffffff" }
				],
				"attachment": [
					{ "name": "head" }
				]
			},
			"shoulder1": {
				"rgba": [
					{ "color": "000000ff" }
				],
				"attachment": [
					{ "name": "shoulder" }
				]
			},
			"shoulder2": {
				"rgba": [
					{ "color": "000000ff" }
				],
				"attachment": [
					{ "name": "shoulder" }
				]
			},
			"shoulder3": {
				"rgba": [
					{ "color": "000000ff" }
				],
				"attachment": [
					{ "name": "shoulder" }
				]
			},
			"shoulder4": {
				"rgba": [
					{ "color": "000000ff" }
				],
				"attachment": [
					{ "name": "shoulder" }
				]
			},
			"thigh": {
				"rgba": [
					{ "color": "000000ff" }
				]
			},
			"thigh2": {
				"rgba": [
					{ "color": "000000ff" }
				]
			},
			"thigh3": {
				"rgba": [
					{ "color": "000000ff" }
				]
			},
			"thigh4": {
				"rgba": [
					{ "color": "000000ff" }
				]
			}
		},
		"bones": {
			"head": {
				"rotate": [
					{ "value": 2.73 }
				],
				"translate": [
					{ "x": -30.86, "y": -7.97 }
				],
				"scale": [
					{}
				]
			},
			"root": {
				"rotate": [
					{}
				],
				"translate": [
					{}
				]
			},
			"main": {
				"rotate": [
					{ "value": 3.27 }
				],
				"translate": [
					{ "x": 2.01, "y": -18.77 }
				]
			},
			"hip": {
				"rotate": [
					{}
				],
				"translate": [
					{}
				]
			},
			"body": {
				"rotate": [
					{ "value": 1.23 }
				],
				"translate": [
					{ "x": -2.12, "y": 0.67 }
				],
				"scale": [
					{}
				]
			},
			"body2": {
				"rotate": [
					{ "value": 1.23 }
				],
				"translate": [
					{}
				],
				"scale": [
					{}
				]
			},
			"body3": {
				"rotate": [
					{ "value": 1.23 }
				],
				"translate": [
					{}
				],
				"scale": [
					{}
				]
			},
			"body4": {
				"rotate": [
					{ "value": 1.23 }
				],
				"translate": [
					{}
				],
				"scale": [
					{}
				]
			},
			"body5": {
				"rotate": [
					{ "value": 1.23 }
				],
				"translate": [
					{}
				],
				"scale": [
					{}
				]
			},
			"body6": {
				"rotate": [
					{ "value": 1.23 }
				],
				"translate": [
					{}
				],
				"scale": [
					{}
				]
			},
			"body7": {
				"rotate": [
					{ "value": 1.23 }
				],
				"translate": [
					{}
				],
				"scale": [
					{}
				]
			},
			"body8": {
				"rotate": [
					{ "value": 1.23 }
				],
				"translate": [
					{}
				],
				"scale": [
					{}
				]
			},
			"feeling_3": {
				"rotate": [
					{ "value": 75.19 }
				],
				"translate": [
					{ "x": -47.35, "y": -118.09 }
				]
			},
			"emoji": {
				"rotate": [
					{ "value": 7.35 }
				],
				"translate": [
					{ "x": 7.13, "y": -7.03 }
				],
				"scale": [
					{ "x": -0.983, "y": 0.983 }
				]
			},
			"shouder_1": {
				"rotate": [
					{ "value": -116.86 }
				],
				"translate": [
					{ "x": 8.23, "y": 0.92 }
				],
				"scale": [
					{}
				]
			},
			"arm_1": {
				"rotate": [
					{ "value": 18.32 }
				],
				"translate": [
					{ "x": 2.02, "y": 0.08 }
				],
				"scale": [
					{}
				]
			},
			"shouder_2": {
				"rotate": [
					{ "value": -168.71 }
				],
				"translate": [
					{ "x": 1.21, "y": -6.65 }
				],
				"scale": [
					{}
				]
			},
			"arm_2": {
				"rotate": [
					{ "value": 27.68 }
				],
				"translate": [
					{}
				],
				"scale": [
					{}
				]
			},
			"thigh_1": {
				"rotate": [
					{ "value": 24.72 }
				],
				"translate": [
					{ "x": -2.06, "y": 0.12 }
				],
				"scale": [
					{}
				]
			},
			"leg_1": {
				"rotate": [
					{}
				],
				"translate": [
					{}
				]
			},
			"thigh_2": {
				"rotate": [
					{ "value": 39.21 }
				],
				"translate": [
					{ "x": -2.06, "y": 0.12 }
				],
				"scale": [
					{}
				]
			},
			"leg_2": {
				"rotate": [
					{ "value": 18.14 }
				],
				"translate": [
					{}
				]
			},
			"foot_2": {
				"rotate": [
					{}
				],
				"translate": [
					{ "x": -66.11, "y": -3.04 }
				]
			},
			"foot_3": {
				"rotate": [
					{}
				],
				"translate": [
					{ "x": 61.2, "y": -1.17 }
				]
			},
			"feeling_5": {
				"rotate": [
					{ "value": -97.95 }
				],
				"translate": [
					{ "x": -4.49, "y": 112.35 }
				],
				"scale": [
					{ "x": 0.466, "y": 0.466 }
				]
			},
			"item_1": {
				"rotate": [
					{ "value": 4.93 }
				]
			},
			"move": {
				"translate": [
					{ "x": 119.99 }
				],
				"scale": [
					{ "x": -1 }
				]
			},
			"feeling_2": {
				"rotate": [
					{ "value": 13.19 }
				],
				"translate": [
					{ "x": -177.34, "y": 0.67 }
				],
				"scale": [
					{ "x": 1.917, "y": 1.917 }
				]
			},
			"feeling_1": {
				"rotate": [
					{ "value": -17.16 }
				],
				"translate": [
					{ "x": -272.06, "y": -266.89 }
				],
				"scale": [
					{ "x": 1.065, "y": 1.065 }
				]
			},
			"hair_1": {
				"rotate": [
					{ "value": 5.05 }
				],
				"translate": [
					{ "x": 63.07, "y": 534.97 }
				],
				"scale": [
					{ "x": -1.462, "y": 1.462 }
				]
			}
		},
		"ik": {
			"foot_1": [
				{ "bendPositive": false, "stretch": true }
			],
			"foot_2": [
				{ "bendPositive": false, "stretch": true }
			]
		},
		"drawOrder": [
			{
				"offsets": [
					{ "slot": "shoulder4", "offset": -3 }
				]
			}
		]
	},
	"t_221_2_be": {
		"slots": {
			"body": {
				"rgba": [
					{ "color": "000000ff" }
				]
			},
			"Emoji": {
				"attachment": [
					{ "name": "Emoji/new/emo_55_d" }
				]
			},
			"feeling_1": {
				"rgba": [
					{ "color": "ffffffff" }
				],
				"attachment": [
					{}
				]
			},
			"feeling_2": {
				"attachment": [
					{}
				]
			},
			"feeling_3": {
				"rgba": [
					{ "color": "ffffffff" }
				],
				"attachment": [
					{}
				]
			},
			"feeling_5": {
				"rgba": [
					{ "color": "ffffffff" }
				],
				"attachment": [
					{}
				]
			},
			"hair": {
				"attachment": [
					{ "name": "hair/man/toc_3" }
				]
			},
			"head": {
				"rgba": [
					{ "color": "ffffffff" }
				],
				"attachment": [
					{ "name": "head" }
				]
			},
			"shoulder1": {
				"rgba": [
					{ "color": "000000ff" }
				],
				"attachment": [
					{ "name": "shoulder" }
				]
			},
			"shoulder2": {
				"rgba": [
					{ "color": "000000ff" }
				],
				"attachment": [
					{ "name": "shoulder" }
				]
			},
			"shoulder3": {
				"rgba": [
					{ "color": "000000ff" }
				],
				"attachment": [
					{ "name": "shoulder" }
				]
			},
			"shoulder4": {
				"rgba": [
					{ "color": "000000ff" }
				],
				"attachment": [
					{ "name": "shoulder" }
				]
			},
			"thigh": {
				"rgba": [
					{ "color": "000000ff" }
				]
			},
			"thigh2": {
				"rgba": [
					{ "color": "000000ff" }
				]
			},
			"thigh3": {
				"rgba": [
					{ "color": "000000ff" }
				]
			},
			"thigh4": {
				"rgba": [
					{ "color": "000000ff" }
				]
			}
		},
		"bones": {
			"head": {
				"rotate": [
					{ "value": 168.99 }
				],
				"translate": [
					{ "x": -7.97, "y": 24.53 }
				],
				"scale": [
					{ "x": -1 }
				]
			},
			"root": {
				"rotate": [
					{}
				],
				"translate": [
					{}
				]
			},
			"main": {
				"rotate": [
					{ "value": 16.52 }
				],
				"translate": [
					{ "x": 4.56, "y": -35.39 }
				]
			},
			"hip": {
				"rotate": [
					{}
				],
				"translate": [
					{}
				]
			},
			"body": {
				"rotate": [
					{ "value": -1.07 }
				],
				"translate": [
					{}
				],
				"scale": [
					{}
				]
			},
			"body2": {
				"rotate": [
					{ "value": -0.43 }
				],
				"translate": [
					{}
				],
				"scale": [
					{}
				]
			},
			"body3": {
				"rotate": [
					{ "value": -0.43 }
				],
				"translate": [
					{}
				],
				"scale": [
					{}
				]
			},
			"body4": {
				"rotate": [
					{ "value": -0.43 }
				],
				"translate": [
					{}
				],
				"scale": [
					{}
				]
			},
			"body5": {
				"rotate": [
					{ "value": -0.43 }
				],
				"translate": [
					{}
				],
				"scale": [
					{}
				]
			},
			"body6": {
				"rotate": [
					{ "value": -0.43 }
				],
				"translate": [
					{}
				],
				"scale": [
					{}
				]
			},
			"body7": {
				"rotate": [
					{ "value": -0.43 }
				],
				"translate": [
					{}
				],
				"scale": [
					{}
				]
			},
			"body8": {
				"rotate": [
					{ "value": -0.43 }
				],
				"translate": [
					{}
				],
				"scale": [
					{}
				]
			},
			"feeling_3": {
				"rotate": [
					{ "value": 3.86 }
				],
				"translate": [
					{ "x": 18.74, "y": -11 }
				],
				"scale": [
					{}
				]
			},
			"emoji": {
				"rotate": [
					{ "value": 3.23 }
				],
				"translate": [
					{ "x": -1.7, "y": -16.64 }
				],
				"scale": [
					{ "x": 1.098, "y": 1.098 }
				]
			},
			"shouder_1": {
				"rotate": [
					{ "value": -39.28 }
				],
				"translate": [
					{ "x": 20.35, "y": -0.86 }
				],
				"scale": [
					{}
				]
			},
			"arm_1": {
				"rotate": [
					{ "value": 61.41 }
				],
				"translate": [
					{ "x": 2.02, "y": 0.08 }
				],
				"scale": [
					{}
				]
			},
			"shouder_2": {
				"rotate": [
					{ "value": -0.26 }
				],
				"translate": [
					{ "x": 22.19, "y": 4.43 }
				],
				"scale": [
					{}
				]
			},
			"arm_2": {
				"rotate": [
					{ "value": -108.99 }
				],
				"scale": [
					{}
				]
			},
			"thigh_1": {
				"rotate": [
					{ "value": 4.72 }
				],
				"translate": [
					{}
				],
				"scale": [
					{}
				]
			},
			"leg_1": {
				"rotate": [
					{ "value": 40 }
				],
				"translate": [
					{}
				]
			},
			"thigh_2": {
				"rotate": [
					{ "value": -48.68 }
				],
				"translate": [
					{}
				],
				"scale": [
					{}
				]
			},
			"leg_2": {
				"rotate": [
					{ "value": 51.06 }
				],
				"translate": [
					{}
				]
			},
			"foot_2": {
				"rotate": [
					{}
				],
				"translate": [
					{ "x": 90.87, "y": -3.12 }
				]
			},
			"foot_3": {
				"rotate": [
					{ "value": 12.32 }
				],
				"translate": [
					{ "x": -108.86, "y": -0.23 }
				]
			},
			"feeling_5": {
				"rotate": [
					{ "value": -96.12 }
				],
				"translate": [
					{ "x": 105.85, "y": 117.14 }
				],
				"scale": [
					{ "x": 0.84, "y": 0.84 }
				],
				"shear": [
					{}
				]
			},
			"feeling_1": {
				"rotate": [
					{ "value": 22 }
				],
				"translate": [
					{ "x": -77.18, "y": -139.09 }
				],
				"scale": [
					{ "x": 1.337, "y": 1.515 }
				]
			},
			"feeling_2": {
				"rotate": [
					{ "value": 125.15 }
				],
				"translate": [
					{ "x": -132.93, "y": -35.85 }
				]
			},
			"move": {
				"translate": [
					{ "x": 119.99 }
				],
				"scale": [
					{}
				]
			},
			"hair_1": {
				"rotate": [
					{ "value": -26.78 }
				],
				"translate": [
					{ "x": 141.98, "y": 583.83 }
				],
				"scale": [
					{ "x": 0.93, "y": 0.93 }
				]
			}
		},
		"ik": {
			"foot_1": [
				{ "stretch": true }
			],
			"foot_2": [
				{ "stretch": true }
			]
		},
		"drawOrder": [
			{
				"offsets": [
					{ "slot": "shoulder2", "offset": 13 },
					{ "slot": "shoulder4", "offset": 9 }
				]
			}
		]
	},
	"t_221_2_lose": {
		"slots": {
			"body": {
				"rgba": [
					{ "color": "000000ff" }
				]
			},
			"Emoji": {
				"attachment": [
					{ "name": "Emoji/emo_68b" }
				]
			},
			"feeling_1": {
				"rgba": [
					{ "color": "000000ff" }
				],
				"attachment": [
					{}
				]
			},
			"feeling_2": {
				"attachment": [
					{}
				]
			},
			"feeling_3": {
				"attachment": [
					{ "name": "giat_minh" }
				]
			},
			"feeling_5": {
				"attachment": [
					{ "name": "cauco" }
				]
			},
			"hair": {
				"attachment": [
					{ "name": "hair/man/toc_3" }
				]
			},
			"head": {
				"rgba": [
					{ "color": "ffb7b7ff" }
				],
				"attachment": [
					{ "name": "head" }
				]
			},
			"shoulder1": {
				"rgba": [
					{ "color": "000000ff" }
				],
				"attachment": [
					{ "name": "shoulder" }
				]
			},
			"shoulder2": {
				"rgba": [
					{ "color": "000000ff" }
				],
				"attachment": [
					{ "name": "shoulder" }
				]
			},
			"shoulder3": {
				"rgba": [
					{ "color": "000000ff" }
				],
				"attachment": [
					{ "name": "shoulder" }
				]
			},
			"shoulder4": {
				"rgba": [
					{ "color": "000000ff" }
				],
				"attachment": [
					{ "name": "shoulder" }
				]
			},
			"thigh": {
				"rgba": [
					{ "color": "000000ff" }
				]
			},
			"thigh2": {
				"rgba": [
					{ "color": "000000ff" }
				]
			},
			"thigh3": {
				"rgba": [
					{ "color": "000000ff" }
				]
			},
			"thigh4": {
				"rgba": [
					{ "color": "000000ff" }
				]
			}
		},
		"bones": {
			"head": {
				"rotate": [
					{ "value": -35.79 }
				],
				"translate": [
					{ "x": -4.07, "y": 24.97 }
				],
				"scale": [
					{}
				]
			},
			"root": {
				"rotate": [
					{}
				],
				"translate": [
					{}
				]
			},
			"main": {
				"rotate": [
					{ "value": 11.61 }
				],
				"translate": [
					{ "x": 2.48, "y": -33.81 }
				]
			},
			"hip": {
				"rotate": [
					{}
				],
				"translate": [
					{}
				]
			},
			"body": {
				"rotate": [
					{ "value": 1.81 }
				],
				"translate": [
					{}
				],
				"scale": [
					{}
				]
			},
			"body2": {
				"rotate": [
					{ "value": 1.81 }
				],
				"translate": [
					{}
				],
				"scale": [
					{}
				]
			},
			"body3": {
				"rotate": [
					{ "value": 1.81 }
				],
				"translate": [
					{}
				],
				"scale": [
					{}
				]
			},
			"body4": {
				"rotate": [
					{ "value": 1.81 }
				],
				"translate": [
					{}
				],
				"scale": [
					{}
				]
			},
			"body5": {
				"rotate": [
					{ "value": 1.81 }
				],
				"translate": [
					{}
				],
				"scale": [
					{}
				]
			},
			"body6": {
				"rotate": [
					{ "value": 1.81 }
				],
				"translate": [
					{}
				],
				"scale": [
					{}
				]
			},
			"body7": {
				"rotate": [
					{ "value": 1.81 }
				],
				"translate": [
					{}
				],
				"scale": [
					{}
				]
			},
			"body8": {
				"rotate": [
					{ "value": 1.81 }
				],
				"translate": [
					{}
				],
				"scale": [
					{}
				]
			},
			"feeling_3": {
				"rotate": [
					{ "value": 146.49 }
				],
				"translate": [
					{ "x": 3.15, "y": 87.52 }
				]
			},
			"emoji": {
				"rotate": [
					{ "value": -3.76 }
				],
				"translate": [
					{ "x": 14.19, "y": 18.22 }
				],
				"scale": [
					{ "x": -1.044, "y": 1.044 }
				]
			},
			"shouder_1": {
				"rotate": [
					{ "value": 139.08 }
				],
				"translate": [
					{ "x": 45.21, "y": -0.01 }
				],
				"scale": [
					{}
				]
			},
			"arm_1": {
				"rotate": [
					{ "value": 16.92 }
				],
				"translate": [
					{ "x": 2.02, "y": 0.08 }
				],
				"scale": [
					{}
				]
			},
			"shouder_2": {
				"rotate": [
					{ "value": -12.7 }
				],
				"translate": [
					{ "x": 22.18, "y": -3.58 }
				],
				"scale": [
					{}
				]
			},
			"arm_2": {
				"rotate": [
					{ "value": -15.08 }
				]
			},
			"thigh_1": {
				"rotate": [
					{ "value": 24.72 }
				],
				"translate": [
					{}
				],
				"scale": [
					{}
				]
			},
			"leg_1": {
				"rotate": [
					{}
				],
				"translate": [
					{}
				]
			},
			"thigh_2": {
				"rotate": [
					{ "value": 39.21 }
				],
				"translate": [
					{}
				],
				"scale": [
					{}
				]
			},
			"leg_2": {
				"rotate": [
					{ "value": 18.14 }
				],
				"translate": [
					{}
				]
			},
			"foot_2": {
				"rotate": [
					{}
				],
				"translate": [
					{ "x": -190.55, "y": 89.55 }
				]
			},
			"foot_3": {
				"rotate": [
					{}
				],
				"translate": [
					{ "x": 198.8, "y": 87.15 }
				]
			},
			"feeling_5": {
				"rotate": [
					{}
				],
				"translate": [
					{ "x": 0.69, "y": -83.91 }
				],
				"scale": [
					{ "x": 0.682, "y": 0.682 }
				]
			},
			"feeling_1": {
				"rotate": [
					{ "value": 158.97 }
				],
				"translate": [
					{ "x": -119.11, "y": 53.43 }
				],
				"scale": [
					{ "x": -1.937, "y": -1.937 }
				]
			},
			"feeling_2": {
				"rotate": [
					{ "value": 12.21 }
				],
				"translate": [
					{ "x": -216.23, "y": 6.59 }
				],
				"scale": [
					{ "x": 1.408, "y": 1.408 }
				]
			},
			"move": {
				"translate": [
					{ "x": 119.99 }
				],
				"scale": [
					{ "x": -1 }
				]
			},
			"item_1": {
				"translate": [
					{ "x": -85.52, "y": 76.17 }
				],
				"scale": [
					{ "x": 1.242, "y": 1.242 }
				]
			},
			"hair_1": {
				"rotate": [
					{ "value": -39.19 }
				],
				"translate": [
					{ "x": 114.17, "y": 573.91 }
				],
				"scale": [
					{ "x": 0.93, "y": 0.93 }
				]
			}
		},
		"ik": {
			"foot_1": [
				{ "stretch": true }
			],
			"foot_2": [
				{ "stretch": true }
			]
		},
		"drawOrder": [
			{
				"offsets": [
					{ "slot": "item", "offset": 17 }
				]
			}
		]
	},
	"t_221_2_win": {
		"slots": {
			"body": {
				"rgba": [
					{ "color": "000000ff", "curve": "stepped" },
					{ "time": 0.8333, "color": "000000ff" }
				]
			},
			"Emoji": {
				"attachment": [
					{ "name": "Emoji/emo_99" },
					{ "time": 0.8333, "name": "Emoji/emo_99" }
				]
			},
			"feeling_1": {
				"rgba": [
					{ "color": "fffc00ff", "curve": "stepped" },
					{ "time": 0.8333, "color": "fffc00ff" }
				],
				"attachment": [
					{ "name": "scare" },
					{ "time": 0.8333, "name": "scare" }
				]
			},
			"feeling_2": {
				"attachment": [
					{ "name": "dau" },
					{ "time": 0.8333, "name": "dau" }
				]
			},
			"feeling_3": {
				"attachment": [
					{ "name": "giat_minh" },
					{ "time": 0.8333, "name": "giat_minh" }
				]
			},
			"feeling_4": {
				"attachment": [
					{ "name": "dau" },
					{ "time": 0.8333, "name": "dau" }
				]
			},
			"feeling_5": {
				"attachment": [
					{ "name": "mo_hoi" },
					{ "time": 0.8333, "name": "mo_hoi" }
				]
			},
			"hair": {
				"attachment": [
					{ "name": "hair/man/toc_3" },
					{ "time": 0.8333, "name": "hair/man/toc_3" }
				]
			},
			"head": {
				"attachment": [
					{ "name": "head_7" },
					{ "time": 0.8333, "name": "head_7" }
				]
			},
			"item": {
				"attachment": [
					{},
					{ "time": 0.8333 }
				]
			},
			"shoulder1": {
				"rgba": [
					{ "color": "000000ff", "curve": "stepped" },
					{ "time": 0.8333, "color": "000000ff" }
				],
				"attachment": [
					{ "name": "shoulder" },
					{ "time": 0.8333, "name": "shoulder" }
				]
			},
			"shoulder2": {
				"rgba": [
					{ "color": "000000ff", "curve": "stepped" },
					{ "time": 0.8333, "color": "000000ff" }
				],
				"attachment": [
					{ "name": "shoulder" },
					{ "time": 0.8333, "name": "shoulder" }
				]
			},
			"shoulder3": {
				"rgba": [
					{ "color": "000000ff", "curve": "stepped" },
					{ "time": 0.8333, "color": "000000ff" }
				],
				"attachment": [
					{ "name": "shoulder" },
					{ "time": 0.8333, "name": "shoulder" }
				]
			},
			"shoulder4": {
				"rgba": [
					{ "color": "000000ff", "curve": "stepped" },
					{ "time": 0.8333, "color": "000000ff" }
				],
				"attachment": [
					{ "name": "shoulder" },
					{ "time": 0.8333, "name": "shoulder" }
				]
			},
			"thigh": {
				"rgba": [
					{ "color": "000000ff", "curve": "stepped" },
					{ "time": 0.8333, "color": "000000ff" }
				]
			},
			"thigh2": {
				"rgba": [
					{ "color": "000000ff", "curve": "stepped" },
					{ "time": 0.8333, "color": "000000ff" }
				]
			},
			"thigh3": {
				"rgba": [
					{ "color": "000000ff", "curve": "stepped" },
					{ "time": 0.8333, "color": "000000ff" }
				]
			},
			"thigh4": {
				"rgba": [
					{ "color": "000000ff", "curve": "stepped" },
					{ "time": 0.8333, "color": "000000ff" }
				]
			}
		},
		"bones": {
			"body": {
				"rotate": [
					{ "value": 16.23, "curve": "stepped" },
					{ "time": 0.8333, "value": 16.23 }
				]
			},
			"body2": {
				"rotate": [
					{ "value": -2.59, "curve": "stepped" },
					{ "time": 0.8333, "value": -2.59 }
				]
			},
			"body3": {
				"rotate": [
					{ "value": -0.22, "curve": "stepped" },
					{ "time": 0.8333, "value": -0.22 }
				]
			},
			"body4": {
				"rotate": [
					{ "value": -0.29, "curve": "stepped" },
					{ "time": 0.8333, "value": -0.29 }
				]
			},
			"body5": {
				"rotate": [
					{ "value": -2.56, "curve": "stepped" },
					{ "time": 0.8333, "value": -2.56 }
				]
			},
			"body6": {
				"rotate": [
					{ "value": -2.15, "curve": "stepped" },
					{ "time": 0.8333, "value": -2.15 }
				]
			},
			"body7": {
				"rotate": [
					{ "value": -0.58, "curve": "stepped" },
					{ "time": 0.8333, "value": -0.58 }
				]
			},
			"body8": {
				"rotate": [
					{ "value": -5.18, "curve": "stepped" },
					{ "time": 0.8333, "value": -5.18 }
				],
				"translate": [
					{ "x": 10.92, "y": -0.52, "curve": "stepped" },
					{ "time": 0.8333, "x": 10.92, "y": -0.52 }
				]
			},
			"thigh_1": {
				"rotate": [
					{ "value": 26.16, "curve": "stepped" },
					{ "time": 0.8333, "value": 26.16 }
				]
			},
			"leg_1": {
				"rotate": [
					{ "value": 72.18, "curve": "stepped" },
					{ "time": 0.8333, "value": 72.18 }
				],
				"scale": [
					{ "curve": "stepped" },
					{ "time": 0.8333 }
				]
			},
			"main": {
				"rotate": [
					{ "value": -7.58, "curve": "stepped" },
					{ "time": 0.8333, "value": -7.58 }
				],
				"translate": [
					{ "x": -1.93, "y": -62.01, "curve": "stepped" },
					{ "time": 0.8333, "x": -1.93, "y": -62.01 }
				]
			},
			"head": {
				"rotate": [
					{ "value": -13.21, "curve": "stepped" },
					{ "time": 0.8333, "value": -13.21 }
				],
				"translate": [
					{ "x": -5.5, "y": -0.12, "curve": "stepped" },
					{ "time": 0.8333, "x": -5.5, "y": -0.12 }
				]
			},
			"shouder_1": {
				"rotate": [
					{ "value": 173.42, "curve": "stepped" },
					{ "time": 0.8333, "value": 173.42 }
				],
				"translate": [
					{ "x": 31.08, "y": -0.97, "curve": "stepped" },
					{ "time": 0.8333, "x": 31.08, "y": -0.97 }
				],
				"scale": [
					{ "curve": "stepped" },
					{ "time": 0.8333 }
				]
			},
			"arm_1": {
				"rotate": [
					{ "value": -28.29, "curve": "stepped" },
					{ "time": 0.8333, "value": -28.29 }
				]
			},
			"shouder_2": {
				"rotate": [
					{ "value": 142.96, "curve": "stepped" },
					{ "time": 0.8333, "value": 142.96 }
				],
				"translate": [
					{ "x": 27.82, "y": -5.03, "curve": "stepped" },
					{ "time": 0.8333, "x": 27.82, "y": -5.03 }
				],
				"scale": [
					{ "curve": "stepped" },
					{ "time": 0.8333 }
				]
			},
			"arm_2": {
				"rotate": [
					{ "value": -11.81, "curve": "stepped" },
					{ "time": 0.8333, "value": -11.81 }
				]
			},
			"thigh_2": {
				"rotate": [
					{ "value": -82.1, "curve": "stepped" },
					{ "time": 0.8333, "value": -82.1 }
				],
				"scale": [
					{ "curve": "stepped" },
					{ "time": 0.8333 }
				]
			},
			"leg_2": {
				"rotate": [
					{ "value": 49.36, "curve": "stepped" },
					{ "time": 0.8333, "value": 49.36 }
				],
				"scale": [
					{ "curve": "stepped" },
					{ "time": 0.8333 }
				]
			},
			"emoji": {
				"rotate": [
					{ "value": 2.04, "curve": "stepped" },
					{ "time": 0.8333, "value": 2.04 }
				],
				"translate": [
					{ "x": 5.49, "y": 4.99, "curve": "stepped" },
					{ "time": 0.8333, "x": 5.49, "y": 4.99 }
				],
				"scale": [
					{ "x": -1, "curve": "stepped" },
					{ "time": 0.8333, "x": -1 }
				]
			},
			"feeling_3": {
				"rotate": [
					{ "value": 143.84, "curve": "stepped" },
					{ "time": 0.8333, "value": 143.84 }
				],
				"translate": [
					{ "x": -32.5, "y": 72.88, "curve": "stepped" },
					{ "time": 0.8333, "x": -32.5, "y": 72.88 }
				],
				"scale": [
					{ "x": 1.149, "y": 1.149, "curve": "stepped" },
					{ "time": 0.8333, "x": 1.149, "y": 1.149 }
				]
			},
			"feeling_5": {
				"rotate": [
					{ "value": -65.88, "curve": "stepped" },
					{ "time": 0.8333, "value": -65.88 }
				],
				"translate": [
					{ "x": -8.97, "y": 1.77, "curve": "stepped" },
					{ "time": 0.8333, "x": -8.97, "y": 1.77 }
				],
				"scale": [
					{ "x": 0.296, "y": 0.296, "curve": "stepped" },
					{ "time": 0.8333, "x": 0.296, "y": 0.296 }
				]
			},
			"move": {
				"translate": [
					{ "x": 119.99, "y": 0.12, "curve": "stepped" },
					{ "time": 0.8333, "x": 119.99, "y": 0.12 }
				],
				"scale": [
					{ "x": -1, "curve": "stepped" },
					{ "time": 0.8333, "x": -1 }
				]
			},
			"feeling_1": {
				"rotate": [
					{ "value": 3.81, "curve": "stepped" },
					{ "time": 0.1, "value": -38.04, "curve": "stepped" },
					{ "time": 0.2, "value": -73.59, "curve": "stepped" },
					{ "time": 0.3, "value": -123.33, "curve": "stepped" },
					{ "time": 0.4333, "value": 3.81, "curve": "stepped" },
					{ "time": 0.5333, "value": -38.04, "curve": "stepped" },
					{ "time": 0.6333, "value": -73.59, "curve": "stepped" },
					{ "time": 0.7333, "value": -123.33, "curve": "stepped" },
					{ "time": 0.8333, "value": 3.81 }
				],
				"translate": [
					{ "x": -62.71, "y": -13.77, "curve": "stepped" },
					{ "time": 0.1, "x": -83.96, "y": -98.83, "curve": "stepped" },
					{ "time": 0.2, "x": -13.49, "y": -58.4, "curve": "stepped" },
					{ "time": 0.3, "x": -116.69, "y": -39.62, "curve": "stepped" },
					{ "time": 0.4333, "x": -62.71, "y": -13.77, "curve": "stepped" },
					{ "time": 0.5333, "x": -83.96, "y": -98.83, "curve": "stepped" },
					{ "time": 0.6333, "x": -13.49, "y": -58.4, "curve": "stepped" },
					{ "time": 0.7333, "x": -116.69, "y": -39.62, "curve": "stepped" },
					{ "time": 0.8333, "x": -62.71, "y": -13.77 }
				],
				"scale": [
					{ "x": 1.411, "y": 1.411, "curve": "stepped" },
					{ "time": 0.1, "x": 0.763, "y": 0.763, "curve": "stepped" },
					{ "time": 0.2, "x": 1.103, "y": 1.103, "curve": "stepped" },
					{ "time": 0.3, "x": 0.727, "y": 0.727, "curve": "stepped" },
					{ "time": 0.4333, "x": 1.411, "y": 1.411, "curve": "stepped" },
					{ "time": 0.5333, "x": 0.763, "y": 0.763, "curve": "stepped" },
					{ "time": 0.6333, "x": 1.103, "y": 1.103, "curve": "stepped" },
					{ "time": 0.7333, "x": 0.727, "y": 0.727, "curve": "stepped" },
					{ "time": 0.8333, "x": 1.411, "y": 1.411 }
				]
			},
			"feeling_2": {
				"rotate": [
					{ "value": -69.99, "curve": "stepped" },
					{ "time": 0.8333, "value": -69.99 }
				],
				"translate": [
					{ "x": -22.7, "y": -110.19, "curve": "stepped" },
					{ "time": 0.8333, "x": -22.7, "y": -110.19 }
				],
				"scale": [
					{ "x": 0.909, "y": 0.909, "curve": "stepped" },
					{ "time": 0.8333, "x": 0.909, "y": 0.909 }
				]
			},
			"foot_3": {
				"translate": [
					{ "x": -193.35, "y": 39.15, "curve": "stepped" },
					{ "time": 0.8333, "x": -193.35, "y": 39.15 }
				]
			},
			"foot_2": {
				"translate": [
					{ "x": 178.49, "y": 46.11, "curve": "stepped" },
					{ "time": 0.8333, "x": 178.49, "y": 46.11 }
				]
			},
			"item_1": {
				"rotate": [
					{ "value": -98.22, "curve": "stepped" },
					{ "time": 0.8333, "value": -98.22 }
				],
				"translate": [
					{ "x": -250.95, "y": -25.98, "curve": "stepped" },
					{ "time": 0.8333, "x": -250.95, "y": -25.98 }
				],
				"scale": [
					{ "x": 0.776, "y": 0.776, "curve": "stepped" },
					{ "time": 0.8333, "x": 0.776, "y": 0.776 }
				]
			},
			"feeling_4": {
				"rotate": [
					{ "value": 19.04, "curve": "stepped" },
					{ "time": 0.8333, "value": 19.04 }
				],
				"translate": [
					{ "x": 47.69, "y": 37.18, "curve": "stepped" },
					{ "time": 0.8333, "x": 47.69, "y": 37.18 }
				],
				"scale": [
					{ "x": 0.662, "y": 0.662, "curve": "stepped" },
					{ "time": 0.8333, "x": 0.662, "y": 0.662 }
				]
			},
			"hair_1": {
				"rotate": [
					{ "value": -35.79, "curve": "stepped" },
					{ "time": 0.8333, "value": -35.79 }
				],
				"translate": [
					{ "x": 104.5, "y": 577.23, "curve": "stepped" },
					{ "time": 0.8333, "x": 104.5, "y": 577.23 }
				],
				"scale": [
					{ "x": 0.93, "y": 0.93, "curve": "stepped" },
					{ "time": 0.8333, "x": 0.93, "y": 0.93 }
				]
			}
		},
		"ik": {
			"foot_1": [
				{
					"stretch": true,
					"curve": [ 0.208, 1, 0.625, 1, 0.208, 0, 0.625, 0 ]
				},
				{ "time": 0.8333, "stretch": true }
			],
			"foot_2": [
				{
					"stretch": true,
					"curve": [ 0.208, 1, 0.625, 1, 0.208, 0, 0.625, 0 ]
				},
				{ "time": 0.8333, "stretch": true }
			]
		},
		"drawOrder": [
			{
				"offsets": [
					{ "slot": "feeling_3", "offset": 3 },
					{ "slot": "feeling_1", "offset": 1 }
				]
			},
			{
				"time": 0.8333,
				"offsets": [
					{ "slot": "feeling_3", "offset": 3 },
					{ "slot": "feeling_1", "offset": 1 }
				]
			}
		]
	}
}
}