{
"skeleton": { "hash": "S5zJ7BlDGtk", "spine": "4.1.24", "x": -388.28, "y": -425.09, "width": 724.41, "height": 1282.48 },
"bones": [
	{ "name": "root", "rotation": 0.2 },
	{ "name": "move", "parent": "root", "x": -119.99, "scaleX": -1 },
	{ "name": "main", "parent": "move", "y": 256.6 },
	{ "name": "hip", "parent": "main" },
	{ "name": "body", "parent": "hip", "length": 26.97, "rotation": 90 },
	{ "name": "body2", "parent": "body", "length": 26.97, "x": 26.97 },
	{ "name": "body3", "parent": "body2", "length": 26.97, "x": 26.97 },
	{ "name": "body4", "parent": "body3", "length": 26.97, "rotation": -0.06, "x": 26.97 },
	{ "name": "body5", "parent": "body4", "length": 26.97, "x": 26.97 },
	{ "name": "body6", "parent": "body5", "length": 26.97, "x": 26.97 },
	{ "name": "body7", "parent": "body6", "length": 26.97, "x": 26.97 },
	{ "name": "body8", "parent": "body7", "length": 26.97, "x": 26.97 },
	{ "name": "head", "parent": "body8", "length": 135.67, "x": 24.75 },
	{ "name": "feeling_3", "parent": "head", "rotation": -0.18, "x": 87.53, "y": 30.96 },
	{ "name": "emoji", "parent": "head", "rotation": -90, "x": 62, "y": 1.49 },
	{ "name": "shouder_1", "parent": "body7", "length": 100.06, "rotation": -90, "x": 15.39, "y": 0.02 },
	{ "name": "arm_1", "parent": "shouder_1", "length": 100.06, "x": 94.79 },
	{ "name": "shouder_2", "parent": "body7", "length": 100.06, "rotation": 90, "x": 15.39, "y": 0.02 },
	{ "name": "arm_2", "parent": "shouder_2", "length": 100.06, "x": 94.79 },
	{ "name": "thigh_1", "parent": "main", "length": 134.15, "rotation": -90, "x": -0.54, "y": 4.23 },
	{ "name": "leg_1", "parent": "thigh_1", "length": 134.15, "x": 128.14 },
	{ "name": "thigh_2", "parent": "main", "length": 134.15, "rotation": -90, "x": -0.1, "y": 4.23 },
	{ "name": "leg_2", "parent": "thigh_2", "length": 134.15, "x": 128.14 },
	{ "name": "foot_2", "parent": "move", "x": 0.16, "y": -2.18 },
	{ "name": "foot_3", "parent": "move", "x": 0.1, "y": -2.12 },
	{
		"name": "feeling_5",
		"parent": "head",
		"rotation": -0.18,
		"x": 87.53,
		"y": -25.11,
		"scaleX": 2,
		"scaleY": 2
	},
	{ "name": "item_1", "parent": "move", "x": -1.93, "y": 450.24 },
	{ "name": "feeling_1", "parent": "main", "rotation": -20.17, "x": 72.35, "y": 376.02 },
	{ "name": "feeling_2", "parent": "main", "rotation": -20.17, "x": 72.35, "y": 376.02 },
	{ "name": "hair_1", "parent": "main", "rotation": 0.07, "x": -120, "y": -254.77 },
	{
		"name": "feeling_4",
		"parent": "head",
		"rotation": -0.18,
		"x": 87.53,
		"y": -25.11,
		"scaleX": 2,
		"scaleY": 2
	},
	{ "name": "item_tay", "parent": "arm_2", "x": 101.01, "y": -1.25 }
],
"slots": [
	{ "name": "bg_gane_play", "bone": "root", "color": "ffffff4f" },
	{ "name": "item", "bone": "item_1" },
	{ "name": "body", "bone": "hip", "color": "000000ff", "attachment": "body" },
	{ "name": "shoulder1", "bone": "shouder_1", "color": "000000ff" },
	{ "name": "shoulder3", "bone": "shouder_2", "color": "000000ff" },
	{ "name": "shoulder2", "bone": "arm_1", "color": "000000ff" },
	{ "name": "shoulder4", "bone": "arm_2", "color": "000000ff" },
	{ "name": "thigh", "bone": "thigh_1", "color": "000000ff", "attachment": "thigh" },
	{ "name": "thigh3", "bone": "thigh_2", "color": "000000ff", "attachment": "thigh" },
	{ "name": "thigh2", "bone": "leg_1", "color": "000000ff", "attachment": "thigh" },
	{ "name": "thigh4", "bone": "leg_2", "color": "000000ff", "attachment": "thigh" },
	{ "name": "head", "bone": "head", "attachment": "head" },
	{ "name": "hair", "bone": "hair_1" },
	{ "name": "Emoji", "bone": "emoji" },
	{ "name": "feeling_3", "bone": "feeling_3", "color": "000000ff" },
	{ "name": "feeling_5", "bone": "feeling_5" },
	{ "name": "feeling_4", "bone": "feeling_4" },
	{ "name": "feeling_1", "bone": "feeling_1" },
	{ "name": "feeling_2", "bone": "feeling_2" },
	{ "name": "item_tay", "bone": "item_tay" }
],
"ik": [
	{
		"name": "foot_1",
		"bones": [ "thigh_1", "leg_1" ],
		"target": "foot_2",
		"mix": 0,
		"stretch": true
	},
	{
		"name": "foot_2",
		"order": 1,
		"bones": [ "thigh_2", "leg_2" ],
		"target": "foot_3",
		"mix": 0,
		"stretch": true
	}
],
"skins": [
	{
		"name": "default",
		"attachments": {
			"body": {
				"body": {
					"type": "mesh",
					"uvs": [ 1, 1, 0, 1, 0, 0.875, 0, 0.75, 0, 0.625, 0, 0.5, 0, 0.375, 0, 0.25, 0, 0.125, 0, 0, 1, 0, 1, 0.125, 1, 0.25, 1, 0.375, 1, 0.5, 1, 0.625, 1, 0.75, 1, 0.875 ],
					"triangles": [ 8, 9, 10, 11, 8, 10, 7, 8, 11, 12, 7, 11, 6, 7, 12, 13, 6, 12, 5, 6, 13, 14, 5, 13, 4, 5, 14, 15, 4, 14, 3, 4, 15, 16, 3, 15, 2, 3, 16, 17, 2, 16, 1, 2, 17, 0, 1, 17 ],
					"vertices": [ 1, 4, -1.7, -5.5, 1, 1, 4, -1.7, 5.5, 1, 2, 4, 25.68, 5.5, 0.70301, 5, -1.29, 5.5, 0.29699, 2, 5, 26.08, 5.5, 0.65569, 6, -0.88, 5.5, 0.34431, 2, 6, 26.49, 5.5, 0.55905, 7, -0.48, 5.5, 0.44095, 2, 7, 26.9, 5.5, 0.51367, 8, -0.07, 5.5, 0.48633, 2, 8, 27.3, 5.5, 0.41705, 9, 0.33, 5.5, 0.58295, 2, 9, 27.71, 5.5, 0.38565, 10, 0.74, 5.5, 0.61435, 2, 10, 28.11, 5.5, 0.36868, 11, 1.14, 5.5, 0.63132, 1, 11, 28.52, 5.5, 1, 1, 11, 28.52, -5.5, 1, 2, 10, 28.11, -5.5, 0.3064, 11, 1.14, -5.5, 0.6936, 2, 9, 27.71, -5.5, 0.40945, 10, 0.74, -5.5, 0.59055, 2, 8, 27.3, -5.5, 0.44404, 9, 0.33, -5.5, 0.55596, 2, 7, 26.9, -5.5, 0.52991, 8, -0.07, -5.5, 0.47009, 2, 6, 26.49, -5.5, 0.58474, 7, -0.48, -5.5, 0.41526, 2, 5, 26.08, -5.5, 0.62061, 6, -0.88, -5.5, 0.37939, 2, 4, 25.68, -5.5, 0.65664, 5, -1.29, -5.5, 0.34336 ],
					"hull": 18
				}
			},
			"Emoji": {
				"Emoji/emo_42": { "width": 90, "height": 74 },
				"Emoji/emo_46": { "x": 0.5, "y": 0.5, "width": 87, "height": 49 },
				"Emoji/emo_57_c": { "x": 0.5, "y": 0.5, "width": 101, "height": 101 },
				"Emoji/emo_74": { "x": 0.5, "y": 0.5, "scaleX": -1, "width": 90, "height": 95 },
				"Emoji/emo_92": { "y": 0.5, "width": 92, "height": 97 },
				"Emoji/new/emo_55_e": { "y": 0.5, "width": 96, "height": 89 },
				"Emoji/new/emo_64": { "x": 0.5, "width": 79, "height": 92 }
			},
			"feeling_1": {
				"cauco": { "y": 0.5, "width": 50, "height": 45 },
				"Emoji/hoi_cham": { "scaleX": 1.6014, "scaleY": 1.3256, "width": 30, "height": 52 },
				"giat_minh": { "width": 70, "height": 66 },
				"mo_hoi": { "x": 0.5, "y": 0.5, "width": 19, "height": 41 }
			},
			"feeling_2": {
				"cham_than": { "x": 0.5, "y": 0.5, "width": 17, "height": 57 },
				"Emoji/hoi_cham": { "width": 30, "height": 52 },
				"mo_hoi": { "x": 0.5, "y": 0.5, "width": 19, "height": 41 },
				"run": { "rotation": 20.55, "width": 13, "height": 27 }
			},
			"feeling_3": {
				"cham_than": { "x": -18.07, "y": -0.4, "rotation": -96.51, "width": 17, "height": 57 },
				"giat_minh": { "rotation": -96.51, "width": 70, "height": 66 },
				"mo_hoi": { "x": -18.07, "y": -0.4, "rotation": -96.51, "width": 19, "height": 41 },
				"rung": { "x": 1, "y": -1.54, "width": 18, "height": 51 },
				"scare": { "width": 80, "height": 83 }
			},
			"feeling_4": {
				"giat_minh": { "width": 70, "height": 66 },
				"run": { "x": -0.36, "y": 7.5, "rotation": -89.44, "width": 13, "height": 27 },
				"rung": { "x": 0.5, "width": 18, "height": 51 }
			},
			"feeling_5": {
				"giat_minh": { "width": 70, "height": 66 },
				"run": { "x": -0.36, "y": 7.5, "rotation": -89.44, "width": 13, "height": 27 },
				"scare": { "y": 0.5, "width": 80, "height": 83 }
			},
			"hair": {
				"hair/man/mu_5": { "y": 0.5, "width": 152, "height": 77 }
			},
			"head": {
				"head": { "x": 68.85, "rotation": -89.87, "width": 144, "height": 144 },
				"head_7": { "x": 65.26, "y": -3.78, "rotation": -89.46, "width": 144, "height": 144 }
			},
			"shoulder1": {
				"shoulder": { "x": 49.22, "rotation": -90, "width": 15, "height": 105 }
			},
			"shoulder2": {
				"shoulder": { "x": 49.22, "rotation": -90, "width": 15, "height": 105 }
			},
			"shoulder3": {
				"shoulder": { "x": 49.22, "rotation": -90, "width": 15, "height": 105 }
			},
			"shoulder4": {
				"shoulder": { "x": 50.57, "rotation": -90, "width": 15, "height": 105 }
			},
			"thigh": {
				"thigh": { "x": 66.01, "rotation": -90, "width": 14, "height": 137 }
			},
			"thigh2": {
				"thigh": { "x": 66.01, "rotation": -90, "width": 14, "height": 137 }
			},
			"thigh3": {
				"thigh": { "x": 66.01, "rotation": -90, "width": 14, "height": 137 }
			},
			"thigh4": {
				"thigh": { "x": 66.01, "rotation": -90, "width": 14, "height": 137 }
			}
		}
	}
],
"animations": {
	"t_355_1_be": {
		"slots": {
			"body": {
				"rgba": [
					{ "color": "000000ff" }
				]
			},
			"Emoji": {
				"attachment": [
					{ "name": "Emoji/new/emo_55_e" }
				]
			},
			"feeling_1": {
				"attachment": [
					{ "name": "giat_minh" }
				]
			},
			"feeling_2": {
				"attachment": [
					{ "name": "mo_hoi" }
				]
			},
			"feeling_3": {
				"rgba": [
					{ "color": "ffffffff" }
				],
				"attachment": [
					{}
				]
			},
			"feeling_5": {
				"rgba": [
					{ "color": "000000ff" }
				],
				"attachment": [
					{}
				]
			},
			"head": {
				"rgba": [
					{ "color": "ffffffff" }
				],
				"attachment": [
					{ "name": "head" }
				]
			},
			"item": {
				"attachment": [
					{}
				]
			},
			"shoulder1": {
				"rgba": [
					{ "color": "000000ff" }
				],
				"attachment": [
					{ "name": "shoulder" }
				]
			},
			"shoulder2": {
				"rgba": [
					{ "color": "000000ff" }
				],
				"attachment": [
					{ "name": "shoulder" }
				]
			},
			"shoulder3": {
				"rgba": [
					{ "color": "000000ff" }
				],
				"attachment": [
					{}
				]
			},
			"shoulder4": {
				"rgba": [
					{ "color": "000000ff" }
				],
				"attachment": [
					{}
				]
			},
			"thigh": {
				"rgba": [
					{ "color": "000000ff" }
				]
			},
			"thigh2": {
				"rgba": [
					{ "color": "000000ff" }
				]
			},
			"thigh3": {
				"rgba": [
					{ "color": "000000ff" }
				]
			},
			"thigh4": {
				"rgba": [
					{ "color": "000000ff" }
				]
			}
		},
		"bones": {
			"head": {
				"rotate": [
					{ "value": -13.57 }
				],
				"translate": [
					{ "x": -17.67, "y": 11.02 }
				],
				"scale": [
					{}
				]
			},
			"root": {
				"rotate": [
					{}
				],
				"translate": [
					{}
				]
			},
			"main": {
				"rotate": [
					{ "value": -1.49 }
				],
				"translate": [
					{ "x": 13.61, "y": -43.99 }
				]
			},
			"hip": {
				"rotate": [
					{}
				],
				"translate": [
					{}
				]
			},
			"body": {
				"rotate": [
					{ "value": 3.56 }
				],
				"translate": [
					{}
				]
			},
			"body2": {
				"rotate": [
					{ "value": 3.56 }
				],
				"translate": [
					{}
				]
			},
			"body3": {
				"rotate": [
					{ "value": 3.56 }
				],
				"translate": [
					{}
				]
			},
			"body4": {
				"rotate": [
					{ "value": 2.64 }
				],
				"translate": [
					{}
				]
			},
			"body5": {
				"rotate": [
					{ "value": 0.58 }
				],
				"translate": [
					{}
				]
			},
			"body6": {
				"rotate": [
					{ "value": 4.13 }
				],
				"translate": [
					{}
				]
			},
			"body7": {
				"rotate": [
					{ "value": 3.56 }
				],
				"translate": [
					{}
				]
			},
			"body8": {
				"rotate": [
					{ "value": 3.56 }
				],
				"translate": [
					{}
				]
			},
			"feeling_3": {
				"rotate": [
					{ "value": 26.84 }
				],
				"translate": [
					{ "x": 142.25, "y": -21.63 }
				],
				"scale": [
					{ "x": 1.443, "y": 1.443 }
				]
			},
			"emoji": {
				"rotate": [
					{ "value": -5.22 }
				],
				"translate": [
					{ "x": 0.03, "y": 11.77 }
				],
				"scale": [
					{ "x": 1.039, "y": 1.039 }
				]
			},
			"shouder_1": {
				"rotate": [
					{ "value": -59.73 }
				],
				"translate": [
					{ "x": 18.93, "y": -1.69 }
				],
				"scale": [
					{ "x": 1.037 }
				],
				"shear": [
					{}
				]
			},
			"arm_1": {
				"rotate": [
					{ "value": -31.23 }
				],
				"translate": [
					{ "x": 2.02, "y": 0.08 }
				],
				"scale": [
					{ "x": 1.115, "y": 1.115 }
				]
			},
			"shouder_2": {
				"rotate": [
					{ "value": 71.95 }
				],
				"translate": [
					{ "x": 7.78, "y": -0.12 }
				],
				"scale": [
					{ "x": 1.037 }
				]
			},
			"arm_2": {
				"rotate": [
					{ "value": -29.64 }
				],
				"translate": [
					{}
				],
				"scale": [
					{}
				]
			},
			"thigh_1": {
				"rotate": [
					{ "value": -44.84 }
				],
				"translate": [
					{}
				]
			},
			"leg_1": {
				"rotate": [
					{ "value": 45.63 }
				],
				"translate": [
					{}
				]
			},
			"thigh_2": {
				"rotate": [
					{ "value": -37.54 }
				],
				"translate": [
					{}
				],
				"scale": [
					{}
				]
			},
			"leg_2": {
				"rotate": [
					{ "value": 38.6 }
				],
				"translate": [
					{}
				]
			},
			"foot_2": {
				"rotate": [
					{ "value": -1.35 }
				],
				"translate": [
					{ "x": -64.26, "y": -1.34 }
				]
			},
			"foot_3": {
				"rotate": [
					{}
				],
				"translate": [
					{ "x": 104.46, "y": -2.02 }
				]
			},
			"feeling_5": {
				"rotate": [
					{ "value": -104.05 }
				],
				"translate": [
					{ "x": 55.55, "y": -67.55 }
				],
				"scale": [
					{ "x": 0.389, "y": 0.389 }
				]
			},
			"move": {
				"translate": [
					{ "x": 119.99, "y": -0.27 }
				],
				"scale": [
					{}
				]
			},
			"feeling_1": {
				"rotate": [
					{ "value": 100.59 }
				],
				"translate": [
					{ "x": -199.89, "y": -47.7 }
				],
				"scale": [
					{ "x": 0.85, "y": 0.85 }
				]
			},
			"feeling_2": {
				"rotate": [
					{ "value": 22.99 }
				],
				"translate": [
					{ "x": -85.36, "y": -110.76 }
				],
				"scale": [
					{ "x": 0.983, "y": 0.983 }
				]
			},
			"item_1": {
				"rotate": [
					{ "value": 152.31 }
				],
				"translate": [
					{ "x": -106.85, "y": -271.79 }
				]
			}
		},
		"ik": {
			"foot_1": [
				{ "stretch": true }
			],
			"foot_2": [
				{ "bendPositive": false, "stretch": true }
			]
		},
		"drawOrder": [
			{
				"offsets": [
					{ "slot": "shoulder2", "offset": 13 },
					{ "slot": "Emoji", "offset": 2 },
					{ "slot": "feeling_3", "offset": 2 }
				]
			}
		]
	},
	"t_355_1_lose": {
		"slots": {
			"body": {
				"rgba": [
					{ "color": "000000ff", "curve": "stepped" },
					{ "time": 0.9667, "color": "000000ff" }
				]
			},
			"Emoji": {
				"rgba": [
					{ "color": "ff6b6bff", "curve": "stepped" },
					{ "time": 0.9667, "color": "ff6b6bff" }
				],
				"attachment": [
					{ "name": "Emoji/emo_57_c" },
					{ "time": 0.9667, "name": "Emoji/emo_57_c" }
				]
			},
			"feeling_1": {
				"attachment": [
					{ "name": "giat_minh" },
					{ "time": 0.9667, "name": "giat_minh" }
				]
			},
			"feeling_2": {
				"attachment": [
					{ "name": "mo_hoi" },
					{ "time": 0.9667, "name": "mo_hoi" }
				]
			},
			"feeling_3": {
				"rgba": [
					{ "color": "ff7575ff", "curve": "stepped" },
					{ "time": 0.9667, "color": "ff7575ff" }
				],
				"attachment": [
					{ "name": "cham_than" },
					{ "time": 0.9667, "name": "cham_than" }
				]
			},
			"feeling_5": {
				"rgba": [
					{ "color": "fffc00ff", "curve": "stepped" },
					{ "time": 0.9667, "color": "fffc00ff" }
				],
				"attachment": [
					{ "name": "scare" },
					{ "time": 0.9667, "name": "scare" }
				]
			},
			"hair": {
				"attachment": [
					{},
					{ "time": 0.9667 }
				]
			},
			"head": {
				"rgba": [
					{ "color": "ffffffff", "curve": "stepped" },
					{ "time": 0.9667, "color": "ffffffff" }
				],
				"attachment": [
					{ "name": "head_7" },
					{ "time": 0.9667, "name": "head_7" }
				]
			},
			"shoulder1": {
				"rgba": [
					{ "color": "000000ff", "curve": "stepped" },
					{ "time": 0.9667, "color": "000000ff" }
				],
				"attachment": [
					{ "name": "shoulder" },
					{ "time": 0.9667, "name": "shoulder" }
				]
			},
			"shoulder2": {
				"rgba": [
					{ "color": "000000ff", "curve": "stepped" },
					{ "time": 0.9667, "color": "000000ff" }
				],
				"attachment": [
					{ "name": "shoulder" },
					{ "time": 0.9667, "name": "shoulder" }
				]
			},
			"shoulder3": {
				"rgba": [
					{ "color": "000000ff", "curve": "stepped" },
					{ "time": 0.9667, "color": "000000ff" }
				],
				"attachment": [
					{ "name": "shoulder" },
					{ "time": 0.9667, "name": "shoulder" }
				]
			},
			"shoulder4": {
				"rgba": [
					{ "color": "ff0000ff", "curve": "stepped" },
					{ "time": 0.9667, "color": "ff0000ff" }
				],
				"attachment": [
					{ "name": "shoulder" },
					{ "time": 0.9667, "name": "shoulder" }
				]
			},
			"thigh": {
				"rgba": [
					{ "color": "000000ff", "curve": "stepped" },
					{ "time": 0.9667, "color": "000000ff" }
				]
			},
			"thigh2": {
				"rgba": [
					{ "color": "000000ff", "curve": "stepped" },
					{ "time": 0.9667, "color": "000000ff" }
				]
			},
			"thigh3": {
				"rgba": [
					{ "color": "000000ff", "curve": "stepped" },
					{ "time": 0.9667, "color": "000000ff" }
				]
			},
			"thigh4": {
				"rgba": [
					{ "color": "000000ff", "curve": "stepped" },
					{ "time": 0.9667, "color": "000000ff" }
				]
			}
		},
		"bones": {
			"head": {
				"rotate": [
					{ "value": -1.69, "curve": "stepped" },
					{ "time": 0.9667, "value": -1.69 }
				],
				"translate": [
					{ "x": -12.54, "y": -5.22, "curve": "stepped" },
					{ "time": 0.9667, "x": -12.54, "y": -5.22 }
				],
				"scale": [
					{ "x": 1.158, "curve": "stepped" },
					{ "time": 0.9667, "x": 1.158 }
				]
			},
			"root": {
				"rotate": [
					{ "curve": "stepped" },
					{ "time": 0.9667 }
				],
				"translate": [
					{ "curve": "stepped" },
					{ "time": 0.9667 }
				]
			},
			"main": {
				"rotate": [
					{ "value": 3.3, "curve": "stepped" },
					{ "time": 0.9667, "value": 3.3 }
				],
				"translate": [
					{ "x": 13.34, "y": -15.59, "curve": "stepped" },
					{ "time": 0.9667, "x": 13.34, "y": -15.59 }
				]
			},
			"hip": {
				"rotate": [
					{ "curve": "stepped" },
					{ "time": 0.9667 }
				],
				"translate": [
					{ "curve": "stepped" },
					{ "time": 0.9667 }
				]
			},
			"feeling_3": {
				"rotate": [
					{ "value": -23.28, "curve": "stepped" },
					{ "time": 0.9667, "value": -23.28 }
				],
				"translate": [
					{ "x": 85.25, "y": -144.32, "curve": "stepped" },
					{ "time": 0.9667, "x": 85.25, "y": -144.32 }
				],
				"scale": [
					{ "x": 1.395, "y": 1.395, "curve": "stepped" },
					{ "time": 0.9667, "x": 1.395, "y": 1.395 }
				]
			},
			"emoji": {
				"rotate": [
					{ "value": -4.83, "curve": "stepped" },
					{ "time": 0.9667, "value": -4.83 }
				],
				"translate": [
					{ "x": 36.33, "y": 25.54, "curve": "stepped" },
					{ "time": 0.9667, "x": 36.33, "y": 25.54 }
				],
				"scale": [
					{ "x": 1.142, "y": 1.316, "curve": "stepped" },
					{ "time": 0.9667, "x": 1.142, "y": 1.316 }
				]
			},
			"shouder_1": {
				"rotate": [
					{ "value": -35.61, "curve": "stepped" },
					{ "time": 0.9667, "value": -35.61 }
				],
				"translate": [
					{ "x": 27.11, "y": -3.02, "curve": "stepped" },
					{ "time": 0.9667, "x": 27.11, "y": -3.02 }
				],
				"scale": [
					{ "curve": "stepped" },
					{ "time": 0.9667 }
				],
				"shear": [
					{ "curve": "stepped" },
					{ "time": 0.9667 }
				]
			},
			"arm_1": {
				"rotate": [
					{ "value": 71.93, "curve": "stepped" },
					{ "time": 0.9667, "value": 71.93 }
				],
				"translate": [
					{ "x": 2.02, "y": 0.08, "curve": "stepped" },
					{ "time": 0.9667, "x": 2.02, "y": 0.08 }
				],
				"scale": [
					{ "curve": "stepped" },
					{ "time": 0.9667 }
				]
			},
			"shouder_2": {
				"rotate": [
					{ "value": -9.2, "curve": "stepped" },
					{ "time": 0.9667, "value": -9.2 }
				],
				"translate": [
					{ "x": 31.28, "y": -4.8, "curve": "stepped" },
					{ "time": 0.9667, "x": 31.28, "y": -4.8 }
				],
				"scale": [
					{ "curve": "stepped" },
					{ "time": 0.9667 }
				]
			},
			"arm_2": {
				"rotate": [
					{ "value": -42.06, "curve": "stepped" },
					{ "time": 0.9667, "value": -42.06 }
				],
				"translate": [
					{ "x": 6.07, "y": 1.06, "curve": "stepped" },
					{ "time": 0.9667, "x": 6.07, "y": 1.06 }
				],
				"scale": [
					{ "x": 1.239, "curve": "stepped" },
					{ "time": 0.9667, "x": 1.239 }
				]
			},
			"thigh_1": {
				"rotate": [
					{ "value": -44.84, "curve": "stepped" },
					{ "time": 0.9667, "value": -44.84 }
				],
				"translate": [
					{ "curve": "stepped" },
					{ "time": 0.9667 }
				],
				"scale": [
					{ "curve": "stepped" },
					{ "time": 0.9667 }
				]
			},
			"leg_1": {
				"rotate": [
					{ "value": 45.63, "curve": "stepped" },
					{ "time": 0.9667, "value": 45.63 }
				],
				"translate": [
					{ "curve": "stepped" },
					{ "time": 0.9667 }
				],
				"scale": [
					{ "curve": "stepped" },
					{ "time": 0.9667 }
				]
			},
			"thigh_2": {
				"rotate": [
					{ "value": -37.54, "curve": "stepped" },
					{ "time": 0.9667, "value": -37.54 }
				],
				"translate": [
					{ "curve": "stepped" },
					{ "time": 0.9667 }
				],
				"scale": [
					{ "curve": "stepped" },
					{ "time": 0.9667 }
				]
			},
			"leg_2": {
				"rotate": [
					{ "value": 38.6, "curve": "stepped" },
					{ "time": 0.9667, "value": 38.6 }
				],
				"translate": [
					{ "curve": "stepped" },
					{ "time": 0.9667 }
				],
				"scale": [
					{ "curve": "stepped" },
					{ "time": 0.9667 }
				]
			},
			"foot_2": {
				"rotate": [
					{ "value": -1.35, "curve": "stepped" },
					{ "time": 0.9667, "value": -1.35 }
				],
				"translate": [
					{ "x": -40.79, "y": 45.17, "curve": "stepped" },
					{ "time": 0.9667, "x": -40.79, "y": 45.17 }
				]
			},
			"foot_3": {
				"rotate": [
					{ "curve": "stepped" },
					{ "time": 0.9667 }
				],
				"translate": [
					{ "x": -174.99, "y": 113.27, "curve": "stepped" },
					{ "time": 0.9667, "x": -174.99, "y": 113.27 }
				]
			},
			"feeling_5": {
				"rotate": [
					{ "value": 45.82, "curve": "stepped" },
					{ "time": 0.1, "value": -18.91, "curve": "stepped" },
					{ "time": 0.2, "value": 45.82, "curve": "stepped" },
					{ "time": 0.3667, "value": 45.82, "curve": "stepped" },
					{ "time": 0.4667, "value": -18.91, "curve": "stepped" },
					{ "time": 0.5667, "value": 45.82, "curve": "stepped" },
					{ "time": 0.7667, "value": 45.82, "curve": "stepped" },
					{ "time": 0.8667, "value": -18.91, "curve": "stepped" },
					{ "time": 0.9667, "value": 45.82 }
				],
				"translate": [
					{ "x": -82.97, "y": 125.54, "curve": "stepped" },
					{ "time": 0.9667, "x": -82.97, "y": 125.54 }
				],
				"scale": [
					{ "x": 1.008, "y": 0.583, "curve": "stepped" },
					{ "time": 0.1, "x": 1.827, "y": 1.056, "curve": "stepped" },
					{ "time": 0.2, "x": 1.008, "y": 0.583, "curve": "stepped" },
					{ "time": 0.3667, "x": 1.008, "y": 0.583, "curve": "stepped" },
					{ "time": 0.4667, "x": 1.827, "y": 1.056, "curve": "stepped" },
					{ "time": 0.5667, "x": 1.008, "y": 0.583, "curve": "stepped" },
					{ "time": 0.7667, "x": 1.008, "y": 0.583, "curve": "stepped" },
					{ "time": 0.8667, "x": 1.827, "y": 1.056, "curve": "stepped" },
					{ "time": 0.9667, "x": 1.008, "y": 0.583 }
				],
				"shear": [
					{ "curve": "stepped" },
					{ "time": 0.9667 }
				]
			},
			"move": {
				"translate": [
					{ "x": 119.99, "curve": "stepped" },
					{ "time": 0.9667, "x": 119.99 }
				],
				"scale": [
					{ "curve": "stepped" },
					{ "time": 0.9667 }
				]
			},
			"feeling_1": {
				"rotate": [
					{ "value": 136.35, "curve": "stepped" },
					{ "time": 0.9667, "value": 136.35 }
				],
				"translate": [
					{ "x": -120.89, "y": -62.44, "curve": "stepped" },
					{ "time": 0.9667, "x": -120.89, "y": -62.44 }
				],
				"scale": [
					{ "x": 0.998, "y": 0.998, "curve": "stepped" },
					{ "time": 0.9667, "x": 0.998, "y": 0.998 }
				]
			},
			"feeling_2": {
				"rotate": [
					{ "value": 153.24, "curve": "stepped" },
					{ "time": 0.9667, "value": 153.24 }
				],
				"translate": [
					{ "x": 15.4, "y": -7.21, "curve": "stepped" },
					{ "time": 0.9667, "x": 15.4, "y": -7.21 }
				],
				"scale": [
					{ "x": -0.901, "y": 1.386, "curve": "stepped" },
					{ "time": 0.9667, "x": -0.901, "y": 1.386 }
				]
			},
			"body": {
				"rotate": [
					{ "value": -1.36, "curve": "stepped" },
					{ "time": 0.9667, "value": -1.36 }
				]
			},
			"body2": {
				"rotate": [
					{ "value": -1.36, "curve": "stepped" },
					{ "time": 0.9667, "value": -1.36 }
				]
			},
			"body3": {
				"rotate": [
					{ "value": -1.36, "curve": "stepped" },
					{ "time": 0.9667, "value": -1.36 }
				]
			},
			"body4": {
				"rotate": [
					{ "value": -1.36, "curve": "stepped" },
					{ "time": 0.9667, "value": -1.36 }
				]
			},
			"body5": {
				"rotate": [
					{ "value": -1.36, "curve": "stepped" },
					{ "time": 0.9667, "value": -1.36 }
				]
			},
			"body6": {
				"rotate": [
					{ "value": -1.36, "curve": "stepped" },
					{ "time": 0.9667, "value": -1.36 }
				]
			},
			"body7": {
				"rotate": [
					{ "value": -1.36, "curve": "stepped" },
					{ "time": 0.9667, "value": -1.36 }
				]
			},
			"body8": {
				"rotate": [
					{ "value": -1.36, "curve": "stepped" },
					{ "time": 0.9667, "value": -1.36 }
				]
			},
			"hair_1": {
				"rotate": [
					{ "value": 10.09, "curve": "stepped" },
					{ "time": 0.9667, "value": 10.09 }
				],
				"translate": [
					{ "x": 219.72, "y": 519.41, "curve": "stepped" },
					{ "time": 0.9667, "x": 219.72, "y": 519.41 }
				],
				"scale": [
					{ "x": -1.351, "y": 1.351, "curve": "stepped" },
					{ "time": 0.9667, "x": -1.351, "y": 1.351 }
				]
			}
		},
		"ik": {
			"foot_1": [
				{
					"bendPositive": false,
					"stretch": true,
					"curve": [ 0.242, 1, 0.725, 1, 0.242, 0, 0.725, 0 ]
				},
				{ "time": 0.9667, "bendPositive": false, "stretch": true }
			],
			"foot_2": [
				{
					"stretch": true,
					"curve": [ 0.242, 1, 0.725, 1, 0.242, 0, 0.725, 0 ]
				},
				{ "time": 0.9667, "stretch": true }
			]
		},
		"drawOrder": [
			{
				"offsets": [
					{ "slot": "shoulder1", "offset": 4 },
					{ "slot": "shoulder2", "offset": 3 },
					{ "slot": "shoulder4", "offset": 7 },
					{ "slot": "feeling_5", "offset": 3 },
					{ "slot": "feeling_1", "offset": -6 }
				]
			},
			{
				"time": 0.9667,
				"offsets": [
					{ "slot": "shoulder1", "offset": 4 },
					{ "slot": "shoulder2", "offset": 3 },
					{ "slot": "shoulder4", "offset": 7 },
					{ "slot": "feeling_5", "offset": 3 },
					{ "slot": "feeling_1", "offset": -6 }
				]
			}
		]
	},
	"t_355_1_lose2": {
		"slots": {
			"body": {
				"rgba": [
					{ "color": "000000ff" }
				]
			},
			"Emoji": {
				"attachment": [
					{ "name": "Emoji/emo_46" }
				]
			},
			"feeling_1": {
				"rgba": [
					{ "color": "ffffffff" }
				],
				"attachment": [
					{ "name": "mo_hoi" }
				]
			},
			"feeling_2": {
				"attachment": [
					{ "name": "run" }
				]
			},
			"feeling_3": {
				"rgba": [
					{ "color": "ffffffff" }
				],
				"attachment": [
					{ "name": "mo_hoi" }
				]
			},
			"feeling_4": {
				"attachment": [
					{ "name": "run" }
				]
			},
			"feeling_5": {
				"rgba": [
					{ "color": "ffffffff" }
				],
				"attachment": [
					{ "name": "run" }
				]
			},
			"head": {
				"rgba": [
					{ "color": "ffffffff" }
				],
				"attachment": [
					{ "name": "head" }
				]
			},
			"shoulder1": {
				"rgba": [
					{ "color": "000000ff" }
				],
				"attachment": [
					{ "name": "shoulder" }
				]
			},
			"shoulder2": {
				"rgba": [
					{ "color": "000000ff" }
				],
				"attachment": [
					{ "name": "shoulder" }
				]
			},
			"shoulder3": {
				"rgba": [
					{ "color": "000000ff" }
				],
				"attachment": [
					{ "name": "shoulder" }
				]
			},
			"shoulder4": {
				"rgba": [
					{ "color": "000000ff" }
				],
				"attachment": [
					{ "name": "shoulder" }
				]
			},
			"thigh": {
				"rgba": [
					{ "color": "000000ff" }
				]
			},
			"thigh2": {
				"rgba": [
					{ "color": "000000ff" }
				]
			},
			"thigh3": {
				"rgba": [
					{ "color": "000000ff" }
				]
			},
			"thigh4": {
				"rgba": [
					{ "color": "000000ff" }
				]
			}
		},
		"bones": {
			"head": {
				"rotate": [
					{ "value": 4.46 }
				],
				"translate": [
					{ "x": -41.85, "y": -5.81 }
				],
				"scale": [
					{}
				]
			},
			"root": {
				"rotate": [
					{}
				],
				"translate": [
					{}
				]
			},
			"main": {
				"rotate": [
					{ "value": 2.87 }
				],
				"translate": [
					{ "x": -25.01, "y": -45.32 }
				]
			},
			"hip": {
				"rotate": [
					{}
				],
				"translate": [
					{}
				]
			},
			"body": {
				"rotate": [
					{ "value": 2.33 }
				],
				"translate": [
					{}
				],
				"scale": [
					{}
				]
			},
			"body2": {
				"rotate": [
					{ "value": 2.33 }
				],
				"translate": [
					{}
				],
				"scale": [
					{}
				]
			},
			"body3": {
				"rotate": [
					{ "value": 2.33 }
				],
				"translate": [
					{}
				],
				"scale": [
					{}
				]
			},
			"body4": {
				"rotate": [
					{ "value": 2.33 }
				],
				"translate": [
					{}
				],
				"scale": [
					{}
				]
			},
			"body5": {
				"rotate": [
					{ "value": 2.33 }
				],
				"translate": [
					{}
				],
				"scale": [
					{}
				]
			},
			"body6": {
				"rotate": [
					{ "value": 2.33 }
				],
				"translate": [
					{}
				],
				"scale": [
					{}
				]
			},
			"body7": {
				"rotate": [
					{ "value": 2.33 }
				],
				"translate": [
					{}
				],
				"scale": [
					{}
				]
			},
			"body8": {
				"rotate": [
					{ "value": 2.33 }
				],
				"translate": [
					{}
				],
				"scale": [
					{}
				]
			},
			"feeling_3": {
				"rotate": [
					{ "value": -20.22 }
				],
				"translate": [
					{ "x": 40.84, "y": -15.69 }
				],
				"scale": [
					{ "x": 0.844, "y": 0.844 }
				]
			},
			"emoji": {
				"rotate": [
					{ "value": -26.49 }
				],
				"translate": [
					{ "x": 1.64, "y": -8.23 }
				],
				"scale": [
					{ "x": -0.971, "y": 0.971 }
				]
			},
			"shouder_1": {
				"rotate": [
					{ "value": -74.97 }
				],
				"translate": [
					{ "x": 4.89, "y": -3.66 }
				],
				"scale": [
					{}
				]
			},
			"arm_1": {
				"rotate": [
					{ "value": -31.58 }
				],
				"translate": [
					{ "x": 2.02, "y": 0.08 }
				],
				"scale": [
					{}
				]
			},
			"shouder_2": {
				"rotate": [
					{ "value": 67.9 }
				],
				"translate": [
					{ "x": 6.36, "y": 2.65 }
				],
				"scale": [
					{}
				]
			},
			"arm_2": {
				"rotate": [
					{ "value": -29.97 }
				],
				"translate": [
					{}
				],
				"scale": [
					{}
				]
			},
			"thigh_1": {
				"rotate": [
					{ "value": -40.55 }
				],
				"translate": [
					{}
				],
				"scale": [
					{ "x": 1.019 }
				]
			},
			"leg_1": {
				"rotate": [
					{ "value": 24.09 }
				],
				"translate": [
					{}
				]
			},
			"thigh_2": {
				"rotate": [
					{ "value": -2.68 }
				],
				"translate": [
					{}
				],
				"scale": [
					{}
				]
			},
			"leg_2": {
				"rotate": [
					{ "value": 38.96 }
				],
				"translate": [
					{}
				]
			},
			"foot_2": {
				"rotate": [
					{}
				],
				"translate": [
					{ "x": -125.29, "y": -2.18 }
				]
			},
			"foot_3": {
				"rotate": [
					{}
				],
				"translate": [
					{ "x": 73.1, "y": 1.16 }
				]
			},
			"feeling_5": {
				"rotate": [
					{ "value": 153.01 }
				],
				"translate": [
					{ "x": -42.42, "y": -46.43 }
				],
				"scale": [
					{}
				],
				"shear": [
					{}
				]
			},
			"feeling_1": {
				"rotate": [
					{ "value": 15.01 }
				],
				"translate": [
					{ "x": -179.1, "y": -183.83 }
				],
				"scale": [
					{ "x": 0.676, "y": 0.676 }
				]
			},
			"feeling_2": {
				"rotate": [
					{ "value": -43.84 }
				],
				"translate": [
					{ "x": -183.35, "y": -353.27 }
				],
				"scale": [
					{ "x": 1.399, "y": 1.399 }
				]
			},
			"move": {
				"translate": [
					{ "x": 119.99, "y": -0.41 }
				],
				"scale": [
					{ "x": -1 }
				]
			},
			"feeling_4": {
				"rotate": [
					{ "value": -14.46 }
				],
				"translate": [
					{ "x": -361.84, "y": 140.24 }
				],
				"scale": [
					{ "x": 0.81, "y": 0.81 }
				]
			}
		},
		"ik": {
			"foot_1": [
				{ "stretch": true }
			],
			"foot_2": [
				{ "stretch": true }
			]
		},
		"drawOrder": [
			{
				"offsets": [
					{ "slot": "shoulder1", "offset": 6 },
					{ "slot": "shoulder3", "offset": 0 },
					{ "slot": "shoulder2", "offset": 5 }
				]
			}
		]
	},
	"t_355_1_win": {
		"slots": {
			"body": {
				"rgba": [
					{ "color": "000000ff" }
				]
			},
			"Emoji": {
				"attachment": [
					{ "name": "Emoji/emo_92" }
				]
			},
			"feeling_1": {
				"attachment": [
					{}
				]
			},
			"feeling_2": {
				"attachment": [
					{}
				]
			},
			"feeling_3": {
				"rgba": [
					{ "color": "ffffffff" }
				],
				"attachment": [
					{}
				]
			},
			"feeling_4": {
				"attachment": [
					{}
				]
			},
			"feeling_5": {
				"rgba": [
					{ "color": "ffffffff" }
				],
				"attachment": [
					{ "name": "giat_minh" }
				]
			},
			"hair": {
				"attachment": [
					{}
				]
			},
			"head": {
				"rgba": [
					{ "color": "ffffffff" }
				],
				"attachment": [
					{ "name": "head" }
				]
			},
			"shoulder1": {
				"rgba": [
					{ "color": "000000ff" }
				],
				"attachment": [
					{ "name": "shoulder" }
				]
			},
			"shoulder2": {
				"rgba": [
					{ "color": "000000ff" }
				],
				"attachment": [
					{ "name": "shoulder" }
				]
			},
			"shoulder3": {
				"rgba": [
					{ "color": "000000ff" }
				],
				"attachment": [
					{ "name": "shoulder" }
				]
			},
			"shoulder4": {
				"rgba": [
					{ "color": "000000ff" }
				],
				"attachment": [
					{ "name": "shoulder" }
				]
			},
			"thigh": {
				"rgba": [
					{ "color": "000000ff" }
				]
			},
			"thigh2": {
				"rgba": [
					{ "color": "000000ff" }
				]
			},
			"thigh3": {
				"rgba": [
					{ "color": "000000ff" }
				]
			},
			"thigh4": {
				"rgba": [
					{ "color": "000000ff" }
				]
			}
		},
		"bones": {
			"head": {
				"rotate": [
					{ "value": -12.75 }
				],
				"translate": [
					{ "x": -14.38, "y": 17.38 }
				],
				"scale": [
					{}
				]
			},
			"root": {
				"rotate": [
					{}
				],
				"translate": [
					{}
				]
			},
			"main": {
				"rotate": [
					{ "value": 19.84 }
				],
				"translate": [
					{ "x": -1.44, "y": -53.95 }
				]
			},
			"hip": {
				"rotate": [
					{}
				],
				"translate": [
					{}
				]
			},
			"body": {
				"rotate": [
					{ "value": -0.99 }
				],
				"translate": [
					{}
				]
			},
			"body2": {
				"rotate": [
					{ "value": -0.99 }
				],
				"translate": [
					{}
				]
			},
			"body3": {
				"rotate": [
					{ "value": -0.99 }
				],
				"translate": [
					{}
				]
			},
			"body4": {
				"rotate": [
					{ "value": -1.9 }
				],
				"translate": [
					{}
				]
			},
			"body5": {
				"rotate": [
					{ "value": -3.97 }
				],
				"translate": [
					{}
				]
			},
			"body6": {
				"rotate": [
					{ "value": -0.41 }
				],
				"translate": [
					{}
				]
			},
			"body7": {
				"rotate": [
					{ "value": -0.99 }
				],
				"translate": [
					{}
				]
			},
			"body8": {
				"rotate": [
					{ "value": -0.99 }
				],
				"translate": [
					{}
				]
			},
			"feeling_3": {
				"rotate": [
					{ "value": 26.84 }
				],
				"translate": [
					{ "x": 142.25, "y": -21.63 }
				],
				"scale": [
					{ "x": 1.443, "y": 1.443 }
				]
			},
			"emoji": {
				"rotate": [
					{ "value": 9.29 }
				],
				"translate": [
					{ "x": -3.31, "y": -1.39 }
				],
				"scale": [
					{}
				]
			},
			"shouder_1": {
				"rotate": [
					{ "value": -44.39 }
				],
				"translate": [
					{ "x": 15.61, "y": -1.03 }
				],
				"scale": [
					{}
				],
				"shear": [
					{}
				]
			},
			"arm_1": {
				"rotate": [
					{ "value": 98.32 }
				],
				"translate": [
					{ "x": 2.02, "y": 0.08 }
				],
				"scale": [
					{}
				]
			},
			"shouder_2": {
				"rotate": [
					{ "value": 47.74 }
				],
				"translate": [
					{ "x": 15.61, "y": -1.46 }
				],
				"scale": [
					{}
				]
			},
			"arm_2": {
				"rotate": [
					{ "value": -37.32 }
				],
				"translate": [
					{}
				],
				"scale": [
					{}
				]
			},
			"thigh_1": {
				"rotate": [
					{ "value": -44.84 }
				],
				"translate": [
					{}
				]
			},
			"leg_1": {
				"rotate": [
					{ "value": 45.63 }
				],
				"translate": [
					{}
				]
			},
			"thigh_2": {
				"rotate": [
					{ "value": -37.54 }
				],
				"translate": [
					{}
				],
				"scale": [
					{}
				]
			},
			"leg_2": {
				"rotate": [
					{ "value": 38.6 }
				],
				"translate": [
					{}
				]
			},
			"foot_2": {
				"rotate": [
					{ "value": -1.35 }
				],
				"translate": [
					{ "x": -179.5, "y": 36.33 }
				]
			},
			"foot_3": {
				"rotate": [
					{}
				],
				"translate": [
					{ "x": 190.56, "y": 81.39 }
				]
			},
			"feeling_5": {
				"rotate": [
					{ "value": -37.83 }
				],
				"translate": [
					{ "x": 83.36, "y": 35.92 }
				],
				"scale": [
					{ "x": 0.477, "y": 0.477 }
				]
			},
			"move": {
				"translate": [
					{ "x": 119.99, "y": -0.27 }
				],
				"scale": [
					{ "x": -1 }
				]
			},
			"feeling_1": {
				"rotate": [
					{ "value": -4.24 }
				],
				"translate": [
					{ "x": -112.21, "y": -5.79 }
				],
				"scale": [
					{ "x": 1.72, "y": 1.72 }
				]
			},
			"feeling_2": {
				"rotate": [
					{ "value": 9.94 }
				],
				"translate": [
					{ "x": -116.88, "y": -67.5 }
				],
				"scale": [
					{ "x": -0.872, "y": 0.872 }
				]
			},
			"item_1": {
				"rotate": [
					{ "value": -15.73 }
				],
				"translate": [
					{ "x": -26.86, "y": 98.45 }
				],
				"scale": [
					{ "x": 0.696, "y": 0.696 }
				]
			},
			"hair_1": {
				"rotate": [
					{ "value": -21.28 }
				],
				"translate": [
					{ "x": 166.73, "y": 561.26 }
				],
				"scale": [
					{ "x": 1.12, "y": 1.12 }
				]
			},
			"feeling_4": {
				"rotate": [
					{ "value": -101.52 }
				],
				"translate": [
					{ "x": -15.08, "y": -32.36 }
				],
				"scale": [
					{ "x": 0.432, "y": 0.432 }
				]
			}
		},
		"ik": {
			"foot_1": [
				{ "stretch": true }
			],
			"foot_2": [
				{ "stretch": true }
			]
		},
		"drawOrder": [
			{
				"offsets": [
					{ "slot": "item", "offset": 16 },
					{ "slot": "shoulder2", "offset": 10 },
					{ "slot": "shoulder4", "offset": 10 },
					{ "slot": "Emoji", "offset": -1 },
					{ "slot": "feeling_3", "offset": -1 },
					{ "slot": "feeling_5", "offset": 3 }
				]
			}
		]
	},
	"t_355_2_be": {
		"slots": {
			"body": {
				"rgba": [
					{ "color": "000000ff" }
				]
			},
			"Emoji": {
				"attachment": [
					{ "name": "Emoji/new/emo_64" }
				]
			},
			"feeling_1": {
				"attachment": [
					{}
				]
			},
			"feeling_2": {
				"attachment": [
					{}
				]
			},
			"feeling_3": {
				"attachment": [
					{ "name": "rung" }
				]
			},
			"feeling_4": {
				"attachment": [
					{ "name": "rung" }
				]
			},
			"feeling_5": {
				"attachment": [
					{}
				]
			},
			"hair": {
				"attachment": [
					{ "name": "hair/man/mu_5" }
				]
			},
			"head": {
				"rgba": [
					{ "color": "ffffffff" }
				],
				"attachment": [
					{ "name": "head" }
				]
			},
			"shoulder1": {
				"rgba": [
					{ "color": "000000ff" }
				],
				"attachment": [
					{ "name": "shoulder" }
				]
			},
			"shoulder2": {
				"rgba": [
					{ "color": "000000ff" }
				],
				"attachment": [
					{ "name": "shoulder" }
				]
			},
			"shoulder3": {
				"rgba": [
					{ "color": "000000ff" }
				],
				"attachment": [
					{ "name": "shoulder" }
				]
			},
			"shoulder4": {
				"rgba": [
					{ "color": "000000ff" }
				],
				"attachment": [
					{ "name": "shoulder" }
				]
			},
			"thigh": {
				"rgba": [
					{ "color": "000000ff" }
				]
			},
			"thigh2": {
				"rgba": [
					{ "color": "000000ff" }
				]
			},
			"thigh3": {
				"rgba": [
					{ "color": "000000ff" }
				]
			},
			"thigh4": {
				"rgba": [
					{ "color": "000000ff" }
				]
			}
		},
		"bones": {
			"head": {
				"rotate": [
					{ "value": 0.9 }
				],
				"translate": [
					{ "x": -36.26, "y": 2.68 }
				],
				"scale": [
					{}
				]
			},
			"root": {
				"rotate": [
					{}
				],
				"translate": [
					{}
				]
			},
			"main": {
				"rotate": [
					{ "value": -2.15 }
				],
				"translate": [
					{ "x": -105.41, "y": -4.4 }
				]
			},
			"hip": {
				"rotate": [
					{}
				],
				"translate": [
					{}
				]
			},
			"body": {
				"rotate": [
					{ "value": 1.16 }
				],
				"translate": [
					{}
				],
				"scale": [
					{}
				]
			},
			"body2": {
				"rotate": [
					{ "value": 1.16 }
				],
				"translate": [
					{}
				],
				"scale": [
					{}
				]
			},
			"body3": {
				"rotate": [
					{ "value": 1.16 }
				],
				"translate": [
					{}
				],
				"scale": [
					{}
				]
			},
			"body4": {
				"rotate": [
					{ "value": 1.16 }
				],
				"translate": [
					{}
				],
				"scale": [
					{}
				]
			},
			"body5": {
				"rotate": [
					{ "value": -2.49 }
				],
				"translate": [
					{}
				],
				"scale": [
					{}
				]
			},
			"body6": {
				"rotate": [
					{ "value": -2.49 }
				],
				"translate": [
					{}
				],
				"scale": [
					{}
				]
			},
			"body7": {
				"rotate": [
					{ "value": -2.49 }
				],
				"translate": [
					{}
				],
				"scale": [
					{}
				]
			},
			"body8": {
				"rotate": [
					{ "value": 1.16 }
				],
				"translate": [
					{}
				],
				"scale": [
					{}
				]
			},
			"feeling_3": {
				"rotate": [
					{ "value": -62.74 }
				],
				"translate": [
					{ "x": -83.26, "y": 103.56 }
				],
				"scale": [
					{ "x": 0.731, "y": 0.731 }
				]
			},
			"emoji": {
				"rotate": [
					{ "value": -4.7 }
				],
				"translate": [
					{ "x": 4.31, "y": 17.88 }
				],
				"scale": [
					{ "x": 1.151, "y": 1.151 }
				]
			},
			"shouder_1": {
				"rotate": [
					{ "value": -57.13 }
				],
				"translate": [
					{ "x": -2.73, "y": 2.55 }
				],
				"scale": [
					{ "x": 0.995 }
				]
			},
			"arm_1": {
				"rotate": [
					{ "value": -56.2 }
				],
				"translate": [
					{ "x": 2.02, "y": 0.08 }
				],
				"scale": [
					{}
				]
			},
			"shouder_2": {
				"rotate": [
					{ "value": 42.82 }
				],
				"translate": [
					{ "x": -6.84, "y": 1.06 }
				],
				"scale": [
					{}
				]
			},
			"arm_2": {
				"rotate": [
					{ "value": -104.37 }
				],
				"scale": [
					{ "x": 0.923 }
				]
			},
			"thigh_1": {
				"rotate": [
					{ "value": 24.72 }
				],
				"translate": [
					{}
				],
				"scale": [
					{}
				]
			},
			"leg_1": {
				"rotate": [
					{}
				],
				"translate": [
					{}
				]
			},
			"thigh_2": {
				"rotate": [
					{ "value": 39.21 }
				],
				"translate": [
					{}
				],
				"scale": [
					{}
				]
			},
			"leg_2": {
				"rotate": [
					{ "value": 18.14 }
				],
				"translate": [
					{}
				]
			},
			"foot_2": {
				"rotate": [
					{}
				],
				"translate": [
					{ "x": -128.89, "y": -0.21 }
				]
			},
			"foot_3": {
				"rotate": [
					{}
				],
				"translate": [
					{ "x": -69.95, "y": 1.08 }
				]
			},
			"feeling_5": {
				"rotate": [
					{}
				],
				"translate": [
					{}
				]
			},
			"feeling_1": {
				"rotate": [
					{ "value": 14.71 }
				],
				"translate": [
					{ "x": 64.17, "y": -64.9 }
				],
				"scale": [
					{ "x": -2.352, "y": 2.352 }
				]
			},
			"feeling_2": {
				"rotate": [
					{ "value": 29.72 }
				],
				"translate": [
					{ "x": -276.18, "y": -230.83 }
				],
				"scale": [
					{ "x": -0.686, "y": 0.686 }
				]
			},
			"hair_1": {
				"rotate": [
					{ "value": -13.11 }
				],
				"translate": [
					{ "x": 123.33, "y": 536.2 }
				],
				"scale": [
					{ "x": 0.955, "y": 0.955 }
				]
			},
			"feeling_4": {
				"rotate": [
					{ "value": 78.45 }
				],
				"translate": [
					{ "x": -42.08, "y": -61.24 }
				],
				"scale": [
					{ "x": 0.412, "y": 0.412 }
				]
			},
			"item_1": {
				"translate": [
					{ "x": 45.54, "y": -43.55 }
				]
			}
		},
		"ik": {
			"foot_1": [
				{ "stretch": true }
			],
			"foot_2": [
				{ "stretch": true }
			]
		}
	},
	"t_355_2_lose": {
		"slots": {
			"body": {
				"rgba": [
					{ "color": "000000ff" }
				]
			},
			"Emoji": {
				"attachment": [
					{ "name": "Emoji/emo_42" }
				]
			},
			"feeling_1": {
				"attachment": [
					{ "name": "cauco" }
				]
			},
			"feeling_2": {
				"rgba": [
					{ "color": "ffffffff" }
				],
				"attachment": [
					{ "name": "cham_than" }
				]
			},
			"feeling_3": {
				"rgba": [
					{ "color": "ffffffff" }
				],
				"attachment": [
					{ "name": "scare" }
				]
			},
			"feeling_4": {
				"attachment": [
					{ "name": "giat_minh" }
				]
			},
			"feeling_5": {
				"attachment": [
					{}
				]
			},
			"hair": {
				"attachment": [
					{ "name": "hair/man/mu_5" }
				]
			},
			"head": {
				"rgba": [
					{ "color": "ffc6c6ff" }
				],
				"attachment": [
					{ "name": "head" }
				]
			},
			"shoulder1": {
				"rgba": [
					{ "color": "000000ff" }
				],
				"attachment": [
					{ "name": "shoulder" }
				]
			},
			"shoulder2": {
				"rgba": [
					{ "color": "000000ff" }
				],
				"attachment": [
					{ "name": "shoulder" }
				]
			},
			"shoulder3": {
				"rgba": [
					{ "color": "000000ff" }
				],
				"attachment": [
					{ "name": "shoulder" }
				]
			},
			"shoulder4": {
				"rgba": [
					{ "color": "000000ff" }
				],
				"attachment": [
					{ "name": "shoulder" }
				]
			},
			"thigh": {
				"rgba": [
					{ "color": "000000ff" }
				]
			},
			"thigh2": {
				"rgba": [
					{ "color": "000000ff" }
				]
			},
			"thigh3": {
				"rgba": [
					{ "color": "000000ff" }
				]
			},
			"thigh4": {
				"rgba": [
					{ "color": "000000ff" }
				]
			}
		},
		"bones": {
			"head": {
				"rotate": [
					{ "value": -8.05 }
				],
				"translate": [
					{ "x": -7.14, "y": 7.42 }
				],
				"scale": [
					{}
				]
			},
			"root": {
				"rotate": [
					{}
				],
				"translate": [
					{}
				]
			},
			"main": {
				"rotate": [
					{ "value": 22.57 }
				],
				"translate": [
					{ "x": 4.1, "y": -31.56 }
				]
			},
			"hip": {
				"rotate": [
					{}
				],
				"translate": [
					{}
				]
			},
			"body": {
				"rotate": [
					{ "value": -3.33 }
				],
				"translate": [
					{}
				],
				"scale": [
					{}
				]
			},
			"body2": {
				"rotate": [
					{ "value": -3.33 }
				],
				"translate": [
					{}
				],
				"scale": [
					{}
				]
			},
			"body3": {
				"rotate": [
					{ "value": -3.33 }
				],
				"translate": [
					{}
				],
				"scale": [
					{}
				]
			},
			"body4": {
				"rotate": [
					{ "value": -3.33 }
				],
				"translate": [
					{}
				],
				"scale": [
					{}
				]
			},
			"body5": {
				"rotate": [
					{ "value": -3.33 }
				],
				"translate": [
					{}
				],
				"scale": [
					{}
				]
			},
			"body6": {
				"rotate": [
					{ "value": -3.33 }
				],
				"translate": [
					{}
				],
				"scale": [
					{}
				]
			},
			"body7": {
				"rotate": [
					{ "value": -3.33 }
				],
				"translate": [
					{}
				],
				"scale": [
					{}
				]
			},
			"body8": {
				"rotate": [
					{ "value": -3.33 }
				],
				"translate": [
					{}
				],
				"scale": [
					{}
				]
			},
			"feeling_3": {
				"rotate": [
					{ "value": 117.07 }
				],
				"translate": [
					{ "x": 22.34, "y": -126.05 }
				],
				"scale": [
					{ "x": 1.463, "y": 1.463 }
				]
			},
			"emoji": {
				"rotate": [
					{ "value": -9.31 }
				],
				"translate": [
					{ "x": 5.85, "y": 16.88 }
				],
				"scale": [
					{}
				]
			},
			"shouder_1": {
				"rotate": [
					{ "value": 159.22 }
				],
				"translate": [
					{ "x": 27.52, "y": -0.96 }
				],
				"scale": [
					{}
				]
			},
			"arm_1": {
				"rotate": [
					{ "value": -19.87 }
				],
				"translate": [
					{ "x": 2.02, "y": 0.08 }
				],
				"scale": [
					{}
				]
			},
			"shouder_2": {
				"rotate": [
					{ "value": 129.99 }
				],
				"translate": [
					{ "x": 25.81, "y": -1.9 }
				],
				"scale": [
					{}
				]
			},
			"arm_2": {
				"rotate": [
					{ "value": -16.98 }
				],
				"translate": [
					{}
				],
				"scale": [
					{}
				]
			},
			"thigh_1": {
				"rotate": [
					{ "value": 24.72 }
				],
				"translate": [
					{}
				],
				"scale": [
					{}
				]
			},
			"leg_1": {
				"rotate": [
					{}
				],
				"translate": [
					{}
				],
				"scale": [
					{}
				]
			},
			"thigh_2": {
				"rotate": [
					{ "value": 39.21 }
				],
				"translate": [
					{}
				],
				"scale": [
					{}
				]
			},
			"leg_2": {
				"rotate": [
					{ "value": 18.14 }
				],
				"translate": [
					{}
				],
				"scale": [
					{}
				]
			},
			"foot_2": {
				"rotate": [
					{ "value": -52.56 }
				],
				"translate": [
					{ "x": -60.87, "y": 3.5 }
				]
			},
			"foot_3": {
				"rotate": [
					{}
				],
				"translate": [
					{ "x": 115.82, "y": 3.52 }
				]
			},
			"feeling_5": {
				"rotate": [
					{ "value": -101.26 }
				],
				"translate": [
					{ "x": -22.67, "y": -24.6 }
				],
				"scale": [
					{ "x": 0.512, "y": 0.512 }
				]
			},
			"item_1": {
				"translate": [
					{ "y": -245.53 }
				],
				"scale": [
					{ "x": 1.369, "y": 1.369 }
				]
			},
			"feeling_1": {
				"rotate": [
					{ "value": 35.38 }
				],
				"translate": [
					{ "x": 57.31, "y": -147.31 }
				],
				"scale": [
					{ "x": -1.041, "y": 1.041 }
				]
			},
			"move": {
				"translate": [
					{ "x": 119.99 }
				],
				"scale": [
					{ "x": -1 }
				]
			},
			"feeling_2": {
				"rotate": [
					{ "value": -18.88 }
				],
				"translate": [
					{ "x": 139.81, "y": -86.76 }
				],
				"scale": [
					{ "x": 1.701, "y": 1.701 }
				]
			},
			"feeling_4": {
				"rotate": [
					{ "value": 23.82 }
				],
				"translate": [
					{ "x": 22.56, "y": 118.37 }
				],
				"scale": [
					{ "x": 0.488, "y": 0.488 }
				]
			},
			"hair_1": {
				"rotate": [
					{ "value": -68.11 }
				],
				"translate": [
					{ "x": 243.4, "y": 530.8 }
				],
				"scale": [
					{ "x": 0.905, "y": 0.905 }
				]
			}
		},
		"ik": {
			"foot_1": [
				{ "stretch": true }
			],
			"foot_2": [
				{ "stretch": true }
			]
		},
		"drawOrder": [
			{
				"offsets": [
					{ "slot": "shoulder3", "offset": 14 },
					{ "slot": "shoulder4", "offset": 11 }
				]
			}
		]
	},
	"t_355_2_win": {
		"slots": {
			"body": {
				"rgba": [
					{ "color": "000000ff" }
				]
			},
			"Emoji": {
				"attachment": [
					{ "name": "Emoji/emo_74" }
				]
			},
			"feeling_1": {
				"attachment": [
					{ "name": "Emoji/hoi_cham" }
				]
			},
			"feeling_2": {
				"attachment": [
					{ "name": "Emoji/hoi_cham" }
				]
			},
			"feeling_3": {
				"attachment": [
					{ "name": "giat_minh" }
				]
			},
			"feeling_5": {
				"attachment": [
					{}
				]
			},
			"hair": {
				"attachment": [
					{ "name": "hair/man/mu_5" }
				]
			},
			"head": {
				"rgba": [
					{ "color": "ffffffff" }
				],
				"attachment": [
					{ "name": "head" }
				]
			},
			"shoulder1": {
				"rgba": [
					{ "color": "000000ff" }
				],
				"attachment": [
					{ "name": "shoulder" }
				]
			},
			"shoulder2": {
				"rgba": [
					{ "color": "000000ff" }
				],
				"attachment": [
					{ "name": "shoulder" }
				]
			},
			"shoulder3": {
				"rgba": [
					{ "color": "000000ff" }
				],
				"attachment": [
					{ "name": "shoulder" }
				]
			},
			"shoulder4": {
				"rgba": [
					{ "color": "000000ff" }
				],
				"attachment": [
					{ "name": "shoulder" }
				]
			},
			"thigh": {
				"rgba": [
					{ "color": "000000ff" }
				]
			},
			"thigh2": {
				"rgba": [
					{ "color": "000000ff" }
				]
			},
			"thigh3": {
				"rgba": [
					{ "color": "000000ff" }
				]
			},
			"thigh4": {
				"rgba": [
					{ "color": "000000ff" }
				]
			}
		},
		"bones": {
			"head": {
				"rotate": [
					{ "value": 7.02 }
				],
				"translate": [
					{ "x": -41.52, "y": 7.83 }
				],
				"scale": [
					{}
				]
			},
			"root": {
				"rotate": [
					{}
				],
				"translate": [
					{}
				]
			},
			"main": {
				"rotate": [
					{ "value": -4.11 }
				],
				"translate": [
					{ "x": -116.62, "y": -10.27 }
				]
			},
			"hip": {
				"rotate": [
					{}
				],
				"translate": [
					{}
				]
			},
			"body": {
				"rotate": [
					{ "value": 1.16 }
				],
				"translate": [
					{}
				],
				"scale": [
					{}
				]
			},
			"body2": {
				"rotate": [
					{ "value": 1.16 }
				],
				"translate": [
					{}
				],
				"scale": [
					{}
				]
			},
			"body3": {
				"rotate": [
					{ "value": 1.16 }
				],
				"translate": [
					{}
				],
				"scale": [
					{}
				]
			},
			"body4": {
				"rotate": [
					{ "value": 1.16 }
				],
				"translate": [
					{}
				],
				"scale": [
					{}
				]
			},
			"body5": {
				"rotate": [
					{ "value": -2.49 }
				],
				"translate": [
					{}
				],
				"scale": [
					{}
				]
			},
			"body6": {
				"rotate": [
					{ "value": -2.49 }
				],
				"translate": [
					{}
				],
				"scale": [
					{}
				]
			},
			"body7": {
				"rotate": [
					{ "value": -2.49 }
				],
				"translate": [
					{}
				],
				"scale": [
					{}
				]
			},
			"body8": {
				"rotate": [
					{ "value": 1.16 }
				],
				"translate": [
					{}
				],
				"scale": [
					{}
				]
			},
			"feeling_3": {
				"rotate": [
					{ "value": 85.8 }
				],
				"translate": [
					{ "x": 6.65, "y": 152.29 }
				],
				"scale": [
					{ "x": 0.731, "y": 0.731 }
				]
			},
			"emoji": {
				"rotate": [
					{ "value": 11.83 }
				],
				"translate": [
					{ "x": -0.63, "y": 11.95 }
				],
				"scale": [
					{ "x": 1.011, "y": 1.011 }
				]
			},
			"shouder_1": {
				"rotate": [
					{ "value": -57.13 }
				],
				"translate": [
					{ "x": -2.73, "y": 2.55 }
				],
				"scale": [
					{ "x": 0.995 }
				]
			},
			"arm_1": {
				"rotate": [
					{ "value": -34.29 }
				],
				"translate": [
					{ "x": 2.02, "y": 0.08 }
				],
				"scale": [
					{}
				]
			},
			"shouder_2": {
				"rotate": [
					{ "value": 27.52 }
				],
				"translate": [
					{ "x": -3.14, "y": 12.2 }
				],
				"scale": [
					{}
				]
			},
			"arm_2": {
				"rotate": [
					{ "value": -69.08 }
				],
				"scale": [
					{ "x": 0.923 }
				]
			},
			"thigh_1": {
				"rotate": [
					{ "value": 24.72 }
				],
				"translate": [
					{}
				],
				"scale": [
					{}
				]
			},
			"leg_1": {
				"rotate": [
					{}
				],
				"translate": [
					{}
				]
			},
			"thigh_2": {
				"rotate": [
					{ "value": 39.21 }
				],
				"translate": [
					{}
				],
				"scale": [
					{}
				]
			},
			"leg_2": {
				"rotate": [
					{ "value": 18.14 }
				],
				"translate": [
					{}
				]
			},
			"foot_2": {
				"rotate": [
					{}
				],
				"translate": [
					{ "x": -166.02, "y": -0.34 }
				]
			},
			"foot_3": {
				"rotate": [
					{}
				],
				"translate": [
					{ "x": -61.55, "y": 1.11 }
				]
			},
			"feeling_5": {
				"rotate": [
					{}
				],
				"translate": [
					{}
				]
			},
			"feeling_1": {
				"rotate": [
					{ "value": 31.87 }
				],
				"translate": [
					{ "x": -98.11, "y": -23.55 }
				],
				"scale": [
					{ "x": -0.691, "y": 0.691 }
				]
			},
			"feeling_2": {
				"rotate": [
					{ "value": 29.72 }
				],
				"translate": [
					{ "x": -276.18, "y": -230.83 }
				],
				"scale": [
					{ "x": -0.686, "y": 0.686 }
				]
			},
			"hair_1": {
				"rotate": [
					{ "value": -0.73 }
				],
				"translate": [
					{ "x": 100.92, "y": 534.25 }
				],
				"scale": [
					{ "x": 0.955, "y": 0.955 }
				]
			}
		},
		"ik": {
			"foot_1": [
				{ "stretch": true }
			],
			"foot_2": [
				{ "stretch": true }
			]
		}
	}
}
}