{"frames": [

{
	"filename": "bg_1",
	"frame": {"x":1056,"y":1,"w":531,"h":517},
	"rotated": false,
	"trimmed": false,
	"spriteSourceSize": {"x":0,"y":0,"w":531,"h":517},
	"sourceSize": {"w":531,"h":517}
},
{
	"filename": "dia_ga",
	"frame": {"x":1017,"y":1430,"w":124,"h":62},
	"rotated": false,
	"trimmed": false,
	"spriteSourceSize": {"x":0,"y":0,"w":124,"h":62},
	"sourceSize": {"w":124,"h":62}
},
{
	"filename": "gio_diem",
	"frame": {"x":1017,"y":1295,"w":102,"h":134},
	"rotated": false,
	"trimmed": false,
	"spriteSourceSize": {"x":0,"y":0,"w":102,"h":134},
	"sourceSize": {"w":102,"h":134}
},
{
	"filename": "nha_full",
	"frame": {"x":1,"y":1100,"w":1015,"h":604},
	"rotated": false,
	"trimmed": false,
	"spriteSourceSize": {"x":0,"y":0,"w":1015,"h":604},
	"sourceSize": {"w":1015,"h":604}
},
{
	"filename": "tuyet copy",
	"frame": {"x":1,"y":1,"w":1054,"h":1098},
	"rotated": false,
	"trimmed": false,
	"spriteSourceSize": {"x":0,"y":0,"w":1054,"h":1098},
	"sourceSize": {"w":1054,"h":1098}
},
{
	"filename": "xe_ferrari",
	"frame": {"x":1017,"y":1100,"w":623,"h":194},
	"rotated": false,
	"trimmed": false,
	"spriteSourceSize": {"x":0,"y":0,"w":623,"h":194},
	"sourceSize": {"w":623,"h":194}
}],
"meta": {
	"app": "https://www.codeandweb.com/texturepacker",
	"version": "1.0",
	"image": "props.png",
	"format": "RGBA8888",
	"size": {"w":1641,"h":1705},
	"scale": "1",
	"smartupdate": "$TexturePacker:SmartUpdate:f53fd13c53c7cc950869843464064475:266c4b735a3b4ba154f5ea8248876a21:f4c39b94f5b79b4c461da96ae5609d50$"
}
}
