{"frames": [

{
	"filename": "btn_back",
	"frame": {"x":500,"y":382,"w":98,"h":100},
	"rotated": false,
	"trimmed": true,
	"spriteSourceSize": {"x":1,"y":0,"w":98,"h":100},
	"sourceSize": {"w":100,"h":100}
},
{
	"filename": "btn_back_hot",
	"frame": {"x":500,"y":483,"w":98,"h":100},
	"rotated": false,
	"trimmed": true,
	"spriteSourceSize": {"x":1,"y":0,"w":98,"h":100},
	"sourceSize": {"w":100,"h":100}
},
{
	"filename": "btn_back_hot_lg",
	"frame": {"x":500,"y":584,"w":98,"h":100},
	"rotated": false,
	"trimmed": true,
	"spriteSourceSize": {"x":1,"y":0,"w":98,"h":100},
	"sourceSize": {"w":100,"h":100}
},
{
	"filename": "btn_back_lg",
	"frame": {"x":332,"y":685,"w":98,"h":100},
	"rotated": false,
	"trimmed": true,
	"spriteSourceSize": {"x":1,"y":0,"w":98,"h":100},
	"sourceSize": {"w":100,"h":100}
},
{
	"filename": "btn_music_off",
	"frame": {"x":431,"y":685,"w":97,"h":100},
	"rotated": false,
	"trimmed": true,
	"spriteSourceSize": {"x":1,"y":0,"w":97,"h":100},
	"sourceSize": {"w":100,"h":100}
},
{
	"filename": "btn_music_off_lg",
	"frame": {"x":858,"y":1,"w":105,"h":109},
	"rotated": false,
	"trimmed": true,
	"spriteSourceSize": {"x":16,"y":15,"w":105,"h":109},
	"sourceSize": {"w":130,"h":130}
},
{
	"filename": "btn_music_on",
	"frame": {"x":841,"y":677,"w":97,"h":100},
	"rotated": false,
	"trimmed": true,
	"spriteSourceSize": {"x":1,"y":0,"w":97,"h":100},
	"sourceSize": {"w":100,"h":100}
},
{
	"filename": "btn_music_on_lg",
	"frame": {"x":858,"y":111,"w":105,"h":109},
	"rotated": false,
	"trimmed": true,
	"spriteSourceSize": {"x":16,"y":15,"w":105,"h":109},
	"sourceSize": {"w":130,"h":130}
},
{
	"filename": "btn_next",
	"frame": {"x":1,"y":1,"w":299,"h":178},
	"rotated": false,
	"trimmed": true,
	"spriteSourceSize": {"x":1,"y":11,"w":299,"h":178},
	"sourceSize": {"w":300,"h":200}
},
{
	"filename": "btn_next_hot",
	"frame": {"x":301,"y":1,"w":299,"h":178},
	"rotated": false,
	"trimmed": true,
	"spriteSourceSize": {"x":1,"y":11,"w":299,"h":178},
	"sourceSize": {"w":300,"h":200}
},
{
	"filename": "btn_options",
	"frame": {"x":500,"y":180,"w":99,"h":100},
	"rotated": false,
	"trimmed": true,
	"spriteSourceSize": {"x":1,"y":0,"w":99,"h":100},
	"sourceSize": {"w":100,"h":100}
},
{
	"filename": "btn_options_hot",
	"frame": {"x":500,"y":281,"w":99,"h":100},
	"rotated": false,
	"trimmed": true,
	"spriteSourceSize": {"x":1,"y":0,"w":99,"h":100},
	"sourceSize": {"w":100,"h":100}
},
{
	"filename": "btn_play",
	"frame": {"x":601,"y":1,"w":256,"h":256},
	"rotated": false,
	"trimmed": false,
	"spriteSourceSize": {"x":0,"y":0,"w":256,"h":256},
	"sourceSize": {"w":256,"h":256}
},
{
	"filename": "btn_play_hot",
	"frame": {"x":1,"y":180,"w":256,"h":256},
	"rotated": false,
	"trimmed": false,
	"spriteSourceSize": {"x":0,"y":0,"w":256,"h":256},
	"sourceSize": {"w":256,"h":256}
},
{
	"filename": "btn_replay",
	"frame": {"x":1,"y":809,"w":219,"h":171},
	"rotated": false,
	"trimmed": true,
	"spriteSourceSize": {"x":1,"y":15,"w":219,"h":171},
	"sourceSize": {"w":220,"h":200}
},
{
	"filename": "btn_replay_hot",
	"frame": {"x":221,"y":809,"w":219,"h":171},
	"rotated": false,
	"trimmed": true,
	"spriteSourceSize": {"x":1,"y":15,"w":219,"h":171},
	"sourceSize": {"w":220,"h":200}
},
{
	"filename": "btn_select",
	"frame": {"x":441,"y":786,"w":219,"h":171},
	"rotated": false,
	"trimmed": true,
	"spriteSourceSize": {"x":1,"y":15,"w":219,"h":171},
	"sourceSize": {"w":220,"h":200}
},
{
	"filename": "btn_select_hot",
	"frame": {"x":661,"y":778,"w":219,"h":171},
	"rotated": false,
	"trimmed": true,
	"spriteSourceSize": {"x":1,"y":15,"w":219,"h":171},
	"sourceSize": {"w":220,"h":200}
},
{
	"filename": "btn_skip",
	"frame": {"x":1,"y":437,"w":224,"h":185},
	"rotated": false,
	"trimmed": true,
	"spriteSourceSize": {"x":6,"y":15,"w":224,"h":185},
	"sourceSize": {"w":230,"h":200}
},
{
	"filename": "btn_skip_hot",
	"frame": {"x":1,"y":623,"w":224,"h":185},
	"rotated": false,
	"trimmed": true,
	"spriteSourceSize": {"x":6,"y":15,"w":224,"h":185},
	"sourceSize": {"w":230,"h":200}
},
{
	"filename": "btn_skip_round",
	"frame": {"x":842,"y":331,"w":169,"h":172},
	"rotated": false,
	"trimmed": true,
	"spriteSourceSize": {"x":26,"y":23,"w":169,"h":172},
	"sourceSize": {"w":200,"h":200}
},
{
	"filename": "btn_skip_round_hot",
	"frame": {"x":841,"y":504,"w":169,"h":172},
	"rotated": false,
	"trimmed": true,
	"spriteSourceSize": {"x":26,"y":23,"w":169,"h":172},
	"sourceSize": {"w":200,"h":200}
},
{
	"filename": "btn_sound_off",
	"frame": {"x":881,"y":778,"w":97,"h":100},
	"rotated": false,
	"trimmed": true,
	"spriteSourceSize": {"x":1,"y":0,"w":97,"h":100},
	"sourceSize": {"w":100,"h":100}
},
{
	"filename": "btn_sound_off_lg",
	"frame": {"x":858,"y":221,"w":105,"h":109},
	"rotated": false,
	"trimmed": true,
	"spriteSourceSize": {"x":16,"y":15,"w":105,"h":109},
	"sourceSize": {"w":130,"h":130}
},
{
	"filename": "btn_sound_on",
	"frame": {"x":881,"y":879,"w":97,"h":100},
	"rotated": false,
	"trimmed": true,
	"spriteSourceSize": {"x":1,"y":0,"w":97,"h":100},
	"sourceSize": {"w":100,"h":100}
},
{
	"filename": "btn_sound_on_lg",
	"frame": {"x":226,"y":685,"w":105,"h":109},
	"rotated": false,
	"trimmed": true,
	"spriteSourceSize": {"x":16,"y":15,"w":105,"h":109},
	"sourceSize": {"w":130,"h":130}
},
{
	"filename": "level_finished",
	"frame": {"x":258,"y":180,"w":241,"h":243},
	"rotated": false,
	"trimmed": true,
	"spriteSourceSize": {"x":8,"y":7,"w":241,"h":243},
	"sourceSize": {"w":256,"h":256}
},
{
	"filename": "level_lock",
	"frame": {"x":600,"y":258,"w":241,"h":243},
	"rotated": false,
	"trimmed": true,
	"spriteSourceSize": {"x":8,"y":7,"w":241,"h":243},
	"sourceSize": {"w":256,"h":256}
},
{
	"filename": "level_unlock0",
	"frame": {"x":258,"y":424,"w":241,"h":243},
	"rotated": false,
	"trimmed": true,
	"spriteSourceSize": {"x":8,"y":7,"w":241,"h":243},
	"sourceSize": {"w":256,"h":256}
},
{
	"filename": "level_unlock1",
	"frame": {"x":599,"y":502,"w":241,"h":243},
	"rotated": false,
	"trimmed": true,
	"spriteSourceSize": {"x":8,"y":7,"w":241,"h":243},
	"sourceSize": {"w":256,"h":256}
}],
"meta": {
	"app": "https://www.codeandweb.com/texturepacker",
	"version": "1.0",
	"image": "ui.png",
	"format": "RGBA8888",
	"size": {"w":1012,"h":981},
	"scale": "1",
	"smartupdate": "$TexturePacker:SmartUpdate:46c966f1c299d808deda9ee7f274e1f0:6a102b33b072bba83e2a397b6a0fca0a:5b04aa198265472a3c5f56958d78e97b$"
}
}
