{
"skeleton": { "hash": "/jBVsU4RQdM", "spine": "4.1.24", "x": -388.28, "y": -425.09, "width": 724.41, "height": 1282.48 },
"bones": [
	{ "name": "root", "rotation": 0.2 },
	{ "name": "move", "parent": "root", "x": -119.99, "scaleX": -1 },
	{ "name": "main", "parent": "move", "y": 256.6 },
	{ "name": "hip", "parent": "main" },
	{ "name": "body", "parent": "hip", "length": 26.97, "rotation": 90 },
	{ "name": "body2", "parent": "body", "length": 26.97, "x": 26.97 },
	{ "name": "body3", "parent": "body2", "length": 26.97, "x": 26.97 },
	{ "name": "body4", "parent": "body3", "length": 26.97, "rotation": -0.06, "x": 26.97 },
	{ "name": "body5", "parent": "body4", "length": 26.97, "x": 26.97 },
	{ "name": "body6", "parent": "body5", "length": 26.97, "x": 26.97 },
	{ "name": "body7", "parent": "body6", "length": 26.97, "x": 26.97 },
	{ "name": "body8", "parent": "body7", "length": 26.97, "x": 26.97 },
	{ "name": "head", "parent": "body8", "length": 135.67, "x": 24.75 },
	{ "name": "feeling_3", "parent": "head", "rotation": -0.18, "x": 87.53, "y": 30.96 },
	{ "name": "emoji", "parent": "head", "rotation": -90, "x": 62, "y": 1.49 },
	{ "name": "shouder_1", "parent": "body7", "length": 100.06, "rotation": -90, "x": 15.39, "y": 0.02 },
	{ "name": "arm_1", "parent": "shouder_1", "length": 100.06, "x": 94.79 },
	{ "name": "shouder_2", "parent": "body7", "length": 100.06, "rotation": 90, "x": 15.39, "y": 0.02 },
	{ "name": "arm_2", "parent": "shouder_2", "length": 100.06, "x": 94.79 },
	{ "name": "thigh_1", "parent": "main", "length": 134.15, "rotation": -90, "x": -0.54, "y": 4.23 },
	{ "name": "leg_1", "parent": "thigh_1", "length": 134.15, "x": 128.14 },
	{ "name": "thigh_2", "parent": "main", "length": 134.15, "rotation": -90, "x": -0.1, "y": 4.23 },
	{ "name": "leg_2", "parent": "thigh_2", "length": 134.15, "x": 128.14 },
	{ "name": "foot_2", "parent": "move", "x": 0.16, "y": -2.18 },
	{ "name": "foot_3", "parent": "move", "x": 0.1, "y": -2.12 },
	{
		"name": "feeling_5",
		"parent": "head",
		"rotation": -0.18,
		"x": 87.53,
		"y": -25.11,
		"scaleX": 2,
		"scaleY": 2
	},
	{ "name": "item_1", "parent": "move", "x": -1.93, "y": 450.24 },
	{ "name": "feeling_1", "parent": "main", "rotation": -20.17, "x": 72.35, "y": 376.02 },
	{ "name": "feeling_2", "parent": "main", "rotation": -20.17, "x": 72.35, "y": 376.02 },
	{ "name": "hair_1", "parent": "main", "rotation": 0.07, "x": -120, "y": -254.77 },
	{
		"name": "feeling_4",
		"parent": "head",
		"rotation": -0.18,
		"x": 87.53,
		"y": -25.11,
		"scaleX": 2,
		"scaleY": 2
	},
	{ "name": "item_tay", "parent": "arm_2", "x": 101.01, "y": -1.25 }
],
"slots": [
	{ "name": "bg_gane_play", "bone": "root", "color": "ffffff4f" },
	{ "name": "item", "bone": "item_1" },
	{ "name": "body", "bone": "hip", "color": "000000ff", "attachment": "body" },
	{ "name": "shoulder1", "bone": "shouder_1", "color": "000000ff" },
	{ "name": "shoulder3", "bone": "shouder_2", "color": "000000ff" },
	{ "name": "shoulder2", "bone": "arm_1", "color": "000000ff" },
	{ "name": "shoulder4", "bone": "arm_2", "color": "000000ff" },
	{ "name": "thigh", "bone": "thigh_1", "color": "000000ff", "attachment": "thigh" },
	{ "name": "thigh3", "bone": "thigh_2", "color": "000000ff", "attachment": "thigh" },
	{ "name": "thigh2", "bone": "leg_1", "color": "000000ff", "attachment": "thigh" },
	{ "name": "thigh4", "bone": "leg_2", "color": "000000ff", "attachment": "thigh" },
	{ "name": "head", "bone": "head", "attachment": "head" },
	{ "name": "hair", "bone": "hair_1" },
	{ "name": "Emoji", "bone": "emoji" },
	{ "name": "feeling_3", "bone": "feeling_3", "color": "000000ff" },
	{ "name": "feeling_5", "bone": "feeling_5" },
	{ "name": "feeling_4", "bone": "feeling_4" },
	{ "name": "feeling_1", "bone": "feeling_1" },
	{ "name": "feeling_2", "bone": "feeling_2" },
	{ "name": "item_tay", "bone": "item_tay" }
],
"ik": [
	{
		"name": "foot_1",
		"bones": [ "thigh_1", "leg_1" ],
		"target": "foot_2",
		"mix": 0,
		"stretch": true
	},
	{
		"name": "foot_2",
		"order": 1,
		"bones": [ "thigh_2", "leg_2" ],
		"target": "foot_3",
		"mix": 0,
		"stretch": true
	}
],
"skins": [
	{
		"name": "default",
		"attachments": {
			"body": {
				"body": {
					"type": "mesh",
					"uvs": [ 1, 1, 0, 1, 0, 0.875, 0, 0.75, 0, 0.625, 0, 0.5, 0, 0.375, 0, 0.25, 0, 0.125, 0, 0, 1, 0, 1, 0.125, 1, 0.25, 1, 0.375, 1, 0.5, 1, 0.625, 1, 0.75, 1, 0.875 ],
					"triangles": [ 8, 9, 10, 11, 8, 10, 7, 8, 11, 12, 7, 11, 6, 7, 12, 13, 6, 12, 5, 6, 13, 14, 5, 13, 4, 5, 14, 15, 4, 14, 3, 4, 15, 16, 3, 15, 2, 3, 16, 17, 2, 16, 1, 2, 17, 0, 1, 17 ],
					"vertices": [ 1, 4, -1.7, -5.5, 1, 1, 4, -1.7, 5.5, 1, 2, 4, 25.68, 5.5, 0.70301, 5, -1.29, 5.5, 0.29699, 2, 5, 26.08, 5.5, 0.65569, 6, -0.88, 5.5, 0.34431, 2, 6, 26.49, 5.5, 0.55905, 7, -0.48, 5.5, 0.44095, 2, 7, 26.9, 5.5, 0.51367, 8, -0.07, 5.5, 0.48633, 2, 8, 27.3, 5.5, 0.41705, 9, 0.33, 5.5, 0.58295, 2, 9, 27.71, 5.5, 0.38565, 10, 0.74, 5.5, 0.61435, 2, 10, 28.11, 5.5, 0.36868, 11, 1.14, 5.5, 0.63132, 1, 11, 28.52, 5.5, 1, 1, 11, 28.52, -5.5, 1, 2, 10, 28.11, -5.5, 0.3064, 11, 1.14, -5.5, 0.6936, 2, 9, 27.71, -5.5, 0.40945, 10, 0.74, -5.5, 0.59055, 2, 8, 27.3, -5.5, 0.44404, 9, 0.33, -5.5, 0.55596, 2, 7, 26.9, -5.5, 0.52991, 8, -0.07, -5.5, 0.47009, 2, 6, 26.49, -5.5, 0.58474, 7, -0.48, -5.5, 0.41526, 2, 5, 26.08, -5.5, 0.62061, 6, -0.88, -5.5, 0.37939, 2, 4, 25.68, -5.5, 0.65664, 5, -1.29, -5.5, 0.34336 ],
					"hull": 18
				}
			},
			"Emoji": {
				"Emoji/emo_17": { "x": 0.5, "y": 0.5, "width": 87, "height": 73 },
				"Emoji/emo_30": { "x": 0.5, "y": 0.5, "width": 141, "height": 117 },
				"Emoji/emo_57_b": { "x": 0.5, "y": 0.5, "width": 101, "height": 101 },
				"Emoji/emo_100": { "x": 0.51, "y": 12.13, "width": 133, "height": 152 },
				"Emoji/new/emo_51": { "x": 0.5, "width": 74, "height": 65 },
				"Emoji/new/emo_55_c": { "y": 0.5, "width": 96, "height": 89 }
			},
			"feeling_1": {
				"bang_mat": { "width": 134, "height": 52 },
				"bang_mat_2": { "width": 132, "height": 59 },
				"giat_minh": { "width": 70, "height": 66 },
				"scare": { "scaleX": 1.3955, "scaleY": 1.3955, "rotation": 19.99, "width": 80, "height": 83 }
			},
			"feeling_2": {
				"giat_minh": { "x": 0.5, "y": 0.5, "width": 70, "height": 66 },
				"water_mouth": { "x": -5.86, "y": -13.64, "rotation": -33.97, "width": 23, "height": 50 }
			},
			"feeling_3": {
				"cauco": { "width": 50, "height": 45 },
				"Emoji/hoi_cham": { "width": 30, "height": 52 },
				"khoi": { "width": 153, "height": 107 },
				"mo_hoi": { "x": -18.07, "y": -0.4, "rotation": -96.51, "width": 19, "height": 41 }
			},
			"feeling_5": {
				"choang": { "x": -5.59, "y": -33.04, "rotation": -109.99, "width": 212, "height": 68 },
				"Emoji/hoi_cham": { "width": 30, "height": 52 },
				"khoi": { "y": 0.5, "width": 153, "height": 107 },
				"scare": { "y": 0.5, "width": 80, "height": 83 }
			},
			"hair": {
				"hair/man/mu_5": { "y": 0.5, "width": 152, "height": 77 },
				"hair/man/mu_sau_5": { "x": 0.5, "width": 151, "height": 116 }
			},
			"head": {
				"head": { "x": 68.85, "rotation": -89.87, "width": 144, "height": 144 },
				"head_7": { "x": 65.26, "y": -3.78, "rotation": -89.46, "width": 144, "height": 144 }
			},
			"shoulder1": {
				"shoulder": { "x": 49.22, "rotation": -90, "width": 15, "height": 105 }
			},
			"shoulder2": {
				"shoulder": { "x": 49.22, "rotation": -90, "width": 15, "height": 105 }
			},
			"shoulder3": {
				"shoulder": { "x": 49.22, "rotation": -90, "width": 15, "height": 105 }
			},
			"shoulder4": {
				"shoulder": { "x": 50.57, "rotation": -90, "width": 15, "height": 105 }
			},
			"thigh": {
				"thigh": { "x": 66.01, "rotation": -90, "width": 14, "height": 137 }
			},
			"thigh2": {
				"thigh": { "x": 66.01, "rotation": -90, "width": 14, "height": 137 }
			},
			"thigh3": {
				"thigh": { "x": 66.01, "rotation": -90, "width": 14, "height": 137 }
			},
			"thigh4": {
				"thigh": { "x": 66.01, "rotation": -90, "width": 14, "height": 137 }
			}
		}
	}
],
"animations": {
	"t_60_1_be": {
		"slots": {
			"body": {
				"rgba": [
					{ "color": "000000ff", "curve": "stepped" },
					{ "time": 0.0333, "color": "000000ff" }
				]
			},
			"Emoji": {
				"attachment": [
					{ "name": "Emoji/emo_100" },
					{ "time": 0.0333, "name": "Emoji/emo_100" }
				]
			},
			"feeling_1": {
				"attachment": [
					{ "name": "giat_minh" },
					{ "time": 0.0333, "name": "giat_minh" }
				]
			},
			"feeling_2": {
				"attachment": [
					{},
					{ "time": 0.0333 }
				]
			},
			"feeling_3": {
				"rgba": [
					{ "color": "ff5454ad", "curve": "stepped" },
					{ "time": 0.0333, "color": "ff5454ad" }
				],
				"attachment": [
					{ "name": "khoi" },
					{ "time": 0.0333, "name": "khoi" }
				]
			},
			"feeling_5": {
				"rgba": [
					{ "color": "ff5454ad", "curve": "stepped" },
					{ "time": 0.0333, "color": "ff5454ad" }
				],
				"attachment": [
					{ "name": "khoi" },
					{ "time": 0.0333, "name": "khoi" }
				]
			},
			"hair": {
				"attachment": [
					{ "name": "hair/man/mu_sau_5" },
					{ "time": 0.0333, "name": "hair/man/mu_sau_5" }
				]
			},
			"head": {
				"rgba": [
					{ "color": "ff5757ff", "curve": "stepped" },
					{ "time": 0.0333, "color": "ff5757ff" }
				],
				"attachment": [
					{ "name": "head" },
					{ "time": 0.0333, "name": "head" }
				]
			},
			"shoulder1": {
				"rgba": [
					{ "color": "000000ff", "curve": "stepped" },
					{ "time": 0.0333, "color": "000000ff" }
				],
				"attachment": [
					{},
					{ "time": 0.0333 }
				]
			},
			"shoulder2": {
				"rgba": [
					{ "color": "000000ff", "curve": "stepped" },
					{ "time": 0.0333, "color": "000000ff" }
				],
				"attachment": [
					{},
					{ "time": 0.0333 }
				]
			},
			"shoulder3": {
				"rgba": [
					{ "color": "000000ff", "curve": "stepped" },
					{ "time": 0.0333, "color": "000000ff" }
				],
				"attachment": [
					{ "name": "shoulder" },
					{ "time": 0.0333, "name": "shoulder" }
				]
			},
			"shoulder4": {
				"rgba": [
					{ "color": "000000ff", "curve": "stepped" },
					{ "time": 0.0333, "color": "000000ff" }
				],
				"attachment": [
					{ "name": "shoulder" },
					{ "time": 0.0333, "name": "shoulder" }
				]
			},
			"thigh": {
				"rgba": [
					{ "color": "000000ff", "curve": "stepped" },
					{ "time": 0.0333, "color": "000000ff" }
				],
				"attachment": [
					{ "name": "thigh" },
					{ "time": 0.0333, "name": "thigh" }
				]
			},
			"thigh2": {
				"rgba": [
					{ "color": "000000ff", "curve": "stepped" },
					{ "time": 0.0333, "color": "000000ff" }
				],
				"attachment": [
					{ "name": "thigh" },
					{ "time": 0.0333, "name": "thigh" }
				]
			},
			"thigh3": {
				"rgba": [
					{ "color": "000000ff", "curve": "stepped" },
					{ "time": 0.0333, "color": "000000ff" }
				],
				"attachment": [
					{ "name": "thigh" },
					{ "time": 0.0333, "name": "thigh" }
				]
			},
			"thigh4": {
				"rgba": [
					{ "color": "000000ff", "curve": "stepped" },
					{ "time": 0.0333, "color": "000000ff" }
				],
				"attachment": [
					{ "name": "thigh" },
					{ "time": 0.0333, "name": "thigh" }
				]
			}
		},
		"bones": {
			"head": {
				"rotate": [
					{ "value": 8.5, "curve": "stepped" },
					{ "time": 0.0333, "value": 8.5 }
				],
				"translate": [
					{ "x": -31.53, "y": 0.67, "curve": "stepped" },
					{ "time": 0.0333, "x": -31.53, "y": 0.67 }
				],
				"scale": [
					{ "y": -1, "curve": "stepped" },
					{ "time": 0.0333, "y": -1 }
				]
			},
			"root": {
				"rotate": [
					{ "curve": "stepped" },
					{ "time": 0.0333 }
				],
				"translate": [
					{ "curve": "stepped" },
					{ "time": 0.0333 }
				]
			},
			"main": {
				"rotate": [
					{ "value": -1.66, "curve": "stepped" },
					{ "time": 0.0333, "value": -1.66 }
				],
				"translate": [
					{ "x": -11.84, "y": -14.43, "curve": "stepped" },
					{ "time": 0.0333, "x": -11.84, "y": -14.43 }
				]
			},
			"hip": {
				"rotate": [
					{ "curve": "stepped" },
					{ "time": 0.0333 }
				],
				"translate": [
					{ "curve": "stepped" },
					{ "time": 0.0333 }
				]
			},
			"body": {
				"rotate": [
					{ "value": 1.1, "curve": "stepped" },
					{ "time": 0.0333, "value": 1.1 }
				]
			},
			"body2": {
				"rotate": [
					{ "value": 1.1, "curve": "stepped" },
					{ "time": 0.0333, "value": 1.1 }
				]
			},
			"body3": {
				"rotate": [
					{ "value": 1.1, "curve": "stepped" },
					{ "time": 0.0333, "value": 1.1 }
				]
			},
			"body4": {
				"rotate": [
					{ "value": 0.21, "curve": "stepped" },
					{ "time": 0.0333, "value": 0.21 }
				]
			},
			"body5": {
				"rotate": [
					{ "value": 1.1, "curve": "stepped" },
					{ "time": 0.0333, "value": 1.1 }
				]
			},
			"body6": {
				"rotate": [
					{ "value": 1.1, "curve": "stepped" },
					{ "time": 0.0333, "value": 1.1 }
				]
			},
			"body7": {
				"rotate": [
					{ "value": 1.1, "curve": "stepped" },
					{ "time": 0.0333, "value": 1.1 }
				]
			},
			"body8": {
				"rotate": [
					{ "value": 1.1, "curve": "stepped" },
					{ "time": 0.0333, "value": 1.1 }
				]
			},
			"feeling_3": {
				"rotate": [
					{ "value": -63.4, "curve": "stepped" },
					{ "time": 0.0333, "value": -63.4 }
				],
				"translate": [
					{ "x": 45.76, "y": -127.74, "curve": "stepped" },
					{ "time": 0.0333, "x": 45.76, "y": -127.74 }
				],
				"scale": [
					{ "x": -0.955, "y": 0.955, "curve": "stepped" },
					{ "time": 0.0333, "x": -0.955, "y": 0.955 }
				]
			},
			"emoji": {
				"rotate": [
					{ "value": 4.95, "curve": "stepped" },
					{ "time": 0.0333, "value": 4.95 }
				],
				"translate": [
					{ "x": 28.14, "y": 0.15, "curve": "stepped" },
					{ "time": 0.0333, "x": 28.14, "y": 0.15 }
				],
				"scale": [
					{ "x": 1.059, "y": 1.316, "curve": "stepped" },
					{ "time": 0.0333, "x": 1.059, "y": 1.316 }
				]
			},
			"shouder_1": {
				"rotate": [
					{ "value": 16.54, "curve": "stepped" },
					{ "time": 0.0333, "value": 16.54 }
				],
				"translate": [
					{ "x": 25.97, "y": -1.44, "curve": "stepped" },
					{ "time": 0.0333, "x": 25.97, "y": -1.44 }
				],
				"scale": [
					{ "curve": "stepped" },
					{ "time": 0.0333 }
				],
				"shear": [
					{ "curve": "stepped" },
					{ "time": 0.0333 }
				]
			},
			"arm_1": {
				"rotate": [
					{ "value": 33.8, "curve": "stepped" },
					{ "time": 0.0333, "value": 33.8 }
				],
				"translate": [
					{ "x": 2.02, "y": 0.08, "curve": "stepped" },
					{ "time": 0.0333, "x": 2.02, "y": 0.08 }
				],
				"scale": [
					{ "curve": "stepped" },
					{ "time": 0.0333 }
				]
			},
			"shouder_2": {
				"rotate": [
					{ "value": 63.08, "curve": "stepped" },
					{ "time": 0.0333, "value": 63.08 }
				],
				"translate": [
					{ "x": 8.36, "y": 3.63, "curve": "stepped" },
					{ "time": 0.0333, "x": 8.36, "y": 3.63 }
				],
				"scale": [
					{ "curve": "stepped" },
					{ "time": 0.0333 }
				]
			},
			"arm_2": {
				"rotate": [
					{ "value": -86.45, "curve": "stepped" },
					{ "time": 0.0333, "value": -86.45 }
				],
				"translate": [
					{ "curve": "stepped" },
					{ "time": 0.0333 }
				],
				"scale": [
					{ "curve": "stepped" },
					{ "time": 0.0333 }
				]
			},
			"thigh_1": {
				"rotate": [
					{ "value": -44.84, "curve": "stepped" },
					{ "time": 0.0333, "value": -44.84 }
				],
				"translate": [
					{ "curve": "stepped" },
					{ "time": 0.0333 }
				]
			},
			"leg_1": {
				"rotate": [
					{ "value": 45.63, "curve": "stepped" },
					{ "time": 0.0333, "value": 45.63 }
				],
				"translate": [
					{ "curve": "stepped" },
					{ "time": 0.0333 }
				]
			},
			"thigh_2": {
				"rotate": [
					{ "value": -37.54, "curve": "stepped" },
					{ "time": 0.0333, "value": -37.54 }
				],
				"translate": [
					{ "curve": "stepped" },
					{ "time": 0.0333 }
				],
				"scale": [
					{ "curve": "stepped" },
					{ "time": 0.0333 }
				]
			},
			"leg_2": {
				"rotate": [
					{ "value": 38.6, "curve": "stepped" },
					{ "time": 0.0333, "value": 38.6 }
				],
				"translate": [
					{ "curve": "stepped" },
					{ "time": 0.0333 }
				]
			},
			"foot_2": {
				"rotate": [
					{ "value": -1.35, "curve": "stepped" },
					{ "time": 0.0333, "value": -1.35 }
				],
				"translate": [
					{ "x": -32.21, "y": -4.18, "curve": "stepped" },
					{ "time": 0.0333, "x": -32.21, "y": -4.18 }
				]
			},
			"foot_3": {
				"rotate": [
					{ "curve": "stepped" },
					{ "time": 0.0333 }
				],
				"translate": [
					{ "x": 33.26, "y": 40.49, "curve": "stepped" },
					{ "time": 0.0333, "x": 33.26, "y": 40.49 }
				]
			},
			"feeling_5": {
				"rotate": [
					{ "value": 59.75, "curve": "stepped" },
					{ "time": 0.0333, "value": 59.75 }
				],
				"translate": [
					{ "x": 44.28, "y": 92.4, "curve": "stepped" },
					{ "time": 0.0333, "x": 44.28, "y": 92.4 }
				],
				"scale": [
					{ "x": -0.448, "y": 0.448, "curve": "stepped" },
					{ "time": 0.0333, "x": -0.448, "y": 0.448 }
				]
			},
			"feeling_1": {
				"rotate": [
					{ "value": 64.92, "curve": "stepped" },
					{ "time": 0.0333, "value": 64.92 }
				],
				"translate": [
					{ "x": -80.25, "y": -85.94, "curve": "stepped" },
					{ "time": 0.0333, "x": -80.25, "y": -85.94 }
				],
				"scale": [
					{ "x": 1.05, "y": 1.05, "curve": "stepped" },
					{ "time": 0.0333, "x": 1.05, "y": 1.05 }
				]
			},
			"move": {
				"rotate": [
					{ "value": -2.26, "curve": "stepped" },
					{ "time": 0.0333, "value": -2.26 }
				],
				"translate": [
					{ "x": 119.99, "curve": "stepped" },
					{ "time": 0.0333, "x": 119.99 }
				],
				"scale": [
					{ "x": -1, "curve": "stepped" },
					{ "time": 0.0333, "x": -1 }
				]
			},
			"item_1": {
				"translate": [
					{ "x": 93.88, "y": -475.13, "curve": "stepped" },
					{ "time": 0.0333, "x": 93.88, "y": -475.13 }
				]
			},
			"feeling_2": {
				"rotate": [
					{ "value": 13.85, "curve": "stepped" },
					{ "time": 0.0333, "value": 13.85 }
				],
				"translate": [
					{ "x": -99.86, "y": -249.05, "curve": "stepped" },
					{ "time": 0.0333, "x": -99.86, "y": -249.05 }
				],
				"scale": [
					{ "x": 0.781, "y": 0.781, "curve": "stepped" },
					{ "time": 0.0333, "x": 0.781, "y": 0.781 }
				]
			},
			"hair_1": {
				"rotate": [
					{ "value": 43.78, "curve": "stepped" },
					{ "time": 0.0333, "value": 43.78 }
				],
				"translate": [
					{ "x": 75.43, "y": 519.68, "curve": "stepped" },
					{ "time": 0.0333, "x": 75.43, "y": 519.68 }
				],
				"scale": [
					{ "x": 0.895, "y": 0.895, "curve": "stepped" },
					{ "time": 0.0333, "x": 0.895, "y": 0.895 }
				]
			}
		},
		"ik": {
			"foot_1": [
				{
					"stretch": true,
					"curve": [ 0.008, 1, 0.025, 1, 0.008, 0, 0.025, 0 ]
				},
				{ "time": 0.0333, "stretch": true }
			],
			"foot_2": [
				{
					"bendPositive": false,
					"stretch": true,
					"curve": [ 0.008, 1, 0.025, 1, 0.008, 0, 0.025, 0 ]
				},
				{ "time": 0.0333, "bendPositive": false, "stretch": true }
			]
		},
		"drawOrder": [
			{
				"offsets": [
					{ "slot": "shoulder2", "offset": 9 },
					{ "slot": "shoulder4", "offset": 7 },
					{ "slot": "Emoji", "offset": -12 },
					{ "slot": "feeling_1", "offset": -13 }
				]
			},
			{
				"time": 0.0333,
				"offsets": [
					{ "slot": "shoulder2", "offset": 9 },
					{ "slot": "shoulder4", "offset": 7 },
					{ "slot": "Emoji", "offset": -12 },
					{ "slot": "feeling_1", "offset": -13 }
				]
			}
		]
	},
	"t_60_1_lose": {
		"slots": {
			"body": {
				"rgba": [
					{ "color": "000000ff", "curve": "stepped" },
					{ "time": 0.8667, "color": "000000ff" }
				]
			},
			"Emoji": {
				"rgba": [
					{ "color": "ff9999ff", "curve": "stepped" },
					{ "time": 0.8667, "color": "ff9999ff" }
				],
				"attachment": [
					{ "name": "Emoji/emo_57_b" },
					{ "time": 0.8667, "name": "Emoji/emo_57_b" }
				]
			},
			"feeling_1": {
				"rgba": [
					{ "color": "fff600ff", "curve": "stepped" },
					{ "time": 0.8667, "color": "fff600ff" }
				],
				"attachment": [
					{ "name": "scare" },
					{ "time": 0.8667, "name": "scare" }
				]
			},
			"feeling_2": {
				"rgba": [
					{ "color": "ffffffff", "curve": "stepped" },
					{ "time": 0.8667, "color": "ffffffff" }
				],
				"attachment": [
					{ "name": "water_mouth" },
					{ "time": 0.8667, "name": "water_mouth" }
				]
			},
			"feeling_3": {
				"rgba": [
					{ "color": "ffffffff", "curve": "stepped" },
					{ "time": 0.8667, "color": "ffffffff" }
				],
				"attachment": [
					{ "name": "mo_hoi" },
					{ "time": 0.8667, "name": "mo_hoi" }
				]
			},
			"feeling_5": {
				"attachment": [
					{ "name": "choang" },
					{ "time": 0.8667, "name": "choang" }
				]
			},
			"hair": {
				"attachment": [
					{ "name": "hair/man/mu_5" },
					{ "time": 0.8667, "name": "hair/man/mu_5" }
				]
			},
			"head": {
				"rgba": [
					{ "color": "ffffffff", "curve": "stepped" },
					{ "time": 0.8667, "color": "ffffffff" }
				],
				"attachment": [
					{ "name": "head_7" },
					{ "time": 0.8667, "name": "head_7" }
				]
			},
			"shoulder1": {
				"rgba": [
					{ "color": "000000ff", "curve": "stepped" },
					{ "time": 0.8667, "color": "000000ff" }
				],
				"attachment": [
					{ "name": "shoulder" },
					{ "time": 0.8667, "name": "shoulder" }
				]
			},
			"shoulder2": {
				"rgba": [
					{ "color": "000000ff", "curve": "stepped" },
					{ "time": 0.8667, "color": "000000ff" }
				],
				"attachment": [
					{ "name": "shoulder" },
					{ "time": 0.8667, "name": "shoulder" }
				]
			},
			"shoulder3": {
				"rgba": [
					{ "color": "000000ff", "curve": "stepped" },
					{ "time": 0.8667, "color": "000000ff" }
				],
				"attachment": [
					{ "name": "shoulder" },
					{ "time": 0.8667, "name": "shoulder" }
				]
			},
			"shoulder4": {
				"rgba": [
					{ "color": "000000ff", "curve": "stepped" },
					{ "time": 0.8667, "color": "000000ff" }
				],
				"attachment": [
					{ "name": "shoulder" },
					{ "time": 0.8667, "name": "shoulder" }
				]
			},
			"thigh": {
				"rgba": [
					{ "color": "000000ff", "curve": "stepped" },
					{ "time": 0.8667, "color": "000000ff" }
				]
			},
			"thigh2": {
				"rgba": [
					{ "color": "000000ff", "curve": "stepped" },
					{ "time": 0.8667, "color": "000000ff" }
				]
			},
			"thigh3": {
				"rgba": [
					{ "color": "000000ff", "curve": "stepped" },
					{ "time": 0.8667, "color": "000000ff" }
				]
			},
			"thigh4": {
				"rgba": [
					{ "color": "000000ff", "curve": "stepped" },
					{ "time": 0.8667, "color": "000000ff" }
				]
			}
		},
		"bones": {
			"head": {
				"rotate": [
					{ "value": -52.57, "curve": "stepped" },
					{ "time": 0.8667, "value": -52.57 }
				],
				"translate": [
					{ "x": 26.56, "y": 23.41, "curve": "stepped" },
					{ "time": 0.8667, "x": 26.56, "y": 23.41 }
				],
				"scale": [
					{ "x": 1.321, "curve": "stepped" },
					{ "time": 0.8667, "x": 1.321 }
				]
			},
			"root": {
				"rotate": [
					{ "curve": "stepped" },
					{ "time": 0.8667 }
				],
				"translate": [
					{ "curve": "stepped" },
					{ "time": 0.8667 }
				]
			},
			"main": {
				"rotate": [
					{ "value": -9.59, "curve": "stepped" },
					{ "time": 0.8667, "value": -9.59 }
				],
				"translate": [
					{ "x": 42.64, "y": -57.63, "curve": "stepped" },
					{ "time": 0.8667, "x": 42.64, "y": -57.63 }
				]
			},
			"hip": {
				"rotate": [
					{ "curve": "stepped" },
					{ "time": 0.8667 }
				],
				"translate": [
					{ "curve": "stepped" },
					{ "time": 0.8667 }
				]
			},
			"body": {
				"rotate": [
					{ "value": 4.34, "curve": "stepped" },
					{ "time": 0.8667, "value": 4.34 }
				],
				"translate": [
					{ "curve": "stepped" },
					{ "time": 0.8667 }
				]
			},
			"body2": {
				"rotate": [
					{ "value": 4.34, "curve": "stepped" },
					{ "time": 0.8667, "value": 4.34 }
				],
				"translate": [
					{ "curve": "stepped" },
					{ "time": 0.8667 }
				]
			},
			"body3": {
				"rotate": [
					{ "value": 4.34, "curve": "stepped" },
					{ "time": 0.8667, "value": 4.34 }
				],
				"translate": [
					{ "curve": "stepped" },
					{ "time": 0.8667 }
				]
			},
			"body4": {
				"rotate": [
					{ "value": 4.34, "curve": "stepped" },
					{ "time": 0.8667, "value": 4.34 }
				],
				"translate": [
					{ "curve": "stepped" },
					{ "time": 0.8667 }
				]
			},
			"body5": {
				"rotate": [
					{ "value": 4.34, "curve": "stepped" },
					{ "time": 0.8667, "value": 4.34 }
				],
				"translate": [
					{ "curve": "stepped" },
					{ "time": 0.8667 }
				]
			},
			"body6": {
				"rotate": [
					{ "value": 4.34, "curve": "stepped" },
					{ "time": 0.8667, "value": 4.34 }
				],
				"translate": [
					{ "curve": "stepped" },
					{ "time": 0.8667 }
				]
			},
			"body7": {
				"rotate": [
					{ "value": 4.34, "curve": "stepped" },
					{ "time": 0.8667, "value": 4.34 }
				],
				"translate": [
					{ "curve": "stepped" },
					{ "time": 0.8667 }
				]
			},
			"body8": {
				"rotate": [
					{ "value": 4.34, "curve": "stepped" },
					{ "time": 0.8667, "value": 4.34 }
				],
				"translate": [
					{ "curve": "stepped" },
					{ "time": 0.8667 }
				]
			},
			"feeling_3": {
				"rotate": [
					{ "value": -123.87, "curve": "stepped" },
					{ "time": 0.8667, "value": -123.87 }
				],
				"translate": [
					{ "x": 73.08, "y": -6.86, "curve": "stepped" },
					{ "time": 0.8667, "x": 73.08, "y": -6.86 }
				],
				"scale": [
					{ "x": 1.076, "y": 0.865, "curve": "stepped" },
					{ "time": 0.8667, "x": 1.076, "y": 0.865 }
				]
			},
			"emoji": {
				"rotate": [
					{ "value": -9.7, "curve": "stepped" },
					{ "time": 0.8667, "value": -9.7 }
				],
				"translate": [
					{ "x": 36.9, "y": -23.28, "curve": "stepped" },
					{ "time": 0.8667, "x": 36.9, "y": -23.28 }
				],
				"scale": [
					{ "x": 1.35, "y": 1.513, "curve": "stepped" },
					{ "time": 0.8667, "x": 1.35, "y": 1.513 }
				]
			},
			"shouder_1": {
				"rotate": [
					{ "value": 139.05, "curve": "stepped" },
					{ "time": 0.8667, "value": 139.05 }
				],
				"translate": [
					{ "x": 33.62, "y": 0.05, "curve": "stepped" },
					{ "time": 0.8667, "x": 33.62, "y": 0.05 }
				],
				"scale": [
					{ "curve": "stepped" },
					{ "time": 0.8667 }
				],
				"shear": [
					{ "curve": "stepped" },
					{ "time": 0.8667 }
				]
			},
			"arm_1": {
				"rotate": [
					{ "value": -1.66, "curve": "stepped" },
					{ "time": 0.8667, "value": -1.66 }
				],
				"translate": [
					{ "x": 2.02, "y": 0.08, "curve": "stepped" },
					{ "time": 0.8667, "x": 2.02, "y": 0.08 }
				],
				"scale": [
					{ "curve": "stepped" },
					{ "time": 0.8667 }
				]
			},
			"shouder_2": {
				"rotate": [
					{ "value": -30.74, "curve": "stepped" },
					{ "time": 0.8667, "value": -30.74 }
				],
				"translate": [
					{ "x": 26.86, "y": 1.44, "curve": "stepped" },
					{ "time": 0.8667, "x": 26.86, "y": 1.44 }
				],
				"scale": [
					{ "curve": "stepped" },
					{ "time": 0.8667 }
				]
			},
			"arm_2": {
				"rotate": [
					{ "value": -1.49, "curve": "stepped" },
					{ "time": 0.8667, "value": -1.49 }
				],
				"translate": [
					{ "curve": "stepped" },
					{ "time": 0.8667 }
				],
				"scale": [
					{ "curve": "stepped" },
					{ "time": 0.8667 }
				]
			},
			"thigh_1": {
				"rotate": [
					{ "value": 24.72, "curve": "stepped" },
					{ "time": 0.8667, "value": 24.72 }
				],
				"translate": [
					{ "curve": "stepped" },
					{ "time": 0.8667 }
				],
				"scale": [
					{ "curve": "stepped" },
					{ "time": 0.8667 }
				]
			},
			"leg_1": {
				"rotate": [
					{ "curve": "stepped" },
					{ "time": 0.8667 }
				],
				"translate": [
					{ "curve": "stepped" },
					{ "time": 0.8667 }
				],
				"scale": [
					{ "curve": "stepped" },
					{ "time": 0.8667 }
				]
			},
			"thigh_2": {
				"rotate": [
					{ "value": 39.21, "curve": "stepped" },
					{ "time": 0.8667, "value": 39.21 }
				],
				"translate": [
					{ "curve": "stepped" },
					{ "time": 0.8667 }
				],
				"scale": [
					{ "curve": "stepped" },
					{ "time": 0.8667 }
				]
			},
			"leg_2": {
				"rotate": [
					{ "value": 18.14, "curve": "stepped" },
					{ "time": 0.8667, "value": 18.14 }
				],
				"translate": [
					{ "curve": "stepped" },
					{ "time": 0.8667 }
				],
				"scale": [
					{ "curve": "stepped" },
					{ "time": 0.8667 }
				]
			},
			"foot_2": {
				"rotate": [
					{ "value": 1.87, "curve": "stepped" },
					{ "time": 0.8667, "value": 1.87 }
				],
				"translate": [
					{ "x": 91.74, "y": -2.14, "curve": "stepped" },
					{ "time": 0.8667, "x": 91.74, "y": -2.14 }
				]
			},
			"foot_3": {
				"rotate": [
					{ "value": -17.54, "curve": "stepped" },
					{ "time": 0.8667, "value": -17.54 }
				],
				"translate": [
					{ "x": -70.59, "y": 88.28, "curve": "stepped" },
					{ "time": 0.8667, "x": -70.59, "y": 88.28 }
				]
			},
			"feeling_5": {
				"rotate": [
					{ "value": -6.39, "curve": "stepped" },
					{ "time": 0.8667, "value": -6.39 }
				],
				"translate": [
					{ "x": 105.5, "y": -43.1, "curve": "stepped" },
					{ "time": 0.8667, "x": 105.5, "y": -43.1 }
				],
				"scale": [
					{ "x": 0.428, "y": 0.428, "curve": "stepped" },
					{ "time": 0.8667, "x": 0.428, "y": 0.428 }
				]
			},
			"feeling_1": {
				"rotate": [
					{ "value": -8.93, "curve": "stepped" },
					{ "time": 0.8667, "value": -8.93 }
				],
				"translate": [
					{ "x": -215.97, "y": -61.14, "curve": "stepped" },
					{ "time": 0.8667, "x": -215.97, "y": -61.14 }
				],
				"scale": [
					{
						"x": 0.716,
						"y": 1.513,
						"curve": [ 0.029, 0.716, 0.063, 1.029, 0.029, 1.513, 0.063, 2.174 ]
					},
					{
						"time": 0.1,
						"x": 1.559,
						"y": 3.293,
						"curve": [ 0.131, 1.361, 0.176, 0.716, 0.131, 2.874, 0.176, 1.513 ]
					},
					{ "time": 0.2, "x": 0.716, "y": 1.513, "curve": "stepped" },
					{
						"time": 0.3,
						"x": 0.716,
						"y": 1.513,
						"curve": [ 0.329, 0.716, 0.363, 1.029, 0.329, 1.513, 0.363, 2.174 ]
					},
					{
						"time": 0.4,
						"x": 1.559,
						"y": 3.293,
						"curve": [ 0.431, 1.361, 0.476, 0.716, 0.431, 2.874, 0.476, 1.513 ]
					},
					{ "time": 0.5, "x": 0.716, "y": 1.513, "curve": "stepped" },
					{
						"time": 0.6,
						"x": 0.716,
						"y": 1.513,
						"curve": [ 0.629, 0.716, 0.663, 1.029, 0.629, 1.513, 0.663, 2.174 ]
					},
					{
						"time": 0.7,
						"x": 1.559,
						"y": 3.293,
						"curve": [ 0.731, 1.361, 0.776, 0.716, 0.731, 2.874, 0.776, 1.513 ]
					},
					{ "time": 0.8, "x": 0.716, "y": 1.513, "curve": "stepped" },
					{ "time": 0.8667, "x": 0.716, "y": 1.513 }
				]
			},
			"feeling_2": {
				"rotate": [
					{ "value": 98.51, "curve": "stepped" },
					{ "time": 0.8667, "value": 98.51 }
				],
				"translate": [
					{ "x": -127.23, "y": -145.16, "curve": "stepped" },
					{ "time": 0.8667, "x": -127.23, "y": -145.16 }
				],
				"scale": [
					{ "x": 1.705, "y": 2.784, "curve": "stepped" },
					{ "time": 0.8667, "x": 1.705, "y": 2.784 }
				]
			},
			"move": {
				"translate": [
					{ "x": 119.98, "y": 6.9, "curve": "stepped" },
					{ "time": 0.8667, "x": 119.98, "y": 6.9 }
				],
				"scale": [
					{ "curve": "stepped" },
					{ "time": 0.8667 }
				]
			},
			"hair_1": {
				"rotate": [
					{ "value": -42.19, "curve": "stepped" },
					{ "time": 0.8667, "value": -42.19 }
				],
				"translate": [
					{ "x": 88.84, "y": 608.52, "curve": "stepped" },
					{ "time": 0.8667, "x": 88.84, "y": 608.52 }
				],
				"scale": [
					{ "x": -1, "y": 1.318, "curve": "stepped" },
					{ "time": 0.8667, "x": -1, "y": 1.318 }
				]
			}
		},
		"ik": {
			"foot_1": [
				{
					"stretch": true,
					"curve": [ 0.217, 1, 0.65, 1, 0.217, 0, 0.65, 0 ]
				},
				{ "time": 0.8667, "stretch": true }
			],
			"foot_2": [
				{
					"stretch": true,
					"curve": [ 0.217, 1, 0.65, 1, 0.217, 0, 0.65, 0 ]
				},
				{ "time": 0.8667, "stretch": true }
			]
		},
		"drawOrder": [
			{
				"offsets": [
					{ "slot": "shoulder2", "offset": 9 },
					{ "slot": "shoulder4", "offset": -3 },
					{ "slot": "feeling_2", "offset": -6 }
				]
			},
			{
				"time": 0.8667,
				"offsets": [
					{ "slot": "shoulder2", "offset": 9 },
					{ "slot": "shoulder4", "offset": -3 },
					{ "slot": "feeling_2", "offset": -6 }
				]
			}
		]
	},
	"t_60_1_win": {
		"slots": {
			"body": {
				"rgba": [
					{ "color": "000000ff", "curve": "stepped" },
					{ "time": 0.0333, "color": "000000ff" }
				]
			},
			"Emoji": {
				"attachment": [
					{ "name": "Emoji/emo_17" },
					{ "time": 0.0333, "name": "Emoji/emo_17" }
				]
			},
			"feeling_1": {
				"attachment": [
					{},
					{ "time": 0.0333 }
				]
			},
			"feeling_2": {
				"attachment": [
					{},
					{ "time": 0.0333 }
				]
			},
			"feeling_3": {
				"attachment": [
					{},
					{ "time": 0.0333 }
				]
			},
			"feeling_5": {
				"attachment": [
					{},
					{ "time": 0.0333 }
				]
			},
			"hair": {
				"attachment": [
					{ "name": "hair/man/mu_5" },
					{ "time": 0.0333, "name": "hair/man/mu_5" }
				]
			},
			"head": {
				"rgba": [
					{ "color": "ffffffff", "curve": "stepped" },
					{ "time": 0.0333, "color": "ffffffff" }
				],
				"attachment": [
					{ "name": "head" },
					{ "time": 0.0333, "name": "head" }
				]
			},
			"shoulder1": {
				"rgba": [
					{ "color": "000000ff", "curve": "stepped" },
					{ "time": 0.0333, "color": "000000ff" }
				],
				"attachment": [
					{ "name": "shoulder" },
					{ "time": 0.0333, "name": "shoulder" }
				]
			},
			"shoulder2": {
				"rgba": [
					{ "color": "000000ff", "curve": "stepped" },
					{ "time": 0.0333, "color": "000000ff" }
				],
				"attachment": [
					{ "name": "shoulder" },
					{ "time": 0.0333, "name": "shoulder" }
				]
			},
			"shoulder3": {
				"rgba": [
					{ "color": "000000ff", "curve": "stepped" },
					{ "time": 0.0333, "color": "000000ff" }
				],
				"attachment": [
					{ "name": "shoulder" },
					{ "time": 0.0333, "name": "shoulder" }
				]
			},
			"shoulder4": {
				"rgba": [
					{ "color": "000000ff", "curve": "stepped" },
					{ "time": 0.0333, "color": "000000ff" }
				],
				"attachment": [
					{ "name": "shoulder" },
					{ "time": 0.0333, "name": "shoulder" }
				]
			},
			"thigh": {
				"rgba": [
					{ "color": "000000ff", "curve": "stepped" },
					{ "time": 0.0333, "color": "000000ff" }
				]
			},
			"thigh2": {
				"rgba": [
					{ "color": "000000ff", "curve": "stepped" },
					{ "time": 0.0333, "color": "000000ff" }
				]
			},
			"thigh3": {
				"rgba": [
					{ "color": "000000ff", "curve": "stepped" },
					{ "time": 0.0333, "color": "000000ff" }
				]
			},
			"thigh4": {
				"rgba": [
					{ "color": "000000ff", "curve": "stepped" },
					{ "time": 0.0333, "color": "000000ff" }
				]
			}
		},
		"bones": {
			"head": {
				"rotate": [
					{ "value": 1.27, "curve": "stepped" },
					{ "time": 0.0333, "value": 1.27 }
				],
				"translate": [
					{ "x": 0.22, "y": -7.21, "curve": "stepped" },
					{ "time": 0.0333, "x": 0.22, "y": -7.21 }
				],
				"scale": [
					{ "curve": "stepped" },
					{ "time": 0.0333 }
				]
			},
			"root": {
				"rotate": [
					{ "curve": "stepped" },
					{ "time": 0.0333 }
				],
				"translate": [
					{ "curve": "stepped" },
					{ "time": 0.0333 }
				]
			},
			"main": {
				"rotate": [
					{ "value": -11.63, "curve": "stepped" },
					{ "time": 0.0333, "value": -11.63 }
				],
				"translate": [
					{ "x": 12.31, "y": -18.99, "curve": "stepped" },
					{ "time": 0.0333, "x": 12.31, "y": -18.99 }
				]
			},
			"hip": {
				"rotate": [
					{ "curve": "stepped" },
					{ "time": 0.0333 }
				],
				"translate": [
					{ "curve": "stepped" },
					{ "time": 0.0333 }
				]
			},
			"body": {
				"rotate": [
					{ "value": 10.26, "curve": "stepped" },
					{ "time": 0.0333, "value": 10.26 }
				],
				"translate": [
					{ "curve": "stepped" },
					{ "time": 0.0333 }
				]
			},
			"body2": {
				"rotate": [
					{ "value": 3.71, "curve": "stepped" },
					{ "time": 0.0333, "value": 3.71 }
				],
				"translate": [
					{ "curve": "stepped" },
					{ "time": 0.0333 }
				]
			},
			"body3": {
				"rotate": [
					{ "value": 3.71, "curve": "stepped" },
					{ "time": 0.0333, "value": 3.71 }
				],
				"translate": [
					{ "curve": "stepped" },
					{ "time": 0.0333 }
				]
			},
			"body4": {
				"rotate": [
					{ "value": 2.8, "curve": "stepped" },
					{ "time": 0.0333, "value": 2.8 }
				],
				"translate": [
					{ "curve": "stepped" },
					{ "time": 0.0333 }
				]
			},
			"body5": {
				"rotate": [
					{ "value": 0.73, "curve": "stepped" },
					{ "time": 0.0333, "value": 0.73 }
				],
				"translate": [
					{ "curve": "stepped" },
					{ "time": 0.0333 }
				]
			},
			"body6": {
				"rotate": [
					{ "value": 4.29, "curve": "stepped" },
					{ "time": 0.0333, "value": 4.29 }
				],
				"translate": [
					{ "curve": "stepped" },
					{ "time": 0.0333 }
				]
			},
			"body7": {
				"rotate": [
					{ "value": 3.71, "curve": "stepped" },
					{ "time": 0.0333, "value": 3.71 }
				],
				"translate": [
					{ "curve": "stepped" },
					{ "time": 0.0333 }
				]
			},
			"body8": {
				"rotate": [
					{ "value": 3.71, "curve": "stepped" },
					{ "time": 0.0333, "value": 3.71 }
				],
				"translate": [
					{ "curve": "stepped" },
					{ "time": 0.0333 }
				]
			},
			"feeling_3": {
				"rotate": [
					{ "curve": "stepped" },
					{ "time": 0.0333 }
				],
				"translate": [
					{ "curve": "stepped" },
					{ "time": 0.0333 }
				]
			},
			"emoji": {
				"rotate": [
					{ "value": 0.99, "curve": "stepped" },
					{ "time": 0.0333, "value": 0.99 }
				],
				"translate": [
					{ "x": -4.55, "y": -16.16, "curve": "stepped" },
					{ "time": 0.0333, "x": -4.55, "y": -16.16 }
				],
				"scale": [
					{ "x": -1.022, "y": 1.022, "curve": "stepped" },
					{ "time": 0.0333, "x": -1.022, "y": 1.022 }
				]
			},
			"shouder_1": {
				"rotate": [
					{ "value": -60.82, "curve": "stepped" },
					{ "time": 0.0333, "value": -60.82 }
				],
				"translate": [
					{ "x": 33.47, "y": -1.46, "curve": "stepped" },
					{ "time": 0.0333, "x": 33.47, "y": -1.46 }
				],
				"scale": [
					{ "curve": "stepped" },
					{ "time": 0.0333 }
				],
				"shear": [
					{ "y": 1, "curve": "stepped" },
					{ "time": 0.0333, "y": 1 }
				]
			},
			"arm_1": {
				"rotate": [
					{ "value": -137.7, "curve": "stepped" },
					{ "time": 0.0333, "value": -137.7 }
				],
				"translate": [
					{ "x": 2.02, "y": 0.08, "curve": "stepped" },
					{ "time": 0.0333, "x": 2.02, "y": 0.08 }
				],
				"scale": [
					{ "curve": "stepped" },
					{ "time": 0.0333 }
				]
			},
			"shouder_2": {
				"rotate": [
					{ "value": 52.96, "curve": "stepped" },
					{ "time": 0.0333, "value": 52.96 }
				],
				"translate": [
					{ "x": 31.83, "y": -2.01, "curve": "stepped" },
					{ "time": 0.0333, "x": 31.83, "y": -2.01 }
				],
				"scale": [
					{ "curve": "stepped" },
					{ "time": 0.0333 }
				]
			},
			"arm_2": {
				"rotate": [
					{ "value": 133, "curve": "stepped" },
					{ "time": 0.0333, "value": 133 }
				],
				"scale": [
					{ "curve": "stepped" },
					{ "time": 0.0333 }
				]
			},
			"thigh_1": {
				"rotate": [
					{ "value": -6.18, "curve": "stepped" },
					{ "time": 0.0333, "value": -6.18 }
				],
				"translate": [
					{ "curve": "stepped" },
					{ "time": 0.0333 }
				]
			},
			"leg_1": {
				"rotate": [
					{ "value": 5.22, "curve": "stepped" },
					{ "time": 0.0333, "value": 5.22 }
				],
				"translate": [
					{ "curve": "stepped" },
					{ "time": 0.0333 }
				]
			},
			"thigh_2": {
				"rotate": [
					{ "value": 2.51, "curve": "stepped" },
					{ "time": 0.0333, "value": 2.51 }
				],
				"translate": [
					{ "curve": "stepped" },
					{ "time": 0.0333 }
				],
				"scale": [
					{ "curve": "stepped" },
					{ "time": 0.0333 }
				]
			},
			"leg_2": {
				"rotate": [
					{ "value": 3.66, "curve": "stepped" },
					{ "time": 0.0333, "value": 3.66 }
				],
				"translate": [
					{ "curve": "stepped" },
					{ "time": 0.0333 }
				]
			},
			"foot_2": {
				"rotate": [
					{ "curve": "stepped" },
					{ "time": 0.0333 }
				],
				"translate": [
					{ "x": -56.58, "y": 1.41, "curve": "stepped" },
					{ "time": 0.0333, "x": -56.58, "y": 1.41 }
				]
			},
			"foot_3": {
				"rotate": [
					{ "value": 3.11, "curve": "stepped" },
					{ "time": 0.0333, "value": 3.11 }
				],
				"translate": [
					{ "x": 143.33, "y": 39.86, "curve": "stepped" },
					{ "time": 0.0333, "x": 143.33, "y": 39.86 }
				]
			},
			"feeling_5": {
				"rotate": [
					{ "curve": "stepped" },
					{ "time": 0.0333 }
				],
				"translate": [
					{ "curve": "stepped" },
					{ "time": 0.0333 }
				]
			},
			"feeling_1": {
				"rotate": [
					{ "value": 30.45, "curve": "stepped" },
					{ "time": 0.0333, "value": 30.45 }
				],
				"translate": [
					{ "x": -307.33, "y": -65.51, "curve": "stepped" },
					{ "time": 0.0333, "x": -307.33, "y": -65.51 }
				],
				"scale": [
					{ "x": 1.909, "y": 1.909, "curve": "stepped" },
					{ "time": 0.0333, "x": 1.909, "y": 1.909 }
				]
			},
			"feeling_2": {
				"rotate": [
					{ "value": -123.52, "curve": "stepped" },
					{ "time": 0.0333, "value": -123.52 }
				],
				"translate": [
					{ "x": -104.68, "y": -53.76, "curve": "stepped" },
					{ "time": 0.0333, "x": -104.68, "y": -53.76 }
				],
				"scale": [
					{ "x": 1.069, "y": 1.069, "curve": "stepped" },
					{ "time": 0.0333, "x": 1.069, "y": 1.069 }
				]
			},
			"move": {
				"translate": [
					{ "x": 119.99, "curve": "stepped" },
					{ "time": 0.0333, "x": 119.99 }
				],
				"scale": [
					{ "x": -1, "curve": "stepped" },
					{ "time": 0.0333, "x": -1 }
				]
			},
			"item_1": {
				"rotate": [
					{ "value": 20.66, "curve": "stepped" },
					{ "time": 0.0333, "value": 20.66 }
				],
				"translate": [
					{ "x": -36.36, "y": 157.86, "curve": "stepped" },
					{ "time": 0.0333, "x": -36.36, "y": 157.86 }
				],
				"scale": [
					{ "x": -0.675, "y": 0.675, "curve": "stepped" },
					{ "time": 0.0333, "x": -0.675, "y": 0.675 }
				]
			},
			"hair_1": {
				"rotate": [
					{ "value": 42.17, "curve": "stepped" },
					{ "time": 0.0333, "value": 42.17 }
				],
				"translate": [
					{ "x": -17, "y": 544.38, "curve": "stepped" },
					{ "time": 0.0333, "x": -17, "y": 544.38 }
				],
				"scale": [
					{ "x": -0.923, "y": 0.923, "curve": "stepped" },
					{ "time": 0.0333, "x": -0.923, "y": 0.923 }
				]
			}
		},
		"ik": {
			"foot_1": [
				{
					"bendPositive": false,
					"stretch": true,
					"curve": [ 0.008, 1, 0.025, 1, 0.008, 0, 0.025, 0 ]
				},
				{ "time": 0.0333, "bendPositive": false, "stretch": true }
			],
			"foot_2": [
				{
					"bendPositive": false,
					"stretch": true,
					"curve": [ 0.008, 1, 0.025, 1, 0.008, 0, 0.025, 0 ]
				},
				{ "time": 0.0333, "bendPositive": false, "stretch": true }
			]
		},
		"drawOrder": [
			{
				"offsets": [
					{ "slot": "item", "offset": 17 },
					{ "slot": "shoulder4", "offset": -4 }
				]
			},
			{
				"time": 0.0333,
				"offsets": [
					{ "slot": "item", "offset": 17 },
					{ "slot": "shoulder4", "offset": -4 }
				]
			}
		]
	},
	"t_60_2_be": {
		"slots": {
			"body": {
				"rgba": [
					{ "color": "000000ff", "curve": "stepped" },
					{ "time": 0.0333, "color": "000000ff" }
				]
			},
			"Emoji": {
				"attachment": [
					{ "name": "Emoji/new/emo_55_c" },
					{ "time": 0.0333, "name": "Emoji/new/emo_55_c" }
				]
			},
			"feeling_1": {
				"attachment": [
					{ "name": "bang_mat" },
					{ "time": 0.0333, "name": "bang_mat" }
				]
			},
			"feeling_2": {
				"rgba": [
					{ "color": "ffffff87", "curve": "stepped" },
					{ "time": 0.0333, "color": "ffffff87" }
				],
				"attachment": [
					{},
					{ "time": 0.0333 }
				]
			},
			"feeling_3": {
				"rgba": [
					{ "color": "ffffffff", "curve": "stepped" },
					{ "time": 0.0333, "color": "ffffffff" }
				],
				"attachment": [
					{},
					{ "time": 0.0333 }
				]
			},
			"feeling_5": {
				"attachment": [
					{},
					{ "time": 0.0333 }
				]
			},
			"hair": {
				"attachment": [
					{},
					{ "time": 0.0333 }
				]
			},
			"head": {
				"rgba": [
					{ "color": "ffffffff", "curve": "stepped" },
					{ "time": 0.0333, "color": "ffffffff" }
				],
				"attachment": [
					{ "name": "head" },
					{ "time": 0.0333, "name": "head" }
				]
			},
			"shoulder1": {
				"rgba": [
					{ "color": "000000ff", "curve": "stepped" },
					{ "time": 0.0333, "color": "000000ff" }
				],
				"attachment": [
					{ "name": "shoulder" },
					{ "time": 0.0333, "name": "shoulder" }
				]
			},
			"shoulder2": {
				"rgba": [
					{ "color": "000000ff", "curve": "stepped" },
					{ "time": 0.0333, "color": "000000ff" }
				],
				"attachment": [
					{ "name": "shoulder" },
					{ "time": 0.0333, "name": "shoulder" }
				]
			},
			"shoulder3": {
				"rgba": [
					{ "color": "000000ff", "curve": "stepped" },
					{ "time": 0.0333, "color": "000000ff" }
				],
				"attachment": [
					{ "name": "shoulder" },
					{ "time": 0.0333, "name": "shoulder" }
				]
			},
			"shoulder4": {
				"rgba": [
					{ "color": "000000ff", "curve": "stepped" },
					{ "time": 0.0333, "color": "000000ff" }
				],
				"attachment": [
					{ "name": "shoulder" },
					{ "time": 0.0333, "name": "shoulder" }
				]
			},
			"thigh": {
				"rgba": [
					{ "color": "000000ff", "curve": "stepped" },
					{ "time": 0.0333, "color": "000000ff" }
				],
				"attachment": [
					{},
					{ "time": 0.0333 }
				]
			},
			"thigh2": {
				"rgba": [
					{ "color": "000000ff", "curve": "stepped" },
					{ "time": 0.0333, "color": "000000ff" }
				],
				"attachment": [
					{},
					{ "time": 0.0333 }
				]
			},
			"thigh3": {
				"rgba": [
					{ "color": "000000ff", "curve": "stepped" },
					{ "time": 0.0333, "color": "000000ff" }
				],
				"attachment": [
					{},
					{ "time": 0.0333 }
				]
			},
			"thigh4": {
				"rgba": [
					{ "color": "000000ff", "curve": "stepped" },
					{ "time": 0.0333, "color": "000000ff" }
				],
				"attachment": [
					{},
					{ "time": 0.0333 }
				]
			}
		},
		"bones": {
			"head": {
				"rotate": [
					{ "value": 2.05, "curve": "stepped" },
					{ "time": 0.0333, "value": 2.05 }
				],
				"translate": [
					{ "x": -41.53, "y": 0.21, "curve": "stepped" },
					{ "time": 0.0333, "x": -41.53, "y": 0.21 }
				],
				"scale": [
					{ "curve": "stepped" },
					{ "time": 0.0333 }
				]
			},
			"root": {
				"rotate": [
					{ "curve": "stepped" },
					{ "time": 0.0333 }
				],
				"translate": [
					{ "curve": "stepped" },
					{ "time": 0.0333 }
				]
			},
			"main": {
				"rotate": [
					{ "value": -0.15, "curve": "stepped" },
					{ "time": 0.0333, "value": -0.15 }
				],
				"translate": [
					{ "x": 2.36, "y": -183.44, "curve": "stepped" },
					{ "time": 0.0333, "x": 2.36, "y": -183.44 }
				]
			},
			"hip": {
				"rotate": [
					{ "curve": "stepped" },
					{ "time": 0.0333 }
				],
				"translate": [
					{ "curve": "stepped" },
					{ "time": 0.0333 }
				]
			},
			"body": {
				"rotate": [
					{ "value": -2.03, "curve": "stepped" },
					{ "time": 0.0333, "value": -2.03 }
				],
				"translate": [
					{ "curve": "stepped" },
					{ "time": 0.0333 }
				],
				"scale": [
					{ "curve": "stepped" },
					{ "time": 0.0333 }
				]
			},
			"body2": {
				"rotate": [
					{ "value": -2.03, "curve": "stepped" },
					{ "time": 0.0333, "value": -2.03 }
				],
				"translate": [
					{ "curve": "stepped" },
					{ "time": 0.0333 }
				],
				"scale": [
					{ "curve": "stepped" },
					{ "time": 0.0333 }
				]
			},
			"body3": {
				"rotate": [
					{ "value": -2.03, "curve": "stepped" },
					{ "time": 0.0333, "value": -2.03 }
				],
				"translate": [
					{ "curve": "stepped" },
					{ "time": 0.0333 }
				],
				"scale": [
					{ "curve": "stepped" },
					{ "time": 0.0333 }
				]
			},
			"body4": {
				"rotate": [
					{ "value": -2.03, "curve": "stepped" },
					{ "time": 0.0333, "value": -2.03 }
				],
				"translate": [
					{ "curve": "stepped" },
					{ "time": 0.0333 }
				],
				"scale": [
					{ "curve": "stepped" },
					{ "time": 0.0333 }
				]
			},
			"body5": {
				"rotate": [
					{ "value": -2.03, "curve": "stepped" },
					{ "time": 0.0333, "value": -2.03 }
				],
				"translate": [
					{ "curve": "stepped" },
					{ "time": 0.0333 }
				],
				"scale": [
					{ "curve": "stepped" },
					{ "time": 0.0333 }
				]
			},
			"body6": {
				"rotate": [
					{ "value": -2.03, "curve": "stepped" },
					{ "time": 0.0333, "value": -2.03 }
				],
				"translate": [
					{ "curve": "stepped" },
					{ "time": 0.0333 }
				],
				"scale": [
					{ "curve": "stepped" },
					{ "time": 0.0333 }
				]
			},
			"body7": {
				"rotate": [
					{ "value": -2.03, "curve": "stepped" },
					{ "time": 0.0333, "value": -2.03 }
				],
				"translate": [
					{ "curve": "stepped" },
					{ "time": 0.0333 }
				],
				"scale": [
					{ "curve": "stepped" },
					{ "time": 0.0333 }
				]
			},
			"body8": {
				"rotate": [
					{ "value": -2.03, "curve": "stepped" },
					{ "time": 0.0333, "value": -2.03 }
				],
				"translate": [
					{ "curve": "stepped" },
					{ "time": 0.0333 }
				],
				"scale": [
					{ "curve": "stepped" },
					{ "time": 0.0333 }
				]
			},
			"feeling_3": {
				"rotate": [
					{ "value": -131.48, "curve": "stepped" },
					{ "time": 0.0333, "value": -131.48 }
				],
				"translate": [
					{ "x": 53.31, "y": -135.87, "curve": "stepped" },
					{ "time": 0.0333, "x": 53.31, "y": -135.87 }
				],
				"scale": [
					{ "x": 0.963, "y": 0.963, "curve": "stepped" },
					{ "time": 0.0333, "x": 0.963, "y": 0.963 }
				]
			},
			"emoji": {
				"rotate": [
					{ "value": 7.06, "curve": "stepped" },
					{ "time": 0.0333, "value": 7.06 }
				],
				"translate": [
					{ "x": -16.63, "y": -1.47, "curve": "stepped" },
					{ "time": 0.0333, "x": -16.63, "y": -1.47 }
				],
				"scale": [
					{ "x": -1.027, "y": 1.153, "curve": "stepped" },
					{ "time": 0.0333, "x": -1.027, "y": 1.153 }
				]
			},
			"shouder_1": {
				"rotate": [
					{ "value": 27.09, "curve": "stepped" },
					{ "time": 0.0333, "value": 27.09 }
				],
				"translate": [
					{ "x": 20.05, "y": 0.72, "curve": "stepped" },
					{ "time": 0.0333, "x": 20.05, "y": 0.72 }
				],
				"scale": [
					{ "curve": "stepped" },
					{ "time": 0.0333 }
				]
			},
			"arm_1": {
				"rotate": [
					{ "value": 37.74, "curve": "stepped" },
					{ "time": 0.0333, "value": 37.74 }
				],
				"translate": [
					{ "x": 2.02, "y": 0.08, "curve": "stepped" },
					{ "time": 0.0333, "x": 2.02, "y": 0.08 }
				],
				"scale": [
					{ "curve": "stepped" },
					{ "time": 0.0333 }
				]
			},
			"shouder_2": {
				"rotate": [
					{ "value": 30.84, "curve": "stepped" },
					{ "time": 0.0333, "value": 30.84 }
				],
				"translate": [
					{ "x": 13.34, "y": 0.73, "curve": "stepped" },
					{ "time": 0.0333, "x": 13.34, "y": 0.73 }
				],
				"scale": [
					{ "curve": "stepped" },
					{ "time": 0.0333 }
				]
			},
			"arm_2": {
				"rotate": [
					{ "value": -149.06, "curve": "stepped" },
					{ "time": 0.0333, "value": -149.06 }
				],
				"translate": [
					{ "curve": "stepped" },
					{ "time": 0.0333 }
				],
				"scale": [
					{ "curve": "stepped" },
					{ "time": 0.0333 }
				]
			},
			"thigh_1": {
				"rotate": [
					{ "value": 24.72, "curve": "stepped" },
					{ "time": 0.0333, "value": 24.72 }
				],
				"translate": [
					{ "curve": "stepped" },
					{ "time": 0.0333 }
				],
				"scale": [
					{ "curve": "stepped" },
					{ "time": 0.0333 }
				]
			},
			"leg_1": {
				"rotate": [
					{ "curve": "stepped" },
					{ "time": 0.0333 }
				],
				"translate": [
					{ "curve": "stepped" },
					{ "time": 0.0333 }
				],
				"scale": [
					{ "curve": "stepped" },
					{ "time": 0.0333 }
				]
			},
			"thigh_2": {
				"rotate": [
					{ "value": 39.21, "curve": "stepped" },
					{ "time": 0.0333, "value": 39.21 }
				],
				"translate": [
					{ "curve": "stepped" },
					{ "time": 0.0333 }
				],
				"scale": [
					{ "curve": "stepped" },
					{ "time": 0.0333 }
				]
			},
			"leg_2": {
				"rotate": [
					{ "value": 18.14, "curve": "stepped" },
					{ "time": 0.0333, "value": 18.14 }
				],
				"translate": [
					{ "curve": "stepped" },
					{ "time": 0.0333 }
				]
			},
			"foot_2": {
				"rotate": [
					{ "curve": "stepped" },
					{ "time": 0.0333 }
				],
				"translate": [
					{ "x": -54.15, "y": 1.33, "curve": "stepped" },
					{ "time": 0.0333, "x": -54.15, "y": 1.33 }
				]
			},
			"foot_3": {
				"rotate": [
					{ "curve": "stepped" },
					{ "time": 0.0333 }
				],
				"translate": [
					{ "x": 58.05, "y": -1.37, "curve": "stepped" },
					{ "time": 0.0333, "x": 58.05, "y": -1.37 }
				]
			},
			"feeling_5": {
				"rotate": [
					{ "value": 69.94, "curve": "stepped" },
					{ "time": 0.0333, "value": 69.94 }
				],
				"translate": [
					{ "x": 62.66, "y": -168.8, "curve": "stepped" },
					{ "time": 0.0333, "x": 62.66, "y": -168.8 }
				],
				"scale": [
					{ "x": 0.32, "y": 0.32, "curve": "stepped" },
					{ "time": 0.0333, "x": 0.32, "y": 0.32 }
				]
			},
			"item_1": {
				"translate": [
					{ "y": -245.53, "curve": "stepped" },
					{ "time": 0.0333, "y": -245.53 }
				],
				"scale": [
					{ "x": 1.369, "y": 1.369, "curve": "stepped" },
					{ "time": 0.0333, "x": 1.369, "y": 1.369 }
				]
			},
			"feeling_1": {
				"rotate": [
					{ "value": 7.24, "curve": "stepped" },
					{ "time": 0.0333, "value": 7.24 }
				],
				"translate": [
					{ "x": -32.7, "y": -128.5, "curve": "stepped" },
					{ "time": 0.0333, "x": -32.7, "y": -128.5 }
				],
				"scale": [
					{ "x": -1.017, "y": 1.017, "curve": "stepped" },
					{ "time": 0.0333, "x": -1.017, "y": 1.017 }
				]
			},
			"move": {
				"translate": [
					{ "x": 119.99, "curve": "stepped" },
					{ "time": 0.0333, "x": 119.99 }
				],
				"scale": [
					{ "curve": "stepped" },
					{ "time": 0.0333 }
				]
			},
			"feeling_2": {
				"rotate": [
					{ "value": 24.62, "curve": "stepped" },
					{ "time": 0.0333, "value": 24.62 }
				],
				"translate": [
					{ "x": -148.89, "y": -106.34, "curve": "stepped" },
					{ "time": 0.0333, "x": -148.89, "y": -106.34 }
				]
			},
			"hair_1": {
				"rotate": [
					{ "value": 10.52, "curve": "stepped" },
					{ "time": 0.0333, "value": 10.52 }
				],
				"translate": [
					{ "x": 111.03, "y": 574.95, "curve": "stepped" },
					{ "time": 0.0333, "x": 111.03, "y": 574.95 }
				],
				"scale": [
					{ "x": -1.13, "y": 1.13, "curve": "stepped" },
					{ "time": 0.0333, "x": -1.13, "y": 1.13 }
				]
			}
		},
		"ik": {
			"foot_1": [
				{
					"stretch": true,
					"curve": [ 0.008, 1, 0.025, 1, 0.008, 0, 0.025, 0 ]
				},
				{ "time": 0.0333, "stretch": true }
			],
			"foot_2": [
				{
					"bendPositive": false,
					"stretch": true,
					"curve": [ 0.008, 1, 0.025, 1, 0.008, 0, 0.025, 0 ]
				},
				{ "time": 0.0333, "bendPositive": false, "stretch": true }
			]
		},
		"drawOrder": [
			{
				"offsets": [
					{ "slot": "shoulder4", "offset": 5 },
					{ "slot": "Emoji", "offset": 5 }
				]
			},
			{
				"time": 0.0333,
				"offsets": [
					{ "slot": "shoulder4", "offset": 5 },
					{ "slot": "Emoji", "offset": 5 }
				]
			}
		]
	},
	"t_60_2_lose": {
		"slots": {
			"body": {
				"rgba": [
					{ "color": "000000ff", "curve": "stepped" },
					{ "time": 0.8333, "color": "000000ff" }
				]
			},
			"Emoji": {
				"attachment": [
					{ "name": "Emoji/new/emo_51" },
					{ "time": 0.8333, "name": "Emoji/new/emo_51" }
				]
			},
			"feeling_1": {
				"attachment": [
					{ "name": "bang_mat" },
					{ "time": 0.8333, "name": "bang_mat" }
				]
			},
			"feeling_3": {
				"attachment": [
					{ "name": "cauco" },
					{ "time": 0.8333, "name": "cauco" }
				]
			},
			"feeling_5": {
				"rgba": [
					{ "color": "f7ff00ff", "curve": "stepped" },
					{ "time": 0.8333, "color": "f7ff00ff" }
				],
				"attachment": [
					{ "name": "scare" },
					{ "time": 0.8333, "name": "scare" }
				]
			},
			"head": {
				"rgba": [
					{ "color": "ff9e9eff", "curve": "stepped" },
					{ "time": 0.8333, "color": "ff9e9eff" }
				],
				"attachment": [
					{ "name": "head" },
					{ "time": 0.8333, "name": "head" }
				]
			},
			"shoulder1": {
				"rgba": [
					{ "color": "000000ff", "curve": "stepped" },
					{ "time": 0.8333, "color": "000000ff" }
				],
				"attachment": [
					{ "name": "shoulder" },
					{ "time": 0.8333, "name": "shoulder" }
				]
			},
			"shoulder2": {
				"rgba": [
					{ "color": "000000ff", "curve": "stepped" },
					{ "time": 0.8333, "color": "000000ff" }
				],
				"attachment": [
					{ "name": "shoulder" },
					{ "time": 0.8333, "name": "shoulder" }
				]
			},
			"shoulder3": {
				"rgba": [
					{ "color": "000000ff", "curve": "stepped" },
					{ "time": 0.8333, "color": "000000ff" }
				],
				"attachment": [
					{ "name": "shoulder" },
					{ "time": 0.8333, "name": "shoulder" }
				]
			},
			"shoulder4": {
				"rgba": [
					{ "color": "000000ff", "curve": "stepped" },
					{ "time": 0.8333, "color": "000000ff" }
				],
				"attachment": [
					{ "name": "shoulder" },
					{ "time": 0.8333, "name": "shoulder" }
				]
			},
			"thigh": {
				"rgba": [
					{ "color": "000000ff", "curve": "stepped" },
					{ "time": 0.8333, "color": "000000ff" }
				],
				"attachment": [
					{},
					{ "time": 0.8333 }
				]
			},
			"thigh2": {
				"rgba": [
					{ "color": "000000ff", "curve": "stepped" },
					{ "time": 0.8333, "color": "000000ff" }
				],
				"attachment": [
					{},
					{ "time": 0.8333 }
				]
			},
			"thigh3": {
				"rgba": [
					{ "color": "000000ff", "curve": "stepped" },
					{ "time": 0.8333, "color": "000000ff" }
				],
				"attachment": [
					{},
					{ "time": 0.8333 }
				]
			},
			"thigh4": {
				"rgba": [
					{ "color": "000000ff", "curve": "stepped" },
					{ "time": 0.8333, "color": "000000ff" }
				],
				"attachment": [
					{},
					{ "time": 0.8333 }
				]
			}
		},
		"bones": {
			"head": {
				"rotate": [
					{ "value": 10.41, "curve": "stepped" },
					{ "time": 0.8333, "value": 10.41 }
				],
				"translate": [
					{ "x": -88.23, "y": 14.9, "curve": "stepped" },
					{ "time": 0.8333, "x": -88.23, "y": 14.9 }
				],
				"scale": [
					{ "curve": "stepped" },
					{ "time": 0.8333 }
				]
			},
			"root": {
				"rotate": [
					{ "curve": "stepped" },
					{ "time": 0.8333 }
				],
				"translate": [
					{ "curve": "stepped" },
					{ "time": 0.8333 }
				]
			},
			"main": {
				"rotate": [
					{ "value": 0.05, "curve": "stepped" },
					{ "time": 0.8333, "value": 0.05 }
				],
				"translate": [
					{ "x": -13.31, "y": -59.51, "curve": "stepped" },
					{ "time": 0.8333, "x": -13.31, "y": -59.51 }
				]
			},
			"hip": {
				"rotate": [
					{ "curve": "stepped" },
					{ "time": 0.8333 }
				],
				"translate": [
					{ "curve": "stepped" },
					{ "time": 0.8333 }
				]
			},
			"body": {
				"rotate": [
					{ "value": -0.43, "curve": "stepped" },
					{ "time": 0.8333, "value": -0.43 }
				],
				"translate": [
					{ "curve": "stepped" },
					{ "time": 0.8333 }
				]
			},
			"body2": {
				"rotate": [
					{ "value": -0.43, "curve": "stepped" },
					{ "time": 0.8333, "value": -0.43 }
				],
				"translate": [
					{ "curve": "stepped" },
					{ "time": 0.8333 }
				]
			},
			"body3": {
				"rotate": [
					{ "value": -0.43, "curve": "stepped" },
					{ "time": 0.8333, "value": -0.43 }
				],
				"translate": [
					{ "curve": "stepped" },
					{ "time": 0.8333 }
				]
			},
			"body4": {
				"rotate": [
					{ "value": -0.43, "curve": "stepped" },
					{ "time": 0.8333, "value": -0.43 }
				],
				"translate": [
					{ "curve": "stepped" },
					{ "time": 0.8333 }
				]
			},
			"body5": {
				"rotate": [
					{ "value": -0.43, "curve": "stepped" },
					{ "time": 0.8333, "value": -0.43 }
				],
				"translate": [
					{ "curve": "stepped" },
					{ "time": 0.8333 }
				]
			},
			"body6": {
				"rotate": [
					{ "value": -0.43, "curve": "stepped" },
					{ "time": 0.8333, "value": -0.43 }
				],
				"translate": [
					{ "curve": "stepped" },
					{ "time": 0.8333 }
				]
			},
			"body7": {
				"rotate": [
					{ "value": -0.43, "curve": "stepped" },
					{ "time": 0.8333, "value": -0.43 }
				],
				"translate": [
					{ "curve": "stepped" },
					{ "time": 0.8333 }
				]
			},
			"body8": {
				"rotate": [
					{ "value": -0.43, "curve": "stepped" },
					{ "time": 0.8333, "value": -0.43 }
				],
				"translate": [
					{ "curve": "stepped" },
					{ "time": 0.8333 }
				]
			},
			"feeling_3": {
				"rotate": [
					{ "curve": "stepped" },
					{ "time": 0.8333 }
				],
				"translate": [
					{ "x": 27.67, "y": 45.38, "curve": "stepped" },
					{ "time": 0.8333, "x": 27.67, "y": 45.38 }
				]
			},
			"emoji": {
				"rotate": [
					{ "value": -4.03, "curve": "stepped" },
					{ "time": 0.8333, "value": -4.03 }
				],
				"translate": [
					{ "x": -7.68, "y": 2.92, "curve": "stepped" },
					{ "time": 0.8333, "x": -7.68, "y": 2.92 }
				],
				"scale": [
					{ "x": 1.215, "y": 1.215, "curve": "stepped" },
					{ "time": 0.8333, "x": 1.215, "y": 1.215 }
				]
			},
			"shouder_1": {
				"rotate": [
					{ "value": 77.73, "curve": "stepped" },
					{ "time": 0.8333, "value": 77.73 }
				],
				"translate": [
					{ "x": -28.11, "y": 1, "curve": "stepped" },
					{ "time": 0.8333, "x": -28.11, "y": 1 }
				],
				"scale": [
					{ "curve": "stepped" },
					{ "time": 0.8333 }
				],
				"shear": [
					{ "curve": "stepped" },
					{ "time": 0.8333 }
				]
			},
			"arm_1": {
				"rotate": [
					{ "value": 39.58, "curve": "stepped" },
					{ "time": 0.8333, "value": 39.58 }
				],
				"translate": [
					{ "x": 2.02, "y": 0.08, "curve": "stepped" },
					{ "time": 0.8333, "x": 2.02, "y": 0.08 }
				],
				"scale": [
					{ "curve": "stepped" },
					{ "time": 0.8333 }
				]
			},
			"shouder_2": {
				"rotate": [
					{ "value": 57.32, "curve": "stepped" },
					{ "time": 0.8333, "value": 57.32 }
				],
				"translate": [
					{ "x": -32.53, "y": -1.76, "curve": "stepped" },
					{ "time": 0.8333, "x": -32.53, "y": -1.76 }
				],
				"scale": [
					{ "curve": "stepped" },
					{ "time": 0.8333 }
				]
			},
			"arm_2": {
				"rotate": [
					{ "value": -74.95, "curve": "stepped" },
					{ "time": 0.8333, "value": -74.95 }
				],
				"scale": [
					{ "curve": "stepped" },
					{ "time": 0.8333 }
				]
			},
			"thigh_1": {
				"rotate": [
					{ "value": -44.84, "curve": "stepped" },
					{ "time": 0.8333, "value": -44.84 }
				],
				"translate": [
					{ "curve": "stepped" },
					{ "time": 0.8333 }
				],
				"scale": [
					{ "curve": "stepped" },
					{ "time": 0.8333 }
				]
			},
			"leg_1": {
				"rotate": [
					{ "value": 45.63, "curve": "stepped" },
					{ "time": 0.8333, "value": 45.63 }
				],
				"translate": [
					{ "curve": "stepped" },
					{ "time": 0.8333 }
				],
				"scale": [
					{ "curve": "stepped" },
					{ "time": 0.8333 }
				]
			},
			"thigh_2": {
				"rotate": [
					{ "value": -37.54, "curve": "stepped" },
					{ "time": 0.8333, "value": -37.54 }
				],
				"translate": [
					{ "curve": "stepped" },
					{ "time": 0.8333 }
				],
				"scale": [
					{ "curve": "stepped" },
					{ "time": 0.8333 }
				]
			},
			"leg_2": {
				"rotate": [
					{ "value": 38.6, "curve": "stepped" },
					{ "time": 0.8333, "value": 38.6 }
				],
				"translate": [
					{ "curve": "stepped" },
					{ "time": 0.8333 }
				],
				"scale": [
					{ "curve": "stepped" },
					{ "time": 0.8333 }
				]
			},
			"foot_2": {
				"rotate": [
					{ "curve": "stepped" },
					{ "time": 0.8333 }
				],
				"translate": [
					{ "x": 84.59, "y": 5.07, "curve": "stepped" },
					{ "time": 0.8333, "x": 84.59, "y": 5.07 }
				]
			},
			"foot_3": {
				"rotate": [
					{ "curve": "stepped" },
					{ "time": 0.8333 }
				],
				"translate": [
					{ "x": -68.62, "y": 2.88, "curve": "stepped" },
					{ "time": 0.8333, "x": -68.62, "y": 2.88 }
				]
			},
			"feeling_5": {
				"rotate": [
					{ "curve": "stepped" },
					{ "time": 0.8333 }
				],
				"translate": [
					{ "x": -236.77, "y": 17.38, "curve": "stepped" },
					{ "time": 0.8333, "x": -236.77, "y": 17.38 }
				],
				"scale": [
					{ "x": 0.664, "y": 0.664 },
					{ "time": 0.1333, "x": 1.67, "y": 1.67 },
					{ "time": 0.2667, "x": 0.664, "y": 0.664, "curve": "stepped" },
					{ "time": 0.4333, "x": 0.664, "y": 0.664 },
					{ "time": 0.5667, "x": 1.67, "y": 1.67 },
					{ "time": 0.7, "x": 0.664, "y": 0.664, "curve": "stepped" },
					{ "time": 0.8333, "x": 0.664, "y": 0.664 }
				]
			},
			"feeling_1": {
				"rotate": [
					{ "value": 23.28, "curve": "stepped" },
					{ "time": 0.8333, "value": 23.28 }
				],
				"translate": [
					{ "x": -93.51, "y": -187.91, "curve": "stepped" },
					{ "time": 0.8333, "x": -93.51, "y": -187.91 }
				],
				"scale": [
					{ "x": 1.027, "y": 1.027, "curve": "stepped" },
					{ "time": 0.8333, "x": 1.027, "y": 1.027 }
				]
			},
			"move": {
				"translate": [
					{ "x": 119.99, "curve": "stepped" },
					{ "time": 0.8333, "x": 119.99 }
				]
			}
		},
		"ik": {
			"foot_1": [
				{
					"stretch": true,
					"curve": [ 0.208, 1, 0.625, 1, 0.208, 0, 0.625, 0 ]
				},
				{ "time": 0.8333, "stretch": true }
			],
			"foot_2": [
				{
					"stretch": true,
					"curve": [ 0.208, 1, 0.625, 1, 0.208, 0, 0.625, 0 ]
				},
				{ "time": 0.8333, "stretch": true }
			]
		},
		"drawOrder": [
			{
				"offsets": [
					{ "slot": "Emoji", "offset": 4 }
				]
			},
			{
				"time": 0.8333,
				"offsets": [
					{ "slot": "Emoji", "offset": 4 }
				]
			}
		]
	},
	"t_60_2_win": {
		"slots": {
			"body": {
				"rgba": [
					{ "color": "000000ff", "curve": "stepped" },
					{ "time": 0.0333, "color": "000000ff" }
				]
			},
			"Emoji": {
				"attachment": [
					{ "name": "Emoji/emo_30" },
					{ "time": 0.0333, "name": "Emoji/emo_30" }
				]
			},
			"feeling_1": {
				"attachment": [
					{ "name": "bang_mat_2" },
					{ "time": 0.0333, "name": "bang_mat_2" }
				]
			},
			"feeling_2": {
				"rgba": [
					{ "color": "000000ff", "curve": "stepped" },
					{ "time": 0.0333, "color": "000000ff" }
				],
				"attachment": [
					{ "name": "giat_minh" },
					{ "time": 0.0333, "name": "giat_minh" }
				]
			},
			"feeling_3": {
				"rgba": [
					{ "color": "ffffffff", "curve": "stepped" },
					{ "time": 0.0333, "color": "ffffffff" }
				],
				"attachment": [
					{ "name": "Emoji/hoi_cham" },
					{ "time": 0.0333, "name": "Emoji/hoi_cham" }
				]
			},
			"feeling_5": {
				"attachment": [
					{ "name": "Emoji/hoi_cham" },
					{ "time": 0.0333, "name": "Emoji/hoi_cham" }
				]
			},
			"hair": {
				"attachment": [
					{},
					{ "time": 0.0333 }
				]
			},
			"head": {
				"rgba": [
					{ "color": "ffffffff", "curve": "stepped" },
					{ "time": 0.0333, "color": "ffffffff" }
				],
				"attachment": [
					{ "name": "head" },
					{ "time": 0.0333, "name": "head" }
				]
			},
			"shoulder1": {
				"rgba": [
					{ "color": "000000ff", "curve": "stepped" },
					{ "time": 0.0333, "color": "000000ff" }
				],
				"attachment": [
					{ "name": "shoulder" },
					{ "time": 0.0333, "name": "shoulder" }
				]
			},
			"shoulder2": {
				"rgba": [
					{ "color": "000000ff", "curve": "stepped" },
					{ "time": 0.0333, "color": "000000ff" }
				],
				"attachment": [
					{ "name": "shoulder" },
					{ "time": 0.0333, "name": "shoulder" }
				]
			},
			"shoulder3": {
				"rgba": [
					{ "color": "000000ff", "curve": "stepped" },
					{ "time": 0.0333, "color": "000000ff" }
				],
				"attachment": [
					{ "name": "shoulder" },
					{ "time": 0.0333, "name": "shoulder" }
				]
			},
			"shoulder4": {
				"rgba": [
					{ "color": "000000ff", "curve": "stepped" },
					{ "time": 0.0333, "color": "000000ff" }
				],
				"attachment": [
					{ "name": "shoulder" },
					{ "time": 0.0333, "name": "shoulder" }
				]
			},
			"thigh": {
				"rgba": [
					{ "color": "000000ff", "curve": "stepped" },
					{ "time": 0.0333, "color": "000000ff" }
				],
				"attachment": [
					{},
					{ "time": 0.0333 }
				]
			},
			"thigh2": {
				"rgba": [
					{ "color": "000000ff", "curve": "stepped" },
					{ "time": 0.0333, "color": "000000ff" }
				],
				"attachment": [
					{},
					{ "time": 0.0333 }
				]
			},
			"thigh3": {
				"rgba": [
					{ "color": "000000ff", "curve": "stepped" },
					{ "time": 0.0333, "color": "000000ff" }
				],
				"attachment": [
					{},
					{ "time": 0.0333 }
				]
			},
			"thigh4": {
				"rgba": [
					{ "color": "000000ff", "curve": "stepped" },
					{ "time": 0.0333, "color": "000000ff" }
				],
				"attachment": [
					{},
					{ "time": 0.0333 }
				]
			}
		},
		"bones": {
			"head": {
				"rotate": [
					{ "value": 7.49, "curve": "stepped" },
					{ "time": 0.0333, "value": 7.49 }
				],
				"translate": [
					{ "x": -38.64, "y": -0.42, "curve": "stepped" },
					{ "time": 0.0333, "x": -38.64, "y": -0.42 }
				],
				"scale": [
					{ "curve": "stepped" },
					{ "time": 0.0333 }
				]
			},
			"root": {
				"rotate": [
					{ "curve": "stepped" },
					{ "time": 0.0333 }
				],
				"translate": [
					{ "curve": "stepped" },
					{ "time": 0.0333 }
				]
			},
			"main": {
				"rotate": [
					{ "value": -0.15, "curve": "stepped" },
					{ "time": 0.0333, "value": -0.15 }
				],
				"translate": [
					{ "x": 1.9, "y": -49.77, "curve": "stepped" },
					{ "time": 0.0333, "x": 1.9, "y": -49.77 }
				]
			},
			"hip": {
				"rotate": [
					{ "curve": "stepped" },
					{ "time": 0.0333 }
				],
				"translate": [
					{ "curve": "stepped" },
					{ "time": 0.0333 }
				]
			},
			"body": {
				"rotate": [
					{ "value": -1.02, "curve": "stepped" },
					{ "time": 0.0333, "value": -1.02 }
				],
				"translate": [
					{ "curve": "stepped" },
					{ "time": 0.0333 }
				],
				"scale": [
					{ "curve": "stepped" },
					{ "time": 0.0333 }
				]
			},
			"body2": {
				"rotate": [
					{ "value": -1.02, "curve": "stepped" },
					{ "time": 0.0333, "value": -1.02 }
				],
				"translate": [
					{ "curve": "stepped" },
					{ "time": 0.0333 }
				],
				"scale": [
					{ "curve": "stepped" },
					{ "time": 0.0333 }
				]
			},
			"body3": {
				"rotate": [
					{ "value": -1.02, "curve": "stepped" },
					{ "time": 0.0333, "value": -1.02 }
				],
				"translate": [
					{ "curve": "stepped" },
					{ "time": 0.0333 }
				],
				"scale": [
					{ "curve": "stepped" },
					{ "time": 0.0333 }
				]
			},
			"body4": {
				"rotate": [
					{ "value": -1.02, "curve": "stepped" },
					{ "time": 0.0333, "value": -1.02 }
				],
				"translate": [
					{ "curve": "stepped" },
					{ "time": 0.0333 }
				],
				"scale": [
					{ "curve": "stepped" },
					{ "time": 0.0333 }
				]
			},
			"body5": {
				"rotate": [
					{ "value": -1.02, "curve": "stepped" },
					{ "time": 0.0333, "value": -1.02 }
				],
				"translate": [
					{ "curve": "stepped" },
					{ "time": 0.0333 }
				],
				"scale": [
					{ "curve": "stepped" },
					{ "time": 0.0333 }
				]
			},
			"body6": {
				"rotate": [
					{ "value": -1.02, "curve": "stepped" },
					{ "time": 0.0333, "value": -1.02 }
				],
				"translate": [
					{ "curve": "stepped" },
					{ "time": 0.0333 }
				],
				"scale": [
					{ "curve": "stepped" },
					{ "time": 0.0333 }
				]
			},
			"body7": {
				"rotate": [
					{ "value": -1.02, "curve": "stepped" },
					{ "time": 0.0333, "value": -1.02 }
				],
				"translate": [
					{ "curve": "stepped" },
					{ "time": 0.0333 }
				],
				"scale": [
					{ "curve": "stepped" },
					{ "time": 0.0333 }
				]
			},
			"body8": {
				"rotate": [
					{ "value": -1.02, "curve": "stepped" },
					{ "time": 0.0333, "value": -1.02 }
				],
				"translate": [
					{ "curve": "stepped" },
					{ "time": 0.0333 }
				],
				"scale": [
					{ "curve": "stepped" },
					{ "time": 0.0333 }
				]
			},
			"feeling_3": {
				"rotate": [
					{ "value": -89.78, "curve": "stepped" },
					{ "time": 0.0333, "value": -89.78 }
				],
				"translate": [
					{ "x": 88.07, "y": -32.17, "curve": "stepped" },
					{ "time": 0.0333, "x": 88.07, "y": -32.17 }
				],
				"scale": [
					{ "x": -0.868, "y": 0.868, "curve": "stepped" },
					{ "time": 0.0333, "x": -0.868, "y": 0.868 }
				]
			},
			"emoji": {
				"rotate": [
					{ "value": -5.25, "curve": "stepped" },
					{ "time": 0.0333, "value": -5.25 }
				],
				"translate": [
					{ "x": -2.46, "y": -7.85, "curve": "stepped" },
					{ "time": 0.0333, "x": -2.46, "y": -7.85 }
				],
				"scale": [
					{ "x": 0.916, "y": 0.916, "curve": "stepped" },
					{ "time": 0.0333, "x": 0.916, "y": 0.916 }
				]
			},
			"shouder_1": {
				"rotate": [
					{ "value": -9.45, "curve": "stepped" },
					{ "time": 0.0333, "value": -9.45 }
				],
				"translate": [
					{ "x": 3.38, "y": -0.28, "curve": "stepped" },
					{ "time": 0.0333, "x": 3.38, "y": -0.28 }
				],
				"scale": [
					{ "curve": "stepped" },
					{ "time": 0.0333 }
				]
			},
			"arm_1": {
				"rotate": [
					{ "value": 51.43, "curve": "stepped" },
					{ "time": 0.0333, "value": 51.43 }
				],
				"translate": [
					{ "x": 2.02, "y": 0.08, "curve": "stepped" },
					{ "time": 0.0333, "x": 2.02, "y": 0.08 }
				],
				"scale": [
					{ "curve": "stepped" },
					{ "time": 0.0333 }
				]
			},
			"shouder_2": {
				"rotate": [
					{ "value": 60.36, "curve": "stepped" },
					{ "time": 0.0333, "value": 60.36 }
				],
				"translate": [
					{ "x": 5.35, "y": 7.31, "curve": "stepped" },
					{ "time": 0.0333, "x": 5.35, "y": 7.31 }
				],
				"scale": [
					{ "curve": "stepped" },
					{ "time": 0.0333 }
				]
			},
			"arm_2": {
				"rotate": [
					{ "value": 39.46, "curve": "stepped" },
					{ "time": 0.0333, "value": 39.46 }
				],
				"translate": [
					{ "curve": "stepped" },
					{ "time": 0.0333 }
				],
				"scale": [
					{ "curve": "stepped" },
					{ "time": 0.0333 }
				]
			},
			"thigh_1": {
				"rotate": [
					{ "value": 24.72, "curve": "stepped" },
					{ "time": 0.0333, "value": 24.72 }
				],
				"translate": [
					{ "curve": "stepped" },
					{ "time": 0.0333 }
				],
				"scale": [
					{ "curve": "stepped" },
					{ "time": 0.0333 }
				]
			},
			"leg_1": {
				"rotate": [
					{ "curve": "stepped" },
					{ "time": 0.0333 }
				],
				"translate": [
					{ "curve": "stepped" },
					{ "time": 0.0333 }
				],
				"scale": [
					{ "curve": "stepped" },
					{ "time": 0.0333 }
				]
			},
			"thigh_2": {
				"rotate": [
					{ "value": 39.21, "curve": "stepped" },
					{ "time": 0.0333, "value": 39.21 }
				],
				"translate": [
					{ "curve": "stepped" },
					{ "time": 0.0333 }
				],
				"scale": [
					{ "curve": "stepped" },
					{ "time": 0.0333 }
				]
			},
			"leg_2": {
				"rotate": [
					{ "value": 18.14, "curve": "stepped" },
					{ "time": 0.0333, "value": 18.14 }
				],
				"translate": [
					{ "curve": "stepped" },
					{ "time": 0.0333 }
				]
			},
			"foot_2": {
				"rotate": [
					{ "curve": "stepped" },
					{ "time": 0.0333 }
				],
				"translate": [
					{ "x": -54.15, "y": 1.33, "curve": "stepped" },
					{ "time": 0.0333, "x": -54.15, "y": 1.33 }
				]
			},
			"foot_3": {
				"rotate": [
					{ "curve": "stepped" },
					{ "time": 0.0333 }
				],
				"translate": [
					{ "x": 58.05, "y": -1.37, "curve": "stepped" },
					{ "time": 0.0333, "x": 58.05, "y": -1.37 }
				]
			},
			"feeling_5": {
				"rotate": [
					{ "value": -100.24, "curve": "stepped" },
					{ "time": 0.0333, "value": -100.24 }
				],
				"translate": [
					{ "x": 32.72, "y": 116.77, "curve": "stepped" },
					{ "time": 0.0333, "x": 32.72, "y": 116.77 }
				],
				"scale": [
					{ "x": -0.428, "y": 0.428, "curve": "stepped" },
					{ "time": 0.0333, "x": -0.428, "y": 0.428 }
				]
			},
			"item_1": {
				"translate": [
					{ "y": -245.53, "curve": "stepped" },
					{ "time": 0.0333, "y": -245.53 }
				],
				"scale": [
					{ "x": 1.369, "y": 1.369, "curve": "stepped" },
					{ "time": 0.0333, "x": 1.369, "y": 1.369 }
				]
			},
			"feeling_1": {
				"rotate": [
					{ "value": 13.97, "curve": "stepped" },
					{ "time": 0.0333, "value": 13.97 }
				],
				"translate": [
					{ "x": -57.85, "y": -119.09, "curve": "stepped" },
					{ "time": 0.0333, "x": -57.85, "y": -119.09 }
				],
				"scale": [
					{ "x": 1.131, "y": 1.132, "curve": "stepped" },
					{ "time": 0.0333, "x": 1.131, "y": 1.132 }
				]
			},
			"move": {
				"translate": [
					{ "x": 119.99, "curve": "stepped" },
					{ "time": 0.0333, "x": 119.99 }
				],
				"scale": [
					{ "curve": "stepped" },
					{ "time": 0.0333 }
				]
			},
			"feeling_2": {
				"rotate": [
					{ "value": 57.57, "curve": "stepped" },
					{ "time": 0.0333, "value": 57.57 }
				],
				"translate": [
					{ "x": 131.92, "y": -102.27, "curve": "stepped" },
					{ "time": 0.0333, "x": 131.92, "y": -102.27 }
				],
				"scale": [
					{ "x": 0.829, "y": 0.829, "curve": "stepped" },
					{ "time": 0.0333, "x": 0.829, "y": 0.829 }
				]
			},
			"hair_1": {
				"rotate": [
					{ "value": 10.52, "curve": "stepped" },
					{ "time": 0.0333, "value": 10.52 }
				],
				"translate": [
					{ "x": 111.03, "y": 574.95, "curve": "stepped" },
					{ "time": 0.0333, "x": 111.03, "y": 574.95 }
				],
				"scale": [
					{ "x": -1.13, "y": 1.13, "curve": "stepped" },
					{ "time": 0.0333, "x": -1.13, "y": 1.13 }
				]
			}
		},
		"ik": {
			"foot_1": [
				{
					"stretch": true,
					"curve": [ 0.008, 1, 0.025, 1, 0.008, 0, 0.025, 0 ]
				},
				{ "time": 0.0333, "stretch": true }
			],
			"foot_2": [
				{
					"bendPositive": false,
					"stretch": true,
					"curve": [ 0.008, 1, 0.025, 1, 0.008, 0, 0.025, 0 ]
				},
				{ "time": 0.0333, "bendPositive": false, "stretch": true }
			]
		},
		"drawOrder": [
			{
				"offsets": [
					{ "slot": "shoulder4", "offset": 5 },
					{ "slot": "Emoji", "offset": 5 }
				]
			},
			{
				"time": 0.0333,
				"offsets": [
					{ "slot": "shoulder4", "offset": 5 },
					{ "slot": "Emoji", "offset": 5 }
				]
			}
		]
	}
}
}