{"frames": [

{
	"filename": "anh_sang",
	"frame": {"x":1,"y":1,"w":1042,"h":1051},
	"rotated": false,
	"trimmed": false,
	"spriteSourceSize": {"x":0,"y":0,"w":1042,"h":1051},
	"sourceSize": {"w":1042,"h":1051}
},
{
	"filename": "bui_cay",
	"frame": {"x":1044,"y":830,"w":396,"h":213},
	"rotated": false,
	"trimmed": true,
	"spriteSourceSize": {"x":7,"y":7,"w":396,"h":213},
	"sourceSize": {"w":410,"h":227}
},
{
	"filename": "bui_cay_hot",
	"frame": {"x":1044,"y":602,"w":410,"h":227},
	"rotated": false,
	"trimmed": false,
	"spriteSourceSize": {"x":0,"y":0,"w":410,"h":227},
	"sourceSize": {"w":410,"h":227}
},
{
	"filename": "doi_mat_trong_dem",
	"frame": {"x":579,"y":1142,"w":111,"h":33},
	"rotated": false,
	"trimmed": false,
	"spriteSourceSize": {"x":0,"y":0,"w":111,"h":33},
	"sourceSize": {"w":111,"h":33}
},
{
	"filename": "la_cay",
	"frame": {"x":658,"y":1053,"w":66,"h":76},
	"rotated": false,
	"trimmed": true,
	"spriteSourceSize": {"x":7,"y":7,"w":66,"h":76},
	"sourceSize": {"w":80,"h":90}
},
{
	"filename": "la_cay_hot",
	"frame": {"x":579,"y":1053,"w":78,"h":88},
	"rotated": false,
	"trimmed": true,
	"spriteSourceSize": {"x":1,"y":1,"w":78,"h":88},
	"sourceSize": {"w":80,"h":90}
},
{
	"filename": "lua_trai_chua_dot",
	"frame": {"x":402,"y":1053,"w":176,"h":140},
	"rotated": false,
	"trimmed": false,
	"spriteSourceSize": {"x":0,"y":0,"w":176,"h":140},
	"sourceSize": {"w":176,"h":140}
},
{
	"filename": "lua_trai_da_dot_lua",
	"frame": {"x":1044,"y":1044,"w":172,"h":162},
	"rotated": false,
	"trimmed": false,
	"spriteSourceSize": {"x":0,"y":0,"w":172,"h":162},
	"sourceSize": {"w":172,"h":162}
},
{
	"filename": "rung_toi",
	"frame": {"x":1044,"y":1,"w":533,"h":600},
	"rotated": false,
	"trimmed": false,
	"spriteSourceSize": {"x":0,"y":0,"w":533,"h":600},
	"sourceSize": {"w":533,"h":600}
},
{
	"filename": "trang_sao",
	"frame": {"x":1,"y":1053,"w":400,"h":155},
	"rotated": false,
	"trimmed": false,
	"spriteSourceSize": {"x":0,"y":0,"w":400,"h":155},
	"sourceSize": {"w":400,"h":155}
}],
"meta": {
	"app": "https://www.codeandweb.com/texturepacker",
	"version": "1.0",
	"image": "props.png",
	"format": "RGBA8888",
	"size": {"w":1578,"h":1209},
	"scale": "1",
	"smartupdate": "$TexturePacker:SmartUpdate:090236ee6b4d6ab4262726bcbe8c0bec:8729f9dae8b2af377399a2ca8d0a16b4:f4c39b94f5b79b4c461da96ae5609d50$"
}
}
