{
"skeleton": { "hash": "Cl8Gqyvy4NE", "spine": "4.1.24", "x": -388.28, "y": -425.09, "width": 724.41, "height": 1282.48 },
"bones": [
	{ "name": "root", "rotation": 0.2 },
	{ "name": "move", "parent": "root", "x": -119.99, "scaleX": -1 },
	{ "name": "main", "parent": "move", "y": 256.6 },
	{ "name": "hip", "parent": "main" },
	{ "name": "body", "parent": "hip", "length": 26.97, "rotation": 90 },
	{ "name": "body2", "parent": "body", "length": 26.97, "x": 26.97 },
	{ "name": "body3", "parent": "body2", "length": 26.97, "x": 26.97 },
	{ "name": "body4", "parent": "body3", "length": 26.97, "rotation": -0.06, "x": 26.97 },
	{ "name": "body5", "parent": "body4", "length": 26.97, "x": 26.97 },
	{ "name": "body6", "parent": "body5", "length": 26.97, "x": 26.97 },
	{ "name": "body7", "parent": "body6", "length": 26.97, "x": 26.97 },
	{ "name": "body8", "parent": "body7", "length": 26.97, "x": 26.97 },
	{ "name": "head", "parent": "body8", "length": 135.67, "x": 24.75 },
	{ "name": "feeling_3", "parent": "head", "rotation": -0.18, "x": 87.53, "y": 30.96 },
	{ "name": "emoji", "parent": "head", "rotation": -90, "x": 62, "y": 1.49 },
	{ "name": "shouder_1", "parent": "body7", "length": 100.06, "rotation": -90, "x": 15.39, "y": 0.02 },
	{ "name": "arm_1", "parent": "shouder_1", "length": 100.06, "x": 94.79 },
	{ "name": "shouder_2", "parent": "body7", "length": 100.06, "rotation": 90, "x": 15.39, "y": 0.02 },
	{ "name": "arm_2", "parent": "shouder_2", "length": 100.06, "x": 94.79 },
	{ "name": "thigh_1", "parent": "main", "length": 134.15, "rotation": -90, "x": -0.54, "y": 4.23 },
	{ "name": "leg_1", "parent": "thigh_1", "length": 134.15, "x": 128.14 },
	{ "name": "thigh_2", "parent": "main", "length": 134.15, "rotation": -90, "x": -0.1, "y": 4.23 },
	{ "name": "leg_2", "parent": "thigh_2", "length": 134.15, "x": 128.14 },
	{ "name": "foot_2", "parent": "move", "x": 0.16, "y": -2.18 },
	{ "name": "foot_3", "parent": "move", "x": 0.1, "y": -2.12 },
	{
		"name": "feeling_5",
		"parent": "head",
		"rotation": -0.18,
		"x": 87.53,
		"y": -25.11,
		"scaleX": 2,
		"scaleY": 2
	},
	{ "name": "item_1", "parent": "move", "x": -1.93, "y": 450.24 },
	{ "name": "feeling_1", "parent": "main", "rotation": -20.17, "x": 72.35, "y": 376.02 },
	{ "name": "feeling_2", "parent": "main", "rotation": -20.17, "x": 72.35, "y": 376.02 },
	{ "name": "hair_1", "parent": "main", "rotation": 0.07, "x": -120, "y": -254.77 },
	{
		"name": "feeling_4",
		"parent": "head",
		"rotation": -0.18,
		"x": 87.53,
		"y": -25.11,
		"scaleX": 2,
		"scaleY": 2
	},
	{ "name": "item_tay", "parent": "arm_2", "x": 101.01, "y": -1.25 }
],
"slots": [
	{ "name": "bg_gane_play", "bone": "root", "color": "ffffff4f" },
	{ "name": "item", "bone": "item_1" },
	{ "name": "body", "bone": "hip", "color": "000000ff", "attachment": "body" },
	{ "name": "shoulder1", "bone": "shouder_1", "color": "000000ff" },
	{ "name": "shoulder3", "bone": "shouder_2", "color": "000000ff" },
	{ "name": "shoulder2", "bone": "arm_1", "color": "000000ff" },
	{ "name": "shoulder4", "bone": "arm_2", "color": "000000ff" },
	{ "name": "thigh", "bone": "thigh_1", "color": "000000ff", "attachment": "thigh" },
	{ "name": "thigh3", "bone": "thigh_2", "color": "000000ff", "attachment": "thigh" },
	{ "name": "thigh2", "bone": "leg_1", "color": "000000ff", "attachment": "thigh" },
	{ "name": "thigh4", "bone": "leg_2", "color": "000000ff", "attachment": "thigh" },
	{ "name": "head", "bone": "head", "attachment": "head" },
	{ "name": "hair", "bone": "hair_1" },
	{ "name": "Emoji", "bone": "emoji" },
	{ "name": "feeling_3", "bone": "feeling_3", "color": "000000ff" },
	{ "name": "feeling_5", "bone": "feeling_5" },
	{ "name": "feeling_4", "bone": "feeling_4" },
	{ "name": "feeling_1", "bone": "feeling_1" },
	{ "name": "feeling_2", "bone": "feeling_2" },
	{ "name": "item_tay", "bone": "item_tay" }
],
"ik": [
	{
		"name": "foot_1",
		"bones": [ "thigh_1", "leg_1" ],
		"target": "foot_2",
		"mix": 0,
		"stretch": true
	},
	{
		"name": "foot_2",
		"order": 1,
		"bones": [ "thigh_2", "leg_2" ],
		"target": "foot_3",
		"mix": 0,
		"stretch": true
	}
],
"skins": [
	{
		"name": "default",
		"attachments": {
			"body": {
				"body": {
					"type": "mesh",
					"uvs": [ 1, 1, 0, 1, 0, 0.875, 0, 0.75, 0, 0.625, 0, 0.5, 0, 0.375, 0, 0.25, 0, 0.125, 0, 0, 1, 0, 1, 0.125, 1, 0.25, 1, 0.375, 1, 0.5, 1, 0.625, 1, 0.75, 1, 0.875 ],
					"triangles": [ 8, 9, 10, 11, 8, 10, 7, 8, 11, 12, 7, 11, 6, 7, 12, 13, 6, 12, 5, 6, 13, 14, 5, 13, 4, 5, 14, 15, 4, 14, 3, 4, 15, 16, 3, 15, 2, 3, 16, 17, 2, 16, 1, 2, 17, 0, 1, 17 ],
					"vertices": [ 1, 4, -1.7, -5.5, 1, 1, 4, -1.7, 5.5, 1, 2, 4, 25.68, 5.5, 0.70301, 5, -1.29, 5.5, 0.29699, 2, 5, 26.08, 5.5, 0.65569, 6, -0.88, 5.5, 0.34431, 2, 6, 26.49, 5.5, 0.55905, 7, -0.48, 5.5, 0.44095, 2, 7, 26.9, 5.5, 0.51367, 8, -0.07, 5.5, 0.48633, 2, 8, 27.3, 5.5, 0.41705, 9, 0.33, 5.5, 0.58295, 2, 9, 27.71, 5.5, 0.38565, 10, 0.74, 5.5, 0.61435, 2, 10, 28.11, 5.5, 0.36868, 11, 1.14, 5.5, 0.63132, 1, 11, 28.52, 5.5, 1, 1, 11, 28.52, -5.5, 1, 2, 10, 28.11, -5.5, 0.3064, 11, 1.14, -5.5, 0.6936, 2, 9, 27.71, -5.5, 0.40945, 10, 0.74, -5.5, 0.59055, 2, 8, 27.3, -5.5, 0.44404, 9, 0.33, -5.5, 0.55596, 2, 7, 26.9, -5.5, 0.52991, 8, -0.07, -5.5, 0.47009, 2, 6, 26.49, -5.5, 0.58474, 7, -0.48, -5.5, 0.41526, 2, 5, 26.08, -5.5, 0.62061, 6, -0.88, -5.5, 0.37939, 2, 4, 25.68, -5.5, 0.65664, 5, -1.29, -5.5, 0.34336 ],
					"hull": 18
				}
			},
			"Emoji": {
				"Emoji/new/emo_22": { "width": 98, "height": 106 },
				"Emoji/new/emo_27": { "y": 0.5, "width": 96, "height": 89 },
				"Emoji/new/emo_50": { "width": 72, "height": 79 }
			},
			"feeling_1": {
				"cham_than": { "x": 0.5, "y": 0.5, "width": 17, "height": 57 },
				"run": { "rotation": 20.55, "width": 13, "height": 27 },
				"thank": { "y": 0.5, "width": 197, "height": 18 }
			},
			"feeling_2": {
				"giat_minh": { "x": 0.5, "y": 0.5, "width": 70, "height": 66 },
				"mo_hoi": { "x": 0.5, "y": 0.5, "width": 19, "height": 41 }
			},
			"feeling_3": {
				"cham_than": { "x": -18.07, "y": -0.4, "rotation": -96.51, "width": 17, "height": 57 },
				"mo_hoi": { "x": -18.07, "y": -0.4, "rotation": -96.51, "width": 19, "height": 41 }
			},
			"feeling_4": {
				"run": { "x": -0.36, "y": 7.5, "rotation": -89.44, "width": 13, "height": 27 }
			},
			"feeling_5": {
				"run": { "x": -0.36, "y": 7.5, "rotation": -89.44, "width": 13, "height": 27 },
				"scare": { "y": 0.5, "width": 80, "height": 83 }
			},
			"head": {
				"head": { "x": 68.85, "rotation": -89.87, "width": 144, "height": 144 },
				"head_7": { "x": 65.26, "y": -3.78, "rotation": -89.46, "width": 144, "height": 144 }
			},
			"shoulder1": {
				"shoulder": { "x": 49.22, "rotation": -90, "width": 15, "height": 105 }
			},
			"shoulder2": {
				"shoulder": { "x": 49.22, "rotation": -90, "width": 15, "height": 105 }
			},
			"shoulder3": {
				"shoulder": { "x": 49.22, "rotation": -90, "width": 15, "height": 105 }
			},
			"shoulder4": {
				"shoulder": { "x": 50.57, "rotation": -90, "width": 15, "height": 105 }
			},
			"thigh": {
				"thigh": { "x": 66.01, "rotation": -90, "width": 14, "height": 137 }
			},
			"thigh2": {
				"thigh": { "x": 66.01, "rotation": -90, "width": 14, "height": 137 }
			},
			"thigh3": {
				"thigh": { "x": 66.01, "rotation": -90, "width": 14, "height": 137 }
			},
			"thigh4": {
				"thigh": { "x": 66.01, "rotation": -90, "width": 14, "height": 137 }
			}
		}
	}
],
"animations": {
	"t_281_1_be": {
		"slots": {
			"body": {
				"rgba": [
					{ "color": "000000ff" }
				]
			},
			"Emoji": {
				"attachment": [
					{ "name": "Emoji/new/emo_50" }
				]
			},
			"feeling_1": {
				"attachment": [
					{ "name": "run" }
				]
			},
			"feeling_2": {
				"attachment": [
					{ "name": "mo_hoi" }
				]
			},
			"feeling_3": {
				"rgba": [
					{ "color": "ffffffff" }
				],
				"attachment": [
					{ "name": "mo_hoi" }
				]
			},
			"feeling_4": {
				"attachment": [
					{ "name": "run" }
				]
			},
			"feeling_5": {
				"attachment": [
					{ "name": "run" }
				]
			},
			"hair": {
				"attachment": [
					{}
				]
			},
			"head": {
				"rgba": [
					{ "color": "ffffffff" }
				],
				"attachment": [
					{ "name": "head_7" }
				]
			},
			"shoulder1": {
				"rgba": [
					{ "color": "000000ff" }
				],
				"attachment": [
					{}
				]
			},
			"shoulder2": {
				"rgba": [
					{ "color": "000000ff" }
				],
				"attachment": [
					{}
				]
			},
			"shoulder3": {
				"rgba": [
					{ "color": "000000ff" }
				],
				"attachment": [
					{ "name": "shoulder" }
				]
			},
			"shoulder4": {
				"rgba": [
					{ "color": "000000ff" }
				],
				"attachment": [
					{ "name": "shoulder" }
				]
			},
			"thigh": {
				"rgba": [
					{ "color": "000000ff" }
				]
			},
			"thigh2": {
				"rgba": [
					{ "color": "000000ff" }
				]
			},
			"thigh3": {
				"rgba": [
					{ "color": "000000ff" }
				]
			},
			"thigh4": {
				"rgba": [
					{ "color": "000000ff" }
				]
			}
		},
		"bones": {
			"head": {
				"rotate": [
					{ "value": 16.57 }
				],
				"translate": [
					{ "x": -23.75, "y": -32.91 }
				],
				"scale": [
					{}
				]
			},
			"root": {
				"rotate": [
					{}
				],
				"translate": [
					{}
				]
			},
			"main": {
				"rotate": [
					{ "value": -15.61 }
				],
				"translate": [
					{ "x": 9.66, "y": -55.93 }
				]
			},
			"hip": {
				"rotate": [
					{}
				],
				"translate": [
					{}
				]
			},
			"feeling_3": {
				"rotate": [
					{ "value": -17.49 }
				],
				"translate": [
					{ "x": -42.94, "y": 9.87 }
				],
				"scale": [
					{ "x": 0.715, "y": 0.715 }
				]
			},
			"emoji": {
				"rotate": [
					{ "value": -7.12 }
				],
				"translate": [
					{ "x": 11.88, "y": -27.37 }
				],
				"scale": [
					{ "x": 1.27, "y": 1.27 }
				]
			},
			"shouder_1": {
				"rotate": [
					{ "value": -43.62 }
				],
				"translate": [
					{ "x": 14.38, "y": -3.41 }
				],
				"scale": [
					{}
				],
				"shear": [
					{}
				]
			},
			"arm_1": {
				"rotate": [
					{ "value": 25.92 }
				],
				"translate": [
					{ "x": 2.02, "y": 0.08 }
				],
				"scale": [
					{}
				]
			},
			"shouder_2": {
				"rotate": [
					{ "value": 62.7 }
				],
				"translate": [
					{ "x": 16.74, "y": -2.11 }
				],
				"scale": [
					{}
				]
			},
			"arm_2": {
				"rotate": [
					{ "value": 24.85 }
				],
				"translate": [
					{}
				],
				"scale": [
					{}
				]
			},
			"thigh_1": {
				"rotate": [
					{ "value": -44.84 }
				],
				"translate": [
					{}
				],
				"scale": [
					{}
				]
			},
			"leg_1": {
				"rotate": [
					{ "value": 45.63 }
				],
				"translate": [
					{}
				],
				"scale": [
					{}
				]
			},
			"thigh_2": {
				"rotate": [
					{ "value": -37.54 }
				],
				"translate": [
					{}
				],
				"scale": [
					{}
				]
			},
			"leg_2": {
				"rotate": [
					{ "value": 38.6 }
				],
				"translate": [
					{}
				],
				"scale": [
					{}
				]
			},
			"foot_2": {
				"rotate": [
					{ "value": -1.35 }
				],
				"translate": [
					{ "x": 72.79, "y": 2.05 }
				]
			},
			"foot_3": {
				"rotate": [
					{}
				],
				"translate": [
					{ "x": -110.83, "y": 3.42 }
				]
			},
			"feeling_5": {
				"rotate": [
					{ "value": -42.41 }
				],
				"translate": [
					{ "x": -136.78, "y": 130.71 }
				],
				"scale": [
					{ "x": 0.736, "y": 0.754 }
				]
			},
			"move": {
				"translate": [
					{ "x": 119.99 }
				],
				"scale": [
					{ "x": -1 }
				]
			},
			"feeling_1": {
				"rotate": [
					{ "value": 176.62 }
				],
				"translate": [
					{ "x": 12.43, "y": -114.62 }
				],
				"scale": [
					{ "x": 1.412, "y": 1.412 }
				]
			},
			"feeling_2": {
				"rotate": [
					{ "value": 1.51 }
				],
				"translate": [
					{ "x": -132.86, "y": -111.16 }
				],
				"scale": [
					{ "x": 0.826, "y": 0.826 }
				]
			},
			"body": {
				"rotate": [
					{ "value": 0.9 }
				]
			},
			"body2": {
				"rotate": [
					{ "value": 0.9 }
				]
			},
			"body3": {
				"rotate": [
					{ "value": 0.9 }
				]
			},
			"body4": {
				"rotate": [
					{ "value": 0.9 }
				]
			},
			"body5": {
				"rotate": [
					{ "value": 0.9 }
				]
			},
			"body6": {
				"rotate": [
					{ "value": 0.9 }
				]
			},
			"body7": {
				"rotate": [
					{ "value": 0.9 }
				]
			},
			"body8": {
				"rotate": [
					{ "value": 0.9 }
				]
			},
			"hair_1": {
				"rotate": [
					{ "value": 12.47 }
				],
				"translate": [
					{ "x": 175.99, "y": 552.39 }
				],
				"scale": [
					{ "x": -1.115, "y": 1.115 }
				]
			},
			"feeling_4": {
				"rotate": [
					{ "value": 164.79 }
				],
				"translate": [
					{ "x": -337.63, "y": 22.14 }
				]
			}
		},
		"ik": {
			"foot_1": [
				{ "bendPositive": false, "stretch": true }
			],
			"foot_2": [
				{ "bendPositive": false, "stretch": true }
			]
		},
		"drawOrder": [
			{
				"offsets": [
					{ "slot": "Emoji", "offset": 3 },
					{ "slot": "feeling_3", "offset": 3 }
				]
			}
		]
	},
	"t_281_1_lose": {
		"slots": {
			"body": {
				"rgba": [
					{ "color": "000000ff", "curve": "stepped" },
					{ "time": 1, "color": "000000ff" }
				]
			},
			"Emoji": {
				"attachment": [
					{ "name": "Emoji/new/emo_22" },
					{ "time": 1, "name": "Emoji/new/emo_22" }
				]
			},
			"feeling_1": {
				"attachment": [
					{ "name": "cham_than" },
					{ "time": 1, "name": "cham_than" }
				]
			},
			"feeling_2": {
				"attachment": [
					{ "name": "giat_minh" },
					{ "time": 1, "name": "giat_minh" }
				]
			},
			"feeling_3": {
				"rgba": [
					{ "color": "ffffffff", "curve": "stepped" },
					{ "time": 1, "color": "ffffffff" }
				],
				"attachment": [
					{ "name": "cham_than" },
					{ "time": 1, "name": "cham_than" }
				]
			},
			"feeling_5": {
				"rgba": [
					{ "color": "faff00ff", "curve": "stepped" },
					{ "time": 1, "color": "faff00ff" }
				],
				"attachment": [
					{ "name": "scare" },
					{ "time": 1, "name": "scare" }
				]
			},
			"hair": {
				"attachment": [
					{},
					{ "time": 1 }
				]
			},
			"head": {
				"rgba": [
					{ "color": "ffffffff", "curve": "stepped" },
					{ "time": 1, "color": "ffffffff" }
				],
				"attachment": [
					{ "name": "head_7" },
					{ "time": 1, "name": "head_7" }
				]
			},
			"item": {
				"attachment": [
					{},
					{ "time": 1 }
				]
			},
			"shoulder1": {
				"rgba": [
					{ "color": "000000ff", "curve": "stepped" },
					{ "time": 1, "color": "000000ff" }
				],
				"attachment": [
					{ "name": "shoulder" },
					{ "time": 1, "name": "shoulder" }
				]
			},
			"shoulder2": {
				"rgba": [
					{ "color": "000000ff", "curve": "stepped" },
					{ "time": 1, "color": "000000ff" }
				],
				"attachment": [
					{ "name": "shoulder" },
					{ "time": 1, "name": "shoulder" }
				]
			},
			"shoulder3": {
				"rgba": [
					{ "color": "000000ff", "curve": "stepped" },
					{ "time": 1, "color": "000000ff" }
				],
				"attachment": [
					{ "name": "shoulder" },
					{ "time": 1, "name": "shoulder" }
				]
			},
			"shoulder4": {
				"rgba": [
					{ "color": "000000ff", "curve": "stepped" },
					{ "time": 1, "color": "000000ff" }
				],
				"attachment": [
					{ "name": "shoulder" },
					{ "time": 1, "name": "shoulder" }
				]
			},
			"thigh": {
				"rgba": [
					{ "color": "000000ff", "curve": "stepped" },
					{ "time": 1, "color": "000000ff" }
				]
			},
			"thigh2": {
				"rgba": [
					{ "color": "000000ff", "curve": "stepped" },
					{ "time": 1, "color": "000000ff" }
				]
			},
			"thigh3": {
				"rgba": [
					{ "color": "000000ff", "curve": "stepped" },
					{ "time": 1, "color": "000000ff" }
				]
			},
			"thigh4": {
				"rgba": [
					{ "color": "000000ff", "curve": "stepped" },
					{ "time": 1, "color": "000000ff" }
				]
			}
		},
		"bones": {
			"head": {
				"rotate": [
					{ "value": -14.19, "curve": "stepped" },
					{ "time": 1, "value": -14.19 }
				],
				"translate": [
					{ "x": -17.92, "y": 15.05, "curve": "stepped" },
					{ "time": 1, "x": -17.92, "y": 15.05 }
				],
				"scale": [
					{ "curve": "stepped" },
					{ "time": 1 }
				]
			},
			"root": {
				"rotate": [
					{ "curve": "stepped" },
					{ "time": 1 }
				],
				"translate": [
					{ "curve": "stepped" },
					{ "time": 1 }
				]
			},
			"main": {
				"rotate": [
					{ "value": 25.4, "curve": "stepped" },
					{ "time": 1, "value": 25.4 }
				],
				"translate": [
					{ "x": -1.44, "y": -53.95, "curve": "stepped" },
					{ "time": 1, "x": -1.44, "y": -53.95 }
				]
			},
			"hip": {
				"rotate": [
					{ "curve": "stepped" },
					{ "time": 1 }
				],
				"translate": [
					{ "curve": "stepped" },
					{ "time": 1 }
				]
			},
			"body": {
				"rotate": [
					{ "value": -2.79, "curve": "stepped" },
					{ "time": 1, "value": -2.79 }
				],
				"translate": [
					{ "curve": "stepped" },
					{ "time": 1 }
				]
			},
			"body2": {
				"rotate": [
					{ "value": -2.79, "curve": "stepped" },
					{ "time": 1, "value": -2.79 }
				],
				"translate": [
					{ "curve": "stepped" },
					{ "time": 1 }
				]
			},
			"body3": {
				"rotate": [
					{ "value": -2.79, "curve": "stepped" },
					{ "time": 1, "value": -2.79 }
				],
				"translate": [
					{ "curve": "stepped" },
					{ "time": 1 }
				]
			},
			"body4": {
				"rotate": [
					{ "value": -3.7, "curve": "stepped" },
					{ "time": 1, "value": -3.7 }
				],
				"translate": [
					{ "curve": "stepped" },
					{ "time": 1 }
				]
			},
			"body5": {
				"rotate": [
					{ "value": -5.77, "curve": "stepped" },
					{ "time": 1, "value": -5.77 }
				],
				"translate": [
					{ "curve": "stepped" },
					{ "time": 1 }
				]
			},
			"body6": {
				"rotate": [
					{ "value": -2.21, "curve": "stepped" },
					{ "time": 1, "value": -2.21 }
				],
				"translate": [
					{ "curve": "stepped" },
					{ "time": 1 }
				]
			},
			"body7": {
				"rotate": [
					{ "value": -2.79, "curve": "stepped" },
					{ "time": 1, "value": -2.79 }
				],
				"translate": [
					{ "curve": "stepped" },
					{ "time": 1 }
				]
			},
			"body8": {
				"rotate": [
					{ "value": -2.79, "curve": "stepped" },
					{ "time": 1, "value": -2.79 }
				],
				"translate": [
					{ "curve": "stepped" },
					{ "time": 1 }
				]
			},
			"feeling_3": {
				"rotate": [
					{ "value": 10.83, "curve": "stepped" },
					{ "time": 1, "value": 10.83 }
				],
				"translate": [
					{ "x": 136.43, "y": -80.27, "curve": "stepped" },
					{ "time": 1, "x": 136.43, "y": -80.27 }
				],
				"scale": [
					{ "x": 1.443, "y": 1.443, "curve": "stepped" },
					{ "time": 1, "x": 1.443, "y": 1.443 }
				]
			},
			"emoji": {
				"rotate": [
					{ "value": -3.75, "curve": "stepped" },
					{ "time": 1, "value": -3.75 }
				],
				"translate": [
					{ "x": 5.51, "y": 6.28, "curve": "stepped" },
					{ "time": 1, "x": 5.51, "y": 6.28 }
				],
				"scale": [
					{ "x": 1.029, "y": 1.029, "curve": "stepped" },
					{ "time": 1, "x": 1.029, "y": 1.029 }
				]
			},
			"shouder_1": {
				"rotate": [
					{ "value": 177.01, "curve": "stepped" },
					{ "time": 1, "value": 177.01 }
				],
				"translate": [
					{ "x": 8.81, "y": 1.96, "curve": "stepped" },
					{ "time": 1, "x": 8.81, "y": 1.96 }
				],
				"scale": [
					{ "curve": "stepped" },
					{ "time": 1 }
				],
				"shear": [
					{ "curve": "stepped" },
					{ "time": 1 }
				]
			},
			"arm_1": {
				"rotate": [
					{ "value": -19.08, "curve": "stepped" },
					{ "time": 1, "value": -19.08 }
				],
				"translate": [
					{ "x": 2.02, "y": 0.08, "curve": "stepped" },
					{ "time": 1, "x": 2.02, "y": 0.08 }
				],
				"scale": [
					{ "curve": "stepped" },
					{ "time": 1 }
				]
			},
			"shouder_2": {
				"rotate": [
					{ "value": 8.74, "curve": "stepped" },
					{ "time": 1, "value": 8.74 }
				],
				"translate": [
					{ "x": 7.78, "y": -0.12, "curve": "stepped" },
					{ "time": 1, "x": 7.78, "y": -0.12 }
				],
				"scale": [
					{ "curve": "stepped" },
					{ "time": 1 }
				]
			},
			"arm_2": {
				"rotate": [
					{ "value": -10.95, "curve": "stepped" },
					{ "time": 1, "value": -10.95 }
				],
				"translate": [
					{ "curve": "stepped" },
					{ "time": 1 }
				],
				"scale": [
					{ "curve": "stepped" },
					{ "time": 1 }
				]
			},
			"thigh_1": {
				"rotate": [
					{ "value": -44.84, "curve": "stepped" },
					{ "time": 1, "value": -44.84 }
				],
				"translate": [
					{ "curve": "stepped" },
					{ "time": 1 }
				]
			},
			"leg_1": {
				"rotate": [
					{ "value": 45.63, "curve": "stepped" },
					{ "time": 1, "value": 45.63 }
				],
				"translate": [
					{ "curve": "stepped" },
					{ "time": 1 }
				]
			},
			"thigh_2": {
				"rotate": [
					{ "value": -37.54, "curve": "stepped" },
					{ "time": 1, "value": -37.54 }
				],
				"translate": [
					{ "curve": "stepped" },
					{ "time": 1 }
				],
				"scale": [
					{ "curve": "stepped" },
					{ "time": 1 }
				]
			},
			"leg_2": {
				"rotate": [
					{ "value": 38.6, "curve": "stepped" },
					{ "time": 1, "value": 38.6 }
				],
				"translate": [
					{ "curve": "stepped" },
					{ "time": 1 }
				]
			},
			"foot_2": {
				"rotate": [
					{ "value": -1.35, "curve": "stepped" },
					{ "time": 1, "value": -1.35 }
				],
				"translate": [
					{ "x": -121.22, "y": 6.36, "curve": "stepped" },
					{ "time": 1, "x": -121.22, "y": 6.36 }
				]
			},
			"foot_3": {
				"rotate": [
					{ "curve": "stepped" },
					{ "time": 1 }
				],
				"translate": [
					{ "x": 190.56, "y": 81.39, "curve": "stepped" },
					{ "time": 1, "x": 190.56, "y": 81.39 }
				]
			},
			"feeling_5": {
				"rotate": [
					{ "value": -56.46, "curve": "stepped" },
					{ "time": 1, "value": -56.46 }
				],
				"translate": [
					{ "x": -241.53, "y": -81.42, "curve": "stepped" },
					{ "time": 1, "x": -241.53, "y": -81.42 }
				],
				"scale": [
					{ "x": 0.434, "y": 0.784, "curve": "stepped" },
					{ "time": 0.1, "x": 0.836, "y": 1.512, "curve": "stepped" },
					{ "time": 0.2, "x": 0.434, "y": 0.784, "curve": "stepped" },
					{ "time": 0.2667, "x": 0.434, "y": 0.784, "curve": "stepped" },
					{ "time": 0.3667, "x": 0.836, "y": 1.512, "curve": "stepped" },
					{ "time": 0.4667, "x": 0.434, "y": 0.784, "curve": "stepped" },
					{ "time": 0.5333, "x": 0.434, "y": 0.784, "curve": "stepped" },
					{ "time": 0.6333, "x": 0.836, "y": 1.512, "curve": "stepped" },
					{ "time": 0.7333, "x": 0.434, "y": 0.784, "curve": "stepped" },
					{ "time": 1, "x": 0.434, "y": 0.784 }
				]
			},
			"move": {
				"translate": [
					{ "x": 118.26, "y": -0.27, "curve": "stepped" },
					{ "time": 1, "x": 118.26, "y": -0.27 }
				],
				"scale": [
					{ "x": -1, "curve": "stepped" },
					{ "time": 1, "x": -1 }
				]
			},
			"feeling_1": {
				"rotate": [
					{ "value": -16.56, "curve": "stepped" },
					{ "time": 1, "value": -16.56 }
				],
				"translate": [
					{ "x": 92.18, "y": -66.46, "curve": "stepped" },
					{ "time": 1, "x": 92.18, "y": -66.46 }
				],
				"scale": [
					{ "x": 1.33, "y": 1.33, "curve": "stepped" },
					{ "time": 1, "x": 1.33, "y": 1.33 }
				]
			},
			"feeling_2": {
				"rotate": [
					{ "value": 126.88, "curve": "stepped" },
					{ "time": 1, "value": 126.88 }
				],
				"translate": [
					{ "x": -83.57, "y": -82.64, "curve": "stepped" },
					{ "time": 1, "x": -83.57, "y": -82.64 }
				],
				"scale": [
					{ "x": 1.189, "y": 1.189, "curve": "stepped" },
					{ "time": 1, "x": 1.189, "y": 1.189 }
				]
			},
			"item_1": {
				"rotate": [
					{ "value": -15.73, "curve": "stepped" },
					{ "time": 1, "value": -15.73 }
				],
				"translate": [
					{ "x": -26.86, "y": 98.45, "curve": "stepped" },
					{ "time": 1, "x": -26.86, "y": 98.45 }
				],
				"scale": [
					{ "x": 0.696, "y": 0.696, "curve": "stepped" },
					{ "time": 1, "x": 0.696, "y": 0.696 }
				]
			},
			"hair_1": {
				"rotate": [
					{ "value": -10.09, "curve": "stepped" },
					{ "time": 1, "value": -10.09 }
				],
				"translate": [
					{ "x": 178.39, "y": 555.16, "curve": "stepped" },
					{ "time": 1, "x": 178.39, "y": 555.16 }
				],
				"scale": [
					{ "x": 1.134, "y": 1.134, "curve": "stepped" },
					{ "time": 1, "x": 1.134, "y": 1.134 }
				]
			}
		},
		"ik": {
			"foot_1": [
				{
					"stretch": true,
					"curve": [ 0.25, 1, 0.75, 1, 0.25, 0, 0.75, 0 ]
				},
				{ "time": 1, "stretch": true }
			],
			"foot_2": [
				{
					"stretch": true,
					"curve": [ 0.25, 1, 0.75, 1, 0.25, 0, 0.75, 0 ]
				},
				{ "time": 1, "stretch": true }
			]
		},
		"drawOrder": [
			{
				"offsets": [
					{ "slot": "item", "offset": 16 },
					{ "slot": "shoulder2", "offset": 11 },
					{ "slot": "feeling_5", "offset": 3 },
					{ "slot": "feeling_1", "offset": -6 }
				]
			},
			{
				"time": 1,
				"offsets": [
					{ "slot": "item", "offset": 16 },
					{ "slot": "shoulder2", "offset": 11 },
					{ "slot": "feeling_5", "offset": 3 },
					{ "slot": "feeling_1", "offset": -6 }
				]
			}
		]
	},
	"t_281_1_win": {
		"slots": {
			"body": {
				"rgba": [
					{ "color": "000000ff" }
				]
			},
			"Emoji": {
				"attachment": [
					{ "name": "Emoji/new/emo_27" }
				]
			},
			"feeling_1": {
				"rgba": [
					{ "color": "ffffffff" }
				],
				"attachment": [
					{ "name": "thank" }
				]
			},
			"feeling_2": {
				"attachment": [
					{ "name": "giat_minh" }
				]
			},
			"feeling_3": {
				"attachment": [
					{}
				]
			},
			"feeling_5": {
				"attachment": [
					{}
				]
			},
			"hair": {
				"attachment": [
					{}
				]
			},
			"head": {
				"rgba": [
					{ "color": "ffffffff" }
				],
				"attachment": [
					{ "name": "head_7" }
				]
			},
			"shoulder1": {
				"rgba": [
					{ "color": "000000ff" }
				],
				"attachment": [
					{ "name": "shoulder" }
				]
			},
			"shoulder2": {
				"rgba": [
					{ "color": "000000ff" }
				],
				"attachment": [
					{ "name": "shoulder" }
				]
			},
			"shoulder3": {
				"rgba": [
					{ "color": "000000ff" }
				],
				"attachment": [
					{ "name": "shoulder" }
				]
			},
			"shoulder4": {
				"rgba": [
					{ "color": "000000ff" }
				],
				"attachment": [
					{ "name": "shoulder" }
				]
			},
			"thigh": {
				"rgba": [
					{ "color": "000000ff" }
				]
			},
			"thigh2": {
				"rgba": [
					{ "color": "000000ff" }
				]
			},
			"thigh3": {
				"rgba": [
					{ "color": "000000ff" }
				]
			},
			"thigh4": {
				"rgba": [
					{ "color": "000000ff" }
				]
			}
		},
		"bones": {
			"head": {
				"rotate": [
					{ "value": -3.44 }
				],
				"translate": [
					{ "x": -5.09, "y": -2.64 }
				],
				"scale": [
					{}
				]
			},
			"root": {
				"rotate": [
					{}
				],
				"translate": [
					{}
				]
			},
			"main": {
				"rotate": [
					{ "value": -0.77 }
				],
				"translate": [
					{ "x": 1.92, "y": -15.14 }
				]
			},
			"hip": {
				"rotate": [
					{}
				],
				"translate": [
					{}
				]
			},
			"body": {
				"rotate": [
					{ "value": -0.98 }
				],
				"translate": [
					{}
				],
				"scale": [
					{}
				]
			},
			"body2": {
				"rotate": [
					{ "value": -0.98 }
				],
				"translate": [
					{}
				],
				"scale": [
					{}
				]
			},
			"body3": {
				"rotate": [
					{ "value": -0.98 }
				],
				"translate": [
					{}
				],
				"scale": [
					{}
				]
			},
			"body4": {
				"rotate": [
					{ "value": -0.98 }
				],
				"translate": [
					{}
				],
				"scale": [
					{}
				]
			},
			"body5": {
				"rotate": [
					{ "value": -0.98 }
				],
				"translate": [
					{}
				],
				"scale": [
					{}
				]
			},
			"body6": {
				"rotate": [
					{ "value": -0.98 }
				],
				"translate": [
					{}
				],
				"scale": [
					{}
				]
			},
			"body7": {
				"rotate": [
					{ "value": -0.98 }
				],
				"translate": [
					{}
				],
				"scale": [
					{}
				]
			},
			"body8": {
				"rotate": [
					{ "value": -0.98 }
				],
				"translate": [
					{}
				],
				"scale": [
					{}
				]
			},
			"feeling_3": {
				"rotate": [
					{}
				],
				"translate": [
					{ "x": 105.35, "y": -122.37 }
				],
				"scale": [
					{ "x": 1.824, "y": 1.824 }
				]
			},
			"emoji": {
				"rotate": [
					{ "value": 4.53 }
				],
				"translate": [
					{ "x": 1.14, "y": -3.27 }
				],
				"scale": [
					{ "x": 1.021, "y": 1.021 }
				]
			},
			"shouder_1": {
				"rotate": [
					{ "value": 162.37 }
				],
				"translate": [
					{ "x": 26.17, "y": -2.05 }
				],
				"scale": [
					{ "x": 1.181 }
				]
			},
			"arm_1": {
				"rotate": [
					{ "value": -56.85 }
				],
				"translate": [
					{ "x": 2.02, "y": 0.08 }
				],
				"scale": [
					{}
				]
			},
			"shouder_2": {
				"rotate": [
					{ "value": 171.65 }
				],
				"translate": [
					{ "x": 28.43, "y": -3.23 }
				],
				"scale": [
					{ "x": 1.038 }
				]
			},
			"arm_2": {
				"rotate": [
					{ "value": 78.63 }
				],
				"translate": [
					{}
				],
				"scale": [
					{}
				]
			},
			"thigh_1": {
				"rotate": [
					{ "value": 24.72 }
				],
				"translate": [
					{}
				],
				"scale": [
					{}
				]
			},
			"leg_1": {
				"rotate": [
					{}
				],
				"translate": [
					{}
				]
			},
			"thigh_2": {
				"rotate": [
					{ "value": 39.21 }
				],
				"translate": [
					{}
				],
				"scale": [
					{}
				]
			},
			"leg_2": {
				"rotate": [
					{ "value": 18.14 }
				],
				"translate": [
					{}
				]
			},
			"foot_2": {
				"rotate": [
					{}
				],
				"translate": [
					{ "x": -73.76, "y": 100.26 }
				]
			},
			"foot_3": {
				"rotate": [
					{}
				],
				"translate": [
					{ "x": 29.68, "y": 1.5 }
				]
			},
			"feeling_5": {
				"rotate": [
					{}
				],
				"translate": [
					{ "x": 71.65, "y": 42.4 }
				]
			},
			"item_1": {
				"rotate": [
					{ "value": 4.93 }
				]
			},
			"move": {
				"translate": [
					{ "x": 119.99 }
				],
				"scale": [
					{ "x": -1 }
				]
			},
			"feeling_2": {
				"rotate": [
					{ "value": 83.74 }
				],
				"translate": [
					{ "x": -70.62, "y": -11.97 }
				],
				"scale": [
					{ "x": 0.912, "y": 0.912 }
				]
			},
			"feeling_1": {
				"rotate": [
					{ "value": 31.63 }
				],
				"translate": [
					{ "x": -111.74, "y": 62.42 }
				],
				"scale": [
					{ "x": 1.951, "y": 1.787 }
				]
			},
			"hair_1": {
				"rotate": [
					{ "value": 5.94 }
				],
				"translate": [
					{ "x": 144.43, "y": 556.33 }
				],
				"scale": [
					{ "x": 1.418, "y": 1.14 }
				]
			}
		},
		"ik": {
			"foot_1": [
				{ "stretch": true }
			],
			"foot_2": [
				{ "bendPositive": false, "stretch": true }
			]
		},
		"drawOrder": [
			{
				"offsets": [
					{ "slot": "shoulder1", "offset": 4 },
					{ "slot": "shoulder3", "offset": 4 },
					{ "slot": "shoulder2", "offset": 4 },
					{ "slot": "shoulder4", "offset": 12 },
					{ "slot": "feeling_1", "offset": -7 }
				]
			}
		]
	}
}
}