{"frames": [

{
	"filename": "ban",
	"frame": {"x":336,"y":1259,"w":320,"h":132},
	"rotated": false,
	"trimmed": true,
	"spriteSourceSize": {"x":7,"y":7,"w":320,"h":132},
	"sourceSize": {"w":334,"h":146}
},
{
	"filename": "ban_hot",
	"frame": {"x":1,"y":1252,"w":334,"h":146},
	"rotated": false,
	"trimmed": false,
	"spriteSourceSize": {"x":0,"y":0,"w":334,"h":146},
	"sourceSize": {"w":334,"h":146}
},
{
	"filename": "bg",
	"frame": {"x":1,"y":1,"w":39,"h":1250},
	"rotated": false,
	"trimmed": false,
	"spriteSourceSize": {"x":0,"y":0,"w":39,"h":1250},
	"sourceSize": {"w":39,"h":1250}
},
{
	"filename": "bg_cua",
	"frame": {"x":112,"y":1,"w":268,"h":499},
	"rotated": false,
	"trimmed": false,
	"spriteSourceSize": {"x":0,"y":0,"w":268,"h":499},
	"sourceSize": {"w":268,"h":499}
},
{
	"filename": "bi_ngo",
	"frame": {"x":381,"y":470,"w":137,"h":119},
	"rotated": false,
	"trimmed": false,
	"spriteSourceSize": {"x":0,"y":0,"w":137,"h":119},
	"sourceSize": {"w":137,"h":119}
},
{
	"filename": "con_ma",
	"frame": {"x":41,"y":940,"w":265,"h":293},
	"rotated": false,
	"trimmed": false,
	"spriteSourceSize": {"x":0,"y":0,"w":265,"h":293},
	"sourceSize": {"w":265,"h":293}
},
{
	"filename": "con_meo_cao",
	"frame": {"x":381,"y":286,"w":199,"h":183},
	"rotated": false,
	"trimmed": false,
	"spriteSourceSize": {"x":0,"y":0,"w":199,"h":183},
	"sourceSize": {"w":199,"h":183}
},
{
	"filename": "con_meo_den",
	"frame": {"x":581,"y":412,"w":151,"h":137},
	"rotated": false,
	"trimmed": false,
	"spriteSourceSize": {"x":0,"y":0,"w":151,"h":137},
	"sourceSize": {"w":151,"h":137}
},
{
	"filename": "con_nhen_1",
	"frame": {"x":573,"y":186,"w":79,"h":77},
	"rotated": false,
	"trimmed": false,
	"spriteSourceSize": {"x":0,"y":0,"w":79,"h":77},
	"sourceSize": {"w":79,"h":77}
},
{
	"filename": "cua_mo",
	"frame": {"x":41,"y":1,"w":70,"h":589},
	"rotated": false,
	"trimmed": false,
	"spriteSourceSize": {"x":0,"y":0,"w":70,"h":589},
	"sourceSize": {"w":70,"h":589}
},
{
	"filename": "cuon_lich",
	"frame": {"x":584,"y":550,"w":117,"h":133},
	"rotated": false,
	"trimmed": true,
	"spriteSourceSize": {"x":7,"y":7,"w":117,"h":133},
	"sourceSize": {"w":131,"h":147}
},
{
	"filename": "cuon_lich_hot",
	"frame": {"x":581,"y":264,"w":131,"h":147},
	"rotated": false,
	"trimmed": false,
	"spriteSourceSize": {"x":0,"y":0,"w":131,"h":147},
	"sourceSize": {"w":131,"h":147}
},
{
	"filename": "gio_keo_nhieu_keo",
	"frame": {"x":573,"y":1,"w":149,"h":184},
	"rotated": false,
	"trimmed": false,
	"spriteSourceSize": {"x":0,"y":0,"w":149,"h":184},
	"sourceSize": {"w":149,"h":184}
},
{
	"filename": "lo_suoi",
	"frame": {"x":336,"y":940,"w":355,"h":318},
	"rotated": false,
	"trimmed": false,
	"spriteSourceSize": {"x":0,"y":0,"w":355,"h":318},
	"sourceSize": {"w":355,"h":318}
},
{
	"filename": "mang_nhen",
	"frame": {"x":381,"y":1,"w":191,"h":284},
	"rotated": false,
	"trimmed": false,
	"spriteSourceSize": {"x":0,"y":0,"w":191,"h":284},
	"sourceSize": {"w":191,"h":284}
},
{
	"filename": "nen",
	"frame": {"x":657,"y":1259,"w":44,"h":88},
	"rotated": false,
	"trimmed": false,
	"spriteSourceSize": {"x":0,"y":0,"w":44,"h":88},
	"sourceSize": {"w":44,"h":88}
},
{
	"filename": "sofacheo",
	"frame": {"x":41,"y":591,"w":542,"h":348},
	"rotated": false,
	"trimmed": false,
	"spriteSourceSize": {"x":0,"y":0,"w":542,"h":348},
	"sourceSize": {"w":542,"h":348}
}],
"meta": {
	"app": "https://www.codeandweb.com/texturepacker",
	"version": "1.0",
	"image": "props.png",
	"format": "RGBA8888",
	"size": {"w":733,"h":1399},
	"scale": "1",
	"smartupdate": "$TexturePacker:SmartUpdate:38a2a653bd3ecc0a84f6262710beb795:366eae011f1eb855520dded2ed2b99f4:f4c39b94f5b79b4c461da96ae5609d50$"
}
}
