{
"skeleton": { "hash": "JXWsShf0FWQ", "spine": "4.1.24", "x": -388.28, "y": -425.09, "width": 724.41, "height": 1282.48 },
"bones": [
	{ "name": "root", "rotation": 0.2 },
	{ "name": "move", "parent": "root", "x": -119.99, "scaleX": -1 },
	{ "name": "main", "parent": "move", "y": 256.6 },
	{ "name": "hip", "parent": "main" },
	{ "name": "body", "parent": "hip", "length": 26.97, "rotation": 90 },
	{ "name": "body2", "parent": "body", "length": 26.97, "x": 26.97 },
	{ "name": "body3", "parent": "body2", "length": 26.97, "x": 26.97 },
	{ "name": "body4", "parent": "body3", "length": 26.97, "rotation": -0.06, "x": 26.97 },
	{ "name": "body5", "parent": "body4", "length": 26.97, "x": 26.97 },
	{ "name": "body6", "parent": "body5", "length": 26.97, "x": 26.97 },
	{ "name": "body7", "parent": "body6", "length": 26.97, "x": 26.97 },
	{ "name": "body8", "parent": "body7", "length": 26.97, "x": 26.97 },
	{ "name": "head", "parent": "body8", "length": 135.67, "x": 24.75 },
	{ "name": "feeling_3", "parent": "head", "rotation": -0.18, "x": 87.53, "y": 30.96 },
	{ "name": "emoji", "parent": "head", "rotation": -90, "x": 62, "y": 1.49 },
	{ "name": "shouder_1", "parent": "body7", "length": 100.06, "rotation": -90, "x": 15.39, "y": 0.02 },
	{ "name": "arm_1", "parent": "shouder_1", "length": 100.06, "x": 94.79 },
	{ "name": "shouder_2", "parent": "body7", "length": 100.06, "rotation": 90, "x": 15.39, "y": 0.02 },
	{ "name": "arm_2", "parent": "shouder_2", "length": 100.06, "x": 94.79 },
	{ "name": "thigh_1", "parent": "main", "length": 134.15, "rotation": -90, "x": -0.54, "y": 4.23 },
	{ "name": "leg_1", "parent": "thigh_1", "length": 134.15, "x": 128.14 },
	{ "name": "thigh_2", "parent": "main", "length": 134.15, "rotation": -90, "x": -0.1, "y": 4.23 },
	{ "name": "leg_2", "parent": "thigh_2", "length": 134.15, "x": 128.14 },
	{ "name": "foot_2", "parent": "move", "x": 0.16, "y": -2.18 },
	{ "name": "foot_3", "parent": "move", "x": 0.1, "y": -2.12 },
	{
		"name": "feeling_5",
		"parent": "head",
		"rotation": -0.18,
		"x": 87.53,
		"y": -25.11,
		"scaleX": 2,
		"scaleY": 2
	},
	{ "name": "item_1", "parent": "move", "x": -1.93, "y": 450.24 },
	{ "name": "feeling_1", "parent": "main", "rotation": -20.17, "x": 72.35, "y": 376.02 },
	{ "name": "feeling_2", "parent": "main", "rotation": -20.17, "x": 72.35, "y": 376.02 },
	{ "name": "hair_1", "parent": "main", "rotation": 0.07, "x": -120, "y": -254.77 },
	{
		"name": "feeling_4",
		"parent": "head",
		"rotation": -0.18,
		"x": 87.53,
		"y": -25.11,
		"scaleX": 2,
		"scaleY": 2
	},
	{ "name": "item_tay", "parent": "arm_2", "x": 101.01, "y": -1.25 }
],
"slots": [
	{ "name": "bg_gane_play", "bone": "root", "color": "ffffff4f" },
	{ "name": "item", "bone": "item_1" },
	{ "name": "body", "bone": "hip", "color": "000000ff", "attachment": "body" },
	{ "name": "shoulder1", "bone": "shouder_1", "color": "000000ff" },
	{ "name": "shoulder3", "bone": "shouder_2", "color": "000000ff" },
	{ "name": "shoulder2", "bone": "arm_1", "color": "000000ff" },
	{ "name": "shoulder4", "bone": "arm_2", "color": "000000ff" },
	{ "name": "thigh", "bone": "thigh_1", "color": "000000ff", "attachment": "thigh" },
	{ "name": "thigh3", "bone": "thigh_2", "color": "000000ff", "attachment": "thigh" },
	{ "name": "thigh2", "bone": "leg_1", "color": "000000ff", "attachment": "thigh" },
	{ "name": "thigh4", "bone": "leg_2", "color": "000000ff", "attachment": "thigh" },
	{ "name": "head", "bone": "head", "attachment": "head" },
	{ "name": "hair", "bone": "hair_1" },
	{ "name": "Emoji", "bone": "emoji" },
	{ "name": "feeling_3", "bone": "feeling_3", "color": "000000ff" },
	{ "name": "feeling_5", "bone": "feeling_5" },
	{ "name": "feeling_4", "bone": "feeling_4" },
	{ "name": "feeling_1", "bone": "feeling_1" },
	{ "name": "feeling_2", "bone": "feeling_2" },
	{ "name": "item_tay", "bone": "item_tay" }
],
"ik": [
	{
		"name": "foot_1",
		"bones": [ "thigh_1", "leg_1" ],
		"target": "foot_2",
		"mix": 0,
		"stretch": true
	},
	{
		"name": "foot_2",
		"order": 1,
		"bones": [ "thigh_2", "leg_2" ],
		"target": "foot_3",
		"mix": 0,
		"stretch": true
	}
],
"skins": [
	{
		"name": "default",
		"attachments": {
			"body": {
				"body": {
					"type": "mesh",
					"uvs": [ 1, 1, 0, 1, 0, 0.875, 0, 0.75, 0, 0.625, 0, 0.5, 0, 0.375, 0, 0.25, 0, 0.125, 0, 0, 1, 0, 1, 0.125, 1, 0.25, 1, 0.375, 1, 0.5, 1, 0.625, 1, 0.75, 1, 0.875 ],
					"triangles": [ 8, 9, 10, 11, 8, 10, 7, 8, 11, 12, 7, 11, 6, 7, 12, 13, 6, 12, 5, 6, 13, 14, 5, 13, 4, 5, 14, 15, 4, 14, 3, 4, 15, 16, 3, 15, 2, 3, 16, 17, 2, 16, 1, 2, 17, 0, 1, 17 ],
					"vertices": [ 1, 4, -1.7, -5.5, 1, 1, 4, -1.7, 5.5, 1, 2, 4, 25.68, 5.5, 0.70301, 5, -1.29, 5.5, 0.29699, 2, 5, 26.08, 5.5, 0.65569, 6, -0.88, 5.5, 0.34431, 2, 6, 26.49, 5.5, 0.55905, 7, -0.48, 5.5, 0.44095, 2, 7, 26.9, 5.5, 0.51367, 8, -0.07, 5.5, 0.48633, 2, 8, 27.3, 5.5, 0.41705, 9, 0.33, 5.5, 0.58295, 2, 9, 27.71, 5.5, 0.38565, 10, 0.74, 5.5, 0.61435, 2, 10, 28.11, 5.5, 0.36868, 11, 1.14, 5.5, 0.63132, 1, 11, 28.52, 5.5, 1, 1, 11, 28.52, -5.5, 1, 2, 10, 28.11, -5.5, 0.3064, 11, 1.14, -5.5, 0.6936, 2, 9, 27.71, -5.5, 0.40945, 10, 0.74, -5.5, 0.59055, 2, 8, 27.3, -5.5, 0.44404, 9, 0.33, -5.5, 0.55596, 2, 7, 26.9, -5.5, 0.52991, 8, -0.07, -5.5, 0.47009, 2, 6, 26.49, -5.5, 0.58474, 7, -0.48, -5.5, 0.41526, 2, 5, 26.08, -5.5, 0.62061, 6, -0.88, -5.5, 0.37939, 2, 4, 25.68, -5.5, 0.65664, 5, -1.29, -5.5, 0.34336 ],
					"hull": 18
				}
			},
			"Emoji": {
				"Emoji/emo_57_c": { "x": 0.5, "y": 0.5, "width": 101, "height": 101 },
				"Emoji/new/emo_21": { "x": 0.5, "width": 97, "height": 82 },
				"Emoji/new/emo_64": { "x": 0.5, "width": 79, "height": 92 }
			},
			"feeling_1": {
				"Emoji/hoi_cham": { "scaleX": 1.6014, "scaleY": 1.3256, "width": 30, "height": 52 },
				"giat_minh": { "width": 70, "height": 66 }
			},
			"feeling_2": {
				"Emoji/hoi_cham": { "width": 30, "height": 52 },
				"mo_hoi": { "x": 0.5, "y": 0.5, "width": 19, "height": 41 }
			},
			"feeling_3": {
				"cham_than": { "x": -18.07, "y": -0.4, "rotation": -96.51, "width": 17, "height": 57 }
			},
			"feeling_4": {
				"rung": { "x": 0.5, "width": 18, "height": 51 }
			},
			"feeling_5": {
				"scare": { "y": 0.5, "width": 80, "height": 83 }
			},
			"head": {
				"head": { "x": 68.85, "rotation": -89.87, "width": 144, "height": 144 },
				"head_7": { "x": 65.26, "y": -3.78, "rotation": -89.46, "width": 144, "height": 144 }
			},
			"shoulder1": {
				"shoulder": { "x": 49.22, "rotation": -90, "width": 15, "height": 105 }
			},
			"shoulder2": {
				"shoulder": { "x": 49.22, "rotation": -90, "width": 15, "height": 105 }
			},
			"shoulder3": {
				"shoulder": { "x": 49.22, "rotation": -90, "width": 15, "height": 105 }
			},
			"shoulder4": {
				"shoulder": { "x": 50.57, "rotation": -90, "width": 15, "height": 105 }
			},
			"thigh": {
				"thigh": { "x": 66.01, "rotation": -90, "width": 14, "height": 137 }
			},
			"thigh2": {
				"thigh": { "x": 66.01, "rotation": -90, "width": 14, "height": 137 }
			},
			"thigh3": {
				"thigh": { "x": 66.01, "rotation": -90, "width": 14, "height": 137 }
			},
			"thigh4": {
				"thigh": { "x": 66.01, "rotation": -90, "width": 14, "height": 137 }
			}
		}
	}
],
"animations": {
	"t_364_1_be": {
		"slots": {
			"body": {
				"rgba": [
					{ "color": "000000ff" }
				]
			},
			"Emoji": {
				"attachment": [
					{ "name": "Emoji/new/emo_21" }
				]
			},
			"feeling_1": {
				"attachment": [
					{ "name": "Emoji/hoi_cham" }
				]
			},
			"feeling_2": {
				"attachment": [
					{ "name": "Emoji/hoi_cham" }
				]
			},
			"feeling_3": {
				"rgba": [
					{ "color": "ffffffff" }
				],
				"attachment": [
					{}
				]
			},
			"feeling_5": {
				"attachment": [
					{}
				]
			},
			"hair": {
				"attachment": [
					{}
				]
			},
			"head": {
				"rgba": [
					{ "color": "ffffffff" }
				],
				"attachment": [
					{ "name": "head" }
				]
			},
			"item": {
				"attachment": [
					{}
				]
			},
			"shoulder1": {
				"rgba": [
					{ "color": "000000ff" }
				],
				"attachment": [
					{}
				]
			},
			"shoulder2": {
				"rgba": [
					{ "color": "000000ff" }
				],
				"attachment": [
					{}
				]
			},
			"shoulder3": {
				"rgba": [
					{ "color": "000000ff" }
				],
				"attachment": [
					{ "name": "shoulder" }
				]
			},
			"shoulder4": {
				"rgba": [
					{ "color": "000000ff" }
				],
				"attachment": [
					{ "name": "shoulder" }
				]
			},
			"thigh": {
				"rgba": [
					{ "color": "000000ff" }
				]
			},
			"thigh2": {
				"rgba": [
					{ "color": "000000ff" }
				]
			},
			"thigh3": {
				"rgba": [
					{ "color": "000000ff" }
				]
			},
			"thigh4": {
				"rgba": [
					{ "color": "000000ff" }
				]
			}
		},
		"bones": {
			"head": {
				"rotate": [
					{ "value": 9.3 }
				],
				"translate": [
					{ "x": -33.6, "y": -2.73 }
				],
				"scale": [
					{}
				]
			},
			"root": {
				"rotate": [
					{}
				],
				"translate": [
					{}
				]
			},
			"main": {
				"rotate": [
					{ "value": -28.94 }
				],
				"translate": [
					{ "x": -10.81, "y": -54.1 }
				]
			},
			"hip": {
				"rotate": [
					{}
				],
				"translate": [
					{}
				]
			},
			"body": {
				"rotate": [
					{ "value": 1.98 }
				],
				"translate": [
					{}
				],
				"scale": [
					{}
				]
			},
			"body2": {
				"rotate": [
					{ "value": 1.98 }
				],
				"translate": [
					{}
				],
				"scale": [
					{}
				]
			},
			"body3": {
				"rotate": [
					{ "value": 1.98 }
				],
				"translate": [
					{}
				],
				"scale": [
					{}
				]
			},
			"body4": {
				"rotate": [
					{ "value": 1.98 }
				],
				"translate": [
					{}
				],
				"scale": [
					{}
				]
			},
			"body5": {
				"rotate": [
					{ "value": 1.98 }
				],
				"translate": [
					{}
				],
				"scale": [
					{}
				]
			},
			"body6": {
				"rotate": [
					{ "value": 1.98 }
				],
				"translate": [
					{}
				],
				"scale": [
					{}
				]
			},
			"body7": {
				"rotate": [
					{ "value": 1.98 }
				],
				"translate": [
					{}
				],
				"scale": [
					{}
				]
			},
			"body8": {
				"rotate": [
					{ "value": 1.98 }
				],
				"translate": [
					{}
				],
				"scale": [
					{}
				]
			},
			"feeling_3": {
				"rotate": [
					{ "value": -163.98 }
				],
				"translate": [
					{ "x": -309.28, "y": -104.52 }
				],
				"scale": [
					{ "x": 1.381, "y": 1.381 }
				]
			},
			"emoji": {
				"rotate": [
					{ "value": 2.15 }
				],
				"translate": [
					{ "x": -1.87, "y": -1.83 }
				],
				"scale": [
					{ "x": -1.083, "y": 1.083 }
				]
			},
			"shouder_1": {
				"rotate": [
					{ "value": -114.08 }
				],
				"translate": [
					{ "x": 37.54, "y": -1.29 }
				],
				"scale": [
					{}
				]
			},
			"arm_1": {
				"rotate": [
					{ "value": -75.01 }
				],
				"translate": [
					{ "x": 2.02, "y": 0.08 }
				],
				"scale": [
					{}
				]
			},
			"shouder_2": {
				"rotate": [
					{ "value": 59.39 }
				],
				"translate": [
					{ "x": 17.01, "y": -1.1 }
				],
				"scale": [
					{}
				]
			},
			"arm_2": {
				"rotate": [
					{ "value": 29.05 }
				],
				"translate": [
					{}
				],
				"scale": [
					{}
				]
			},
			"thigh_1": {
				"rotate": [
					{ "value": 24.72 }
				],
				"translate": [
					{}
				],
				"scale": [
					{}
				]
			},
			"leg_1": {
				"rotate": [
					{}
				],
				"translate": [
					{}
				],
				"scale": [
					{}
				]
			},
			"thigh_2": {
				"rotate": [
					{ "value": 39.21 }
				],
				"translate": [
					{}
				],
				"scale": [
					{}
				]
			},
			"leg_2": {
				"rotate": [
					{ "value": 18.14 }
				],
				"translate": [
					{}
				]
			},
			"foot_2": {
				"rotate": [
					{}
				],
				"translate": [
					{ "x": -96.78, "y": 0.43 }
				]
			},
			"foot_3": {
				"rotate": [
					{}
				],
				"translate": [
					{ "x": 86.2, "y": 3.26 }
				]
			},
			"feeling_5": {
				"rotate": [
					{ "value": 4.05 }
				],
				"translate": [
					{ "x": -46.21, "y": 135.25 }
				],
				"scale": [
					{ "x": 0.865, "y": 0.865 }
				]
			},
			"item_1": {
				"rotate": [
					{ "value": -4.56 }
				],
				"translate": [
					{ "x": 119.63, "y": 41.07 }
				],
				"scale": [
					{ "x": -1.428, "y": 1.351 }
				]
			},
			"feeling_1": {
				"rotate": [
					{ "value": 48.33 }
				],
				"translate": [
					{ "x": -88.49, "y": -36.12 }
				],
				"scale": [
					{ "x": -0.525, "y": 0.525 }
				]
			},
			"move": {
				"translate": [
					{ "x": 119.99, "y": 0.12 }
				],
				"scale": [
					{}
				]
			},
			"feeling_2": {
				"rotate": [
					{ "value": 52.77 }
				],
				"translate": [
					{ "x": -234.88, "y": -96.36 }
				],
				"scale": [
					{ "x": -1.085, "y": 1.085 }
				]
			},
			"hair_1": {
				"rotate": [
					{ "value": -3.49 }
				],
				"translate": [
					{ "x": 132.15, "y": 580.18 }
				],
				"scale": [
					{ "x": -1.445, "y": 1.445 }
				]
			}
		},
		"ik": {
			"foot_1": [
				{ "bendPositive": false, "stretch": true }
			],
			"foot_2": [
				{ "bendPositive": false, "stretch": true }
			]
		},
		"drawOrder": [
			{
				"offsets": [
					{ "slot": "item", "offset": 10 },
					{ "slot": "feeling_5", "offset": 3 }
				]
			}
		]
	},
	"t_364_1_lose": {
		"slots": {
			"body": {
				"rgba": [
					{ "color": "000000ff", "curve": "stepped" },
					{ "time": 0.9667, "color": "000000ff" }
				]
			},
			"Emoji": {
				"rgba": [
					{ "color": "ff6b6bff", "curve": "stepped" },
					{ "time": 0.9667, "color": "ff6b6bff" }
				],
				"attachment": [
					{ "name": "Emoji/emo_57_c" },
					{ "time": 0.9667, "name": "Emoji/emo_57_c" }
				]
			},
			"feeling_1": {
				"attachment": [
					{ "name": "giat_minh" },
					{ "time": 0.9667, "name": "giat_minh" }
				]
			},
			"feeling_2": {
				"attachment": [
					{ "name": "mo_hoi" },
					{ "time": 0.9667, "name": "mo_hoi" }
				]
			},
			"feeling_3": {
				"rgba": [
					{ "color": "ff7575ff", "curve": "stepped" },
					{ "time": 0.9667, "color": "ff7575ff" }
				],
				"attachment": [
					{ "name": "cham_than" },
					{ "time": 0.9667, "name": "cham_than" }
				]
			},
			"feeling_5": {
				"rgba": [
					{ "color": "fffc00ff", "curve": "stepped" },
					{ "time": 0.9667, "color": "fffc00ff" }
				],
				"attachment": [
					{ "name": "scare" },
					{ "time": 0.9667, "name": "scare" }
				]
			},
			"hair": {
				"attachment": [
					{},
					{ "time": 0.9667 }
				]
			},
			"head": {
				"rgba": [
					{ "color": "ffffffff", "curve": "stepped" },
					{ "time": 0.9667, "color": "ffffffff" }
				],
				"attachment": [
					{ "name": "head_7" },
					{ "time": 0.9667, "name": "head_7" }
				]
			},
			"shoulder1": {
				"rgba": [
					{ "color": "000000ff", "curve": "stepped" },
					{ "time": 0.9667, "color": "000000ff" }
				],
				"attachment": [
					{ "name": "shoulder" },
					{ "time": 0.9667, "name": "shoulder" }
				]
			},
			"shoulder2": {
				"rgba": [
					{ "color": "000000ff", "curve": "stepped" },
					{ "time": 0.9667, "color": "000000ff" }
				],
				"attachment": [
					{ "name": "shoulder" },
					{ "time": 0.9667, "name": "shoulder" }
				]
			},
			"shoulder3": {
				"rgba": [
					{ "color": "000000ff", "curve": "stepped" },
					{ "time": 0.9667, "color": "000000ff" }
				],
				"attachment": [
					{ "name": "shoulder" },
					{ "time": 0.9667, "name": "shoulder" }
				]
			},
			"shoulder4": {
				"rgba": [
					{ "color": "ff0000ff", "curve": "stepped" },
					{ "time": 0.9667, "color": "ff0000ff" }
				],
				"attachment": [
					{ "name": "shoulder" },
					{ "time": 0.9667, "name": "shoulder" }
				]
			},
			"thigh": {
				"rgba": [
					{ "color": "000000ff", "curve": "stepped" },
					{ "time": 0.9667, "color": "000000ff" }
				]
			},
			"thigh2": {
				"rgba": [
					{ "color": "000000ff", "curve": "stepped" },
					{ "time": 0.9667, "color": "000000ff" }
				]
			},
			"thigh3": {
				"rgba": [
					{ "color": "000000ff", "curve": "stepped" },
					{ "time": 0.9667, "color": "000000ff" }
				]
			},
			"thigh4": {
				"rgba": [
					{ "color": "000000ff", "curve": "stepped" },
					{ "time": 0.9667, "color": "000000ff" }
				]
			}
		},
		"bones": {
			"head": {
				"rotate": [
					{ "value": -1.69, "curve": "stepped" },
					{ "time": 0.9667, "value": -1.69 }
				],
				"translate": [
					{ "x": -12.54, "y": -5.22, "curve": "stepped" },
					{ "time": 0.9667, "x": -12.54, "y": -5.22 }
				],
				"scale": [
					{ "x": 1.158, "curve": "stepped" },
					{ "time": 0.9667, "x": 1.158 }
				]
			},
			"root": {
				"rotate": [
					{ "curve": "stepped" },
					{ "time": 0.9667 }
				],
				"translate": [
					{ "curve": "stepped" },
					{ "time": 0.9667 }
				]
			},
			"main": {
				"rotate": [
					{ "value": 3.3, "curve": "stepped" },
					{ "time": 0.9667, "value": 3.3 }
				],
				"translate": [
					{ "x": 13.34, "y": -15.59, "curve": "stepped" },
					{ "time": 0.9667, "x": 13.34, "y": -15.59 }
				]
			},
			"hip": {
				"rotate": [
					{ "curve": "stepped" },
					{ "time": 0.9667 }
				],
				"translate": [
					{ "curve": "stepped" },
					{ "time": 0.9667 }
				]
			},
			"feeling_3": {
				"rotate": [
					{ "value": -23.28, "curve": "stepped" },
					{ "time": 0.9667, "value": -23.28 }
				],
				"translate": [
					{ "x": 98.48, "y": -136.8, "curve": "stepped" },
					{ "time": 0.9667, "x": 98.48, "y": -136.8 }
				],
				"scale": [
					{ "x": 1.395, "y": 1.395, "curve": "stepped" },
					{ "time": 0.9667, "x": 1.395, "y": 1.395 }
				]
			},
			"emoji": {
				"rotate": [
					{ "value": -4.83, "curve": "stepped" },
					{ "time": 0.9667, "value": -4.83 }
				],
				"translate": [
					{ "x": 26.32, "y": 28.06, "curve": "stepped" },
					{ "time": 0.9667, "x": 26.32, "y": 28.06 }
				],
				"scale": [
					{ "x": 1.142, "y": 1.316, "curve": "stepped" },
					{ "time": 0.9667, "x": 1.142, "y": 1.316 }
				]
			},
			"shouder_1": {
				"rotate": [
					{ "value": -0.13, "curve": "stepped" },
					{ "time": 0.9667, "value": -0.13 }
				],
				"translate": [
					{ "x": 27.11, "y": -3.02, "curve": "stepped" },
					{ "time": 0.9667, "x": 27.11, "y": -3.02 }
				],
				"scale": [
					{ "curve": "stepped" },
					{ "time": 0.9667 }
				],
				"shear": [
					{ "curve": "stepped" },
					{ "time": 0.9667 }
				]
			},
			"arm_1": {
				"rotate": [
					{ "value": 71.08, "curve": "stepped" },
					{ "time": 0.9667, "value": 71.08 }
				],
				"translate": [
					{ "x": 2.02, "y": 0.08, "curve": "stepped" },
					{ "time": 0.9667, "x": 2.02, "y": 0.08 }
				],
				"scale": [
					{ "curve": "stepped" },
					{ "time": 0.9667 }
				]
			},
			"shouder_2": {
				"rotate": [
					{ "value": 19.17, "curve": "stepped" },
					{ "time": 0.9667, "value": 19.17 }
				],
				"translate": [
					{ "x": 31.28, "y": -4.8, "curve": "stepped" },
					{ "time": 0.9667, "x": 31.28, "y": -4.8 }
				],
				"scale": [
					{ "curve": "stepped" },
					{ "time": 0.9667 }
				]
			},
			"arm_2": {
				"rotate": [
					{ "value": -42.06, "curve": "stepped" },
					{ "time": 0.9667, "value": -42.06 }
				],
				"translate": [
					{ "x": 6.07, "y": 1.06, "curve": "stepped" },
					{ "time": 0.9667, "x": 6.07, "y": 1.06 }
				],
				"scale": [
					{ "x": 1.239, "curve": "stepped" },
					{ "time": 0.9667, "x": 1.239 }
				]
			},
			"thigh_1": {
				"rotate": [
					{ "value": -44.84, "curve": "stepped" },
					{ "time": 0.9667, "value": -44.84 }
				],
				"translate": [
					{ "curve": "stepped" },
					{ "time": 0.9667 }
				],
				"scale": [
					{ "curve": "stepped" },
					{ "time": 0.9667 }
				]
			},
			"leg_1": {
				"rotate": [
					{ "value": 45.63, "curve": "stepped" },
					{ "time": 0.9667, "value": 45.63 }
				],
				"translate": [
					{ "curve": "stepped" },
					{ "time": 0.9667 }
				],
				"scale": [
					{ "curve": "stepped" },
					{ "time": 0.9667 }
				]
			},
			"thigh_2": {
				"rotate": [
					{ "value": -37.54, "curve": "stepped" },
					{ "time": 0.9667, "value": -37.54 }
				],
				"translate": [
					{ "curve": "stepped" },
					{ "time": 0.9667 }
				],
				"scale": [
					{ "curve": "stepped" },
					{ "time": 0.9667 }
				]
			},
			"leg_2": {
				"rotate": [
					{ "value": 38.6, "curve": "stepped" },
					{ "time": 0.9667, "value": 38.6 }
				],
				"translate": [
					{ "curve": "stepped" },
					{ "time": 0.9667 }
				],
				"scale": [
					{ "curve": "stepped" },
					{ "time": 0.9667 }
				]
			},
			"foot_2": {
				"rotate": [
					{ "value": -1.35, "curve": "stepped" },
					{ "time": 0.9667, "value": -1.35 }
				],
				"translate": [
					{ "x": 39.03, "y": 3.94, "curve": "stepped" },
					{ "time": 0.9667, "x": 39.03, "y": 3.94 }
				]
			},
			"foot_3": {
				"rotate": [
					{ "curve": "stepped" },
					{ "time": 0.9667 }
				],
				"translate": [
					{ "x": -174.99, "y": 113.27, "curve": "stepped" },
					{ "time": 0.9667, "x": -174.99, "y": 113.27 }
				]
			},
			"feeling_5": {
				"rotate": [
					{ "value": 45.82, "curve": "stepped" },
					{ "time": 0.1, "value": -18.91, "curve": "stepped" },
					{ "time": 0.2, "value": 45.82, "curve": "stepped" },
					{ "time": 0.3667, "value": 45.82, "curve": "stepped" },
					{ "time": 0.4667, "value": -18.91, "curve": "stepped" },
					{ "time": 0.5667, "value": 45.82, "curve": "stepped" },
					{ "time": 0.7667, "value": 45.82, "curve": "stepped" },
					{ "time": 0.8667, "value": -18.91, "curve": "stepped" },
					{ "time": 0.9667, "value": 45.82 }
				],
				"translate": [
					{ "x": -107.84, "y": 137.44, "curve": "stepped" },
					{ "time": 0.9667, "x": -107.84, "y": 137.44 }
				],
				"scale": [
					{ "x": 1.008, "y": 0.583, "curve": "stepped" },
					{ "time": 0.1, "x": 1.827, "y": 1.056, "curve": "stepped" },
					{ "time": 0.2, "x": 1.008, "y": 0.583, "curve": "stepped" },
					{ "time": 0.3667, "x": 1.008, "y": 0.583, "curve": "stepped" },
					{ "time": 0.4667, "x": 1.827, "y": 1.056, "curve": "stepped" },
					{ "time": 0.5667, "x": 1.008, "y": 0.583, "curve": "stepped" },
					{ "time": 0.7667, "x": 1.008, "y": 0.583, "curve": "stepped" },
					{ "time": 0.8667, "x": 1.827, "y": 1.056, "curve": "stepped" },
					{ "time": 0.9667, "x": 1.008, "y": 0.583 }
				],
				"shear": [
					{ "curve": "stepped" },
					{ "time": 0.9667 }
				]
			},
			"move": {
				"translate": [
					{ "x": 119.99, "curve": "stepped" },
					{ "time": 0.9667, "x": 119.99 }
				],
				"scale": [
					{ "x": -1, "curve": "stepped" },
					{ "time": 0.9667, "x": -1 }
				]
			},
			"feeling_1": {
				"rotate": [
					{ "value": 136.35, "curve": "stepped" },
					{ "time": 0.9667, "value": 136.35 }
				],
				"translate": [
					{
						"x": -133.41,
						"y": -62.48,
						"curve": [ 0.242, -133.41, 0.725, -130.97, 0.242, -62.48, 0.725, -65.2 ]
					},
					{ "time": 0.9667, "x": -130.97, "y": -65.2 }
				],
				"scale": [
					{ "x": 0.998, "y": 0.998, "curve": "stepped" },
					{ "time": 0.9667, "x": 0.998, "y": 0.998 }
				]
			},
			"feeling_2": {
				"rotate": [
					{ "value": -139.69, "curve": "stepped" },
					{ "time": 0.9667, "value": -139.69 }
				],
				"translate": [
					{ "x": -82.22, "y": 32.01, "curve": "stepped" },
					{ "time": 0.9667, "x": -82.22, "y": 32.01 }
				],
				"scale": [
					{ "x": -0.901, "y": 1.386, "curve": "stepped" },
					{ "time": 0.9667, "x": -0.901, "y": 1.386 }
				]
			},
			"body": {
				"rotate": [
					{ "value": -1.36, "curve": "stepped" },
					{ "time": 0.9667, "value": -1.36 }
				]
			},
			"body2": {
				"rotate": [
					{ "value": -1.36, "curve": "stepped" },
					{ "time": 0.9667, "value": -1.36 }
				]
			},
			"body3": {
				"rotate": [
					{ "value": -1.36, "curve": "stepped" },
					{ "time": 0.9667, "value": -1.36 }
				]
			},
			"body4": {
				"rotate": [
					{ "value": -1.36, "curve": "stepped" },
					{ "time": 0.9667, "value": -1.36 }
				]
			},
			"body5": {
				"rotate": [
					{ "value": -1.36, "curve": "stepped" },
					{ "time": 0.9667, "value": -1.36 }
				]
			},
			"body6": {
				"rotate": [
					{ "value": -1.36, "curve": "stepped" },
					{ "time": 0.9667, "value": -1.36 }
				]
			},
			"body7": {
				"rotate": [
					{ "value": -1.36, "curve": "stepped" },
					{ "time": 0.9667, "value": -1.36 }
				]
			},
			"body8": {
				"rotate": [
					{ "value": -1.36, "curve": "stepped" },
					{ "time": 0.9667, "value": -1.36 }
				]
			},
			"hair_1": {
				"rotate": [
					{ "value": 10.09, "curve": "stepped" },
					{ "time": 0.9667, "value": 10.09 }
				],
				"translate": [
					{ "x": 219.72, "y": 519.41, "curve": "stepped" },
					{ "time": 0.9667, "x": 219.72, "y": 519.41 }
				],
				"scale": [
					{ "x": -1.351, "y": 1.351, "curve": "stepped" },
					{ "time": 0.9667, "x": -1.351, "y": 1.351 }
				]
			}
		},
		"ik": {
			"foot_1": [
				{
					"bendPositive": false,
					"stretch": true,
					"curve": [ 0.242, 1, 0.725, 1, 0.242, 0, 0.725, 0 ]
				},
				{ "time": 0.9667, "bendPositive": false, "stretch": true }
			],
			"foot_2": [
				{
					"stretch": true,
					"curve": [ 0.242, 1, 0.725, 1, 0.242, 0, 0.725, 0 ]
				},
				{ "time": 0.9667, "stretch": true }
			]
		},
		"drawOrder": [
			{
				"offsets": [
					{ "slot": "shoulder1", "offset": 4 },
					{ "slot": "shoulder2", "offset": 3 },
					{ "slot": "shoulder4", "offset": 7 },
					{ "slot": "feeling_5", "offset": 3 },
					{ "slot": "feeling_1", "offset": -5 }
				]
			},
			{
				"time": 0.9667,
				"offsets": [
					{ "slot": "shoulder1", "offset": 4 },
					{ "slot": "shoulder2", "offset": 3 },
					{ "slot": "shoulder4", "offset": 7 },
					{ "slot": "feeling_5", "offset": 3 },
					{ "slot": "feeling_1", "offset": -5 }
				]
			}
		]
	},
	"t_364_1_win": {
		"slots": {
			"body": {
				"rgba": [
					{ "color": "000000ff" }
				]
			},
			"Emoji": {
				"attachment": [
					{ "name": "Emoji/new/emo_64" }
				]
			},
			"feeling_1": {
				"attachment": [
					{}
				]
			},
			"feeling_2": {
				"attachment": [
					{}
				]
			},
			"feeling_3": {
				"rgba": [
					{ "color": "ffffffff" }
				],
				"attachment": [
					{}
				]
			},
			"feeling_4": {
				"attachment": [
					{ "name": "rung" }
				]
			},
			"feeling_5": {
				"rgba": [
					{ "color": "ffffffff" }
				],
				"attachment": [
					{}
				]
			},
			"hair": {
				"attachment": [
					{}
				]
			},
			"head": {
				"rgba": [
					{ "color": "ffffffff" }
				],
				"attachment": [
					{ "name": "head" }
				]
			},
			"item": {
				"attachment": [
					{}
				]
			},
			"shoulder1": {
				"rgba": [
					{ "color": "000000ff" }
				],
				"attachment": [
					{ "name": "shoulder" }
				]
			},
			"shoulder2": {
				"rgba": [
					{ "color": "000000ff" }
				],
				"attachment": [
					{ "name": "shoulder" }
				]
			},
			"shoulder3": {
				"rgba": [
					{ "color": "000000ff" }
				],
				"attachment": [
					{ "name": "shoulder" }
				]
			},
			"shoulder4": {
				"rgba": [
					{ "color": "000000ff" }
				],
				"attachment": [
					{ "name": "shoulder" }
				]
			},
			"thigh": {
				"rgba": [
					{ "color": "000000ff" }
				]
			},
			"thigh2": {
				"rgba": [
					{ "color": "000000ff" }
				]
			},
			"thigh3": {
				"rgba": [
					{ "color": "000000ff" }
				]
			},
			"thigh4": {
				"rgba": [
					{ "color": "000000ff" }
				]
			}
		},
		"bones": {
			"head": {
				"rotate": [
					{ "value": -10.92 }
				],
				"translate": [
					{ "x": -8.66, "y": 0.57 }
				],
				"scale": [
					{ "y": -1 }
				]
			},
			"root": {
				"rotate": [
					{}
				],
				"translate": [
					{}
				]
			},
			"main": {
				"rotate": [
					{ "value": -4.19 }
				],
				"translate": [
					{ "x": 13.16, "y": -15.03 }
				]
			},
			"hip": {
				"rotate": [
					{}
				],
				"translate": [
					{}
				]
			},
			"body": {
				"rotate": [
					{ "value": 2.08 }
				],
				"translate": [
					{}
				]
			},
			"body2": {
				"rotate": [
					{ "value": 2.08 }
				],
				"translate": [
					{}
				]
			},
			"body3": {
				"rotate": [
					{ "value": 2.08 }
				],
				"translate": [
					{}
				]
			},
			"body4": {
				"rotate": [
					{ "value": 1.16 }
				],
				"translate": [
					{}
				]
			},
			"body5": {
				"rotate": [
					{ "value": -0.9 }
				],
				"translate": [
					{}
				]
			},
			"body6": {
				"rotate": [
					{ "value": 2.65 }
				],
				"translate": [
					{}
				]
			},
			"body7": {
				"rotate": [
					{ "value": 2.08 }
				],
				"translate": [
					{}
				]
			},
			"body8": {
				"rotate": [
					{ "value": 2.08 }
				],
				"translate": [
					{}
				]
			},
			"feeling_3": {
				"rotate": [
					{ "value": -6.34 }
				],
				"translate": [
					{ "x": 97.68, "y": 48.18 }
				],
				"scale": [
					{ "x": 1.745, "y": 1.745 }
				]
			},
			"emoji": {
				"rotate": [
					{ "value": -6.03 }
				],
				"translate": [
					{ "x": 5.53, "y": -21.96 }
				],
				"scale": [
					{ "x": -1.067, "y": 1.067 }
				]
			},
			"shouder_1": {
				"rotate": [
					{ "value": 135.24 }
				],
				"translate": [
					{ "x": 15.27, "y": -2.15 }
				],
				"scale": [
					{}
				],
				"shear": [
					{}
				]
			},
			"arm_1": {
				"rotate": [
					{ "value": -38.62 }
				],
				"translate": [
					{ "x": 2.02, "y": 0.08 }
				],
				"scale": [
					{}
				]
			},
			"shouder_2": {
				"rotate": [
					{ "value": 108.21 }
				],
				"translate": [
					{ "x": 19.37, "y": 0.25 }
				],
				"scale": [
					{}
				]
			},
			"arm_2": {
				"rotate": [
					{ "value": -26.38 }
				],
				"translate": [
					{}
				],
				"scale": [
					{}
				]
			},
			"thigh_1": {
				"rotate": [
					{ "value": -44.84 }
				],
				"translate": [
					{}
				]
			},
			"leg_1": {
				"rotate": [
					{ "value": 45.63 }
				],
				"translate": [
					{}
				]
			},
			"thigh_2": {
				"rotate": [
					{ "value": -37.54 }
				],
				"translate": [
					{}
				],
				"scale": [
					{}
				]
			},
			"leg_2": {
				"rotate": [
					{ "value": 38.6 }
				],
				"translate": [
					{}
				]
			},
			"foot_2": {
				"rotate": [
					{ "value": -1.35 }
				],
				"translate": [
					{ "x": 67.01, "y": 4.5 }
				]
			},
			"foot_3": {
				"rotate": [
					{}
				],
				"translate": [
					{ "x": -50.19, "y": 1 }
				]
			},
			"feeling_5": {
				"rotate": [
					{ "value": -120.19 }
				],
				"translate": [
					{ "x": -31.55, "y": -30.85 }
				],
				"scale": [
					{ "x": 0.445, "y": 0.445 }
				]
			},
			"move": {
				"translate": [
					{ "x": 119.99, "y": -0.27 }
				],
				"scale": [
					{ "x": -1 }
				]
			},
			"feeling_1": {
				"rotate": [
					{ "value": 9.27 }
				],
				"translate": [
					{ "x": -127.18, "y": -93.43 }
				],
				"scale": [
					{ "x": -1.045, "y": 1.045 }
				]
			},
			"feeling_2": {
				"rotate": [
					{ "value": -2.4 }
				],
				"translate": [
					{ "x": 105.62, "y": -74.82 }
				],
				"scale": [
					{ "x": -1.602, "y": 1.602 }
				]
			},
			"item_1": {
				"rotate": [
					{ "value": -15.73 }
				],
				"translate": [
					{ "x": -26.86, "y": 98.45 }
				],
				"scale": [
					{ "x": 0.696, "y": 0.696 }
				]
			},
			"hair_1": {
				"rotate": [
					{ "value": -21.28 }
				],
				"translate": [
					{ "x": 166.73, "y": 561.26 }
				],
				"scale": [
					{ "x": 1.12, "y": 1.12 }
				]
			},
			"feeling_4": {
				"rotate": [
					{ "value": 79.34 }
				],
				"translate": [
					{ "x": 45.58, "y": -96.98 }
				],
				"scale": [
					{ "x": 0.433, "y": 0.433 }
				]
			}
		},
		"ik": {
			"foot_1": [
				{ "stretch": true }
			],
			"foot_2": [
				{ "stretch": true }
			]
		},
		"drawOrder": [
			{
				"offsets": [
					{ "slot": "item", "offset": 16 },
					{ "slot": "shoulder2", "offset": 11 },
					{ "slot": "feeling_5", "offset": 3 },
					{ "slot": "feeling_1", "offset": -6 }
				]
			}
		]
	}
}
}