{"frames": [

{
	"filename": "ao_1",
	"frame": {"x":1078,"y":377,"w":169,"h":179},
	"rotated": false,
	"trimmed": false,
	"spriteSourceSize": {"x":0,"y":0,"w":169,"h":179},
	"sourceSize": {"w":169,"h":179}
},
{
	"filename": "ao_2",
	"frame": {"x":1191,"y":1,"w":169,"h":206},
	"rotated": false,
	"trimmed": false,
	"spriteSourceSize": {"x":0,"y":0,"w":169,"h":206},
	"sourceSize": {"w":169,"h":206}
},
{
	"filename": "ao_rach",
	"frame": {"x":1248,"y":350,"w":92,"h":170},
	"rotated": false,
	"trimmed": false,
	"spriteSourceSize": {"x":0,"y":0,"w":92,"h":170},
	"sourceSize": {"w":92,"h":170}
},
{
	"filename": "bg_cua_hang",
	"frame": {"x":1,"y":1,"w":1076,"h":561},
	"rotated": false,
	"trimmed": false,
	"spriteSourceSize": {"x":0,"y":0,"w":1076,"h":561},
	"sourceSize": {"w":1076,"h":561}
},
{
	"filename": "bg_dat",
	"frame": {"x":1,"y":563,"w":1080,"h":27},
	"rotated": false,
	"trimmed": false,
	"spriteSourceSize": {"x":0,"y":0,"w":1080,"h":27},
	"sourceSize": {"w":1080,"h":27}
},
{
	"filename": "cuon_len",
	"frame": {"x":1191,"y":286,"w":83,"h":63},
	"rotated": false,
	"trimmed": true,
	"spriteSourceSize": {"x":7,"y":7,"w":83,"h":63},
	"sourceSize": {"w":97,"h":77}
},
{
	"filename": "cuon_len_hot",
	"frame": {"x":1191,"y":208,"w":96,"h":77},
	"rotated": false,
	"trimmed": true,
	"spriteSourceSize": {"x":0,"y":0,"w":96,"h":77},
	"sourceSize": {"w":97,"h":77}
},
{
	"filename": "ma_no_canh ",
	"frame": {"x":1078,"y":1,"w":112,"h":375},
	"rotated": false,
	"trimmed": false,
	"spriteSourceSize": {"x":0,"y":0,"w":112,"h":375},
	"sourceSize": {"w":112,"h":375}
},
{
	"filename": "mac_ao",
	"frame": {"x":1248,"y":521,"w":87,"h":59},
	"rotated": false,
	"trimmed": false,
	"spriteSourceSize": {"x":0,"y":0,"w":87,"h":59},
	"sourceSize": {"w":87,"h":59}
}],
"meta": {
	"app": "https://www.codeandweb.com/texturepacker",
	"version": "1.0",
	"image": "props.png",
	"format": "RGBA8888",
	"size": {"w":1361,"h":591},
	"scale": "1",
	"smartupdate": "$TexturePacker:SmartUpdate:c55214c4cb42b1c120e66159703c425c:8b1da8695c7e6be1d63500fb88305af4:f4c39b94f5b79b4c461da96ae5609d50$"
}
}
