{
"skeleton": { "hash": "4X12kWAb6SA", "spine": "4.1.24", "x": -388.28, "y": -425.09, "width": 724.41, "height": 1282.48 },
"bones": [
	{ "name": "root", "rotation": 0.2 },
	{ "name": "move", "parent": "root", "x": -119.99, "scaleX": -1 },
	{ "name": "main", "parent": "move", "y": 256.6 },
	{ "name": "hip", "parent": "main" },
	{ "name": "body", "parent": "hip", "length": 26.97, "rotation": 90 },
	{ "name": "body2", "parent": "body", "length": 26.97, "x": 26.97 },
	{ "name": "body3", "parent": "body2", "length": 26.97, "x": 26.97 },
	{ "name": "body4", "parent": "body3", "length": 26.97, "rotation": -0.06, "x": 26.97 },
	{ "name": "body5", "parent": "body4", "length": 26.97, "x": 26.97 },
	{ "name": "body6", "parent": "body5", "length": 26.97, "x": 26.97 },
	{ "name": "body7", "parent": "body6", "length": 26.97, "x": 26.97 },
	{ "name": "body8", "parent": "body7", "length": 26.97, "x": 26.97 },
	{ "name": "head", "parent": "body8", "length": 135.67, "x": 24.75 },
	{ "name": "feeling_3", "parent": "head", "rotation": -0.18, "x": 87.53, "y": 30.96 },
	{ "name": "emoji", "parent": "head", "rotation": -90, "x": 62, "y": 1.49 },
	{ "name": "shouder_1", "parent": "body7", "length": 100.06, "rotation": -90, "x": 15.39, "y": 0.02 },
	{ "name": "arm_1", "parent": "shouder_1", "length": 100.06, "x": 94.79 },
	{ "name": "shouder_2", "parent": "body7", "length": 100.06, "rotation": 90, "x": 15.39, "y": 0.02 },
	{ "name": "arm_2", "parent": "shouder_2", "length": 100.06, "x": 94.79 },
	{ "name": "thigh_1", "parent": "main", "length": 134.15, "rotation": -90, "x": -0.54, "y": 4.23 },
	{ "name": "leg_1", "parent": "thigh_1", "length": 134.15, "x": 128.14 },
	{ "name": "thigh_2", "parent": "main", "length": 134.15, "rotation": -90, "x": -0.1, "y": 4.23 },
	{ "name": "leg_2", "parent": "thigh_2", "length": 134.15, "x": 128.14 },
	{ "name": "foot_2", "parent": "move", "x": 0.16, "y": -2.18 },
	{ "name": "foot_3", "parent": "move", "x": 0.1, "y": -2.12 },
	{
		"name": "feeling_5",
		"parent": "head",
		"rotation": -0.18,
		"x": 87.53,
		"y": -25.11,
		"scaleX": 2,
		"scaleY": 2
	},
	{ "name": "item_1", "parent": "move", "x": -1.93, "y": 450.24 },
	{ "name": "feeling_1", "parent": "main", "rotation": -20.17, "x": 72.35, "y": 376.02 },
	{ "name": "feeling_2", "parent": "main", "rotation": -20.17, "x": 72.35, "y": 376.02 },
	{ "name": "hair_1", "parent": "main", "rotation": 0.07, "x": -120, "y": -254.77 },
	{
		"name": "feeling_4",
		"parent": "head",
		"rotation": -0.18,
		"x": 87.53,
		"y": -25.11,
		"scaleX": 2,
		"scaleY": 2
	},
	{ "name": "item_tay", "parent": "arm_2", "x": 101.01, "y": -1.25 }
],
"slots": [
	{ "name": "bg_gane_play", "bone": "root", "color": "ffffff4f" },
	{ "name": "item", "bone": "item_1" },
	{ "name": "body", "bone": "hip", "color": "000000ff", "attachment": "body" },
	{ "name": "shoulder1", "bone": "shouder_1", "color": "000000ff" },
	{ "name": "shoulder3", "bone": "shouder_2", "color": "000000ff" },
	{ "name": "shoulder2", "bone": "arm_1", "color": "000000ff" },
	{ "name": "shoulder4", "bone": "arm_2", "color": "000000ff" },
	{ "name": "thigh", "bone": "thigh_1", "color": "000000ff", "attachment": "thigh" },
	{ "name": "thigh3", "bone": "thigh_2", "color": "000000ff", "attachment": "thigh" },
	{ "name": "thigh2", "bone": "leg_1", "color": "000000ff", "attachment": "thigh" },
	{ "name": "thigh4", "bone": "leg_2", "color": "000000ff", "attachment": "thigh" },
	{ "name": "head", "bone": "head", "attachment": "head" },
	{ "name": "hair", "bone": "hair_1" },
	{ "name": "Emoji", "bone": "emoji" },
	{ "name": "feeling_3", "bone": "feeling_3", "color": "000000ff" },
	{ "name": "feeling_5", "bone": "feeling_5" },
	{ "name": "feeling_4", "bone": "feeling_4" },
	{ "name": "feeling_1", "bone": "feeling_1" },
	{ "name": "feeling_2", "bone": "feeling_2" },
	{ "name": "item_tay", "bone": "item_tay" }
],
"ik": [
	{
		"name": "foot_1",
		"bones": [ "thigh_1", "leg_1" ],
		"target": "foot_2",
		"mix": 0,
		"stretch": true
	},
	{
		"name": "foot_2",
		"order": 1,
		"bones": [ "thigh_2", "leg_2" ],
		"target": "foot_3",
		"mix": 0,
		"stretch": true
	}
],
"skins": [
	{
		"name": "default",
		"attachments": {
			"body": {
				"body": {
					"type": "mesh",
					"uvs": [ 1, 1, 0, 1, 0, 0.875, 0, 0.75, 0, 0.625, 0, 0.5, 0, 0.375, 0, 0.25, 0, 0.125, 0, 0, 1, 0, 1, 0.125, 1, 0.25, 1, 0.375, 1, 0.5, 1, 0.625, 1, 0.75, 1, 0.875 ],
					"triangles": [ 8, 9, 10, 11, 8, 10, 7, 8, 11, 12, 7, 11, 6, 7, 12, 13, 6, 12, 5, 6, 13, 14, 5, 13, 4, 5, 14, 15, 4, 14, 3, 4, 15, 16, 3, 15, 2, 3, 16, 17, 2, 16, 1, 2, 17, 0, 1, 17 ],
					"vertices": [ 1, 4, -1.7, -5.5, 1, 1, 4, -1.7, 5.5, 1, 2, 4, 25.68, 5.5, 0.70301, 5, -1.29, 5.5, 0.29699, 2, 5, 26.08, 5.5, 0.65569, 6, -0.88, 5.5, 0.34431, 2, 6, 26.49, 5.5, 0.55905, 7, -0.48, 5.5, 0.44095, 2, 7, 26.9, 5.5, 0.51367, 8, -0.07, 5.5, 0.48633, 2, 8, 27.3, 5.5, 0.41705, 9, 0.33, 5.5, 0.58295, 2, 9, 27.71, 5.5, 0.38565, 10, 0.74, 5.5, 0.61435, 2, 10, 28.11, 5.5, 0.36868, 11, 1.14, 5.5, 0.63132, 1, 11, 28.52, 5.5, 1, 1, 11, 28.52, -5.5, 1, 2, 10, 28.11, -5.5, 0.3064, 11, 1.14, -5.5, 0.6936, 2, 9, 27.71, -5.5, 0.40945, 10, 0.74, -5.5, 0.59055, 2, 8, 27.3, -5.5, 0.44404, 9, 0.33, -5.5, 0.55596, 2, 7, 26.9, -5.5, 0.52991, 8, -0.07, -5.5, 0.47009, 2, 6, 26.49, -5.5, 0.58474, 7, -0.48, -5.5, 0.41526, 2, 5, 26.08, -5.5, 0.62061, 6, -0.88, -5.5, 0.37939, 2, 4, 25.68, -5.5, 0.65664, 5, -1.29, -5.5, 0.34336 ],
					"hull": 18
				}
			},
			"Emoji": {
				"Emoji/emo_42": { "width": 90, "height": 74 },
				"Emoji/emo_74": { "x": 0.5, "y": 0.5, "scaleX": -1, "width": 90, "height": 95 },
				"Emoji/emo_96": { "y": 0.5, "width": 96, "height": 96 },
				"Emoji/new/emo_21_b": { "x": 0.5, "width": 97, "height": 82 },
				"Emoji/new/emo_64": { "x": 0.5, "width": 79, "height": 92 }
			},
			"feeling_1": {
				"cauco": { "y": 0.5, "width": 50, "height": 45 },
				"Emoji/hoi_cham": { "scaleX": 1.6014, "scaleY": 1.3256, "width": 30, "height": 52 },
				"run": { "rotation": 20.55, "width": 13, "height": 27 },
				"water_mouth": { "x": -5.38, "y": -14.51, "rotation": -31.72, "width": 23, "height": 50 }
			},
			"feeling_2": {
				"cham_than": { "x": 0.5, "y": 0.5, "width": 17, "height": 57 },
				"Emoji/hoi_cham": { "width": 30, "height": 52 }
			},
			"feeling_3": {
				"Emoji/hoi_cham": { "width": 30, "height": 52 },
				"giat_minh": { "rotation": -96.51, "width": 70, "height": 66 },
				"run": { "rotation": -89.44, "width": 13, "height": 27 }
			},
			"feeling_4": {
				"cham_than": { "x": 0.5, "y": 0.5, "rotation": -270, "width": 17, "height": 57 },
				"khoi": { "y": 0.5, "width": 153, "height": 107 }
			},
			"feeling_5": {
				"khoi": { "y": 0.5, "width": 153, "height": 107 },
				"mo_hoi": { "width": 19, "height": 41 }
			},
			"hair": {
				"hair/man/toc_8": { "x": 0.5, "width": 133, "height": 84 }
			},
			"head": {
				"head": { "x": 68.85, "rotation": -89.87, "width": 144, "height": 144 },
				"head_7": { "x": 65.26, "y": -3.78, "rotation": -89.46, "width": 144, "height": 144 }
			},
			"item": {
				"item/item_gay": { "x": 0.5, "width": 38, "height": 177 }
			},
			"shoulder1": {
				"shoulder": { "x": 49.22, "rotation": -90, "width": 15, "height": 105 }
			},
			"shoulder2": {
				"shoulder": { "x": 49.22, "rotation": -90, "width": 15, "height": 105 }
			},
			"shoulder3": {
				"shoulder": { "x": 49.22, "rotation": -90, "width": 15, "height": 105 }
			},
			"shoulder4": {
				"shoulder": { "x": 50.57, "rotation": -90, "width": 15, "height": 105 }
			},
			"thigh": {
				"thigh": { "x": 66.01, "rotation": -90, "width": 14, "height": 137 }
			},
			"thigh2": {
				"thigh": { "x": 66.01, "rotation": -90, "width": 14, "height": 137 }
			},
			"thigh3": {
				"thigh": { "x": 66.01, "rotation": -90, "width": 14, "height": 137 }
			},
			"thigh4": {
				"thigh": { "x": 66.01, "rotation": -90, "width": 14, "height": 137 }
			}
		}
	}
],
"animations": {
	"t_275_1_be": {
		"slots": {
			"body": {
				"rgba": [
					{ "color": "000000ff", "curve": "stepped" },
					{ "time": 0.0333, "color": "000000ff" }
				]
			},
			"Emoji": {
				"attachment": [
					{ "name": "Emoji/emo_96" },
					{ "time": 0.0333, "name": "Emoji/emo_96" }
				]
			},
			"feeling_1": {
				"attachment": [
					{ "name": "water_mouth" },
					{ "time": 0.0333, "name": "water_mouth" }
				]
			},
			"feeling_3": {
				"attachment": [
					{},
					{ "time": 0.0333 }
				]
			},
			"feeling_5": {
				"attachment": [
					{},
					{ "time": 0.0333 }
				]
			},
			"head": {
				"rgba": [
					{ "color": "ffffffff", "curve": "stepped" },
					{ "time": 0.0333, "color": "ffffffff" }
				],
				"attachment": [
					{ "name": "head_7" },
					{ "time": 0.0333, "name": "head_7" }
				]
			},
			"shoulder1": {
				"rgba": [
					{ "color": "000000ff", "curve": "stepped" },
					{ "time": 0.0333, "color": "000000ff" }
				],
				"attachment": [
					{ "name": "shoulder" },
					{ "time": 0.0333, "name": "shoulder" }
				]
			},
			"shoulder2": {
				"rgba": [
					{ "color": "000000ff", "curve": "stepped" },
					{ "time": 0.0333, "color": "000000ff" }
				],
				"attachment": [
					{ "name": "shoulder" },
					{ "time": 0.0333, "name": "shoulder" }
				]
			},
			"shoulder3": {
				"rgba": [
					{ "color": "000000ff", "curve": "stepped" },
					{ "time": 0.0333, "color": "000000ff" }
				],
				"attachment": [
					{},
					{ "time": 0.0333 }
				]
			},
			"shoulder4": {
				"rgba": [
					{ "color": "000000ff", "curve": "stepped" },
					{ "time": 0.0333, "color": "000000ff" }
				],
				"attachment": [
					{},
					{ "time": 0.0333 }
				]
			},
			"thigh": {
				"rgba": [
					{ "color": "000000ff", "curve": "stepped" },
					{ "time": 0.0333, "color": "000000ff" }
				]
			},
			"thigh2": {
				"rgba": [
					{ "color": "000000ff", "curve": "stepped" },
					{ "time": 0.0333, "color": "000000ff" }
				]
			},
			"thigh3": {
				"rgba": [
					{ "color": "000000ff", "curve": "stepped" },
					{ "time": 0.0333, "color": "000000ff" }
				]
			},
			"thigh4": {
				"rgba": [
					{ "color": "000000ff", "curve": "stepped" },
					{ "time": 0.0333, "color": "000000ff" }
				]
			}
		},
		"bones": {
			"head": {
				"rotate": [
					{ "value": 2, "curve": "stepped" },
					{ "time": 0.0333, "value": 2 }
				],
				"translate": [
					{ "x": -33.25, "y": -0.02, "curve": "stepped" },
					{ "time": 0.0333, "x": -33.25, "y": -0.02 }
				],
				"scale": [
					{ "curve": "stepped" },
					{ "time": 0.0333 }
				]
			},
			"root": {
				"rotate": [
					{ "curve": "stepped" },
					{ "time": 0.0333 }
				],
				"translate": [
					{ "curve": "stepped" },
					{ "time": 0.0333 }
				]
			},
			"main": {
				"rotate": [
					{ "value": 8.02, "curve": "stepped" },
					{ "time": 0.0333, "value": 8.02 }
				],
				"translate": [
					{ "x": -7.19, "y": -25.32, "curve": "stepped" },
					{ "time": 0.0333, "x": -7.19, "y": -25.32 }
				]
			},
			"hip": {
				"rotate": [
					{ "curve": "stepped" },
					{ "time": 0.0333 }
				],
				"translate": [
					{ "curve": "stepped" },
					{ "time": 0.0333 }
				]
			},
			"body": {
				"rotate": [
					{ "value": 0.95, "curve": "stepped" },
					{ "time": 0.0333, "value": 0.95 }
				],
				"translate": [
					{ "curve": "stepped" },
					{ "time": 0.0333 }
				],
				"scale": [
					{ "curve": "stepped" },
					{ "time": 0.0333 }
				]
			},
			"body2": {
				"rotate": [
					{ "value": 0.95, "curve": "stepped" },
					{ "time": 0.0333, "value": 0.95 }
				],
				"translate": [
					{ "curve": "stepped" },
					{ "time": 0.0333 }
				],
				"scale": [
					{ "curve": "stepped" },
					{ "time": 0.0333 }
				]
			},
			"body3": {
				"rotate": [
					{ "value": 0.95, "curve": "stepped" },
					{ "time": 0.0333, "value": 0.95 }
				],
				"translate": [
					{ "curve": "stepped" },
					{ "time": 0.0333 }
				],
				"scale": [
					{ "curve": "stepped" },
					{ "time": 0.0333 }
				]
			},
			"body4": {
				"rotate": [
					{ "value": 0.95, "curve": "stepped" },
					{ "time": 0.0333, "value": 0.95 }
				],
				"translate": [
					{ "curve": "stepped" },
					{ "time": 0.0333 }
				],
				"scale": [
					{ "curve": "stepped" },
					{ "time": 0.0333 }
				]
			},
			"body5": {
				"rotate": [
					{ "value": 0.95, "curve": "stepped" },
					{ "time": 0.0333, "value": 0.95 }
				],
				"translate": [
					{ "curve": "stepped" },
					{ "time": 0.0333 }
				],
				"scale": [
					{ "curve": "stepped" },
					{ "time": 0.0333 }
				]
			},
			"body6": {
				"rotate": [
					{ "value": 0.95, "curve": "stepped" },
					{ "time": 0.0333, "value": 0.95 }
				],
				"translate": [
					{ "curve": "stepped" },
					{ "time": 0.0333 }
				],
				"scale": [
					{ "curve": "stepped" },
					{ "time": 0.0333 }
				]
			},
			"body7": {
				"rotate": [
					{ "value": 0.95, "curve": "stepped" },
					{ "time": 0.0333, "value": 0.95 }
				],
				"translate": [
					{ "curve": "stepped" },
					{ "time": 0.0333 }
				],
				"scale": [
					{ "curve": "stepped" },
					{ "time": 0.0333 }
				]
			},
			"body8": {
				"rotate": [
					{ "value": 0.95, "curve": "stepped" },
					{ "time": 0.0333, "value": 0.95 }
				],
				"translate": [
					{ "curve": "stepped" },
					{ "time": 0.0333 }
				],
				"scale": [
					{ "curve": "stepped" },
					{ "time": 0.0333 }
				]
			},
			"feeling_3": {
				"rotate": [
					{ "curve": "stepped" },
					{ "time": 0.0333 }
				],
				"translate": [
					{ "curve": "stepped" },
					{ "time": 0.0333 }
				]
			},
			"emoji": {
				"rotate": [
					{ "value": -5.6, "curve": "stepped" },
					{ "time": 0.0333, "value": -5.6 }
				],
				"translate": [
					{ "x": 2.04, "y": 7.41, "curve": "stepped" },
					{ "time": 0.0333, "x": 2.04, "y": 7.41 }
				],
				"scale": [
					{ "x": -1.135, "y": 1.134, "curve": "stepped" },
					{ "time": 0.0333, "x": -1.135, "y": 1.134 }
				]
			},
			"shouder_1": {
				"rotate": [
					{ "value": -69.62, "curve": "stepped" },
					{ "time": 0.0333, "value": -69.62 }
				],
				"translate": [
					{ "x": -3.76, "y": -2.99, "curve": "stepped" },
					{ "time": 0.0333, "x": -3.76, "y": -2.99 }
				],
				"scale": [
					{ "curve": "stepped" },
					{ "time": 0.0333 }
				]
			},
			"arm_1": {
				"rotate": [
					{ "value": -27.49, "curve": "stepped" },
					{ "time": 0.0333, "value": -27.49 }
				],
				"translate": [
					{ "x": 2.02, "y": 0.08, "curve": "stepped" },
					{ "time": 0.0333, "x": 2.02, "y": 0.08 }
				],
				"scale": [
					{ "curve": "stepped" },
					{ "time": 0.0333 }
				]
			},
			"shouder_2": {
				"rotate": [
					{ "value": 60.83, "curve": "stepped" },
					{ "time": 0.0333, "value": 60.83 }
				],
				"translate": [
					{ "x": -4.69, "y": -1.29, "curve": "stepped" },
					{ "time": 0.0333, "x": -4.69, "y": -1.29 }
				],
				"scale": [
					{ "curve": "stepped" },
					{ "time": 0.0333 }
				]
			},
			"arm_2": {
				"rotate": [
					{ "value": -15.89, "curve": "stepped" },
					{ "time": 0.0333, "value": -15.89 }
				],
				"translate": [
					{ "curve": "stepped" },
					{ "time": 0.0333 }
				],
				"scale": [
					{ "curve": "stepped" },
					{ "time": 0.0333 }
				]
			},
			"thigh_1": {
				"rotate": [
					{ "value": 24.72, "curve": "stepped" },
					{ "time": 0.0333, "value": 24.72 }
				],
				"translate": [
					{ "curve": "stepped" },
					{ "time": 0.0333 }
				],
				"scale": [
					{ "x": 1.019, "curve": "stepped" },
					{ "time": 0.0333, "x": 1.019 }
				]
			},
			"leg_1": {
				"rotate": [
					{ "curve": "stepped" },
					{ "time": 0.0333 }
				],
				"translate": [
					{ "curve": "stepped" },
					{ "time": 0.0333 }
				]
			},
			"thigh_2": {
				"rotate": [
					{ "value": 39.21, "curve": "stepped" },
					{ "time": 0.0333, "value": 39.21 }
				],
				"translate": [
					{ "curve": "stepped" },
					{ "time": 0.0333 }
				],
				"scale": [
					{ "curve": "stepped" },
					{ "time": 0.0333 }
				]
			},
			"leg_2": {
				"rotate": [
					{ "value": 18.14, "curve": "stepped" },
					{ "time": 0.0333, "value": 18.14 }
				],
				"translate": [
					{ "curve": "stepped" },
					{ "time": 0.0333 }
				]
			},
			"foot_2": {
				"rotate": [
					{ "curve": "stepped" },
					{ "time": 0.0333 }
				],
				"translate": [
					{ "x": -59.06, "y": 2.5, "curve": "stepped" },
					{ "time": 0.0333, "x": -59.06, "y": 2.5 }
				]
			},
			"foot_3": {
				"rotate": [
					{ "curve": "stepped" },
					{ "time": 0.0333 }
				],
				"translate": [
					{ "x": 65.9, "y": 1.26, "curve": "stepped" },
					{ "time": 0.0333, "x": 65.9, "y": 1.26 }
				]
			},
			"feeling_5": {
				"rotate": [
					{ "curve": "stepped" },
					{ "time": 0.0333 }
				],
				"translate": [
					{ "curve": "stepped" },
					{ "time": 0.0333 }
				]
			},
			"feeling_1": {
				"rotate": [
					{ "value": 45.74, "curve": "stepped" },
					{ "time": 0.0333, "value": 45.74 }
				],
				"translate": [
					{ "x": -124.88, "y": -182.11, "curve": "stepped" },
					{ "time": 0.0333, "x": -124.88, "y": -182.11 }
				],
				"scale": [
					{ "y": 1.092, "curve": "stepped" },
					{ "time": 0.0333, "y": 1.092 }
				]
			},
			"move": {
				"translate": [
					{ "x": 119.99, "y": -0.41, "curve": "stepped" },
					{ "time": 0.0333, "x": 119.99, "y": -0.41 }
				]
			}
		},
		"ik": {
			"foot_1": [
				{
					"stretch": true,
					"curve": [ 0.008, 1, 0.025, 1, 0.008, 0, 0.025, 0 ]
				},
				{ "time": 0.0333, "stretch": true }
			],
			"foot_2": [
				{
					"stretch": true,
					"curve": [ 0.008, 1, 0.025, 1, 0.008, 0, 0.025, 0 ]
				},
				{ "time": 0.0333, "stretch": true }
			]
		},
		"drawOrder": [
			{
				"offsets": [
					{ "slot": "shoulder1", "offset": 10 },
					{ "slot": "shoulder3", "offset": 0 },
					{ "slot": "shoulder2", "offset": 9 }
				]
			},
			{
				"time": 0.0333,
				"offsets": [
					{ "slot": "shoulder1", "offset": 10 },
					{ "slot": "shoulder3", "offset": 0 },
					{ "slot": "shoulder2", "offset": 9 }
				]
			}
		]
	},
	"t_275_1_lose": {
		"slots": {
			"body": {
				"rgba": [
					{ "color": "000000ff" }
				]
			},
			"Emoji": {
				"attachment": [
					{ "name": "Emoji/new/emo_21_b" }
				]
			},
			"feeling_1": {
				"attachment": [
					{ "name": "run" }
				]
			},
			"feeling_2": {
				"attachment": [
					{ "name": "cham_than" }
				]
			},
			"feeling_3": {
				"rgba": [
					{ "color": "ffffffff" }
				],
				"attachment": [
					{ "name": "run" }
				]
			},
			"feeling_4": {
				"attachment": [
					{ "name": "cham_than" }
				]
			},
			"feeling_5": {
				"attachment": [
					{ "name": "mo_hoi" }
				]
			},
			"hair": {
				"attachment": [
					{}
				]
			},
			"head": {
				"rgba": [
					{ "color": "ffffffff" }
				],
				"attachment": [
					{ "name": "head_7" }
				]
			},
			"item": {
				"attachment": [
					{}
				]
			},
			"shoulder1": {
				"rgba": [
					{ "color": "000000ff" }
				],
				"attachment": [
					{ "name": "shoulder" }
				]
			},
			"shoulder2": {
				"rgba": [
					{ "color": "000000ff" }
				],
				"attachment": [
					{ "name": "shoulder" }
				]
			},
			"shoulder3": {
				"rgba": [
					{ "color": "000000ff" }
				],
				"attachment": [
					{ "name": "shoulder" }
				]
			},
			"shoulder4": {
				"rgba": [
					{ "color": "000000ff" }
				],
				"attachment": [
					{ "name": "shoulder" }
				]
			},
			"thigh": {
				"rgba": [
					{ "color": "000000ff" }
				]
			},
			"thigh2": {
				"rgba": [
					{ "color": "000000ff" }
				]
			},
			"thigh3": {
				"rgba": [
					{ "color": "000000ff" }
				]
			},
			"thigh4": {
				"rgba": [
					{ "color": "000000ff" }
				]
			}
		},
		"bones": {
			"head": {
				"rotate": [
					{ "value": 6.15 }
				],
				"translate": [
					{ "x": -38.63, "y": -19.52 }
				],
				"scale": [
					{}
				]
			},
			"root": {
				"rotate": [
					{}
				],
				"translate": [
					{}
				]
			},
			"main": {
				"rotate": [
					{ "value": -6.92 }
				],
				"translate": [
					{ "x": 25.98, "y": -31.28 }
				]
			},
			"hip": {
				"rotate": [
					{}
				],
				"translate": [
					{}
				]
			},
			"body": {
				"rotate": [
					{ "value": -1.44 }
				],
				"translate": [
					{}
				],
				"scale": [
					{}
				]
			},
			"body2": {
				"rotate": [
					{ "value": -1.44 }
				],
				"translate": [
					{}
				],
				"scale": [
					{}
				]
			},
			"body3": {
				"rotate": [
					{ "value": -1.44 }
				],
				"translate": [
					{}
				],
				"scale": [
					{}
				]
			},
			"body4": {
				"rotate": [
					{ "value": -1.44 }
				],
				"translate": [
					{}
				],
				"scale": [
					{}
				]
			},
			"body5": {
				"rotate": [
					{ "value": -1.44 }
				],
				"translate": [
					{}
				],
				"scale": [
					{}
				]
			},
			"body6": {
				"rotate": [
					{ "value": -1.44 }
				],
				"translate": [
					{}
				],
				"scale": [
					{}
				]
			},
			"body7": {
				"rotate": [
					{ "value": -1.44 }
				],
				"translate": [
					{}
				],
				"scale": [
					{}
				]
			},
			"body8": {
				"rotate": [
					{ "value": -1.44 }
				],
				"translate": [
					{}
				],
				"scale": [
					{}
				]
			},
			"feeling_3": {
				"rotate": [
					{ "value": -160.28 }
				],
				"translate": [
					{ "x": -317.99, "y": -134.24 }
				],
				"scale": [
					{ "x": 1.619, "y": 1.619 }
				]
			},
			"emoji": {
				"rotate": [
					{ "value": 13 }
				],
				"translate": [
					{ "x": -7.24, "y": 4.81 }
				],
				"scale": [
					{ "x": -1.058, "y": 1.058 }
				]
			},
			"shouder_1": {
				"rotate": [
					{ "value": -112.3 }
				],
				"translate": [
					{ "x": 19.18, "y": -0.19 }
				],
				"scale": [
					{}
				]
			},
			"arm_1": {
				"rotate": [
					{ "value": 76.15 }
				],
				"translate": [
					{ "x": 2.02, "y": 0.08 }
				],
				"scale": [
					{}
				]
			},
			"shouder_2": {
				"rotate": [
					{ "value": 171.43 }
				],
				"translate": [
					{ "x": 17.01, "y": -1.1 }
				],
				"scale": [
					{}
				]
			},
			"arm_2": {
				"rotate": [
					{ "value": 114.14 }
				],
				"translate": [
					{}
				],
				"scale": [
					{}
				]
			},
			"thigh_1": {
				"rotate": [
					{ "value": 24.72 }
				],
				"translate": [
					{}
				],
				"scale": [
					{}
				]
			},
			"leg_1": {
				"rotate": [
					{}
				],
				"translate": [
					{}
				],
				"scale": [
					{}
				]
			},
			"thigh_2": {
				"rotate": [
					{ "value": 39.21 }
				],
				"translate": [
					{}
				],
				"scale": [
					{}
				]
			},
			"leg_2": {
				"rotate": [
					{ "value": 18.14 }
				],
				"translate": [
					{}
				]
			},
			"foot_2": {
				"rotate": [
					{}
				],
				"translate": [
					{ "x": -74.9, "y": 4.4 }
				]
			},
			"foot_3": {
				"rotate": [
					{}
				],
				"translate": [
					{ "x": 131.19, "y": 3.39 }
				]
			},
			"feeling_5": {
				"rotate": [
					{ "value": -83.26 }
				],
				"translate": [
					{ "x": -54.47, "y": 51.25 }
				],
				"scale": [
					{ "x": 0.34, "y": 0.34 }
				]
			},
			"item_1": {
				"rotate": [
					{ "value": -4.56 }
				],
				"translate": [
					{ "x": 119.63, "y": 41.07 }
				],
				"scale": [
					{ "x": -1.428, "y": 1.351 }
				]
			},
			"feeling_1": {
				"rotate": [
					{ "value": -145.44 }
				],
				"translate": [
					{ "x": -112.82, "y": -119.89 }
				],
				"scale": [
					{ "x": -1.399, "y": 1.399 }
				]
			},
			"move": {
				"translate": [
					{ "x": 119.99, "y": 0.12 }
				],
				"scale": [
					{}
				]
			},
			"feeling_2": {
				"rotate": [
					{ "value": 28.45 }
				],
				"translate": [
					{ "x": -127.82, "y": -41.93 }
				],
				"scale": [
					{ "x": -1.402, "y": 1.402 }
				]
			},
			"hair_1": {
				"rotate": [
					{ "value": -3.49 }
				],
				"translate": [
					{ "x": 132.15, "y": 580.18 }
				],
				"scale": [
					{ "x": -1.445, "y": 1.445 }
				]
			},
			"feeling_4": {
				"rotate": [
					{ "value": -176.66 }
				],
				"translate": [
					{ "x": 66.53, "y": 102.89 }
				],
				"scale": [
					{ "x": 0.568, "y": 0.568 }
				]
			}
		},
		"ik": {
			"foot_1": [
				{ "bendPositive": false, "stretch": true }
			],
			"foot_2": [
				{ "bendPositive": false, "stretch": true }
			]
		},
		"drawOrder": [
			{
				"offsets": [
					{ "slot": "item", "offset": 10 },
					{ "slot": "feeling_5", "offset": 3 }
				]
			}
		]
	},
	"t_275_1_win": {
		"slots": {
			"body": {
				"rgba": [
					{ "color": "000000ff" }
				]
			},
			"Emoji": {
				"attachment": [
					{ "name": "Emoji/new/emo_64" }
				]
			},
			"feeling_1": {
				"rgba": [
					{ "color": "ffffffff" }
				],
				"attachment": [
					{ "name": "water_mouth" }
				]
			},
			"feeling_2": {
				"attachment": [
					{}
				]
			},
			"feeling_3": {
				"rgba": [
					{ "color": "ffffffff" }
				],
				"attachment": [
					{}
				]
			},
			"feeling_5": {
				"rgba": [
					{ "color": "ffffffff" }
				],
				"attachment": [
					{}
				]
			},
			"head": {
				"rgba": [
					{ "color": "ffffffff" }
				],
				"attachment": [
					{ "name": "head_7" }
				]
			},
			"shoulder1": {
				"rgba": [
					{ "color": "000000ff" }
				],
				"attachment": [
					{ "name": "shoulder" }
				]
			},
			"shoulder2": {
				"rgba": [
					{ "color": "000000ff" }
				],
				"attachment": [
					{ "name": "shoulder" }
				]
			},
			"shoulder3": {
				"rgba": [
					{ "color": "000000ff" }
				],
				"attachment": [
					{ "name": "shoulder" }
				]
			},
			"shoulder4": {
				"rgba": [
					{ "color": "000000ff" }
				],
				"attachment": [
					{ "name": "shoulder" }
				]
			},
			"thigh": {
				"rgba": [
					{ "color": "000000ff" }
				]
			},
			"thigh2": {
				"rgba": [
					{ "color": "000000ff" }
				]
			},
			"thigh3": {
				"rgba": [
					{ "color": "000000ff" }
				]
			},
			"thigh4": {
				"rgba": [
					{ "color": "000000ff" }
				]
			}
		},
		"bones": {
			"head": {
				"rotate": [
					{ "value": -4.38 }
				],
				"translate": [
					{ "x": -5.84, "y": 9.13 }
				],
				"scale": [
					{}
				]
			},
			"root": {
				"rotate": [
					{}
				],
				"translate": [
					{}
				]
			},
			"main": {
				"rotate": [
					{ "value": 11.22 }
				],
				"translate": [
					{ "x": 29, "y": -22.56 }
				]
			},
			"hip": {
				"rotate": [
					{}
				],
				"translate": [
					{}
				]
			},
			"body": {
				"rotate": [
					{ "value": -0.69 }
				],
				"translate": [
					{}
				],
				"scale": [
					{}
				]
			},
			"body2": {
				"rotate": [
					{ "value": -0.05 }
				],
				"translate": [
					{}
				],
				"scale": [
					{}
				]
			},
			"body3": {
				"rotate": [
					{ "value": -0.05 }
				],
				"translate": [
					{}
				],
				"scale": [
					{}
				]
			},
			"body4": {
				"rotate": [
					{ "value": -0.05 }
				],
				"translate": [
					{}
				],
				"scale": [
					{}
				]
			},
			"body5": {
				"rotate": [
					{ "value": -0.05 }
				],
				"translate": [
					{}
				],
				"scale": [
					{}
				]
			},
			"body6": {
				"rotate": [
					{ "value": -0.05 }
				],
				"translate": [
					{}
				],
				"scale": [
					{}
				]
			},
			"body7": {
				"rotate": [
					{ "value": -0.05 }
				],
				"translate": [
					{}
				],
				"scale": [
					{}
				]
			},
			"body8": {
				"rotate": [
					{ "value": -0.05 }
				],
				"translate": [
					{}
				],
				"scale": [
					{}
				]
			},
			"feeling_3": {
				"rotate": [
					{ "value": 3.86 }
				],
				"translate": [
					{ "x": 18.74, "y": -11 }
				],
				"scale": [
					{}
				]
			},
			"emoji": {
				"rotate": [
					{ "value": -8.08 }
				],
				"translate": [
					{ "x": 7.4, "y": 14.31 }
				],
				"scale": [
					{ "x": -1.094, "y": 1.094 }
				]
			},
			"shouder_1": {
				"rotate": [
					{ "value": -158.98 }
				],
				"translate": [
					{ "x": 25.82, "y": -2.1 }
				],
				"scale": [
					{}
				]
			},
			"arm_1": {
				"rotate": [
					{ "value": -32.38 }
				],
				"translate": [
					{ "x": 2.02, "y": 0.08 }
				],
				"scale": [
					{}
				]
			},
			"shouder_2": {
				"rotate": [
					{ "value": 22.43 }
				],
				"translate": [
					{ "x": 22.93, "y": -1.38 }
				],
				"scale": [
					{}
				]
			},
			"arm_2": {
				"rotate": [
					{ "value": -25.2 }
				],
				"scale": [
					{ "x": 0.926 }
				]
			},
			"thigh_1": {
				"rotate": [
					{ "value": 4.72 }
				],
				"translate": [
					{}
				],
				"scale": [
					{}
				]
			},
			"leg_1": {
				"rotate": [
					{ "value": 40 }
				],
				"translate": [
					{}
				]
			},
			"thigh_2": {
				"rotate": [
					{ "value": -48.68 }
				],
				"translate": [
					{}
				],
				"scale": [
					{}
				]
			},
			"leg_2": {
				"rotate": [
					{ "value": 51.06 }
				],
				"translate": [
					{}
				]
			},
			"foot_2": {
				"rotate": [
					{}
				],
				"translate": [
					{ "x": 207.65, "y": 154.33 }
				]
			},
			"foot_3": {
				"rotate": [
					{ "value": 12.32 }
				],
				"translate": [
					{ "x": -163.09, "y": 84.62 }
				]
			},
			"feeling_5": {
				"rotate": [
					{ "value": -87.68 }
				],
				"translate": [
					{ "x": 66.69, "y": -59.22 }
				],
				"scale": [
					{ "x": 0.84, "y": 0.84 }
				],
				"shear": [
					{}
				]
			},
			"feeling_1": {
				"rotate": [
					{ "value": 32.8 }
				],
				"translate": [
					{ "x": -112.08, "y": -141.03 }
				],
				"scale": [
					{ "x": 1.11, "y": 1.258 }
				]
			},
			"feeling_2": {
				"rotate": [
					{ "value": 125.15 }
				],
				"translate": [
					{ "x": -132.93, "y": -35.85 }
				]
			},
			"move": {
				"translate": [
					{ "x": 119.99 }
				],
				"scale": [
					{ "x": -1 }
				]
			}
		},
		"ik": {
			"foot_1": [
				{ "stretch": true }
			],
			"foot_2": [
				{ "stretch": true }
			]
		},
		"drawOrder": [
			{
				"offsets": [
					{ "slot": "shoulder4", "offset": -3 },
					{ "slot": "feeling_1", "offset": -4 }
				]
			}
		]
	},
	"t_275_2_lose": {
		"slots": {
			"body": {
				"rgba": [
					{ "color": "000000ff", "curve": "stepped" },
					{ "time": 0.8333, "color": "000000ff" }
				]
			},
			"Emoji": {
				"rgba": [
					{ "color": "ffffffff", "curve": "stepped" },
					{ "time": 0.8333, "color": "ffffffff" }
				],
				"attachment": [
					{ "name": "Emoji/emo_42" },
					{ "time": 0.8333, "name": "Emoji/emo_42" }
				]
			},
			"feeling_1": {
				"attachment": [
					{ "name": "cauco" },
					{ "time": 0.8333, "name": "cauco" }
				]
			},
			"feeling_2": {
				"attachment": [
					{},
					{ "time": 0.8333 }
				]
			},
			"feeling_3": {
				"rgba": [
					{ "color": "ffffffff", "curve": "stepped" },
					{ "time": 0.8333, "color": "ffffffff" }
				],
				"attachment": [
					{ "name": "giat_minh" },
					{ "time": 0.1 },
					{ "time": 0.2, "name": "giat_minh" },
					{ "time": 0.3, "name": "giat_minh" },
					{ "time": 0.4 },
					{ "time": 0.5, "name": "giat_minh" },
					{ "time": 0.6333, "name": "giat_minh" },
					{ "time": 0.7333 },
					{ "time": 0.8333, "name": "giat_minh" }
				]
			},
			"feeling_4": {
				"rgba": [
					{ "color": "ff6d6dc2", "curve": "stepped" },
					{ "time": 0.8333, "color": "ff6d6dc2" }
				],
				"attachment": [
					{ "name": "khoi" },
					{ "time": 0.8333, "name": "khoi" }
				]
			},
			"feeling_5": {
				"rgba": [
					{ "color": "ff6d6dc2", "curve": "stepped" },
					{ "time": 0.8333, "color": "ff6d6dc2" }
				],
				"attachment": [
					{ "name": "khoi" },
					{ "time": 0.8333, "name": "khoi" }
				]
			},
			"hair": {
				"attachment": [
					{ "name": "hair/man/toc_8" },
					{ "time": 0.8333, "name": "hair/man/toc_8" }
				]
			},
			"head": {
				"rgba": [
					{ "color": "ffffffff", "curve": "stepped" },
					{ "time": 0.8333, "color": "ffffffff" }
				]
			},
			"shoulder1": {
				"rgba": [
					{ "color": "000000ff", "curve": "stepped" },
					{ "time": 0.8333, "color": "000000ff" }
				],
				"attachment": [
					{ "name": "shoulder" },
					{ "time": 0.8333, "name": "shoulder" }
				]
			},
			"shoulder2": {
				"rgba": [
					{ "color": "000000ff", "curve": "stepped" },
					{ "time": 0.8333, "color": "000000ff" }
				],
				"attachment": [
					{ "name": "shoulder" },
					{ "time": 0.8333, "name": "shoulder" }
				]
			},
			"shoulder3": {
				"rgba": [
					{ "color": "000000ff", "curve": "stepped" },
					{ "time": 0.8333, "color": "000000ff" }
				],
				"attachment": [
					{ "name": "shoulder" },
					{ "time": 0.8333, "name": "shoulder" }
				]
			},
			"shoulder4": {
				"rgba": [
					{ "color": "000000ff", "curve": "stepped" },
					{ "time": 0.8333, "color": "000000ff" }
				],
				"attachment": [
					{ "name": "shoulder" },
					{ "time": 0.8333, "name": "shoulder" }
				]
			},
			"thigh": {
				"rgba": [
					{ "color": "000000ff", "curve": "stepped" },
					{ "time": 0.8333, "color": "000000ff" }
				]
			},
			"thigh2": {
				"rgba": [
					{ "color": "000000ff", "curve": "stepped" },
					{ "time": 0.8333, "color": "000000ff" }
				]
			},
			"thigh3": {
				"rgba": [
					{ "color": "000000ff", "curve": "stepped" },
					{ "time": 0.8333, "color": "000000ff" }
				]
			},
			"thigh4": {
				"rgba": [
					{ "color": "000000ff", "curve": "stepped" },
					{ "time": 0.8333, "color": "000000ff" }
				]
			}
		},
		"bones": {
			"head": {
				"rotate": [
					{ "value": 2.41, "curve": "stepped" },
					{ "time": 0.8333, "value": 2.41 }
				],
				"translate": [
					{ "x": -8.91, "y": -0.92, "curve": "stepped" },
					{ "time": 0.8333, "x": -8.91, "y": -0.92 }
				],
				"scale": [
					{ "curve": "stepped" },
					{ "time": 0.8333 }
				]
			},
			"root": {
				"rotate": [
					{ "curve": "stepped" },
					{ "time": 0.8333 }
				],
				"translate": [
					{ "curve": "stepped" },
					{ "time": 0.8333 }
				]
			},
			"main": {
				"rotate": [
					{ "value": -17.86, "curve": "stepped" },
					{ "time": 0.8333, "value": -17.86 }
				],
				"translate": [
					{ "x": 28.37, "y": -37.43, "curve": "stepped" },
					{ "time": 0.8333, "x": 28.37, "y": -37.43 }
				]
			},
			"hip": {
				"rotate": [
					{ "curve": "stepped" },
					{ "time": 0.8333 }
				],
				"translate": [
					{ "curve": "stepped" },
					{ "time": 0.8333 }
				]
			},
			"body": {
				"rotate": [
					{ "value": 1, "curve": "stepped" },
					{ "time": 0.8333, "value": 1 }
				],
				"translate": [
					{ "curve": "stepped" },
					{ "time": 0.8333 }
				]
			},
			"body2": {
				"rotate": [
					{ "value": 1, "curve": "stepped" },
					{ "time": 0.8333, "value": 1 }
				],
				"translate": [
					{ "curve": "stepped" },
					{ "time": 0.8333 }
				]
			},
			"body3": {
				"rotate": [
					{ "value": 1, "curve": "stepped" },
					{ "time": 0.8333, "value": 1 }
				],
				"translate": [
					{ "curve": "stepped" },
					{ "time": 0.8333 }
				]
			},
			"body4": {
				"rotate": [
					{ "value": 1, "curve": "stepped" },
					{ "time": 0.8333, "value": 1 }
				],
				"translate": [
					{ "curve": "stepped" },
					{ "time": 0.8333 }
				]
			},
			"body5": {
				"rotate": [
					{ "value": 1, "curve": "stepped" },
					{ "time": 0.8333, "value": 1 }
				],
				"translate": [
					{ "curve": "stepped" },
					{ "time": 0.8333 }
				]
			},
			"body6": {
				"rotate": [
					{ "value": 1, "curve": "stepped" },
					{ "time": 0.8333, "value": 1 }
				],
				"translate": [
					{ "curve": "stepped" },
					{ "time": 0.8333 }
				]
			},
			"body7": {
				"rotate": [
					{ "value": 1, "curve": "stepped" },
					{ "time": 0.8333, "value": 1 }
				],
				"translate": [
					{ "curve": "stepped" },
					{ "time": 0.8333 }
				]
			},
			"body8": {
				"rotate": [
					{ "value": 1, "curve": "stepped" },
					{ "time": 0.8333, "value": 1 }
				],
				"translate": [
					{ "curve": "stepped" },
					{ "time": 0.8333 }
				]
			},
			"feeling_3": {
				"rotate": [
					{ "value": -31.32, "curve": "stepped" },
					{ "time": 0.8333, "value": -31.32 }
				],
				"translate": [
					{ "x": -22.66, "y": -138.76, "curve": "stepped" },
					{ "time": 0.8333, "x": -22.66, "y": -138.76 }
				],
				"scale": [
					{ "curve": "stepped" },
					{ "time": 0.8333 }
				]
			},
			"emoji": {
				"rotate": [
					{ "value": -4.89, "curve": "stepped" },
					{ "time": 0.8333, "value": -4.89 }
				],
				"translate": [
					{ "x": -3.64, "y": -20, "curve": "stepped" },
					{ "time": 0.8333, "x": -3.64, "y": -20 }
				],
				"scale": [
					{ "x": -1.114, "y": 1.114, "curve": "stepped" },
					{ "time": 0.8333, "x": -1.114, "y": 1.114 }
				]
			},
			"shouder_1": {
				"rotate": [
					{ "value": 6.43, "curve": "stepped" },
					{ "time": 0.8333, "value": 6.43 }
				],
				"translate": [
					{ "x": 24.99, "y": -5, "curve": "stepped" },
					{ "time": 0.8333, "x": 24.99, "y": -5 }
				],
				"scale": [
					{ "curve": "stepped" },
					{ "time": 0.8333 }
				],
				"shear": [
					{ "curve": "stepped" },
					{ "time": 0.8333 }
				]
			},
			"arm_1": {
				"rotate": [
					{ "value": 7.65, "curve": "stepped" },
					{ "time": 0.8333, "value": 7.65 }
				],
				"translate": [
					{ "x": 2.02, "y": 0.08, "curve": "stepped" },
					{ "time": 0.8333, "x": 2.02, "y": 0.08 }
				],
				"scale": [
					{ "curve": "stepped" },
					{ "time": 0.8333 }
				]
			},
			"shouder_2": {
				"rotate": [
					{ "value": 60.4, "curve": "stepped" },
					{ "time": 0.8333, "value": 60.4 }
				],
				"translate": [
					{ "x": 24.26, "y": 3.05, "curve": "stepped" },
					{ "time": 0.8333, "x": 24.26, "y": 3.05 }
				],
				"scale": [
					{ "curve": "stepped" },
					{ "time": 0.8333 }
				]
			},
			"arm_2": {
				"rotate": [
					{ "value": 62.05, "curve": "stepped" },
					{ "time": 0.8333, "value": 62.05 }
				],
				"translate": [
					{ "curve": "stepped" },
					{ "time": 0.8333 }
				],
				"scale": [
					{ "x": 0.881, "curve": "stepped" },
					{ "time": 0.8333, "x": 0.881 }
				]
			},
			"thigh_1": {
				"rotate": [
					{ "curve": "stepped" },
					{ "time": 0.8333 }
				],
				"translate": [
					{ "curve": "stepped" },
					{ "time": 0.8333 }
				]
			},
			"leg_1": {
				"rotate": [
					{ "curve": "stepped" },
					{ "time": 0.8333 }
				],
				"translate": [
					{ "curve": "stepped" },
					{ "time": 0.8333 }
				]
			},
			"thigh_2": {
				"rotate": [
					{ "curve": "stepped" },
					{ "time": 0.8333 }
				],
				"translate": [
					{ "curve": "stepped" },
					{ "time": 0.8333 }
				]
			},
			"leg_2": {
				"rotate": [
					{ "curve": "stepped" },
					{ "time": 0.8333 }
				],
				"translate": [
					{ "curve": "stepped" },
					{ "time": 0.8333 }
				]
			},
			"foot_2": {
				"rotate": [
					{ "curve": "stepped" },
					{ "time": 0.8333 }
				],
				"translate": [
					{ "x": -66.18, "y": 2.27, "curve": "stepped" },
					{ "time": 0.8333, "x": -66.18, "y": 2.27 }
				]
			},
			"foot_3": {
				"rotate": [
					{ "curve": "stepped" },
					{ "time": 0.8333 }
				],
				"translate": [
					{ "x": 71.56, "y": -0.45, "curve": "stepped" },
					{ "time": 0.8333, "x": 71.56, "y": -0.45 }
				]
			},
			"feeling_5": {
				"rotate": [
					{ "value": -41.43, "curve": "stepped" },
					{ "time": 0.8333, "value": -41.43 }
				],
				"translate": [
					{ "x": 83.06, "y": -31.46, "curve": "stepped" },
					{ "time": 0.8333, "x": 83.06, "y": -31.46 }
				],
				"scale": [
					{ "x": -0.386, "y": 0.386, "curve": "stepped" },
					{ "time": 0.8333, "x": -0.386, "y": 0.386 }
				]
			},
			"feeling_1": {
				"rotate": [
					{ "value": 5.25, "curve": "stepped" },
					{ "time": 0.8333, "value": 5.25 }
				],
				"translate": [
					{ "x": -147.28, "y": -111.26, "curve": "stepped" },
					{ "time": 0.8333, "x": -147.28, "y": -111.26 }
				],
				"scale": [
					{ "x": -1.076, "y": 1.076, "curve": "stepped" },
					{ "time": 0.8333, "x": -1.076, "y": 1.076 }
				]
			},
			"feeling_2": {
				"rotate": [
					{ "value": 1.39, "curve": "stepped" },
					{ "time": 0.8333, "value": 1.39 }
				],
				"translate": [
					{ "x": -30.77, "y": -46.99, "curve": "stepped" },
					{ "time": 0.8333, "x": -30.77, "y": -46.99 }
				],
				"scale": [
					{ "x": 1.397, "y": 1.397, "curve": "stepped" },
					{ "time": 0.8333, "x": 1.397, "y": 1.397 }
				]
			},
			"move": {
				"translate": [
					{ "x": 119.99, "y": 0.12, "curve": "stepped" },
					{ "time": 0.8333, "x": 119.99, "y": 0.12 }
				],
				"scale": [
					{ "curve": "stepped" },
					{ "time": 0.8333 }
				]
			},
			"hair_1": {
				"rotate": [
					{ "value": 6.4, "curve": "stepped" },
					{ "time": 0.8333, "value": 6.4 }
				],
				"translate": [
					{ "x": 91.04, "y": 589.19, "curve": "stepped" },
					{ "time": 0.8333, "x": 91.04, "y": 589.19 }
				],
				"scale": [
					{ "x": -1.135, "y": 1.135, "curve": "stepped" },
					{ "time": 0.8333, "x": -1.135, "y": 1.135 }
				]
			},
			"feeling_4": {
				"rotate": [
					{ "value": 56.98, "curve": "stepped" },
					{ "time": 0.8333, "value": 56.98 }
				],
				"translate": [
					{ "x": 58.7, "y": 115.52, "curve": "stepped" },
					{ "time": 0.8333, "x": 58.7, "y": 115.52 }
				],
				"scale": [
					{ "x": -0.397, "y": 0.397, "curve": "stepped" },
					{ "time": 0.8333, "x": -0.397, "y": 0.397 }
				]
			}
		},
		"ik": {
			"foot_1": [
				{
					"bendPositive": false,
					"stretch": true,
					"curve": [ 0.208, 1, 0.625, 1, 0.208, 0, 0.625, 0 ]
				},
				{ "time": 0.8333, "bendPositive": false, "stretch": true }
			],
			"foot_2": [
				{
					"bendPositive": false,
					"stretch": true,
					"curve": [ 0.208, 1, 0.625, 1, 0.208, 0, 0.625, 0 ]
				},
				{ "time": 0.8333, "bendPositive": false, "stretch": true }
			]
		},
		"drawOrder": [
			{
				"offsets": [
					{ "slot": "shoulder1", "offset": 2 },
					{ "slot": "shoulder4", "offset": -3 }
				]
			},
			{
				"time": 0.8333,
				"offsets": [
					{ "slot": "shoulder1", "offset": 2 },
					{ "slot": "shoulder4", "offset": -3 }
				]
			}
		]
	},
	"t_275_2_win": {
		"slots": {
			"body": {
				"rgba": [
					{ "color": "000000ff" }
				]
			},
			"Emoji": {
				"attachment": [
					{ "name": "Emoji/emo_74" }
				]
			},
			"feeling_1": {
				"attachment": [
					{ "name": "Emoji/hoi_cham" }
				]
			},
			"feeling_2": {
				"attachment": [
					{ "name": "Emoji/hoi_cham" }
				]
			},
			"feeling_3": {
				"attachment": [
					{ "name": "Emoji/hoi_cham" }
				]
			},
			"feeling_5": {
				"attachment": [
					{}
				]
			},
			"hair": {
				"attachment": [
					{ "name": "hair/man/toc_8" }
				]
			},
			"head": {
				"rgba": [
					{ "color": "ffffffff" }
				],
				"attachment": [
					{ "name": "head" }
				]
			},
			"item": {
				"attachment": [
					{ "name": "item/item_gay" }
				]
			},
			"shoulder1": {
				"rgba": [
					{ "color": "000000ff" }
				],
				"attachment": [
					{ "name": "shoulder" }
				]
			},
			"shoulder2": {
				"rgba": [
					{ "color": "000000ff" }
				],
				"attachment": [
					{ "name": "shoulder" }
				]
			},
			"shoulder3": {
				"rgba": [
					{ "color": "000000ff" }
				],
				"attachment": [
					{ "name": "shoulder" }
				]
			},
			"shoulder4": {
				"rgba": [
					{ "color": "000000ff" }
				],
				"attachment": [
					{ "name": "shoulder" }
				]
			},
			"thigh": {
				"rgba": [
					{ "color": "000000ff" }
				]
			},
			"thigh2": {
				"rgba": [
					{ "color": "000000ff" }
				]
			},
			"thigh3": {
				"rgba": [
					{ "color": "000000ff" }
				]
			},
			"thigh4": {
				"rgba": [
					{ "color": "000000ff" }
				]
			}
		},
		"bones": {
			"head": {
				"rotate": [
					{ "value": 11.61 }
				],
				"translate": [
					{ "x": -12.82, "y": -14.11 }
				],
				"scale": [
					{}
				]
			},
			"root": {
				"rotate": [
					{}
				],
				"translate": [
					{}
				]
			},
			"main": {
				"rotate": [
					{ "value": -3.94 }
				],
				"translate": [
					{ "x": 33.02, "y": -41.21 }
				]
			},
			"hip": {
				"rotate": [
					{}
				],
				"translate": [
					{}
				]
			},
			"body": {
				"rotate": [
					{ "value": -2.2 }
				],
				"translate": [
					{}
				],
				"scale": [
					{}
				]
			},
			"body2": {
				"rotate": [
					{ "value": -2.2 }
				],
				"translate": [
					{}
				],
				"scale": [
					{}
				]
			},
			"body3": {
				"rotate": [
					{ "value": -2.2 }
				],
				"translate": [
					{}
				],
				"scale": [
					{}
				]
			},
			"body4": {
				"rotate": [
					{ "value": -2.2 }
				],
				"translate": [
					{}
				],
				"scale": [
					{}
				]
			},
			"body5": {
				"rotate": [
					{ "value": -2.2 }
				],
				"translate": [
					{}
				],
				"scale": [
					{}
				]
			},
			"body6": {
				"rotate": [
					{ "value": -2.2 }
				],
				"translate": [
					{}
				],
				"scale": [
					{}
				]
			},
			"body7": {
				"rotate": [
					{ "value": -2.2 }
				],
				"translate": [
					{}
				],
				"scale": [
					{}
				]
			},
			"body8": {
				"rotate": [
					{ "value": -2.2 }
				],
				"translate": [
					{}
				],
				"scale": [
					{}
				]
			},
			"feeling_3": {
				"rotate": [
					{ "value": -84.5 }
				],
				"translate": [
					{ "x": 129.58, "y": -66.01 }
				],
				"scale": [
					{ "x": 0.769, "y": 0.769 }
				]
			},
			"emoji": {
				"rotate": [
					{ "value": 10.94 }
				],
				"translate": [
					{ "x": 1.9, "y": -14.63 }
				],
				"scale": [
					{ "x": -1.098, "y": 1.098 }
				]
			},
			"shouder_1": {
				"rotate": [
					{ "value": -111.16 }
				],
				"translate": [
					{ "x": 23.64, "y": 9.36 }
				],
				"scale": [
					{}
				]
			},
			"arm_1": {
				"rotate": [
					{ "value": 22.63 }
				],
				"translate": [
					{ "x": 2.02, "y": 0.08 }
				],
				"scale": [
					{}
				]
			},
			"shouder_2": {
				"rotate": [
					{ "value": 131.75 }
				],
				"translate": [
					{ "x": 22.96, "y": -1.92 }
				],
				"scale": [
					{}
				]
			},
			"arm_2": {
				"rotate": [
					{ "value": -31.81 }
				],
				"translate": [
					{}
				],
				"scale": [
					{}
				]
			},
			"thigh_1": {
				"rotate": [
					{ "value": 24.72 }
				],
				"translate": [
					{}
				],
				"scale": [
					{}
				]
			},
			"leg_1": {
				"rotate": [
					{}
				],
				"translate": [
					{}
				],
				"scale": [
					{}
				]
			},
			"thigh_2": {
				"rotate": [
					{ "value": 39.21 }
				],
				"translate": [
					{}
				],
				"scale": [
					{}
				]
			},
			"leg_2": {
				"rotate": [
					{ "value": 18.14 }
				],
				"translate": [
					{}
				]
			},
			"foot_2": {
				"rotate": [
					{}
				],
				"translate": [
					{ "x": -79.7, "y": 2.95 }
				]
			},
			"foot_3": {
				"rotate": [
					{}
				],
				"translate": [
					{ "x": 85.94, "y": 0.45 }
				]
			},
			"feeling_5": {
				"rotate": [
					{ "value": -105.03 }
				],
				"translate": [
					{ "x": -30.28, "y": 74.35 }
				],
				"scale": [
					{ "x": 0.446, "y": 0.446 }
				]
			},
			"item_1": {
				"rotate": [
					{ "value": 107.17 }
				],
				"translate": [
					{ "x": 34.55, "y": -243.4 }
				],
				"scale": [
					{ "x": 1.145, "y": 1.145 }
				]
			},
			"feeling_1": {
				"rotate": [
					{ "value": 24.55 }
				],
				"translate": [
					{ "x": -173.1, "y": -112.64 }
				],
				"scale": [
					{ "x": 0.571, "y": 0.571 }
				]
			},
			"move": {
				"translate": [
					{ "x": 119.99, "y": 0.12 }
				],
				"scale": [
					{ "x": -1 }
				]
			},
			"feeling_2": {
				"rotate": [
					{ "value": 18.38 }
				],
				"translate": [
					{ "x": 93.12, "y": -152.28 }
				],
				"scale": [
					{ "x": 1.1, "y": 1.1 }
				]
			},
			"hair_1": {
				"rotate": [
					{ "value": 1.41 }
				],
				"translate": [
					{ "x": 174.15, "y": 572.75 }
				],
				"scale": [
					{ "x": -1.129, "y": 1.129 }
				]
			}
		},
		"ik": {
			"foot_1": [
				{ "stretch": true }
			],
			"foot_2": [
				{ "bendPositive": false, "stretch": true }
			]
		},
		"drawOrder": [
			{
				"offsets": [
					{ "slot": "item", "offset": 15 },
					{ "slot": "shoulder4", "offset": 12 },
					{ "slot": "feeling_5", "offset": 2 }
				]
			}
		]
	}
}
}