{"frames": [

{
	"filename": "bg_thuyen",
	"frame": {"x":171,"y":467,"w":57,"h":1105},
	"rotated": false,
	"trimmed": false,
	"spriteSourceSize": {"x":0,"y":0,"w":57,"h":1105},
	"sourceSize": {"w":57,"h":1105}
},
{
	"filename": "no",
	"frame": {"x":1,"y":269,"w":198,"h":197},
	"rotated": false,
	"trimmed": false,
	"spriteSourceSize": {"x":0,"y":0,"w":198,"h":197},
	"sourceSize": {"w":198,"h":197}
},
{
	"filename": "ruong_mo",
	"frame": {"x":1,"y":467,"w":169,"h":144},
	"rotated": false,
	"trimmed": false,
	"spriteSourceSize": {"x":0,"y":0,"w":169,"h":144},
	"sourceSize": {"w":169,"h":144}
},
{
	"filename": "thung_do_lv_10",
	"frame": {"x":1,"y":729,"w":122,"h":104},
	"rotated": false,
	"trimmed": true,
	"spriteSourceSize": {"x":7,"y":7,"w":122,"h":104},
	"sourceSize": {"w":136,"h":118}
},
{
	"filename": "thung_do_lv_10_hot",
	"frame": {"x":1,"y":612,"w":132,"h":116},
	"rotated": false,
	"trimmed": true,
	"spriteSourceSize": {"x":3,"y":1,"w":132,"h":116},
	"sourceSize": {"w":136,"h":118}
},
{
	"filename": "trap_thung_thuoc_no",
	"frame": {"x":1,"y":1,"w":214,"h":267},
	"rotated": false,
	"trimmed": false,
	"spriteSourceSize": {"x":0,"y":0,"w":214,"h":267},
	"sourceSize": {"w":214,"h":267}
}],
"meta": {
	"app": "https://www.codeandweb.com/texturepacker",
	"version": "1.0",
	"image": "props.png",
	"format": "RGBA8888",
	"size": {"w":229,"h":1573},
	"scale": "1",
	"smartupdate": "$TexturePacker:SmartUpdate:68b197a7a7ad19c57d2b03583fecbf8e:eb27934ac25a5eb852ff90a09802a92c:f4c39b94f5b79b4c461da96ae5609d50$"
}
}
