{
"skeleton": { "hash": "tHuzEv2Yxxk", "spine": "4.1.24", "x": -388.28, "y": -425.09, "width": 724.41, "height": 1282.48 },
"bones": [
	{ "name": "root", "rotation": 0.2 },
	{ "name": "move", "parent": "root", "x": -119.99, "scaleX": -1 },
	{ "name": "main", "parent": "move", "y": 256.6 },
	{ "name": "hip", "parent": "main" },
	{ "name": "body", "parent": "hip", "length": 26.97, "rotation": 90 },
	{ "name": "body2", "parent": "body", "length": 26.97, "x": 26.97 },
	{ "name": "body3", "parent": "body2", "length": 26.97, "x": 26.97 },
	{ "name": "body4", "parent": "body3", "length": 26.97, "rotation": -0.06, "x": 26.97 },
	{ "name": "body5", "parent": "body4", "length": 26.97, "x": 26.97 },
	{ "name": "body6", "parent": "body5", "length": 26.97, "x": 26.97 },
	{ "name": "body7", "parent": "body6", "length": 26.97, "x": 26.97 },
	{ "name": "body8", "parent": "body7", "length": 26.97, "x": 26.97 },
	{ "name": "head", "parent": "body8", "length": 135.67, "x": 24.75 },
	{ "name": "feeling_3", "parent": "head", "rotation": -0.18, "x": 87.53, "y": 30.96 },
	{ "name": "emoji", "parent": "head", "rotation": -90, "x": 62, "y": 1.49 },
	{ "name": "shouder_1", "parent": "body7", "length": 100.06, "rotation": -90, "x": 15.39, "y": 0.02 },
	{ "name": "arm_1", "parent": "shouder_1", "length": 100.06, "x": 94.79 },
	{ "name": "shouder_2", "parent": "body7", "length": 100.06, "rotation": 90, "x": 15.39, "y": 0.02 },
	{ "name": "arm_2", "parent": "shouder_2", "length": 100.06, "x": 94.79 },
	{ "name": "thigh_1", "parent": "main", "length": 134.15, "rotation": -90, "x": -0.54, "y": 4.23 },
	{ "name": "leg_1", "parent": "thigh_1", "length": 134.15, "x": 128.14 },
	{ "name": "thigh_2", "parent": "main", "length": 134.15, "rotation": -90, "x": -0.1, "y": 4.23 },
	{ "name": "leg_2", "parent": "thigh_2", "length": 134.15, "x": 128.14 },
	{ "name": "foot_2", "parent": "move", "x": 0.16, "y": -2.18 },
	{ "name": "foot_3", "parent": "move", "x": 0.1, "y": -2.12 },
	{
		"name": "feeling_5",
		"parent": "head",
		"rotation": -0.18,
		"x": 87.53,
		"y": -25.11,
		"scaleX": 2,
		"scaleY": 2
	},
	{ "name": "item_1", "parent": "move", "x": -1.93, "y": 450.24 },
	{ "name": "feeling_1", "parent": "main", "rotation": -20.17, "x": 72.35, "y": 376.02 },
	{ "name": "feeling_2", "parent": "main", "rotation": -20.17, "x": 72.35, "y": 376.02 },
	{ "name": "hair_1", "parent": "main", "rotation": 0.07, "x": -120, "y": -254.77 },
	{
		"name": "feeling_4",
		"parent": "head",
		"rotation": -0.18,
		"x": 87.53,
		"y": -25.11,
		"scaleX": 2,
		"scaleY": 2
	},
	{ "name": "item_tay", "parent": "arm_2", "x": 101.01, "y": -1.25 }
],
"slots": [
	{ "name": "bg_gane_play", "bone": "root", "color": "ffffff4f" },
	{ "name": "item", "bone": "item_1" },
	{ "name": "body", "bone": "hip", "color": "000000ff", "attachment": "body" },
	{ "name": "shoulder1", "bone": "shouder_1", "color": "000000ff" },
	{ "name": "shoulder3", "bone": "shouder_2", "color": "000000ff" },
	{ "name": "shoulder2", "bone": "arm_1", "color": "000000ff" },
	{ "name": "shoulder4", "bone": "arm_2", "color": "000000ff" },
	{ "name": "thigh", "bone": "thigh_1", "color": "000000ff", "attachment": "thigh" },
	{ "name": "thigh3", "bone": "thigh_2", "color": "000000ff", "attachment": "thigh" },
	{ "name": "thigh2", "bone": "leg_1", "color": "000000ff", "attachment": "thigh" },
	{ "name": "thigh4", "bone": "leg_2", "color": "000000ff", "attachment": "thigh" },
	{ "name": "head", "bone": "head", "attachment": "head" },
	{ "name": "hair", "bone": "hair_1" },
	{ "name": "Emoji", "bone": "emoji" },
	{ "name": "feeling_3", "bone": "feeling_3", "color": "000000ff" },
	{ "name": "feeling_5", "bone": "feeling_5" },
	{ "name": "feeling_4", "bone": "feeling_4" },
	{ "name": "feeling_1", "bone": "feeling_1" },
	{ "name": "feeling_2", "bone": "feeling_2" },
	{ "name": "item_tay", "bone": "item_tay" }
],
"ik": [
	{
		"name": "foot_1",
		"bones": [ "thigh_1", "leg_1" ],
		"target": "foot_2",
		"mix": 0,
		"stretch": true
	},
	{
		"name": "foot_2",
		"order": 1,
		"bones": [ "thigh_2", "leg_2" ],
		"target": "foot_3",
		"mix": 0,
		"stretch": true
	}
],
"skins": [
	{
		"name": "default",
		"attachments": {
			"body": {
				"body": {
					"type": "mesh",
					"uvs": [ 1, 1, 0, 1, 0, 0.875, 0, 0.75, 0, 0.625, 0, 0.5, 0, 0.375, 0, 0.25, 0, 0.125, 0, 0, 1, 0, 1, 0.125, 1, 0.25, 1, 0.375, 1, 0.5, 1, 0.625, 1, 0.75, 1, 0.875 ],
					"triangles": [ 8, 9, 10, 11, 8, 10, 7, 8, 11, 12, 7, 11, 6, 7, 12, 13, 6, 12, 5, 6, 13, 14, 5, 13, 4, 5, 14, 15, 4, 14, 3, 4, 15, 16, 3, 15, 2, 3, 16, 17, 2, 16, 1, 2, 17, 0, 1, 17 ],
					"vertices": [ 1, 4, -1.7, -5.5, 1, 1, 4, -1.7, 5.5, 1, 2, 4, 25.68, 5.5, 0.70301, 5, -1.29, 5.5, 0.29699, 2, 5, 26.08, 5.5, 0.65569, 6, -0.88, 5.5, 0.34431, 2, 6, 26.49, 5.5, 0.55905, 7, -0.48, 5.5, 0.44095, 2, 7, 26.9, 5.5, 0.51367, 8, -0.07, 5.5, 0.48633, 2, 8, 27.3, 5.5, 0.41705, 9, 0.33, 5.5, 0.58295, 2, 9, 27.71, 5.5, 0.38565, 10, 0.74, 5.5, 0.61435, 2, 10, 28.11, 5.5, 0.36868, 11, 1.14, 5.5, 0.63132, 1, 11, 28.52, 5.5, 1, 1, 11, 28.52, -5.5, 1, 2, 10, 28.11, -5.5, 0.3064, 11, 1.14, -5.5, 0.6936, 2, 9, 27.71, -5.5, 0.40945, 10, 0.74, -5.5, 0.59055, 2, 8, 27.3, -5.5, 0.44404, 9, 0.33, -5.5, 0.55596, 2, 7, 26.9, -5.5, 0.52991, 8, -0.07, -5.5, 0.47009, 2, 6, 26.49, -5.5, 0.58474, 7, -0.48, -5.5, 0.41526, 2, 5, 26.08, -5.5, 0.62061, 6, -0.88, -5.5, 0.37939, 2, 4, 25.68, -5.5, 0.65664, 5, -1.29, -5.5, 0.34336 ],
					"hull": 18
				}
			},
			"Emoji": {
				"Emoji/emo_7": { "width": 76, "height": 96 },
				"Emoji/emo_10": { "x": 0.5, "width": 95, "height": 60 },
				"Emoji/emo_30": { "x": 0.5, "y": 0.5, "width": 141, "height": 117 },
				"Emoji/emo_92": { "y": 0.5, "width": 92, "height": 97 },
				"Emoji/emo_100": { "x": 0.51, "y": 12.13, "width": 133, "height": 152 },
				"Emoji/new/emo_31_b": { "x": 0.5, "y": 0.5, "width": 78, "height": 83 }
			},
			"feeling_1": {
				"cai_no": { "width": 49, "height": 30 },
				"Emoji/hoi_cham": { "scaleX": 1.6014, "scaleY": 1.3256, "width": 30, "height": 52 }
			},
			"feeling_2": {
				"Emoji/hoi_cham": { "width": 30, "height": 52 },
				"giat_minh": { "x": 0.5, "y": 0.5, "width": 70, "height": 66 },
				"mo_hoi": { "x": 0.5, "y": 0.5, "width": 19, "height": 41 }
			},
			"feeling_3": {
				"giat_minh": { "rotation": -96.51, "width": 70, "height": 66 }
			},
			"feeling_4": {
				"cham_than": { "x": 0.5, "y": 0.5, "rotation": -270, "width": 17, "height": 57 }
			},
			"feeling_5": {
				"cauco": { "y": 0.5, "width": 50, "height": 45 },
				"scare": { "y": 0.5, "width": 80, "height": 83 }
			},
			"hair": {
				"hair/man/toc_8": { "x": 0.5, "width": 133, "height": 84 }
			},
			"head": {
				"head": { "x": 68.85, "rotation": -89.87, "width": 144, "height": 144 }
			},
			"shoulder1": {
				"shoulder": { "x": 49.22, "rotation": -90, "width": 15, "height": 105 }
			},
			"shoulder2": {
				"shoulder": { "x": 49.22, "rotation": -90, "width": 15, "height": 105 }
			},
			"shoulder3": {
				"shoulder": { "x": 49.22, "rotation": -90, "width": 15, "height": 105 }
			},
			"shoulder4": {
				"shoulder": { "x": 50.57, "rotation": -90, "width": 15, "height": 105 }
			},
			"thigh": {
				"thigh": { "x": 66.01, "rotation": -90, "width": 14, "height": 137 }
			},
			"thigh2": {
				"thigh": { "x": 66.01, "rotation": -90, "width": 14, "height": 137 }
			},
			"thigh3": {
				"thigh": { "x": 66.01, "rotation": -90, "width": 14, "height": 137 }
			},
			"thigh4": {
				"thigh": { "x": 66.01, "rotation": -90, "width": 14, "height": 137 }
			}
		}
	}
],
"animations": {
	"t_308_1_be": {
		"slots": {
			"body": {
				"rgba": [
					{ "color": "000000ff" }
				]
			},
			"Emoji": {
				"attachment": [
					{ "name": "Emoji/new/emo_31_b" }
				]
			},
			"feeling_1": {
				"attachment": [
					{ "name": "cai_no" }
				]
			},
			"feeling_3": {
				"attachment": [
					{}
				]
			},
			"feeling_5": {
				"attachment": [
					{}
				]
			},
			"head": {
				"rgba": [
					{ "color": "ffffffff" }
				],
				"attachment": [
					{ "name": "head" }
				]
			},
			"shoulder1": {
				"rgba": [
					{ "color": "000000ff" }
				],
				"attachment": [
					{ "name": "shoulder" }
				]
			},
			"shoulder2": {
				"rgba": [
					{ "color": "000000ff" }
				],
				"attachment": [
					{ "name": "shoulder" }
				]
			},
			"shoulder3": {
				"rgba": [
					{ "color": "000000ff" }
				],
				"attachment": [
					{}
				]
			},
			"shoulder4": {
				"rgba": [
					{ "color": "000000ff" }
				],
				"attachment": [
					{}
				]
			},
			"thigh": {
				"rgba": [
					{ "color": "000000ff" }
				]
			},
			"thigh2": {
				"rgba": [
					{ "color": "000000ff" }
				]
			},
			"thigh3": {
				"rgba": [
					{ "color": "000000ff" }
				]
			},
			"thigh4": {
				"rgba": [
					{ "color": "000000ff" }
				]
			}
		},
		"bones": {
			"head": {
				"rotate": [
					{ "value": 2 }
				],
				"translate": [
					{ "x": -33.25, "y": -0.02 }
				],
				"scale": [
					{}
				]
			},
			"root": {
				"rotate": [
					{}
				],
				"translate": [
					{}
				]
			},
			"main": {
				"rotate": [
					{ "value": 1.69 }
				],
				"translate": [
					{ "x": -2.54, "y": -6.43 }
				]
			},
			"hip": {
				"rotate": [
					{}
				],
				"translate": [
					{}
				]
			},
			"body": {
				"rotate": [
					{ "value": -0.45 }
				],
				"translate": [
					{}
				],
				"scale": [
					{}
				]
			},
			"body2": {
				"rotate": [
					{ "value": -0.45 }
				],
				"translate": [
					{}
				],
				"scale": [
					{}
				]
			},
			"body3": {
				"rotate": [
					{ "value": -0.45 }
				],
				"translate": [
					{}
				],
				"scale": [
					{}
				]
			},
			"body4": {
				"rotate": [
					{ "value": -0.45 }
				],
				"translate": [
					{}
				],
				"scale": [
					{}
				]
			},
			"body5": {
				"rotate": [
					{ "value": -0.45 }
				],
				"translate": [
					{}
				],
				"scale": [
					{}
				]
			},
			"body6": {
				"rotate": [
					{ "value": -0.45 }
				],
				"translate": [
					{}
				],
				"scale": [
					{}
				]
			},
			"body7": {
				"rotate": [
					{ "value": -0.45 }
				],
				"translate": [
					{}
				],
				"scale": [
					{}
				]
			},
			"body8": {
				"rotate": [
					{ "value": -0.45 }
				],
				"translate": [
					{}
				],
				"scale": [
					{}
				]
			},
			"feeling_3": {
				"rotate": [
					{}
				],
				"translate": [
					{}
				]
			},
			"emoji": {
				"rotate": [
					{ "value": -13.84 }
				],
				"translate": [
					{ "x": 8.4, "y": 13.86 }
				],
				"scale": [
					{ "x": 1.134, "y": 1.134 }
				]
			},
			"shouder_1": {
				"rotate": [
					{ "value": -64.73 }
				],
				"translate": [
					{ "x": -3.76, "y": -2.99 }
				],
				"scale": [
					{}
				]
			},
			"arm_1": {
				"rotate": [
					{ "value": -27.49 }
				],
				"translate": [
					{ "x": 2.02, "y": 0.08 }
				],
				"scale": [
					{}
				]
			},
			"shouder_2": {
				"rotate": [
					{ "value": 60.83 }
				],
				"translate": [
					{ "x": -4.69, "y": -1.29 }
				],
				"scale": [
					{}
				]
			},
			"arm_2": {
				"rotate": [
					{ "value": -15.89 }
				],
				"translate": [
					{}
				],
				"scale": [
					{}
				]
			},
			"thigh_1": {
				"rotate": [
					{ "value": 24.72 }
				],
				"translate": [
					{}
				],
				"scale": [
					{ "x": 1.019 }
				]
			},
			"leg_1": {
				"rotate": [
					{}
				],
				"translate": [
					{}
				]
			},
			"thigh_2": {
				"rotate": [
					{ "value": 39.21 }
				],
				"translate": [
					{}
				],
				"scale": [
					{}
				]
			},
			"leg_2": {
				"rotate": [
					{ "value": 18.14 }
				],
				"translate": [
					{}
				]
			},
			"foot_2": {
				"rotate": [
					{}
				],
				"translate": [
					{ "x": -59.06, "y": 2.5 }
				]
			},
			"foot_3": {
				"rotate": [
					{}
				],
				"translate": [
					{ "x": 28.14, "y": 1.13 }
				]
			},
			"feeling_5": {
				"rotate": [
					{}
				],
				"translate": [
					{}
				]
			},
			"feeling_1": {
				"rotate": [
					{ "value": 15.38 }
				],
				"translate": [
					{ "x": -66.91, "y": -205.93 }
				],
				"scale": [
					{ "x": 1.404, "y": 1.404 }
				]
			},
			"move": {
				"translate": [
					{ "x": 119.99, "y": -0.41 }
				]
			}
		},
		"ik": {
			"foot_1": [
				{ "stretch": true }
			],
			"foot_2": [
				{ "stretch": true }
			]
		},
		"drawOrder": [
			{
				"offsets": [
					{ "slot": "shoulder1", "offset": 10 },
					{ "slot": "shoulder3", "offset": 0 },
					{ "slot": "shoulder2", "offset": 9 }
				]
			}
		]
	},
	"t_308_1_lose": {
		"slots": {
			"body": {
				"rgba": [
					{ "color": "000000ff" }
				]
			},
			"Emoji": {
				"attachment": [
					{ "name": "Emoji/emo_30" }
				]
			},
			"feeling_1": {
				"rgba": [
					{ "color": "ffffffff" }
				],
				"attachment": [
					{}
				]
			},
			"feeling_2": {
				"attachment": [
					{ "name": "mo_hoi" }
				]
			},
			"feeling_3": {
				"rgba": [
					{ "color": "ffffffff" }
				],
				"attachment": [
					{ "name": "giat_minh" }
				]
			},
			"feeling_4": {
				"attachment": [
					{ "name": "cham_than" }
				]
			},
			"feeling_5": {
				"attachment": [
					{ "name": "scare" }
				]
			},
			"hair": {
				"attachment": [
					{}
				]
			},
			"head": {
				"rgba": [
					{ "color": "ffffffff" }
				]
			},
			"shoulder1": {
				"rgba": [
					{ "color": "000000ff" }
				],
				"attachment": [
					{ "name": "shoulder" }
				]
			},
			"shoulder2": {
				"rgba": [
					{ "color": "000000ff" }
				],
				"attachment": [
					{ "name": "shoulder" }
				]
			},
			"shoulder3": {
				"rgba": [
					{ "color": "000000ff" }
				],
				"attachment": [
					{ "name": "shoulder" }
				]
			},
			"shoulder4": {
				"rgba": [
					{ "color": "000000ff" }
				],
				"attachment": [
					{ "name": "shoulder" }
				]
			},
			"thigh": {
				"rgba": [
					{ "color": "000000ff" }
				]
			},
			"thigh2": {
				"rgba": [
					{ "color": "000000ff" }
				]
			},
			"thigh3": {
				"rgba": [
					{ "color": "000000ff" }
				]
			},
			"thigh4": {
				"rgba": [
					{ "color": "000000ff" }
				]
			}
		},
		"bones": {
			"head": {
				"rotate": [
					{ "value": 0.17 }
				],
				"translate": [
					{ "x": -12.33, "y": 4.07 }
				],
				"scale": [
					{}
				]
			},
			"root": {
				"rotate": [
					{}
				],
				"translate": [
					{}
				]
			},
			"main": {
				"rotate": [
					{ "value": 9.14 }
				],
				"translate": [
					{ "x": 29.93, "y": -58.57 }
				]
			},
			"hip": {
				"rotate": [
					{ "value": -9.38 }
				],
				"translate": [
					{}
				]
			},
			"body": {
				"rotate": [
					{ "value": -0.26 }
				],
				"translate": [
					{}
				]
			},
			"body2": {
				"rotate": [
					{ "value": -0.26 }
				],
				"translate": [
					{}
				]
			},
			"body3": {
				"rotate": [
					{ "value": -0.26 }
				],
				"translate": [
					{}
				]
			},
			"body4": {
				"rotate": [
					{ "value": -0.26 }
				],
				"translate": [
					{}
				]
			},
			"body5": {
				"rotate": [
					{ "value": -0.26 }
				],
				"translate": [
					{}
				]
			},
			"body6": {
				"rotate": [
					{ "value": -0.26 }
				],
				"translate": [
					{}
				]
			},
			"body7": {
				"rotate": [
					{ "value": -0.26 }
				],
				"translate": [
					{}
				]
			},
			"body8": {
				"rotate": [
					{ "value": -0.26 }
				],
				"translate": [
					{}
				]
			},
			"feeling_3": {
				"rotate": [
					{ "value": 3.24 }
				],
				"translate": [
					{ "x": 62.42, "y": 64.18 }
				],
				"scale": [
					{ "x": 1.007, "y": -1.007 }
				]
			},
			"emoji": {
				"rotate": [
					{ "value": -22.37 }
				],
				"translate": [
					{ "x": 14.64, "y": 18.94 }
				],
				"scale": [
					{ "x": -0.943, "y": 0.96 }
				]
			},
			"shouder_1": {
				"rotate": [
					{ "value": -63.02 }
				],
				"translate": [
					{ "x": 29.93, "y": 2.56 }
				],
				"scale": [
					{}
				],
				"shear": [
					{}
				]
			},
			"arm_1": {
				"rotate": [
					{ "value": -23.52 }
				],
				"translate": [
					{ "x": 2.02, "y": 0.08 }
				],
				"scale": [
					{}
				]
			},
			"shouder_2": {
				"rotate": [
					{ "value": 55.52 }
				],
				"translate": [
					{ "x": 24.75, "y": -0.32 }
				],
				"scale": [
					{}
				]
			},
			"arm_2": {
				"rotate": [
					{ "value": -18.84 }
				],
				"translate": [
					{}
				],
				"scale": [
					{}
				]
			},
			"thigh_1": {
				"rotate": [
					{}
				],
				"translate": [
					{}
				]
			},
			"leg_1": {
				"rotate": [
					{}
				],
				"translate": [
					{}
				]
			},
			"thigh_2": {
				"rotate": [
					{}
				],
				"translate": [
					{}
				]
			},
			"leg_2": {
				"rotate": [
					{}
				],
				"translate": [
					{}
				]
			},
			"foot_2": {
				"rotate": [
					{}
				],
				"translate": [
					{ "x": -101.22, "y": 4.02 }
				]
			},
			"foot_3": {
				"rotate": [
					{}
				],
				"translate": [
					{ "x": 133.86, "y": 2.23 }
				]
			},
			"feeling_5": {
				"rotate": [
					{ "value": 113.18 }
				],
				"translate": [
					{ "x": 21.79, "y": -72.19 }
				],
				"scale": [
					{ "x": 0.821, "y": 0.821 }
				]
			},
			"feeling_1": {
				"rotate": [
					{}
				],
				"translate": [
					{ "x": 71.73, "y": -47.3 }
				],
				"scale": [
					{}
				]
			},
			"feeling_2": {
				"rotate": [
					{ "value": 3.42 }
				],
				"translate": [
					{ "x": 14.42, "y": -114.36 }
				],
				"scale": [
					{ "x": 0.857, "y": 0.857 }
				]
			},
			"move": {
				"translate": [
					{ "x": 119.99 }
				],
				"scale": [
					{}
				]
			},
			"hair_1": {
				"rotate": [
					{ "value": -29.63 }
				],
				"translate": [
					{ "x": 108.44, "y": 615.34 }
				],
				"scale": [
					{ "x": 0.924, "y": 0.924 }
				]
			},
			"feeling_4": {
				"rotate": [
					{ "value": 169.38 }
				],
				"translate": [
					{ "x": 82.13, "y": -75.43 }
				],
				"scale": [
					{ "x": 0.948, "y": 0.948 }
				]
			}
		},
		"ik": {
			"foot_1": [
				{ "stretch": true }
			],
			"foot_2": [
				{ "stretch": true }
			]
		},
		"drawOrder": [
			{
				"offsets": [
					{ "slot": "shoulder2", "offset": 11 },
					{ "slot": "shoulder4", "offset": -3 }
				]
			}
		]
	},
	"t_308_1_win": {
		"slots": {
			"body": {
				"rgba": [
					{ "color": "000000ff" }
				]
			},
			"Emoji": {
				"attachment": [
					{ "name": "Emoji/emo_92" }
				]
			},
			"feeling_1": {
				"attachment": [
					{ "name": "cai_no" }
				]
			},
			"feeling_2": {
				"attachment": [
					{}
				]
			},
			"feeling_3": {
				"rgba": [
					{ "color": "ffffffff" }
				],
				"attachment": [
					{}
				]
			},
			"feeling_5": {
				"attachment": [
					{}
				]
			},
			"hair": {
				"attachment": [
					{}
				]
			},
			"shoulder1": {
				"rgba": [
					{ "color": "000000ff" }
				],
				"attachment": [
					{ "name": "shoulder" }
				]
			},
			"shoulder2": {
				"rgba": [
					{ "color": "000000ff" }
				],
				"attachment": [
					{ "name": "shoulder" }
				]
			},
			"shoulder3": {
				"rgba": [
					{ "color": "000000ff" }
				],
				"attachment": [
					{ "name": "shoulder" }
				]
			},
			"shoulder4": {
				"rgba": [
					{ "color": "000000ff" }
				],
				"attachment": [
					{ "name": "shoulder" }
				]
			},
			"thigh": {
				"rgba": [
					{ "color": "000000ff" }
				]
			},
			"thigh2": {
				"rgba": [
					{ "color": "000000ff" }
				]
			},
			"thigh3": {
				"rgba": [
					{ "color": "000000ff" }
				]
			},
			"thigh4": {
				"rgba": [
					{ "color": "000000ff" }
				]
			}
		},
		"bones": {
			"body": {
				"rotate": [
					{ "value": 21.69 }
				]
			},
			"body2": {
				"rotate": [
					{ "value": 2.87 }
				]
			},
			"body3": {
				"rotate": [
					{ "value": 5.24 }
				]
			},
			"body4": {
				"rotate": [
					{ "value": 5.18 }
				]
			},
			"body5": {
				"rotate": [
					{ "value": 2.9 }
				]
			},
			"body6": {
				"rotate": [
					{ "value": 3.31 }
				]
			},
			"body7": {
				"rotate": [
					{ "value": 4.88 }
				]
			},
			"body8": {
				"rotate": [
					{ "value": 0.28 }
				],
				"translate": [
					{ "x": 10.92, "y": -0.52 }
				]
			},
			"thigh_1": {
				"rotate": [
					{ "value": 26.16 }
				]
			},
			"leg_1": {
				"rotate": [
					{ "value": 72.18 }
				],
				"scale": [
					{ "x": 1.074 }
				]
			},
			"main": {
				"rotate": [
					{ "value": -22.04 }
				],
				"translate": [
					{ "x": 5.27, "y": -32.98 }
				]
			},
			"head": {
				"rotate": [
					{ "value": 173.67 }
				],
				"translate": [
					{ "x": -10.38, "y": -1.15 }
				],
				"scale": [
					{ "x": -1 }
				]
			},
			"shouder_1": {
				"rotate": [
					{ "value": -149.7 }
				],
				"translate": [
					{ "x": 29.26, "y": 0.29 }
				],
				"scale": [
					{}
				]
			},
			"arm_1": {
				"rotate": [
					{ "value": -44.66 }
				]
			},
			"shouder_2": {
				"rotate": [
					{ "value": 40.79 }
				],
				"translate": [
					{ "x": 26.93, "y": 1.83 }
				],
				"scale": [
					{}
				]
			},
			"arm_2": {
				"rotate": [
					{ "value": -62.22 }
				],
				"scale": [
					{}
				]
			},
			"thigh_2": {
				"rotate": [
					{ "value": -82.1 }
				],
				"scale": [
					{}
				]
			},
			"leg_2": {
				"rotate": [
					{ "value": 49.36 }
				],
				"scale": [
					{}
				]
			},
			"emoji": {
				"rotate": [
					{ "value": -0.13 }
				],
				"translate": [
					{ "x": -1.72, "y": -17.36 }
				],
				"scale": [
					{ "x": 1.073, "y": 1.073 }
				]
			},
			"feeling_3": {
				"rotate": [
					{ "value": 11.38 }
				],
				"translate": [
					{ "x": -32.05, "y": -108.63 }
				],
				"scale": [
					{ "x": 0.932, "y": 0.932 }
				]
			},
			"feeling_5": {
				"rotate": [
					{ "value": -84.16 }
				],
				"translate": [
					{ "x": -22.98, "y": -27.73 }
				],
				"scale": [
					{ "x": 0.435, "y": 0.435 }
				]
			},
			"move": {
				"translate": [
					{ "x": 119.99 }
				],
				"scale": [
					{ "x": -1 }
				]
			},
			"feeling_1": {
				"rotate": [
					{ "value": 71.14 }
				],
				"translate": [
					{ "x": -187.44, "y": -212.14 }
				],
				"scale": [
					{ "x": 1.141, "y": 1.141 }
				]
			},
			"feeling_2": {
				"rotate": [
					{ "value": 39.48 }
				],
				"translate": [
					{ "x": -245.66, "y": -32.89 }
				],
				"scale": [
					{ "x": 1.921, "y": 1.921 }
				]
			},
			"foot_2": {
				"rotate": [
					{ "value": -13.59 }
				],
				"translate": [
					{ "x": -96.93, "y": 5.43 }
				]
			},
			"foot_3": {
				"rotate": [
					{ "value": 4.81 }
				],
				"translate": [
					{ "x": 71.45, "y": 2.21 }
				]
			},
			"hair_1": {
				"rotate": [
					{ "value": 22.86 }
				],
				"translate": [
					{ "x": 38.8, "y": 525.87 }
				],
				"scale": [
					{ "x": 1.497, "y": 1.497 }
				]
			},
			"item_tay": {
				"rotate": [
					{ "value": -8.24 }
				]
			}
		},
		"ik": {
			"foot_1": [
				{ "stretch": true }
			],
			"foot_2": [
				{ "stretch": true }
			]
		},
		"drawOrder": [
			{
				"offsets": [
					{ "slot": "feeling_1", "offset": -7 }
				]
			}
		]
	},
	"t_308_2_be": {
		"slots": {
			"body": {
				"rgba": [
					{ "color": "000000ff" }
				]
			},
			"Emoji": {
				"attachment": [
					{ "name": "Emoji/emo_10" }
				]
			},
			"feeling_1": {
				"attachment": [
					{ "name": "cai_no" }
				]
			},
			"feeling_2": {
				"attachment": [
					{}
				]
			},
			"feeling_3": {
				"attachment": [
					{}
				]
			},
			"feeling_5": {
				"attachment": [
					{}
				]
			},
			"hair": {
				"attachment": [
					{ "name": "hair/man/toc_8" }
				]
			},
			"head": {
				"rgba": [
					{ "color": "ffffffff" }
				],
				"attachment": [
					{ "name": "head" }
				]
			},
			"shoulder1": {
				"rgba": [
					{ "color": "000000ff" }
				],
				"attachment": [
					{ "name": "shoulder" }
				]
			},
			"shoulder2": {
				"rgba": [
					{ "color": "ffffffff" }
				],
				"attachment": [
					{ "name": "shoulder" }
				]
			},
			"shoulder3": {
				"rgba": [
					{ "color": "000000ff" }
				],
				"attachment": [
					{ "name": "shoulder" }
				]
			},
			"shoulder4": {
				"rgba": [
					{ "color": "ffffffff" }
				],
				"attachment": [
					{ "name": "shoulder" }
				]
			},
			"thigh": {
				"rgba": [
					{ "color": "000000ff" }
				]
			},
			"thigh2": {
				"rgba": [
					{ "color": "000000ff" }
				]
			},
			"thigh3": {
				"rgba": [
					{ "color": "000000ff" }
				]
			},
			"thigh4": {
				"rgba": [
					{ "color": "000000ff" }
				]
			}
		},
		"bones": {
			"head": {
				"rotate": [
					{ "value": -13.54 }
				],
				"translate": [
					{ "x": -12.01, "y": 12.35 }
				],
				"scale": [
					{}
				]
			},
			"root": {
				"rotate": [
					{}
				],
				"translate": [
					{}
				]
			},
			"main": {
				"rotate": [
					{ "value": 0.75 }
				],
				"translate": [
					{ "x": 12.69, "y": -136.45 }
				]
			},
			"hip": {
				"rotate": [
					{}
				],
				"translate": [
					{}
				]
			},
			"body": {
				"rotate": [
					{ "value": -0.07 }
				],
				"translate": [
					{}
				],
				"scale": [
					{}
				]
			},
			"body2": {
				"rotate": [
					{ "value": -0.07 }
				],
				"translate": [
					{}
				],
				"scale": [
					{}
				]
			},
			"body3": {
				"rotate": [
					{ "value": -0.07 }
				],
				"translate": [
					{}
				],
				"scale": [
					{}
				]
			},
			"body4": {
				"rotate": [
					{ "value": -0.07 }
				],
				"translate": [
					{}
				],
				"scale": [
					{}
				]
			},
			"body5": {
				"rotate": [
					{ "value": -0.07 }
				],
				"translate": [
					{}
				],
				"scale": [
					{}
				]
			},
			"body6": {
				"rotate": [
					{ "value": -0.07 }
				],
				"translate": [
					{}
				],
				"scale": [
					{}
				]
			},
			"body7": {
				"rotate": [
					{ "value": -0.07 }
				],
				"translate": [
					{}
				],
				"scale": [
					{}
				]
			},
			"body8": {
				"rotate": [
					{ "value": -0.07 }
				],
				"translate": [
					{}
				],
				"scale": [
					{}
				]
			},
			"feeling_3": {
				"rotate": [
					{}
				],
				"translate": [
					{}
				]
			},
			"emoji": {
				"rotate": [
					{ "value": -2.22 }
				],
				"translate": [
					{ "x": -8.66, "y": 15.88 }
				],
				"scale": [
					{ "x": 1.059, "y": 1.059 }
				]
			},
			"shouder_1": {
				"rotate": [
					{ "value": -178.75 }
				],
				"translate": [
					{ "x": 14.41, "y": -1.24 }
				],
				"scale": [
					{}
				]
			},
			"arm_1": {
				"rotate": [
					{ "value": -44.09 }
				],
				"translate": [
					{ "x": 2.02, "y": 0.08 }
				],
				"scale": [
					{}
				]
			},
			"shouder_2": {
				"rotate": [
					{ "value": -8.91 }
				],
				"translate": [
					{ "x": 11.42, "y": -1.41 }
				],
				"scale": [
					{}
				]
			},
			"arm_2": {
				"rotate": [
					{ "value": -31.36 }
				],
				"translate": [
					{}
				],
				"scale": [
					{}
				]
			},
			"thigh_1": {
				"rotate": [
					{ "value": 24.72 }
				],
				"translate": [
					{}
				],
				"scale": [
					{}
				]
			},
			"leg_1": {
				"rotate": [
					{}
				],
				"translate": [
					{}
				],
				"scale": [
					{}
				]
			},
			"thigh_2": {
				"rotate": [
					{ "value": 39.21 }
				],
				"translate": [
					{}
				],
				"scale": [
					{}
				]
			},
			"leg_2": {
				"rotate": [
					{ "value": 18.14 }
				],
				"translate": [
					{}
				]
			},
			"foot_2": {
				"rotate": [
					{}
				],
				"translate": [
					{ "x": -121.38, "y": 0.92 }
				]
			},
			"foot_3": {
				"rotate": [
					{}
				],
				"translate": [
					{ "x": 136.15, "y": 4.26 }
				]
			},
			"feeling_5": {
				"rotate": [
					{ "value": -85.37 }
				],
				"translate": [
					{ "x": 129.84, "y": -26.18 }
				],
				"scale": [
					{ "x": 1.226, "y": 1.226 }
				]
			},
			"item_1": {
				"rotate": [
					{ "value": 1.78 }
				],
				"translate": [
					{ "x": -194.88, "y": 161.35 }
				],
				"scale": [
					{ "x": 1.145, "y": 1.145 }
				]
			},
			"feeling_1": {
				"rotate": [
					{ "value": 5.55 }
				],
				"translate": [
					{ "x": -82.73, "y": -187.22 }
				],
				"scale": [
					{ "x": 1.266, "y": 1.266 }
				]
			},
			"move": {
				"translate": [
					{ "x": 119.99, "y": 0.12 }
				],
				"scale": [
					{}
				]
			},
			"feeling_2": {
				"rotate": [
					{ "value": 27.82 }
				],
				"translate": [
					{ "x": -9.35, "y": -46.04 }
				],
				"scale": [
					{ "x": 0.876, "y": 0.876 }
				]
			},
			"hair_1": {
				"rotate": [
					{ "value": -15.38 }
				],
				"translate": [
					{ "x": 135.66, "y": 576 }
				],
				"scale": [
					{ "x": 1.155, "y": 1.155 }
				]
			}
		},
		"ik": {
			"foot_1": [
				{ "stretch": true }
			],
			"foot_2": [
				{ "stretch": true }
			]
		},
		"drawOrder": [
			{
				"offsets": [
					{ "slot": "item", "offset": 15 },
					{ "slot": "shoulder4", "offset": 12 },
					{ "slot": "feeling_5", "offset": 2 }
				]
			}
		]
	},
	"t_308_2_lose": {
		"slots": {
			"body": {
				"rgba": [
					{ "color": "000000ff" }
				]
			},
			"Emoji": {
				"attachment": [
					{ "name": "Emoji/emo_100" }
				]
			},
			"feeling_1": {
				"attachment": [
					{ "name": "cai_no" }
				]
			},
			"feeling_2": {
				"attachment": [
					{ "name": "giat_minh" }
				]
			},
			"feeling_3": {
				"attachment": [
					{}
				]
			},
			"feeling_5": {
				"attachment": [
					{ "name": "cauco" }
				]
			},
			"hair": {
				"attachment": [
					{ "name": "hair/man/toc_8" }
				]
			},
			"head": {
				"rgba": [
					{ "color": "ffffffff" }
				],
				"attachment": [
					{ "name": "head" }
				]
			},
			"shoulder1": {
				"rgba": [
					{ "color": "000000ff" }
				],
				"attachment": [
					{ "name": "shoulder" }
				]
			},
			"shoulder2": {
				"rgba": [
					{ "color": "ffffffff" }
				],
				"attachment": [
					{ "name": "shoulder" }
				]
			},
			"shoulder3": {
				"rgba": [
					{ "color": "000000ff" }
				],
				"attachment": [
					{ "name": "shoulder" }
				]
			},
			"shoulder4": {
				"rgba": [
					{ "color": "ffffffff" }
				],
				"attachment": [
					{ "name": "shoulder" }
				]
			},
			"thigh": {
				"rgba": [
					{ "color": "000000ff" }
				]
			},
			"thigh2": {
				"rgba": [
					{ "color": "000000ff" }
				]
			},
			"thigh3": {
				"rgba": [
					{ "color": "000000ff" }
				]
			},
			"thigh4": {
				"rgba": [
					{ "color": "000000ff" }
				]
			}
		},
		"bones": {
			"head": {
				"rotate": [
					{ "value": 4.91 }
				],
				"translate": [
					{ "x": -15.06, "y": -4.5 }
				],
				"scale": [
					{}
				]
			},
			"root": {
				"rotate": [
					{}
				],
				"translate": [
					{}
				]
			},
			"main": {
				"rotate": [
					{ "value": 0.75 }
				],
				"translate": [
					{ "x": 12.69, "y": -136.45 }
				]
			},
			"hip": {
				"rotate": [
					{}
				],
				"translate": [
					{}
				]
			},
			"body": {
				"rotate": [
					{ "value": -0.07 }
				],
				"translate": [
					{}
				],
				"scale": [
					{}
				]
			},
			"body2": {
				"rotate": [
					{ "value": -0.07 }
				],
				"translate": [
					{}
				],
				"scale": [
					{}
				]
			},
			"body3": {
				"rotate": [
					{ "value": -0.07 }
				],
				"translate": [
					{}
				],
				"scale": [
					{}
				]
			},
			"body4": {
				"rotate": [
					{ "value": -0.07 }
				],
				"translate": [
					{}
				],
				"scale": [
					{}
				]
			},
			"body5": {
				"rotate": [
					{ "value": -0.07 }
				],
				"translate": [
					{}
				],
				"scale": [
					{}
				]
			},
			"body6": {
				"rotate": [
					{ "value": -0.07 }
				],
				"translate": [
					{}
				],
				"scale": [
					{}
				]
			},
			"body7": {
				"rotate": [
					{ "value": -0.07 }
				],
				"translate": [
					{}
				],
				"scale": [
					{}
				]
			},
			"body8": {
				"rotate": [
					{ "value": -0.07 }
				],
				"translate": [
					{}
				],
				"scale": [
					{}
				]
			},
			"feeling_3": {
				"rotate": [
					{}
				],
				"translate": [
					{}
				]
			},
			"emoji": {
				"rotate": [
					{ "value": -5.29 }
				],
				"translate": [
					{ "x": 2, "y": -3.48 }
				],
				"scale": [
					{ "x": 0.983, "y": 0.983 }
				]
			},
			"shouder_1": {
				"rotate": [
					{ "value": -59.82 }
				],
				"translate": [
					{ "x": 14.41, "y": -1.24 }
				],
				"scale": [
					{}
				]
			},
			"arm_1": {
				"rotate": [
					{ "value": -32.74 }
				],
				"translate": [
					{ "x": 2.02, "y": 0.08 }
				],
				"scale": [
					{}
				]
			},
			"shouder_2": {
				"rotate": [
					{ "value": 40.95 }
				],
				"translate": [
					{ "x": 11.42, "y": -1.41 }
				],
				"scale": [
					{}
				]
			},
			"arm_2": {
				"rotate": [
					{ "value": -39.47 }
				],
				"translate": [
					{}
				],
				"scale": [
					{}
				]
			},
			"thigh_1": {
				"rotate": [
					{ "value": 24.72 }
				],
				"translate": [
					{}
				],
				"scale": [
					{}
				]
			},
			"leg_1": {
				"rotate": [
					{}
				],
				"translate": [
					{}
				],
				"scale": [
					{}
				]
			},
			"thigh_2": {
				"rotate": [
					{ "value": 39.21 }
				],
				"translate": [
					{}
				],
				"scale": [
					{}
				]
			},
			"leg_2": {
				"rotate": [
					{ "value": 18.14 }
				],
				"translate": [
					{}
				]
			},
			"foot_2": {
				"rotate": [
					{}
				],
				"translate": [
					{ "x": -121.38, "y": 0.92 }
				]
			},
			"foot_3": {
				"rotate": [
					{}
				],
				"translate": [
					{ "x": 136.15, "y": 4.26 }
				]
			},
			"feeling_5": {
				"rotate": [
					{ "value": -85.37 }
				],
				"translate": [
					{ "x": -11.36, "y": -87.45 }
				],
				"scale": [
					{ "x": 0.563, "y": 0.563 }
				]
			},
			"item_1": {
				"rotate": [
					{ "value": 1.78 }
				],
				"translate": [
					{ "x": -194.88, "y": 161.35 }
				],
				"scale": [
					{ "x": 1.145, "y": 1.145 }
				]
			},
			"feeling_1": {
				"rotate": [
					{ "value": 24.1 }
				],
				"translate": [
					{ "x": -70.52, "y": -191.94 }
				],
				"scale": [
					{ "x": 1.266, "y": 1.266 }
				]
			},
			"move": {
				"translate": [
					{ "x": 119.99, "y": 0.12 }
				],
				"scale": [
					{}
				]
			},
			"feeling_2": {
				"rotate": [
					{ "value": 90.76 }
				],
				"translate": [
					{ "x": -131.48, "y": 1.22 }
				],
				"scale": [
					{ "x": 1.118, "y": 1.118 }
				]
			},
			"hair_1": {
				"rotate": [
					{ "value": -9.46 }
				],
				"translate": [
					{ "x": 137.24, "y": 580.58 }
				],
				"scale": [
					{ "x": -1.155, "y": 1.155 }
				]
			}
		},
		"ik": {
			"foot_1": [
				{ "stretch": true }
			],
			"foot_2": [
				{ "stretch": true }
			]
		},
		"drawOrder": [
			{
				"offsets": [
					{ "slot": "item", "offset": 15 },
					{ "slot": "shoulder4", "offset": 12 },
					{ "slot": "feeling_5", "offset": 2 }
				]
			}
		]
	},
	"t_308_2_win": {
		"slots": {
			"body": {
				"rgba": [
					{ "color": "000000ff", "curve": "stepped" },
					{ "time": 0.7333, "color": "000000ff" }
				]
			},
			"Emoji": {
				"attachment": [
					{ "name": "Emoji/emo_7" },
					{ "time": 0.7333, "name": "Emoji/emo_7" }
				]
			},
			"feeling_1": {
				"attachment": [
					{ "name": "Emoji/hoi_cham" },
					{ "time": 0.7333, "name": "Emoji/hoi_cham" }
				]
			},
			"feeling_2": {
				"attachment": [
					{ "name": "Emoji/hoi_cham" },
					{ "time": 0.7333, "name": "Emoji/hoi_cham" }
				]
			},
			"feeling_3": {
				"attachment": [
					{ "name": "giat_minh" },
					{ "time": 0.7333, "name": "giat_minh" }
				]
			},
			"feeling_5": {
				"rgba": [
					{ "color": "e9ff00ff", "curve": "stepped" },
					{ "time": 0.7333, "color": "e9ff00ff" }
				],
				"attachment": [
					{ "name": "scare" },
					{ "time": 0.1 },
					{ "time": 0.2, "name": "scare" },
					{ "time": 0.3 },
					{ "time": 0.4, "name": "scare" },
					{ "time": 0.5333, "name": "scare" },
					{ "time": 0.6333 },
					{ "time": 0.7333, "name": "scare" }
				]
			},
			"hair": {
				"attachment": [
					{ "name": "hair/man/toc_8" },
					{ "time": 0.7333, "name": "hair/man/toc_8" }
				]
			},
			"head": {
				"rgba": [
					{ "color": "ffffffff", "curve": "stepped" },
					{ "time": 0.7333, "color": "ffffffff" }
				],
				"attachment": [
					{ "name": "head" },
					{ "time": 0.7333, "name": "head" }
				]
			},
			"shoulder1": {
				"rgba": [
					{ "color": "000000ff", "curve": "stepped" },
					{ "time": 0.7333, "color": "000000ff" }
				],
				"attachment": [
					{ "name": "shoulder" },
					{ "time": 0.7333, "name": "shoulder" }
				]
			},
			"shoulder2": {
				"rgba": [
					{ "color": "ffffffff", "curve": "stepped" },
					{ "time": 0.7333, "color": "ffffffff" }
				],
				"attachment": [
					{ "name": "shoulder" },
					{ "time": 0.7333, "name": "shoulder" }
				]
			},
			"shoulder3": {
				"rgba": [
					{ "color": "000000ff", "curve": "stepped" },
					{ "time": 0.7333, "color": "000000ff" }
				],
				"attachment": [
					{ "name": "shoulder" },
					{ "time": 0.7333, "name": "shoulder" }
				]
			},
			"shoulder4": {
				"rgba": [
					{ "color": "ffffffff", "curve": "stepped" },
					{ "time": 0.7333, "color": "ffffffff" }
				],
				"attachment": [
					{ "name": "shoulder" },
					{ "time": 0.7333, "name": "shoulder" }
				]
			},
			"thigh": {
				"rgba": [
					{ "color": "000000ff", "curve": "stepped" },
					{ "time": 0.7333, "color": "000000ff" }
				]
			},
			"thigh2": {
				"rgba": [
					{ "color": "000000ff", "curve": "stepped" },
					{ "time": 0.7333, "color": "000000ff" }
				]
			},
			"thigh3": {
				"rgba": [
					{ "color": "000000ff", "curve": "stepped" },
					{ "time": 0.7333, "color": "000000ff" }
				]
			},
			"thigh4": {
				"rgba": [
					{ "color": "000000ff", "curve": "stepped" },
					{ "time": 0.7333, "color": "000000ff" }
				]
			}
		},
		"bones": {
			"head": {
				"rotate": [
					{ "value": -2.79, "curve": "stepped" },
					{ "time": 0.7333, "value": -2.79 }
				],
				"translate": [
					{ "x": -20, "y": 14.09, "curve": "stepped" },
					{ "time": 0.7333, "x": -20, "y": 14.09 }
				],
				"scale": [
					{ "curve": "stepped" },
					{ "time": 0.7333 }
				]
			},
			"root": {
				"rotate": [
					{}
				],
				"translate": [
					{}
				]
			},
			"main": {
				"rotate": [
					{ "value": 0.75, "curve": "stepped" },
					{ "time": 0.7333, "value": 0.75 }
				],
				"translate": [
					{ "x": 12.69, "y": -136.45, "curve": "stepped" },
					{ "time": 0.7333, "x": 12.69, "y": -136.45 }
				]
			},
			"hip": {
				"rotate": [
					{ "curve": "stepped" },
					{ "time": 0.7333 }
				],
				"translate": [
					{ "curve": "stepped" },
					{ "time": 0.7333 }
				]
			},
			"body": {
				"rotate": [
					{ "value": 0.69, "curve": "stepped" },
					{ "time": 0.7333, "value": 0.69 }
				],
				"translate": [
					{ "curve": "stepped" },
					{ "time": 0.7333 }
				],
				"scale": [
					{ "curve": "stepped" },
					{ "time": 0.7333 }
				]
			},
			"body2": {
				"rotate": [
					{ "value": 0.69, "curve": "stepped" },
					{ "time": 0.7333, "value": 0.69 }
				],
				"translate": [
					{ "curve": "stepped" },
					{ "time": 0.7333 }
				],
				"scale": [
					{ "curve": "stepped" },
					{ "time": 0.7333 }
				]
			},
			"body3": {
				"rotate": [
					{ "value": 0.69, "curve": "stepped" },
					{ "time": 0.7333, "value": 0.69 }
				],
				"translate": [
					{ "curve": "stepped" },
					{ "time": 0.7333 }
				],
				"scale": [
					{ "curve": "stepped" },
					{ "time": 0.7333 }
				]
			},
			"body4": {
				"rotate": [
					{ "value": 0.69, "curve": "stepped" },
					{ "time": 0.7333, "value": 0.69 }
				],
				"translate": [
					{ "curve": "stepped" },
					{ "time": 0.7333 }
				],
				"scale": [
					{ "curve": "stepped" },
					{ "time": 0.7333 }
				]
			},
			"body5": {
				"rotate": [
					{ "value": 0.69, "curve": "stepped" },
					{ "time": 0.7333, "value": 0.69 }
				],
				"translate": [
					{ "curve": "stepped" },
					{ "time": 0.7333 }
				],
				"scale": [
					{ "curve": "stepped" },
					{ "time": 0.7333 }
				]
			},
			"body6": {
				"rotate": [
					{ "value": 0.69, "curve": "stepped" },
					{ "time": 0.7333, "value": 0.69 }
				],
				"translate": [
					{ "curve": "stepped" },
					{ "time": 0.7333 }
				],
				"scale": [
					{ "curve": "stepped" },
					{ "time": 0.7333 }
				]
			},
			"body7": {
				"rotate": [
					{ "value": 0.69, "curve": "stepped" },
					{ "time": 0.7333, "value": 0.69 }
				],
				"translate": [
					{ "curve": "stepped" },
					{ "time": 0.7333 }
				],
				"scale": [
					{ "curve": "stepped" },
					{ "time": 0.7333 }
				]
			},
			"body8": {
				"rotate": [
					{ "value": 0.69, "curve": "stepped" },
					{ "time": 0.7333, "value": 0.69 }
				],
				"translate": [
					{ "curve": "stepped" },
					{ "time": 0.7333 }
				],
				"scale": [
					{ "curve": "stepped" },
					{ "time": 0.7333 }
				]
			},
			"feeling_3": {
				"rotate": [
					{ "value": 45.92, "curve": "stepped" },
					{ "time": 0.7333, "value": 45.92 }
				],
				"translate": [
					{ "x": -26.15, "y": 132.55, "curve": "stepped" },
					{ "time": 0.7333, "x": -26.15, "y": 132.55 }
				],
				"scale": [
					{ "x": 0.812, "y": 0.812, "curve": "stepped" },
					{ "time": 0.7333, "x": 0.812, "y": 0.812 }
				]
			},
			"emoji": {
				"rotate": [
					{ "value": -12.73, "curve": "stepped" },
					{ "time": 0.7333, "value": -12.73 }
				],
				"translate": [
					{ "x": 6.79, "y": 19.59, "curve": "stepped" },
					{ "time": 0.7333, "x": 6.79, "y": 19.59 }
				],
				"scale": [
					{ "x": 1.157, "y": 1.157, "curve": "stepped" },
					{ "time": 0.7333, "x": 1.157, "y": 1.157 }
				]
			},
			"shouder_1": {
				"rotate": [
					{ "value": -55.92, "curve": "stepped" },
					{ "time": 0.7333, "value": -55.92 }
				],
				"translate": [
					{ "x": 14.41, "y": -1.24, "curve": "stepped" },
					{ "time": 0.7333, "x": 14.41, "y": -1.24 }
				],
				"scale": [
					{ "curve": "stepped" },
					{ "time": 0.7333 }
				]
			},
			"arm_1": {
				"rotate": [
					{ "value": -44.09, "curve": "stepped" },
					{ "time": 0.7333, "value": -44.09 }
				],
				"translate": [
					{ "x": 2.02, "y": 0.08, "curve": "stepped" },
					{ "time": 0.7333, "x": 2.02, "y": 0.08 }
				],
				"scale": [
					{ "curve": "stepped" },
					{ "time": 0.7333 }
				]
			},
			"shouder_2": {
				"rotate": [
					{ "value": 6.48, "curve": "stepped" },
					{ "time": 0.7333, "value": 6.48 }
				],
				"translate": [
					{ "x": 11.42, "y": -1.41, "curve": "stepped" },
					{ "time": 0.7333, "x": 11.42, "y": -1.41 }
				],
				"scale": [
					{ "curve": "stepped" },
					{ "time": 0.7333 }
				]
			},
			"arm_2": {
				"rotate": [
					{ "value": -31.36, "curve": "stepped" },
					{ "time": 0.7333, "value": -31.36 }
				],
				"translate": [
					{ "curve": "stepped" },
					{ "time": 0.7333 }
				],
				"scale": [
					{ "curve": "stepped" },
					{ "time": 0.7333 }
				]
			},
			"thigh_1": {
				"rotate": [
					{ "value": 24.72, "curve": "stepped" },
					{ "time": 0.7333, "value": 24.72 }
				],
				"translate": [
					{ "curve": "stepped" },
					{ "time": 0.7333 }
				],
				"scale": [
					{ "curve": "stepped" },
					{ "time": 0.7333 }
				]
			},
			"leg_1": {
				"rotate": [
					{ "curve": "stepped" },
					{ "time": 0.7333 }
				],
				"translate": [
					{ "curve": "stepped" },
					{ "time": 0.7333 }
				],
				"scale": [
					{ "curve": "stepped" },
					{ "time": 0.7333 }
				]
			},
			"thigh_2": {
				"rotate": [
					{ "value": 39.21, "curve": "stepped" },
					{ "time": 0.7333, "value": 39.21 }
				],
				"translate": [
					{ "curve": "stepped" },
					{ "time": 0.7333 }
				],
				"scale": [
					{ "curve": "stepped" },
					{ "time": 0.7333 }
				]
			},
			"leg_2": {
				"rotate": [
					{ "value": 18.14, "curve": "stepped" },
					{ "time": 0.7333, "value": 18.14 }
				],
				"translate": [
					{ "curve": "stepped" },
					{ "time": 0.7333 }
				]
			},
			"foot_2": {
				"rotate": [
					{ "curve": "stepped" },
					{ "time": 0.7333 }
				],
				"translate": [
					{ "x": -121.38, "y": 0.92, "curve": "stepped" },
					{ "time": 0.7333, "x": -121.38, "y": 0.92 }
				]
			},
			"foot_3": {
				"rotate": [
					{ "curve": "stepped" },
					{ "time": 0.7333 }
				],
				"translate": [
					{ "x": 136.15, "y": 4.26, "curve": "stepped" },
					{ "time": 0.7333, "x": 136.15, "y": 4.26 }
				]
			},
			"feeling_5": {
				"rotate": [
					{ "value": -85.37, "curve": "stepped" },
					{ "time": 0.7333, "value": -85.37 }
				],
				"translate": [
					{ "x": 4.99, "y": -63.95, "curve": "stepped" },
					{ "time": 0.7333, "x": 4.99, "y": -63.95 }
				],
				"scale": [
					{ "x": 0.841, "y": 0.841, "curve": "stepped" },
					{ "time": 0.7333, "x": 0.841, "y": 0.841 }
				]
			},
			"item_1": {
				"rotate": [
					{ "value": 1.78, "curve": "stepped" },
					{ "time": 0.7333, "value": 1.78 }
				],
				"translate": [
					{ "x": -194.88, "y": 161.35, "curve": "stepped" },
					{ "time": 0.7333, "x": -194.88, "y": 161.35 }
				],
				"scale": [
					{ "x": 1.145, "y": 1.145, "curve": "stepped" },
					{ "time": 0.7333, "x": 1.145, "y": 1.145 }
				]
			},
			"feeling_1": {
				"rotate": [
					{ "value": 22.62, "curve": "stepped" },
					{ "time": 0.7333, "value": 22.62 }
				],
				"translate": [
					{ "x": -144.54, "y": 16.04, "curve": "stepped" },
					{ "time": 0.7333, "x": -144.54, "y": 16.04 }
				],
				"scale": [
					{ "x": -0.635, "y": 0.635, "curve": "stepped" },
					{ "time": 0.7333, "x": -0.635, "y": 0.635 }
				]
			},
			"move": {
				"translate": [
					{ "x": 119.99, "y": 0.12, "curve": "stepped" },
					{ "time": 0.7333, "x": 119.99, "y": 0.12 }
				],
				"scale": [
					{ "curve": "stepped" },
					{ "time": 0.7333 }
				]
			},
			"feeling_2": {
				"rotate": [
					{ "value": 27.82, "curve": "stepped" },
					{ "time": 0.7333, "value": 27.82 }
				],
				"translate": [
					{ "x": -16.95, "y": -195.15, "curve": "stepped" },
					{ "time": 0.7333, "x": -16.95, "y": -195.15 }
				],
				"scale": [
					{ "x": -0.876, "y": 0.876, "curve": "stepped" },
					{ "time": 0.7333, "x": -0.876, "y": 0.876 }
				]
			},
			"hair_1": {
				"rotate": [
					{ "value": 3.27, "curve": "stepped" },
					{ "time": 0.7333, "value": 3.27 }
				],
				"translate": [
					{ "x": 82.47, "y": 570.47, "curve": "stepped" },
					{ "time": 0.7333, "x": 82.47, "y": 570.47 }
				],
				"scale": [
					{ "x": 1.155, "y": 1.155, "curve": "stepped" },
					{ "time": 0.7333, "x": 1.155, "y": 1.155 }
				]
			}
		},
		"ik": {
			"foot_1": [
				{
					"stretch": true,
					"curve": [ 0.183, 1, 0.55, 1, 0.183, 0, 0.55, 0 ]
				},
				{ "time": 0.7333, "stretch": true }
			],
			"foot_2": [
				{
					"stretch": true,
					"curve": [ 0.183, 1, 0.55, 1, 0.183, 0, 0.55, 0 ]
				},
				{ "time": 0.7333, "stretch": true }
			]
		},
		"drawOrder": [
			{
				"offsets": [
					{ "slot": "item", "offset": 15 },
					{ "slot": "shoulder4", "offset": 12 },
					{ "slot": "feeling_5", "offset": 2 }
				]
			},
			{
				"time": 0.7333,
				"offsets": [
					{ "slot": "item", "offset": 15 },
					{ "slot": "shoulder4", "offset": 12 },
					{ "slot": "feeling_5", "offset": 2 }
				]
			}
		]
	}
}
}