{
"skeleton": { "hash": "q4jirohltBI", "spine": "4.1.24", "x": -565.77, "y": -386.28, "width": 1105, "height": 1202 },
"bones": [
	{ "name": "root" },
	{ "name": "move", "parent": "root" },
	{ "name": "main", "parent": "move", "y": 256.6 },
	{ "name": "hip", "parent": "main" },
	{ "name": "body", "parent": "hip", "length": 26.97, "rotation": 90 },
	{ "name": "body2", "parent": "body", "length": 26.97, "x": 26.97 },
	{ "name": "body3", "parent": "body2", "length": 26.97, "x": 26.97 },
	{ "name": "body4", "parent": "body3", "length": 26.97, "x": 26.97 },
	{ "name": "body5", "parent": "body4", "length": 26.97, "x": 26.97 },
	{ "name": "body6", "parent": "body5", "length": 26.97, "x": 26.97 },
	{ "name": "body7", "parent": "body6", "length": 26.97, "x": 26.97 },
	{ "name": "body8", "parent": "body7", "length": 26.97, "x": 26.97 },
	{ "name": "head", "parent": "body8", "length": 135.67, "x": 14.75 },
	{ "name": "eye_1", "parent": "head", "x": 87.53, "y": 30.96 },
	{ "name": "emoji", "parent": "head", "rotation": -90, "x": 50.24 },
	{ "name": "shouder_1", "parent": "body7", "length": 100.06, "rotation": -90, "x": 15.39, "y": 0.02 },
	{ "name": "arm_1", "parent": "shouder_1", "length": 100.06, "x": 94.79 },
	{ "name": "shouder_2", "parent": "body7", "length": 100.06, "rotation": 90, "x": 15.39, "y": 0.02 },
	{ "name": "arm_2", "parent": "shouder_2", "length": 100.06, "x": 94.79 },
	{ "name": "thigh_1", "parent": "main", "length": 134.15, "rotation": -90, "x": -0.54, "y": 4.23 },
	{ "name": "leg_1", "parent": "thigh_1", "length": 134.15, "x": 128.14 },
	{ "name": "thigh_2", "parent": "main", "length": 134.15, "rotation": -90, "x": -0.1, "y": 4.23 },
	{ "name": "leg_2", "parent": "thigh_2", "length": 134.15, "x": 128.14 },
	{ "name": "foot_2", "parent": "move", "x": 0.16, "y": -1.16 },
	{ "name": "foot_3", "parent": "move", "x": 0.1, "y": -1.12 },
	{ "name": "eye_2", "parent": "head", "x": 87.53, "y": -25.11 },
	{ "name": "toc", "parent": "head", "length": 61.74, "rotation": 180, "x": 68.49, "y": -7.87 },
	{ "name": "feelling_1", "parent": "root" },
	{ "name": "tist_1", "parent": "body6", "x": 39.52, "y": 12.99 },
	{ "name": "tist_2", "parent": "body6", "x": 39.52, "y": -12.02 },
	{ "name": "feelling_2", "parent": "root" },
	{ "name": "feelling_3", "parent": "root", "x": 0.94, "y": 0.94 },
	{ "name": "item", "parent": "root" }
],
"slots": [
	{ "name": "bg_gane_play", "bone": "root", "color": "ffffff2e" },
	{ "name": "item", "bone": "item" },
	{ "name": "toc", "bone": "toc", "attachment": "Emoji/Toc sau" },
	{ "name": "body", "bone": "hip", "color": "000000ff", "attachment": "body" },
	{ "name": "shoulder", "bone": "shouder_1", "color": "000000ff", "attachment": "shoulder" },
	{ "name": "shoulder3", "bone": "shouder_2", "color": "000000ff", "attachment": "shoulder" },
	{ "name": "shoulder2", "bone": "arm_1", "color": "000000ff", "attachment": "shoulder" },
	{ "name": "shoulder4", "bone": "arm_2", "color": "000000ff", "attachment": "shoulder" },
	{ "name": "thigh", "bone": "thigh_1", "color": "000000ff", "attachment": "thigh" },
	{ "name": "thigh3", "bone": "thigh_2", "color": "000000ff", "attachment": "thigh" },
	{ "name": "thigh2", "bone": "leg_1", "color": "000000ff", "attachment": "thigh" },
	{ "name": "thigh4", "bone": "leg_2", "color": "000000ff", "attachment": "thigh" },
	{ "name": "dot", "bone": "main" },
	{ "name": "eye_1", "bone": "eye_1", "color": "000000ff" },
	{ "name": "eye_2", "bone": "eye_2", "color": "000000ff" },
	{ "name": "vay_1", "bone": "hip", "color": "000000ff", "attachment": "vay_1" },
	{ "name": "nguc", "bone": "tist_1", "color": "000000ff", "attachment": "nguc" },
	{ "name": "nguc2", "bone": "tist_2", "color": "000000ff", "attachment": "nguc" },
	{ "name": "head", "bone": "head", "attachment": "Emoji/Dau chinh dien" },
	{ "name": "emoji", "bone": "emoji" },
	{ "name": "feelling_1", "bone": "feelling_1" },
	{ "name": "feelling_2", "bone": "feelling_2" },
	{ "name": "feelling_3", "bone": "feelling_3" }
],
"ik": [
	{
		"name": "foot_1",
		"bones": [ "thigh_1", "leg_1" ],
		"target": "foot_2",
		"mix": 0,
		"stretch": true
	},
	{
		"name": "foot_2",
		"order": 1,
		"bones": [ "thigh_2", "leg_2" ],
		"target": "foot_3",
		"mix": 0,
		"stretch": true
	}
],
"skins": [
	{
		"name": "default",
		"attachments": {
			"body": {
				"body": {
					"type": "mesh",
					"uvs": [ 1, 1, 0, 1, 0, 0.875, 0, 0.75, 0, 0.625, 0, 0.5, 0, 0.375, 0, 0.25, 0, 0.125, 0, 0, 1, 0, 1, 0.125, 1, 0.25, 1, 0.375, 1, 0.5, 1, 0.625, 1, 0.75, 1, 0.875 ],
					"triangles": [ 8, 9, 10, 11, 8, 10, 7, 8, 11, 12, 7, 11, 6, 7, 12, 13, 6, 12, 5, 6, 13, 14, 5, 13, 4, 5, 14, 15, 4, 14, 3, 4, 15, 16, 3, 15, 2, 3, 16, 17, 2, 16, 1, 2, 17, 0, 1, 17 ],
					"vertices": [ 1, 4, -1.7, -5.5, 1, 1, 4, -1.7, 5.5, 1, 2, 4, 25.68, 5.5, 0.70301, 5, -1.29, 5.5, 0.29699, 2, 5, 26.08, 5.5, 0.65569, 6, -0.88, 5.5, 0.34431, 2, 6, 26.49, 5.5, 0.55905, 7, -0.48, 5.5, 0.44095, 2, 7, 26.9, 5.5, 0.51367, 8, -0.07, 5.5, 0.48633, 2, 8, 27.3, 5.5, 0.41705, 9, 0.33, 5.5, 0.58295, 2, 9, 27.71, 5.5, 0.38565, 10, 0.74, 5.5, 0.61435, 2, 10, 28.11, 5.5, 0.36868, 11, 1.14, 5.5, 0.63132, 1, 11, 28.52, 5.5, 1, 1, 11, 28.52, -5.5, 1, 2, 10, 28.11, -5.5, 0.3064, 11, 1.14, -5.5, 0.6936, 2, 9, 27.71, -5.5, 0.40945, 10, 0.74, -5.5, 0.59055, 2, 8, 27.3, -5.5, 0.44404, 9, 0.33, -5.5, 0.55596, 2, 7, 26.9, -5.5, 0.52991, 8, -0.07, -5.5, 0.47009, 2, 6, 26.49, -5.5, 0.58474, 7, -0.48, -5.5, 0.41526, 2, 5, 26.08, -5.5, 0.62061, 6, -0.88, -5.5, 0.37939, 2, 4, 25.68, -5.5, 0.65664, 5, -1.29, -5.5, 0.34336 ],
					"hull": 18
				}
			},
			"emoji": {
				"Emoji/Emo_bo_4": { "y": -6.57, "width": 104, "height": 48 },
				"Emoji/emo_vo_0": { "x": 0.5, "width": 93, "height": 84 },
				"Emoji/emo_vo_37b": { "x": 0.5, "y": 0.5, "width": 87, "height": 71 }
			},
			"eye_1": {
				"khoi": { "width": 153, "height": 107 }
			},
			"eye_2": {
				"khoi": { "width": 153, "height": 107 }
			},
			"feelling_1": {
				"giat_minh": { "width": 70, "height": 66 },
				"rung": { "y": 0.5, "width": 18, "height": 51 }
			},
			"feelling_2": {
				"cauco": { "y": 0.5, "width": 50, "height": 45 },
				"rung": { "y": 0.5, "width": 18, "height": 51 },
				"scare": { "y": 0.5, "width": 80, "height": 83 }
			},
			"feelling_3": {
				"giat_minh": { "width": 70, "height": 66 }
			},
			"head": {
				"Emoji/Dau chinh dien": { "x": 68.22, "rotation": -90, "width": 139, "height": 140 }
			},
			"nguc": {
				"nguc": { "width": 35, "height": 35 }
			},
			"nguc2": {
				"nguc": { "width": 35, "height": 35 }
			},
			"shoulder": {
				"shoulder": { "x": 49.22, "rotation": -90, "width": 15, "height": 105 }
			},
			"shoulder2": {
				"shoulder": { "x": 49.22, "rotation": -90, "width": 15, "height": 105 }
			},
			"shoulder3": {
				"shoulder": { "x": 49.22, "rotation": -90, "width": 15, "height": 105 }
			},
			"shoulder4": {
				"shoulder": { "x": 50.57, "rotation": -90, "width": 15, "height": 105 }
			},
			"thigh": {
				"thigh": { "x": 66.01, "rotation": -90, "width": 14, "height": 137 }
			},
			"thigh2": {
				"thigh": { "x": 66.01, "rotation": -90, "width": 14, "height": 137 }
			},
			"thigh3": {
				"thigh": { "x": 66.01, "rotation": -90, "width": 14, "height": 137 }
			},
			"thigh4": {
				"thigh": { "x": 66.01, "rotation": -90, "width": 14, "height": 137 }
			},
			"toc": {
				"Emoji/Toc sau": { "x": 127.23, "y": -13.01, "rotation": 90, "width": 162, "height": 267 }
			},
			"vay_1": {
				"vay_1": {
					"type": "mesh",
					"uvs": [ 1, 1, 0.85714, 1, 0.71429, 1, 0.57143, 1, 0.42857, 1, 0.28571, 1, 0.14286, 1, 0, 1, 0, 0.92308, 0, 0.84615, 0, 0.76923, 0, 0.69231, 0, 0.61538, 0, 0.53846, 0, 0.46154, 0, 0.38462, 0, 0.30769, 0, 0.23077, 0, 0.15385, 0, 0.07692, 0, 0, 1, 0, 1, 0.07692, 1, 0.15385, 1, 0.23077, 1, 0.30769, 1, 0.38462, 1, 0.46154, 1, 0.53846, 1, 0.61538, 1, 0.69231, 1, 0.76923, 1, 0.84615, 1, 0.92308 ],
					"triangles": [ 20, 21, 22, 19, 20, 22, 19, 22, 23, 18, 19, 23, 18, 23, 24, 17, 18, 24, 17, 24, 25, 16, 17, 25, 16, 25, 26, 15, 16, 26, 15, 26, 27, 14, 15, 27, 28, 13, 14, 28, 14, 27, 12, 13, 28, 12, 28, 29, 11, 12, 29, 11, 29, 30, 10, 11, 30, 10, 30, 31, 6, 9, 10, 31, 6, 10, 6, 8, 9, 6, 31, 5, 6, 7, 8, 5, 31, 32, 32, 4, 5, 32, 3, 4, 32, 2, 3, 32, 1, 2, 33, 1, 32, 1, 33, 0 ],
					"vertices": [ 1, 4, -21.08, -62.79, 1, 2, 4, -21.08, -45.17, 0.99735, 5, -48.05, -45.17, 0.00265, 2, 4, -21.08, -27.56, 0.9993, 5, -48.05, -27.56, 7.0E-4, 1, 4, -21.08, -9.95, 1, 1, 4, -21.08, 7.67, 1, 1, 4, -21.08, 25.28, 1, 2, 4, -21.08, 42.9, 0.99887, 5, -48.05, 42.9, 0.00113, 1, 4, -21.08, 61.19, 1, 2, 4, -6.05, 53.76, 0.98523, 5, -33.02, 53.76, 0.01477, 3, 4, 8.97, 46.88, 0.9046, 5, -18, 46.88, 0.09495, 6, -44.97, 46.88, 4.5E-4, 3, 4, 24, 40.4, 0.68693, 5, -2.97, 40.4, 0.29199, 6, -29.94, 40.4, 0.02108, 3, 4, 39.02, 34.19, 0.32201, 5, 12.05, 34.19, 0.54104, 6, -14.92, 34.19, 0.13695, 4, 4, 54.04, 28.38, 0.06001, 5, 27.07, 28.38, 0.4602, 6, 0.1, 28.38, 0.47958, 7, -26.86, 28.38, 2.0E-4, 4, 4, 69.07, 23.12, 9.4E-4, 5, 42.1, 23.12, 0.109, 6, 15.13, 23.12, 0.81682, 7, -11.84, 23.12, 0.07324, 3, 5, 57.12, 18.66, 0.00107, 6, 30.15, 18.66, 0.46911, 7, 3.18, 18.66, 0.52982, 3, 6, 45.18, 14.75, 0.0306, 7, 18.21, 14.75, 0.88199, 8, -8.76, 14.75, 0.08741, 2, 7, 33.23, 11.51, 0.13849, 8, 6.26, 11.51, 0.86151, 2, 8, 21.29, 9.48, 0.9085, 9, -5.68, 9.48, 0.0915, 2, 8, 36.31, 7.59, 0.00992, 9, 9.34, 7.59, 0.99008, 2, 9, 24.37, 6.51, 0.78587, 10, -2.6, 6.51, 0.21413, 1, 10, 9.22, 6.15, 1, 1, 10, 9.22, -7.5, 1, 2, 9, 24.37, -7.84, 0.7617, 10, -2.6, -7.84, 0.2383, 2, 8, 36.31, -9.54, 0.03137, 9, 9.34, -9.54, 0.96863, 2, 8, 21.29, -11.32, 0.86242, 9, -5.68, -11.32, 0.13758, 2, 7, 33.23, -13.41, 0.18366, 8, 6.26, -13.41, 0.81634, 3, 6, 45.18, -16.35, 0.02897, 7, 18.21, -16.35, 0.86901, 8, -8.76, -16.35, 0.10202, 3, 5, 57.01, -20.61, 0.0037, 6, 30.04, -20.61, 0.46458, 7, 3.07, -20.61, 0.53172, 4, 4, 69.07, -24.83, 0.00258, 5, 42.1, -24.83, 0.12632, 6, 15.13, -24.83, 0.79349, 7, -11.84, -24.83, 0.07761, 4, 4, 54.04, -30.11, 0.07218, 5, 27.07, -30.11, 0.46164, 6, 0.1, -30.11, 0.46583, 7, -26.86, -30.11, 3.5E-4, 3, 4, 39.02, -36.13, 0.33548, 5, 12.05, -36.13, 0.52335, 6, -14.92, -36.13, 0.14117, 3, 4, 24, -42.36, 0.68121, 5, -2.97, -42.36, 0.29411, 6, -29.94, -42.36, 0.02468, 3, 4, 8.97, -48.91, 0.89593, 5, -18, -48.91, 0.10315, 6, -44.97, -48.91, 9.2E-4, 2, 4, -6.05, -55.59, 0.98131, 5, -33.02, -55.59, 0.01869 ],
					"hull": 34
				}
			}
		}
	}
],
"animations": {
	"t_336_1_be": {
		"slots": {
			"body": {
				"attachment": [
					{}
				]
			},
			"emoji": {
				"attachment": [
					{ "name": "Emoji/Emo_bo_4" }
				]
			},
			"feelling_1": {
				"attachment": [
					{ "name": "giat_minh" }
				]
			},
			"feelling_2": {
				"attachment": [
					{ "name": "rung" }
				]
			},
			"shoulder": {
				"attachment": [
					{ "name": "shoulder" }
				]
			},
			"shoulder2": {
				"attachment": [
					{ "name": "shoulder" }
				]
			},
			"shoulder3": {
				"attachment": [
					{ "name": "shoulder" }
				]
			},
			"shoulder4": {
				"attachment": [
					{ "name": "shoulder" }
				]
			},
			"toc": {
				"attachment": [
					{ "name": "Emoji/Toc sau" }
				]
			},
			"vay_1": {
				"attachment": [
					{ "name": "vay_1" }
				]
			}
		},
		"bones": {
			"root": {
				"rotate": [
					{}
				],
				"translate": [
					{}
				],
				"scale": [
					{}
				]
			},
			"main": {
				"rotate": [
					{ "value": 6.67 }
				],
				"translate": [
					{ "y": -40.41 }
				],
				"scale": [
					{}
				]
			},
			"hip": {
				"rotate": [
					{}
				],
				"translate": [
					{}
				],
				"scale": [
					{}
				]
			},
			"body": {
				"rotate": [
					{ "value": 1.72 }
				],
				"translate": [
					{ "x": -11.95, "y": 0.33 }
				],
				"scale": [
					{}
				]
			},
			"body2": {
				"rotate": [
					{ "value": -1.8 }
				],
				"translate": [
					{}
				],
				"scale": [
					{}
				]
			},
			"body3": {
				"rotate": [
					{ "value": -1.8 }
				],
				"translate": [
					{}
				],
				"scale": [
					{}
				]
			},
			"body4": {
				"rotate": [
					{ "value": -1.8 }
				],
				"translate": [
					{}
				],
				"scale": [
					{}
				]
			},
			"body5": {
				"rotate": [
					{ "value": -1.8 }
				],
				"translate": [
					{}
				],
				"scale": [
					{}
				]
			},
			"body6": {
				"rotate": [
					{ "value": -1.8 }
				],
				"translate": [
					{}
				],
				"scale": [
					{}
				]
			},
			"body7": {
				"rotate": [
					{ "value": 1.72 }
				],
				"translate": [
					{}
				],
				"scale": [
					{}
				]
			},
			"body8": {
				"rotate": [
					{ "value": 1.72 }
				],
				"translate": [
					{}
				],
				"scale": [
					{}
				]
			},
			"head": {
				"rotate": [
					{ "value": 176.86 }
				],
				"translate": [
					{ "x": -24.77, "y": -5.33 }
				],
				"scale": [
					{ "x": -1 }
				]
			},
			"eye_1": {
				"rotate": [
					{}
				],
				"translate": [
					{}
				],
				"scale": [
					{}
				]
			},
			"emoji": {
				"rotate": [
					{ "value": 10.42 }
				],
				"translate": [
					{ "x": 3.21, "y": -1.97 }
				],
				"scale": [
					{}
				]
			},
			"shouder_1": {
				"rotate": [
					{ "value": -58.54 }
				],
				"translate": [
					{ "x": -15.1, "y": 0.56 }
				],
				"scale": [
					{ "x": 0.914 }
				]
			},
			"arm_1": {
				"rotate": [
					{ "value": 108.62 }
				],
				"translate": [
					{}
				],
				"scale": [
					{ "x": 0.76 }
				]
			},
			"shouder_2": {
				"rotate": [
					{ "value": -34.33 }
				],
				"translate": [
					{ "x": -7.35, "y": 10.18 }
				],
				"scale": [
					{ "x": 0.857 }
				]
			},
			"arm_2": {
				"rotate": [
					{ "value": -28.03 }
				],
				"translate": [
					{}
				],
				"scale": [
					{}
				]
			},
			"thigh_1": {
				"rotate": [
					{ "value": -7.03 }
				],
				"translate": [
					{ "x": -50.39, "y": 67.86 }
				],
				"scale": [
					{}
				]
			},
			"leg_1": {
				"rotate": [
					{ "value": -0.23 }
				],
				"translate": [
					{ "x": -3.1, "y": -0.36 }
				],
				"scale": [
					{ "x": 1.13 }
				]
			},
			"thigh_2": {
				"rotate": [
					{ "value": -9.2 }
				],
				"translate": [
					{ "x": -33.65, "y": 49.93 }
				],
				"scale": [
					{ "x": 0.859 }
				]
			},
			"leg_2": {
				"rotate": [
					{ "value": 3.83 }
				],
				"translate": [
					{}
				],
				"scale": [
					{ "x": 1.4 }
				]
			},
			"foot_2": {
				"rotate": [
					{}
				],
				"translate": [
					{}
				],
				"scale": [
					{}
				]
			},
			"foot_3": {
				"rotate": [
					{}
				],
				"translate": [
					{}
				],
				"scale": [
					{}
				]
			},
			"eye_2": {
				"rotate": [
					{}
				],
				"translate": [
					{}
				],
				"scale": [
					{}
				]
			},
			"toc": {
				"rotate": [
					{ "value": 0.11 }
				],
				"translate": [
					{ "x": 73.82, "y": 30.95 }
				],
				"scale": [
					{}
				]
			},
			"tist_1": {
				"translate": [
					{ "x": -11.32, "y": 12.12 }
				]
			},
			"tist_2": {
				"translate": [
					{ "x": -18.26, "y": 17.01 }
				]
			},
			"feelling_2": {
				"rotate": [
					{ "value": -151.13 }
				],
				"translate": [
					{ "x": -113.55, "y": 523.21 }
				]
			},
			"feelling_1": {
				"rotate": [
					{ "value": -8.22 }
				],
				"translate": [
					{ "x": 72.54, "y": 538.63 }
				]
			}
		},
		"attachments": {
			"default": {
				"vay_1": {
					"vay_1": {
						"deform": [
							{
								"vertices": [ -13.96971, 40.60796, -7.56439, 38.81549, -8.86343, 38.8293, 6.65712, 45.56004, 5.61069, 45.63644, 14.42366, 48.49468, 17.79384, 49.48805, 16.17732, 49.14697, 9.80075, 55.22875, 8.71338, 55.6821, 2.70377, 56.1372, 15.81235, 44.46183, 14.80261, 44.79502, 26.34875, 33.6519, 25.67444, 34.26659, 24.97903, 34.85959, 31.59053, 27.44497, 31.11331, 28.22569, 30.61038, 28.99084, 29.57213, 24.99787, 29.17053, 25.71294, 28.74527, 26.41484, 31.72069, 20.85906, 31.45731, 21.68039, 31.16702, 22.49283, 30.85196, 23.29601, 32.50943, 17.48476, 32.33447, 18.34512, 32.13132, 19.19931, 31.90192, 20.04696, 25.54492, 18.5373, 25.32642, 19.22841, 25.08676, 19.91254, 20.89548, 18.9796, 20.60364, 19.47441, 20.2966, 19.95963, 14.14847, 19.80682, 13.82547, 20.18264, 13.50101, 17.71027, 13.17023, 18.077, 10.72928, 14.6885, 10.44525, 15.02155, 12.12115, 8.76794, 12.29944, 8.40826, 18.12521, -1.14969, 16.8894, 5.59974, 4.93906, 13.03954, 5.34079, 12.82054, -3.67758, 20.52675, -4.20734, 20.44062, -7.01517, 24.44228, -7.54672, 24.27732, -1.05527, 27.43859, -1.53506, 27.65443, 5.18985, 30.14051, 4.68283, 30.34868, 4.17096, 30.54057, 8.31982, 32.27901, 7.79459, 32.43369, 7.26666, 32.57236, 8.75885, 32.02921, 8.22644, 32.13658, 7.68927, 32.22695, 7.15051, 32.30052, 7.96397, 32.39369, 7.27521, 32.7383, 6.57568, 33.06097, 5.86664, 33.36153, 5.20723, 34.66711, 4.39722, 34.99352, 3.57654, 35.29415, 1.09846, 36.20654, 0.20886, 36.47453, -0.68945, 36.71417, -5.60727, 36.85223, -6.48068, 36.77536, -7.35193, 36.67087, -9.43155, 38.44695, -10.38156, 38.20692 ]
							}
						]
					}
				}
			}
		}
	},
	"t_336_1_lose": {
		"slots": {
			"body": {
				"attachment": [
					{}
				]
			},
			"emoji": {
				"attachment": [
					{ "name": "Emoji/emo_vo_0" }
				]
			},
			"eye_1": {
				"rgba": [
					{ "color": "ff5656c3" }
				],
				"attachment": [
					{ "name": "khoi" }
				]
			},
			"eye_2": {
				"rgba": [
					{ "color": "ff5656c3" }
				],
				"attachment": [
					{ "name": "khoi" }
				]
			},
			"feelling_1": {
				"attachment": [
					{ "name": "giat_minh" }
				]
			},
			"feelling_2": {
				"attachment": [
					{ "name": "cauco" }
				]
			},
			"shoulder": {
				"attachment": [
					{ "name": "shoulder" }
				]
			},
			"shoulder2": {
				"attachment": [
					{ "name": "shoulder" }
				]
			},
			"shoulder3": {
				"attachment": [
					{ "name": "shoulder" }
				]
			},
			"shoulder4": {
				"attachment": [
					{ "name": "shoulder" }
				]
			},
			"toc": {
				"attachment": [
					{ "name": "Emoji/Toc sau" }
				]
			},
			"vay_1": {
				"attachment": [
					{ "name": "vay_1" }
				]
			}
		},
		"bones": {
			"root": {
				"rotate": [
					{}
				],
				"translate": [
					{}
				],
				"scale": [
					{}
				]
			},
			"main": {
				"rotate": [
					{ "value": 11.35 }
				],
				"translate": [
					{ "x": 63.51, "y": -39.55 }
				],
				"scale": [
					{}
				]
			},
			"hip": {
				"rotate": [
					{}
				],
				"translate": [
					{}
				],
				"scale": [
					{}
				]
			},
			"body": {
				"rotate": [
					{ "value": 2.5 }
				],
				"translate": [
					{ "x": -11.95, "y": 0.33 }
				],
				"scale": [
					{}
				]
			},
			"body2": {
				"rotate": [
					{ "value": -1.02 }
				],
				"translate": [
					{}
				],
				"scale": [
					{}
				]
			},
			"body3": {
				"rotate": [
					{ "value": -1.02 }
				],
				"translate": [
					{}
				],
				"scale": [
					{}
				]
			},
			"body4": {
				"rotate": [
					{ "value": -1.02 }
				],
				"translate": [
					{}
				],
				"scale": [
					{}
				]
			},
			"body5": {
				"rotate": [
					{ "value": -1.02 }
				],
				"translate": [
					{}
				],
				"scale": [
					{}
				]
			},
			"body6": {
				"rotate": [
					{ "value": -1.02 }
				],
				"translate": [
					{}
				],
				"scale": [
					{}
				]
			},
			"body7": {
				"rotate": [
					{ "value": 2.5 }
				],
				"translate": [
					{}
				],
				"scale": [
					{}
				]
			},
			"body8": {
				"rotate": [
					{ "value": 2.5 }
				],
				"translate": [
					{}
				],
				"scale": [
					{}
				]
			},
			"head": {
				"rotate": [
					{ "value": 151.7 }
				],
				"translate": [
					{ "x": -21.58, "y": 6.19 }
				],
				"scale": [
					{ "x": -1 }
				]
			},
			"eye_1": {
				"rotate": [
					{ "value": -147.79 }
				],
				"translate": [
					{ "x": 74.87, "y": 15.89 }
				],
				"scale": [
					{ "x": 0.803, "y": 0.803 }
				]
			},
			"emoji": {
				"rotate": [
					{ "value": -0.69 }
				],
				"translate": [
					{ "x": 6.06, "y": -12.24 }
				],
				"scale": [
					{ "x": -1 }
				]
			},
			"shouder_1": {
				"rotate": [
					{ "value": -58.54 }
				],
				"translate": [
					{ "x": -15.1, "y": 0.56 }
				],
				"scale": [
					{ "x": 0.914 }
				]
			},
			"arm_1": {
				"rotate": [
					{ "value": 79.85 }
				],
				"translate": [
					{}
				],
				"scale": [
					{ "x": 0.76 }
				]
			},
			"shouder_2": {
				"rotate": [
					{ "value": 39.19 }
				],
				"translate": [
					{ "x": -11.42, "y": 16.27 }
				],
				"scale": [
					{ "x": 0.857 }
				]
			},
			"arm_2": {
				"rotate": [
					{ "value": 82.33 }
				],
				"translate": [
					{}
				],
				"scale": [
					{}
				]
			},
			"foot_2": {
				"rotate": [
					{}
				],
				"translate": [
					{ "x": -33.43 }
				],
				"scale": [
					{}
				]
			},
			"foot_3": {
				"rotate": [
					{}
				],
				"translate": [
					{ "x": 65.79 }
				],
				"scale": [
					{}
				]
			},
			"eye_2": {
				"rotate": [
					{ "value": 136.29 }
				],
				"translate": [
					{ "x": 59.21, "y": -30.73 }
				],
				"scale": [
					{ "x": 0.729, "y": 0.729 }
				]
			},
			"toc": {
				"rotate": [
					{ "value": -6.51 }
				],
				"translate": [
					{ "x": 72.83, "y": 16.69 }
				],
				"scale": [
					{}
				]
			},
			"tist_1": {
				"translate": [
					{ "x": -11.32, "y": 12.12 }
				]
			},
			"tist_2": {
				"translate": [
					{ "x": -18.26, "y": 17.01 }
				]
			},
			"feelling_2": {
				"rotate": [
					{ "value": -151.13 }
				],
				"translate": [
					{ "x": 80.52, "y": 470.65 }
				]
			},
			"feelling_1": {
				"rotate": [
					{ "value": 143.67 }
				],
				"translate": [
					{ "x": -75.59, "y": 444.84 }
				]
			},
			"thigh_1": {
				"translate": [
					{ "x": -45.15, "y": 35.34 }
				]
			},
			"thigh_2": {
				"translate": [
					{ "x": -45.15, "y": 35.34 }
				]
			}
		},
		"ik": {
			"foot_1": [
				{ "stretch": true }
			],
			"foot_2": [
				{ "bendPositive": false, "stretch": true }
			]
		},
		"attachments": {
			"default": {
				"vay_1": {
					"vay_1": {
						"deform": [
							{
								"vertices": [ -13.96971, 40.60796, -7.56439, 38.81549, -8.86343, 38.8293, 6.65712, 45.56004, 5.61069, 45.63644, 14.42366, 48.49468, 17.79384, 49.48805, 16.17732, 49.14697, 9.80075, 55.22875, 8.71338, 55.6821, 2.70377, 56.1372, 15.81235, 44.46183, 14.80261, 44.79502, 26.34875, 33.6519, 25.67444, 34.26659, 24.97903, 34.85959, 31.59053, 27.44497, 31.11331, 28.22569, 30.61038, 28.99084, 29.57213, 24.99787, 29.17053, 25.71294, 28.74527, 26.41484, 31.72069, 20.85906, 31.45731, 21.68039, 31.16702, 22.49283, 30.85196, 23.29601, 32.50943, 17.48476, 32.33447, 18.34512, 32.13132, 19.19931, 31.90192, 20.04696, 25.54492, 18.5373, 25.32642, 19.22841, 25.08676, 19.91254, 20.89548, 18.9796, 20.60364, 19.47441, 20.2966, 19.95963, 14.14847, 19.80682, 13.82547, 20.18264, 13.50101, 17.71027, 13.17023, 18.077, 10.72928, 14.6885, 10.44525, 15.02155, 12.12115, 8.76794, 12.29944, 8.40826, 18.12521, -1.14969, 16.8894, 5.59974, 4.93906, 13.03954, 5.34079, 12.82054, -3.67758, 20.52675, -4.20734, 20.44062, -7.01517, 24.44228, -7.54672, 24.27732, -1.05527, 27.43859, -1.53506, 27.65443, 5.18985, 30.14051, 4.68283, 30.34868, 4.17096, 30.54057, 8.31982, 32.27901, 7.79459, 32.43369, 7.26666, 32.57236, 8.75885, 32.02921, 8.22644, 32.13658, 7.68927, 32.22695, 7.15051, 32.30052, 7.96397, 32.39369, 7.27521, 32.7383, 6.57568, 33.06097, 5.86664, 33.36153, 5.20723, 34.66711, 4.39722, 34.99352, 3.57654, 35.29415, 1.09846, 36.20654, 0.20886, 36.47453, -0.68945, 36.71417, -5.60727, 36.85223, -6.48068, 36.77536, -7.35193, 36.67087, -9.43155, 38.44695, -10.38156, 38.20692 ]
							}
						]
					}
				}
			}
		},
		"drawOrder": [
			{
				"offsets": [
					{ "slot": "eye_1", "offset": 5 },
					{ "slot": "eye_2", "offset": 5 }
				]
			}
		]
	},
	"t_336_1_win": {
		"slots": {
			"body": {
				"attachment": [
					{ "name": "body" }
				]
			},
			"emoji": {
				"attachment": [
					{ "name": "Emoji/emo_vo_37b" }
				]
			},
			"feelling_1": {
				"attachment": [
					{ "name": "rung" }
				]
			},
			"feelling_2": {
				"attachment": [
					{ "name": "scare" }
				]
			},
			"feelling_3": {
				"attachment": [
					{ "name": "giat_minh" }
				]
			},
			"shoulder": {
				"attachment": [
					{ "name": "shoulder" }
				]
			},
			"shoulder2": {
				"attachment": [
					{ "name": "shoulder" }
				]
			},
			"shoulder3": {
				"attachment": [
					{ "name": "shoulder" }
				]
			},
			"shoulder4": {
				"attachment": [
					{ "name": "shoulder" }
				]
			},
			"toc": {
				"attachment": [
					{ "name": "Emoji/Toc sau" }
				]
			},
			"vay_1": {
				"attachment": [
					{ "name": "vay_1" }
				]
			}
		},
		"bones": {
			"root": {
				"rotate": [
					{}
				],
				"translate": [
					{}
				],
				"scale": [
					{}
				]
			},
			"main": {
				"rotate": [
					{ "value": -22.14 }
				],
				"translate": [
					{ "x": 35.33, "y": -47.46 }
				],
				"scale": [
					{}
				]
			},
			"hip": {
				"rotate": [
					{}
				],
				"translate": [
					{}
				],
				"scale": [
					{}
				]
			},
			"body": {
				"rotate": [
					{ "value": 16.15 }
				],
				"translate": [
					{ "x": -43.61, "y": 9.05 }
				],
				"scale": [
					{}
				]
			},
			"body2": {
				"rotate": [
					{ "value": 3.56 }
				],
				"translate": [
					{}
				],
				"scale": [
					{}
				]
			},
			"body3": {
				"rotate": [
					{ "value": 1.72 }
				],
				"translate": [
					{}
				],
				"scale": [
					{}
				]
			},
			"body4": {
				"rotate": [
					{ "value": 1.72 }
				],
				"translate": [
					{}
				],
				"scale": [
					{}
				]
			},
			"body5": {
				"rotate": [
					{ "value": 1.72 }
				],
				"translate": [
					{}
				],
				"scale": [
					{}
				]
			},
			"body6": {
				"rotate": [
					{ "value": 1.72 }
				],
				"translate": [
					{}
				],
				"scale": [
					{}
				]
			},
			"body7": {
				"rotate": [
					{ "value": 5.24 }
				],
				"translate": [
					{}
				],
				"scale": [
					{}
				]
			},
			"body8": {
				"rotate": [
					{ "value": 5.24 }
				],
				"translate": [
					{}
				],
				"scale": [
					{}
				]
			},
			"head": {
				"rotate": [
					{ "value": 173.03 }
				],
				"translate": [
					{ "x": -31.14, "y": -3.46 }
				],
				"scale": [
					{ "x": -1 }
				]
			},
			"eye_1": {
				"rotate": [
					{}
				],
				"translate": [
					{}
				],
				"scale": [
					{}
				]
			},
			"emoji": {
				"rotate": [
					{ "value": -0.82 }
				],
				"translate": [
					{ "x": 4.65, "y": -5.5 }
				],
				"scale": [
					{ "x": -1.075, "y": 1.075 }
				]
			},
			"shouder_1": {
				"rotate": [
					{ "value": 11.36 }
				],
				"translate": [
					{ "x": -28.79, "y": -7.88 }
				],
				"scale": [
					{}
				]
			},
			"arm_1": {
				"rotate": [
					{ "value": 42.62 }
				],
				"translate": [
					{}
				],
				"scale": [
					{}
				]
			},
			"shouder_2": {
				"rotate": [
					{ "value": 27.68 }
				],
				"translate": [
					{ "x": -28.35, "y": -2.83 }
				],
				"scale": [
					{}
				]
			},
			"arm_2": {
				"rotate": [
					{ "value": -98.31 }
				],
				"translate": [
					{}
				],
				"scale": [
					{}
				]
			},
			"thigh_1": {
				"rotate": [
					{ "value": -19.51 }
				],
				"translate": [
					{ "x": -45.27, "y": 28.95 }
				],
				"scale": [
					{}
				]
			},
			"leg_1": {
				"rotate": [
					{ "value": -2.18 }
				],
				"scale": [
					{}
				]
			},
			"thigh_2": {
				"rotate": [
					{ "value": 9.12 }
				],
				"translate": [
					{ "x": -49.85, "y": 51.08 }
				],
				"scale": [
					{}
				]
			},
			"leg_2": {
				"rotate": [
					{ "value": 7.97 }
				],
				"scale": [
					{}
				]
			},
			"foot_2": {
				"rotate": [
					{}
				],
				"translate": [
					{ "x": -20.73, "y": -0.88 }
				],
				"scale": [
					{}
				]
			},
			"foot_3": {
				"rotate": [
					{}
				],
				"translate": [
					{ "x": 74.09, "y": 29.48 }
				],
				"scale": [
					{}
				]
			},
			"eye_2": {
				"rotate": [
					{}
				],
				"translate": [
					{}
				],
				"scale": [
					{}
				]
			},
			"toc": {
				"rotate": [
					{ "value": -2.5 }
				],
				"translate": [
					{ "x": 79.46, "y": 12.25 }
				],
				"scale": [
					{}
				]
			},
			"tist_1": {
				"translate": [
					{ "x": -21.5, "y": -7.32 }
				]
			},
			"tist_2": {
				"translate": [
					{ "x": -20.12, "y": -1.63 }
				]
			},
			"feelling_3": {
				"rotate": [
					{ "value": 47.03 }
				],
				"translate": [
					{ "x": -1.95, "y": 592.4 }
				],
				"scale": [
					{ "x": 1.041, "y": 1.041 }
				]
			},
			"feelling_2": {
				"translate": [
					{ "x": -128.67, "y": 532.38 }
				],
				"scale": [
					{ "x": 1.104, "y": 1.104 }
				]
			},
			"feelling_1": {
				"rotate": [
					{ "value": -17.56 }
				],
				"translate": [
					{ "x": 114.61, "y": 509.94 }
				],
				"scale": [
					{ "x": 0.926, "y": 0.926 }
				]
			}
		},
		"ik": {
			"foot_1": [
				{ "stretch": true }
			],
			"foot_2": [
				{ "bendPositive": false, "stretch": true }
			]
		},
		"attachments": {
			"default": {
				"vay_1": {
					"vay_1": {
						"deform": [
							{
								"vertices": [ -2.95377, -23.94163, -0.27357, -23.81666, 0.49429, -23.61938, 6.67596, -18.73954, 7.78949, -18.60143, 9.99455, -8.38476, 9.21075, -8.76597, 2.11174, -8.09739, -5.7739, -11.92076, -4.6478, -11.52557, -20.54398, -8.7195, -3.76215, -12.64734, -2.78955, -12.45816, 7.33336, -15.52734, 8.51355, -15.0943, 10.35559, -14.35078, 11.29292, -15.80677, 12.57333, -15.285, 14.48145, -14.44063, 14.97459, -15.72972, 16.33774, -15.12174, 18.29459, -14.18238, 17.79211, -15.67768, 19.25012, -14.96369, 21.26712, -13.91145, 23.1748, -12.62251, 15.77548, -13.97363, 17.2298, -13.32099, 19.22208, -12.32889, 21.10657, -11.10214, 18.40668, -11.33873, 20.37625, -10.26345, 22.23581, -8.9559, 16.63113, -8.33111, 18.4072, -7.19572, 20.04651, -5.84701, 11.79739, -5.06313, 13.39362, -3.8291, 13.38181, -3.89375, 14.79941, -2.46248, 15.22327, -3.81598, 16.64395, -2.2752, 20.85367, -2.73261, 21.8045, -2.23757, 30.55685, -4.39409, 31.36118, -0.61056, 16.55267, -0.02225, 17.66351, 0.49248, 9.03961, -8.73508, 10.02203, -7.47969, 4.61255, -6.78716, 5.64481, -5.70541, 5.68069, -7.35129, 6.92728, -6.25993, 2.39188, -8.75728, 3.9093, -8.01745, 5.29739, -7.06002, -7.49445, -10.5563, -5.49625, -10.41022, -3.58334, -10.02789, -2.99721, -11.19742, -1.61163, -11.36145, 0.35825, -11.1078, 2.23932, -10.61815, 4.20349, -11.49581, 5.40424, -11.19777, 7.19003, -10.47743, 8.87177, -9.52619, 8.06566, -12.00663, 9.16669, -11.55225, 10.86819, -10.66487, 8.5, -12.83552, 9.51526, -12.33081, 11.15506, -11.38142, 5.5331, -16.1784, 6.59671, -15.94409, 8.32349, -15.24514, 2.77876, -19.29635, 3.82449, -19.23214 ]
							}
						]
					}
				}
			}
		}
	}
}
}