{"frames": [

{
	"filename": "cay_2",
	"frame": {"x":1704,"y":1,"w":301,"h":423},
	"rotated": false,
	"trimmed": true,
	"spriteSourceSize": {"x":7,"y":7,"w":301,"h":423},
	"sourceSize": {"w":315,"h":437}
},
{
	"filename": "cay_2_hot",
	"frame": {"x":1082,"y":425,"w":315,"h":436},
	"rotated": false,
	"trimmed": true,
	"spriteSourceSize": {"x":0,"y":0,"w":315,"h":436},
	"sourceSize": {"w":315,"h":437}
},
{
	"filename": "cho_be",
	"frame": {"x":1398,"y":372,"w":222,"h":236},
	"rotated": false,
	"trimmed": false,
	"spriteSourceSize": {"x":0,"y":0,"w":222,"h":236},
	"sourceSize": {"w":222,"h":236}
},
{
	"filename": "cho_win",
	"frame": {"x":1398,"y":609,"w":339,"h":309},
	"rotated": false,
	"trimmed": false,
	"spriteSourceSize": {"x":0,"y":0,"w":339,"h":309},
	"sourceSize": {"w":339,"h":309}
},
{
	"filename": "dia_banh2",
	"frame": {"x":1798,"y":425,"w":164,"h":84},
	"rotated": false,
	"trimmed": false,
	"spriteSourceSize": {"x":0,"y":0,"w":164,"h":84},
	"sourceSize": {"w":164,"h":84}
},
{
	"filename": "la beo 1",
	"frame": {"x":1082,"y":862,"w":84,"h":68},
	"rotated": false,
	"trimmed": true,
	"spriteSourceSize": {"x":7,"y":7,"w":84,"h":68},
	"sourceSize": {"w":98,"h":82}
},
{
	"filename": "la beo 1_hot",
	"frame": {"x":1738,"y":822,"w":98,"h":82},
	"rotated": false,
	"trimmed": false,
	"spriteSourceSize": {"x":0,"y":0,"w":98,"h":82},
	"sourceSize": {"w":98,"h":82}
},
{
	"filename": "la beo 2",
	"frame": {"x":1167,"y":862,"w":125,"h":61},
	"rotated": false,
	"trimmed": true,
	"spriteSourceSize": {"x":7,"y":7,"w":125,"h":61},
	"sourceSize": {"w":139,"h":75}
},
{
	"filename": "la beo 2_hot",
	"frame": {"x":1841,"y":734,"w":139,"h":75},
	"rotated": false,
	"trimmed": false,
	"spriteSourceSize": {"x":0,"y":0,"w":139,"h":75},
	"sourceSize": {"w":139,"h":75}
},
{
	"filename": "la beo 3",
	"frame": {"x":1837,"y":822,"w":89,"h":73},
	"rotated": false,
	"trimmed": true,
	"spriteSourceSize": {"x":7,"y":7,"w":89,"h":73},
	"sourceSize": {"w":103,"h":87}
},
{
	"filename": "la beo 3_hot",
	"frame": {"x":1738,"y":734,"w":102,"h":87},
	"rotated": false,
	"trimmed": true,
	"spriteSourceSize": {"x":0,"y":0,"w":102,"h":87},
	"sourceSize": {"w":103,"h":87}
},
{
	"filename": "la beo 4",
	"frame": {"x":1621,"y":481,"w":68,"h":94},
	"rotated": false,
	"trimmed": true,
	"spriteSourceSize": {"x":7,"y":7,"w":68,"h":94},
	"sourceSize": {"w":82,"h":108}
},
{
	"filename": "la beo 4_hot",
	"frame": {"x":1621,"y":372,"w":81,"h":108},
	"rotated": false,
	"trimmed": true,
	"spriteSourceSize": {"x":0,"y":0,"w":81,"h":108},
	"sourceSize": {"w":82,"h":108}
},
{
	"filename": "Layer 30",
	"frame": {"x":1,"y":1,"w":1080,"h":930},
	"rotated": false,
	"trimmed": false,
	"spriteSourceSize": {"x":0,"y":0,"w":1080,"h":930},
	"sourceSize": {"w":1080,"h":930}
},
{
	"filename": "nha_full",
	"frame": {"x":1082,"y":1,"w":621,"h":370},
	"rotated": false,
	"trimmed": false,
	"spriteSourceSize": {"x":0,"y":0,"w":621,"h":370},
	"sourceSize": {"w":621,"h":370}
},
{
	"filename": "Square",
	"frame": {"x":1167,"y":924,"w":4,"h":4},
	"rotated": false,
	"trimmed": false,
	"spriteSourceSize": {"x":0,"y":0,"w":4,"h":4},
	"sourceSize": {"w":4,"h":4}
},
{
	"filename": "trap_ca_piranha",
	"frame": {"x":1798,"y":510,"w":154,"h":223},
	"rotated": false,
	"trimmed": false,
	"spriteSourceSize": {"x":0,"y":0,"w":154,"h":223},
	"sourceSize": {"w":154,"h":223}
},
{
	"filename": "trap_ca_piranha_ngam_mieng",
	"frame": {"x":1703,"y":425,"w":94,"h":157},
	"rotated": false,
	"trimmed": false,
	"spriteSourceSize": {"x":0,"y":0,"w":94,"h":157},
	"sourceSize": {"w":94,"h":157}
}],
"meta": {
	"app": "https://www.codeandweb.com/texturepacker",
	"version": "1.0",
	"image": "props.png",
	"format": "RGBA8888",
	"size": {"w":2006,"h":932},
	"scale": "1",
	"smartupdate": "$TexturePacker:SmartUpdate:2faa75f3d21753e93ecc07bba34a0349:d926c2088b1d7ba9b6e3eceec60ad15f:f4c39b94f5b79b4c461da96ae5609d50$"
}
}
