{
"skeleton": { "hash": "CjU9sqBAalY", "spine": "4.1.24", "x": -388.28, "y": -425.09, "width": 724.41, "height": 1282.48 },
"bones": [
	{ "name": "root", "rotation": 0.2 },
	{ "name": "move", "parent": "root", "x": -119.99, "scaleX": -1 },
	{ "name": "main", "parent": "move", "y": 256.6 },
	{ "name": "hip", "parent": "main" },
	{ "name": "body", "parent": "hip", "length": 26.97, "rotation": 90 },
	{ "name": "body2", "parent": "body", "length": 26.97, "x": 26.97 },
	{ "name": "body3", "parent": "body2", "length": 26.97, "x": 26.97 },
	{ "name": "body4", "parent": "body3", "length": 26.97, "rotation": -0.06, "x": 26.97 },
	{ "name": "body5", "parent": "body4", "length": 26.97, "x": 26.97 },
	{ "name": "body6", "parent": "body5", "length": 26.97, "x": 26.97 },
	{ "name": "body7", "parent": "body6", "length": 26.97, "x": 26.97 },
	{ "name": "body8", "parent": "body7", "length": 26.97, "x": 26.97 },
	{ "name": "head", "parent": "body8", "length": 135.67, "x": 24.75 },
	{ "name": "feeling_3", "parent": "head", "rotation": -0.18, "x": 87.53, "y": 30.96 },
	{ "name": "emoji", "parent": "head", "rotation": -90, "x": 62, "y": 1.49 },
	{ "name": "shouder_1", "parent": "body7", "length": 100.06, "rotation": -90, "x": 15.39, "y": 0.02 },
	{ "name": "arm_1", "parent": "shouder_1", "length": 100.06, "x": 94.79 },
	{ "name": "shouder_2", "parent": "body7", "length": 100.06, "rotation": 90, "x": 15.39, "y": 0.02 },
	{ "name": "arm_2", "parent": "shouder_2", "length": 100.06, "x": 94.79 },
	{ "name": "thigh_1", "parent": "main", "length": 134.15, "rotation": -90, "x": -0.54, "y": 4.23 },
	{ "name": "leg_1", "parent": "thigh_1", "length": 134.15, "x": 128.14 },
	{ "name": "thigh_2", "parent": "main", "length": 134.15, "rotation": -90, "x": -0.1, "y": 4.23 },
	{ "name": "leg_2", "parent": "thigh_2", "length": 134.15, "x": 128.14 },
	{ "name": "foot_2", "parent": "move", "x": 0.16, "y": -2.18 },
	{ "name": "foot_3", "parent": "move", "x": 0.1, "y": -2.12 },
	{
		"name": "feeling_5",
		"parent": "head",
		"rotation": -0.18,
		"x": 87.53,
		"y": -25.11,
		"scaleX": 2,
		"scaleY": 2
	},
	{ "name": "item_1", "parent": "move", "x": -1.93, "y": 450.24 },
	{ "name": "feeling_1", "parent": "main", "rotation": -20.17, "x": 72.35, "y": 376.02 },
	{ "name": "feeling_2", "parent": "main", "rotation": -20.17, "x": 72.35, "y": 376.02 },
	{ "name": "hair_1", "parent": "main", "rotation": 0.07, "x": -120, "y": -254.77 },
	{
		"name": "feeling_4",
		"parent": "head",
		"rotation": -0.18,
		"x": 87.53,
		"y": -25.11,
		"scaleX": 2,
		"scaleY": 2
	},
	{ "name": "item_tay", "parent": "arm_2", "x": 101.01, "y": -1.25 }
],
"slots": [
	{ "name": "bg_gane_play", "bone": "root", "color": "ffffff4f" },
	{ "name": "item", "bone": "item_1" },
	{ "name": "body", "bone": "hip", "color": "000000ff", "attachment": "body" },
	{ "name": "shoulder1", "bone": "shouder_1", "color": "000000ff" },
	{ "name": "shoulder3", "bone": "shouder_2", "color": "000000ff" },
	{ "name": "shoulder2", "bone": "arm_1", "color": "000000ff" },
	{ "name": "shoulder4", "bone": "arm_2", "color": "000000ff" },
	{ "name": "thigh", "bone": "thigh_1", "color": "000000ff", "attachment": "thigh" },
	{ "name": "thigh3", "bone": "thigh_2", "color": "000000ff", "attachment": "thigh" },
	{ "name": "thigh2", "bone": "leg_1", "color": "000000ff", "attachment": "thigh" },
	{ "name": "thigh4", "bone": "leg_2", "color": "000000ff", "attachment": "thigh" },
	{ "name": "head", "bone": "head", "attachment": "head" },
	{ "name": "hair", "bone": "hair_1" },
	{ "name": "Emoji", "bone": "emoji" },
	{ "name": "feeling_3", "bone": "feeling_3", "color": "000000ff" },
	{ "name": "feeling_5", "bone": "feeling_5" },
	{ "name": "feeling_4", "bone": "feeling_4" },
	{ "name": "feeling_1", "bone": "feeling_1" },
	{ "name": "feeling_2", "bone": "feeling_2" },
	{ "name": "item_tay", "bone": "item_tay" }
],
"ik": [
	{
		"name": "foot_1",
		"bones": [ "thigh_1", "leg_1" ],
		"target": "foot_2",
		"mix": 0,
		"stretch": true
	},
	{
		"name": "foot_2",
		"order": 1,
		"bones": [ "thigh_2", "leg_2" ],
		"target": "foot_3",
		"mix": 0,
		"stretch": true
	}
],
"skins": [
	{
		"name": "default",
		"attachments": {
			"body": {
				"body": {
					"type": "mesh",
					"uvs": [ 1, 1, 0, 1, 0, 0.875, 0, 0.75, 0, 0.625, 0, 0.5, 0, 0.375, 0, 0.25, 0, 0.125, 0, 0, 1, 0, 1, 0.125, 1, 0.25, 1, 0.375, 1, 0.5, 1, 0.625, 1, 0.75, 1, 0.875 ],
					"triangles": [ 8, 9, 10, 11, 8, 10, 7, 8, 11, 12, 7, 11, 6, 7, 12, 13, 6, 12, 5, 6, 13, 14, 5, 13, 4, 5, 14, 15, 4, 14, 3, 4, 15, 16, 3, 15, 2, 3, 16, 17, 2, 16, 1, 2, 17, 0, 1, 17 ],
					"vertices": [ 1, 4, -1.7, -5.5, 1, 1, 4, -1.7, 5.5, 1, 2, 4, 25.68, 5.5, 0.70301, 5, -1.29, 5.5, 0.29699, 2, 5, 26.08, 5.5, 0.65569, 6, -0.88, 5.5, 0.34431, 2, 6, 26.49, 5.5, 0.55905, 7, -0.48, 5.5, 0.44095, 2, 7, 26.9, 5.5, 0.51367, 8, -0.07, 5.5, 0.48633, 2, 8, 27.3, 5.5, 0.41705, 9, 0.33, 5.5, 0.58295, 2, 9, 27.71, 5.5, 0.38565, 10, 0.74, 5.5, 0.61435, 2, 10, 28.11, 5.5, 0.36868, 11, 1.14, 5.5, 0.63132, 1, 11, 28.52, 5.5, 1, 1, 11, 28.52, -5.5, 1, 2, 10, 28.11, -5.5, 0.3064, 11, 1.14, -5.5, 0.6936, 2, 9, 27.71, -5.5, 0.40945, 10, 0.74, -5.5, 0.59055, 2, 8, 27.3, -5.5, 0.44404, 9, 0.33, -5.5, 0.55596, 2, 7, 26.9, -5.5, 0.52991, 8, -0.07, -5.5, 0.47009, 2, 6, 26.49, -5.5, 0.58474, 7, -0.48, -5.5, 0.41526, 2, 5, 26.08, -5.5, 0.62061, 6, -0.88, -5.5, 0.37939, 2, 4, 25.68, -5.5, 0.65664, 5, -1.29, -5.5, 0.34336 ],
					"hull": 18
				}
			},
			"Emoji": {
				"Emoji/emo_8": { "x": 0.5, "width": 91, "height": 34 },
				"Emoji/emo_57_c": { "x": 0.5, "y": 0.5, "width": 101, "height": 101 },
				"Emoji/new/emo_21_c": { "x": 0.5, "y": 0.5, "width": 97, "height": 82 },
				"Emoji/new/emo_66": { "y": 0.5, "width": 102, "height": 81 }
			},
			"feeling_1": {
				"mo_hoi": { "x": 0.5, "y": 0.5, "width": 19, "height": 41 },
				"run": { "rotation": 20.55, "width": 13, "height": 27 }
			},
			"feeling_2": {
				"giat_minh": { "x": 0.5, "y": 0.5, "width": 70, "height": 66 },
				"mo_hoi": { "x": 0.5, "y": 0.5, "width": 19, "height": 41 },
				"run": { "rotation": 20.55, "width": 13, "height": 27 }
			},
			"feeling_3": {
				"Emoji/hoi_cham": { "width": 30, "height": 52 },
				"giat_minh": { "rotation": -96.51, "width": 70, "height": 66 },
				"mo_hoi": { "x": -18.07, "y": -0.4, "rotation": -96.51, "width": 19, "height": 41 }
			},
			"feeling_4": {
				"giat_minh": { "width": 70, "height": 66 },
				"item/eat": { "rotation": -61.12, "width": 39, "height": 25 },
				"scare": { "y": 0.5, "width": 80, "height": 83 }
			},
			"feeling_5": {
				"cham_than": { "x": 0.5, "y": 0.5, "rotation": -270, "width": 17, "height": 57 },
				"Emoji/hoi_cham": { "width": 30, "height": 52 },
				"run": { "x": -0.36, "y": 7.5, "rotation": -89.44, "width": 13, "height": 27 }
			},
			"head": {
				"head": { "x": 68.85, "rotation": -89.87, "width": 144, "height": 144 },
				"head_7": { "x": 65.26, "y": -3.78, "rotation": -89.46, "width": 144, "height": 144 }
			},
			"shoulder1": {
				"shoulder": { "x": 49.22, "rotation": -90, "width": 15, "height": 105 }
			},
			"shoulder2": {
				"shoulder": { "x": 49.22, "rotation": -90, "width": 15, "height": 105 }
			},
			"shoulder3": {
				"shoulder": { "x": 49.22, "rotation": -90, "width": 15, "height": 105 }
			},
			"shoulder4": {
				"shoulder": { "x": 50.57, "rotation": -90, "width": 15, "height": 105 }
			},
			"thigh": {
				"thigh": { "x": 66.01, "rotation": -90, "width": 14, "height": 137 }
			},
			"thigh2": {
				"thigh": { "x": 66.01, "rotation": -90, "width": 14, "height": 137 }
			},
			"thigh3": {
				"thigh": { "x": 66.01, "rotation": -90, "width": 14, "height": 137 }
			},
			"thigh4": {
				"thigh": { "x": 66.01, "rotation": -90, "width": 14, "height": 137 }
			}
		}
	}
],
"animations": {
	"t_336_1_be": {
		"slots": {
			"body": {
				"rgba": [
					{ "color": "000000ff" }
				]
			},
			"Emoji": {
				"attachment": [
					{ "name": "Emoji/new/emo_21_c" }
				]
			},
			"feeling_1": {
				"attachment": [
					{}
				]
			},
			"feeling_2": {
				"attachment": [
					{ "name": "mo_hoi" }
				]
			},
			"feeling_3": {
				"rgba": [
					{ "color": "ffffffff" }
				],
				"attachment": [
					{ "name": "Emoji/hoi_cham" }
				]
			},
			"feeling_4": {
				"attachment": [
					{ "name": "giat_minh" }
				]
			},
			"feeling_5": {
				"attachment": [
					{ "name": "Emoji/hoi_cham" }
				]
			},
			"hair": {
				"attachment": [
					{}
				]
			},
			"head": {
				"rgba": [
					{ "color": "ffffffff" }
				],
				"attachment": [
					{ "name": "head" }
				]
			},
			"item": {
				"attachment": [
					{}
				]
			},
			"shoulder1": {
				"rgba": [
					{ "color": "000000ff" }
				],
				"attachment": [
					{}
				]
			},
			"shoulder2": {
				"rgba": [
					{ "color": "000000ff" }
				],
				"attachment": [
					{}
				]
			},
			"shoulder3": {
				"rgba": [
					{ "color": "000000ff" }
				],
				"attachment": [
					{ "name": "shoulder" }
				]
			},
			"shoulder4": {
				"rgba": [
					{ "color": "000000ff" }
				],
				"attachment": [
					{ "name": "shoulder" }
				]
			},
			"thigh": {
				"rgba": [
					{ "color": "000000ff" }
				]
			},
			"thigh2": {
				"rgba": [
					{ "color": "000000ff" }
				]
			},
			"thigh3": {
				"rgba": [
					{ "color": "000000ff" }
				]
			},
			"thigh4": {
				"rgba": [
					{ "color": "000000ff" }
				]
			}
		},
		"bones": {
			"head": {
				"rotate": [
					{ "value": 11.91 }
				],
				"translate": [
					{ "x": -21.02, "y": -13.73 }
				],
				"scale": [
					{}
				]
			},
			"root": {
				"rotate": [
					{}
				],
				"translate": [
					{}
				]
			},
			"main": {
				"rotate": [
					{ "value": -18.08 }
				],
				"translate": [
					{ "x": 0.41, "y": -12.81 }
				]
			},
			"hip": {
				"rotate": [
					{}
				],
				"translate": [
					{}
				]
			},
			"body": {
				"rotate": [
					{ "value": 1.98 }
				],
				"translate": [
					{}
				],
				"scale": [
					{}
				]
			},
			"body2": {
				"rotate": [
					{ "value": 1.98 }
				],
				"translate": [
					{}
				],
				"scale": [
					{}
				]
			},
			"body3": {
				"rotate": [
					{ "value": 1.98 }
				],
				"translate": [
					{}
				],
				"scale": [
					{}
				]
			},
			"body4": {
				"rotate": [
					{ "value": 1.98 }
				],
				"translate": [
					{}
				],
				"scale": [
					{}
				]
			},
			"body5": {
				"rotate": [
					{ "value": 1.98 }
				],
				"translate": [
					{}
				],
				"scale": [
					{}
				]
			},
			"body6": {
				"rotate": [
					{ "value": 1.98 }
				],
				"translate": [
					{}
				],
				"scale": [
					{}
				]
			},
			"body7": {
				"rotate": [
					{ "value": 1.98 }
				],
				"translate": [
					{}
				],
				"scale": [
					{}
				]
			},
			"body8": {
				"rotate": [
					{ "value": 1.98 }
				],
				"translate": [
					{}
				],
				"scale": [
					{}
				]
			},
			"feeling_3": {
				"rotate": [
					{ "value": -104.25 }
				],
				"translate": [
					{ "x": 78.03, "y": 13.94 }
				],
				"scale": [
					{ "x": 0.748, "y": 0.748 }
				]
			},
			"emoji": {
				"rotate": [
					{ "value": -10.71 }
				],
				"translate": [
					{ "x": 8.07, "y": -16.97 }
				],
				"scale": [
					{ "x": 1.131, "y": 1.131 }
				]
			},
			"shouder_1": {
				"rotate": [
					{ "value": -114.08 }
				],
				"translate": [
					{ "x": 37.54, "y": -1.29 }
				],
				"scale": [
					{}
				]
			},
			"arm_1": {
				"rotate": [
					{ "value": -75.01 }
				],
				"translate": [
					{ "x": 2.02, "y": 0.08 }
				],
				"scale": [
					{}
				]
			},
			"shouder_2": {
				"rotate": [
					{ "value": -169.04 }
				],
				"translate": [
					{ "x": 17.01, "y": -1.1 }
				],
				"scale": [
					{}
				]
			},
			"arm_2": {
				"rotate": [
					{ "value": 113.27 }
				],
				"translate": [
					{}
				],
				"scale": [
					{}
				]
			},
			"thigh_1": {
				"rotate": [
					{ "value": 24.72 }
				],
				"translate": [
					{}
				],
				"scale": [
					{}
				]
			},
			"leg_1": {
				"rotate": [
					{}
				],
				"translate": [
					{}
				],
				"scale": [
					{}
				]
			},
			"thigh_2": {
				"rotate": [
					{ "value": 39.21 }
				],
				"translate": [
					{}
				],
				"scale": [
					{}
				]
			},
			"leg_2": {
				"rotate": [
					{ "value": 18.14 }
				],
				"translate": [
					{}
				]
			},
			"foot_2": {
				"rotate": [
					{}
				],
				"translate": [
					{ "x": -70.77, "y": 6.3 }
				]
			},
			"foot_3": {
				"rotate": [
					{}
				],
				"translate": [
					{ "x": 52.56, "y": 3.37 }
				]
			},
			"feeling_5": {
				"rotate": [
					{ "value": -104.34 }
				],
				"translate": [
					{ "x": -58.75, "y": 122.22 }
				],
				"scale": [
					{ "x": 0.44, "y": 0.44 }
				]
			},
			"item_1": {
				"rotate": [
					{ "value": -4.56 }
				],
				"translate": [
					{ "x": 119.63, "y": 41.07 }
				],
				"scale": [
					{ "x": -1.428, "y": 1.351 }
				]
			},
			"feeling_1": {
				"rotate": [
					{ "value": -139.06 }
				],
				"translate": [
					{ "x": -91.88, "y": -200.21 }
				],
				"scale": [
					{ "x": -1.077, "y": 1.077 }
				]
			},
			"move": {
				"translate": [
					{ "x": 119.99, "y": 0.12 }
				],
				"scale": [
					{ "x": -1 }
				]
			},
			"feeling_2": {
				"rotate": [
					{ "value": 42.08 }
				],
				"translate": [
					{ "x": -170.83, "y": -145.75 }
				],
				"scale": [
					{ "x": -0.795, "y": 0.795 }
				]
			},
			"hair_1": {
				"rotate": [
					{ "value": -3.49 }
				],
				"translate": [
					{ "x": 132.15, "y": 580.18 }
				],
				"scale": [
					{ "x": -1.445, "y": 1.445 }
				]
			},
			"feeling_4": {
				"rotate": [
					{ "value": -111.79 }
				],
				"translate": [
					{ "x": 25.65, "y": -69.36 }
				],
				"scale": [
					{ "x": 0.452, "y": 0.452 }
				]
			}
		},
		"ik": {
			"foot_1": [
				{ "bendPositive": false, "stretch": true }
			],
			"foot_2": [
				{ "bendPositive": false, "stretch": true }
			]
		},
		"drawOrder": [
			{
				"offsets": [
					{ "slot": "item", "offset": 10 },
					{ "slot": "feeling_5", "offset": 3 }
				]
			}
		]
	},
	"t_336_1_lose": {
		"slots": {
			"body": {
				"rgba": [
					{ "color": "000000ff", "curve": "stepped" },
					{ "time": 0.6, "color": "000000ff" }
				]
			},
			"Emoji": {
				"attachment": [
					{ "name": "Emoji/emo_57_c" },
					{ "time": 0.6, "name": "Emoji/emo_57_c" }
				]
			},
			"feeling_1": {
				"attachment": [
					{ "name": "mo_hoi" },
					{ "time": 0.6, "name": "mo_hoi" }
				]
			},
			"feeling_2": {
				"attachment": [
					{ "name": "mo_hoi" },
					{ "time": 0.6, "name": "mo_hoi" }
				]
			},
			"feeling_3": {
				"rgba": [
					{ "color": "ffffffff", "curve": "stepped" },
					{ "time": 0.6, "color": "ffffffff" }
				],
				"attachment": [
					{ "name": "giat_minh" },
					{ "time": 0.6, "name": "giat_minh" }
				]
			},
			"feeling_4": {
				"rgba": [
					{ "color": "fff900ff", "curve": "stepped" },
					{ "time": 0.6, "color": "fff900ff" }
				],
				"attachment": [
					{ "name": "scare" },
					{ "time": 0.6, "name": "scare" }
				]
			},
			"feeling_5": {
				"rgba": [
					{ "color": "000000ff", "curve": "stepped" },
					{ "time": 0.6, "color": "000000ff" }
				],
				"attachment": [
					{ "name": "cham_than" },
					{ "time": 0.6, "name": "cham_than" }
				]
			},
			"head": {
				"rgba": [
					{ "color": "ffbcbcff", "curve": "stepped" },
					{ "time": 0.6, "color": "ffbcbcff" }
				],
				"attachment": [
					{ "name": "head_7" },
					{ "time": 0.6, "name": "head_7" }
				]
			},
			"item": {
				"attachment": [
					{},
					{ "time": 0.6 }
				]
			},
			"shoulder1": {
				"rgba": [
					{ "color": "000000ff", "curve": "stepped" },
					{ "time": 0.6, "color": "000000ff" }
				],
				"attachment": [
					{ "name": "shoulder" },
					{ "time": 0.6, "name": "shoulder" }
				]
			},
			"shoulder2": {
				"rgba": [
					{ "color": "000000ff", "curve": "stepped" },
					{ "time": 0.6, "color": "000000ff" }
				],
				"attachment": [
					{ "name": "shoulder" },
					{ "time": 0.6, "name": "shoulder" }
				]
			},
			"shoulder3": {
				"rgba": [
					{ "color": "000000ff", "curve": "stepped" },
					{ "time": 0.6, "color": "000000ff" }
				],
				"attachment": [
					{ "name": "shoulder" },
					{ "time": 0.6, "name": "shoulder" }
				]
			},
			"shoulder4": {
				"rgba": [
					{ "color": "ff0000ff", "curve": "stepped" },
					{ "time": 0.6, "color": "ff0000ff" }
				],
				"attachment": [
					{ "name": "shoulder" },
					{ "time": 0.6, "name": "shoulder" }
				]
			},
			"thigh": {
				"rgba": [
					{ "color": "000000ff", "curve": "stepped" },
					{ "time": 0.6, "color": "000000ff" }
				]
			},
			"thigh2": {
				"rgba": [
					{ "color": "000000ff", "curve": "stepped" },
					{ "time": 0.6, "color": "000000ff" }
				]
			},
			"thigh3": {
				"rgba": [
					{ "color": "000000ff", "curve": "stepped" },
					{ "time": 0.6, "color": "000000ff" }
				]
			},
			"thigh4": {
				"rgba": [
					{ "color": "000000ff", "curve": "stepped" },
					{ "time": 0.6, "color": "000000ff" }
				]
			}
		},
		"bones": {
			"head": {
				"rotate": [
					{ "value": -15.01, "curve": "stepped" },
					{ "time": 0.6, "value": -15.01 }
				],
				"translate": [
					{
						"x": -4.17,
						"y": -5.44,
						"curve": [ 0.15, -4.17, 0.45, -4.56, 0.15, -5.44, 0.45, -3.74 ]
					},
					{ "time": 0.6, "x": -4.56, "y": -3.74 }
				],
				"scale": [
					{ "x": 1.151, "curve": "stepped" },
					{ "time": 0.6, "x": 1.151 }
				]
			},
			"root": {
				"rotate": [
					{ "curve": "stepped" },
					{ "time": 0.6 }
				],
				"translate": [
					{ "curve": "stepped" },
					{ "time": 0.6 }
				]
			},
			"main": {
				"rotate": [
					{ "value": -1.49, "curve": "stepped" },
					{ "time": 0.6, "value": -1.49 }
				],
				"translate": [
					{ "x": 19.98, "y": -20.3, "curve": "stepped" },
					{ "time": 0.6, "x": 19.98, "y": -20.3 }
				]
			},
			"hip": {
				"rotate": [
					{ "curve": "stepped" },
					{ "time": 0.6 }
				],
				"translate": [
					{ "curve": "stepped" },
					{ "time": 0.6 }
				]
			},
			"body": {
				"rotate": [
					{ "value": -0.99, "curve": "stepped" },
					{ "time": 0.6, "value": -0.99 }
				],
				"translate": [
					{ "curve": "stepped" },
					{ "time": 0.6 }
				]
			},
			"body2": {
				"rotate": [
					{ "value": -0.99, "curve": "stepped" },
					{ "time": 0.6, "value": -0.99 }
				],
				"translate": [
					{ "curve": "stepped" },
					{ "time": 0.6 }
				]
			},
			"body3": {
				"rotate": [
					{ "value": -0.99, "curve": "stepped" },
					{ "time": 0.6, "value": -0.99 }
				],
				"translate": [
					{ "curve": "stepped" },
					{ "time": 0.6 }
				]
			},
			"body4": {
				"rotate": [
					{ "value": -1.9, "curve": "stepped" },
					{ "time": 0.6, "value": -1.9 }
				],
				"translate": [
					{ "curve": "stepped" },
					{ "time": 0.6 }
				]
			},
			"body5": {
				"rotate": [
					{ "value": -3.97, "curve": "stepped" },
					{ "time": 0.6, "value": -3.97 }
				],
				"translate": [
					{ "curve": "stepped" },
					{ "time": 0.6 }
				]
			},
			"body6": {
				"rotate": [
					{ "value": -0.41, "curve": "stepped" },
					{ "time": 0.6, "value": -0.41 }
				],
				"translate": [
					{ "curve": "stepped" },
					{ "time": 0.6 }
				]
			},
			"body7": {
				"rotate": [
					{ "value": -0.99, "curve": "stepped" },
					{ "time": 0.6, "value": -0.99 }
				],
				"translate": [
					{ "curve": "stepped" },
					{ "time": 0.6 }
				]
			},
			"body8": {
				"rotate": [
					{ "value": -0.99, "curve": "stepped" },
					{ "time": 0.6, "value": -0.99 }
				],
				"translate": [
					{ "curve": "stepped" },
					{ "time": 0.6 }
				]
			},
			"feeling_3": {
				"rotate": [
					{ "value": 137.2, "curve": "stepped" },
					{ "time": 0.6, "value": 137.2 }
				],
				"translate": [
					{ "x": -23.23, "y": 72.46, "curve": "stepped" },
					{ "time": 0.6, "x": -23.23, "y": 72.46 }
				],
				"scale": [
					{ "x": 1.024, "y": 1.024, "curve": "stepped" },
					{ "time": 0.6, "x": 1.024, "y": 1.024 }
				]
			},
			"emoji": {
				"rotate": [
					{ "value": -10.57, "curve": "stepped" },
					{ "time": 0.6, "value": -10.57 }
				],
				"translate": [
					{ "x": 26.49, "y": 26.38, "curve": "stepped" },
					{ "time": 0.6, "x": 26.49, "y": 26.38 }
				],
				"scale": [
					{ "x": 0.999, "y": 1.215, "curve": "stepped" },
					{ "time": 0.6, "x": 0.999, "y": 1.215 }
				]
			},
			"shouder_1": {
				"rotate": [
					{ "value": -48.28, "curve": "stepped" },
					{ "time": 0.6, "value": -48.28 }
				],
				"translate": [
					{ "x": 28.17, "y": -0.56, "curve": "stepped" },
					{ "time": 0.6, "x": 28.17, "y": -0.56 }
				],
				"scale": [
					{ "x": 1.037, "curve": "stepped" },
					{ "time": 0.6, "x": 1.037 }
				],
				"shear": [
					{ "curve": "stepped" },
					{ "time": 0.6 }
				]
			},
			"arm_1": {
				"rotate": [
					{ "value": -8.4, "curve": "stepped" },
					{ "time": 0.6, "value": -8.4 }
				],
				"translate": [
					{ "x": 2.02, "y": 0.08, "curve": "stepped" },
					{ "time": 0.6, "x": 2.02, "y": 0.08 }
				],
				"scale": [
					{ "x": 1.115, "y": 1.115, "curve": "stepped" },
					{ "time": 0.6, "x": 1.115, "y": 1.115 }
				]
			},
			"shouder_2": {
				"rotate": [
					{ "value": -20.62, "curve": "stepped" },
					{ "time": 0.6, "value": -20.62 }
				],
				"translate": [
					{ "x": 30.32, "y": -1.97, "curve": "stepped" },
					{ "time": 0.6, "x": 30.32, "y": -1.97 }
				],
				"scale": [
					{ "x": 1.037, "curve": "stepped" },
					{ "time": 0.6, "x": 1.037 }
				]
			},
			"arm_2": {
				"rotate": [
					{ "value": -29.64, "curve": "stepped" },
					{ "time": 0.6, "value": -29.64 }
				],
				"translate": [
					{ "curve": "stepped" },
					{ "time": 0.6 }
				],
				"scale": [
					{ "curve": "stepped" },
					{ "time": 0.6 }
				]
			},
			"thigh_1": {
				"rotate": [
					{
						"value": -44.84,
						"curve": [ 0.15, -44.84, 0.45, -57.56 ]
					},
					{ "time": 0.6, "value": -57.56 }
				],
				"translate": [
					{ "curve": "stepped" },
					{ "time": 0.6 }
				]
			},
			"leg_1": {
				"rotate": [
					{
						"value": 45.63,
						"curve": [ 0.15, 45.63, 0.45, 63.13 ]
					},
					{ "time": 0.6, "value": 63.13 }
				],
				"translate": [
					{ "curve": "stepped" },
					{ "time": 0.6 }
				]
			},
			"thigh_2": {
				"rotate": [
					{
						"value": -37.54,
						"curve": [ 0.15, -37.54, 0.45, 30.03 ]
					},
					{ "time": 0.6, "value": 30.03 }
				],
				"translate": [
					{ "curve": "stepped" },
					{ "time": 0.6 }
				],
				"scale": [
					{ "curve": "stepped" },
					{ "time": 0.6 }
				]
			},
			"leg_2": {
				"rotate": [
					{
						"value": 38.6,
						"curve": [ 0.15, 38.6, 0.45, -18.52 ]
					},
					{ "time": 0.6, "value": -18.52 }
				],
				"translate": [
					{ "curve": "stepped" },
					{ "time": 0.6 }
				]
			},
			"foot_2": {
				"rotate": [
					{ "value": -1.35, "curve": "stepped" },
					{ "time": 0.6, "value": -1.35 }
				],
				"translate": [
					{ "x": -80.95, "y": 43, "curve": "stepped" },
					{ "time": 0.6, "x": -80.95, "y": 43 }
				]
			},
			"foot_3": {
				"rotate": [
					{ "curve": "stepped" },
					{ "time": 0.6 }
				],
				"translate": [
					{ "x": 104.46, "y": -2.02, "curve": "stepped" },
					{ "time": 0.6, "x": 104.46, "y": -2.02 }
				]
			},
			"feeling_5": {
				"rotate": [
					{ "value": 172.1, "curve": "stepped" },
					{ "time": 0.6, "value": 172.1 }
				],
				"translate": [
					{ "x": 101.36, "y": 4.28, "curve": "stepped" },
					{ "time": 0.6, "x": 101.36, "y": 4.28 }
				],
				"scale": [
					{ "x": 0.655, "y": 0.655, "curve": "stepped" },
					{ "time": 0.6, "x": 0.655, "y": 0.655 }
				]
			},
			"move": {
				"translate": [
					{ "x": 119.99, "y": -0.27, "curve": "stepped" },
					{ "time": 0.6, "x": 119.99, "y": -0.27 }
				],
				"scale": [
					{ "curve": "stepped" },
					{ "time": 0.6 }
				]
			},
			"feeling_1": {
				"rotate": [
					{ "value": 34.01, "curve": "stepped" },
					{ "time": 0.6, "value": 34.01 }
				],
				"translate": [
					{ "x": 31.34, "y": -93.31, "curve": "stepped" },
					{ "time": 0.6, "x": 31.34, "y": -93.31 }
				],
				"scale": [
					{ "x": 0.855, "y": 0.855, "curve": "stepped" },
					{ "time": 0.6, "x": 0.855, "y": 0.855 }
				]
			},
			"feeling_2": {
				"rotate": [
					{ "value": -50.5, "curve": "stepped" },
					{ "time": 0.6, "value": -50.5 }
				],
				"translate": [
					{ "x": -54.67, "y": -40.43, "curve": "stepped" },
					{ "time": 0.6, "x": -54.67, "y": -40.43 }
				],
				"scale": [
					{ "x": 0.886, "y": 0.886, "curve": "stepped" },
					{ "time": 0.6, "x": 0.886, "y": 0.886 }
				]
			},
			"item_1": {
				"rotate": [
					{ "value": 152.31, "curve": "stepped" },
					{ "time": 0.6, "value": 152.31 }
				],
				"translate": [
					{ "x": -106.85, "y": -271.79, "curve": "stepped" },
					{ "time": 0.6, "x": -106.85, "y": -271.79 }
				]
			},
			"feeling_4": {
				"translate": [
					{ "x": -86.6, "y": 148.16, "curve": "stepped" },
					{ "time": 0.0667, "x": -60.9, "y": 178.3, "curve": "stepped" },
					{ "time": 0.1333, "x": -82.87, "y": 146.84, "curve": "stepped" },
					{ "time": 0.2, "x": -50.03, "y": 208.97, "curve": "stepped" },
					{ "time": 0.2667, "x": -41.69, "y": 148.04, "curve": "stepped" },
					{ "time": 0.3333, "x": -106.31, "y": 163.71, "curve": "stepped" },
					{ "time": 0.4667, "x": -49.18, "y": 189.08, "curve": "stepped" },
					{ "time": 0.5333, "x": -67.21, "y": 203.25, "curve": "stepped" },
					{ "time": 0.6, "x": -65.74, "y": 154.93 }
				],
				"scale": [
					{ "curve": "stepped" },
					{ "time": 0.0667, "x": 0.642, "y": 0.642, "curve": "stepped" },
					{ "time": 0.1333, "curve": "stepped" },
					{ "time": 0.2, "curve": "stepped" },
					{ "time": 0.2667, "x": 0.642, "y": 0.642, "curve": "stepped" },
					{ "time": 0.3333, "curve": "stepped" },
					{ "time": 0.4667, "curve": "stepped" },
					{ "time": 0.5333, "x": 0.642, "y": 0.642, "curve": "stepped" },
					{ "time": 0.6 }
				]
			}
		},
		"ik": {
			"foot_1": [
				{
					"stretch": true,
					"curve": [ 0.15, 1, 0.45, 1, 0.15, 0, 0.45, 0 ]
				},
				{ "time": 0.6, "stretch": true }
			],
			"foot_2": [
				{
					"bendPositive": false,
					"stretch": true,
					"curve": [ 0.15, 1, 0.45, 1, 0.15, 0, 0.45, 0 ]
				},
				{ "time": 0.6, "bendPositive": false, "stretch": true }
			]
		},
		"drawOrder": [
			{
				"offsets": [
					{ "slot": "shoulder2", "offset": 13 },
					{ "slot": "feeling_5", "offset": -3 }
				]
			},
			{
				"time": 0.6,
				"offsets": [
					{ "slot": "shoulder2", "offset": 13 },
					{ "slot": "feeling_5", "offset": -3 }
				]
			}
		]
	},
	"t_336_1_lose2": {
		"slots": {
			"body": {
				"rgba": [
					{ "color": "000000ff" }
				]
			},
			"Emoji": {
				"attachment": [
					{ "name": "Emoji/emo_8" }
				]
			},
			"feeling_1": {
				"attachment": [
					{ "name": "run" }
				]
			},
			"feeling_2": {
				"attachment": [
					{ "name": "run" }
				]
			},
			"feeling_3": {
				"rgba": [
					{ "color": "ffffffff" }
				],
				"attachment": [
					{ "name": "mo_hoi" }
				]
			},
			"feeling_4": {
				"attachment": [
					{ "name": "giat_minh" }
				]
			},
			"feeling_5": {
				"attachment": [
					{ "name": "run" }
				]
			},
			"head": {
				"rgba": [
					{ "color": "ffffffff" }
				]
			},
			"shoulder1": {
				"rgba": [
					{ "color": "000000ff" }
				],
				"attachment": [
					{ "name": "shoulder" }
				]
			},
			"shoulder2": {
				"rgba": [
					{ "color": "000000ff" }
				],
				"attachment": [
					{ "name": "shoulder" }
				]
			},
			"shoulder3": {
				"rgba": [
					{ "color": "000000ff" }
				],
				"attachment": [
					{ "name": "shoulder" }
				]
			},
			"shoulder4": {
				"rgba": [
					{ "color": "000000ff" }
				],
				"attachment": [
					{ "name": "shoulder" }
				]
			},
			"thigh": {
				"rgba": [
					{ "color": "000000ff" }
				]
			},
			"thigh2": {
				"rgba": [
					{ "color": "000000ff" }
				]
			},
			"thigh3": {
				"rgba": [
					{ "color": "000000ff" }
				]
			},
			"thigh4": {
				"rgba": [
					{ "color": "000000ff" }
				]
			}
		},
		"bones": {
			"head": {
				"rotate": [
					{ "value": -25.27 }
				],
				"translate": [
					{ "x": -21.99, "y": 12.34 }
				],
				"scale": [
					{}
				]
			},
			"root": {
				"rotate": [
					{}
				],
				"translate": [
					{}
				]
			},
			"main": {
				"rotate": [
					{ "value": 0.67 }
				],
				"translate": [
					{ "x": 26.58, "y": -35.62 }
				]
			},
			"hip": {
				"rotate": [
					{}
				],
				"translate": [
					{}
				]
			},
			"body": {
				"rotate": [
					{ "value": 2.19 }
				],
				"translate": [
					{}
				]
			},
			"body2": {
				"rotate": [
					{ "value": 2.19 }
				],
				"translate": [
					{}
				]
			},
			"body3": {
				"rotate": [
					{ "value": 2.19 }
				],
				"translate": [
					{}
				]
			},
			"body4": {
				"rotate": [
					{ "value": 2.19 }
				],
				"translate": [
					{}
				]
			},
			"body5": {
				"rotate": [
					{ "value": 2.19 }
				],
				"translate": [
					{}
				]
			},
			"body6": {
				"rotate": [
					{ "value": 2.19 }
				],
				"translate": [
					{}
				]
			},
			"body7": {
				"rotate": [
					{ "value": 2.19 }
				],
				"translate": [
					{}
				]
			},
			"body8": {
				"rotate": [
					{ "value": 2.19 }
				],
				"translate": [
					{}
				]
			},
			"feeling_3": {
				"rotate": [
					{ "value": -0.47 }
				],
				"translate": [
					{ "x": -19.61, "y": -86.45 }
				],
				"scale": [
					{ "x": 0.921, "y": 0.921 }
				]
			},
			"emoji": {
				"rotate": [
					{ "value": -7.15 }
				],
				"translate": [
					{ "x": 9.63, "y": 24.63 }
				],
				"scale": [
					{ "x": -0.853 }
				]
			},
			"shouder_1": {
				"rotate": [
					{ "value": -67.69 }
				],
				"translate": [
					{ "x": 11.44, "y": -4.56 }
				],
				"scale": [
					{}
				],
				"shear": [
					{}
				]
			},
			"arm_1": {
				"rotate": [
					{ "value": -31.44 }
				],
				"translate": [
					{ "x": 2.02, "y": 0.08 }
				],
				"scale": [
					{}
				]
			},
			"shouder_2": {
				"rotate": [
					{ "value": 70.04 }
				],
				"translate": [
					{ "x": 13.93, "y": -0.08 }
				],
				"scale": [
					{}
				]
			},
			"arm_2": {
				"rotate": [
					{ "value": -32.8 }
				],
				"translate": [
					{}
				],
				"scale": [
					{}
				]
			},
			"thigh_1": {
				"rotate": [
					{}
				],
				"translate": [
					{}
				],
				"scale": [
					{ "x": 1.103 }
				]
			},
			"leg_1": {
				"rotate": [
					{}
				],
				"translate": [
					{}
				]
			},
			"thigh_2": {
				"rotate": [
					{}
				],
				"translate": [
					{}
				]
			},
			"leg_2": {
				"rotate": [
					{}
				],
				"translate": [
					{}
				]
			},
			"foot_2": {
				"rotate": [
					{}
				],
				"translate": [
					{ "x": -70.81, "y": 0.16 }
				]
			},
			"foot_3": {
				"rotate": [
					{}
				],
				"translate": [
					{ "x": 106.46, "y": 2.95 }
				]
			},
			"feeling_5": {
				"rotate": [
					{ "value": -166.84 }
				],
				"translate": [
					{ "x": -143.36, "y": -68 }
				],
				"scale": [
					{ "x": 0.583, "y": 0.583 }
				]
			},
			"feeling_1": {
				"rotate": [
					{ "value": -20.1 }
				],
				"translate": [
					{ "x": -202.65, "y": -456 }
				],
				"scale": [
					{ "x": 1.614, "y": 1.614 }
				]
			},
			"feeling_2": {
				"rotate": [
					{ "value": -161.12 }
				],
				"translate": [
					{ "x": -24.39, "y": -96.24 }
				],
				"scale": [
					{ "x": 1.597, "y": 1.597 }
				]
			},
			"move": {
				"translate": [
					{ "x": 119.99 }
				],
				"scale": [
					{}
				]
			},
			"feeling_4": {
				"rotate": [
					{ "value": 27.34 }
				],
				"translate": [
					{ "x": 20.92, "y": 125.02 }
				],
				"scale": [
					{ "x": 0.504, "y": 0.504 }
				]
			}
		},
		"ik": {
			"foot_1": [
				{ "stretch": true }
			],
			"foot_2": [
				{ "stretch": true }
			]
		},
		"drawOrder": [
			{
				"offsets": [
					{ "slot": "shoulder4", "offset": -3 }
				]
			}
		]
	},
	"t_336_1_win": {
		"slots": {
			"body": {
				"rgba": [
					{ "color": "000000ff" }
				]
			},
			"Emoji": {
				"attachment": [
					{ "name": "Emoji/new/emo_66" }
				]
			},
			"feeling_1": {
				"attachment": [
					{}
				]
			},
			"feeling_2": {
				"attachment": [
					{ "name": "giat_minh" }
				]
			},
			"feeling_3": {
				"attachment": [
					{}
				]
			},
			"feeling_4": {
				"attachment": [
					{ "name": "item/eat" }
				]
			},
			"feeling_5": {
				"attachment": [
					{}
				]
			},
			"head": {
				"rgba": [
					{ "color": "ffffffff" }
				],
				"attachment": [
					{ "name": "head" }
				]
			},
			"shoulder1": {
				"rgba": [
					{ "color": "000000ff" }
				],
				"attachment": [
					{ "name": "shoulder" }
				]
			},
			"shoulder2": {
				"rgba": [
					{ "color": "000000ff" }
				],
				"attachment": [
					{ "name": "shoulder" }
				]
			},
			"shoulder3": {
				"rgba": [
					{ "color": "000000ff" }
				],
				"attachment": [
					{ "name": "shoulder" }
				]
			},
			"shoulder4": {
				"rgba": [
					{ "color": "000000ff" }
				],
				"attachment": [
					{ "name": "shoulder" }
				]
			},
			"thigh": {
				"rgba": [
					{ "color": "000000ff" }
				]
			},
			"thigh2": {
				"rgba": [
					{ "color": "000000ff" }
				]
			},
			"thigh3": {
				"rgba": [
					{ "color": "000000ff" }
				]
			},
			"thigh4": {
				"rgba": [
					{ "color": "000000ff" }
				]
			}
		},
		"bones": {
			"head": {
				"rotate": [
					{ "value": -4.61 }
				],
				"translate": [
					{ "x": -5.78, "y": -0.24 }
				],
				"scale": [
					{}
				]
			},
			"root": {
				"rotate": [
					{}
				],
				"translate": [
					{}
				]
			},
			"main": {
				"rotate": [
					{ "value": 1.84 }
				],
				"translate": [
					{ "x": -2.1, "y": -8.03 }
				]
			},
			"hip": {
				"rotate": [
					{}
				],
				"translate": [
					{}
				]
			},
			"body": {
				"rotate": [
					{ "value": -0.15 }
				],
				"translate": [
					{}
				]
			},
			"body2": {
				"rotate": [
					{ "value": -0.15 }
				],
				"translate": [
					{}
				]
			},
			"body3": {
				"rotate": [
					{ "value": -0.15 }
				],
				"translate": [
					{}
				]
			},
			"body4": {
				"rotate": [
					{ "value": -0.15 }
				],
				"translate": [
					{}
				]
			},
			"body5": {
				"rotate": [
					{ "value": -0.15 }
				],
				"translate": [
					{}
				]
			},
			"body6": {
				"rotate": [
					{ "value": -0.15 }
				],
				"translate": [
					{}
				]
			},
			"body7": {
				"rotate": [
					{ "value": -0.15 }
				],
				"translate": [
					{}
				]
			},
			"body8": {
				"rotate": [
					{ "value": -0.15 }
				],
				"translate": [
					{}
				]
			},
			"feeling_3": {
				"rotate": [
					{ "value": -77.45 }
				],
				"translate": [
					{ "x": -174.37, "y": 26.12 }
				],
				"scale": [
					{ "x": 0.793, "y": 0.793 }
				]
			},
			"emoji": {
				"rotate": [
					{ "value": -12.46 }
				],
				"translate": [
					{ "x": 10.93, "y": 15.57 }
				],
				"scale": [
					{ "y": 1.102 }
				]
			},
			"shouder_1": {
				"rotate": [
					{ "value": -141.25 }
				],
				"translate": [
					{ "x": 26, "y": -3.76 }
				],
				"scale": [
					{}
				],
				"shear": [
					{}
				]
			},
			"arm_1": {
				"rotate": [
					{ "value": -122.58 }
				],
				"translate": [
					{ "x": 2.02, "y": 0.08 }
				],
				"scale": [
					{}
				]
			},
			"shouder_2": {
				"rotate": [
					{ "value": -157.42 }
				],
				"translate": [
					{ "x": 23.59, "y": -4.69 }
				],
				"scale": [
					{}
				]
			},
			"arm_2": {
				"rotate": [
					{ "value": 44.21 }
				],
				"translate": [
					{}
				],
				"scale": [
					{ "x": 1.035 }
				]
			},
			"thigh_1": {
				"rotate": [
					{}
				],
				"translate": [
					{}
				]
			},
			"leg_1": {
				"rotate": [
					{}
				],
				"translate": [
					{}
				]
			},
			"thigh_2": {
				"rotate": [
					{}
				],
				"translate": [
					{}
				]
			},
			"leg_2": {
				"rotate": [
					{}
				],
				"translate": [
					{}
				]
			},
			"foot_2": {
				"rotate": [
					{}
				],
				"translate": [
					{ "x": -31.7, "y": -1.7 }
				]
			},
			"foot_3": {
				"rotate": [
					{}
				],
				"translate": [
					{ "x": 49.8, "y": 2.44 }
				]
			},
			"feeling_5": {
				"rotate": [
					{ "value": 93.6 }
				],
				"translate": [
					{ "x": -16.17, "y": -63.98 }
				],
				"scale": [
					{ "x": 0.52, "y": 0.52 }
				]
			},
			"feeling_1": {
				"rotate": [
					{ "value": 21.76 }
				],
				"translate": [
					{ "x": 118.98, "y": -61.62 }
				],
				"scale": [
					{ "x": -1.941, "y": 1.941 }
				]
			},
			"feeling_2": {
				"rotate": [
					{ "value": 130.99 }
				],
				"translate": [
					{ "x": -182.77, "y": -105.04 }
				],
				"scale": [
					{ "x": 0.848, "y": 0.848 }
				]
			},
			"move": {
				"translate": [
					{ "x": 119.99 }
				],
				"scale": [
					{}
				]
			},
			"item_1": {
				"rotate": [
					{ "value": 17.75 }
				],
				"translate": [
					{ "x": -112.99, "y": 56.67 }
				],
				"scale": [
					{ "x": 1.097, "y": 1.097 }
				]
			},
			"feeling_4": {
				"rotate": [
					{ "value": -6.1 }
				],
				"translate": [
					{ "x": -51.71, "y": 98.18 }
				],
				"scale": [
					{ "x": 0.625, "y": 0.625 }
				]
			}
		},
		"ik": {
			"foot_1": [
				{ "stretch": true }
			],
			"foot_2": [
				{ "stretch": true }
			]
		},
		"drawOrder": [
			{
				"offsets": [
					{ "slot": "item", "offset": 14 },
					{ "slot": "shoulder3", "offset": 12 },
					{ "slot": "shoulder4", "offset": 11 },
					{ "slot": "feeling_1", "offset": 1 }
				]
			}
		]
	}
}
}