{"frames": [

{
	"filename": "3.vo_chuoi",
	"frame": {"x":814,"y":501,"w":129,"h":82},
	"rotated": false,
	"trimmed": false,
	"spriteSourceSize": {"x":0,"y":0,"w":129,"h":82},
	"sourceSize": {"w":129,"h":82}
},
{
	"filename": "bg_vuon",
	"frame": {"x":1,"y":1454,"w":540,"h":473},
	"rotated": false,
	"trimmed": false,
	"spriteSourceSize": {"x":0,"y":0,"w":540,"h":473},
	"sourceSize": {"w":540,"h":473}
},
{
	"filename": "cua_chuong_khoa",
	"frame": {"x":1,"y":933,"w":643,"h":520},
	"rotated": false,
	"trimmed": true,
	"spriteSourceSize": {"x":7,"y":7,"w":643,"h":520},
	"sourceSize": {"w":657,"h":534}
},
{
	"filename": "cua_chuong_khoa_hot",
	"frame": {"x":1,"y":398,"w":657,"h":534},
	"rotated": false,
	"trimmed": false,
	"spriteSourceSize": {"x":0,"y":0,"w":657,"h":534},
	"sourceSize": {"w":657,"h":534}
},
{
	"filename": "hang_rao_gai copy",
	"frame": {"x":1,"y":206,"w":745,"h":191},
	"rotated": false,
	"trimmed": true,
	"spriteSourceSize": {"x":7,"y":7,"w":745,"h":191},
	"sourceSize": {"w":759,"h":205}
},
{
	"filename": "hang_rao_gai copy_hot",
	"frame": {"x":1,"y":1,"w":759,"h":204},
	"rotated": false,
	"trimmed": true,
	"spriteSourceSize": {"x":0,"y":1,"w":759,"h":204},
	"sourceSize": {"w":759,"h":205}
},
{
	"filename": "khi_an_chuoi_2",
	"frame": {"x":542,"y":1454,"w":447,"h":411},
	"rotated": false,
	"trimmed": false,
	"spriteSourceSize": {"x":0,"y":0,"w":447,"h":411},
	"sourceSize": {"w":447,"h":411}
},
{
	"filename": "khi_trong_chuong",
	"frame": {"x":645,"y":933,"w":332,"h":409},
	"rotated": false,
	"trimmed": false,
	"spriteSourceSize": {"x":0,"y":0,"w":332,"h":409},
	"sourceSize": {"w":332,"h":409}
},
{
	"filename": "nai_chuoi",
	"frame": {"x":659,"y":501,"w":154,"h":180},
	"rotated": false,
	"trimmed": false,
	"spriteSourceSize": {"x":0,"y":0,"w":154,"h":180},
	"sourceSize": {"w":154,"h":180}
},
{
	"filename": "thung_rac",
	"frame": {"x":747,"y":258,"w":166,"h":242},
	"rotated": false,
	"trimmed": true,
	"spriteSourceSize": {"x":7,"y":7,"w":166,"h":242},
	"sourceSize": {"w":180,"h":256}
},
{
	"filename": "thung_rac_hot",
	"frame": {"x":761,"y":1,"w":180,"h":256},
	"rotated": false,
	"trimmed": false,
	"spriteSourceSize": {"x":0,"y":0,"w":180,"h":256},
	"sourceSize": {"w":180,"h":256}
}],
"meta": {
	"app": "https://www.codeandweb.com/texturepacker",
	"version": "1.0",
	"image": "props.png",
	"format": "RGBA8888",
	"size": {"w":990,"h":1928},
	"scale": "1",
	"smartupdate": "$TexturePacker:SmartUpdate:c9f340aff6f37040472319b10864b945:9518aa2b9579e93a1c807c63608721f6:f4c39b94f5b79b4c461da96ae5609d50$"
}
}
