{
"skeleton": { "hash": "HH0liUZc9u8", "spine": "4.1.24", "x": -388.28, "y": -425.09, "width": 724.41, "height": 1282.48 },
"bones": [
	{ "name": "root", "rotation": 0.2 },
	{ "name": "move", "parent": "root", "x": -119.99, "scaleX": -1 },
	{ "name": "main", "parent": "move", "y": 256.6 },
	{ "name": "hip", "parent": "main" },
	{ "name": "body", "parent": "hip", "length": 26.97, "rotation": 90 },
	{ "name": "body2", "parent": "body", "length": 26.97, "x": 26.97 },
	{ "name": "body3", "parent": "body2", "length": 26.97, "x": 26.97 },
	{ "name": "body4", "parent": "body3", "length": 26.97, "rotation": -0.06, "x": 26.97 },
	{ "name": "body5", "parent": "body4", "length": 26.97, "x": 26.97 },
	{ "name": "body6", "parent": "body5", "length": 26.97, "x": 26.97 },
	{ "name": "body7", "parent": "body6", "length": 26.97, "x": 26.97 },
	{ "name": "body8", "parent": "body7", "length": 26.97, "x": 26.97 },
	{ "name": "head", "parent": "body8", "length": 135.67, "x": 24.75 },
	{ "name": "feeling_3", "parent": "head", "rotation": -0.18, "x": 87.53, "y": 30.96 },
	{ "name": "emoji", "parent": "head", "rotation": -90, "x": 62, "y": 1.49 },
	{ "name": "shouder_1", "parent": "body7", "length": 100.06, "rotation": -90, "x": 15.39, "y": 0.02 },
	{ "name": "arm_1", "parent": "shouder_1", "length": 100.06, "x": 94.79 },
	{ "name": "shouder_2", "parent": "body7", "length": 100.06, "rotation": 90, "x": 15.39, "y": 0.02 },
	{ "name": "arm_2", "parent": "shouder_2", "length": 100.06, "x": 94.79 },
	{ "name": "thigh_1", "parent": "main", "length": 134.15, "rotation": -90, "x": -0.54, "y": 4.23 },
	{ "name": "leg_1", "parent": "thigh_1", "length": 134.15, "x": 128.14 },
	{ "name": "thigh_2", "parent": "main", "length": 134.15, "rotation": -90, "x": -0.1, "y": 4.23 },
	{ "name": "leg_2", "parent": "thigh_2", "length": 134.15, "x": 128.14 },
	{ "name": "foot_2", "parent": "move", "x": 0.16, "y": -2.18 },
	{ "name": "foot_3", "parent": "move", "x": 0.1, "y": -2.12 },
	{
		"name": "feeling_5",
		"parent": "head",
		"rotation": -0.18,
		"x": 87.53,
		"y": -25.11,
		"scaleX": 2,
		"scaleY": 2
	},
	{ "name": "item_1", "parent": "move", "x": -1.93, "y": 450.24 },
	{ "name": "feeling_1", "parent": "main", "rotation": -20.17, "x": 72.35, "y": 376.02 },
	{ "name": "feeling_2", "parent": "main", "rotation": -20.17, "x": 72.35, "y": 376.02 },
	{ "name": "hair_1", "parent": "main", "rotation": 0.07, "x": -120, "y": -254.77 },
	{
		"name": "feeling_4",
		"parent": "head",
		"rotation": -0.18,
		"x": 87.53,
		"y": -25.11,
		"scaleX": 2,
		"scaleY": 2
	},
	{ "name": "item_tay", "parent": "arm_2", "x": 101.01, "y": -1.25 }
],
"slots": [
	{ "name": "bg_gane_play", "bone": "root", "color": "ffffff4f" },
	{ "name": "item", "bone": "item_1" },
	{ "name": "body", "bone": "hip", "color": "000000ff", "attachment": "body" },
	{ "name": "shoulder1", "bone": "shouder_1", "color": "000000ff" },
	{ "name": "shoulder3", "bone": "shouder_2", "color": "000000ff" },
	{ "name": "shoulder2", "bone": "arm_1", "color": "000000ff" },
	{ "name": "shoulder4", "bone": "arm_2", "color": "000000ff" },
	{ "name": "thigh", "bone": "thigh_1", "color": "000000ff", "attachment": "thigh" },
	{ "name": "thigh3", "bone": "thigh_2", "color": "000000ff", "attachment": "thigh" },
	{ "name": "thigh2", "bone": "leg_1", "color": "000000ff", "attachment": "thigh" },
	{ "name": "thigh4", "bone": "leg_2", "color": "000000ff", "attachment": "thigh" },
	{ "name": "head", "bone": "head", "attachment": "head" },
	{ "name": "hair", "bone": "hair_1" },
	{ "name": "Emoji", "bone": "emoji" },
	{ "name": "feeling_3", "bone": "feeling_3", "color": "000000ff" },
	{ "name": "feeling_5", "bone": "feeling_5" },
	{ "name": "feeling_4", "bone": "feeling_4" },
	{ "name": "feeling_1", "bone": "feeling_1" },
	{ "name": "feeling_2", "bone": "feeling_2" },
	{ "name": "item_tay", "bone": "item_tay" }
],
"ik": [
	{
		"name": "foot_1",
		"bones": [ "thigh_1", "leg_1" ],
		"target": "foot_2",
		"mix": 0,
		"stretch": true
	},
	{
		"name": "foot_2",
		"order": 1,
		"bones": [ "thigh_2", "leg_2" ],
		"target": "foot_3",
		"mix": 0,
		"stretch": true
	}
],
"skins": [
	{
		"name": "default",
		"attachments": {
			"body": {
				"body": {
					"type": "mesh",
					"uvs": [ 1, 1, 0, 1, 0, 0.875, 0, 0.75, 0, 0.625, 0, 0.5, 0, 0.375, 0, 0.25, 0, 0.125, 0, 0, 1, 0, 1, 0.125, 1, 0.25, 1, 0.375, 1, 0.5, 1, 0.625, 1, 0.75, 1, 0.875 ],
					"triangles": [ 8, 9, 10, 11, 8, 10, 7, 8, 11, 12, 7, 11, 6, 7, 12, 13, 6, 12, 5, 6, 13, 14, 5, 13, 4, 5, 14, 15, 4, 14, 3, 4, 15, 16, 3, 15, 2, 3, 16, 17, 2, 16, 1, 2, 17, 0, 1, 17 ],
					"vertices": [ 1, 4, -1.7, -5.5, 1, 1, 4, -1.7, 5.5, 1, 2, 4, 25.68, 5.5, 0.70301, 5, -1.29, 5.5, 0.29699, 2, 5, 26.08, 5.5, 0.65569, 6, -0.88, 5.5, 0.34431, 2, 6, 26.49, 5.5, 0.55905, 7, -0.48, 5.5, 0.44095, 2, 7, 26.9, 5.5, 0.51367, 8, -0.07, 5.5, 0.48633, 2, 8, 27.3, 5.5, 0.41705, 9, 0.33, 5.5, 0.58295, 2, 9, 27.71, 5.5, 0.38565, 10, 0.74, 5.5, 0.61435, 2, 10, 28.11, 5.5, 0.36868, 11, 1.14, 5.5, 0.63132, 1, 11, 28.52, 5.5, 1, 1, 11, 28.52, -5.5, 1, 2, 10, 28.11, -5.5, 0.3064, 11, 1.14, -5.5, 0.6936, 2, 9, 27.71, -5.5, 0.40945, 10, 0.74, -5.5, 0.59055, 2, 8, 27.3, -5.5, 0.44404, 9, 0.33, -5.5, 0.55596, 2, 7, 26.9, -5.5, 0.52991, 8, -0.07, -5.5, 0.47009, 2, 6, 26.49, -5.5, 0.58474, 7, -0.48, -5.5, 0.41526, 2, 5, 26.08, -5.5, 0.62061, 6, -0.88, -5.5, 0.37939, 2, 4, 25.68, -5.5, 0.65664, 5, -1.29, -5.5, 0.34336 ],
					"hull": 18
				}
			},
			"Emoji": {
				"Emoji/emo_18b": { "x": 0.5, "width": 87, "height": 64 },
				"Emoji/emo_42": { "width": 90, "height": 74 },
				"Emoji/emo_57c": { "y": 0.5, "width": 81, "height": 62 },
				"Emoji/emo_57_c": { "x": 0.5, "y": 0.5, "width": 101, "height": 101 },
				"Emoji/emo_64": { "y": 0.5, "width": 100, "height": 97 },
				"Emoji/emo_84": { "y": 0.5, "width": 90, "height": 95 },
				"Emoji/new/emo_55": { "y": 0.5, "width": 96, "height": 89 }
			},
			"feeling_1": {
				"mo_hoi": { "x": 0.5, "y": 0.5, "width": 19, "height": 41 },
				"phut_nuoc": { "x": 3.04, "y": 52.78, "width": 124, "height": 118 }
			},
			"feeling_2": {
				"cauco": { "y": 0.5, "width": 50, "height": 45 },
				"giat_minh": { "x": 0.5, "y": 0.5, "width": 70, "height": 66 },
				"scare": { "y": 0.5, "width": 80, "height": 83 }
			},
			"feeling_3": {
				"cauco": { "width": 50, "height": 45 },
				"cham_than": { "x": -18.07, "y": -0.4, "rotation": -96.51, "width": 17, "height": 57 },
				"giat_minh": { "rotation": -96.51, "width": 70, "height": 66 },
				"khoi": { "width": 153, "height": 107 }
			},
			"feeling_4": {
				"giat_minh": { "width": 70, "height": 66 },
				"khoi": { "y": 0.5, "width": 153, "height": 107 }
			},
			"feeling_5": {
				"cauco": { "y": 0.5, "width": 50, "height": 45 },
				"cham_than": { "x": 0.5, "y": 0.5, "rotation": -270, "width": 17, "height": 57 },
				"khoi": { "y": 0.5, "width": 153, "height": 107 },
				"mo_hoi": { "width": 19, "height": 41 },
				"rung": { "x": 0.5, "width": 18, "height": 51 },
				"scare": { "y": 0.5, "width": 80, "height": 83 }
			},
			"hair": {
				"hair/man/mu_4": { "x": 0.5, "y": 0.5, "width": 149, "height": 79 }
			},
			"head": {
				"head": { "x": 68.85, "rotation": -89.87, "width": 144, "height": 144 },
				"head_7": { "x": 65.26, "y": -3.78, "rotation": -89.46, "width": 144, "height": 144 }
			},
			"shoulder1": {
				"shoulder": { "x": 49.22, "rotation": -90, "width": 15, "height": 105 }
			},
			"shoulder2": {
				"shoulder": { "x": 49.22, "rotation": -90, "width": 15, "height": 105 }
			},
			"shoulder3": {
				"shoulder": { "x": 49.22, "rotation": -90, "width": 15, "height": 105 }
			},
			"shoulder4": {
				"shoulder": { "x": 50.57, "rotation": -90, "width": 15, "height": 105 }
			},
			"thigh": {
				"thigh": { "x": 66.01, "rotation": -90, "width": 14, "height": 137 }
			},
			"thigh2": {
				"thigh": { "x": 66.01, "rotation": -90, "width": 14, "height": 137 }
			},
			"thigh3": {
				"thigh": { "x": 66.01, "rotation": -90, "width": 14, "height": 137 }
			},
			"thigh4": {
				"thigh": { "x": 66.01, "rotation": -90, "width": 14, "height": 137 }
			}
		}
	}
],
"animations": {
	"t_339_1_be": {
		"slots": {
			"body": {
				"rgba": [
					{ "color": "000000ff" }
				]
			},
			"Emoji": {
				"attachment": [
					{ "name": "Emoji/emo_18b" }
				]
			},
			"feeling_1": {
				"attachment": [
					{}
				]
			},
			"feeling_2": {
				"attachment": [
					{ "name": "cauco" }
				]
			},
			"feeling_3": {
				"rgba": [
					{ "color": "ffffffff" }
				],
				"attachment": [
					{}
				]
			},
			"feeling_4": {
				"rgba": [
					{ "color": "ff8f8fb5" }
				],
				"attachment": [
					{ "name": "khoi" }
				]
			},
			"feeling_5": {
				"rgba": [
					{ "color": "ff7575a3" }
				],
				"attachment": [
					{ "name": "khoi" }
				]
			},
			"hair": {
				"attachment": [
					{}
				]
			},
			"head": {
				"rgba": [
					{ "color": "ffb0b0ff" }
				],
				"attachment": [
					{ "name": "head" }
				]
			},
			"item": {
				"attachment": [
					{}
				]
			},
			"shoulder1": {
				"rgba": [
					{ "color": "000000ff" }
				],
				"attachment": [
					{ "name": "shoulder" }
				]
			},
			"shoulder2": {
				"rgba": [
					{ "color": "000000ff" }
				],
				"attachment": [
					{ "name": "shoulder" }
				]
			},
			"shoulder3": {
				"rgba": [
					{ "color": "000000ff" }
				],
				"attachment": [
					{}
				]
			},
			"shoulder4": {
				"rgba": [
					{ "color": "000000ff" }
				],
				"attachment": [
					{}
				]
			},
			"thigh": {
				"rgba": [
					{ "color": "000000ff" }
				]
			},
			"thigh2": {
				"rgba": [
					{ "color": "000000ff" }
				]
			},
			"thigh3": {
				"rgba": [
					{ "color": "000000ff" }
				]
			},
			"thigh4": {
				"rgba": [
					{ "color": "000000ff" }
				]
			}
		},
		"bones": {
			"head": {
				"rotate": [
					{ "value": 7.27 }
				],
				"translate": [
					{ "x": 2.58, "y": -4.08 }
				],
				"scale": [
					{}
				]
			},
			"root": {
				"rotate": [
					{}
				],
				"translate": [
					{}
				]
			},
			"main": {
				"rotate": [
					{ "value": -11.21 }
				],
				"translate": [
					{ "x": -26.49, "y": -16.25 }
				]
			},
			"hip": {
				"rotate": [
					{}
				],
				"translate": [
					{}
				]
			},
			"body": {
				"rotate": [
					{ "value": -0.37 }
				],
				"translate": [
					{}
				],
				"scale": [
					{}
				]
			},
			"body2": {
				"rotate": [
					{ "value": -0.37 }
				],
				"translate": [
					{}
				],
				"scale": [
					{}
				]
			},
			"body3": {
				"rotate": [
					{ "value": -0.37 }
				],
				"translate": [
					{}
				],
				"scale": [
					{}
				]
			},
			"body4": {
				"rotate": [
					{ "value": -0.37 }
				],
				"translate": [
					{}
				],
				"scale": [
					{}
				]
			},
			"body5": {
				"rotate": [
					{ "value": -0.37 }
				],
				"translate": [
					{}
				],
				"scale": [
					{}
				]
			},
			"body6": {
				"rotate": [
					{ "value": -0.37 }
				],
				"translate": [
					{}
				],
				"scale": [
					{}
				]
			},
			"body7": {
				"rotate": [
					{ "value": -0.37 }
				],
				"translate": [
					{}
				],
				"scale": [
					{}
				]
			},
			"body8": {
				"rotate": [
					{ "value": -0.37 }
				],
				"translate": [
					{}
				],
				"scale": [
					{}
				]
			},
			"feeling_3": {
				"rotate": [
					{ "value": -177.3 }
				],
				"translate": [
					{ "x": 31.7, "y": -126.06 }
				],
				"scale": [
					{ "x": 1.379, "y": 1.379 }
				]
			},
			"emoji": {
				"rotate": [
					{ "value": 15.55 }
				],
				"translate": [
					{ "x": 14.84, "y": -13.84 }
				],
				"scale": [
					{ "x": -1.028, "y": 1.028 }
				]
			},
			"shouder_1": {
				"rotate": [
					{ "value": -119.57 }
				],
				"translate": [
					{ "x": 44.12, "y": 0.59 }
				],
				"scale": [
					{}
				]
			},
			"arm_1": {
				"rotate": [
					{ "value": 32.8 }
				],
				"translate": [
					{ "x": 2.02, "y": 0.08 }
				],
				"scale": [
					{}
				]
			},
			"shouder_2": {
				"rotate": [
					{ "value": 114.53 }
				],
				"translate": [
					{ "x": 32.93, "y": -0.6 }
				],
				"scale": [
					{}
				]
			},
			"arm_2": {
				"rotate": [
					{ "value": 37.14 }
				],
				"translate": [
					{}
				],
				"scale": [
					{}
				]
			},
			"thigh_1": {
				"rotate": [
					{ "value": 24.72 }
				],
				"translate": [
					{}
				],
				"scale": [
					{}
				]
			},
			"leg_1": {
				"rotate": [
					{}
				],
				"translate": [
					{}
				],
				"scale": [
					{}
				]
			},
			"thigh_2": {
				"rotate": [
					{ "value": 39.21 }
				],
				"translate": [
					{}
				],
				"scale": [
					{}
				]
			},
			"leg_2": {
				"rotate": [
					{ "value": 18.14 }
				],
				"translate": [
					{}
				]
			},
			"foot_2": {
				"rotate": [
					{}
				],
				"translate": [
					{ "x": -106.73, "y": 2.1 }
				]
			},
			"foot_3": {
				"rotate": [
					{}
				],
				"translate": [
					{ "x": 43.3, "y": 0.47 }
				]
			},
			"feeling_5": {
				"rotate": [
					{ "value": -113.15 }
				],
				"translate": [
					{ "x": 46.61, "y": 107.36 }
				],
				"scale": [
					{ "x": 0.374, "y": 0.374 }
				]
			},
			"item_1": {
				"rotate": [
					{ "value": -4.56 }
				],
				"translate": [
					{ "x": 119.63, "y": 41.07 }
				],
				"scale": [
					{ "x": -1.428, "y": 1.351 }
				]
			},
			"feeling_1": {
				"rotate": [
					{ "value": 24.55 }
				],
				"translate": [
					{ "x": -220.41, "y": -201.02 }
				],
				"scale": [
					{ "x": -0.433, "y": 0.433 }
				]
			},
			"move": {
				"translate": [
					{ "x": 119.99, "y": 0.12 }
				],
				"scale": [
					{ "x": -1 }
				]
			},
			"feeling_2": {
				"rotate": [
					{ "value": 37.53 }
				],
				"translate": [
					{ "x": -156.45, "y": -113.21 }
				],
				"scale": [
					{ "x": -0.952, "y": 0.952 }
				]
			},
			"hair_1": {
				"rotate": [
					{ "value": -3.49 }
				],
				"translate": [
					{ "x": 132.15, "y": 580.18 }
				],
				"scale": [
					{ "x": -1.445, "y": 1.445 }
				]
			},
			"feeling_4": {
				"rotate": [
					{ "value": -152.13 }
				],
				"translate": [
					{ "x": 86.74, "y": 50.25 }
				],
				"scale": [
					{ "x": 0.416, "y": 0.416 }
				]
			}
		},
		"ik": {
			"foot_1": [
				{ "bendPositive": false, "stretch": true }
			],
			"foot_2": [
				{ "bendPositive": false, "stretch": true }
			]
		},
		"drawOrder": [
			{
				"offsets": [
					{ "slot": "item", "offset": 11 },
					{ "slot": "feeling_5", "offset": 3 },
					{ "slot": "feeling_4", "offset": -6 }
				]
			}
		]
	},
	"t_339_1_lose": {
		"slots": {
			"body": {
				"rgba": [
					{ "color": "000000ff", "curve": "stepped" },
					{ "time": 0.6667, "color": "000000ff" }
				]
			},
			"Emoji": {
				"rgba": [
					{ "color": "ff6767ff", "curve": "stepped" },
					{ "time": 0.6667, "color": "ff6767ff" }
				],
				"attachment": [
					{ "name": "Emoji/emo_57_c" },
					{ "time": 0.6667, "name": "Emoji/emo_57_c" }
				]
			},
			"feeling_1": {
				"attachment": [
					{ "name": "mo_hoi" },
					{ "time": 0.6667, "name": "mo_hoi" }
				]
			},
			"feeling_2": {
				"rgba": [
					{ "color": "fffa22ff", "curve": "stepped" },
					{ "time": 0.6667, "color": "fffa22ff" }
				],
				"attachment": [
					{ "name": "scare" },
					{ "time": 0.1667 },
					{ "time": 0.2667, "name": "scare" },
					{ "time": 0.4 },
					{ "time": 0.5, "name": "scare" },
					{ "time": 0.6667, "name": "scare" }
				]
			},
			"feeling_3": {
				"attachment": [
					{ "name": "giat_minh" },
					{ "time": 0.6667, "name": "giat_minh" }
				]
			},
			"feeling_5": {
				"attachment": [
					{ "name": "mo_hoi" },
					{ "time": 0.6667, "name": "mo_hoi" }
				]
			},
			"hair": {
				"attachment": [
					{},
					{ "time": 0.6667 }
				]
			},
			"head": {
				"rgba": [
					{ "color": "ffffffff", "curve": "stepped" },
					{ "time": 0.6667, "color": "ffffffff" }
				],
				"attachment": [
					{ "name": "head_7" },
					{ "time": 0.6667, "name": "head_7" }
				]
			},
			"item": {
				"attachment": [
					{},
					{ "time": 0.6667 }
				]
			},
			"shoulder1": {
				"rgba": [
					{ "color": "000000ff", "curve": "stepped" },
					{ "time": 0.6667, "color": "000000ff" }
				],
				"attachment": [
					{ "name": "shoulder" },
					{ "time": 0.6667, "name": "shoulder" }
				]
			},
			"shoulder2": {
				"rgba": [
					{ "color": "000000ff", "curve": "stepped" },
					{ "time": 0.6667, "color": "000000ff" }
				],
				"attachment": [
					{ "name": "shoulder" },
					{ "time": 0.6667, "name": "shoulder" }
				]
			},
			"shoulder3": {
				"rgba": [
					{ "color": "000000ff", "curve": "stepped" },
					{ "time": 0.6667, "color": "000000ff" }
				],
				"attachment": [
					{ "name": "shoulder" },
					{ "time": 0.6667, "name": "shoulder" }
				]
			},
			"shoulder4": {
				"rgba": [
					{ "color": "ff0000ff", "curve": "stepped" },
					{ "time": 0.6667, "color": "ff0000ff" }
				],
				"attachment": [
					{ "name": "shoulder" },
					{ "time": 0.6667, "name": "shoulder" }
				]
			},
			"thigh": {
				"rgba": [
					{ "color": "000000ff", "curve": "stepped" },
					{ "time": 0.6667, "color": "000000ff" }
				]
			},
			"thigh2": {
				"rgba": [
					{ "color": "000000ff", "curve": "stepped" },
					{ "time": 0.6667, "color": "000000ff" }
				]
			},
			"thigh3": {
				"rgba": [
					{ "color": "000000ff", "curve": "stepped" },
					{ "time": 0.6667, "color": "000000ff" }
				]
			},
			"thigh4": {
				"rgba": [
					{ "color": "000000ff", "curve": "stepped" },
					{ "time": 0.6667, "color": "000000ff" }
				]
			}
		},
		"bones": {
			"head": {
				"rotate": [
					{ "value": -1.08, "curve": "stepped" },
					{ "time": 0.6667, "value": -1.08 }
				],
				"translate": [
					{ "x": -8.67, "y": 7, "curve": "stepped" },
					{ "time": 0.6667, "x": -8.67, "y": 7 }
				],
				"scale": [
					{ "x": 1.095, "curve": "stepped" },
					{ "time": 0.6667, "x": 1.095 }
				]
			},
			"root": {
				"rotate": [
					{ "curve": "stepped" },
					{ "time": 0.6667 }
				],
				"translate": [
					{ "curve": "stepped" },
					{ "time": 0.6667 }
				]
			},
			"main": {
				"rotate": [
					{ "value": -7.39, "curve": "stepped" },
					{ "time": 0.6667, "value": -7.39 }
				],
				"translate": [
					{ "x": 2.37, "y": -70.24, "curve": "stepped" },
					{ "time": 0.6667, "x": 2.37, "y": -70.24 }
				]
			},
			"hip": {
				"rotate": [
					{ "curve": "stepped" },
					{ "time": 0.6667 }
				],
				"translate": [
					{ "curve": "stepped" },
					{ "time": 0.6667 }
				]
			},
			"body": {
				"rotate": [
					{ "value": 5.43, "curve": "stepped" },
					{ "time": 0.6667, "value": 5.43 }
				],
				"translate": [
					{ "curve": "stepped" },
					{ "time": 0.6667 }
				]
			},
			"body2": {
				"rotate": [
					{ "value": -1.12, "curve": "stepped" },
					{ "time": 0.6667, "value": -1.12 }
				],
				"translate": [
					{ "curve": "stepped" },
					{ "time": 0.6667 }
				]
			},
			"body3": {
				"rotate": [
					{ "value": -1.12, "curve": "stepped" },
					{ "time": 0.6667, "value": -1.12 }
				],
				"translate": [
					{ "curve": "stepped" },
					{ "time": 0.6667 }
				]
			},
			"body4": {
				"rotate": [
					{ "value": -2.03, "curve": "stepped" },
					{ "time": 0.6667, "value": -2.03 }
				],
				"translate": [
					{ "curve": "stepped" },
					{ "time": 0.6667 }
				]
			},
			"body5": {
				"rotate": [
					{ "value": -4.1, "curve": "stepped" },
					{ "time": 0.6667, "value": -4.1 }
				],
				"translate": [
					{ "curve": "stepped" },
					{ "time": 0.6667 }
				]
			},
			"body6": {
				"rotate": [
					{ "value": -0.54, "curve": "stepped" },
					{ "time": 0.6667, "value": -0.54 }
				],
				"translate": [
					{ "curve": "stepped" },
					{ "time": 0.6667 }
				]
			},
			"body7": {
				"rotate": [
					{ "value": -1.12, "curve": "stepped" },
					{ "time": 0.6667, "value": -1.12 }
				],
				"translate": [
					{ "curve": "stepped" },
					{ "time": 0.6667 }
				]
			},
			"body8": {
				"rotate": [
					{ "value": -1.12, "curve": "stepped" },
					{ "time": 0.6667, "value": -1.12 }
				],
				"translate": [
					{ "curve": "stepped" },
					{ "time": 0.6667 }
				]
			},
			"feeling_3": {
				"rotate": [
					{ "value": 88.49, "curve": "stepped" },
					{ "time": 0.6667, "value": 88.49 }
				],
				"translate": [
					{ "x": 69.87, "y": -93.24, "curve": "stepped" },
					{ "time": 0.6667, "x": 69.87, "y": -93.24 }
				],
				"scale": [
					{ "x": -1.09, "y": 1.09, "curve": "stepped" },
					{ "time": 0.6667, "x": -1.09, "y": 1.09 }
				]
			},
			"emoji": {
				"rotate": [
					{ "value": -3.21, "curve": "stepped" },
					{ "time": 0.6667, "value": -3.21 }
				],
				"translate": [
					{ "x": 27.45, "y": 29.88, "curve": "stepped" },
					{ "time": 0.6667, "x": 27.45, "y": 29.88 }
				],
				"scale": [
					{ "x": 0.943, "y": 1.503, "curve": "stepped" },
					{ "time": 0.6667, "x": 0.943, "y": 1.503 }
				]
			},
			"shouder_1": {
				"rotate": [
					{ "value": -52.73, "curve": "stepped" },
					{ "time": 0.6667, "value": -52.73 }
				],
				"translate": [
					{ "x": 19.7, "y": 0.58, "curve": "stepped" },
					{ "time": 0.6667, "x": 19.7, "y": 0.58 }
				],
				"scale": [
					{ "curve": "stepped" },
					{ "time": 0.6667 }
				],
				"shear": [
					{ "y": 1, "curve": "stepped" },
					{ "time": 0.6667, "y": 1 }
				]
			},
			"arm_1": {
				"rotate": [
					{ "value": -43.18, "curve": "stepped" },
					{ "time": 0.6667, "value": -43.18 }
				],
				"translate": [
					{ "x": 2.02, "y": 0.08, "curve": "stepped" },
					{ "time": 0.6667, "x": 2.02, "y": 0.08 }
				],
				"scale": [
					{ "curve": "stepped" },
					{ "time": 0.6667 }
				]
			},
			"shouder_2": {
				"rotate": [
					{ "value": -20.43, "curve": "stepped" },
					{ "time": 0.6667, "value": -20.43 }
				],
				"translate": [
					{ "x": 17.91, "y": 2, "curve": "stepped" },
					{ "time": 0.6667, "x": 17.91, "y": 2 }
				],
				"scale": [
					{ "x": 1.21, "curve": "stepped" },
					{ "time": 0.6667, "x": 1.21 }
				]
			},
			"arm_2": {
				"rotate": [
					{ "value": -30.09, "curve": "stepped" },
					{ "time": 0.6667, "value": -30.09 }
				],
				"scale": [
					{ "curve": "stepped" },
					{ "time": 0.6667 }
				]
			},
			"thigh_1": {
				"rotate": [
					{ "value": -6.18, "curve": "stepped" },
					{ "time": 0.6667, "value": -6.18 }
				],
				"translate": [
					{ "curve": "stepped" },
					{ "time": 0.6667 }
				]
			},
			"leg_1": {
				"rotate": [
					{ "value": 5.22, "curve": "stepped" },
					{ "time": 0.6667, "value": 5.22 }
				],
				"translate": [
					{ "curve": "stepped" },
					{ "time": 0.6667 }
				]
			},
			"thigh_2": {
				"rotate": [
					{ "value": 2.51, "curve": "stepped" },
					{ "time": 0.6667, "value": 2.51 }
				],
				"translate": [
					{ "curve": "stepped" },
					{ "time": 0.6667 }
				],
				"scale": [
					{ "curve": "stepped" },
					{ "time": 0.6667 }
				]
			},
			"leg_2": {
				"rotate": [
					{ "value": 3.66, "curve": "stepped" },
					{ "time": 0.6667, "value": 3.66 }
				],
				"translate": [
					{ "curve": "stepped" },
					{ "time": 0.6667 }
				]
			},
			"foot_2": {
				"rotate": [
					{ "curve": "stepped" },
					{ "time": 0.6667 }
				],
				"translate": [
					{ "x": -99.46, "y": -1.21, "curve": "stepped" },
					{ "time": 0.6667, "x": -99.46, "y": -1.21 }
				]
			},
			"foot_3": {
				"rotate": [
					{ "curve": "stepped" },
					{ "time": 0.6667 }
				],
				"translate": [
					{ "x": 123.96, "y": 1, "curve": "stepped" },
					{ "time": 0.6667, "x": 123.96, "y": 1 }
				]
			},
			"feeling_5": {
				"rotate": [
					{ "value": 148.12, "curve": "stepped" },
					{ "time": 0.6667, "value": 148.12 }
				],
				"translate": [
					{ "x": 76.03, "y": 126.73, "curve": "stepped" },
					{ "time": 0.6667, "x": 76.03, "y": 126.73 }
				],
				"scale": [
					{ "x": 0.495, "y": 0.495, "curve": "stepped" },
					{ "time": 0.6667, "x": 0.495, "y": 0.495 }
				]
			},
			"feeling_1": {
				"rotate": [
					{ "value": 42.26, "curve": "stepped" },
					{ "time": 0.6667, "value": 42.26 }
				],
				"translate": [
					{ "x": -53.25, "y": -63.22, "curve": "stepped" },
					{ "time": 0.6667, "x": -53.25, "y": -63.22 }
				],
				"scale": [
					{ "x": -1.036, "y": 1.036, "curve": "stepped" },
					{ "time": 0.6667, "x": -1.036, "y": 1.036 }
				]
			},
			"feeling_2": {
				"rotate": [
					{ "value": -157.8, "curve": "stepped" },
					{ "time": 0.6667, "value": -157.8 }
				],
				"translate": [
					{ "x": -209.69, "y": -111.78, "curve": "stepped" },
					{ "time": 0.6667, "x": -209.69, "y": -111.78 }
				],
				"scale": [
					{ "x": 2.185, "y": 2.185, "curve": "stepped" },
					{ "time": 0.6667, "x": 2.185, "y": 2.185 }
				]
			},
			"move": {
				"translate": [
					{ "x": 119.99, "curve": "stepped" },
					{ "time": 0.6667, "x": 119.99 }
				],
				"scale": [
					{ "curve": "stepped" },
					{ "time": 0.6667 }
				]
			},
			"item_1": {
				"rotate": [
					{ "value": 20.66, "curve": "stepped" },
					{ "time": 0.6667, "value": 20.66 }
				],
				"translate": [
					{ "x": -20.85, "y": 187.84, "curve": "stepped" },
					{ "time": 0.6667, "x": -20.85, "y": 187.84 }
				],
				"scale": [
					{ "x": -0.675, "y": 0.675, "curve": "stepped" },
					{ "time": 0.6667, "x": -0.675, "y": 0.675 }
				]
			},
			"hair_1": {
				"rotate": [
					{ "value": -19.58, "curve": "stepped" },
					{ "time": 0.6667, "value": -19.58 }
				],
				"translate": [
					{ "x": 116.71, "y": 623.66, "curve": "stepped" },
					{ "time": 0.6667, "x": 116.71, "y": 623.66 }
				],
				"scale": [
					{ "x": -0.967, "y": 0.967, "curve": "stepped" },
					{ "time": 0.6667, "x": -0.967, "y": 0.967 }
				]
			}
		},
		"ik": {
			"foot_1": [
				{
					"stretch": true,
					"curve": [ 0.167, 1, 0.5, 1, 0.167, 0, 0.5, 0 ]
				},
				{ "time": 0.6667, "stretch": true }
			],
			"foot_2": [
				{
					"stretch": true,
					"curve": [ 0.167, 1, 0.5, 1, 0.167, 0, 0.5, 0 ]
				},
				{ "time": 0.6667, "stretch": true }
			]
		},
		"drawOrder": [
			{
				"offsets": [
					{ "slot": "item", "offset": 15 },
					{ "slot": "shoulder4", "offset": -3 },
					{ "slot": "Emoji", "offset": 4 },
					{ "slot": "feeling_5", "offset": -13 },
					{ "slot": "feeling_1", "offset": 1 }
				]
			},
			{
				"time": 0.6667,
				"offsets": [
					{ "slot": "item", "offset": 15 },
					{ "slot": "shoulder4", "offset": -3 },
					{ "slot": "Emoji", "offset": 4 },
					{ "slot": "feeling_5", "offset": -13 },
					{ "slot": "feeling_1", "offset": 1 }
				]
			}
		]
	},
	"t_339_1_lose_2": {
		"slots": {
			"body": {
				"rgba": [
					{ "color": "000000ff", "curve": "stepped" },
					{ "time": 0.8333, "color": "000000ff" }
				]
			},
			"Emoji": {
				"attachment": [
					{ "name": "Emoji/emo_57c" },
					{ "time": 0.8333, "name": "Emoji/emo_57c" }
				]
			},
			"feeling_1": {
				"rgba": [
					{ "color": "9bfff9ff", "curve": "stepped" },
					{ "time": 0.8333, "color": "9bfff9ff" }
				],
				"attachment": [
					{ "name": "phut_nuoc" },
					{ "time": 0.8333, "name": "phut_nuoc" }
				]
			},
			"feeling_2": {
				"rgba": [
					{ "color": "fdff00ff", "curve": "stepped" },
					{ "time": 0.8333, "color": "fdff00ff" }
				],
				"attachment": [
					{ "name": "scare" },
					{ "time": 0.8333, "name": "scare" }
				]
			},
			"feeling_3": {
				"attachment": [
					{ "name": "cham_than" },
					{ "time": 0.8333, "name": "cham_than" }
				]
			},
			"feeling_5": {
				"attachment": [
					{ "name": "cham_than" },
					{ "time": 0.8333, "name": "cham_than" }
				]
			},
			"hair": {
				"attachment": [
					{},
					{ "time": 0.8333 }
				]
			},
			"head": {
				"rgba": [
					{ "color": "ffffffff", "curve": "stepped" },
					{ "time": 0.8333, "color": "ffffffff" }
				],
				"attachment": [
					{ "name": "head_7" },
					{ "time": 0.8333, "name": "head_7" }
				]
			},
			"shoulder1": {
				"rgba": [
					{ "color": "000000ff", "curve": "stepped" },
					{ "time": 0.8333, "color": "000000ff" }
				],
				"attachment": [
					{ "name": "shoulder" },
					{ "time": 0.8333, "name": "shoulder" }
				]
			},
			"shoulder2": {
				"rgba": [
					{ "color": "000000ff", "curve": "stepped" },
					{ "time": 0.8333, "color": "000000ff" }
				],
				"attachment": [
					{ "name": "shoulder" },
					{ "time": 0.8333, "name": "shoulder" }
				]
			},
			"shoulder3": {
				"rgba": [
					{ "color": "000000ff", "curve": "stepped" },
					{ "time": 0.8333, "color": "000000ff" }
				],
				"attachment": [
					{ "name": "shoulder" },
					{ "time": 0.8333, "name": "shoulder" }
				]
			},
			"shoulder4": {
				"rgba": [
					{ "color": "000000ff", "curve": "stepped" },
					{ "time": 0.8333, "color": "000000ff" }
				],
				"attachment": [
					{ "name": "shoulder" },
					{ "time": 0.8333, "name": "shoulder" }
				]
			},
			"thigh": {
				"rgba": [
					{ "color": "000000ff", "curve": "stepped" },
					{ "time": 0.8333, "color": "000000ff" }
				]
			},
			"thigh2": {
				"rgba": [
					{ "color": "000000ff", "curve": "stepped" },
					{ "time": 0.8333, "color": "000000ff" }
				]
			},
			"thigh3": {
				"rgba": [
					{ "color": "000000ff", "curve": "stepped" },
					{ "time": 0.8333, "color": "000000ff" }
				]
			},
			"thigh4": {
				"rgba": [
					{ "color": "000000ff", "curve": "stepped" },
					{ "time": 0.8333, "color": "000000ff" }
				]
			}
		},
		"bones": {
			"head": {
				"rotate": [
					{ "value": 16.57, "curve": "stepped" },
					{ "time": 0.8333, "value": 16.57 }
				],
				"translate": [
					{ "x": -21.73, "y": 1.57, "curve": "stepped" },
					{ "time": 0.8333, "x": -21.73, "y": 1.57 }
				],
				"scale": [
					{ "curve": "stepped" },
					{ "time": 0.8333 }
				]
			},
			"root": {
				"rotate": [
					{ "curve": "stepped" },
					{ "time": 0.8333 }
				],
				"translate": [
					{ "curve": "stepped" },
					{ "time": 0.8333 }
				]
			},
			"main": {
				"rotate": [
					{ "value": 3.3, "curve": "stepped" },
					{ "time": 0.8333, "value": 3.3 }
				],
				"translate": [
					{ "x": -62, "y": -56.54, "curve": "stepped" },
					{ "time": 0.8333, "x": -62, "y": -56.54 }
				]
			},
			"hip": {
				"rotate": [
					{ "curve": "stepped" },
					{ "time": 0.8333 }
				],
				"translate": [
					{ "curve": "stepped" },
					{ "time": 0.8333 }
				]
			},
			"feeling_3": {
				"rotate": [
					{ "value": -10.95, "curve": "stepped" },
					{ "time": 0.8333, "value": -10.95 }
				],
				"translate": [
					{ "x": 91.04, "y": 29.69, "curve": "stepped" },
					{ "time": 0.8333, "x": 91.04, "y": 29.69 }
				],
				"scale": [
					{ "x": 1.334, "y": 1.334, "curve": "stepped" },
					{ "time": 0.8333, "x": 1.334, "y": 1.334 }
				]
			},
			"emoji": {
				"rotate": [
					{ "value": -3.19, "curve": "stepped" },
					{ "time": 0.8333, "value": -3.19 }
				],
				"translate": [
					{ "x": 6.27, "y": 1.52, "curve": "stepped" },
					{ "time": 0.8333, "x": 6.27, "y": 1.52 }
				],
				"scale": [
					{ "x": -1.324, "y": 1.324, "curve": "stepped" },
					{ "time": 0.8333, "x": -1.324, "y": 1.324 }
				]
			},
			"shouder_1": {
				"rotate": [
					{ "value": -54.19, "curve": "stepped" },
					{ "time": 0.8333, "value": -54.19 }
				],
				"translate": [
					{ "x": 14.38, "y": -3.41, "curve": "stepped" },
					{ "time": 0.8333, "x": 14.38, "y": -3.41 }
				],
				"scale": [
					{ "curve": "stepped" },
					{ "time": 0.8333 }
				],
				"shear": [
					{ "curve": "stepped" },
					{ "time": 0.8333 }
				]
			},
			"arm_1": {
				"rotate": [
					{ "value": 25.92, "curve": "stepped" },
					{ "time": 0.8333, "value": 25.92 }
				],
				"translate": [
					{ "x": 2.02, "y": 0.08, "curve": "stepped" },
					{ "time": 0.8333, "x": 2.02, "y": 0.08 }
				],
				"scale": [
					{ "curve": "stepped" },
					{ "time": 0.8333 }
				]
			},
			"shouder_2": {
				"rotate": [
					{ "value": 60.77, "curve": "stepped" },
					{ "time": 0.8333, "value": 60.77 }
				],
				"translate": [
					{ "x": 16.74, "y": -2.11, "curve": "stepped" },
					{ "time": 0.8333, "x": 16.74, "y": -2.11 }
				],
				"scale": [
					{ "curve": "stepped" },
					{ "time": 0.8333 }
				]
			},
			"arm_2": {
				"rotate": [
					{ "value": 37.76, "curve": "stepped" },
					{ "time": 0.8333, "value": 37.76 }
				],
				"translate": [
					{ "curve": "stepped" },
					{ "time": 0.8333 }
				],
				"scale": [
					{ "curve": "stepped" },
					{ "time": 0.8333 }
				]
			},
			"thigh_1": {
				"rotate": [
					{ "value": -44.84, "curve": "stepped" },
					{ "time": 0.8333, "value": -44.84 }
				],
				"translate": [
					{ "curve": "stepped" },
					{ "time": 0.8333 }
				],
				"scale": [
					{ "curve": "stepped" },
					{ "time": 0.8333 }
				]
			},
			"leg_1": {
				"rotate": [
					{ "value": 45.63, "curve": "stepped" },
					{ "time": 0.8333, "value": 45.63 }
				],
				"translate": [
					{ "curve": "stepped" },
					{ "time": 0.8333 }
				],
				"scale": [
					{ "curve": "stepped" },
					{ "time": 0.8333 }
				]
			},
			"thigh_2": {
				"rotate": [
					{ "value": -37.54, "curve": "stepped" },
					{ "time": 0.8333, "value": -37.54 }
				],
				"translate": [
					{ "curve": "stepped" },
					{ "time": 0.8333 }
				],
				"scale": [
					{ "curve": "stepped" },
					{ "time": 0.8333 }
				]
			},
			"leg_2": {
				"rotate": [
					{ "value": 38.6, "curve": "stepped" },
					{ "time": 0.8333, "value": 38.6 }
				],
				"translate": [
					{ "curve": "stepped" },
					{ "time": 0.8333 }
				],
				"scale": [
					{ "curve": "stepped" },
					{ "time": 0.8333 }
				]
			},
			"foot_2": {
				"rotate": [
					{ "value": -1.35, "curve": "stepped" },
					{ "time": 0.8333, "value": -1.35 }
				],
				"translate": [
					{ "x": 72.79, "y": 2.05, "curve": "stepped" },
					{ "time": 0.8333, "x": 72.79, "y": 2.05 }
				]
			},
			"foot_3": {
				"rotate": [
					{ "curve": "stepped" },
					{ "time": 0.8333 }
				],
				"translate": [
					{ "x": -110.83, "y": 3.42, "curve": "stepped" },
					{ "time": 0.8333, "x": -110.83, "y": 3.42 }
				]
			},
			"feeling_5": {
				"rotate": [
					{ "value": 171.83, "curve": "stepped" },
					{ "time": 0.8333, "value": 171.83 }
				],
				"translate": [
					{ "x": 60.3, "y": 122.7, "curve": "stepped" },
					{ "time": 0.8333, "x": 60.3, "y": 122.7 }
				],
				"scale": [
					{ "x": 0.434, "y": 0.444, "curve": "stepped" },
					{ "time": 0.8333, "x": 0.434, "y": 0.444 }
				]
			},
			"move": {
				"translate": [
					{ "x": 119.99, "curve": "stepped" },
					{ "time": 0.8333, "x": 119.99 }
				],
				"scale": [
					{ "x": -1, "curve": "stepped" },
					{ "time": 0.8333, "x": -1 }
				]
			},
			"feeling_1": {
				"rotate": [
					{ "value": 134.54, "curve": "stepped" },
					{ "time": 0.8333, "value": 134.54 }
				],
				"translate": [
					{ "x": -120.25, "y": -157.95, "curve": "stepped" },
					{ "time": 0.8333, "x": -120.25, "y": -157.95 }
				],
				"scale": [
					{ "x": 0.916, "y": 1.192, "curve": "stepped" },
					{ "time": 0.8333, "x": 0.916, "y": 1.192 }
				]
			},
			"feeling_2": {
				"rotate": [
					{ "value": 21.77, "curve": "stepped" },
					{ "time": 0.1, "value": 49.53, "curve": "stepped" },
					{ "time": 0.2, "value": 21.77, "curve": "stepped" },
					{ "time": 0.4, "value": 21.77, "curve": "stepped" },
					{ "time": 0.5, "value": 49.53, "curve": "stepped" },
					{ "time": 0.6, "value": 21.77, "curve": "stepped" },
					{ "time": 0.7, "value": 49.53, "curve": "stepped" },
					{ "time": 0.8, "value": 21.77, "curve": "stepped" },
					{ "time": 0.8333, "value": 21.77 }
				],
				"translate": [
					{ "x": -15.76, "y": -115.1, "curve": "stepped" },
					{ "time": 0.8333, "x": -15.76, "y": -115.1 }
				],
				"scale": [
					{ "x": 2.033, "y": 2.033, "curve": "stepped" },
					{ "time": 0.1, "x": 0.938, "y": 0.938, "curve": "stepped" },
					{ "time": 0.2, "x": 2.033, "y": 2.033, "curve": "stepped" },
					{ "time": 0.4, "x": 2.033, "y": 2.033, "curve": "stepped" },
					{ "time": 0.5, "x": 0.938, "y": 0.938, "curve": "stepped" },
					{ "time": 0.6, "x": 2.033, "y": 2.033, "curve": "stepped" },
					{ "time": 0.7, "x": 0.938, "y": 0.938, "curve": "stepped" },
					{ "time": 0.8, "x": 2.033, "y": 2.033 }
				]
			},
			"body": {
				"rotate": [
					{ "value": -0.16, "curve": "stepped" },
					{ "time": 0.8333, "value": -0.16 }
				]
			},
			"body2": {
				"rotate": [
					{ "value": -0.16, "curve": "stepped" },
					{ "time": 0.8333, "value": -0.16 }
				]
			},
			"body3": {
				"rotate": [
					{ "value": -0.16, "curve": "stepped" },
					{ "time": 0.8333, "value": -0.16 }
				]
			},
			"body4": {
				"rotate": [
					{ "value": -0.16, "curve": "stepped" },
					{ "time": 0.8333, "value": -0.16 }
				]
			},
			"body5": {
				"rotate": [
					{ "value": -0.16, "curve": "stepped" },
					{ "time": 0.8333, "value": -0.16 }
				]
			},
			"body6": {
				"rotate": [
					{ "value": -0.16, "curve": "stepped" },
					{ "time": 0.8333, "value": -0.16 }
				]
			},
			"body7": {
				"rotate": [
					{ "value": -0.16, "curve": "stepped" },
					{ "time": 0.8333, "value": -0.16 }
				]
			},
			"body8": {
				"rotate": [
					{ "value": -0.16, "curve": "stepped" },
					{ "time": 0.8333, "value": -0.16 }
				]
			},
			"hair_1": {
				"rotate": [
					{ "value": -5.28, "curve": "stepped" },
					{ "time": 0.8333, "value": -5.28 }
				],
				"translate": [
					{ "x": 203.89, "y": 532.1, "curve": "stepped" },
					{ "time": 0.8333, "x": 203.89, "y": 532.1 }
				],
				"scale": [
					{ "x": -1.115, "y": 1.115, "curve": "stepped" },
					{ "time": 0.8333, "x": -1.115, "y": 1.115 }
				]
			}
		},
		"ik": {
			"foot_1": [
				{
					"bendPositive": false,
					"stretch": true,
					"curve": [ 0.208, 1, 0.625, 1, 0.208, 0, 0.625, 0 ]
				},
				{ "time": 0.8333, "bendPositive": false, "stretch": true }
			],
			"foot_2": [
				{
					"bendPositive": false,
					"stretch": true,
					"curve": [ 0.208, 1, 0.625, 1, 0.208, 0, 0.625, 0 ]
				},
				{ "time": 0.8333, "bendPositive": false, "stretch": true }
			]
		},
		"drawOrder": [
			{
				"offsets": [
					{ "slot": "Emoji", "offset": 3 },
					{ "slot": "feeling_3", "offset": 3 },
					{ "slot": "feeling_4", "offset": -1 }
				]
			},
			{
				"time": 0.8333,
				"offsets": [
					{ "slot": "Emoji", "offset": 3 },
					{ "slot": "feeling_3", "offset": 3 },
					{ "slot": "feeling_4", "offset": -1 }
				]
			}
		]
	},
	"t_339_1_win": {
		"slots": {
			"body": {
				"rgba": [
					{ "color": "000000ff" }
				]
			},
			"Emoji": {
				"attachment": [
					{ "name": "Emoji/emo_84" }
				]
			},
			"feeling_1": {
				"attachment": [
					{}
				]
			},
			"feeling_2": {
				"attachment": [
					{ "name": "giat_minh" }
				]
			},
			"feeling_3": {
				"attachment": [
					{}
				]
			},
			"feeling_5": {
				"attachment": [
					{}
				]
			},
			"hair": {
				"attachment": [
					{}
				]
			},
			"head": {
				"rgba": [
					{ "color": "ffffffff" }
				],
				"attachment": [
					{ "name": "head" }
				]
			},
			"shoulder1": {
				"rgba": [
					{ "color": "000000ff" }
				],
				"attachment": [
					{ "name": "shoulder" }
				]
			},
			"shoulder2": {
				"rgba": [
					{ "color": "000000ff" }
				],
				"attachment": [
					{ "name": "shoulder" }
				]
			},
			"shoulder3": {
				"rgba": [
					{ "color": "000000ff" }
				],
				"attachment": [
					{ "name": "shoulder" }
				]
			},
			"shoulder4": {
				"rgba": [
					{ "color": "000000ff" }
				],
				"attachment": [
					{ "name": "shoulder" }
				]
			},
			"thigh": {
				"rgba": [
					{ "color": "000000ff" }
				]
			},
			"thigh2": {
				"rgba": [
					{ "color": "000000ff" }
				]
			},
			"thigh3": {
				"rgba": [
					{ "color": "000000ff" }
				]
			},
			"thigh4": {
				"rgba": [
					{ "color": "000000ff" }
				]
			}
		},
		"bones": {
			"head": {
				"rotate": [
					{ "value": -25.27 }
				],
				"translate": [
					{ "x": -5.85, "y": 0.84 }
				],
				"scale": [
					{}
				]
			},
			"root": {
				"rotate": [
					{}
				],
				"translate": [
					{}
				]
			},
			"main": {
				"rotate": [
					{ "value": -0.77 }
				],
				"translate": [
					{ "x": 1.92, "y": -15.14 }
				]
			},
			"hip": {
				"rotate": [
					{}
				],
				"translate": [
					{}
				]
			},
			"body": {
				"rotate": [
					{ "value": -0.98 }
				],
				"translate": [
					{}
				],
				"scale": [
					{}
				]
			},
			"body2": {
				"rotate": [
					{ "value": -0.98 }
				],
				"translate": [
					{}
				],
				"scale": [
					{}
				]
			},
			"body3": {
				"rotate": [
					{ "value": -0.98 }
				],
				"translate": [
					{}
				],
				"scale": [
					{}
				]
			},
			"body4": {
				"rotate": [
					{ "value": -0.98 }
				],
				"translate": [
					{}
				],
				"scale": [
					{}
				]
			},
			"body5": {
				"rotate": [
					{ "value": -0.98 }
				],
				"translate": [
					{}
				],
				"scale": [
					{}
				]
			},
			"body6": {
				"rotate": [
					{ "value": -0.98 }
				],
				"translate": [
					{}
				],
				"scale": [
					{}
				]
			},
			"body7": {
				"rotate": [
					{ "value": -0.98 }
				],
				"translate": [
					{}
				],
				"scale": [
					{}
				]
			},
			"body8": {
				"rotate": [
					{ "value": -0.98 }
				],
				"translate": [
					{}
				],
				"scale": [
					{}
				]
			},
			"feeling_3": {
				"rotate": [
					{ "value": 22.11 }
				],
				"translate": [
					{ "x": 107.53, "y": -84.37 }
				],
				"scale": [
					{ "x": 1.808, "y": 1.808 }
				]
			},
			"emoji": {
				"rotate": [
					{ "value": 12.23 }
				],
				"translate": [
					{ "x": 8.77, "y": -0.54 }
				],
				"scale": [
					{ "x": -1.088, "y": 1.088 }
				]
			},
			"shouder_1": {
				"rotate": [
					{ "value": 160.49 }
				],
				"translate": [
					{ "x": 26.68, "y": 5.8 }
				],
				"scale": [
					{}
				]
			},
			"arm_1": {
				"rotate": [
					{ "value": -32.97 }
				],
				"translate": [
					{ "x": 2.02, "y": 0.08 }
				],
				"scale": [
					{}
				]
			},
			"shouder_2": {
				"rotate": [
					{ "value": 136.17 }
				],
				"translate": [
					{ "x": 22, "y": -2.26 }
				],
				"scale": [
					{}
				]
			},
			"arm_2": {
				"rotate": [
					{ "value": 10.84 }
				],
				"translate": [
					{}
				],
				"scale": [
					{}
				]
			},
			"thigh_1": {
				"rotate": [
					{ "value": 24.72 }
				],
				"translate": [
					{}
				],
				"scale": [
					{}
				]
			},
			"leg_1": {
				"rotate": [
					{}
				],
				"translate": [
					{}
				]
			},
			"thigh_2": {
				"rotate": [
					{ "value": 39.21 }
				],
				"translate": [
					{}
				],
				"scale": [
					{}
				]
			},
			"leg_2": {
				"rotate": [
					{ "value": 18.14 }
				],
				"translate": [
					{}
				]
			},
			"foot_2": {
				"rotate": [
					{}
				],
				"translate": [
					{ "x": -73.76, "y": 100.26 }
				]
			},
			"foot_3": {
				"rotate": [
					{}
				],
				"translate": [
					{ "x": 29.68, "y": 1.5 }
				]
			},
			"feeling_5": {
				"rotate": [
					{}
				],
				"translate": [
					{ "x": 71.65, "y": 42.4 }
				]
			},
			"item_1": {
				"rotate": [
					{ "value": 4.93 }
				]
			},
			"move": {
				"translate": [
					{ "x": 119.99 }
				],
				"scale": [
					{}
				]
			},
			"feeling_2": {
				"rotate": [
					{ "value": 123.26 }
				],
				"translate": [
					{ "x": -110.32, "y": -62.32 }
				],
				"scale": [
					{ "x": 0.913, "y": 0.913 }
				]
			},
			"feeling_1": {
				"rotate": [
					{ "value": 9.59 }
				],
				"translate": [
					{ "x": -52.74, "y": -141.26 }
				],
				"scale": [
					{ "x": 1.009, "y": 0.924 }
				]
			},
			"hair_1": {
				"rotate": [
					{ "value": -8.2 }
				],
				"translate": [
					{ "x": 136.48, "y": 581.23 }
				],
				"scale": [
					{ "x": 1.082, "y": 0.925 }
				]
			}
		},
		"ik": {
			"foot_1": [
				{ "stretch": true }
			],
			"foot_2": [
				{ "bendPositive": false, "stretch": true }
			]
		},
		"drawOrder": [
			{
				"offsets": [
					{ "slot": "shoulder4", "offset": -3 }
				]
			}
		]
	},
	"t_339_2_be": {
		"slots": {
			"body": {
				"rgba": [
					{ "color": "000000ff" }
				]
			},
			"Emoji": {
				"attachment": [
					{ "name": "Emoji/new/emo_55" }
				]
			},
			"feeling_1": {
				"attachment": [
					{}
				]
			},
			"feeling_2": {
				"attachment": [
					{}
				]
			},
			"feeling_3": {
				"rgba": [
					{ "color": "ffffffff" }
				],
				"attachment": [
					{}
				]
			},
			"feeling_5": {
				"rgba": [
					{ "color": "000000ff" }
				],
				"attachment": [
					{ "name": "rung" }
				]
			},
			"hair": {
				"attachment": [
					{ "name": "hair/man/mu_4" }
				]
			},
			"head": {
				"rgba": [
					{ "color": "ffffffff" }
				],
				"attachment": [
					{ "name": "head" }
				]
			},
			"item": {
				"attachment": [
					{}
				]
			},
			"shoulder1": {
				"rgba": [
					{ "color": "000000ff" }
				],
				"attachment": [
					{ "name": "shoulder" }
				]
			},
			"shoulder2": {
				"rgba": [
					{ "color": "000000ff" }
				],
				"attachment": [
					{ "name": "shoulder" }
				]
			},
			"shoulder3": {
				"rgba": [
					{ "color": "000000ff" }
				],
				"attachment": [
					{ "name": "shoulder" }
				]
			},
			"shoulder4": {
				"rgba": [
					{ "color": "000000ff" }
				],
				"attachment": [
					{ "name": "shoulder" }
				]
			},
			"thigh": {
				"rgba": [
					{ "color": "000000ff" }
				]
			},
			"thigh2": {
				"rgba": [
					{ "color": "000000ff" }
				]
			},
			"thigh3": {
				"rgba": [
					{ "color": "000000ff" }
				]
			},
			"thigh4": {
				"rgba": [
					{ "color": "000000ff" }
				]
			}
		},
		"bones": {
			"head": {
				"rotate": [
					{ "value": -27.66 }
				],
				"translate": [
					{ "x": -20.46, "y": 28.08 }
				],
				"scale": [
					{}
				]
			},
			"root": {
				"rotate": [
					{}
				],
				"translate": [
					{}
				]
			},
			"main": {
				"rotate": [
					{ "value": -0.48 }
				],
				"translate": [
					{ "x": -59.35, "y": -66.73 }
				]
			},
			"hip": {
				"rotate": [
					{}
				],
				"translate": [
					{}
				]
			},
			"body": {
				"rotate": [
					{ "value": 2.75 }
				],
				"translate": [
					{}
				]
			},
			"body2": {
				"rotate": [
					{ "value": 2.75 }
				],
				"translate": [
					{}
				]
			},
			"body3": {
				"rotate": [
					{ "value": 2.75 }
				],
				"translate": [
					{}
				]
			},
			"body4": {
				"rotate": [
					{ "value": 1.84 }
				],
				"translate": [
					{}
				]
			},
			"body5": {
				"rotate": [
					{ "value": -0.23 }
				],
				"translate": [
					{}
				]
			},
			"body6": {
				"rotate": [
					{ "value": 3.33 }
				],
				"translate": [
					{}
				]
			},
			"body7": {
				"rotate": [
					{ "value": 2.75 }
				],
				"translate": [
					{}
				]
			},
			"body8": {
				"rotate": [
					{ "value": 2.75 }
				],
				"translate": [
					{}
				]
			},
			"feeling_3": {
				"rotate": [
					{ "value": 26.84 }
				],
				"translate": [
					{ "x": 142.25, "y": -21.63 }
				],
				"scale": [
					{ "x": 1.443, "y": 1.443 }
				]
			},
			"emoji": {
				"rotate": [
					{ "value": -1.59 }
				],
				"translate": [
					{ "x": -6.44, "y": 13.11 }
				],
				"scale": [
					{ "x": -1.113, "y": 1.113 }
				]
			},
			"shouder_1": {
				"rotate": [
					{ "value": 164.63 }
				],
				"translate": [
					{ "x": 8.81, "y": 1.96 }
				],
				"scale": [
					{ "x": 1.037 }
				],
				"shear": [
					{}
				]
			},
			"arm_1": {
				"rotate": [
					{ "value": -30.5 }
				],
				"translate": [
					{ "x": 2.02, "y": 0.08 }
				],
				"scale": [
					{ "x": 1.115, "y": 1.115 }
				]
			},
			"shouder_2": {
				"rotate": [
					{ "value": -2.44 }
				],
				"translate": [
					{ "x": 7.78, "y": -0.12 }
				],
				"scale": [
					{ "x": 1.037 }
				]
			},
			"arm_2": {
				"rotate": [
					{ "value": -117.13 }
				],
				"translate": [
					{}
				],
				"scale": [
					{}
				]
			},
			"thigh_1": {
				"rotate": [
					{ "value": -44.84 }
				],
				"translate": [
					{}
				]
			},
			"leg_1": {
				"rotate": [
					{ "value": 45.63 }
				],
				"translate": [
					{}
				]
			},
			"thigh_2": {
				"rotate": [
					{ "value": -37.54 }
				],
				"translate": [
					{}
				],
				"scale": [
					{}
				]
			},
			"leg_2": {
				"rotate": [
					{ "value": 38.6 }
				],
				"translate": [
					{}
				]
			},
			"foot_2": {
				"rotate": [
					{ "value": -1.35 }
				],
				"translate": [
					{ "x": -134.97, "y": 0.53 }
				]
			},
			"foot_3": {
				"rotate": [
					{}
				],
				"translate": [
					{ "x": 82.26, "y": 3.04 }
				]
			},
			"feeling_5": {
				"rotate": [
					{ "value": -14.66 }
				],
				"translate": [
					{ "x": -93.36, "y": 176.32 }
				],
				"scale": [
					{ "x": 0.389, "y": 0.389 }
				]
			},
			"move": {
				"translate": [
					{ "x": 119.99, "y": -0.27 }
				],
				"scale": [
					{}
				]
			},
			"feeling_1": {
				"rotate": [
					{ "value": -5.01 }
				],
				"translate": [
					{ "x": -17.36, "y": -104.76 }
				],
				"scale": [
					{ "x": 1.033, "y": 1.033 }
				]
			},
			"feeling_2": {
				"rotate": [
					{ "value": 24.08 }
				],
				"translate": [
					{ "x": -19.48, "y": -41.77 }
				],
				"scale": [
					{ "x": -1.78, "y": 1.78 }
				]
			},
			"item_1": {
				"rotate": [
					{ "value": 152.31 }
				],
				"translate": [
					{ "x": -106.85, "y": -271.79 }
				]
			},
			"hair_1": {
				"rotate": [
					{ "value": -4.08 }
				],
				"translate": [
					{ "x": 74.43, "y": 541.01 }
				],
				"scale": [
					{ "x": 0.948, "y": 0.948 }
				]
			}
		},
		"ik": {
			"foot_1": [
				{ "stretch": true }
			],
			"foot_2": [
				{ "stretch": true }
			]
		},
		"drawOrder": [
			{
				"offsets": [
					{ "slot": "shoulder2", "offset": 12 },
					{ "slot": "shoulder4", "offset": 12 },
					{ "slot": "Emoji", "offset": 1 },
					{ "slot": "feeling_3", "offset": 1 }
				]
			}
		]
	},
	"t_339_2_lose": {
		"slots": {
			"body": {
				"rgba": [
					{ "color": "000000ff" }
				]
			},
			"Emoji": {
				"attachment": [
					{ "name": "Emoji/emo_42" }
				]
			},
			"feeling_1": {
				"attachment": [
					{}
				]
			},
			"feeling_3": {
				"rgba": [
					{ "color": "ff3a3ac7" }
				],
				"attachment": [
					{ "name": "khoi" }
				]
			},
			"feeling_4": {
				"rgba": [
					{ "color": "ff3a3ac7" }
				],
				"attachment": [
					{ "name": "khoi" }
				]
			},
			"feeling_5": {
				"attachment": [
					{ "name": "cauco" }
				]
			},
			"hair": {
				"attachment": [
					{ "name": "hair/man/mu_4" }
				]
			},
			"head": {
				"rgba": [
					{ "color": "ffb0b0ff" }
				],
				"attachment": [
					{ "name": "head" }
				]
			},
			"shoulder1": {
				"rgba": [
					{ "color": "000000ff" }
				],
				"attachment": [
					{ "name": "shoulder" }
				]
			},
			"shoulder2": {
				"rgba": [
					{ "color": "000000ff" }
				],
				"attachment": [
					{ "name": "shoulder" }
				]
			},
			"shoulder3": {
				"rgba": [
					{ "color": "000000ff" }
				],
				"attachment": [
					{ "name": "shoulder" }
				]
			},
			"shoulder4": {
				"rgba": [
					{ "color": "000000ff" }
				],
				"attachment": [
					{ "name": "shoulder" }
				]
			},
			"thigh": {
				"rgba": [
					{ "color": "000000ff" }
				]
			},
			"thigh2": {
				"rgba": [
					{ "color": "000000ff" }
				]
			},
			"thigh3": {
				"rgba": [
					{ "color": "000000ff" }
				]
			},
			"thigh4": {
				"rgba": [
					{ "color": "000000ff" }
				]
			}
		},
		"bones": {
			"head": {
				"rotate": [
					{ "value": -15.12 }
				],
				"translate": [
					{ "x": -104.83, "y": 37.43 }
				],
				"scale": [
					{ "x": 1.066, "y": 1.066 }
				]
			},
			"root": {
				"rotate": [
					{}
				],
				"translate": [
					{}
				]
			},
			"main": {
				"rotate": [
					{ "value": 10.61 }
				],
				"translate": [
					{ "x": 22.29, "y": -37.42 }
				]
			},
			"hip": {
				"rotate": [
					{}
				],
				"translate": [
					{}
				]
			},
			"body": {
				"rotate": [
					{ "value": 1.03 }
				],
				"translate": [
					{}
				],
				"scale": [
					{}
				]
			},
			"body2": {
				"rotate": [
					{ "value": 1.03 }
				],
				"translate": [
					{}
				],
				"scale": [
					{}
				]
			},
			"body3": {
				"rotate": [
					{ "value": 1.03 }
				],
				"translate": [
					{}
				],
				"scale": [
					{}
				]
			},
			"body4": {
				"rotate": [
					{ "value": 1.03 }
				],
				"translate": [
					{}
				],
				"scale": [
					{}
				]
			},
			"body5": {
				"rotate": [
					{ "value": 1.03 }
				],
				"translate": [
					{}
				],
				"scale": [
					{}
				]
			},
			"body6": {
				"rotate": [
					{ "value": 1.03 }
				],
				"translate": [
					{}
				],
				"scale": [
					{}
				]
			},
			"body7": {
				"rotate": [
					{ "value": 1.03 }
				],
				"translate": [
					{}
				],
				"scale": [
					{}
				]
			},
			"body8": {
				"rotate": [
					{ "value": 1.03 }
				],
				"translate": [
					{}
				],
				"scale": [
					{}
				]
			},
			"feeling_3": {
				"rotate": [
					{ "value": 145.96 }
				],
				"translate": [
					{ "x": 70.73, "y": -108.89 }
				],
				"scale": [
					{ "x": 0.913, "y": 0.913 }
				]
			},
			"emoji": {
				"rotate": [
					{ "value": 10.43 }
				],
				"translate": [
					{ "x": -7.94, "y": 2.15 }
				],
				"scale": [
					{ "x": 1.035, "y": 1.035 }
				]
			},
			"shouder_1": {
				"rotate": [
					{ "value": 25.41 }
				],
				"translate": [
					{ "x": -22.5, "y": -1.12 }
				],
				"scale": [
					{}
				]
			},
			"arm_1": {
				"rotate": [
					{ "value": -13.28 }
				],
				"translate": [
					{ "x": 2.02, "y": 0.08 }
				],
				"scale": [
					{}
				]
			},
			"shouder_2": {
				"rotate": [
					{ "value": 75.02 }
				],
				"translate": [
					{ "x": -16.05, "y": 8.89 }
				],
				"scale": [
					{ "x": 0.768 }
				]
			},
			"arm_2": {
				"rotate": [
					{ "value": 78.6 }
				],
				"translate": [
					{}
				],
				"scale": [
					{ "x": 1.25, "y": 1.416 }
				]
			},
			"thigh_1": {
				"rotate": [
					{ "value": 24.72 }
				],
				"translate": [
					{}
				],
				"scale": [
					{ "x": 0.718 }
				]
			},
			"leg_1": {
				"rotate": [
					{}
				],
				"translate": [
					{}
				],
				"scale": [
					{ "x": 1.455, "y": 1.26 }
				]
			},
			"thigh_2": {
				"rotate": [
					{ "value": 39.21 }
				],
				"translate": [
					{}
				],
				"scale": [
					{ "x": 0.956 }
				]
			},
			"leg_2": {
				"rotate": [
					{ "value": 18.14 }
				],
				"translate": [
					{}
				]
			},
			"foot_2": {
				"rotate": [
					{}
				],
				"translate": [
					{ "x": -51.46, "y": -12.94 }
				]
			},
			"foot_3": {
				"rotate": [
					{}
				],
				"translate": [
					{ "x": 122.04, "y": 1.44 }
				]
			},
			"feeling_5": {
				"rotate": [
					{}
				],
				"translate": [
					{ "x": -10.13, "y": -24.42 }
				],
				"scale": [
					{ "x": 0.436, "y": 0.436 }
				]
			},
			"item_1": {
				"translate": [
					{ "y": -245.53 }
				],
				"scale": [
					{ "x": 1.369, "y": 1.369 }
				]
			},
			"feeling_1": {
				"rotate": [
					{ "value": 20.25 }
				],
				"translate": [
					{ "x": -19.17, "y": -19.27 }
				],
				"scale": [
					{ "x": -1.87, "y": 1.87 }
				]
			},
			"move": {
				"translate": [
					{ "x": 119.99 }
				],
				"scale": [
					{ "x": -1 }
				]
			},
			"feeling_2": {
				"rotate": [
					{ "value": 98.23 }
				],
				"translate": [
					{ "x": -151.68, "y": -67.99 }
				]
			},
			"feeling_4": {
				"rotate": [
					{ "value": -128.57 }
				],
				"translate": [
					{ "x": 63.67, "y": 83.95 }
				],
				"scale": [
					{ "x": 0.402, "y": 0.402 }
				]
			},
			"hair_1": {
				"rotate": [
					{ "value": 4.11 }
				],
				"translate": [
					{ "x": 85.67, "y": 471.27 }
				],
				"scale": [
					{ "x": 0.993, "y": 0.993 }
				]
			}
		},
		"ik": {
			"foot_1": [
				{ "stretch": true }
			],
			"foot_2": [
				{ "bendPositive": false, "stretch": true }
			]
		},
		"drawOrder": [
			{
				"offsets": [
					{ "slot": "shoulder4", "offset": -3 }
				]
			}
		]
	},
	"t_339_2_win": {
		"slots": {
			"body": {
				"rgba": [
					{ "color": "000000ff" }
				]
			},
			"Emoji": {
				"attachment": [
					{ "name": "Emoji/emo_64" }
				]
			},
			"feeling_1": {
				"attachment": [
					{}
				]
			},
			"feeling_2": {
				"attachment": [
					{}
				]
			},
			"feeling_3": {
				"attachment": [
					{ "name": "cauco" }
				]
			},
			"feeling_4": {
				"attachment": [
					{ "name": "giat_minh" }
				]
			},
			"feeling_5": {
				"attachment": [
					{ "name": "scare" }
				]
			},
			"hair": {
				"attachment": [
					{ "name": "hair/man/mu_4" }
				]
			},
			"head": {
				"rgba": [
					{ "color": "ffa2a2ff" }
				],
				"attachment": [
					{ "name": "head" }
				]
			},
			"shoulder1": {
				"rgba": [
					{ "color": "000000ff" }
				],
				"attachment": [
					{ "name": "shoulder" }
				]
			},
			"shoulder2": {
				"rgba": [
					{ "color": "000000ff" }
				],
				"attachment": [
					{ "name": "shoulder" }
				]
			},
			"shoulder3": {
				"rgba": [
					{ "color": "000000ff" }
				],
				"attachment": [
					{ "name": "shoulder" }
				]
			},
			"shoulder4": {
				"rgba": [
					{ "color": "000000ff" }
				],
				"attachment": [
					{ "name": "shoulder" }
				]
			},
			"thigh": {
				"rgba": [
					{ "color": "000000ff" }
				]
			},
			"thigh2": {
				"rgba": [
					{ "color": "000000ff" }
				]
			},
			"thigh3": {
				"rgba": [
					{ "color": "000000ff" }
				]
			},
			"thigh4": {
				"rgba": [
					{ "color": "000000ff" }
				]
			}
		},
		"bones": {
			"head": {
				"rotate": [
					{ "value": 0.56 }
				],
				"translate": [
					{ "x": -65.46, "y": 17.85 }
				],
				"scale": [
					{}
				]
			},
			"root": {
				"rotate": [
					{}
				],
				"translate": [
					{}
				]
			},
			"main": {
				"rotate": [
					{ "value": -0.47 }
				],
				"translate": [
					{ "x": -16.75, "y": -48.6 }
				]
			},
			"hip": {
				"rotate": [
					{}
				],
				"translate": [
					{}
				]
			},
			"feeling_3": {
				"rotate": [
					{ "value": -81.39 }
				],
				"translate": [
					{ "x": 36.64, "y": -74.38 }
				],
				"scale": [
					{ "x": 0.951, "y": 0.951 }
				]
			},
			"emoji": {
				"rotate": [
					{ "value": -0.24 }
				],
				"translate": [
					{ "x": -4.81, "y": 10.3 }
				],
				"scale": [
					{ "x": 0.996, "y": 0.996 }
				]
			},
			"shouder_1": {
				"rotate": [
					{ "value": -39.65 }
				],
				"translate": [
					{ "x": 25.79, "y": -1.42 }
				],
				"scale": [
					{}
				],
				"shear": [
					{}
				]
			},
			"arm_1": {
				"rotate": [
					{ "value": -35.94 }
				],
				"translate": [
					{ "x": 2.02, "y": 0.08 }
				],
				"scale": [
					{}
				]
			},
			"shouder_2": {
				"rotate": [
					{ "value": 44.87 }
				],
				"translate": [
					{ "x": 0.2, "y": 9.12 }
				],
				"scale": [
					{}
				]
			},
			"arm_2": {
				"rotate": [
					{ "value": -0.5 }
				],
				"translate": [
					{}
				],
				"scale": [
					{}
				]
			},
			"thigh_1": {
				"rotate": [
					{ "value": -44.84 }
				],
				"translate": [
					{}
				],
				"scale": [
					{}
				]
			},
			"leg_1": {
				"rotate": [
					{ "value": 45.63 }
				],
				"translate": [
					{}
				],
				"scale": [
					{}
				]
			},
			"thigh_2": {
				"rotate": [
					{ "value": -37.54 }
				],
				"translate": [
					{}
				],
				"scale": [
					{}
				]
			},
			"leg_2": {
				"rotate": [
					{ "value": 38.6 }
				],
				"translate": [
					{}
				],
				"scale": [
					{}
				]
			},
			"foot_2": {
				"rotate": [
					{ "value": -1.35 }
				],
				"translate": [
					{ "x": 60.61, "y": 1.86 }
				]
			},
			"foot_3": {
				"rotate": [
					{}
				],
				"translate": [
					{ "x": -90.46, "y": 3.57 }
				]
			},
			"feeling_5": {
				"rotate": [
					{ "value": 60.86 }
				],
				"translate": [
					{ "x": 51.63, "y": 128.78 }
				],
				"scale": [
					{ "x": 0.727, "y": 0.746 }
				]
			},
			"move": {
				"translate": [
					{ "x": 119.99 }
				],
				"scale": [
					{ "x": -1 }
				]
			},
			"feeling_1": {
				"rotate": [
					{ "value": 43.96 }
				],
				"translate": [
					{ "x": -176.84, "y": -155.56 }
				],
				"scale": [
					{ "x": 0.753, "y": 0.753 }
				]
			},
			"feeling_2": {
				"rotate": [
					{ "value": 21.04 }
				],
				"translate": [
					{ "x": -208.9, "y": -7.88 }
				],
				"scale": [
					{ "x": 1.924, "y": 1.924 }
				]
			},
			"body": {
				"rotate": [
					{ "value": 0.14 }
				]
			},
			"body2": {
				"rotate": [
					{ "value": 0.14 }
				]
			},
			"body3": {
				"rotate": [
					{ "value": 0.14 }
				]
			},
			"body4": {
				"rotate": [
					{ "value": 0.14 }
				]
			},
			"body5": {
				"rotate": [
					{ "value": 0.14 }
				]
			},
			"body6": {
				"rotate": [
					{ "value": 0.14 }
				]
			},
			"body7": {
				"rotate": [
					{ "value": 0.14 }
				]
			},
			"body8": {
				"rotate": [
					{ "value": 0.14 }
				]
			},
			"hair_1": {
				"rotate": [
					{ "value": 3.46 }
				],
				"translate": [
					{ "x": 94.03, "y": 508.89 }
				],
				"scale": [
					{ "x": 0.993, "y": 0.993 }
				]
			},
			"item_1": {
				"rotate": [
					{ "value": -11.1 }
				]
			},
			"feeling_4": {
				"rotate": [
					{ "value": 70.74 }
				],
				"translate": [
					{ "x": -73.82, "y": 122.05 }
				],
				"scale": [
					{ "x": 0.538, "y": 0.538 }
				]
			}
		},
		"ik": {
			"foot_1": [
				{ "bendPositive": false, "stretch": true }
			],
			"foot_2": [
				{ "stretch": true }
			]
		},
		"drawOrder": [
			{
				"offsets": [
					{ "slot": "shoulder2", "offset": 7 },
					{ "slot": "Emoji", "offset": 3 },
					{ "slot": "feeling_3", "offset": 3 }
				]
			}
		]
	}
}
}