{"model":{"version":3,"nodes":[{"name":"RootNode","position":[0,0,0],"rotation":[0,0,0],"scale":[0.0254,0.0254,0.0254],"scaleCompensation":false},{"name":"elefa1","position":[-9458.91,1891.51,33.3893],"rotation":[-90,2.75118e-13,5.08889e-13],"scale":[39.3701,39.3701,39.3701],"scaleCompensation":false},{"name":"Armature.011","position":[-344.18,161.886,35.9838],"rotation":[-90,3.33656e-15,-71.9955],"scale":[81.0919,54.9943,81.0919],"scaleCompensation":false},{"name":"base","position":[0,0,0],"rotation":[90,-3.22639,1.22378e-06],"scale":[1,1,1],"scaleCompensation":false},{"name":"espalda","position":[2.38419e-07,1.00826,0],"rotation":[-32.2344,-90,0],"scale":[1,1,1],"scaleCompensation":false},{"name":"cabeza","position":[5.96046e-08,1.23283,0],"rotation":[-16.1269,1.63893e-05,3.02893e-06],"scale":[1,1,1],"scaleCompensation":false},{"name":"trompa1","position":[0,0.761731,-1.19209e-07],"rotation":[-61.5476,6.90463e-06,4.78281e-07],"scale":[1,1,1],"scaleCompensation":false},{"name":"trompa 2","position":[0,0.728536,0],"rotation":[9.98796,-6.14501e-06,-1.178e-06],"scale":[1,1,1],"scaleCompensation":false},{"name":"trompa 3","position":[5.96046e-08,0.485655,-1.19209e-07],"rotation":[1.78196,-1.02612e-05,-5.3055e-07],"scale":[1,1,1],"scaleCompensation":false},{"name":"trompa 3_end","position":[2.38419e-07,0.494684,-1.07288e-06],"rotation":[8.53774e-07,-0,-3.25689e-12],"scale":[1,1,1],"scaleCompensation":false},{"name":"pierna d3","position":[-4.17233e-07,0.893794,-1.07942],"rotation":[-88.79,2.34519e-05,-7.51714e-06],"scale":[1,1,1],"scaleCompensation":false},{"name":"piernaq d4","position":[-5.96046e-08,0.691125,4.76837e-07],"rotation":[2.74775,-1.2113e-05,-1.70612e-07],"scale":[1,1,1],"scaleCompensation":false},{"name":"piernaq d4_end","position":[0,0.41869,9.53674e-07],"rotation":[4.26887e-07,8.14222e-13,0],"scale":[1,1,1],"scaleCompensation":false},{"name":"pierna d","position":[-4.17233e-07,1.35461,-1.09163],"rotation":[-59.2996,3.46534e-05,-1.81304e-05],"scale":[1,1,1],"scaleCompensation":false},{"name":"pierna d2","position":[1.19209e-07,0.691126,1.19209e-07],"rotation":[2.74776,-4.40313e-05,-1.04326e-06],"scale":[1,1,1],"scaleCompensation":false},{"name":"pierna d2_end","position":[2.98023e-07,0.418689,-1.19209e-07],"rotation":[0,0,0],"scale":[1,1,1],"scaleCompensation":false},{"name":"pierna i1","position":[0.801071,1.19209e-07,0.0292594],"rotation":[-90,71.2932,180],"scale":[1,1,1],"scaleCompensation":false},{"name":"pierna i2","position":[-2.38419e-07,0.628098,-5.96046e-08],"rotation":[-0.599694,-90,-8.36355e-06],"scale":[1,1,1],"scaleCompensation":false},{"name":"pierna i2_end","position":[5.96046e-08,0.59179,0],"rotation":[2.13443e-07,3.05333e-13,-1.62844e-12],"scale":[1,1,1],"scaleCompensation":false},{"name":"2.013","position":[349.146,2345.5,20.926],"rotation":[-90,-14.7881,-2.03225e-06],"scale":[4.83362,4.83362,4.83362],"scaleCompensation":false},{"name":"2.014","position":[-15.56,2343.11,20.926],"rotation":[-90,-14.7881,-2.03225e-06],"scale":[5.18237,5.18237,5.18237],"scaleCompensation":false},{"name":"2.015","position":[-172.778,2340.25,20.4647],"rotation":[0,180,14.7881],"scale":[5.18237,5.18237,5.18237],"scaleCompensation":false},{"name":"2.016","position":[-4.56332,2337.13,20.926],"rotation":[-90,-14.7881,-2.03225e-06],"scale":[4.66223,4.66223,4.66223],"scaleCompensation":false},{"name":"2.017","position":[352.429,2339.9,20.926],"rotation":[-90,-14.7881,-2.03225e-06],"scale":[5.0926,5.0926,5.0926],"scaleCompensation":false},{"name":"Armature.012","position":[-15.4312,58.1924,21.0242],"rotation":[-90,-180,0],"scale":[12.4678,10.9599,12.4678],"scaleCompensation":false},{"name":"cadera d001","position":[-0.20475,0,-0.0511875],"rotation":[-26.565,2.28475e-06,-90],"scale":[1,1,1],"scaleCompensation":false},{"name":"cadera d_end001","position":[3.03984e-05,0.953819,7.15256e-06],"rotation":[-3.41509e-06,9.94914e-07,-2.03555e-13],"scale":[1,1,1],"scaleCompensation":false},{"name":"cadera i001","position":[-0.20475,0,-0.0511875],"rotation":[-24.0442,-3.36784e-06,90],"scale":[1,1,1],"scaleCompensation":false},{"name":"cadera i_end001","position":[-3.06368e-05,1.01203,9.53674e-07],"rotation":[3.41509e-06,-1.62844e-12,6.87536e-06],"scale":[1,1,1],"scaleCompensation":false},{"name":"pierna 004","position":[-0.20475,0,-0.0511875],"rotation":[-79.5085,6.7678e-06,-90],"scale":[1,1,1],"scaleCompensation":false},{"name":"pierna 005","position":[-1.19209e-07,1.40556,7.62939e-06],"rotation":[-10.018,-0.000874264,0.000163925],"scale":[0.999998,1,1],"scaleCompensation":false},{"name":"pie003","position":[-1.19209e-07,2.06463,1.19209e-07],"rotation":[4.88232,0.000836775,-7.21774e-06],"scale":[1,1,1],"scaleCompensation":false},{"name":"pie_end003","position":[4.76837e-07,1.09679,-3.69549e-06],"rotation":[-8.53774e-07,2.94901e-11,1.42489e-12],"scale":[1,1,1],"scaleCompensation":false},{"name":"torzo010","position":[-0.20475,0,-0.0511875],"rotation":[90,14.6487,6.1715e-06],"scale":[1,1,1],"scaleCompensation":false},{"name":"torzo011","position":[5.96046e-08,1.00485,7.51019e-06],"rotation":[81.2994,89.9996,97.2776],"scale":[1,1,0.999999],"scaleCompensation":false},{"name":"brazo d010","position":[-3.33786e-06,1.53903,0.529006],"rotation":[7.45109,-0.000260709,1.19685e-05],"scale":[1,1,1],"scaleCompensation":false},{"name":"brazo d011","position":[1.19209e-07,1.0201,-2.38419e-07],"rotation":[-45.2652,-8.99166e-05,-7.09056e-06],"scale":[1,1,1],"scaleCompensation":false},{"name":"brazo d2_end001","position":[-5.96046e-07,1.29847,0],"rotation":[-3.41509e-06,5.21102e-11,2.60551e-11],"scale":[1,1,1],"scaleCompensation":false},{"name":"brazo i010","position":[2.86102e-06,1.51161,-0.457424],"rotation":[-26.2408,-0.000257914,-4.93644e-05],"scale":[1,1,1],"scaleCompensation":false},{"name":"brazo i011","position":[0,0.967729,0],"rotation":[131.251,0.000158916,180],"scale":[1,1,1],"scaleCompensation":false},{"name":"brazo i2_end001","position":[0,1.36609,2.38419e-07],"rotation":[1.70755e-06,-3.90827e-11,7.81653e-11],"scale":[1,1,1],"scaleCompensation":false},{"name":"cabeza007","position":[-1.19209e-07,1.28398,0],"rotation":[-3.5573,-0.000272051,-5.87347e-06],"scale":[1,1,1],"scaleCompensation":false},{"name":"cabeza_end005","position":[0,1.17017,-2.38419e-07],"rotation":[4.26887e-07,3.58258e-11,0],"scale":[1,1,1],"scaleCompensation":false},{"name":"Armature.013","position":[53.9626,42.6263,20.6922],"rotation":[90,-7.01671e-15,-180],"scale":[13.1836,13.1836,13.1836],"scaleCompensation":false},{"name":"Bone.061","position":[-0.138797,0,0.120291],"rotation":[6.34019,3.01392e-07,-90],"scale":[1,1,1],"scaleCompensation":false},{"name":"Bone.015_end001","position":[-2.38419e-07,0.586534,2.38419e-07],"rotation":[-4.26887e-07,-8.14222e-13,3.56222e-13],"scale":[1,1,1],"scaleCompensation":false},{"name":"Bone.070","position":[-0.501674,0,-0.00607848],"rotation":[-90,4.59301,-180],"scale":[1,1,1],"scaleCompensation":false},{"name":"Bone.071","position":[4.76837e-07,1.52821,0],"rotation":[179.145,89.9998,175.408],"scale":[1,1,1],"scaleCompensation":false},{"name":"Bone.004_end001","position":[-2.38419e-07,1.66099,-4.76837e-07],"rotation":[-5.33608e-08,-3.31414e-12,-4.07111e-13],"scale":[1,1,1],"scaleCompensation":false},{"name":"Bone.072","position":[0.19984,0,-0.0771027],"rotation":[-90,9.48892,-180],"scale":[1,1,1],"scaleCompensation":false},{"name":"Bone.073","position":[0,1.44615,0],"rotation":[12.8402,-90,1.29688e-06],"scale":[1,1,1],"scaleCompensation":false},{"name":"Bone.074","position":[1.19209e-07,1.4683,-4.76837e-07],"rotation":[29.3308,1.29447e-06,-6.6387e-06],"scale":[1,1,1],"scaleCompensation":false},{"name":"Bone.007_end001","position":[-1.19209e-07,0.561027,9.53674e-07],"rotation":[1.70755e-06,-1.88289e-12,-1.52667e-12],"scale":[1,1,1],"scaleCompensation":false},{"name":"Bone.075","position":[-0.138797,0,0.120291],"rotation":[23.4238,0.0652386,88.7697],"scale":[1,1,1],"scaleCompensation":false},{"name":"Bone.014_end003","position":[-2.38419e-07,0.693242,2.38419e-07],"rotation":[1.70755e-06,2.00103e-08,7.17036e-08],"scale":[1,1,1],"scaleCompensation":false},{"name":"Bone004","position":[-0.138797,0,0.120291],"rotation":[90,31.0131,-1.49043e-07],"scale":[1,1,1],"scaleCompensation":false},{"name":"Bone.062","position":[0,1.11937,1.19209e-07],"rotation":[-27.2084,89.9999,-2.34849e-06],"scale":[1,1,1],"scaleCompensation":false},{"name":"Bone.063","position":[1.19209e-07,1.24766,0],"rotation":[5.27472,0.000302018,3.42935e-05],"scale":[1,1,1],"scaleCompensation":false},{"name":"Bone.002_end004","position":[-1.19209e-07,0.953252,0],"rotation":[0,-1.31802e-11,3.25689e-12],"scale":[1,1,1],"scaleCompensation":false},{"name":"Bone.064","position":[5.96046e-07,0.882807,-0.328655],"rotation":[-123.68,-0.000281385,-0.000298871],"scale":[1,1,1],"scaleCompensation":false},{"name":"Bone.065","position":[1.19209e-07,0.972779,0],"rotation":[5.87756,-0.000362431,-7.92068e-06],"scale":[1,1,1],"scaleCompensation":false},{"name":"Bone.066","position":[-1.19209e-07,0.758924,0],"rotation":[46.3084,1.41046e-05,2.04816e-05],"scale":[1,1,1],"scaleCompensation":false},{"name":"Bone.010_end001","position":[1.19209e-07,0.507149,4.76837e-07],"rotation":[1.70755e-06,6.51378e-12,-3.25689e-12],"scale":[1,1,1],"scaleCompensation":false},{"name":"Bone.067","position":[-7.15256e-07,1.01353,0.509777],"rotation":[164.948,-0.000402088,8.45387e-05],"scale":[1,1,1],"scaleCompensation":false},{"name":"Bone.068","position":[0,0.972778,2.38419e-07],"rotation":[-33.5437,0.000326892,180],"scale":[1,1,1],"scaleCompensation":false},{"name":"Bone.069","position":[0,0.922542,0],"rotation":[38.177,-4.5615e-06,-8.40585e-06],"scale":[1,1,1],"scaleCompensation":false},{"name":"Bone.013_end001","position":[-3.57628e-07,0.552505,-1.19209e-07],"rotation":[0,0,0],"scale":[1,1,1],"scaleCompensation":false},{"name":"Armature.015","position":[196.889,51.4188,20.668],"rotation":[-90,1.05471e-15,-17.4954],"scale":[12.0939,10.6312,12.0939],"scaleCompensation":false},{"name":"Bone.095","position":[-0.282096,1.19209e-07,-0.584678],"rotation":[-90,24.5156,-180],"scale":[1,1,1],"scaleCompensation":false},{"name":"Bone.096","position":[0,1.7065,-1.19209e-07],"rotation":[19.9455,-90,0],"scale":[1,1,1],"scaleCompensation":false},{"name":"Bone.097","position":[0,1.8346,0],"rotation":[17.4886,1.12508e-05,-2.75403e-06],"scale":[1,1,1],"scaleCompensation":false},{"name":"Bone.011_end004","position":[-1.19209e-07,0.709992,2.86102e-06],"rotation":[1.70755e-06,-0,0],"scale":[1,1,1],"scaleCompensation":false},{"name":"Bone.098","position":[0.600353,1.19209e-07,0.114572],"rotation":[-90,65.6298,180],"scale":[1,1,1],"scaleCompensation":false},{"name":"Bone.099","position":[0,1.69248,-1.19209e-07],"rotation":[-72.1452,-90,-1.30681e-06],"scale":[1,1,1],"scaleCompensation":false},{"name":"Bone.100","position":[0,1.15148,9.53674e-07],"rotation":[27.2627,2.74206e-05,3.39955e-06],"scale":[1,1,1],"scaleCompensation":false},{"name":"Bone.014_end004","position":[-1.19209e-07,0.842832,0],"rotation":[-2.13443e-07,-3.00244e-12,1.62844e-12],"scale":[1,1,1],"scaleCompensation":false},{"name":"Bone006","position":[0.000991821,-1.19209e-07,0.0604687],"rotation":[90,-4.18329,-5.74673e-06],"scale":[1,1,1],"scaleCompensation":false},{"name":"Bone.087","position":[3.05176e-05,1.098,7.62939e-06],"rotation":[-79.3314,89.9961,-83.341],"scale":[0.999991,1,1.00001],"scaleCompensation":false},{"name":"Bone.088","position":[-1.19209e-07,1.09181,-9.53674e-07],"rotation":[177.032,0.00406578,180],"scale":[1,1,1],"scaleCompensation":false},{"name":"Bone.002_end006","position":[-1.19209e-07,1.2132,-9.53674e-07],"rotation":[0,6.25323e-10,8.33763e-10],"scale":[1,1,1],"scaleCompensation":false},{"name":"Bone.089","position":[4.41074e-05,1.08089,-0.648403],"rotation":[-127.81,0.0040248,-180],"scale":[1,1,1],"scaleCompensation":false},{"name":"Bone.090","position":[0,0.964939,0],"rotation":[-163.415,-0.000213557,180],"scale":[1,1,1],"scaleCompensation":false},{"name":"Bone.091","position":[0,0.939912,0],"rotation":[22.3258,2.60007e-05,1.49502e-05],"scale":[1,1,1],"scaleCompensation":false},{"name":"Bone.005_end004","position":[-1.19209e-07,0.790854,0],"rotation":[8.53774e-07,-6.25323e-10,4.16882e-10],"scale":[1,1,1],"scaleCompensation":false},{"name":"Bone.092","position":[-4.99487e-05,0.762259,0.731146],"rotation":[74.7509,0.00384999,180],"scale":[1,1,1],"scaleCompensation":false},{"name":"Bone.093","position":[0,0.964939,-9.53674e-07],"rotation":[19.4528,0.000190231,-4.68825e-06],"scale":[1,1,1],"scaleCompensation":false},{"name":"Bone.094","position":[0,1.08822,-9.53674e-07],"rotation":[16.3601,1.20858e-05,-5.85615e-07],"scale":[1,1,1],"scaleCompensation":false},{"name":"Bone.008_end004","position":[-1.19209e-07,0.846014,4.76837e-07],"rotation":[-2.13443e-07,-4.16882e-10,2.34496e-10],"scale":[1,1,1],"scaleCompensation":false},{"name":"Armature.016","position":[133.052,48.2726,20.674],"rotation":[-90,0,0],"scale":[10.9049,9.58603,10.9049],"scaleCompensation":false},{"name":"pierna001","position":[0.176523,2.38419e-07,-0.373041],"rotation":[-90,-27.8201,180],"scale":[1,1,1],"scaleCompensation":false},{"name":"pierna 006","position":[0,1.78863,0],"rotation":[43.3443,-89.9999,0],"scale":[1,1,1],"scaleCompensation":false},{"name":"pie002","position":[0,1.9019,9.53674e-07],"rotation":[-125.664,-4.96326e-05,180],"scale":[1,1,1],"scaleCompensation":false},{"name":"pie_end002","position":[0,0.751253,0],"rotation":[1.70755e-06,-2.64622e-11,-6.10667e-12],"scale":[1,1,1],"scaleCompensation":false},{"name":"torzo014","position":[0.146983,0,0.280462],"rotation":[90,-13.1982,6.1598e-07],"scale":[1,1,1],"scaleCompensation":false},{"name":"torzo009","position":[0,1.34617,0],"rotation":[-26.4932,-89.9999,1.28468e-06],"scale":[1,1,1],"scaleCompensation":false},{"name":"brazo d009","position":[-4.76837e-07,0.874405,-0.637898],"rotation":[-125.233,0.000129459,9.46635e-05],"scale":[1,1,1],"scaleCompensation":false},{"name":"brazo d014","position":[0,1.15002,-9.53674e-07],"rotation":[-137.137,-0.000117934,180],"scale":[1,1,1],"scaleCompensation":false},{"name":"mano d004","position":[0,1.32772,-9.53674e-07],"rotation":[-141.785,-2.23118e-05,180],"scale":[1,1,1],"scaleCompensation":false},{"name":"mano d_end004","position":[0,0.734731,0],"rotation":[-3.41509e-06,4.52911e-12,1.10683e-11],"scale":[1,1,1],"scaleCompensation":false},{"name":"brazo i009","position":[7.15256e-07,0.760527,0.573212],"rotation":[138.473,0.000138606,-6.98348e-05],"scale":[1,1,1],"scaleCompensation":false},{"name":"brazo i014","position":[-2.38419e-07,1.05999,0],"rotation":[-78.4516,-9.99991e-05,180],"scale":[1,1,1],"scaleCompensation":false},{"name":"mano i004","position":[2.38419e-07,1.08036,1.90735e-06],"rotation":[142.664,3.59722e-05,180],"scale":[1,1,1],"scaleCompensation":false},{"name":"mano i_end004","position":[7.15256e-07,0.745905,-9.53674e-07],"rotation":[8.53774e-07,-2.03555e-12,4.88533e-12],"scale":[1,1,1],"scaleCompensation":false},{"name":"cabeza006","position":[0,1.08167,0],"rotation":[-2.41356,3.28704e-05,-3.4767e-07],"scale":[1,1,1],"scaleCompensation":false},{"name":"cabeza_end004","position":[2.38419e-07,1.17507,0],"rotation":[0,2.13733e-11,-8.14222e-13],"scale":[1,1,1],"scaleCompensation":false},{"name":"vestido003","position":[-0.73775,0,0.143888],"rotation":[-90,-67.9829,-180],"scale":[1,1,1],"scaleCompensation":false},{"name":"vestido_end003","position":[-9.53674e-07,1.20668,0],"rotation":[-4.07111e-13,-4.07111e-13,0],"scale":[1,1,1],"scaleCompensation":false},{"name":"Armature.017","position":[290.41,43.0895,20.8103],"rotation":[-90,0,0],"scale":[18.4948,16.2579,18.4948],"scaleCompensation":false},{"name":"pierna d008","position":[0.370085,0,-0.019397],"rotation":[-90,-6.07429,-180],"scale":[1,1,1],"scaleCompensation":false},{"name":"pierna d009","position":[0,0.839131,0],"rotation":[-0.312845,89.9999,1.76137e-06],"scale":[1,1,1],"scaleCompensation":false},{"name":"pie d003","position":[-1.19209e-07,1.35518,9.53674e-07],"rotation":[-72.6175,-3.26156e-05,5.23741e-05],"scale":[1,1,1],"scaleCompensation":false},{"name":"pie d_end003","position":[0,0.434079,0],"rotation":[1.70755e-06,6.51378e-12,-1.62844e-11],"scale":[1,1,1],"scaleCompensation":false},{"name":"pierna i007","position":[-0.229615,0,0.132359],"rotation":[-90,-1.64899,-180],"scale":[1,1,1],"scaleCompensation":false},{"name":"pierna i008","position":[0,0.903338,0],"rotation":[-176.112,89.9999,168.575],"scale":[1,1,1],"scaleCompensation":false},{"name":"pie i002","position":[0,0.841187,9.53674e-07],"rotation":[15.7669,-4.63557e-05,3.07015e-06],"scale":[1,1,1],"scaleCompensation":false},{"name":"pie i_end002","position":[-2.38419e-07,0.67635,1.90735e-06],"rotation":[-1.70755e-06,-1.52667e-12,5.90311e-12],"scale":[1,1,1],"scaleCompensation":false},{"name":"torzo012","position":[0.127559,0,0.165075],"rotation":[90,11.7616,-6.74752e-06],"scale":[1,1,1],"scaleCompensation":false},{"name":"torzo013","position":[0,0.944802,0],"rotation":[177.05,-89.9998,-164.131],"scale":[1,1,1],"scaleCompensation":false},{"name":"brazo d012","position":[-1.07288e-06,0.979657,-0.289772],"rotation":[-173.26,-0.000254538,180],"scale":[1,1,1],"scaleCompensation":false},{"name":"brazo d013","position":[0,0.848692,9.53674e-07],"rotation":[-45.0451,-4.14361e-05,-1.19204e-05],"scale":[1,1,1],"scaleCompensation":false},{"name":"mano d005","position":[-1.19209e-07,0.635484,0],"rotation":[-12.7446,-5.91549e-06,-2.47195e-06],"scale":[1,1,1],"scaleCompensation":false},{"name":"mano d_end005","position":[-3.57628e-07,0.588017,1.90735e-06],"rotation":[1.70755e-06,-6.10667e-13,3.25689e-12],"scale":[1,1,1],"scaleCompensation":false},{"name":"brazo i012","position":[9.53674e-07,0.513116,0.291607],"rotation":[49.7864,-0.000193815,-180],"scale":[1,1,1],"scaleCompensation":false},{"name":"brazo i013","position":[0,0.64584,0],"rotation":[20.5484,5.97818e-08,4.32374e-06],"scale":[1,1,1],"scaleCompensation":false},{"name":"mano i005","position":[0,0.674519,2.38419e-07],"rotation":[59.8061,-7.59163e-06,8.12336e-06],"scale":[1,1,1],"scaleCompensation":false},{"name":"mano i_end005","position":[-2.38419e-07,0.422355,0],"rotation":[-1.70755e-06,-1.62844e-12,-8.14222e-13],"scale":[1,1,1],"scaleCompensation":false},{"name":"cabeza008","position":[-1.19209e-07,0.68545,0],"rotation":[163.675,-0.000240878,-180],"scale":[1,1,1],"scaleCompensation":false},{"name":"cabeza_end006","position":[-2.38419e-07,0.707981,0],"rotation":[0,-1.62844e-12,-4.07111e-13],"scale":[1,1,1],"scaleCompensation":false},{"name":"vestido004","position":[-0.771569,0,0.0107577],"rotation":[-90.0002,-59.6648,-180],"scale":[1,1,1],"scaleCompensation":false},{"name":"vestido_end004","position":[-4.76837e-07,0.944804,0],"rotation":[0,-6.51378e-12,1.70755e-06],"scale":[1,1,1],"scaleCompensation":false},{"name":"Plane034","position":[300.742,47.6082,1377.09],"rotation":[-90,0,0],"scale":[1,0.035076,1],"scaleCompensation":false}],"parents":[-1,0,0,2,3,4,5,6,7,8,4,10,11,4,13,14,2,16,17,0,0,0,0,0,0,24,25,24,27,24,29,30,31,24,33,34,35,36,34,38,39,34,41,0,43,44,43,46,47,43,49,50,51,43,53,43,55,56,57,56,59,60,61,56,63,64,65,0,67,68,69,70,67,72,73,74,67,76,77,78,77,80,81,82,77,84,85,86,0,88,89,90,91,88,93,94,95,96,97,94,99,100,101,94,103,88,105,0,107,108,109,110,107,112,113,114,107,116,117,118,119,120,117,122,123,124,117,126,107,128,0],"skins":[{"inverseBindMatrices":[[0.00919802,0.0236761,3.46986e-09,0,-4.03811e-09,-2.15373e-09,0.0254,0,0.0236761,-0.00919802,2.98411e-09,0,-3.52834,-7.30431,-1.8771,1],[5.73932e-09,0.024933,0.00484809,0,0.0254,-5.63381e-09,-1.09546e-09,0,-4.23795e-16,0.00484809,-0.024933,0,-1.87711,-8.91334,-1.44926,1],[-0.0253981,-0.000311315,1.68537e-09,0,1.7603e-09,-6.10281e-09,0.0254,0,-0.000311315,0.0253981,6.12393e-09,0,8.37819,-1.29399,-1.8771,1],[6.184e-09,-0.00432049,0.0250299,0,0.0254,1.05189e-09,-6.09388e-09,0,-2.93994e-16,0.0250299,0.00432049,0,-1.87711,0.162664,-9.81276,1],[7.3767e-09,-0.000577124,0.0253934,0,0.0254,1.67609e-10,-7.37479e-09,0,-2.56195e-17,0.0253934,0.000577124,0,-1.87711,-1.8343,-8.39784,1],[1.30206e-08,0.00856091,0.0239138,0,0.0254,-4.3885e-09,-1.22587e-08,0,2.8655e-16,0.0239138,-0.00856091,0,-1.87711,-4.93478,-9.01148,1],[1.6989e-09,0.0226052,0.0115829,0,0.0254,-1.51197e-09,-7.74729e-10,0,5.97641e-17,0.0115829,-0.0226052,0,-1.8771,-9.34435,-4.2105,1],[4.56705e-09,0.000585996,0.0253932,0,0.0254,-1.05365e-10,-4.56584e-09,0,-3.0189e-16,0.0253932,-0.000585996,0,-1.87711,-1.11291,-10.8914,1],[4.70637e-09,-0.00311562,0.0252082,0,0.0254,5.77293e-10,-4.67083e-09,0,-3.49507e-16,0.0252082,0.00311562,0,-1.8771,-0.998266,-9.77615,1],[7.8535e-09,0.00969748,0.0234759,0,0.0254,-2.99839e-09,-7.25859e-09,0,-5.58624e-16,0.0234759,-0.00969748,0,-1.87711,-6.05145,-8.73141,1],[4.31528e-09,0.00498135,0.0249068,0,0.0254,-8.46296e-10,-4.23148e-09,0,8.34583e-17,0.0249067,-0.00498135,0,-1.8771,-3.70255,-10.407,1],[6.85028e-09,0.00575344,0.0247398,0,0.0254,-1.55168e-09,-6.67223e-09,0,-7.64919e-16,0.0247398,-0.00575344,0,-1.87711,-4.5098,-10.2717,1]],"boneNames":["base","espalda","pierna i1","pierna d3","pierna i2","pierna d","cabeza","trompa1","piernaq d4","pierna d2","trompa 2","trompa 3"]},{"inverseBindMatrices":[[0.122198,-0.0286571,5.28543e-09,0,-4.44195e-09,4.20816e-09,0.125513,0,-0.0286571,-0.122198,3.08283e-09,0,-25.9703,9.441,-294.359,1],[-0.111006,-0.0585768,-6.3452e-08,0,-5.89143e-08,-2.43138e-08,0.125513,0,-0.0585768,0.111006,-5.99162e-09,0,26.122,9.35697,-294.359,1],[-0.0470529,-0.11636,-1.10666e-08,0,7.48118e-09,-1.49624e-08,0.125513,0,-0.11636,0.0470529,1.25447e-08,0,13.1059,23.3445,-294.359,1],[1.2881e-07,-0.103473,0.0710425,0,0.125513,-9.81582e-09,-2.41869e-07,0,2.04951e-07,0.0710425,0.103473,0,-294.359,21.4412,-16.0301,1],[1.92178e-07,0.0822912,0.0947721,0,0.125513,-1.24723e-08,-2.43686e-07,0,-1.50352e-07,0.0947721,-0.0822912,0,-294.359,-19.2697,-20.2894,1],[6.1706e-08,0.0339822,-0.120826,0,0.125513,-1.67066e-08,5.94013e-08,0,-6.89646e-16,-0.120826,-0.0339822,0,-294.359,-6.54808,26.6019,1],[2.05873e-08,-0.00304719,-0.125476,0,-0.125513,-4.99811e-10,-2.05812e-08,0,3.52839e-15,0.125476,-0.00304719,0,294.359,-1.41111,28.7588,1],[3.61147e-08,0.0752276,0.100471,0,0.125513,-2.16457e-08,-2.89091e-08,0,-3.27922e-15,0.100471,-0.0752276,0,-294.359,-19.9425,-20.9012,1],[2.97611e-08,-0.0503081,0.11499,0,-0.125513,-1.19288e-08,2.72659e-08,0,2.299e-15,-0.11499,-0.0503081,0,294.359,11.923,-23.0357,1],[7.5039e-08,0.0297411,-0.121939,0,0.125513,-1.7781e-08,7.29019e-08,0,-2.73423e-15,-0.121939,-0.0297412,0,-294.359,-5.35005,24.8912,1],[7.01512e-08,0.0335929,0.120934,0,0.125513,-1.87756e-08,-6.75919e-08,0,2.23457e-17,0.120934,-0.0335929,0,-294.359,-12.4255,-24.1915,1],[3.57832e-08,-0.0786666,-0.0978017,0,-0.125513,-2.24274e-08,-2.78827e-08,0,3.72824e-15,0.0978016,-0.0786666,0,294.359,11.301,25.745,1]],"boneNames":["torzo014","pierna001","vestido003","brazo i009","brazo d009","cabeza006","brazo d014","mano d004","brazo i014","mano i004","pierna 006","pie002"]},{"inverseBindMatrices":[[-3.2872e-07,-0.0644044,-0.093061,0,0.113174,1.24274e-08,-4.08365e-07,0,2.42609e-07,-0.0930609,0.0644044,0,-265.149,0.117069,-0.519147,1],[2.16937e-07,0.0954766,0.0607658,0,0.113174,-8.2262e-09,-3.91109e-07,0,-3.25535e-07,0.0607658,-0.0954766,0,-265.149,-1.32089,0.472697,1],[1.54616e-08,0.110219,0.0256902,0,0.113174,-1.50579e-08,-3.50975e-09,0,-1.4328e-15,0.0256902,-0.110219,0,-265.149,-1.99973,1.20424,1],[-0.0755304,0.0842818,1.73911e-08,0,-8.45834e-10,-2.41108e-08,0.113174,0,0.0842818,0.0755304,1.67211e-08,0,-1.91485,-2.08009,-265.149,1],[2.11494e-08,-0.0355006,0.107461,0,-0.113174,-6.63421e-09,2.00819e-08,0,8.366e-17,-0.107461,-0.0355006,0,265.149,-0.665562,0.741243,1],[-0.112325,0.013832,5.51471e-08,0,5.16708e-08,-3.16123e-08,0.113174,0,0.013832,0.112325,2.50602e-08,0,-1.16798,-3.09629,-265.149,1],[2.30491e-08,0.00641993,0.112991,0,0.113174,-1.30749e-09,-2.30119e-08,0,6.24797e-17,0.112991,-0.00641993,0,-265.149,-5.04791,-0.777885,1],[3.64781e-08,0.0513194,0.100869,0,0.113174,-1.65413e-08,-3.25121e-08,0,2.44939e-15,0.100869,-0.0513194,0,-265.149,-4.11635,2.73627,1],[-3.00117e-07,0.0399389,-0.105892,0,0.113174,1.42675e-08,-3.15372e-07,0,-9.79451e-08,-0.105892,-0.0399389,0,-265.149,0.445718,0.448027,1],[8.02747e-08,0.00798228,0.112892,0,-0.113174,5.66187e-09,8.00748e-08,0,7.12099e-15,-0.112892,0.00798228,0,265.149,-1.20356,1.29542,1],[2.07208e-08,0.0792601,0.0807843,0,0.113174,-1.45117e-08,-1.47907e-08,0,-3.72385e-15,0.0807843,-0.0792601,0,-265.149,-4.85361,4.39812,1],[9.12349e-09,0.112993,-0.00639581,0,0.113174,-9.10891e-09,5.15597e-10,0,-8.22553e-16,-0.00639581,-0.112993,0,-265.149,-2.62374,2.02528,1]],"boneNames":["Bone.089","Bone.092","Bone.093","Bone.098","Bone.090","Bone.095","Bone.100","Bone.096","Bone.088","Bone.091","Bone.097","Bone.094"]},{"inverseBindMatrices":[[3.66507e-07,-0.0707859,-0.0576045,0,-4.5147e-07,-0.0576045,0.0707859,0,-0.0912629,6.92038e-10,-5.81509e-07,0,1.89007,135.137,-167.771,1],[4.89635e-07,0.0306131,-0.0859754,0,1.76838e-07,-0.0859753,-0.0306132,0,-0.0912629,-2.34986e-09,-5.20585e-07,0,1.88859,203.241,72.0912,1],[2.095e-08,0.0864516,-0.029241,0,-0,0.029241,0.0864516,0,0.0912629,-1.98455e-08,6.71246e-09,0,-1.889,-68.8942,-203.391,1],[1.12268e-08,0.0907048,-0.0100783,0,-0,0.0100783,0.0907048,0,0.0912629,-1.11581e-08,1.23979e-09,0,-1.889,-22.5353,-212.348,1],[1.47391e-08,-0.0849994,0.033227,0,6.43849e-25,0.033227,0.0849994,0,-0.0912629,-1.37275e-08,5.3662e-09,0,1.889,-79.9026,-199.393,1],[0.00195947,-0.0837217,0.0362734,0,-0.000103925,0.0362797,0.0837419,0,-0.0912418,-0.00183929,0.000683608,0,2.15433,-85.8149,-195.536,1],[-0.0909699,0.00730829,6.43889e-08,0,-0.00730829,-0.0909698,-4.86789e-09,0,6.37923e-08,-1.00085e-08,0.0912629,0,15.6791,212.839,-1.88899,1],[-6.16027e-07,-0.00433611,0.0911599,0,-2.74624e-08,0.0911599,0.00433611,0,-0.0912629,1.83748e-09,-6.16636e-07,0,1.88906,-215.618,-9.46182,1],[2.21742e-07,0.00192919,-0.0912425,0,6.29702e-09,-0.0912425,-0.00192919,0,-0.0912629,-1.60826e-09,-2.21825e-07,0,1.88899,211.868,3.18641,1],[-0.0900142,0.0150453,4.22996e-08,0,-0.0150453,-0.0900143,-3.7292e-09,0,4.1106e-08,-1.06515e-08,0.091263,0,34.4666,210.539,-1.889,1],[2.18429e-08,0.0346732,0.0844198,0,-0,-0.0844198,0.0346732,0,0.091263,-8.2987e-09,-2.02051e-08,0,-1.889,196.205,-80.0721,1],[3.13001e-08,0.0498864,-0.0764217,0,-2.57539e-24,0.0764217,0.0498864,0,0.0912629,-1.71093e-08,2.621e-08,0,-1.889,-180.598,-116.734,1],[4.34777e-08,-0.0346902,0.0844128,0,2.5754e-24,0.0844128,0.0346902,0,-0.0912629,-1.65264e-08,4.02143e-08,0,1.88901,-199.894,-79.412,1],[1.9259e-08,0.0715814,0.0566129,0,-1.2877e-24,-0.0566129,0.0715814,0,0.091263,-1.51057e-08,-1.19469e-08,0,-1.889,130.549,-165.199,1]],"boneNames":["Bone.064","Bone.067","Bone.068","Bone.061","Bone.065","Bone.075","Bone.070","Bone.063","Bone.071","Bone.072","Bone.073","Bone.069","Bone.066","Bone.074"]},{"inverseBindMatrices":[[0.0724518,0.0150852,-8.46834e-09,0,8.82216e-09,-8.27076e-10,0.0740056,0,0.0150852,-0.0724518,-2.60801e-09,0,-1.30947,1.33714,-172.952,1],[-2.59471e-07,-0.00169545,-0.0739862,0,0.0740056,1.04425e-08,-2.59778e-07,0,1.63912e-08,-0.0739862,0.00169545,0,-172.952,0.67836,1.18736,1],[6.75274e-09,-0.0691754,-0.0262981,0,-0.0740056,-6.31201e-09,-2.3996e-09,0,1.28415e-16,0.0262981,-0.0691754,0,172.952,0.185532,0.681029,1],[-0.0739749,-0.00213005,8.53743e-08,0,8.60127e-08,-2.09397e-08,0.0740056,0,-0.00213005,0.0739749,2.34067e-08,0,0.698055,-1.58921,-172.952,1],[7.12895e-08,-0.0227746,-0.0704141,0,-0.0740056,-2.19387e-08,-6.78298e-08,0,-1.23688e-15,0.0704141,-0.0227746,0,172.952,-2.19701,1.36894,1],[-0.0735901,-0.00783118,7.76744e-08,0,8.0416e-08,-2.16419e-08,0.0740056,0,-0.00783117,0.0735901,3.00299e-08,0,1.431,-1.61804,-172.952,1],[4.9384e-08,-0.0222228,0.0705902,0,-0.0740056,-1.48293e-08,4.71049e-08,0,1.44594e-15,-0.0705902,-0.0222228,0,172.952,0.324132,-1.1438,1],[7.10963e-08,0.00720936,0.0736536,0,-0.0740056,6.92594e-09,7.07581e-08,0,-1.5788e-15,-0.0736536,0.00720936,0,172.952,-0.476084,-1.43264,1],[1.74644e-08,-0.0470282,0.0571418,0,-0.0740056,-1.10981e-08,1.34848e-08,0,-1.67372e-15,-0.0571418,-0.0470282,0,172.952,0.0777257,-1.94963,1],[9.27904e-09,-0.0584753,0.0453593,0,-0.0740056,-7.33181e-09,5.68729e-09,0,-3.58269e-16,-0.0453593,-0.0584753,0,172.952,-0.113933,-2.02463,1],[2.17976e-08,-0.00742924,-0.0736317,0,-0.0740056,-2.18821e-09,-2.16875e-08,0,-1.82766e-15,0.0736317,-0.00742924,0,172.952,-2.465,1.4178,1],[-0.0373771,-0.0638732,6.0194e-08,0,1.45566e-07,-1.54388e-08,0.0740056,0,-0.0638732,0.0373771,1.33433e-07,0,1.54875,-0.778695,-172.952,1],[6.10718e-08,0.0680496,-0.0290874,0,-0.0740056,5.61567e-08,-2.40039e-08,0,-8.6574e-17,0.0290874,0.0680496,0,172.952,-2.49441,-3.22211,1],[8.10692e-09,-0.0575205,0.0465642,0,-0.0740056,-6.30106e-09,5.10086e-09,0,-1.08687e-16,-0.0465642,-0.0575205,0,172.952,0.342712,0.76515,1],[1.73361e-08,-0.0410509,-0.0615764,0,-0.0740056,-9.61633e-09,-1.44245e-08,0,-6.90654e-16,0.0615764,-0.0410509,0,172.952,-2.55198,2.14288,1]],"boneNames":["torzo012","torzo013","brazo i013","pierna i007","pierna i008","pierna d008","cabeza008","brazo d012","brazo d013","mano d005","pierna d009","vestido004","pie d003","mano i005","pie i002"]},{"inverseBindMatrices":[[0.106211,0.0277624,1.28682e-08,0,-1.30868e-08,-8.17923e-10,0.10978,0,0.0277624,-0.106211,2.5182e-09,0,-7.31818,0.0760437,-256.884,1],[1.86593e-07,0.0117211,0.109152,0,-0.10978,1.99224e-08,1.85527e-07,0,-3.01886e-15,-0.109152,0.0117211,0,256.884,-1.42908,-7.70045,1],[1.65616e-07,0.0102469,0.1093,0,0.10978,-1.54587e-08,-1.64893e-07,0,-5.61023e-15,0.1093,-0.0102469,0,-256.884,-6.03199,-6.80037,1],[4.92454e-09,-0.100254,-0.0447288,0,-0.10978,-4.49725e-09,-2.00646e-09,0,-1.45634e-15,0.0447288,-0.100254,0,256.884,5.66439,4.63431,1],[1.21472e-08,0.0981899,0.049095,0,0.10978,-1.08648e-08,-5.43242e-09,0,-1.67695e-15,0.049095,-0.0981899,0,-256.884,-7.17618,-1.43667,1],[2.06367e-07,-0.0507973,0.0973201,0,-0.10978,-9.54903e-08,1.82945e-07,0,-1.75772e-14,-0.0973201,-0.0507973,0,256.884,2.67109,-6.30292,1],[1.76893e-06,0.000704055,0.109777,0,0.10978,-1.47814e-08,-1.76887e-06,0,3.43671e-09,0.109777,-0.000704055,0,-256.884,-3.35317,-7.29154,1],[-6.83036e-07,-0.00327897,0.109731,0,-0.10978,1.58897e-08,-6.82867e-07,0,4.51368e-09,-0.109731,-0.00327897,0,256.884,1.17013,-7.28192,1],[9.0509e-08,0.0396743,-0.10236,0,0.10978,-3.27099e-08,8.43916e-08,0,-6.39814e-16,-0.10236,-0.0396743,0,-256.884,-3.61533,5.43587,1],[1.44637e-08,-0.0692891,0.0851504,0,-0.10978,-9.129e-09,1.12188e-08,0,-2.31765e-15,-0.0851504,-0.0692891,0,256.884,3.74614,-7.15929,1]],"boneNames":["torzo010","brazo d010","pie003","cadera i001","cadera d001","brazo i010","pierna 005","torzo011","brazo i011","brazo d011"]}],"morphs":[],"vertices":[{"position":{"type":"float32","components":3,"data":[351.874,73.9537,-7.70751,368.973,73.9537,73.5533,394.567,73.9537,1.44516,349.134,73.9537,75.1856,309.246,73.9537,58.3777,304.319,73.9537,15.5069,317.184,73.9537,88.7966,341.264,73.9537,89.9804,313.975,73.9537,107.203,345.775,73.9537,107.284,390.77,73.9537,78.3178,415.997,73.9537,1.43046,407.9,73.9537,54.3576,420.293,73.9537,57.9792,386.341,73.9537,88.9687,367.852,73.9537,88.9834,385.169,73.9537,105.971,362.82,73.9537,106.904,305.99,73.9537,65.5994,299.224,73.9537,61.058,401.837,73.9537,106.538,416.52,73.9537,84.8233,398.209,73.9537,90.273,426.03,73.9537,105.316,436.379,73.9537,15.5811,439.022,73.9537,61.2849,437.992,73.9537,77.3869,426.617,73.9537,83.2719,433.712,73.9537,95.3301,444.536,73.9537,94.7757,432.793,73.9537,100.183,438.654,73.9537,108.451,292.607,73.9537,77.6011,299.372,73.9537,82.1426,351.874,73.7634,-7.70751,368.973,73.7634,73.5533,349.134,73.7634,75.1856,394.567,73.7634,1.44516,309.246,73.7634,58.3777,304.319,73.7634,15.5069,317.184,73.7634,88.7966,341.264,73.7634,89.9804,313.975,73.7634,107.203,345.775,73.7634,107.284,415.997,73.7634,1.43046,390.77,73.7634,78.3178,420.293,73.7634,57.9792,407.9,73.7634,54.3576,386.341,73.7634,88.9687,367.852,73.7634,88.9834,385.169,73.7634,105.971,362.82,73.7634,106.904,299.224,73.7634,61.058,305.99,73.7634,65.5994,401.837,73.7634,106.538,416.52,73.7634,84.8233,426.03,73.7634,105.316,398.209,73.7634,90.273,436.379,73.7634,15.5811,439.022,73.7634,61.2849,437.992,73.7634,77.3869,426.617,73.7634,83.2719,433.712,73.7634,95.3301,444.536,73.7634,94.7757,438.654,73.7634,108.451,432.793,73.7634,100.183,292.607,73.7634,77.6011,299.372,73.7634,82.1426]},"normal":{"type":"float32","components":3,"data":[5.69647e-09,1,-9.78192e-08,1.72535e-08,1,-1.45857e-08,2.41785e-08,1,-7.72152e-08,3.22411e-09,1,-1.53357e-08,-4.10101e-07,1,-5.38318e-08,-1.08882e-07,1,-1.2096e-07,-5.97478e-15,1,1.34359e-07,-5.99771e-15,1,1.34359e-07,-7.50081e-15,1,1.34359e-07,-7.50081e-15,1,1.34359e-07,-2.42673e-08,1,4.46804e-08,3.53715e-08,1,-1.40917e-07,-2.53421e-07,1,-1.63534e-07,9.00449e-08,1,-9.72514e-08,-1.82302e-14,1,1.34359e-07,-2.11511e-14,1,1.34359e-07,-3.2145e-14,1,1.34359e-07,-3.2145e-14,1,1.34359e-07,-5.68879e-07,1,-2.62459e-08,-6.54583e-07,1,-3.61257e-08,-2.22314e-14,1,1.34359e-07,-2.98718e-14,1,1.34359e-07,-3.06411e-14,1,1.34359e-07,-2.22314e-14,1,1.34359e-07,1.4876e-07,1,-1.9894e-07,6.59243e-08,1,-1.33448e-08,2.03169e-15,1,1.34359e-07,4.01473e-15,1,1.34359e-07,2.42694e-14,1,1.34359e-07,2.42723e-14,1,1.34359e-07,3.87045e-14,1,1.34359e-07,3.87045e-14,1,1.34359e-07,-3.33747e-07,1,8.59838e-10,-3.33747e-07,1,8.59838e-10,-5.71068e-09,-1,9.77943e-08,-1.73887e-08,-1,1.443e-08,-3.2214e-09,-1,1.52554e-08,-2.43118e-08,-1,7.71399e-08,4.10661e-07,-1,5.38653e-08,1.0895e-07,-1,1.20969e-07,8.8828e-11,-1,-1.3427e-07,8.97086e-11,-1,-1.34266e-07,1.47438e-10,-1,-1.33972e-07,1.47438e-10,-1,-1.33972e-07,-3.55111e-08,-1,1.40886e-07,2.43082e-08,-1,-4.47361e-08,-9.03919e-08,-1,9.73674e-08,2.53875e-07,-1,1.63769e-07,-1.05866e-10,-1,-1.34391e-07,-6.81633e-11,-1,-1.34298e-07,7.37454e-11,-1,-1.33947e-07,7.37454e-11,-1,-1.33947e-07,6.5558e-07,-1,3.62506e-08,5.69776e-07,-1,2.63643e-08,-2.42486e-10,-1,-1.34887e-07,1.67616e-11,-1,-1.34566e-07,-2.42486e-10,-1,-1.34887e-07,4.28659e-11,-1,-1.34534e-07,-1.48832e-07,-1,1.98911e-07,-6.61144e-08,-1,1.35596e-08,-3.74467e-10,-1,-1.34003e-07,-4.01752e-10,-1,-1.34019e-07,-4.08331e-10,-1,-1.34682e-07,-4.08309e-10,-1,-1.34682e-07,-2.98389e-10,-1,-1.35367e-07,-2.98389e-10,-1,-1.35367e-07,3.34366e-07,-1,-7.59274e-10,3.34366e-07,-1,-7.59267e-10]},"blendIndices":{"type":"uint8","components":4,"data":[0,1,0,0,0,1,3,0,0,1,0,0,0,1,2,0,0,2,0,0,0,0,0,0,0,2,4,0,0,2,4,0,0,2,4,0,0,2,4,0,0,1,3,5,0,1,6,0,0,1,5,6,0,1,6,7,0,1,3,8,0,1,3,8,0,1,3,8,0,1,3,8,0,0,0,0,0,0,0,0,0,1,5,9,0,1,5,9,0,1,5,9,0,1,5,9,0,1,6,0,0,1,6,7,0,1,7,10,0,1,7,10,0,1,7,10,0,1,7,10,0,1,7,10,0,1,7,10,0,0,0,0,0,0,0,0,0,1,0,0,0,1,3,0,0,1,2,0,0,1,0,0,0,2,0,0,0,0,0,0,0,2,4,0,0,2,4,0,0,2,4,0,0,2,4,0,0,1,6,0,0,1,3,5,0,1,6,7,0,1,5,6,0,1,3,8,0,1,3,8,0,1,3,8,0,1,3,8,0,0,0,0,0,0,0,0,0,1,5,9,0,1,5,9,0,1,5,9,0,1,5,9,0,1,6,0,0,1,6,7,0,1,7,10,0,1,7,10,0,1,7,10,0,1,7,10,0,1,7,10,0,1,7,10,0,0,0,0,0,0,0,0]},"blendWeight":{"type":"float32","components":4,"data":[0.5,0.5,0,0,0.333333,0.333333,0.333333,0,0.5,0.5,0,0,0.333333,0.333333,0.333333,0,0.5,0.5,0,0,1,0,0,0,0.333333,0.333333,0.333333,0,0.333333,0.333333,0.333333,0,0.333333,0.333333,0.333333,0,0.333333,0.333333,0.333333,0,0.25,0.25,0.25,0.25,0.333333,0.333333,0.333333,0,0.25,0.25,0.25,0.25,0.25,0.25,0.25,0.25,0.25,0.25,0.25,0.25,0.25,0.25,0.25,0.25,0.25,0.25,0.25,0.25,0.25,0.25,0.25,0.25,1,0,0,0,1,0,0,0,0.25,0.25,0.25,0.25,0.25,0.25,0.25,0.25,0.25,0.25,0.25,0.25,0.25,0.25,0.25,0.25,0.333333,0.333333,0.333333,0,0.25,0.25,0.25,0.25,0.25,0.25,0.25,0.25,0.25,0.25,0.25,0.25,0.25,0.25,0.25,0.25,0.25,0.25,0.25,0.25,0.25,0.25,0.25,0.25,0.25,0.25,0.25,0.25,1,0,0,0,1,0,0,0,0.5,0.5,0,0,0.333333,0.333333,0.333333,0,0.333333,0.333333,0.333333,0,0.5,0.5,0,0,0.5,0.5,0,0,1,0,0,0,0.333333,0.333333,0.333333,0,0.333333,0.333333,0.333333,0,0.333333,0.333333,0.333333,0,0.333333,0.333333,0.333333,0,0.333333,0.333333,0.333333,0,0.25,0.25,0.25,0.25,0.25,0.25,0.25,0.25,0.25,0.25,0.25,0.25,0.25,0.25,0.25,0.25,0.25,0.25,0.25,0.25,0.25,0.25,0.25,0.25,0.25,0.25,0.25,0.25,1,0,0,0,1,0,0,0,0.25,0.25,0.25,0.25,0.25,0.25,0.25,0.25,0.25,0.25,0.25,0.25,0.25,0.25,0.25,0.25,0.333333,0.333333,0.333333,0,0.25,0.25,0.25,0.25,0.25,0.25,0.25,0.25,0.25,0.25,0.25,0.25,0.25,0.25,0.25,0.25,0.25,0.25,0.25,0.25,0.25,0.25,0.25,0.25,0.25,0.25,0.25,0.25,1,0,0,0,1,0,0,0]},"texCoord0":{"type":"float32","components":2,"data":[0.38566,0.910824,0.497984,0.377017,0.666114,0.8507,0.367661,0.366294,0.105637,0.476706,0.0732687,0.758328,0.157781,0.276883,0.315961,0.269107,0.136703,0.15597,0.345598,0.155439,0.641173,0.345719,0.806887,0.850797,0.753699,0.503115,0.835113,0.479324,0.612077,0.275753,0.490624,0.275656,0.604378,0.164065,0.457568,0.157931,0.0842443,0.429267,0.0398018,0.4591,0.713872,0.160337,0.810326,0.302984,0.690042,0.267184,0.872796,0.168364,0.940782,0.75784,0.958141,0.457609,0.951379,0.351834,0.876651,0.313175,0.92326,0.233964,0.994366,0.237606,0.917222,0.202087,0.955726,0.147769,-0.00366762,0.350426,0.040775,0.320593,0.38566,0.910824,0.497984,0.377017,0.367661,0.366294,0.666114,0.8507,0.105637,0.476706,0.0732687,0.758328,0.157781,0.276883,0.315961,0.269107,0.136703,0.15597,0.345598,0.155439,0.806887,0.850797,0.641173,0.345719,0.835113,0.479324,0.753699,0.503115,0.612077,0.275753,0.490624,0.275656,0.604378,0.164065,0.457568,0.157931,0.0398018,0.4591,0.0842443,0.429267,0.713872,0.160337,0.810326,0.302984,0.872796,0.168364,0.690042,0.267184,0.940782,0.75784,0.958141,0.457609,0.951379,0.351834,0.876651,0.313175,0.92326,0.233964,0.994366,0.237606,0.955726,0.147769,0.917222,0.202087,-0.00366762,0.350426,0.040775,0.320593]}},{"position":{"type":"float32","components":3,"data":[211.945,2345.5,17.6894,225.337,2345.5,26.7449,222.569,2345.5,18.3756,202.757,2345.5,24.287,222.547,2345.5,13.8645,210.475,2345.5,13.8092,214.383,2345.5,6.00421,222.798,2345.5,7.24374,226.111,2345.5,2.57487,210.741,2345.5,0.165669,216.909,2345.5,-6.47444,223.556,2345.5,-5.49537,231.543,2345.5,16.5514,225.963,2345.5,17.3701,230.646,2345.5,26.4186,226.399,2345.5,28.9263,233.945,2345.5,30.5025,231.413,2345.5,35.2987,206.886,2345.5,10.3385,203.525,2345.5,16.8301,200.876,2345.5,5.76845,204.631,2345.5,5.61719,202.627,2345.5,-3.03594,206.427,2345.5,0.389805,209.871,2345.5,56.93,227.043,2345.5,39.9949,196.66,2345.5,33.7349,218.256,2345.5,55.7953,219.596,2345.5,65.8824,208.768,2345.5,65.6774,225.337,2345.11,26.7449,211.945,2345.11,17.6894,222.569,2345.11,18.3756,202.757,2345.11,24.287,222.547,2345.11,13.8645,210.475,2345.11,13.8092,214.383,2345.11,6.00421,222.798,2345.11,7.24374,210.741,2345.11,0.165669,226.111,2345.11,2.57487,216.909,2345.11,-6.47444,223.556,2345.11,-5.49537,231.543,2345.11,16.5514,225.963,2345.11,17.3701,230.646,2345.11,26.4186,226.399,2345.11,28.9263,233.945,2345.11,30.5025,231.413,2345.11,35.2987,206.886,2345.11,10.3385,203.525,2345.11,16.8301,200.876,2345.11,5.76845,204.631,2345.11,5.61719,206.427,2345.11,0.389805,202.627,2345.11,-3.03594,227.043,2345.11,39.9949,209.871,2345.11,56.93,196.66,2345.11,33.7349,218.256,2345.11,55.7953,219.596,2345.11,65.8824,208.768,2345.11,65.6774]},"normal":{"type":"float32","components":3,"data":[1.17921e-07,1,3.33159e-08,5.80081e-08,1,1.43228e-07,1.16768e-07,1,3.68376e-08,5.32566e-08,1,1.43056e-07,7.99702e-08,1,8.22971e-08,6.46262e-08,1,5.38631e-08,2.02303e-07,1,-2.00054e-07,1.87698e-07,1,-1.72787e-07,2.26063e-07,1,-1.44399e-07,2.21689e-07,1,-1.15775e-07,1.59432e-07,1,2.91601e-07,1.59432e-07,1,2.91601e-07,-3.9802e-08,1,1.00848e-07,-3.84186e-08,1,1.12303e-07,7.89304e-08,1,2.08389e-07,1.16156e-07,1,2.50874e-07,2.35723e-07,1,3.87333e-07,2.35723e-07,1,3.87333e-07,3.06675e-08,1,1.22929e-07,3.68132e-08,1,1.27632e-07,9.37525e-08,1,1.15363e-07,9.37101e-08,1,1.14951e-07,8.73202e-08,1,5.28459e-08,8.73201e-08,1,5.28458e-08,9.10184e-08,1,1.30006e-07,5.24387e-08,1,1.34945e-07,5.07501e-08,1,1.36339e-07,8.68285e-08,1,1.2963e-07,1.22396e-07,1,1.32823e-07,1.22396e-07,1,1.32823e-07,-5.72213e-08,-1,-1.43241e-07,-1.17359e-07,-1,-3.16181e-08,-1.16201e-07,-1,-3.5152e-08,-5.24526e-08,-1,-1.43335e-07,-8.03401e-08,-1,-8.09572e-08,-6.39504e-08,-1,-5.38318e-08,-2.02698e-07,-1,1.99762e-07,-1.88338e-07,-1,1.73024e-07,-2.21738e-07,-1,1.16671e-07,-2.26139e-07,-1,1.45279e-07,-1.59105e-07,-1,-2.90474e-07,-1.59105e-07,-1,-2.90474e-07,3.77181e-08,-1,-9.94039e-08,3.67307e-08,-1,-1.10552e-07,-8.07164e-08,-1,-2.07426e-07,-1.17511e-07,-1,-2.49792e-07,-2.35694e-07,-1,-3.85871e-07,-2.35694e-07,-1,-3.85871e-07,-3.11361e-08,-1,-1.24553e-07,-3.7487e-08,-1,-1.29384e-07,-9.71004e-08,-1,-1.16368e-07,-9.70619e-08,-1,-1.15942e-07,-9.1251e-08,-1,-5.17253e-08,-9.1251e-08,-1,-5.17253e-08,-5.16339e-08,-1,-1.35035e-07,-8.99088e-08,-1,-1.29599e-07,-4.99388e-08,-1,-1.36566e-07,-8.57673e-08,-1,-1.29188e-07,-1.20923e-07,-1,-1.32678e-07,-1.20923e-07,-1,-1.32678e-07]},"blendIndices":{"type":"uint8","components":4,"data":[0,0,0,0,0,1,2,0,0,0,0,0,0,1,2,0,4,0,0,0,3,0,0,0,3,5,0,0,4,5,0,0,5,0,0,0,5,0,0,0,5,0,0,0,5,0,0,0,4,6,0,0,4,6,0,0,4,6,7,0,4,6,7,0,4,6,7,0,4,6,7,0,3,8,0,0,3,8,0,0,3,8,9,0,3,8,9,0,3,8,9,0,3,8,9,0,10,11,0,0,1,2,10,0,1,2,10,0,10,11,0,0,11,0,0,0,11,0,0,0,0,1,2,0,0,0,0,0,0,0,0,0,0,1,2,0,4,0,0,0,3,0,0,0,3,5,0,0,4,5,0,0,5,0,0,0,5,0,0,0,5,0,0,0,5,0,0,0,4,6,0,0,4,6,0,0,4,6,7,0,4,6,7,0,4,6,7,0,4,6,7,0,3,8,0,0,3,8,0,0,3,8,9,0,3,8,9,0,3,8,9,0,3,8,9,0,1,2,10,0,10,11,0,0,1,2,10,0,10,11,0,0,11,0,0,0,11,0,0,0]},"blendWeight":{"type":"float32","components":4,"data":[1,0,0,0,0.333333,0.333333,0.333333,0,1,0,0,0,0.333333,0.333333,0.333333,0,1,0,0,0,1,0,0,0,0.5,0.5,0,0,0.5,0.5,0,0,1,0,0,0,1,0,0,0,1,0,0,0,1,0,0,0,0.5,0.5,0,0,0.5,0.5,0,0,0.333333,0.333333,0.333333,0,0.333333,0.333333,0.333333,0,0.333333,0.333333,0.333333,0,0.333333,0.333333,0.333333,0,0.5,0.5,0,0,0.5,0.5,0,0,0.333333,0.333333,0.333333,0,0.333333,0.333333,0.333333,0,0.333333,0.333333,0.333333,0,0.333333,0.333333,0.333333,0,0.5,0.5,0,0,0.333333,0.333333,0.333333,0,0.333333,0.333333,0.333333,0,0.5,0.5,0,0,1,0,0,0,1,0,0,0,0.333333,0.333333,0.333333,0,1,0,0,0,1,0,0,0,0.333333,0.333333,0.333333,0,1,0,0,0,1,0,0,0,0.5,0.5,0,0,0.5,0.5,0,0,1,0,0,0,1,0,0,0,1,0,0,0,1,0,0,0,0.5,0.5,0,0,0.5,0.5,0,0,0.333333,0.333333,0.333333,0,0.333333,0.333333,0.333333,0,0.333333,0.333333,0.333333,0,0.333333,0.333333,0.333333,0,0.5,0.5,0,0,0.5,0.5,0,0,0.333333,0.333333,0.333333,0,0.333333,0.333333,0.333333,0,0.333333,0.333333,0.333333,0,0.333333,0.333333,0.333333,0,0.333333,0.333333,0.333333,0,0.5,0.5,0,0,0.333333,0.333333,0.333333,0,0.5,0.5,0,0,1,0,0,0,1,0,0,0]},"texCoord0":{"type":"float32","components":2,"data":[0.0885682,0.469554,0.15188,0.426742,0.138794,0.46631,0.0451292,0.438363,0.138689,0.487637,0.081619,0.487899,0.100095,0.524798,0.139877,0.518938,0.155542,0.541011,0.082877,0.552401,0.112036,0.583793,0.143459,0.579165,0.181222,0.474934,0.154842,0.471064,0.17698,0.428285,0.156902,0.41643,0.192577,0.408978,0.180605,0.386303,0.0646489,0.504307,0.0487606,0.473617,0.0362365,0.525913,0.0539911,0.526628,0.0445145,0.567537,0.0624787,0.551341,0.0787638,0.284037,0.159948,0.364101,0.016307,0.393696,0.118406,0.289401,0.12474,0.241713,0.0735479,0.242682,0.15188,0.426742,0.0885682,0.469554,0.138794,0.46631,0.0451292,0.438363,0.138689,0.487637,0.081619,0.487899,0.100095,0.524798,0.139877,0.518938,0.082877,0.552401,0.155542,0.541011,0.112036,0.583793,0.143459,0.579165,0.181222,0.474934,0.154842,0.471064,0.17698,0.428285,0.156902,0.41643,0.192577,0.408978,0.180605,0.386303,0.0646489,0.504307,0.0487606,0.473617,0.0362365,0.525913,0.0539911,0.526628,0.0624787,0.551341,0.0445145,0.567537,0.159948,0.364101,0.0787638,0.284037,0.016307,0.393696,0.118406,0.289401,0.12474,0.241713,0.0735479,0.242682]}},{"position":{"type":"float32","components":3,"data":[-7.67527,2343.11,4.49217,-13.1888,2343.11,22.0817,7.475,2343.11,13.5112,6.78675,2343.11,20.1691,7.87933,2343.11,5.65267,-2.52118,2343.11,-3.07096,11.9861,2343.11,1.71825,-3.56829,2343.11,-7.54141,11.2458,2343.11,-7.39705,1.90351,2343.11,-12.9586,-15.0714,2343.11,35.7256,19.7783,2343.11,26.5429,4.71804,2343.11,48.1136,13.5381,2343.11,47.7417,18.2541,2343.11,11.1573,13.2047,2343.11,17.5979,26.7947,2343.11,13.5167,23.7989,2343.11,20.9352,33.1457,2343.11,18.984,33.5012,2343.11,11.7122,-5.97318,2343.11,-5.97556,-12.3497,2343.11,-3.42422,-14.1655,2343.11,-10.8437,-7.62607,2343.11,-14.5766,-14.037,2343.11,-19.0407,-7.98651,2343.11,-22.0402,-10.6706,2343.11,49.806,-0.540232,2343.11,57.8984,5.76165,2343.11,57.1956,3.11699,2343.11,62.652,-1.62023,2343.11,62.2302,9.42647,2343.11,59.446,10.2534,2343.11,63.8266,7.70105,2343.11,52.9832,13.9296,2343.11,53.5892,-13.1888,2342.71,22.0817,7.475,2342.71,13.5112,6.78675,2342.71,20.1691,-7.67527,2342.71,4.49217,-2.52118,2342.71,-3.07096,7.87933,2342.71,5.65267,-3.56829,2342.71,-7.54141,11.9861,2342.71,1.71825,11.2458,2342.71,-7.39705,1.90351,2342.71,-12.9586,19.7783,2342.71,26.5429,-15.0714,2342.71,35.7256,4.71804,2342.71,48.1136,13.5381,2342.71,47.7417,18.2541,2342.71,11.1573,13.2047,2342.71,17.5979,23.7989,2342.71,20.9352,26.7947,2342.71,13.5167,33.1457,2342.71,18.984,33.5012,2342.71,11.7122,-5.97318,2342.71,-5.97556,-12.3497,2342.71,-3.42422,-14.1655,2342.71,-10.8437,-7.62607,2342.71,-14.5766,-14.037,2342.71,-19.0407,-7.98651,2342.71,-22.0402,-0.540232,2342.71,57.8984,5.76165,2342.71,57.1956,-10.6706,2342.71,49.806,3.11699,2342.71,62.652,-1.62023,2342.71,62.2302,9.42647,2342.71,59.446,10.2534,2342.71,63.8266,7.70105,2342.71,52.9832,13.9296,2342.71,53.5892]},"normal":{"type":"float32","components":3,"data":[2.29608e-08,1,1.30598e-07,4.98496e-08,1,3.28914e-07,1.4714e-08,1,1.32647e-07,4.91397e-08,1,3.25283e-07,4.56691e-08,1,9.73268e-08,5.46998e-08,1,8.63891e-08,3.52102e-08,1,1.27539e-07,9.35712e-09,1,1.67795e-07,-4.00452e-08,1,2.44721e-07,-4.00452e-08,1,2.44721e-07,3.72672e-08,1,2.66992e-07,3.51606e-08,1,2.59998e-07,7.08075e-09,1,9.78764e-08,1.04257e-08,1,1.29975e-07,4.81093e-09,1,1.22788e-07,5.28632e-09,1,1.22926e-07,-5.61274e-10,1,1.21207e-07,1.01064e-09,1,1.21671e-07,-3.26409e-09,1,1.20408e-07,-3.26409e-09,1,1.20408e-07,2.49502e-08,1,1.22739e-07,2.52534e-08,1,1.23151e-07,3.02001e-08,1,1.30175e-07,3.11492e-08,1,1.31692e-07,3.25164e-08,1,1.33877e-07,3.25164e-08,1,1.33877e-07,7.13885e-09,1,9.09679e-08,7.35295e-09,1,7.05731e-08,4.00839e-09,1,8.90193e-08,1.04063e-08,1,1.38319e-07,1.73102e-08,1,1.40946e-07,-2.47243e-13,1,1.34359e-07,-2.50871e-13,1,1.34359e-07,1.23414e-08,1,1.30473e-07,1.23414e-08,1,1.30473e-07,-4.91807e-08,-1,-3.28215e-07,-1.51393e-08,-1,-1.32381e-07,-4.8471e-08,-1,-3.24622e-07,-2.37995e-08,-1,-1.30135e-07,-5.45656e-08,-1,-8.70428e-08,-4.54238e-08,-1,-9.73106e-08,-8.67249e-09,-1,-1.6869e-07,-3.39221e-08,-1,-1.29095e-07,3.95768e-08,-1,-2.44351e-07,3.95768e-08,-1,-2.44351e-07,-3.49032e-08,-1,-2.5914e-07,-3.6567e-08,-1,-2.66684e-07,-6.88692e-09,-1,-9.87749e-08,-1.07803e-08,-1,-1.30191e-07,-4.79533e-09,-1,-1.22427e-07,-5.61906e-09,-1,-1.22433e-07,-4.48067e-10,-1,-1.22045e-07,8.92413e-10,-1,-1.21818e-07,3.1973e-09,-1,-1.21427e-07,3.1973e-09,-1,-1.21427e-07,-2.68387e-08,-1,-1.22196e-07,-2.70649e-08,-1,-1.22612e-07,-3.01283e-08,-1,-1.30082e-07,-3.03779e-08,-1,-1.31877e-07,-3.07376e-08,-1,-1.34462e-07,-3.07376e-08,-1,-1.34462e-07,-7.44228e-09,-1,-7.22031e-08,-2.42765e-09,-1,-9.06593e-08,-5.85652e-09,-1,-9.31417e-08,-9.22974e-09,-1,-1.3951e-07,-1.82382e-08,-1,-1.41909e-07,4.34904e-09,-1,-1.35893e-07,4.34904e-09,-1,-1.35893e-07,-1.30791e-08,-1,-1.3107e-07,-1.30791e-08,-1,-1.3107e-07]},"blendIndices":{"type":"uint8","components":4,"data":[0,4,1,5,5,0,3,1,1,3,2,0,3,1,5,6,1,8,0,2,0,4,1,8,1,8,0,4,0,4,8,1,8,1,0,4,8,0,4,1,5,7,6,3,3,6,1,0,6,7,10,5,6,3,0,0,2,1,11,0,1,2,11,0,11,2,0,0,11,2,1,0,11,2,0,0,11,2,0,0,4,0,9,0,4,0,9,0,9,4,0,0,9,4,0,0,9,4,0,0,9,4,0,0,7,5,6,10,7,10,6,0,10,7,6,0,10,7,6,0,7,10,6,0,10,7,6,0,10,7,6,0,6,0,0,0,6,3,0,0,5,0,3,1,1,3,2,0,3,1,5,6,0,4,1,5,0,4,1,8,1,8,0,2,0,4,8,1,1,8,0,4,8,1,0,4,8,0,4,1,3,6,1,0,5,7,6,3,6,7,10,5,6,3,0,0,2,1,11,0,1,2,11,0,11,2,1,0,11,2,1,0,11,2,0,0,11,2,0,0,4,0,9,0,4,0,9,0,9,4,0,0,9,4,0,0,9,4,0,0,9,4,0,0,7,10,6,0,10,7,6,0,7,5,6,10,10,7,6,0,7,10,6,0,10,7,6,0,10,7,6,0,6,0,0,0,6,3,0,0]},"blendWeight":{"type":"float32","components":4,"data":[0.808755,0.0769037,0.0715972,0.0427439,0.661,0.152301,0.11323,0.0734689,0.815463,0.112401,0.0604174,0.011719,0.576411,0.280641,0.0738429,0.0691049,0.796556,0.0924653,0.0837085,0.0272704,0.571184,0.282931,0.080747,0.0651385,0.479673,0.375559,0.107921,0.0368466,0.410921,0.409742,0.122183,0.0571535,0.56792,0.208209,0.124974,0.0988965,0.351308,0.277928,0.268567,0.102198,0.679143,0.141487,0.132432,0.0469377,0.619768,0.228908,0.151323,0,0.900517,0.0608946,0.0311102,0.0074781,0.929216,0.0707836,0,0,0.684677,0.169247,0.146075,0,0.509131,0.457574,0.0332954,0,0.871171,0.128829,0,0,0.534168,0.420827,0.0450047,0,0.923695,0.0763049,0,0,0.920445,0.0795546,0,0,0.71949,0.161867,0.118644,0,0.713774,0.148404,0.137822,0,0.535248,0.458536,0.00621548,0,0.821173,0.178827,0,0,0.79241,0.20759,0,0,0.881589,0.118411,0,0,0.549748,0.217653,0.207254,0.0253448,0.786064,0.151785,0.0621506,0,0.756435,0.149009,0.0945558,0,0.782006,0.197673,0.0203209,0,0.512276,0.455793,0.0319315,0,0.810981,0.122671,0.066348,0,0.850341,0.110193,0.0394668,0,1,0,0,0,0.979357,0.0206431,0,0,0.657922,0.15311,0.113922,0.0750466,0.807252,0.115702,0.0625734,0.0144725,0.572214,0.282245,0.0748098,0.0707315,0.801883,0.079073,0.0737085,0.0453356,0.56578,0.284682,0.0829067,0.0666315,0.790199,0.0941921,0.085969,0.0296401,0.410149,0.407216,0.123123,0.0595123,0.478266,0.371971,0.10966,0.0401021,0.561397,0.210891,0.127259,0.100453,0.348465,0.278757,0.268122,0.104657,0.616294,0.230532,0.153174,0,0.675392,0.142029,0.134454,0.0481241,0.895024,0.0623516,0.0333738,0.00925026,0.927215,0.0727848,0,0,0.676702,0.173449,0.149849,0,0.507823,0.454718,0.0374589,0,0.533252,0.41812,0.0486273,0,0.86522,0.133762,0.00101765,0,0.919751,0.0802493,0,0,0.916214,0.0837863,0,0,0.709997,0.166887,0.123116,0,0.7058,0.152116,0.142084,0,0.533725,0.45617,0.0101057,0,0.814369,0.185046,0.000584855,0,0.787689,0.212311,0,0,0.875318,0.124682,0,0,0.776035,0.157895,0.0660696,0,0.746985,0.154197,0.0988177,0,0.543442,0.218149,0.209366,0.0290423,0.770178,0.203215,0.0266067,0,0.508604,0.452906,0.0384893,0,0.801771,0.128103,0.0701259,0,0.838564,0.115453,0.0459831,0,1,0,0,0,0.97626,0.02374,0,0]},"texCoord0":{"type":"float32","components":2,"data":[0.461637,0.500759,0.437325,0.423197,0.528442,0.460989,0.525407,0.431631,0.530225,0.495642,0.484364,0.534109,0.548334,0.512991,0.479747,0.553822,0.54507,0.553185,0.503874,0.577709,0.429023,0.363034,0.582694,0.403526,0.516285,0.308408,0.555177,0.310049,0.575973,0.471369,0.553707,0.442969,0.613633,0.460965,0.600423,0.428253,0.641638,0.436857,0.643205,0.468922,0.469142,0.546917,0.441025,0.535667,0.433017,0.568383,0.461853,0.584844,0.433584,0.604528,0.460264,0.617755,0.448428,0.300946,0.493099,0.265262,0.520887,0.268361,0.509225,0.244301,0.488336,0.246161,0.537047,0.258438,0.540694,0.239121,0.529439,0.286936,0.556904,0.284264,0.437325,0.423197,0.528442,0.460989,0.525407,0.431631,0.461637,0.500759,0.484364,0.534109,0.530225,0.495642,0.479747,0.553822,0.548334,0.512991,0.54507,0.553185,0.503874,0.577709,0.582694,0.403526,0.429023,0.363034,0.516285,0.308408,0.555177,0.310049,0.575973,0.471369,0.553707,0.442969,0.600423,0.428253,0.613633,0.460965,0.641638,0.436857,0.643205,0.468922,0.469142,0.546917,0.441025,0.535667,0.433017,0.568383,0.461853,0.584844,0.433584,0.604528,0.460264,0.617755,0.493099,0.265262,0.520887,0.268361,0.448428,0.300946,0.509225,0.244301,0.488336,0.246161,0.537047,0.258438,0.540694,0.239121,0.529439,0.286936,0.556904,0.284264]}},{"position":{"type":"float32","components":3,"data":[-16.2155,2349.84,20.926,-2.66013,2340.91,20.926,-1.56892,2350.29,20.926,-21.729,2339.6,20.926,-16.199,2363.65,20.926,-0.358686,2365.6,20.926,-2.69912,2369.74,20.926,-16.138,2371.95,20.926,-12.4795,2378.67,20.926,-3.74161,2378.25,20.926,-22.1005,2325.96,20.926,0.761288,2324.66,20.926,-6.94507,2310.25,20.926,6.30742,2309.71,20.926,3.46811,2356.37,20.926,2.44823,2349.83,20.926,12.0351,2353.44,20.926,9.08733,2357.74,20.926,17.4531,2360.63,20.926,13.2753,2364.48,20.926,-19.8525,2356.98,20.926,-20.9906,2350.9,20.926,-26.5423,2358.23,20.926,-29.2537,2355.1,20.926,-32.9533,2363.1,20.926,-27.3057,2362.97,20.926,-16.1377,2305.66,20.926,-22.4345,2311.98,20.926,-11.9345,2305.73,20.926,-16.8679,2300.42,20.926,-9.96204,2300.21,20.926,4.33722,2308,20.926,-1.40164,2305.8,20.926,3.28547,2300.63,20.926,10.4235,2301.56,20.926,-2.66013,2340.91,20.648,-16.2155,2349.84,20.648,-1.56892,2350.29,20.648,-21.729,2339.6,20.648,-16.199,2363.65,20.648,-0.358686,2365.6,20.648,-2.69912,2369.74,20.648,-16.138,2371.95,20.648,-12.4795,2378.67,20.648,-3.74161,2378.25,20.648,-22.1005,2325.96,20.648,0.761288,2324.66,20.648,6.30742,2309.71,20.648,-6.94507,2310.25,20.648,3.46811,2356.37,20.648,2.44823,2349.83,20.648,12.0351,2353.44,20.648,9.08733,2357.74,20.648,13.2753,2364.48,20.648,17.4531,2360.63,20.648,-20.9906,2350.9,20.648,-19.8525,2356.98,20.648,-26.5423,2358.23,20.648,-29.2537,2355.1,20.648,-32.9533,2363.1,20.648,-27.3057,2362.97,20.648,-16.1377,2305.66,20.648,-11.9345,2305.73,20.648,-22.4345,2311.98,20.648,-9.96204,2300.21,20.648,-16.8679,2300.42,20.648,4.33722,2308,20.648,-1.40164,2305.8,20.648,3.28547,2300.63,20.648,10.4235,2301.56,20.648]},"normal":{"type":"float32","components":3,"data":[4.06476e-08,-1.70958e-08,1,4.58315e-08,-1.43584e-07,1,4.67492e-08,-1.78976e-08,1,4.51411e-08,-1.72033e-07,1,4.78066e-08,2.36721e-08,1,5.08895e-08,2.12831e-08,1,5.09479e-08,-6.05844e-09,1,4.99862e-08,-2.74705e-08,1,4.49648e-08,-1.39283e-07,1,4.49648e-08,-1.39283e-07,1,4.29215e-08,-1.35634e-07,1,4.29642e-08,-1.06849e-07,1,4.57242e-08,2.41484e-08,1,4.16143e-08,-1.10592e-08,1,3.35828e-08,-7.32225e-09,1,3.41194e-08,-7.63944e-09,1,2.01981e-08,-5.28665e-09,1,1.998e-08,-5.4311e-09,1,1.51996e-08,-8.59738e-09,1,1.51996e-08,-8.59738e-09,1,2.62696e-08,8.6699e-09,1,2.87659e-08,1.0187e-08,1,5.9997e-08,7.58062e-09,1,5.83541e-08,8.88374e-09,1,7.42686e-08,-3.73957e-09,1,7.42686e-08,-3.73957e-09,1,5.52037e-08,9.49476e-08,1,4.787e-08,4.15866e-08,1,5.50152e-08,9.22099e-08,1,4.74868e-08,-1.71304e-08,1,4.74868e-08,-1.71304e-08,1,4.07026e-08,-1.1454e-08,1,4.05811e-08,-1.1726e-08,1,4.21421e-08,-8.23053e-09,1,4.21421e-08,-8.23052e-09,1,-4.53432e-08,1.4315e-07,-1,-4.07587e-08,1.70243e-08,-1,-4.61676e-08,1.77203e-08,-1,-4.46153e-08,1.71679e-07,-1,-4.81139e-08,-2.31171e-08,-1,-5.08388e-08,-2.08394e-08,-1,-5.0861e-08,6.5881e-09,-1,-4.9848e-08,2.79102e-08,-1,-4.45576e-08,1.39253e-07,-1,-4.45576e-08,1.39253e-07,-1,-4.2538e-08,1.35659e-07,-1,-4.25146e-08,1.07124e-07,-1,-4.14463e-08,1.13841e-08,-1,-4.55537e-08,-2.39741e-08,-1,-3.23503e-08,7.33357e-09,-1,-3.2835e-08,7.63399e-09,-1,-2.09496e-08,5.51545e-09,-1,-2.07847e-08,5.65738e-09,-1,-1.71696e-08,8.76808e-09,-1,-1.71696e-08,8.76806e-09,-1,-2.90978e-08,-1.0248e-08,-1,-2.66217e-08,-8.61614e-09,-1,-6.06973e-08,-8.30672e-09,-1,-5.90016e-08,-9.6165e-09,-1,-7.54282e-08,3.0714e-09,-1,-7.54282e-08,3.07141e-09,-1,-5.52916e-08,-9.53116e-08,-1,-5.51098e-08,-9.25715e-08,-1,-4.78875e-08,-4.18284e-08,-1,-4.78493e-08,1.68611e-08,-1,-4.78493e-08,1.68611e-08,-1,-4.09808e-08,1.11121e-08,-1,-4.08355e-08,1.14246e-08,-1,-4.27022e-08,7.40862e-09,-1,-4.27022e-08,7.40863e-09,-1]},"blendIndices":{"type":"uint8","components":4,"data":[0,5,2,4,6,3,2,1,1,2,3,0,6,5,0,3,0,7,1,0,1,7,2,0,7,1,0,2,7,0,1,2,7,0,1,2,7,1,0,2,8,3,0,0,9,3,8,0,8,0,0,0,9,10,0,0,1,2,7,0,1,2,3,0,1,2,11,0,1,2,11,0,1,2,11,0,1,2,11,0,0,4,12,7,0,4,12,5,0,4,12,0,0,4,12,0,0,4,12,0,0,4,12,0,6,8,0,0,6,8,0,0,6,8,0,0,6,8,0,0,6,8,0,0,9,10,13,0,9,10,13,8,9,10,13,0,9,10,13,0,6,3,5,0,0,5,3,4,1,3,0,11,6,5,3,0,0,7,1,12,1,7,0,3,7,1,0,3,7,0,1,12,7,0,1,3,7,1,0,3,8,3,0,0,9,3,0,0,9,10,3,0,8,3,0,0,1,2,3,11,1,2,3,11,1,2,11,3,1,2,11,3,1,2,11,3,1,2,11,3,0,4,12,5,0,4,12,5,0,4,12,0,0,4,12,0,0,4,12,0,0,4,12,0,6,8,3,0,6,8,3,0,6,8,3,0,6,8,3,0,6,8,3,0,9,10,13,3,9,10,13,0,9,10,13,3,9,10,13,3]},"blendWeight":{"type":"float32","components":4,"data":[0.790025,0.114003,0.0518286,0.0441441,0.525356,0.458066,0.0109838,0.00559376,0.636744,0.298255,0.0535982,0.0114029,0.536473,0.353535,0.0692835,0.0407082,0.481991,0.481991,0.0360174,0,0.452766,0.452766,0.0745441,0.0199232,0.653477,0.228979,0.0592878,0.0582567,0.708309,0.222506,0.0678119,0.00137291,0.772123,0.138018,0.0842843,0.00557536,0.759582,0.134075,0.0756433,0.0306996,0.951621,0.0334677,0.0149118,0,0.860227,0.127899,0.0118743,0,1,0,0,0,0.5,0.5,0,0,0.497169,0.497169,0.00566211,0,0.490728,0.490728,0.0185448,0,0.333333,0.333333,0.333333,0,0.333333,0.333333,0.333333,0,0.333333,0.333333,0.333333,0,0.333333,0.333333,0.333333,0,0.478011,0.478011,0.0415421,0.00243569,0.489591,0.489591,0.0183946,0.00242315,0.333333,0.333333,0.333333,0,0.333333,0.333333,0.333333,0,0.333333,0.333333,0.333333,0,0.333333,0.333333,0.333333,0,0.5,0.5,0,0,0.5,0.5,0,0,0.5,0.5,0,0,0.5,0.5,0,0,0.5,0.5,0,0,0.333333,0.333333,0.333333,0,0.330744,0.330744,0.330744,0.00776939,0.333333,0.333333,0.333333,0,0.333333,0.333333,0.333333,0,0.527184,0.471909,0.000907277,0,0.63261,0.179728,0.112439,0.0752223,0.606012,0.304453,0.051011,0.0385236,0.53549,0.370582,0.0645078,0.0294203,0.456098,0.456098,0.0557627,0.0320418,0.466552,0.466552,0.0350839,0.0318121,0.573453,0.312665,0.0828959,0.0309859,0.615145,0.234216,0.127186,0.0234535,0.697233,0.157845,0.142475,0.00244643,0.692929,0.201634,0.0968412,0.0085951,0.862859,0.122122,0.0150189,0,0.853428,0.146572,0,0,0.49486,0.49486,0.0102803,0,0.926657,0.0733432,0,0,0.422209,0.422209,0.0976554,0.0579271,0.394196,0.394196,0.167282,0.0443264,0.314093,0.314093,0.314093,0.0577199,0.314972,0.314972,0.314972,0.0550848,0.326394,0.326394,0.326394,0.0208176,0.326523,0.326523,0.326523,0.0204304,0.465006,0.465006,0.0395325,0.0304565,0.432184,0.432184,0.0987459,0.0368867,0.333333,0.333333,0.333333,0,0.333333,0.333333,0.333333,0,0.333333,0.333333,0.333333,0,0.333333,0.333333,0.333333,0,0.476681,0.476681,0.0466376,0,0.478503,0.478503,0.0429944,0,0.473269,0.473269,0.0534614,0,0.478036,0.478036,0.0439282,0,0.477255,0.477255,0.0454906,0,0.331795,0.331795,0.331795,0.00461601,0.333333,0.333333,0.333333,0,0.332917,0.332917,0.332917,0.00124838,0.332625,0.332625,0.332625,0.00212474]},"texCoord0":{"type":"float32","components":2,"data":[0.685295,0.453916,0.745734,0.414159,0.7506,0.455921,0.660712,0.408334,0.685369,0.515411,0.755996,0.524115,0.745561,0.542533,0.685641,0.552366,0.701953,0.582322,0.740913,0.580435,0.659056,0.347574,0.760989,0.341811,0.726629,0.277602,0.785718,0.275221,0.773058,0.483003,0.768511,0.453872,0.811256,0.469965,0.798113,0.489094,0.835413,0.501982,0.816786,0.519112,0.669079,0.485727,0.664004,0.458664,0.639251,0.491282,0.627162,0.477349,0.610667,0.512956,0.635847,0.512407,0.685642,0.257181,0.657567,0.285319,0.704383,0.257507,0.682386,0.233841,0.713177,0.232897,0.776933,0.267586,0.751346,0.257823,0.772244,0.23477,0.80407,0.238925,0.745734,0.414159,0.685295,0.453916,0.7506,0.455921,0.660712,0.408334,0.685369,0.515411,0.755996,0.524115,0.745561,0.542533,0.685641,0.552366,0.701953,0.582322,0.740913,0.580435,0.659056,0.347574,0.760989,0.341811,0.785718,0.275221,0.726629,0.277602,0.773058,0.483003,0.768511,0.453872,0.811256,0.469965,0.798113,0.489094,0.816786,0.519112,0.835413,0.501982,0.664004,0.458664,0.669079,0.485727,0.639251,0.491282,0.627162,0.477349,0.610667,0.512956,0.635847,0.512407,0.685642,0.257181,0.704383,0.257507,0.657567,0.285319,0.713177,0.232897,0.682386,0.233841,0.776933,0.267586,0.751346,0.257823,0.772244,0.23477,0.80407,0.238925]}},{"position":{"type":"float32","components":3,"data":[4.75969,2337.13,17.5231,22.987,2337.13,12.441,2.37901,2337.13,12.4836,22.1866,2337.13,19.7901,2.03132,2337.13,4.13893,25.9789,2337.13,1.38362,8.70198,2337.13,-2.78291,23.1484,2337.13,-2.33717,18.8801,2337.13,-12.7713,25.1422,2337.13,-12.578,22.4551,2337.13,36.1275,-2.91533,2337.13,20.7349,10.1934,2337.13,51.1831,23.747,2337.13,51.2292,19.0089,2337.13,-24.037,12.5744,2337.13,-30.7434,13.2319,2337.13,-21.6128,6.79733,2337.13,-28.3192,25.0809,2337.13,-17.965,19.3039,2337.13,-15.5408,-1.43672,2337.13,8.59477,-3.36688,2337.13,12.9745,-5.09877,2337.13,5.29768,-10.4381,2337.13,7.11533,5.59592,2337.13,49.2613,-16.3567,2337.13,28.3089,-0.686699,2337.13,47.3696,-3.40993,2337.13,53.4985,1.60656,2337.13,57.3868,21.3221,2337.13,57.4479,12.0266,2337.13,57.4626,10.6958,2337.13,-13.0238,4.75969,2336.84,17.5231,22.987,2336.84,12.441,22.1866,2336.84,19.7901,2.37901,2336.84,12.4836,2.03132,2336.84,4.13893,25.9789,2336.84,1.38362,8.70198,2336.84,-2.78291,23.1484,2336.84,-2.33717,18.8801,2336.84,-12.7713,25.1422,2336.84,-12.578,22.4551,2336.84,36.1275,-2.91533,2336.84,20.7349,10.1934,2336.84,51.1831,23.747,2336.84,51.2292,12.5744,2336.84,-30.7434,13.2319,2336.84,-21.6128,6.79733,2336.84,-28.3192,19.0089,2336.84,-24.037,19.3039,2336.84,-15.5408,25.0809,2336.84,-17.965,-1.43672,2336.84,8.59477,-3.36688,2336.84,12.9745,-5.09877,2336.84,5.29768,-10.4381,2336.84,7.11533,-16.3567,2336.84,28.3089,5.59592,2336.84,49.2613,-0.686699,2336.84,47.3696,-3.40993,2336.84,53.4985,1.60656,2336.84,57.3868,21.3221,2336.84,57.4479,12.0266,2336.84,57.4626,10.6958,2336.84,-13.0238]},"normal":{"type":"float32","components":3,"data":[-5.28317e-08,1,2.97088e-07,1.28253e-08,1,1.33116e-07,1.84827e-09,1,1.21517e-07,-4.99179e-08,1,2.90445e-07,5.44122e-09,1,1.01077e-07,1.1808e-08,1,8.81155e-08,1.605e-08,1,8.32329e-08,1.68239e-08,1,8.82367e-08,2.51319e-08,1,1.38015e-07,2.54109e-08,1,1.37269e-07,-2.5468e-08,1,2.20985e-07,-2.81456e-08,1,2.22637e-07,2.2485e-08,1,1.14826e-07,9.75258e-09,1,1.32004e-07,1.90614e-08,1,1.15594e-07,1.9204e-08,1,1.15933e-07,1.91168e-08,1,1.15726e-07,1.9204e-08,1,1.15933e-07,2.25228e-08,1,1.2546e-07,2.26596e-08,1,1.25849e-07,-7.38412e-11,1,1.0362e-07,6.37893e-09,1,1.03822e-07,2.55402e-08,1,1.0442e-07,2.55402e-08,1,1.0442e-07,1.24273e-07,1,-1.66966e-08,2.64825e-08,1,1.07439e-07,1.10678e-07,1,2.31061e-09,1.2142e-08,1,1.40077e-07,1.2142e-08,1,1.40077e-07,7.27607e-09,1,1.34703e-07,7.27606e-09,1,1.34703e-07,2.47011e-08,1,1.39168e-07,5.32422e-08,-1,-2.96912e-07,-1.2548e-08,-1,-1.32249e-07,5.03201e-08,-1,-2.90205e-07,-1.88201e-09,-1,-1.2126e-07,-5.45772e-09,-1,-1.01292e-07,-1.17554e-08,-1,-8.83768e-08,-1.63917e-08,-1,-8.35607e-08,-1.68914e-08,-1,-8.86373e-08,-2.48749e-08,-1,-1.38202e-07,-2.45413e-08,-1,-1.38021e-07,2.55997e-08,-1,-2.21217e-07,2.79603e-08,-1,-2.22638e-07,-2.27507e-08,-1,-1.14797e-07,-1.01522e-08,-1,-1.31906e-07,-1.97774e-08,-1,-1.15935e-07,-1.95119e-08,-1,-1.15302e-07,-1.97774e-08,-1,-1.15935e-07,-1.93433e-08,-1,-1.14901e-07,-2.25515e-08,-1,-1.25834e-07,-2.24225e-08,-1,-1.25405e-07,-2.10449e-10,-1,-1.04505e-07,-6.55415e-09,-1,-1.04773e-07,-2.53915e-08,-1,-1.05569e-07,-2.53915e-08,-1,-1.05569e-07,-2.69454e-08,-1,-1.07111e-07,-1.2333e-07,-1,1.57934e-08,-1.09841e-07,-1,-3.05024e-09,-1.20688e-08,-1,-1.39631e-07,-1.20688e-08,-1,-1.39631e-07,-8.08781e-09,-1,-1.34631e-07,-8.08781e-09,-1,-1.34631e-07,-2.51878e-08,-1,-1.38589e-07]},"blendIndices":{"type":"uint8","components":4,"data":[0,3,4,5,0,1,0,0,0,1,2,0,0,3,4,5,1,2,0,0,1,0,0,0,1,6,0,0,1,6,7,0,6,7,0,0,7,0,0,0,3,4,5,10,3,4,5,10,3,4,5,10,3,4,5,10,8,9,0,0,8,9,0,0,8,9,0,0,8,9,0,0,7,8,0,0,7,8,0,0,2,13,0,0,2,13,0,0,2,13,0,0,2,13,0,0,3,4,14,0,3,4,11,0,3,4,14,0,14,0,0,0,14,0,0,0,12,0,0,0,12,0,0,0,6,0,0,0,0,3,4,5,0,1,5,0,0,3,4,5,0,1,2,0,1,2,0,0,1,5,0,0,1,6,0,0,1,6,7,5,6,7,0,0,7,0,0,0,3,4,5,10,3,4,5,10,3,4,5,10,3,4,5,10,8,9,0,0,8,9,0,0,8,9,0,0,8,9,0,0,7,8,0,0,7,8,0,0,2,13,0,0,2,13,0,0,2,13,0,0,2,13,0,0,3,4,11,0,3,4,14,0,3,4,14,0,14,0,0,0,14,0,0,0,12,0,0,0,12,0,0,0,6,0,0,0]},"blendWeight":{"type":"float32","components":4,"data":[0.25,0.25,0.25,0.25,0.5,0.5,0,0,0.333333,0.333333,0.333333,0,0.25,0.25,0.25,0.25,0.5,0.5,0,0,1,0,0,0,0.5,0.5,0,0,0.333333,0.333333,0.333333,0,0.5,0.5,0,0,1,0,0,0,0.25,0.25,0.25,0.25,0.25,0.25,0.25,0.25,0.25,0.25,0.25,0.25,0.25,0.25,0.25,0.25,0.5,0.5,0,0,0.5,0.5,0,0,0.5,0.5,0,0,0.5,0.5,0,0,0.5,0.5,0,0,0.5,0.5,0,0,0.5,0.5,0,0,0.5,0.5,0,0,0.5,0.5,0,0,0.5,0.5,0,0,0.333333,0.333333,0.333333,0,0.333333,0.333333,0.333333,0,0.333333,0.333333,0.333333,0,1,0,0,0,1,0,0,0,1,0,0,0,1,0,0,0,1,0,0,0,0.25,0.25,0.25,0.25,0.454513,0.454513,0.0909737,0,0.25,0.25,0.25,0.25,0.333333,0.333333,0.333333,0,0.5,0.5,0,0,0.933332,0.0666675,0,0,0.5,0.5,0,0,0.331813,0.331813,0.331813,0.00456205,0.5,0.5,0,0,1,0,0,0,0.25,0.25,0.25,0.25,0.25,0.25,0.25,0.25,0.25,0.25,0.25,0.25,0.25,0.25,0.25,0.25,0.5,0.5,0,0,0.5,0.5,0,0,0.5,0.5,0,0,0.5,0.5,0,0,0.5,0.5,0,0,0.5,0.5,0,0,0.5,0.5,0,0,0.5,0.5,0,0,0.5,0.5,0,0,0.5,0.5,0,0,0.333333,0.333333,0.333333,0,0.333333,0.333333,0.333333,0,0.333333,0.333333,0.333333,0,1,0,0,0,1,0,0,0,1,0,0,0,1,0,0,0,1,0,0,0]},"texCoord0":{"type":"float32","components":2,"data":[0.881971,0.363517,0.972012,0.388592,0.870211,0.388382,0.968058,0.352332,0.868493,0.429554,0.986792,0.443148,0.901446,0.463705,0.97281,0.461506,0.951725,0.512987,0.982659,0.512034,0.969385,0.271724,0.844057,0.34767,0.908813,0.197441,0.975767,0.197214,0.952361,0.568571,0.920575,0.60166,0.923823,0.556611,0.892037,0.589699,0.982356,0.538612,0.953818,0.526652,0.851361,0.407569,0.841826,0.38596,0.833271,0.423836,0.806895,0.414868,0.886102,0.206923,0.777658,0.310301,0.855066,0.216257,0.841614,0.186017,0.866395,0.166833,0.963788,0.166531,0.917869,0.166459,0.911295,0.514233,0.881971,0.363517,0.972012,0.388592,0.968058,0.352332,0.870211,0.388382,0.868493,0.429554,0.986792,0.443148,0.901446,0.463705,0.97281,0.461506,0.951725,0.512987,0.982659,0.512034,0.969385,0.271724,0.844057,0.34767,0.908813,0.197441,0.975767,0.197214,0.920575,0.60166,0.923823,0.556611,0.892037,0.589699,0.952361,0.568571,0.953818,0.526652,0.982356,0.538612,0.851361,0.407569,0.841826,0.38596,0.833271,0.423836,0.806895,0.414868,0.777658,0.310301,0.886102,0.206923,0.855066,0.216257,0.841614,0.186017,0.866395,0.166833,0.963788,0.166531,0.917869,0.166459,0.911295,0.514233]}},{"position":{"type":"float32","components":3,"data":[72.2605,2339.9,16.431,60.2514,2339.9,11.2071,52.291,2339.9,22.022,78.7847,2339.9,30.1864,76.006,2339.9,2.92094,54.8,2339.9,3.58375,58.9563,2339.9,-3.44299,74.2268,2339.9,-3.05261,75.0721,2339.9,-14.8449,70.8358,2339.9,-8.69101,69.3783,2339.9,-14.3294,53.991,2339.9,47.9049,81.5841,2339.9,53.7598,60.8814,2339.9,50.7443,76.432,2339.9,54.0264,59.0918,2339.9,-24.6449,62.2589,2339.9,-15.9974,64.3996,2339.9,-21.2158,55.7846,2339.9,-12.7565,61.7816,2339.9,-11.0668,63.0482,2339.9,-27.9219,67.8548,2339.9,-24.0767,61.7237,2339.9,60.9182,74.529,2339.9,60.8192,78.7847,2339.67,30.1864,52.291,2339.67,22.022,72.2605,2339.67,16.431,60.2514,2339.67,11.2071,76.006,2339.67,2.92094,54.8,2339.67,3.58375,58.9563,2339.67,-3.44299,74.2268,2339.67,-3.05261,75.0721,2339.67,-14.8449,70.8358,2339.67,-8.69101,69.3783,2339.67,-14.3294,53.991,2339.67,47.9049,81.5841,2339.67,53.7598,60.8814,2339.67,50.7443,76.432,2339.67,54.0264,59.0918,2339.67,-24.6449,62.2589,2339.67,-15.9974,55.7846,2339.67,-12.7565,64.3996,2339.67,-21.2158,61.7816,2339.67,-11.0668,63.0482,2339.67,-27.9219,67.8548,2339.67,-24.0767,61.7237,2339.67,60.9182,74.529,2339.67,60.8192]},"normal":{"type":"float32","components":3,"data":[1.55665e-08,1,1.33873e-07,1.78034e-08,1,1.28475e-07,-7.62156e-09,1,2.09484e-07,-1.59414e-08,1,2.37979e-07,1.97885e-08,1,8.76553e-08,1.97984e-08,1,8.77971e-08,2.92643e-09,1,9.22934e-08,2.21208e-08,1,9.53516e-08,2.03613e-08,1,1.36646e-07,2.76531e-08,1,1.3899e-07,2.29109e-08,1,1.37219e-07,-2.376e-08,1,2.62854e-07,-2.02594e-08,1,2.49086e-07,1.19128e-08,1,1.19644e-07,1.15854e-08,1,1.20536e-07,-4.92725e-08,1,1.03897e-07,-4.25133e-08,1,1.15043e-07,-2.96046e-08,1,1.13374e-07,-8.1181e-08,1,1.08246e-07,-2.41964e-08,1,1.26543e-07,-3.10563e-08,1,1.05658e-07,-7.88195e-09,1,1.20832e-07,6.36002e-09,1,1.34757e-07,6.36002e-09,1,1.34757e-07,1.57081e-08,-1,-2.37805e-07,7.43444e-09,-1,-2.09609e-07,-1.57611e-08,-1,-1.33929e-07,-1.80666e-08,-1,-1.28074e-07,-2.00071e-08,-1,-8.75648e-08,-2.00178e-08,-1,-8.77013e-08,-3.03317e-09,-1,-9.29221e-08,-2.23288e-08,-1,-9.59339e-08,-2.02939e-08,-1,-1.36398e-07,-2.8148e-08,-1,-1.38893e-07,-2.36645e-08,-1,-1.3688e-07,2.36382e-08,-1,-2.63075e-07,2.03017e-08,-1,-2.50066e-07,-1.06615e-08,-1,-1.25383e-07,-1.03901e-08,-1,-1.25901e-07,4.88375e-08,-1,-1.03256e-07,4.20245e-08,-1,-1.14404e-07,8.17929e-08,-1,-1.07977e-07,2.92085e-08,-1,-1.12861e-07,2.3911e-08,-1,-1.26524e-07,3.04353e-08,-1,-1.05419e-07,7.43352e-09,-1,-1.2058e-07,-6.0594e-09,-1,-1.34173e-07,-6.0594e-09,-1,-1.34173e-07]},"blendIndices":{"type":"uint8","components":4,"data":[4,0,3,1,0,3,5,4,3,4,0,0,4,2,3,6,1,7,4,0,5,0,3,4,5,1,0,0,1,7,4,5,9,1,0,0,1,9,0,0,9,1,8,5,2,6,3,4,2,4,6,3,2,6,3,4,2,4,6,3,8,9,5,0,8,9,5,1,9,8,5,0,5,8,0,0,5,8,9,1,8,9,5,0,9,8,0,0,2,6,4,3,2,4,6,3,4,2,3,6,3,0,4,0,4,0,3,1,0,3,5,4,1,7,4,0,5,0,3,4,5,1,0,0,1,7,4,5,9,1,0,0,1,0,0,0,9,1,8,0,2,6,3,4,2,4,6,3,2,6,3,4,2,4,6,3,8,9,5,0,8,9,5,1,5,8,0,0,9,8,5,0,5,8,9,1,8,9,0,0,9,8,0,0,2,6,4,3,2,4,6,3]},"blendWeight":{"type":"float32","components":4,"data":[0.810859,0.0674294,0.0632838,0.0584277,0.535242,0.167282,0.1555,0.141976,0.926131,0.037197,0.0366722,0,0.72294,0.163172,0.0843082,0.0295796,0.601523,0.175971,0.163065,0.0594399,0.591999,0.259755,0.0810895,0.0671569,0.814903,0.110024,0.0750729,0,0.867463,0.0525756,0.048756,0.0312052,0.535504,0.464496,0,0,0.981875,0.0181248,0,0,0.72339,0.258638,0.0144014,0.00357048,0.421573,0.309566,0.168733,0.100129,0.64261,0.216806,0.0802503,0.060334,0.50491,0.247533,0.137526,0.11003,0.638665,0.190545,0.101668,0.0691225,0.613692,0.343923,0.0423851,0,0.431092,0.292803,0.248495,0.02761,0.810138,0.149661,0.0402003,0,0.50871,0.49129,0,0,0.619953,0.171839,0.126243,0.0819648,0.530511,0.462874,0.00661502,0,0.873558,0.126442,0,0,0.706413,0.131941,0.0859657,0.0756799,0.700406,0.140803,0.0966086,0.0621825,0.736743,0.160495,0.0784633,0.0242986,0.952639,0.0256041,0.0217567,0,0.83409,0.0622532,0.0547009,0.048956,0.56286,0.155385,0.149176,0.13258,0.60033,0.181939,0.159449,0.0582823,0.604639,0.262842,0.0724753,0.0600445,0.840148,0.0927154,0.0671363,0,0.886905,0.0497452,0.0401188,0.0232312,0.539147,0.460853,0,0,1,0,0,0,0.780187,0.219027,0.00078536,0,0.431559,0.312057,0.163098,0.0932859,0.659488,0.21212,0.0743069,0.0540851,0.519864,0.246168,0.131018,0.102949,0.656023,0.184994,0.0961725,0.0628104,0.6587,0.318032,0.0232679,0,0.472844,0.277729,0.24523,0.00419727,0.505093,0.494907,0,0,0.861517,0.123721,0.0147618,0,0.66663,0.162068,0.105462,0.0658404,0.561688,0.438312,0,0,0.89706,0.10294,0,0,0.72942,0.124512,0.0777385,0.0683298,0.721205,0.133283,0.0899546,0.0555577]},"texCoord0":{"type":"float32","components":2,"data":[0.939033,0.796155,0.887465,0.81856,0.853283,0.772177,0.967048,0.737161,0.955116,0.854098,0.864057,0.851255,0.881904,0.881391,0.947476,0.879717,0.951106,0.930292,0.932915,0.903899,0.926657,0.928081,0.860583,0.66117,0.979068,0.636059,0.89017,0.648992,0.956945,0.634916,0.882486,0.972322,0.896085,0.935235,0.905278,0.957615,0.868284,0.921335,0.894036,0.914088,0.899475,0.986377,0.920115,0.969886,0.893787,0.605358,0.948774,0.605783,0.967048,0.737161,0.853283,0.772177,0.939033,0.796155,0.887465,0.81856,0.955116,0.854098,0.864057,0.851255,0.881904,0.881391,0.947476,0.879717,0.951106,0.930292,0.932915,0.903899,0.926657,0.928081,0.860583,0.66117,0.979068,0.636059,0.89017,0.648992,0.956945,0.634916,0.882486,0.972322,0.896085,0.935235,0.868284,0.921335,0.905278,0.957615,0.894036,0.914088,0.899475,0.986377,0.920115,0.969886,0.893787,0.605358,0.948774,0.605783]}}],"meshes":[{"aabb":{"min":[292.607,73.7634,-7.70751],"max":[444.536,73.9537,108.451]},"vertices":0,"skin":0,"indices":[0,1,2,1,0,3,0,4,3,4,0,5,3,4,6,3,6,7,6,8,7,7,8,9,10,11,2,2,1,10,11,12,13,1,14,10,14,1,15,15,16,14,16,15,17,18,4,19,4,5,19,20,21,22,21,20,23,24,13,25,13,24,11,13,26,25,26,13,27,28,26,27,26,28,29,30,29,28,31,29,30,19,32,18,33,18,32,21,12,10,21,10,22,12,11,10,34,35,36,35,34,37,38,34,36,34,38,39,36,40,38,40,36,41,42,41,43,41,42,40,44,45,37,35,37,45,44,46,47,35,48,49,48,35,45,50,49,48,49,50,51,52,39,38,52,38,53,54,55,56,55,54,57,46,58,59,58,46,44,60,46,59,46,60,61,62,60,63,60,62,61,63,64,65,63,65,62,66,52,53,66,53,67,47,55,45,55,57,45,47,45,44],"type":"triangles","base":0,"count":192},{"aabb":{"min":[196.66,2345.11,-6.47444],"max":[233.945,2345.5,65.8824]},"vertices":1,"skin":1,"indices":[0,1,2,1,0,3,4,5,0,0,2,4,4,6,5,6,4,7,8,9,6,8,6,7,8,10,9,10,8,11,12,4,13,4,12,7,13,14,12,14,13,15,16,15,17,15,16,14,18,19,5,5,6,18,18,20,19,20,18,21,22,20,23,23,20,21,24,25,26,25,24,27,24,28,27,28,24,29,3,25,1,25,3,26,30,31,32,31,30,33,32,31,34,31,35,34,34,36,37,36,34,35,38,39,36,36,39,37,40,39,38,39,40,41,34,42,43,42,34,37,44,43,42,43,44,45,46,45,44,45,46,47,36,35,48,35,49,48,50,48,49,48,50,51,51,50,52,50,53,52,54,55,56,55,54,57,58,55,57,55,58,59,54,33,30,33,54,56],"type":"triangles","base":0,"count":168},{"aabb":{"min":[-15.0714,2342.71,-22.0402],"max":[33.5012,2343.11,63.8266]},"vertices":2,"skin":2,"indices":[0,1,2,2,1,3,0,2,4,0,4,5,6,7,5,6,5,4,7,6,8,7,8,9,10,3,1,10,11,3,11,10,12,11,12,13,14,2,15,2,14,4,16,14,17,14,15,17,17,18,16,16,18,19,20,0,5,21,0,20,20,22,21,22,20,23,23,24,22,24,23,25,12,26,27,12,27,28,12,10,26,27,29,28,29,27,30,29,31,28,31,29,32,33,13,12,13,33,34,35,36,37,36,35,38,39,40,38,36,38,40,41,42,39,39,42,40,43,41,44,42,41,43,45,46,37,37,46,35,47,45,48,46,45,47,49,36,40,36,49,50,51,50,49,51,49,52,53,52,54,53,51,52,38,55,39,55,38,56,55,57,58,57,55,56,58,59,60,59,58,57,61,47,62,63,47,61,47,63,46,61,64,65,64,61,62,64,66,67,66,64,62,68,48,69,48,68,47],"type":"triangles","base":0,"count":198},{"aabb":{"min":[-32.9533,2300.21,20.648],"max":[17.4531,2378.67,20.926]},"vertices":3,"skin":3,"indices":[0,1,2,1,0,3,4,2,5,2,4,0,6,7,4,4,5,6,6,8,7,8,6,9,10,1,3,1,10,11,12,11,10,11,12,13,2,14,5,14,2,15,15,16,14,14,16,17,18,17,16,17,18,19,0,4,20,0,20,21,22,21,20,21,22,23,22,24,23,24,22,25,26,12,27,12,26,28,12,10,27,29,28,26,28,29,30,12,31,13,31,12,32,33,31,32,33,34,31,35,36,37,36,35,38,37,39,40,39,37,36,40,39,41,39,42,41,41,43,44,43,41,42,45,35,46,35,45,38,47,48,46,45,46,48,37,49,50,49,37,40,51,49,52,51,50,49,52,53,54,52,54,51,55,56,36,39,36,56,57,55,58,55,57,56,59,57,58,57,59,60,61,48,62,63,48,61,48,63,45,64,65,62,62,65,61,66,48,47,48,66,67,67,66,68,66,69,68],"type":"triangles","base":0,"count":198},{"aabb":{"min":[-16.3567,2336.84,-30.7434],"max":[25.9789,2337.13,57.4626]},"vertices":4,"skin":4,"indices":[0,1,2,1,0,3,4,1,5,1,4,2,5,6,4,6,5,7,8,7,9,10,0,11,0,10,3,11,12,10,10,12,13,14,15,16,17,16,15,18,14,19,16,19,14,2,4,20,2,20,21,22,21,20,23,21,22,19,9,18,9,19,8,24,25,26,12,25,24,12,11,25,26,27,24,28,24,27,12,29,13,29,12,30,31,6,8,6,7,8,32,33,34,33,32,35,33,36,37,36,33,35,38,37,36,37,38,39,40,41,39,42,32,34,32,42,43,44,42,45,42,44,43,46,47,48,46,49,47,49,50,47,49,51,50,36,35,52,35,53,52,54,53,55,53,54,52,41,50,51,50,41,40,56,57,58,56,44,57,44,56,43,57,59,58,59,57,60,61,44,45,44,61,62,39,38,40,38,63,40],"type":"triangles","base":0,"count":180},{"aabb":{"min":[52.291,2339.67,-27.9219],"max":[81.5841,2339.9,60.9182]},"vertices":5,"skin":5,"indices":[0,1,2,0,2,3,4,5,1,4,1,0,4,6,5,6,4,7,8,9,7,9,8,10,2,11,3,3,11,12,13,12,11,12,13,14,15,16,17,16,15,18,18,6,19,19,16,18,20,17,21,17,20,15,8,21,10,10,21,17,9,19,6,6,7,9,22,14,13,14,22,23,10,16,19,19,9,10,24,25,26,26,25,27,26,27,28,27,29,28,28,30,31,30,28,29,32,33,34,33,32,31,35,24,36,24,35,25,37,36,38,35,36,37,39,40,41,40,39,42,43,41,40,41,43,30,44,42,39,42,44,45,45,32,34,45,34,42,31,30,33,30,43,33,46,38,47,38,46,37,33,43,34,43,40,34],"type":"triangles","base":0,"count":156}],"meshInstances":[{"node":1,"mesh":0},{"node":19,"mesh":1},{"node":20,"mesh":2},{"node":21,"mesh":3},{"node":22,"mesh":4},{"node":23,"mesh":5}]}}