{"frames": [

{
	"filename": "ban",
	"frame": {"x":1,"y":483,"w":464,"h":262},
	"rotated": false,
	"trimmed": false,
	"spriteSourceSize": {"x":0,"y":0,"w":464,"h":262},
	"sourceSize": {"w":464,"h":262}
},
{
	"filename": "banh_before",
	"frame": {"x":670,"y":829,"w":207,"h":163},
	"rotated": false,
	"trimmed": false,
	"spriteSourceSize": {"x":0,"y":0,"w":207,"h":163},
	"sourceSize": {"w":207,"h":163}
},
{
	"filename": "banh_bi_mat_1_phan",
	"frame": {"x":670,"y":993,"w":202,"h":164},
	"rotated": false,
	"trimmed": false,
	"spriteSourceSize": {"x":0,"y":0,"w":202,"h":164},
	"sourceSize": {"w":202,"h":164}
},
{
	"filename": "bg",
	"frame": {"x":892,"y":1,"w":87,"h":1216},
	"rotated": false,
	"trimmed": false,
	"spriteSourceSize": {"x":0,"y":0,"w":87,"h":1216},
	"sourceSize": {"w":87,"h":1216}
},
{
	"filename": "cua_so",
	"frame": {"x":447,"y":829,"w":222,"h":264},
	"rotated": false,
	"trimmed": false,
	"spriteSourceSize": {"x":0,"y":0,"w":222,"h":264},
	"sourceSize": {"w":222,"h":264}
},
{
	"filename": "cua_so_ben_ngoai",
	"frame": {"x":1,"y":746,"w":445,"h":264},
	"rotated": false,
	"trimmed": false,
	"spriteSourceSize": {"x":0,"y":0,"w":445,"h":264},
	"sourceSize": {"w":445,"h":264}
},
{
	"filename": "diem_neo_den",
	"frame": {"x":805,"y":483,"w":71,"h":168},
	"rotated": false,
	"trimmed": true,
	"spriteSourceSize": {"x":7,"y":7,"w":71,"h":168},
	"sourceSize": {"w":85,"h":182}
},
{
	"filename": "diem_neo_den_hot",
	"frame": {"x":719,"y":483,"w":85,"h":182},
	"rotated": false,
	"trimmed": false,
	"spriteSourceSize": {"x":0,"y":0,"w":85,"h":182},
	"sourceSize": {"w":85,"h":182}
},
{
	"filename": "ghe copy",
	"frame": {"x":466,"y":483,"w":252,"h":345},
	"rotated": false,
	"trimmed": false,
	"spriteSourceSize": {"x":0,"y":0,"w":252,"h":345},
	"sourceSize": {"w":252,"h":345}
},
{
	"filename": "o_dien_bi_ho_dien",
	"frame": {"x":805,"y":652,"w":81,"h":82},
	"rotated": false,
	"trimmed": false,
	"spriteSourceSize": {"x":0,"y":0,"w":81,"h":82},
	"sourceSize": {"w":81,"h":82}
},
{
	"filename": "trap_khoi",
	"frame": {"x":1,"y":1,"w":890,"h":481},
	"rotated": false,
	"trimmed": false,
	"spriteSourceSize": {"x":0,"y":0,"w":890,"h":481},
	"sourceSize": {"w":890,"h":481}
},
{
	"filename": "trap_may_tao_khoi",
	"frame": {"x":1,"y":1094,"w":209,"h":81},
	"rotated": false,
	"trimmed": false,
	"spriteSourceSize": {"x":0,"y":0,"w":209,"h":81},
	"sourceSize": {"w":209,"h":81}
}],
"meta": {
	"app": "https://www.codeandweb.com/texturepacker",
	"version": "1.0",
	"image": "props.png",
	"format": "RGBA8888",
	"size": {"w":980,"h":1218},
	"scale": "1",
	"smartupdate": "$TexturePacker:SmartUpdate:9560fdaa21ed79c1d3d23c069df6fca7:fd520f38dcb1463a2eb621274fe5dd55:f4c39b94f5b79b4c461da96ae5609d50$"
}
}
