{
"skeleton": { "hash": "yUhLpk34hMs", "spine": "4.1.24", "x": -388.28, "y": -425.09, "width": 724.41, "height": 1282.48 },
"bones": [
	{ "name": "root", "rotation": 0.2 },
	{ "name": "move", "parent": "root", "x": -119.99, "scaleX": -1 },
	{ "name": "main", "parent": "move", "y": 256.6 },
	{ "name": "hip", "parent": "main" },
	{ "name": "body", "parent": "hip", "length": 26.97, "rotation": 90 },
	{ "name": "body2", "parent": "body", "length": 26.97, "x": 26.97 },
	{ "name": "body3", "parent": "body2", "length": 26.97, "x": 26.97 },
	{ "name": "body4", "parent": "body3", "length": 26.97, "rotation": -0.06, "x": 26.97 },
	{ "name": "body5", "parent": "body4", "length": 26.97, "x": 26.97 },
	{ "name": "body6", "parent": "body5", "length": 26.97, "x": 26.97 },
	{ "name": "body7", "parent": "body6", "length": 26.97, "x": 26.97 },
	{ "name": "body8", "parent": "body7", "length": 26.97, "x": 26.97 },
	{ "name": "head", "parent": "body8", "length": 135.67, "x": 24.75 },
	{ "name": "feeling_3", "parent": "head", "rotation": -0.18, "x": 87.53, "y": 30.96 },
	{ "name": "emoji", "parent": "head", "rotation": -90, "x": 62, "y": 1.49 },
	{ "name": "shouder_1", "parent": "body7", "length": 100.06, "rotation": -90, "x": 15.39, "y": 0.02 },
	{ "name": "arm_1", "parent": "shouder_1", "length": 100.06, "x": 94.79 },
	{ "name": "shouder_2", "parent": "body7", "length": 100.06, "rotation": 90, "x": 15.39, "y": 0.02 },
	{ "name": "arm_2", "parent": "shouder_2", "length": 100.06, "x": 94.79 },
	{ "name": "thigh_1", "parent": "main", "length": 134.15, "rotation": -90, "x": -0.54, "y": 4.23 },
	{ "name": "leg_1", "parent": "thigh_1", "length": 134.15, "x": 128.14 },
	{ "name": "thigh_2", "parent": "main", "length": 134.15, "rotation": -90, "x": -0.1, "y": 4.23 },
	{ "name": "leg_2", "parent": "thigh_2", "length": 134.15, "x": 128.14 },
	{ "name": "foot_2", "parent": "move", "x": 0.16, "y": -2.18 },
	{ "name": "foot_3", "parent": "move", "x": 0.1, "y": -2.12 },
	{
		"name": "feeling_5",
		"parent": "head",
		"rotation": -0.18,
		"x": 87.53,
		"y": -25.11,
		"scaleX": 2,
		"scaleY": 2
	},
	{ "name": "item_1", "parent": "move", "x": -1.93, "y": 450.24 },
	{ "name": "feeling_1", "parent": "main", "rotation": -20.17, "x": 72.35, "y": 376.02 },
	{ "name": "feeling_2", "parent": "main", "rotation": -20.17, "x": 72.35, "y": 376.02 },
	{ "name": "hair_1", "parent": "main", "rotation": 0.07, "x": -120, "y": -254.77 },
	{
		"name": "feeling_4",
		"parent": "head",
		"rotation": -0.18,
		"x": 87.53,
		"y": -25.11,
		"scaleX": 2,
		"scaleY": 2
	},
	{ "name": "item_tay", "parent": "arm_2", "x": 101.01, "y": -1.25 }
],
"slots": [
	{ "name": "bg_gane_play", "bone": "root", "color": "ffffff4f" },
	{ "name": "item", "bone": "item_1" },
	{ "name": "body", "bone": "hip", "color": "000000ff", "attachment": "body" },
	{ "name": "shoulder1", "bone": "shouder_1", "color": "000000ff" },
	{ "name": "shoulder3", "bone": "shouder_2", "color": "000000ff" },
	{ "name": "shoulder2", "bone": "arm_1", "color": "000000ff" },
	{ "name": "shoulder4", "bone": "arm_2", "color": "000000ff" },
	{ "name": "thigh", "bone": "thigh_1", "color": "000000ff", "attachment": "thigh" },
	{ "name": "thigh3", "bone": "thigh_2", "color": "000000ff", "attachment": "thigh" },
	{ "name": "thigh2", "bone": "leg_1", "color": "000000ff", "attachment": "thigh" },
	{ "name": "thigh4", "bone": "leg_2", "color": "000000ff", "attachment": "thigh" },
	{ "name": "head", "bone": "head", "attachment": "head" },
	{ "name": "hair", "bone": "hair_1" },
	{ "name": "Emoji", "bone": "emoji" },
	{ "name": "feeling_3", "bone": "feeling_3", "color": "000000ff" },
	{ "name": "feeling_5", "bone": "feeling_5" },
	{ "name": "feeling_4", "bone": "feeling_4" },
	{ "name": "feeling_1", "bone": "feeling_1" },
	{ "name": "feeling_2", "bone": "feeling_2" },
	{ "name": "item_tay", "bone": "item_tay" }
],
"ik": [
	{
		"name": "foot_1",
		"bones": [ "thigh_1", "leg_1" ],
		"target": "foot_2",
		"mix": 0,
		"stretch": true
	},
	{
		"name": "foot_2",
		"order": 1,
		"bones": [ "thigh_2", "leg_2" ],
		"target": "foot_3",
		"mix": 0,
		"stretch": true
	}
],
"skins": [
	{
		"name": "default",
		"attachments": {
			"body": {
				"body": {
					"type": "mesh",
					"uvs": [ 1, 1, 0, 1, 0, 0.875, 0, 0.75, 0, 0.625, 0, 0.5, 0, 0.375, 0, 0.25, 0, 0.125, 0, 0, 1, 0, 1, 0.125, 1, 0.25, 1, 0.375, 1, 0.5, 1, 0.625, 1, 0.75, 1, 0.875 ],
					"triangles": [ 8, 9, 10, 11, 8, 10, 7, 8, 11, 12, 7, 11, 6, 7, 12, 13, 6, 12, 5, 6, 13, 14, 5, 13, 4, 5, 14, 15, 4, 14, 3, 4, 15, 16, 3, 15, 2, 3, 16, 17, 2, 16, 1, 2, 17, 0, 1, 17 ],
					"vertices": [ 1, 4, -1.7, -5.5, 1, 1, 4, -1.7, 5.5, 1, 2, 4, 25.68, 5.5, 0.70301, 5, -1.29, 5.5, 0.29699, 2, 5, 26.08, 5.5, 0.65569, 6, -0.88, 5.5, 0.34431, 2, 6, 26.49, 5.5, 0.55905, 7, -0.48, 5.5, 0.44095, 2, 7, 26.9, 5.5, 0.51367, 8, -0.07, 5.5, 0.48633, 2, 8, 27.3, 5.5, 0.41705, 9, 0.33, 5.5, 0.58295, 2, 9, 27.71, 5.5, 0.38565, 10, 0.74, 5.5, 0.61435, 2, 10, 28.11, 5.5, 0.36868, 11, 1.14, 5.5, 0.63132, 1, 11, 28.52, 5.5, 1, 1, 11, 28.52, -5.5, 1, 2, 10, 28.11, -5.5, 0.3064, 11, 1.14, -5.5, 0.6936, 2, 9, 27.71, -5.5, 0.40945, 10, 0.74, -5.5, 0.59055, 2, 8, 27.3, -5.5, 0.44404, 9, 0.33, -5.5, 0.55596, 2, 7, 26.9, -5.5, 0.52991, 8, -0.07, -5.5, 0.47009, 2, 6, 26.49, -5.5, 0.58474, 7, -0.48, -5.5, 0.41526, 2, 5, 26.08, -5.5, 0.62061, 6, -0.88, -5.5, 0.37939, 2, 4, 25.68, -5.5, 0.65664, 5, -1.29, -5.5, 0.34336 ],
					"hull": 18
				}
			},
			"Emoji": {
				"Emoji/dau lau": { "y": 0.5, "width": 114, "height": 105 },
				"Emoji/new/emo_6": { "y": 0.5, "width": 124, "height": 103 },
				"Emoji/new/emo_66": { "y": 0.5, "width": 102, "height": 81 }
			},
			"feeling_1": {
				"water_mouth": { "x": -5.38, "y": -14.51, "rotation": -31.72, "width": 23, "height": 50 }
			},
			"head": {
				"head": { "x": 68.85, "rotation": -89.87, "width": 144, "height": 144 }
			},
			"item": {
				"item/tia_set": { "x": 0.5, "scaleX": 4.6339, "scaleY": 4.6339, "width": 137, "height": 225 }
			},
			"shoulder1": {
				"shoulder": { "x": 49.22, "rotation": -90, "width": 15, "height": 105 }
			},
			"shoulder2": {
				"shoulder": { "x": 49.22, "rotation": -90, "width": 15, "height": 105 }
			},
			"shoulder3": {
				"shoulder": { "x": 49.22, "rotation": -90, "width": 15, "height": 105 }
			},
			"shoulder4": {
				"shoulder": { "x": 50.57, "rotation": -90, "width": 15, "height": 105 }
			},
			"thigh": {
				"thigh": { "x": 66.01, "rotation": -90, "width": 14, "height": 137 }
			},
			"thigh2": {
				"thigh": { "x": 66.01, "rotation": -90, "width": 14, "height": 137 }
			},
			"thigh3": {
				"thigh": { "x": 66.01, "rotation": -90, "width": 14, "height": 137 }
			},
			"thigh4": {
				"thigh": { "x": 66.01, "rotation": -90, "width": 14, "height": 137 }
			}
		}
	}
],
"animations": {
	"t_169_1_be": {
		"slots": {
			"body": {
				"rgba": [
					{ "color": "000000ff" }
				]
			},
			"Emoji": {
				"attachment": [
					{ "name": "Emoji/new/emo_6" }
				]
			},
			"feeling_1": {
				"attachment": [
					{ "name": "water_mouth" }
				]
			},
			"feeling_2": {
				"attachment": [
					{}
				]
			},
			"feeling_3": {
				"attachment": [
					{}
				]
			},
			"feeling_5": {
				"attachment": [
					{}
				]
			},
			"hair": {
				"attachment": [
					{}
				]
			},
			"head": {
				"rgba": [
					{ "color": "ffffffff" }
				],
				"attachment": [
					{ "name": "head" }
				]
			},
			"shoulder1": {
				"rgba": [
					{ "color": "000000ff" }
				],
				"attachment": [
					{}
				]
			},
			"shoulder2": {
				"rgba": [
					{ "color": "000000ff" }
				],
				"attachment": [
					{}
				]
			},
			"shoulder3": {
				"rgba": [
					{ "color": "000000ff" }
				],
				"attachment": [
					{ "name": "shoulder" }
				]
			},
			"shoulder4": {
				"rgba": [
					{ "color": "000000ff" }
				],
				"attachment": [
					{ "name": "shoulder" }
				]
			},
			"thigh": {
				"rgba": [
					{ "color": "000000ff" }
				]
			},
			"thigh2": {
				"rgba": [
					{ "color": "000000ff" }
				]
			},
			"thigh3": {
				"rgba": [
					{ "color": "000000ff" }
				]
			},
			"thigh4": {
				"rgba": [
					{ "color": "000000ff" }
				]
			}
		},
		"bones": {
			"head": {
				"rotate": [
					{ "value": 3 }
				],
				"translate": [
					{ "x": -48.66, "y": -1.76 }
				],
				"scale": [
					{}
				]
			},
			"root": {
				"rotate": [
					{}
				],
				"translate": [
					{}
				]
			},
			"main": {
				"rotate": [
					{ "value": 0.62 }
				],
				"translate": [
					{ "x": -0.87, "y": -20.32 }
				]
			},
			"hip": {
				"rotate": [
					{}
				],
				"translate": [
					{}
				]
			},
			"body": {
				"rotate": [
					{ "value": -0.47 }
				],
				"translate": [
					{}
				],
				"scale": [
					{}
				]
			},
			"body2": {
				"rotate": [
					{ "value": -0.47 }
				],
				"translate": [
					{}
				],
				"scale": [
					{}
				]
			},
			"body3": {
				"rotate": [
					{ "value": -0.47 }
				],
				"translate": [
					{}
				],
				"scale": [
					{}
				]
			},
			"body4": {
				"rotate": [
					{ "value": -0.47 }
				],
				"translate": [
					{}
				],
				"scale": [
					{}
				]
			},
			"body5": {
				"rotate": [
					{ "value": -0.47 }
				],
				"translate": [
					{}
				],
				"scale": [
					{}
				]
			},
			"body6": {
				"rotate": [
					{ "value": -0.47 }
				],
				"translate": [
					{}
				],
				"scale": [
					{}
				]
			},
			"body7": {
				"rotate": [
					{ "value": -0.47 }
				],
				"translate": [
					{}
				],
				"scale": [
					{}
				]
			},
			"body8": {
				"rotate": [
					{ "value": -0.47 }
				],
				"translate": [
					{}
				],
				"scale": [
					{}
				]
			},
			"feeling_3": {
				"rotate": [
					{}
				],
				"translate": [
					{}
				]
			},
			"emoji": {
				"rotate": [
					{ "value": -0.3 }
				],
				"translate": [
					{ "x": 0.58, "y": -0.95 }
				],
				"scale": [
					{ "x": 0.877, "y": 0.877 }
				]
			},
			"shouder_1": {
				"rotate": [
					{ "value": -160.11 }
				],
				"translate": [
					{ "x": 31.07, "y": -0.17 }
				],
				"scale": [
					{}
				]
			},
			"arm_1": {
				"rotate": [
					{ "value": -74.16 }
				],
				"translate": [
					{ "x": 2.02, "y": 0.08 }
				],
				"scale": [
					{}
				]
			},
			"shouder_2": {
				"rotate": [
					{ "value": 59.93 }
				],
				"translate": [
					{ "x": 24, "y": 1.7 }
				],
				"scale": [
					{}
				]
			},
			"arm_2": {
				"rotate": [
					{ "value": 26.59 }
				],
				"translate": [
					{}
				],
				"scale": [
					{}
				]
			},
			"thigh_1": {
				"rotate": [
					{ "value": 24.72 }
				],
				"translate": [
					{}
				],
				"scale": [
					{}
				]
			},
			"leg_1": {
				"rotate": [
					{}
				],
				"translate": [
					{}
				]
			},
			"thigh_2": {
				"rotate": [
					{ "value": 39.21 }
				],
				"translate": [
					{}
				],
				"scale": [
					{}
				]
			},
			"leg_2": {
				"rotate": [
					{ "value": 18.14 }
				],
				"translate": [
					{}
				]
			},
			"foot_2": {
				"rotate": [
					{}
				],
				"translate": [
					{ "x": -93.45, "y": 2.18 }
				]
			},
			"foot_3": {
				"rotate": [
					{}
				],
				"translate": [
					{ "x": 82.34, "y": -1.24 }
				]
			},
			"feeling_5": {
				"rotate": [
					{}
				],
				"translate": [
					{}
				]
			},
			"item_1": {
				"rotate": [
					{ "value": 4.93 }
				]
			},
			"move": {
				"translate": [
					{ "x": 119.99 }
				],
				"scale": [
					{ "x": -1 }
				]
			},
			"feeling_2": {
				"translate": [
					{ "x": -144.88, "y": -50.03 }
				],
				"scale": [
					{ "x": 1.305, "y": 1.305 }
				]
			},
			"feeling_1": {
				"rotate": [
					{ "value": 29.45 }
				],
				"translate": [
					{ "x": -58.12, "y": -187.86 }
				],
				"scale": [
					{ "x": 1.384, "y": 1.384 }
				]
			},
			"hair_1": {
				"rotate": [
					{ "value": -22.99 }
				],
				"translate": [
					{ "x": 140.97, "y": 529.4 }
				],
				"scale": [
					{ "x": -1.42, "y": 1.42 }
				]
			}
		},
		"ik": {
			"foot_1": [
				{ "stretch": true }
			],
			"foot_2": [
				{ "bendPositive": false, "stretch": true }
			]
		},
		"drawOrder": [
			{
				"offsets": [
					{ "slot": "shoulder4", "offset": -3 }
				]
			}
		]
	},
	"t_169_1_lose": {
		"slots": {
			"body": {
				"rgba": [
					{ "color": "000000ff", "curve": "stepped" },
					{ "time": 0.2, "color": "000000ff", "curve": "stepped" },
					{ "time": 0.4, "color": "000000ff", "curve": "stepped" },
					{ "time": 0.6, "color": "000000ff" }
				]
			},
			"Emoji": {
				"attachment": [
					{},
					{ "time": 0.1, "name": "Emoji/dau lau" },
					{ "time": 0.2 },
					{ "time": 0.3, "name": "Emoji/dau lau" },
					{ "time": 0.4 },
					{ "time": 0.5, "name": "Emoji/dau lau" },
					{ "time": 0.6 }
				]
			},
			"feeling_1": {
				"attachment": [
					{},
					{ "time": 0.2 },
					{ "time": 0.4 },
					{ "time": 0.6 }
				]
			},
			"feeling_2": {
				"attachment": [
					{},
					{ "time": 0.2 },
					{ "time": 0.4 },
					{ "time": 0.6 }
				]
			},
			"feeling_3": {
				"attachment": [
					{},
					{ "time": 0.2 },
					{ "time": 0.4 },
					{ "time": 0.6 }
				]
			},
			"feeling_5": {
				"attachment": [
					{},
					{ "time": 0.2 },
					{ "time": 0.4 },
					{ "time": 0.6 }
				]
			},
			"head": {
				"rgba": [
					{ "color": "000000ff", "curve": "stepped" },
					{ "time": 0.2, "color": "000000ff", "curve": "stepped" },
					{ "time": 0.4, "color": "000000ff", "curve": "stepped" },
					{ "time": 0.6, "color": "000000ff" }
				],
				"attachment": [
					{ "name": "head" },
					{ "time": 0.2, "name": "head" },
					{ "time": 0.4, "name": "head" },
					{ "time": 0.6, "name": "head" }
				]
			},
			"item": {
				"rgba": [
					{ "color": "ffffffff", "curve": "stepped" },
					{ "time": 0.1, "color": "ffd059ff", "curve": "stepped" },
					{ "time": 0.2, "color": "ffffffff", "curve": "stepped" },
					{ "time": 0.3, "color": "ffd059ff", "curve": "stepped" },
					{ "time": 0.4, "color": "ffffffff", "curve": "stepped" },
					{ "time": 0.5, "color": "ffd059ff", "curve": "stepped" },
					{ "time": 0.6, "color": "ffffffff" }
				],
				"attachment": [
					{ "name": "item/tia_set" },
					{ "time": 0.2, "name": "item/tia_set" },
					{ "time": 0.4, "name": "item/tia_set" },
					{ "time": 0.6, "name": "item/tia_set" }
				]
			},
			"shoulder1": {
				"rgba": [
					{ "color": "000000ff", "curve": "stepped" },
					{ "time": 0.2, "color": "000000ff", "curve": "stepped" },
					{ "time": 0.4, "color": "000000ff", "curve": "stepped" },
					{ "time": 0.6, "color": "000000ff" }
				],
				"attachment": [
					{ "name": "shoulder" },
					{ "time": 0.2, "name": "shoulder" },
					{ "time": 0.4, "name": "shoulder" },
					{ "time": 0.6, "name": "shoulder" }
				]
			},
			"shoulder2": {
				"rgba": [
					{ "color": "000000ff", "curve": "stepped" },
					{ "time": 0.2, "color": "000000ff", "curve": "stepped" },
					{ "time": 0.4, "color": "000000ff", "curve": "stepped" },
					{ "time": 0.6, "color": "000000ff" }
				],
				"attachment": [
					{ "name": "shoulder" },
					{ "time": 0.2, "name": "shoulder" },
					{ "time": 0.4, "name": "shoulder" },
					{ "time": 0.6, "name": "shoulder" }
				]
			},
			"shoulder3": {
				"rgba": [
					{ "color": "000000ff", "curve": "stepped" },
					{ "time": 0.2, "color": "000000ff", "curve": "stepped" },
					{ "time": 0.4, "color": "000000ff", "curve": "stepped" },
					{ "time": 0.6, "color": "000000ff" }
				],
				"attachment": [
					{ "name": "shoulder" },
					{ "time": 0.2, "name": "shoulder" },
					{ "time": 0.4, "name": "shoulder" },
					{ "time": 0.6, "name": "shoulder" }
				]
			},
			"shoulder4": {
				"rgba": [
					{ "color": "000000ff", "curve": "stepped" },
					{ "time": 0.2, "color": "000000ff", "curve": "stepped" },
					{ "time": 0.4, "color": "000000ff", "curve": "stepped" },
					{ "time": 0.6, "color": "000000ff" }
				],
				"attachment": [
					{ "name": "shoulder" },
					{ "time": 0.2, "name": "shoulder" },
					{ "time": 0.4, "name": "shoulder" },
					{ "time": 0.6, "name": "shoulder" }
				]
			},
			"thigh": {
				"rgba": [
					{ "color": "000000ff", "curve": "stepped" },
					{ "time": 0.2, "color": "000000ff", "curve": "stepped" },
					{ "time": 0.4, "color": "000000ff", "curve": "stepped" },
					{ "time": 0.6, "color": "000000ff" }
				]
			},
			"thigh2": {
				"rgba": [
					{ "color": "000000ff", "curve": "stepped" },
					{ "time": 0.2, "color": "000000ff", "curve": "stepped" },
					{ "time": 0.4, "color": "000000ff", "curve": "stepped" },
					{ "time": 0.6, "color": "000000ff" }
				]
			},
			"thigh3": {
				"rgba": [
					{ "color": "000000ff", "curve": "stepped" },
					{ "time": 0.2, "color": "000000ff", "curve": "stepped" },
					{ "time": 0.4, "color": "000000ff", "curve": "stepped" },
					{ "time": 0.6, "color": "000000ff" }
				]
			},
			"thigh4": {
				"rgba": [
					{ "color": "000000ff", "curve": "stepped" },
					{ "time": 0.2, "color": "000000ff", "curve": "stepped" },
					{ "time": 0.4, "color": "000000ff", "curve": "stepped" },
					{ "time": 0.6, "color": "000000ff" }
				]
			}
		},
		"bones": {
			"head": {
				"rotate": [
					{ "value": -8.24, "curve": "stepped" },
					{ "time": 0.2, "value": -8.24, "curve": "stepped" },
					{ "time": 0.4, "value": -8.24, "curve": "stepped" },
					{ "time": 0.6, "value": -8.24 }
				],
				"translate": [
					{ "x": -7.71, "y": -3.06, "curve": "stepped" },
					{ "time": 0.2, "x": -7.71, "y": -3.06, "curve": "stepped" },
					{ "time": 0.4, "x": -7.71, "y": -3.06, "curve": "stepped" },
					{ "time": 0.6, "x": -7.71, "y": -3.06 }
				],
				"scale": [
					{ "curve": "stepped" },
					{ "time": 0.2, "curve": "stepped" },
					{ "time": 0.4, "curve": "stepped" },
					{ "time": 0.6 }
				]
			},
			"root": {
				"rotate": [
					{ "curve": "stepped" },
					{ "time": 0.2, "curve": "stepped" },
					{ "time": 0.4, "curve": "stepped" },
					{ "time": 0.6 }
				],
				"translate": [
					{ "curve": "stepped" },
					{ "time": 0.2, "curve": "stepped" },
					{ "time": 0.4, "curve": "stepped" },
					{ "time": 0.6 }
				]
			},
			"main": {
				"rotate": [
					{ "value": -7.3, "curve": "stepped" },
					{ "time": 0.2, "value": -7.3, "curve": "stepped" },
					{ "time": 0.4, "value": -7.3, "curve": "stepped" },
					{ "time": 0.6, "value": -7.3 }
				],
				"translate": [
					{ "x": 4.14, "y": -10.87, "curve": "stepped" },
					{ "time": 0.2, "x": 4.14, "y": -10.87, "curve": "stepped" },
					{ "time": 0.4, "x": 4.14, "y": -10.87, "curve": "stepped" },
					{ "time": 0.6, "x": 4.14, "y": -10.87 }
				]
			},
			"hip": {
				"rotate": [
					{ "curve": "stepped" },
					{ "time": 0.2, "curve": "stepped" },
					{ "time": 0.4, "curve": "stepped" },
					{ "time": 0.6 }
				],
				"translate": [
					{ "curve": "stepped" },
					{ "time": 0.2, "curve": "stepped" },
					{ "time": 0.4, "curve": "stepped" },
					{ "time": 0.6 }
				]
			},
			"body": {
				"rotate": [
					{ "value": 5.24, "curve": "stepped" },
					{ "time": 0.2, "value": 5.24, "curve": "stepped" },
					{ "time": 0.4, "value": 5.24, "curve": "stepped" },
					{ "time": 0.6, "value": 5.24 }
				],
				"translate": [
					{ "curve": "stepped" },
					{ "time": 0.2, "curve": "stepped" },
					{ "time": 0.4, "curve": "stepped" },
					{ "time": 0.6 }
				]
			},
			"body2": {
				"rotate": [
					{ "value": -1.31, "curve": "stepped" },
					{ "time": 0.2, "value": -1.31, "curve": "stepped" },
					{ "time": 0.4, "value": -1.31, "curve": "stepped" },
					{ "time": 0.6, "value": -1.31 }
				],
				"translate": [
					{ "curve": "stepped" },
					{ "time": 0.2, "curve": "stepped" },
					{ "time": 0.4, "curve": "stepped" },
					{ "time": 0.6 }
				]
			},
			"body3": {
				"rotate": [
					{ "value": -1.31, "curve": "stepped" },
					{ "time": 0.2, "value": -1.31, "curve": "stepped" },
					{ "time": 0.4, "value": -1.31, "curve": "stepped" },
					{ "time": 0.6, "value": -1.31 }
				],
				"translate": [
					{ "curve": "stepped" },
					{ "time": 0.2, "curve": "stepped" },
					{ "time": 0.4, "curve": "stepped" },
					{ "time": 0.6 }
				]
			},
			"body4": {
				"rotate": [
					{ "value": -2.23, "curve": "stepped" },
					{ "time": 0.2, "value": -2.23, "curve": "stepped" },
					{ "time": 0.4, "value": -2.23, "curve": "stepped" },
					{ "time": 0.6, "value": -2.23 }
				],
				"translate": [
					{ "curve": "stepped" },
					{ "time": 0.2, "curve": "stepped" },
					{ "time": 0.4, "curve": "stepped" },
					{ "time": 0.6 }
				]
			},
			"body5": {
				"rotate": [
					{ "value": -2.76, "curve": "stepped" },
					{ "time": 0.2, "value": -2.76, "curve": "stepped" },
					{ "time": 0.4, "value": -2.76, "curve": "stepped" },
					{ "time": 0.6, "value": -2.76 }
				],
				"translate": [
					{ "curve": "stepped" },
					{ "time": 0.2, "curve": "stepped" },
					{ "time": 0.4, "curve": "stepped" },
					{ "time": 0.6 }
				]
			},
			"body6": {
				"rotate": [
					{ "value": -0.74, "curve": "stepped" },
					{ "time": 0.2, "value": -0.74, "curve": "stepped" },
					{ "time": 0.4, "value": -0.74, "curve": "stepped" },
					{ "time": 0.6, "value": -0.74 }
				],
				"translate": [
					{ "curve": "stepped" },
					{ "time": 0.2, "curve": "stepped" },
					{ "time": 0.4, "curve": "stepped" },
					{ "time": 0.6 }
				]
			},
			"body7": {
				"rotate": [
					{ "value": -1.31, "curve": "stepped" },
					{ "time": 0.2, "value": -1.31, "curve": "stepped" },
					{ "time": 0.4, "value": -1.31, "curve": "stepped" },
					{ "time": 0.6, "value": -1.31 }
				],
				"translate": [
					{ "curve": "stepped" },
					{ "time": 0.2, "curve": "stepped" },
					{ "time": 0.4, "curve": "stepped" },
					{ "time": 0.6 }
				]
			},
			"body8": {
				"rotate": [
					{ "value": -1.31, "curve": "stepped" },
					{ "time": 0.2, "value": -1.31, "curve": "stepped" },
					{ "time": 0.4, "value": -1.31, "curve": "stepped" },
					{ "time": 0.6, "value": -1.31 }
				],
				"translate": [
					{ "curve": "stepped" },
					{ "time": 0.2, "curve": "stepped" },
					{ "time": 0.4, "curve": "stepped" },
					{ "time": 0.6 }
				]
			},
			"feeling_3": {
				"rotate": [
					{ "curve": "stepped" },
					{ "time": 0.2, "curve": "stepped" },
					{ "time": 0.4, "curve": "stepped" },
					{ "time": 0.6 }
				],
				"translate": [
					{ "curve": "stepped" },
					{ "time": 0.2, "curve": "stepped" },
					{ "time": 0.4, "curve": "stepped" },
					{ "time": 0.6 }
				]
			},
			"emoji": {
				"rotate": [
					{ "value": 4.45, "curve": "stepped" },
					{ "time": 0.2, "value": 4.45, "curve": "stepped" },
					{ "time": 0.4, "value": 4.45, "curve": "stepped" },
					{ "time": 0.6, "value": 4.45 }
				],
				"translate": [
					{ "x": 12.22, "y": -0.24, "curve": "stepped" },
					{ "time": 0.2, "x": 12.22, "y": -0.24, "curve": "stepped" },
					{ "time": 0.4, "x": 12.22, "y": -0.24, "curve": "stepped" },
					{ "time": 0.6, "x": 12.22, "y": -0.24 }
				],
				"scale": [
					{ "x": 0.914, "y": 0.914, "curve": "stepped" },
					{ "time": 0.2, "x": 0.914, "y": 0.914, "curve": "stepped" },
					{ "time": 0.4, "x": 0.914, "y": 0.914, "curve": "stepped" },
					{ "time": 0.6, "x": 0.914, "y": 0.914 }
				]
			},
			"shouder_1": {
				"rotate": [
					{ "value": 178.18, "curve": "stepped" },
					{ "time": 0.2, "value": 178.18, "curve": "stepped" },
					{ "time": 0.4, "value": 178.18, "curve": "stepped" },
					{ "time": 0.6, "value": 178.18 }
				],
				"translate": [
					{ "x": 21.37, "y": 0.5, "curve": "stepped" },
					{ "time": 0.2, "x": 21.37, "y": 0.5, "curve": "stepped" },
					{ "time": 0.4, "x": 21.37, "y": 0.5, "curve": "stepped" },
					{ "time": 0.6, "x": 21.37, "y": 0.5 }
				],
				"scale": [
					{ "curve": "stepped" },
					{ "time": 0.2, "curve": "stepped" },
					{ "time": 0.4, "curve": "stepped" },
					{ "time": 0.6 }
				],
				"shear": [
					{ "y": 1, "curve": "stepped" },
					{ "time": 0.2, "y": 1, "curve": "stepped" },
					{ "time": 0.4, "y": 1, "curve": "stepped" },
					{ "time": 0.6, "y": 1 }
				]
			},
			"arm_1": {
				"rotate": [
					{ "value": -41.71, "curve": "stepped" },
					{ "time": 0.2, "value": -41.71, "curve": "stepped" },
					{ "time": 0.4, "value": -41.71, "curve": "stepped" },
					{ "time": 0.6, "value": -41.71 }
				],
				"translate": [
					{ "x": 2.6, "y": 0.99, "curve": "stepped" },
					{ "time": 0.2, "x": 2.6, "y": 0.99, "curve": "stepped" },
					{ "time": 0.4, "x": 2.6, "y": 0.99, "curve": "stepped" },
					{ "time": 0.6, "x": 2.6, "y": 0.99 }
				],
				"scale": [
					{ "curve": "stepped" },
					{ "time": 0.2, "curve": "stepped" },
					{ "time": 0.4, "curve": "stepped" },
					{ "time": 0.6 }
				]
			},
			"shouder_2": {
				"rotate": [
					{ "value": -169.28, "curve": "stepped" },
					{ "time": 0.2, "value": -169.28, "curve": "stepped" },
					{ "time": 0.4, "value": -169.28, "curve": "stepped" },
					{ "time": 0.6, "value": -169.28 }
				],
				"translate": [
					{ "x": 17.63, "y": -2.67, "curve": "stepped" },
					{ "time": 0.2, "x": 17.63, "y": -2.67, "curve": "stepped" },
					{ "time": 0.4, "x": 17.63, "y": -2.67, "curve": "stepped" },
					{ "time": 0.6, "x": 17.63, "y": -2.67 }
				],
				"scale": [
					{ "y": 0.924, "curve": "stepped" },
					{ "time": 0.2, "y": 0.924, "curve": "stepped" },
					{ "time": 0.4, "y": 0.924, "curve": "stepped" },
					{ "time": 0.6, "y": 0.924 }
				]
			},
			"arm_2": {
				"rotate": [
					{ "value": 57.41, "curve": "stepped" },
					{ "time": 0.2, "value": 57.41, "curve": "stepped" },
					{ "time": 0.4, "value": 57.41, "curve": "stepped" },
					{ "time": 0.6, "value": 57.41 }
				],
				"translate": [
					{ "x": 0.99, "y": 1.82, "curve": "stepped" },
					{ "time": 0.2, "x": 0.99, "y": 1.82, "curve": "stepped" },
					{ "time": 0.4, "x": 0.99, "y": 1.82, "curve": "stepped" },
					{ "time": 0.6, "x": 0.99, "y": 1.82 }
				],
				"scale": [
					{ "x": 1.029, "curve": "stepped" },
					{ "time": 0.2, "x": 1.029, "curve": "stepped" },
					{ "time": 0.4, "x": 1.029, "curve": "stepped" },
					{ "time": 0.6, "x": 1.029 }
				]
			},
			"thigh_1": {
				"rotate": [
					{ "value": -6.18, "curve": "stepped" },
					{ "time": 0.2, "value": -6.18, "curve": "stepped" },
					{
						"time": 0.4,
						"value": -6.18,
						"curve": [ 0.45, -6.18, 0.55, 56.35 ]
					},
					{ "time": 0.6, "value": 56.35 }
				],
				"translate": [
					{ "curve": "stepped" },
					{ "time": 0.2, "curve": "stepped" },
					{ "time": 0.4, "curve": "stepped" },
					{ "time": 0.6 }
				],
				"scale": [
					{ "curve": "stepped" },
					{ "time": 0.2, "curve": "stepped" },
					{ "time": 0.4, "curve": "stepped" },
					{ "time": 0.6 }
				]
			},
			"leg_1": {
				"rotate": [
					{ "value": 5.22, "curve": "stepped" },
					{ "time": 0.2, "value": 5.22, "curve": "stepped" },
					{
						"time": 0.4,
						"value": 5.22,
						"curve": [ 0.45, 5.22, 0.55, -60.63 ]
					},
					{ "time": 0.6, "value": -60.63 }
				],
				"translate": [
					{ "curve": "stepped" },
					{ "time": 0.2, "curve": "stepped" },
					{ "time": 0.4, "curve": "stepped" },
					{ "time": 0.6 }
				],
				"scale": [
					{ "curve": "stepped" },
					{ "time": 0.2, "curve": "stepped" },
					{ "time": 0.4, "curve": "stepped" },
					{ "time": 0.6 }
				]
			},
			"thigh_2": {
				"rotate": [
					{ "value": 2.51, "curve": "stepped" },
					{ "time": 0.2, "value": 2.51, "curve": "stepped" },
					{
						"time": 0.4,
						"value": 2.51,
						"curve": [ 0.45, 2.51, 0.55, -113.47 ]
					},
					{ "time": 0.6, "value": -113.47 }
				],
				"translate": [
					{ "curve": "stepped" },
					{ "time": 0.2, "curve": "stepped" },
					{ "time": 0.4, "curve": "stepped" },
					{ "time": 0.6 }
				],
				"scale": [
					{ "x": 0.937, "curve": "stepped" },
					{ "time": 0.2, "x": 0.937, "curve": "stepped" },
					{ "time": 0.4, "x": 0.937, "curve": "stepped" },
					{ "time": 0.6, "x": 0.937 }
				]
			},
			"leg_2": {
				"rotate": [
					{ "value": 3.66, "curve": "stepped" },
					{ "time": 0.2, "value": 3.66, "curve": "stepped" },
					{
						"time": 0.4,
						"value": 3.66,
						"curve": [ 0.45, 3.66, 0.55, 139.67 ]
					},
					{ "time": 0.6, "value": 139.67 }
				],
				"translate": [
					{ "curve": "stepped" },
					{ "time": 0.2, "curve": "stepped" },
					{ "time": 0.4, "curve": "stepped" },
					{ "time": 0.6 }
				],
				"scale": [
					{ "curve": "stepped" },
					{ "time": 0.2, "curve": "stepped" },
					{ "time": 0.4, "curve": "stepped" },
					{ "time": 0.6 }
				]
			},
			"foot_2": {
				"rotate": [
					{ "curve": "stepped" },
					{ "time": 0.2, "curve": "stepped" },
					{ "time": 0.4, "curve": "stepped" },
					{ "time": 0.6 }
				],
				"translate": [
					{ "x": 73.83, "y": 36.76, "curve": "stepped" },
					{ "time": 0.2, "x": 73.83, "y": 36.76, "curve": "stepped" },
					{ "time": 0.4, "x": 73.83, "y": 36.76, "curve": "stepped" },
					{ "time": 0.6, "x": 73.83, "y": 36.76 }
				]
			},
			"foot_3": {
				"rotate": [
					{ "value": -4.37, "curve": "stepped" },
					{ "time": 0.2, "value": -4.37, "curve": "stepped" },
					{ "time": 0.4, "value": -4.37, "curve": "stepped" },
					{ "time": 0.6, "value": -4.37 }
				],
				"translate": [
					{ "x": -60.79, "y": 189.86, "curve": "stepped" },
					{ "time": 0.2, "x": -60.79, "y": 189.86, "curve": "stepped" },
					{ "time": 0.4, "x": -60.79, "y": 189.86, "curve": "stepped" },
					{ "time": 0.6, "x": -60.79, "y": 189.86 }
				]
			},
			"feeling_5": {
				"rotate": [
					{ "curve": "stepped" },
					{ "time": 0.2, "curve": "stepped" },
					{ "time": 0.4, "curve": "stepped" },
					{ "time": 0.6 }
				],
				"translate": [
					{ "curve": "stepped" },
					{ "time": 0.2, "curve": "stepped" },
					{ "time": 0.4, "curve": "stepped" },
					{ "time": 0.6 }
				]
			},
			"feeling_1": {
				"rotate": [
					{ "value": -134.92, "curve": "stepped" },
					{ "time": 0.2, "value": -134.92, "curve": "stepped" },
					{ "time": 0.4, "value": -134.92, "curve": "stepped" },
					{ "time": 0.6, "value": -134.92 }
				],
				"translate": [
					{ "x": 22.2, "y": -18.76, "curve": "stepped" },
					{ "time": 0.2, "x": 22.2, "y": -18.76, "curve": "stepped" },
					{ "time": 0.4, "x": 22.2, "y": -18.76, "curve": "stepped" },
					{ "time": 0.6, "x": 22.2, "y": -18.76 }
				],
				"scale": [
					{ "curve": "stepped" },
					{ "time": 0.2, "curve": "stepped" },
					{ "time": 0.4, "curve": "stepped" },
					{ "time": 0.6 }
				]
			},
			"feeling_2": {
				"rotate": [
					{ "value": -134.92, "curve": "stepped" },
					{ "time": 0.2, "value": -134.92, "curve": "stepped" },
					{ "time": 0.4, "value": -134.92, "curve": "stepped" },
					{ "time": 0.6, "value": -134.92 }
				],
				"translate": [
					{ "x": 22.2, "y": -18.76, "curve": "stepped" },
					{ "time": 0.2, "x": 22.2, "y": -18.76, "curve": "stepped" },
					{ "time": 0.4, "x": 22.2, "y": -18.76, "curve": "stepped" },
					{ "time": 0.6, "x": 22.2, "y": -18.76 }
				],
				"scale": [
					{ "curve": "stepped" },
					{ "time": 0.2, "curve": "stepped" },
					{ "time": 0.4, "curve": "stepped" },
					{ "time": 0.6 }
				]
			},
			"move": {
				"translate": [
					{ "x": 119.99, "y": -0.41, "curve": "stepped" },
					{ "time": 0.6, "x": 119.99, "y": -0.41 }
				],
				"scale": [
					{ "curve": "stepped" },
					{ "time": 0.6 }
				]
			},
			"item_1": {
				"translate": [
					{ "x": -8.72, "y": -80.99, "curve": "stepped" },
					{ "time": 0.2, "x": -8.72, "y": -80.99, "curve": "stepped" },
					{ "time": 0.4, "x": -8.72, "y": -80.99, "curve": "stepped" },
					{ "time": 0.6, "x": -8.72, "y": -80.99 }
				],
				"scale": [
					{ "curve": "stepped" },
					{ "time": 0.2, "curve": "stepped" },
					{ "time": 0.4, "curve": "stepped" },
					{ "time": 0.6 }
				]
			}
		},
		"ik": {
			"foot_1": [
				{
					"bendPositive": false,
					"stretch": true,
					"curve": [ 0.05, 1, 0.15, 1, 0.05, 0, 0.15, 0 ]
				},
				{
					"time": 0.2,
					"bendPositive": false,
					"stretch": true,
					"curve": [ 0.25, 1, 0.35, 1, 0.25, 0, 0.35, 0 ]
				},
				{
					"time": 0.4,
					"bendPositive": false,
					"stretch": true,
					"curve": [ 0.45, 1, 0.55, 1, 0.45, 0, 0.55, 0 ]
				},
				{ "time": 0.6, "bendPositive": false, "stretch": true }
			],
			"foot_2": [
				{
					"stretch": true,
					"curve": [ 0.05, 1, 0.15, 1, 0.05, 0, 0.15, 0 ]
				},
				{
					"time": 0.2,
					"stretch": true,
					"curve": [ 0.25, 1, 0.35, 1, 0.25, 0, 0.35, 0 ]
				},
				{
					"time": 0.4,
					"stretch": true,
					"curve": [ 0.45, 1, 0.55, 1, 0.45, 0, 0.55, 0 ]
				},
				{ "time": 0.6, "stretch": true }
			]
		},
		"drawOrder": [
			{
				"offsets": [
					{ "slot": "shoulder4", "offset": 7 }
				]
			},
			{
				"time": 0.6,
				"offsets": [
					{ "slot": "shoulder4", "offset": 7 }
				]
			}
		]
	},
	"t_169_1_win": {
		"slots": {
			"body": {
				"rgba": [
					{ "color": "000000ff" }
				]
			},
			"Emoji": {
				"attachment": [
					{ "name": "Emoji/new/emo_66" }
				]
			},
			"feeling_1": {
				"attachment": [
					{}
				]
			},
			"feeling_2": {
				"attachment": [
					{}
				]
			},
			"feeling_3": {
				"attachment": [
					{}
				]
			},
			"feeling_5": {
				"attachment": [
					{}
				]
			},
			"hair": {
				"attachment": [
					{}
				]
			},
			"head": {
				"rgba": [
					{ "color": "ffffffff" }
				],
				"attachment": [
					{ "name": "head" }
				]
			},
			"shoulder1": {
				"rgba": [
					{ "color": "000000ff" }
				],
				"attachment": [
					{ "name": "shoulder" }
				]
			},
			"shoulder2": {
				"rgba": [
					{ "color": "000000ff" }
				],
				"attachment": [
					{ "name": "shoulder" }
				]
			},
			"shoulder3": {
				"rgba": [
					{ "color": "000000ff" }
				],
				"attachment": [
					{ "name": "shoulder" }
				]
			},
			"shoulder4": {
				"rgba": [
					{ "color": "000000ff" }
				],
				"attachment": [
					{ "name": "shoulder" }
				]
			},
			"thigh": {
				"rgba": [
					{ "color": "000000ff" }
				]
			},
			"thigh2": {
				"rgba": [
					{ "color": "000000ff" }
				]
			},
			"thigh3": {
				"rgba": [
					{ "color": "000000ff" }
				]
			},
			"thigh4": {
				"rgba": [
					{ "color": "000000ff" }
				]
			}
		},
		"bones": {
			"head": {
				"rotate": [
					{ "value": -5.05 }
				],
				"translate": [
					{ "x": -6.55, "y": 3.43 }
				],
				"scale": [
					{}
				]
			},
			"root": {
				"rotate": [
					{}
				],
				"translate": [
					{}
				]
			},
			"main": {
				"rotate": [
					{ "value": 21.92 }
				],
				"translate": [
					{ "x": 2.48, "y": -33.81 }
				]
			},
			"hip": {
				"rotate": [
					{}
				],
				"translate": [
					{}
				]
			},
			"body": {
				"rotate": [
					{ "value": -2 }
				],
				"translate": [
					{}
				],
				"scale": [
					{}
				]
			},
			"body2": {
				"rotate": [
					{ "value": -2 }
				],
				"translate": [
					{}
				],
				"scale": [
					{}
				]
			},
			"body3": {
				"rotate": [
					{ "value": -2 }
				],
				"translate": [
					{}
				],
				"scale": [
					{}
				]
			},
			"body4": {
				"rotate": [
					{ "value": -2 }
				],
				"translate": [
					{}
				],
				"scale": [
					{}
				]
			},
			"body5": {
				"rotate": [
					{ "value": -2 }
				],
				"translate": [
					{}
				],
				"scale": [
					{}
				]
			},
			"body6": {
				"rotate": [
					{ "value": -2 }
				],
				"translate": [
					{}
				],
				"scale": [
					{}
				]
			},
			"body7": {
				"rotate": [
					{ "value": -2 }
				],
				"translate": [
					{}
				],
				"scale": [
					{}
				]
			},
			"body8": {
				"rotate": [
					{ "value": -2 }
				],
				"translate": [
					{}
				],
				"scale": [
					{}
				]
			},
			"feeling_3": {
				"rotate": [
					{}
				],
				"translate": [
					{}
				]
			},
			"emoji": {
				"rotate": [
					{ "value": -10.16 }
				],
				"translate": [
					{ "x": 14.86, "y": 25.11 }
				],
				"scale": [
					{ "x": 0.96, "y": 1.136 }
				]
			},
			"shouder_1": {
				"rotate": [
					{ "value": -70.79 }
				],
				"translate": [
					{ "x": 29.43, "y": 2.22 }
				],
				"scale": [
					{}
				]
			},
			"arm_1": {
				"rotate": [
					{ "value": -87.93 }
				],
				"translate": [
					{ "x": 2.02, "y": 0.08 }
				],
				"scale": [
					{}
				]
			},
			"shouder_2": {
				"rotate": [
					{ "value": 19.8 }
				],
				"translate": [
					{ "x": 27.26, "y": 1.68 }
				],
				"scale": [
					{}
				]
			},
			"arm_2": {
				"rotate": [
					{ "value": -144.97 }
				],
				"scale": [
					{ "x": 0.926 }
				]
			},
			"thigh_1": {
				"rotate": [
					{ "value": 24.72 }
				],
				"translate": [
					{}
				],
				"scale": [
					{}
				]
			},
			"leg_1": {
				"rotate": [
					{}
				],
				"translate": [
					{}
				]
			},
			"thigh_2": {
				"rotate": [
					{ "value": 39.21 }
				],
				"translate": [
					{}
				],
				"scale": [
					{}
				]
			},
			"leg_2": {
				"rotate": [
					{ "value": 18.14 }
				],
				"translate": [
					{}
				]
			},
			"foot_2": {
				"rotate": [
					{}
				],
				"translate": [
					{ "x": -190.55, "y": 89.55 }
				]
			},
			"foot_3": {
				"rotate": [
					{}
				],
				"translate": [
					{ "x": 198.8, "y": 87.15 }
				]
			},
			"feeling_5": {
				"rotate": [
					{}
				],
				"translate": [
					{}
				]
			},
			"feeling_1": {
				"rotate": [
					{ "value": 5.59 }
				],
				"translate": [
					{ "x": 112.38, "y": -59.8 }
				],
				"scale": [
					{ "x": 1.781, "y": 1.781 }
				]
			},
			"feeling_2": {
				"rotate": [
					{ "value": 23.87 }
				],
				"translate": [
					{ "x": -151.59, "y": -143.99 }
				],
				"scale": [
					{ "x": 1.18, "y": 1.664 }
				]
			},
			"move": {
				"translate": [
					{ "x": 119.99 }
				],
				"scale": [
					{ "x": -1 }
				]
			},
			"hair_1": {
				"rotate": [
					{ "value": -31.29 }
				],
				"translate": [
					{ "x": 122.04, "y": 565.27 }
				],
				"scale": [
					{ "x": 1.069, "y": 1.069 }
				]
			}
		},
		"ik": {
			"foot_1": [
				{ "stretch": true }
			],
			"foot_2": [
				{ "stretch": true }
			]
		},
		"drawOrder": [
			{
				"offsets": [
					{ "slot": "shoulder3", "offset": 12 },
					{ "slot": "shoulder2", "offset": 13 },
					{ "slot": "shoulder4", "offset": 11 }
				]
			}
		]
	}
}
}