{"model":{"version":3,"nodes":[{"name":"RootNode","position":[0,0,0],"rotation":[0,0,0],"scale":[0.0254,0.0254,0.0254],"scaleCompensation":false},{"name":"luces s3","position":[0.000104904,0,0],"rotation":[-90,-0,0],"scale":[1,1,1],"scaleCompensation":false},{"name":"Dummy028","position":[0.000104904,0,5.02776e-07],"rotation":[9.33467e-06,-0,0],"scale":[1,1,1],"scaleCompensation":false},{"name":"Dummy029","position":[-363.377,235.333,63.7578],"rotation":[0,0,0],"scale":[0.007745,0.007745,0.007745],"scaleCompensation":false},{"name":"Dummy046","position":[0,23.0469,0],"rotation":[-9.26325e-13,-0,0],"scale":[0.219745,0.219745,0.219745],"scaleCompensation":false},{"name":"Dummy030","position":[-315.118,248.223,63.7578],"rotation":[0,0,0],"scale":[0.007745,0.007745,0.007745],"scaleCompensation":false},{"name":"Dummy047","position":[0,23.0469,0],"rotation":[-9.26325e-13,-0,0],"scale":[0.219745,0.219745,0.219745],"scaleCompensation":false},{"name":"Dummy031","position":[-263.198,250.824,63.7578],"rotation":[0,0,0],"scale":[0.007745,0.007745,0.007745],"scaleCompensation":false},{"name":"Dummy048","position":[0,23.0469,0],"rotation":[-9.26325e-13,-0,0],"scale":[0.219745,0.219745,0.219745],"scaleCompensation":false},{"name":"Dummy032","position":[-209.13,244.137,63.7578],"rotation":[0,0,0],"scale":[0.007745,0.007745,0.007745],"scaleCompensation":false},{"name":"Dummy049","position":[0,23.0469,0],"rotation":[-9.26325e-13,-0,0],"scale":[0.219745,0.219745,0.219745],"scaleCompensation":false},{"name":"Dummy033","position":[-159.463,225.16,63.7578],"rotation":[0,0,0],"scale":[0.007745,0.007745,0.007745],"scaleCompensation":false},{"name":"Dummy050","position":[0,23.0469,0],"rotation":[-9.26325e-13,-0,0],"scale":[0.219745,0.219745,0.219745],"scaleCompensation":false},{"name":"Dummy034","position":[-135.118,270.291,63.7578],"rotation":[0,0,0],"scale":[0.007745,0.007745,0.007745],"scaleCompensation":false},{"name":"Dummy051","position":[0,23.0469,0],"rotation":[-9.26325e-13,-0,0],"scale":[0.219745,0.219745,0.219745],"scaleCompensation":false},{"name":"Dummy035","position":[-95.8382,309.103,63.7578],"rotation":[0,0,0],"scale":[0.007745,0.007745,0.007745],"scaleCompensation":false},{"name":"Dummy052","position":[0,23.0469,0],"rotation":[-9.26325e-13,-0,0],"scale":[0.219745,0.219745,0.219745],"scaleCompensation":false},{"name":"Dummy036","position":[-47.6009,338.433,63.7578],"rotation":[0,0,0],"scale":[0.007745,0.007745,0.007745],"scaleCompensation":false},{"name":"Dummy053","position":[0,23.0508,0],"rotation":[-9.26325e-13,-0,0],"scale":[0.219745,0.219745,0.219745],"scaleCompensation":false},{"name":"Dummy037","position":[-0.215005,364.572,63.7578],"rotation":[0,0,0],"scale":[0.007745,0.007745,0.007745],"scaleCompensation":false},{"name":"Dummy054","position":[0,23.0508,0],"rotation":[-9.26325e-13,-0,0],"scale":[0.219745,0.219745,0.219745],"scaleCompensation":false},{"name":"Dummy038","position":[47.5974,338.434,63.7578],"rotation":[0,0,0],"scale":[0.007745,0.007745,0.007745],"scaleCompensation":false},{"name":"Dummy055","position":[0,23.0508,0],"rotation":[-9.26325e-13,-0,0],"scale":[0.219745,0.219745,0.219745],"scaleCompensation":false},{"name":"Dummy039","position":[95.8501,309.122,63.7578],"rotation":[0,0,0],"scale":[0.007745,0.007745,0.007745],"scaleCompensation":false},{"name":"Dummy056","position":[0,23.0508,0],"rotation":[-9.26325e-13,-0,0],"scale":[0.219745,0.219745,0.219745],"scaleCompensation":false},{"name":"Dummy040","position":[135.118,270.312,63.7578],"rotation":[0,0,0],"scale":[0.007745,0.007745,0.007745],"scaleCompensation":false},{"name":"Dummy057","position":[0,23.0508,0],"rotation":[-9.26325e-13,-0,0],"scale":[0.219745,0.219745,0.219745],"scaleCompensation":false},{"name":"Dummy041","position":[159.488,225.189,63.7578],"rotation":[0,0,0],"scale":[0.007745,0.007745,0.007745],"scaleCompensation":false},{"name":"Dummy058","position":[0,23.0469,0],"rotation":[-9.26325e-13,-0,0],"scale":[0.219745,0.219745,0.219745],"scaleCompensation":false},{"name":"Dummy042","position":[209.102,244.15,63.7578],"rotation":[0,0,0],"scale":[0.007745,0.007745,0.007745],"scaleCompensation":false},{"name":"Dummy059","position":[0,23.0469,0],"rotation":[-9.26325e-13,-0,0],"scale":[0.219745,0.219745,0.219745],"scaleCompensation":false},{"name":"Dummy043","position":[263.254,250.919,63.7578],"rotation":[0,0,0],"scale":[0.007745,0.007745,0.007745],"scaleCompensation":false},{"name":"Dummy060","position":[0,23.0469,0],"rotation":[-9.26325e-13,-0,0],"scale":[0.219745,0.219745,0.219745],"scaleCompensation":false},{"name":"Dummy044","position":[315.115,248.225,63.7578],"rotation":[0,0,0],"scale":[0.007745,0.007745,0.007745],"scaleCompensation":false},{"name":"Dummy061","position":[0,23.0469,0],"rotation":[-9.26325e-13,-0,0],"scale":[0.219745,0.219745,0.219745],"scaleCompensation":false},{"name":"Dummy045","position":[363.394,235.585,63.7578],"rotation":[0,0,0],"scale":[0.007745,0.007745,0.007745],"scaleCompensation":false},{"name":"Dummy062","position":[0,23.0469,0],"rotation":[-9.26325e-13,-0,0],"scale":[0.219745,0.219745,0.219745],"scaleCompensation":false}],"parents":[-1,0,0,2,3,2,5,2,7,2,9,2,11,2,13,2,15,2,17,2,19,2,21,2,23,2,25,2,27,2,29,2,31,2,33,2,35],"skins":[{"inverseBindMatrices":[[1,-0,0,0,0,1,-1.62921e-07,0,0,1.62921e-07,1,0,363.377,-235.333,-63.7578,1],[1,-0,0,0,0,1,-1.62921e-07,0,0,1.62921e-07,1,0,315.118,-248.223,-63.7578,1],[1,-0,0,0,0,1,-1.62921e-07,0,0,1.62921e-07,1,0,263.198,-250.824,-63.7578,1],[1,-0,0,0,0,1,-1.62921e-07,0,0,1.62921e-07,1,0,209.13,-244.137,-63.7578,1],[1,-0,0,0,0,1,-1.62921e-07,0,0,1.62921e-07,1,0,159.463,-225.16,-63.7578,1],[1,-0,0,0,0,1,-1.62921e-07,0,0,1.62921e-07,1,0,135.118,-270.291,-63.7578,1],[1,-0,0,0,0,1,-1.62921e-07,0,0,1.62921e-07,1,0,95.8382,-309.103,-63.7578,1],[1,-0,0,0,0,1,-1.62921e-07,0,0,1.62921e-07,1,0,47.6009,-338.433,-63.7578,1],[1,-0,0,0,0,1,-1.62921e-07,0,0,1.62921e-07,1,0,0.215005,-364.572,-63.7578,1],[1,-0,0,0,0,1,-1.62921e-07,0,0,1.62921e-07,1,0,-47.5974,-338.434,-63.7578,1],[1,-0,0,0,0,1,-1.62921e-07,0,0,1.62921e-07,1,0,-95.8501,-309.122,-63.7578,1],[1,-0,0,0,0,1,-1.62921e-07,0,0,1.62921e-07,1,0,-135.118,-270.312,-63.7578,1],[1,-0,0,0,0,1,-1.62921e-07,0,0,1.62921e-07,1,0,-159.488,-225.189,-63.7578,1],[1,-0,0,0,0,1,-1.62921e-07,0,0,1.62921e-07,1,0,-209.102,-244.15,-63.7578,1],[1,-0,0,0,0,1,-1.62921e-07,0,0,1.62921e-07,1,0,-263.254,-250.919,-63.7578,1],[1,-0,0,0,0,1,-1.62921e-07,0,0,1.62921e-07,1,0,-315.115,-248.225,-63.7578,1],[1,-0,0,0,0,1,-1.62921e-07,0,0,1.62921e-07,1,0,-363.394,-235.585,-63.7578,1]],"boneNames":["Dummy029","Dummy030","Dummy031","Dummy032","Dummy033","Dummy034","Dummy035","Dummy036","Dummy037","Dummy038","Dummy039","Dummy040","Dummy041","Dummy042","Dummy043","Dummy044","Dummy045"]}],"morphs":[],"vertices":[{"position":{"type":"float32","components":3,"data":[394.485,204.476,63.7578,394.485,266.654,63.7578,332.307,266.654,63.7578,332.307,204.476,63.7578,346.202,217.112,63.7578,346.202,279.289,63.7578,284.025,279.289,63.7578,284.025,217.112,63.7578,294.332,219.8,63.7578,294.332,281.977,63.7578,232.155,281.977,63.7578,232.155,219.8,63.7578,240.187,213.041,63.7578,240.187,275.219,63.7578,178.009,275.219,63.7578,178.009,213.041,63.7578,190.554,194.083,63.7578,190.554,256.26,63.7578,128.376,256.26,63.7578,128.376,194.083,63.7578,166.185,239.209,63.7578,166.185,301.387,63.7578,104.007,301.387,63.7578,104.007,239.209,63.7578,126.945,278.014,63.7578,126.945,340.192,63.7579,64.7669,340.192,63.7579,64.7669,278.014,63.7578,78.6701,307.34,63.7578,78.6701,369.518,63.7579,16.4925,369.518,63.7579,16.4925,307.34,63.7578,30.8752,395.682,63.7579,-31.3024,395.682,63.7579,-31.3024,333.504,63.7578,30.8752,333.504,63.7578,-16.4969,369.518,63.7579,-78.6745,369.518,63.7579,-78.6745,307.34,63.7578,-16.4969,307.34,63.7578,-64.7713,340.192,63.7579,-126.949,340.192,63.7579,-126.949,278.014,63.7578,-64.7713,278.014,63.7578,-104.012,301.387,63.7578,-166.189,301.387,63.7578,-166.189,239.209,63.7578,-104.012,239.209,63.7578,-128.381,256.26,63.7578,-190.558,256.26,63.7578,-190.558,194.083,63.7578,-128.381,194.083,63.7578,-178.013,275.219,63.7578,-240.191,275.219,63.7578,-240.191,213.041,63.7578,-178.013,213.041,63.7578,-232.159,281.977,63.7578,-294.337,281.977,63.7578,-294.337,219.8,63.7578,-232.159,219.8,63.7578,-284.029,279.289,63.7578,-346.207,279.289,63.7578,-346.207,217.112,63.7578,-284.029,217.112,63.7578,-332.311,266.654,63.7578,-394.489,266.654,63.7578,-394.489,204.476,63.7578,-332.311,204.476,63.7578]},"normal":{"type":"float32","components":3,"data":[0,-3.6811e-07,1,0,-3.6811e-07,1,0,-3.6811e-07,1,0,-3.6811e-07,1,0,-3.6811e-07,1,0,-3.6811e-07,1,0,-3.6811e-07,1,0,-3.6811e-07,1,0,-3.06758e-07,1,0,-3.06758e-07,1,0,-3.06758e-07,1,0,-3.06758e-07,1,0,-3.06758e-07,1,0,-3.06758e-07,1,0,-3.06758e-07,1,0,-3.06758e-07,1,0,-3.06758e-07,1,0,-3.06758e-07,1,0,-3.06758e-07,1,0,-3.06758e-07,1,0,-3.06758e-07,1,0,-3.06758e-07,1,0,-3.06758e-07,1,0,-3.06758e-07,1,0,-3.6811e-07,1,0,-3.6811e-07,1,0,-3.6811e-07,1,0,-3.6811e-07,1,0,-3.06758e-07,1,0,-3.06758e-07,1,0,-3.06758e-07,1,0,-3.06758e-07,1,0,-3.06758e-07,1,0,-3.06758e-07,1,0,-3.06758e-07,1,0,-3.06758e-07,1,0,-3.06758e-07,1,0,-3.06758e-07,1,0,-3.06758e-07,1,0,-3.06758e-07,1,0,-3.6811e-07,1,0,-3.6811e-07,1,0,-3.6811e-07,1,0,-3.6811e-07,1,0,-3.06758e-07,1,0,-3.06758e-07,1,0,-3.06758e-07,1,0,-3.06758e-07,1,0,-3.06758e-07,1,0,-3.06758e-07,1,0,-3.06758e-07,1,0,-3.06758e-07,1,0,-3.06758e-07,1,0,-3.06758e-07,1,0,-3.06758e-07,1,0,-3.06758e-07,1,0,-3.06758e-07,1,0,-3.06758e-07,1,0,-3.06758e-07,1,0,-3.06758e-07,1,0,-3.6811e-07,1,0,-3.6811e-07,1,0,-3.6811e-07,1,0,-3.6811e-07,1,0,-3.6811e-07,1,0,-3.6811e-07,1,0,-3.6811e-07,1,0,-3.6811e-07,1]},"blendIndices":{"type":"uint8","components":4,"data":[16,0,0,0,16,0,0,0,16,0,0,0,16,0,0,0,15,0,0,0,15,0,0,0,15,0,0,0,15,0,0,0,14,0,0,0,14,0,0,0,14,0,0,0,14,0,0,0,13,0,0,0,13,0,0,0,13,0,0,0,13,0,0,0,12,0,0,0,12,0,0,0,12,0,0,0,12,0,0,0,11,0,0,0,11,0,0,0,11,0,0,0,11,0,0,0,10,0,0,0,10,0,0,0,10,0,0,0,10,0,0,0,9,0,0,0,9,0,0,0,9,0,0,0,9,0,0,0,8,0,0,0,8,0,0,0,8,0,0,0,8,0,0,0,7,0,0,0,7,0,0,0,7,0,0,0,7,0,0,0,6,0,0,0,6,0,0,0,6,0,0,0,6,0,0,0,5,0,0,0,5,0,0,0,5,0,0,0,5,0,0,0,4,0,0,0,4,0,0,0,4,0,0,0,4,0,0,0,3,0,0,0,3,0,0,0,3,0,0,0,3,0,0,0,2,0,0,0,2,0,0,0,2,0,0,0,2,0,0,0,1,0,0,0,1,0,0,0,1,0,0,0,1,0,0,0,0,0,0,0,0,0,0,0,0,0,0,0,0,0,0,0]},"blendWeight":{"type":"float32","components":4,"data":[1,0,0,0,1,0,0,0,1,0,0,0,1,0,0,0,1,0,0,0,1,0,0,0,1,0,0,0,1,0,0,0,1,0,0,0,1,0,0,0,1,0,0,0,1,0,0,0,1,0,0,0,1,0,0,0,1,0,0,0,1,0,0,0,1,0,0,0,1,0,0,0,1,0,0,0,1,0,0,0,1,0,0,0,1,0,0,0,1,0,0,0,1,0,0,0,1,0,0,0,1,0,0,0,1,0,0,0,1,0,0,0,1,0,0,0,1,0,0,0,1,0,0,0,1,0,0,0,1,0,0,0,1,0,0,0,1,0,0,0,1,0,0,0,1,0,0,0,1,0,0,0,1,0,0,0,1,0,0,0,1,0,0,0,1,0,0,0,1,0,0,0,1,0,0,0,1,0,0,0,1,0,0,0,1,0,0,0,1,0,0,0,1,0,0,0,1,0,0,0,1,0,0,0,1,0,0,0,1,0,0,0,1,0,0,0,1,0,0,0,1,0,0,0,1,0,0,0,1,0,0,0,1,0,0,0,1,0,0,0,1,0,0,0,1,0,0,0,1,0,0,0,1,0,0,0,1,0,0,0,1,0,0,0,1,0,0,0,1,0,0,0]},"texCoord0":{"type":"float32","components":2,"data":[0.44804,0.0261672,0.44804,0.564777,0.986649,0.564777,0.986649,0.0261672,0.44804,0.0261672,0.44804,0.564777,0.986649,0.564777,0.986649,0.0261672,0.44804,0.0261672,0.44804,0.564777,0.986649,0.564777,0.986649,0.0261672,0.44804,0.0261672,0.44804,0.564777,0.986649,0.564777,0.986649,0.0261672,0.44804,0.0261672,0.44804,0.564777,0.986649,0.564777,0.986649,0.0261672,0.44804,0.0261672,0.44804,0.564777,0.986649,0.564777,0.986649,0.0261672,0.44804,0.0261672,0.44804,0.564777,0.986649,0.564777,0.986649,0.0261672,0.44804,0.0261672,0.44804,0.564777,0.986649,0.564777,0.986649,0.0261672,0.986649,0.564777,0.44804,0.564777,0.44804,0.0261672,0.986649,0.0261672,0.986649,0.564777,0.44804,0.564777,0.44804,0.0261672,0.986649,0.0261672,0.986649,0.564777,0.44804,0.564777,0.44804,0.0261672,0.986649,0.0261672,0.986649,0.564777,0.44804,0.564777,0.44804,0.0261672,0.986649,0.0261672,0.986649,0.564777,0.44804,0.564777,0.44804,0.0261672,0.986649,0.0261672,0.986649,0.564777,0.44804,0.564777,0.44804,0.0261672,0.986649,0.0261672,0.986649,0.564777,0.44804,0.564777,0.44804,0.0261672,0.986649,0.0261672,0.986649,0.564777,0.44804,0.564777,0.44804,0.0261672,0.986649,0.0261672,0.986649,0.564777,0.44804,0.564777,0.44804,0.0261672,0.986649,0.0261672]}}],"meshes":[{"aabb":{"min":[-394.489,194.083,63.7578],"max":[394.485,395.682,63.7579]},"vertices":0,"skin":0,"indices":[0,1,2,2,3,0,4,5,6,6,7,4,8,9,10,10,11,8,12,13,14,14,15,12,16,17,18,18,19,16,20,21,22,22,23,20,24,25,26,26,27,24,28,29,30,30,31,28,32,33,34,34,35,32,36,37,38,38,39,36,40,41,42,42,43,40,44,45,46,46,47,44,48,49,50,50,51,48,52,53,54,54,55,52,56,57,58,58,59,56,60,61,62,62,63,60,64,65,66,66,67,64],"type":"triangles","base":0,"count":102}],"meshInstances":[{"node":1,"mesh":0}]}}