{
"skeleton": { "hash": "HXYZMkN1hb4", "spine": "4.1.24", "x": -388.28, "y": -425.09, "width": 724.41, "height": 1282.48 },
"bones": [
	{ "name": "root", "rotation": 0.2 },
	{ "name": "move", "parent": "root", "x": -119.99, "scaleX": -1 },
	{ "name": "main", "parent": "move", "y": 256.6 },
	{ "name": "hip", "parent": "main" },
	{ "name": "body", "parent": "hip", "length": 26.97, "rotation": 90 },
	{ "name": "body2", "parent": "body", "length": 26.97, "x": 26.97 },
	{ "name": "body3", "parent": "body2", "length": 26.97, "x": 26.97 },
	{ "name": "body4", "parent": "body3", "length": 26.97, "rotation": -0.06, "x": 26.97 },
	{ "name": "body5", "parent": "body4", "length": 26.97, "x": 26.97 },
	{ "name": "body6", "parent": "body5", "length": 26.97, "x": 26.97 },
	{ "name": "body7", "parent": "body6", "length": 26.97, "x": 26.97 },
	{ "name": "body8", "parent": "body7", "length": 26.97, "x": 26.97 },
	{ "name": "head", "parent": "body8", "length": 135.67, "x": 24.75 },
	{ "name": "feeling_3", "parent": "head", "rotation": -0.18, "x": 87.53, "y": 30.96 },
	{ "name": "emoji", "parent": "head", "rotation": -90, "x": 62, "y": 1.49 },
	{ "name": "shouder_1", "parent": "body7", "length": 100.06, "rotation": -90, "x": 15.39, "y": 0.02 },
	{ "name": "arm_1", "parent": "shouder_1", "length": 100.06, "x": 94.79 },
	{ "name": "shouder_2", "parent": "body7", "length": 100.06, "rotation": 90, "x": 15.39, "y": 0.02 },
	{ "name": "arm_2", "parent": "shouder_2", "length": 100.06, "x": 94.79 },
	{ "name": "thigh_1", "parent": "main", "length": 134.15, "rotation": -90, "x": -0.54, "y": 4.23 },
	{ "name": "leg_1", "parent": "thigh_1", "length": 134.15, "x": 128.14 },
	{ "name": "thigh_2", "parent": "main", "length": 134.15, "rotation": -90, "x": -0.1, "y": 4.23 },
	{ "name": "leg_2", "parent": "thigh_2", "length": 134.15, "x": 128.14 },
	{ "name": "foot_2", "parent": "move", "x": 0.16, "y": -2.18 },
	{ "name": "foot_3", "parent": "move", "x": 0.1, "y": -2.12 },
	{
		"name": "feeling_5",
		"parent": "head",
		"rotation": -0.18,
		"x": 87.53,
		"y": -25.11,
		"scaleX": 2,
		"scaleY": 2
	},
	{ "name": "item_1", "parent": "move", "x": -1.93, "y": 450.24 },
	{ "name": "feeling_1", "parent": "main", "rotation": -20.17, "x": 72.35, "y": 376.02 },
	{ "name": "feeling_2", "parent": "main", "rotation": -20.17, "x": 72.35, "y": 376.02 },
	{ "name": "hair_1", "parent": "main", "rotation": 0.07, "x": -120, "y": -254.77 },
	{
		"name": "feeling_4",
		"parent": "head",
		"rotation": -0.18,
		"x": 87.53,
		"y": -25.11,
		"scaleX": 2,
		"scaleY": 2
	},
	{ "name": "item_tay", "parent": "arm_2", "x": 101.01, "y": -1.25 }
],
"slots": [
	{ "name": "bg_gane_play", "bone": "root", "color": "ffffff4f" },
	{ "name": "item", "bone": "item_1" },
	{ "name": "body", "bone": "hip", "color": "000000ff", "attachment": "body" },
	{ "name": "shoulder1", "bone": "shouder_1", "color": "000000ff" },
	{ "name": "shoulder3", "bone": "shouder_2", "color": "000000ff" },
	{ "name": "shoulder2", "bone": "arm_1", "color": "000000ff" },
	{ "name": "shoulder4", "bone": "arm_2", "color": "000000ff" },
	{ "name": "thigh", "bone": "thigh_1", "color": "000000ff", "attachment": "thigh" },
	{ "name": "thigh3", "bone": "thigh_2", "color": "000000ff", "attachment": "thigh" },
	{ "name": "thigh2", "bone": "leg_1", "color": "000000ff", "attachment": "thigh" },
	{ "name": "thigh4", "bone": "leg_2", "color": "000000ff", "attachment": "thigh" },
	{ "name": "head", "bone": "head", "attachment": "head" },
	{ "name": "hair", "bone": "hair_1" },
	{ "name": "Emoji", "bone": "emoji" },
	{ "name": "feeling_3", "bone": "feeling_3", "color": "000000ff" },
	{ "name": "feeling_5", "bone": "feeling_5" },
	{ "name": "feeling_4", "bone": "feeling_4" },
	{ "name": "feeling_1", "bone": "feeling_1" },
	{ "name": "feeling_2", "bone": "feeling_2" },
	{ "name": "item_tay", "bone": "item_tay" }
],
"ik": [
	{
		"name": "foot_1",
		"bones": [ "thigh_1", "leg_1" ],
		"target": "foot_2",
		"mix": 0,
		"stretch": true
	},
	{
		"name": "foot_2",
		"order": 1,
		"bones": [ "thigh_2", "leg_2" ],
		"target": "foot_3",
		"mix": 0,
		"stretch": true
	}
],
"skins": [
	{
		"name": "default",
		"attachments": {
			"body": {
				"body": {
					"type": "mesh",
					"uvs": [ 1, 1, 0, 1, 0, 0.875, 0, 0.75, 0, 0.625, 0, 0.5, 0, 0.375, 0, 0.25, 0, 0.125, 0, 0, 1, 0, 1, 0.125, 1, 0.25, 1, 0.375, 1, 0.5, 1, 0.625, 1, 0.75, 1, 0.875 ],
					"triangles": [ 8, 9, 10, 11, 8, 10, 7, 8, 11, 12, 7, 11, 6, 7, 12, 13, 6, 12, 5, 6, 13, 14, 5, 13, 4, 5, 14, 15, 4, 14, 3, 4, 15, 16, 3, 15, 2, 3, 16, 17, 2, 16, 1, 2, 17, 0, 1, 17 ],
					"vertices": [ 1, 4, -1.7, -5.5, 1, 1, 4, -1.7, 5.5, 1, 2, 4, 25.68, 5.5, 0.70301, 5, -1.29, 5.5, 0.29699, 2, 5, 26.08, 5.5, 0.65569, 6, -0.88, 5.5, 0.34431, 2, 6, 26.49, 5.5, 0.55905, 7, -0.48, 5.5, 0.44095, 2, 7, 26.9, 5.5, 0.51367, 8, -0.07, 5.5, 0.48633, 2, 8, 27.3, 5.5, 0.41705, 9, 0.33, 5.5, 0.58295, 2, 9, 27.71, 5.5, 0.38565, 10, 0.74, 5.5, 0.61435, 2, 10, 28.11, 5.5, 0.36868, 11, 1.14, 5.5, 0.63132, 1, 11, 28.52, 5.5, 1, 1, 11, 28.52, -5.5, 1, 2, 10, 28.11, -5.5, 0.3064, 11, 1.14, -5.5, 0.6936, 2, 9, 27.71, -5.5, 0.40945, 10, 0.74, -5.5, 0.59055, 2, 8, 27.3, -5.5, 0.44404, 9, 0.33, -5.5, 0.55596, 2, 7, 26.9, -5.5, 0.52991, 8, -0.07, -5.5, 0.47009, 2, 6, 26.49, -5.5, 0.58474, 7, -0.48, -5.5, 0.41526, 2, 5, 26.08, -5.5, 0.62061, 6, -0.88, -5.5, 0.37939, 2, 4, 25.68, -5.5, 0.65664, 5, -1.29, -5.5, 0.34336 ],
					"hull": 18
				}
			},
			"Emoji": {
				"Emoji/dau lau": { "y": 0.5, "width": 114, "height": 105 },
				"Emoji/emo_40": { "x": 0.5, "y": 0.5, "width": 105, "height": 75 },
				"Emoji/emo_57_c": { "x": 0.5, "y": 0.5, "width": 101, "height": 101 },
				"Emoji/emo_84_b": { "y": 0.5, "width": 90, "height": 91 },
				"Emoji/emo_87": { "y": 0.5, "width": 118, "height": 119 },
				"Emoji/new/emo_51": { "x": 0.5, "width": 74, "height": 65 },
				"Emoji/new/emo_55_e": { "y": 0.5, "width": 96, "height": 89 }
			},
			"feeling_1": {
				"giat_minh": { "width": 70, "height": 66 },
				"mo_hoi": { "x": 0.5, "y": 0.5, "width": 19, "height": 41 }
			},
			"feeling_2": {
				"Emoji/hoi_cham": { "width": 30, "height": 52 },
				"giat_minh": { "x": 0.5, "y": 0.5, "width": 70, "height": 66 },
				"mo_hoi": { "x": 0.5, "y": 0.5, "width": 19, "height": 41 }
			},
			"feeling_3": {
				"cauco": { "width": 50, "height": 45 },
				"cham_than": { "x": -18.07, "y": -0.4, "rotation": -96.51, "width": 17, "height": 57 },
				"Emoji/hoi_cham": { "width": 30, "height": 52 },
				"scare": { "width": 80, "height": 83 },
				"xiu": { "y": 0.5, "width": 47, "height": 42 }
			},
			"feeling_4": {
				"giat_minh": { "width": 70, "height": 66 },
				"run": { "x": -0.36, "y": 7.5, "rotation": -89.44, "width": 13, "height": 27 },
				"scare": { "y": 0.5, "width": 80, "height": 83 }
			},
			"feeling_5": {
				"Emoji/hoi_cham": { "width": 30, "height": 52 },
				"run": { "x": -0.36, "y": 7.5, "rotation": -89.44, "width": 13, "height": 27 },
				"scare": { "y": 0.5, "width": 80, "height": 83 }
			},
			"hair": {
				"hair/man/toc_8": { "x": 0.5, "width": 133, "height": 84 }
			},
			"head": {
				"head": { "x": 68.85, "rotation": -89.87, "width": 144, "height": 144 },
				"head_7": { "x": 65.26, "y": -3.78, "rotation": -89.46, "width": 144, "height": 144 }
			},
			"item": {
				"item/tia_set_4": { "x": 0.5, "scaleX": 2, "scaleY": 2, "width": 241, "height": 190 }
			},
			"shoulder1": {
				"shoulder": { "x": 49.22, "rotation": -90, "width": 15, "height": 105 }
			},
			"shoulder2": {
				"shoulder": { "x": 49.22, "rotation": -90, "width": 15, "height": 105 }
			},
			"shoulder3": {
				"shoulder": { "x": 49.22, "rotation": -90, "width": 15, "height": 105 }
			},
			"shoulder4": {
				"shoulder": { "x": 50.57, "rotation": -90, "width": 15, "height": 105 }
			},
			"thigh": {
				"thigh": { "x": 66.01, "rotation": -90, "width": 14, "height": 137 }
			},
			"thigh2": {
				"thigh": { "x": 66.01, "rotation": -90, "width": 14, "height": 137 }
			},
			"thigh3": {
				"thigh": { "x": 66.01, "rotation": -90, "width": 14, "height": 137 }
			},
			"thigh4": {
				"thigh": { "x": 66.01, "rotation": -90, "width": 14, "height": 137 }
			}
		}
	}
],
"animations": {
	"t_211_1_be": {
		"slots": {
			"body": {
				"rgba": [
					{ "color": "000000ff" }
				]
			},
			"Emoji": {
				"attachment": [
					{ "name": "Emoji/new/emo_51" }
				]
			},
			"feeling_1": {
				"attachment": [
					{ "name": "mo_hoi" }
				]
			},
			"feeling_2": {
				"attachment": [
					{ "name": "mo_hoi" }
				]
			},
			"feeling_3": {
				"attachment": [
					{ "name": "cauco" }
				]
			},
			"feeling_5": {
				"attachment": [
					{}
				]
			},
			"hair": {
				"attachment": [
					{}
				]
			},
			"head": {
				"rgba": [
					{ "color": "ffb8b8ff" }
				],
				"attachment": [
					{ "name": "head" }
				]
			},
			"shoulder1": {
				"rgba": [
					{ "color": "000000ff" }
				],
				"attachment": [
					{}
				]
			},
			"shoulder2": {
				"rgba": [
					{ "color": "000000ff" }
				],
				"attachment": [
					{}
				]
			},
			"shoulder3": {
				"rgba": [
					{ "color": "000000ff" }
				],
				"attachment": [
					{ "name": "shoulder" }
				]
			},
			"shoulder4": {
				"rgba": [
					{ "color": "000000ff" }
				],
				"attachment": [
					{ "name": "shoulder" }
				]
			},
			"thigh": {
				"rgba": [
					{ "color": "000000ff" }
				],
				"attachment": [
					{}
				]
			},
			"thigh2": {
				"rgba": [
					{ "color": "000000ff" }
				],
				"attachment": [
					{}
				]
			},
			"thigh3": {
				"rgba": [
					{ "color": "000000ff" }
				],
				"attachment": [
					{}
				]
			},
			"thigh4": {
				"rgba": [
					{ "color": "000000ff" }
				],
				"attachment": [
					{}
				]
			}
		},
		"bones": {
			"head": {
				"rotate": [
					{ "value": -175.3 }
				],
				"translate": [
					{ "x": -76.27, "y": 1.58 }
				],
				"scale": [
					{ "x": -1 }
				]
			},
			"root": {
				"rotate": [
					{}
				],
				"translate": [
					{}
				]
			},
			"main": {
				"rotate": [
					{ "value": -3.77 }
				],
				"translate": [
					{ "x": -2.33, "y": -259.23 }
				]
			},
			"hip": {
				"rotate": [
					{}
				],
				"translate": [
					{}
				]
			},
			"body": {
				"rotate": [
					{ "value": 0.51 }
				]
			},
			"body2": {
				"rotate": [
					{ "value": 0.51 }
				]
			},
			"body3": {
				"rotate": [
					{ "value": 0.51 }
				]
			},
			"body4": {
				"rotate": [
					{ "value": -0.4 }
				],
				"translate": [
					{ "x": -16.1, "y": 0.96 }
				]
			},
			"body5": {
				"rotate": [
					{ "value": -2.47 }
				]
			},
			"body6": {
				"rotate": [
					{ "value": 1.09 }
				],
				"translate": [
					{ "x": -16.73, "y": 0.57 }
				]
			},
			"body7": {
				"rotate": [
					{ "value": 0.51 }
				]
			},
			"body8": {
				"rotate": [
					{ "value": 0.51 }
				]
			},
			"feeling_3": {
				"rotate": [
					{ "value": -171.23 }
				],
				"translate": [
					{ "x": 10.61, "y": 10.59 }
				],
				"scale": [
					{ "x": 0.857, "y": 0.857 }
				]
			},
			"emoji": {
				"rotate": [
					{ "value": -0.42 }
				],
				"translate": [
					{ "x": -4.65, "y": -7.63 }
				],
				"scale": [
					{ "x": -1.209, "y": 1.209 }
				]
			},
			"shouder_1": {
				"rotate": [
					{ "value": -48.42 }
				],
				"translate": [
					{ "x": 0.02, "y": -3.67 }
				],
				"scale": [
					{}
				],
				"shear": [
					{}
				]
			},
			"arm_1": {
				"rotate": [
					{ "value": -33.67 }
				],
				"translate": [
					{ "x": 2.02, "y": 0.08 }
				],
				"scale": [
					{}
				]
			},
			"shouder_2": {
				"rotate": [
					{ "value": 45.18 }
				],
				"translate": [
					{ "x": -19.86, "y": 4.22 }
				],
				"scale": [
					{}
				]
			},
			"arm_2": {
				"rotate": [
					{ "value": 103.45 }
				],
				"translate": [
					{}
				],
				"scale": [
					{ "x": 0.853 }
				]
			},
			"thigh_1": {
				"rotate": [
					{ "value": -44.84 }
				],
				"translate": [
					{}
				],
				"scale": [
					{ "x": 0.896 }
				]
			},
			"leg_1": {
				"rotate": [
					{ "value": 45.63 }
				],
				"translate": [
					{}
				],
				"scale": [
					{}
				]
			},
			"thigh_2": {
				"rotate": [
					{ "value": -37.54 }
				],
				"translate": [
					{}
				],
				"scale": [
					{ "x": 0.895 }
				]
			},
			"leg_2": {
				"rotate": [
					{ "value": 38.6 }
				],
				"translate": [
					{}
				],
				"scale": [
					{}
				]
			},
			"foot_2": {
				"rotate": [
					{ "value": -1.35 }
				],
				"translate": [
					{ "x": 37.63, "y": 6.74 }
				]
			},
			"foot_3": {
				"rotate": [
					{}
				],
				"translate": [
					{ "x": 93.59, "y": 0.41 }
				]
			},
			"feeling_5": {
				"rotate": [
					{}
				],
				"translate": [
					{ "x": 54.22, "y": -165.06 }
				],
				"scale": [
					{ "x": 0.626, "y": 0.626 }
				]
			},
			"move": {
				"translate": [
					{ "x": 119.99, "y": 0.08 }
				],
				"scale": [
					{}
				]
			},
			"feeling_1": {
				"rotate": [
					{ "value": 18.58 }
				],
				"translate": [
					{ "x": -23.33, "y": -218.2 }
				],
				"scale": [
					{ "x": 0.68, "y": 0.68 }
				]
			},
			"feeling_2": {
				"rotate": [
					{ "value": 21.8 }
				],
				"translate": [
					{ "x": -133.43, "y": -176.56 }
				],
				"scale": [
					{ "x": 0.558, "y": 0.558 }
				]
			},
			"hair_1": {
				"rotate": [
					{ "value": -27.42 }
				],
				"translate": [
					{ "x": 171.38, "y": 605.01 }
				],
				"scale": [
					{}
				]
			}
		},
		"ik": {
			"foot_1": [
				{ "bendPositive": false, "stretch": true }
			],
			"foot_2": [
				{ "bendPositive": false, "stretch": true }
			]
		},
		"drawOrder": [
			{
				"offsets": [
					{ "slot": "shoulder4", "offset": -3 },
					{ "slot": "feeling_3", "offset": 2 }
				]
			}
		]
	},
	"t_211_1_lose": {
		"slots": {
			"body": {
				"rgba": [
					{ "color": "000000ff" }
				]
			},
			"Emoji": {
				"attachment": [
					{ "name": "Emoji/emo_40" }
				]
			},
			"feeling_1": {
				"attachment": [
					{ "name": "mo_hoi" }
				]
			},
			"feeling_2": {
				"attachment": [
					{}
				]
			},
			"feeling_3": {
				"attachment": [
					{ "name": "xiu" }
				]
			},
			"feeling_4": {
				"attachment": [
					{ "name": "run" }
				]
			},
			"feeling_5": {
				"attachment": [
					{ "name": "run" }
				]
			},
			"hair": {
				"attachment": [
					{}
				]
			},
			"head": {
				"rgba": [
					{ "color": "ffffffff" }
				],
				"attachment": [
					{ "name": "head" }
				]
			},
			"shoulder1": {
				"rgba": [
					{ "color": "000000ff" }
				],
				"attachment": [
					{ "name": "shoulder" }
				]
			},
			"shoulder2": {
				"rgba": [
					{ "color": "000000ff" }
				],
				"attachment": [
					{ "name": "shoulder" }
				]
			},
			"shoulder3": {
				"rgba": [
					{ "color": "000000ff" }
				],
				"attachment": [
					{ "name": "shoulder" }
				]
			},
			"shoulder4": {
				"rgba": [
					{ "color": "000000ff" }
				],
				"attachment": [
					{ "name": "shoulder" }
				]
			},
			"thigh": {
				"rgba": [
					{ "color": "000000ff" }
				],
				"attachment": [
					{}
				]
			},
			"thigh2": {
				"rgba": [
					{ "color": "000000ff" }
				],
				"attachment": [
					{}
				]
			},
			"thigh3": {
				"rgba": [
					{ "color": "000000ff" }
				],
				"attachment": [
					{}
				]
			},
			"thigh4": {
				"rgba": [
					{ "color": "000000ff" }
				],
				"attachment": [
					{}
				]
			}
		},
		"bones": {
			"head": {
				"rotate": [
					{ "value": 176 }
				],
				"translate": [
					{ "x": -66.83, "y": 3.23 }
				],
				"scale": [
					{ "x": -1 }
				]
			},
			"root": {
				"rotate": [
					{}
				],
				"translate": [
					{}
				]
			},
			"main": {
				"rotate": [
					{ "value": -7.47 }
				],
				"translate": [
					{ "x": -2.33, "y": -259.23 }
				]
			},
			"hip": {
				"rotate": [
					{}
				],
				"translate": [
					{}
				]
			},
			"body": {
				"rotate": [
					{ "value": 1.25 }
				]
			},
			"body2": {
				"rotate": [
					{ "value": 1.25 }
				]
			},
			"body3": {
				"rotate": [
					{ "value": 1.25 }
				]
			},
			"body4": {
				"rotate": [
					{ "value": 0.34 }
				],
				"translate": [
					{ "x": -16.1, "y": 0.96 }
				]
			},
			"body5": {
				"rotate": [
					{ "value": -1.73 }
				]
			},
			"body6": {
				"rotate": [
					{ "value": 1.83 }
				],
				"translate": [
					{ "x": -16.73, "y": 0.57 }
				]
			},
			"body7": {
				"rotate": [
					{ "value": 1.25 }
				]
			},
			"body8": {
				"rotate": [
					{ "value": 1.25 }
				]
			},
			"feeling_3": {
				"rotate": [
					{ "value": -77.17 }
				],
				"translate": [
					{ "x": 69.59, "y": -108.45 }
				],
				"scale": [
					{ "x": -1.311, "y": 1.311 }
				]
			},
			"emoji": {
				"rotate": [
					{ "value": -3.53 }
				],
				"translate": [
					{ "x": 3.82, "y": -2.72 }
				],
				"scale": [
					{ "x": -1.015, "y": 1.015 }
				]
			},
			"shouder_1": {
				"rotate": [
					{ "value": -23.26 }
				],
				"translate": [
					{ "x": -9.7, "y": 1.49 }
				],
				"scale": [
					{}
				],
				"shear": [
					{}
				]
			},
			"arm_1": {
				"rotate": [
					{ "value": 127.6 }
				],
				"translate": [
					{ "x": 2.02, "y": 0.08 }
				],
				"scale": [
					{}
				]
			},
			"shouder_2": {
				"rotate": [
					{ "value": 17.49 }
				],
				"translate": [
					{ "x": -13.19, "y": 3.08 }
				],
				"scale": [
					{}
				]
			},
			"arm_2": {
				"rotate": [
					{ "value": -129.04 }
				],
				"translate": [
					{}
				],
				"scale": [
					{}
				]
			},
			"thigh_1": {
				"rotate": [
					{ "value": -44.84 }
				],
				"translate": [
					{}
				],
				"scale": [
					{ "x": 0.896 }
				]
			},
			"leg_1": {
				"rotate": [
					{ "value": 45.63 }
				],
				"translate": [
					{}
				],
				"scale": [
					{}
				]
			},
			"thigh_2": {
				"rotate": [
					{ "value": -37.54 }
				],
				"translate": [
					{}
				],
				"scale": [
					{ "x": 0.895 }
				]
			},
			"leg_2": {
				"rotate": [
					{ "value": 38.6 }
				],
				"translate": [
					{}
				],
				"scale": [
					{}
				]
			},
			"foot_2": {
				"rotate": [
					{ "value": -1.35 }
				],
				"translate": [
					{ "x": 37.63, "y": 6.74 }
				]
			},
			"foot_3": {
				"rotate": [
					{}
				],
				"translate": [
					{ "x": 93.59, "y": 0.41 }
				]
			},
			"feeling_5": {
				"rotate": [
					{ "value": -16.4 }
				],
				"translate": [
					{ "x": 0.99, "y": 102.01 }
				],
				"scale": [
					{ "x": 0.771, "y": 0.771 }
				]
			},
			"move": {
				"translate": [
					{ "x": 119.99, "y": 0.08 }
				],
				"scale": [
					{}
				]
			},
			"feeling_1": {
				"rotate": [
					{ "value": 23.57 }
				],
				"translate": [
					{ "x": -20.91, "y": -201.44 }
				],
				"scale": [
					{ "x": 0.753, "y": 0.753 }
				]
			},
			"feeling_2": {
				"rotate": [
					{ "value": 14.98 }
				],
				"translate": [
					{ "x": -86.22, "y": -190.18 }
				],
				"scale": [
					{}
				]
			},
			"hair_1": {
				"rotate": [
					{ "value": -27.42 }
				],
				"translate": [
					{ "x": 171.38, "y": 605.01 }
				],
				"scale": [
					{}
				]
			},
			"feeling_4": {
				"rotate": [
					{ "value": 176.79 }
				],
				"translate": [
					{ "x": -12.32, "y": -49.07 }
				],
				"scale": [
					{ "x": 0.563, "y": 0.563 }
				]
			}
		},
		"ik": {
			"foot_1": [
				{ "bendPositive": false, "stretch": true }
			],
			"foot_2": [
				{ "bendPositive": false, "stretch": true }
			]
		},
		"drawOrder": [
			{
				"offsets": [
					{ "slot": "shoulder4", "offset": -3 },
					{ "slot": "feeling_3", "offset": 2 }
				]
			}
		]
	},
	"t_211_1_lose2": {
		"slots": {
			"body": {
				"rgba": [
					{ "color": "000000ff", "curve": "stepped" },
					{ "time": 0.8667, "color": "000000ff" }
				]
			},
			"Emoji": {
				"rgba": [
					{ "color": "ff6b6bff", "curve": "stepped" },
					{ "time": 0.8667, "color": "ff6b6bff" }
				],
				"attachment": [
					{ "name": "Emoji/emo_57_c" },
					{ "time": 0.8667, "name": "Emoji/emo_57_c" }
				]
			},
			"feeling_1": {
				"attachment": [
					{ "name": "giat_minh" },
					{ "time": 0.8667, "name": "giat_minh" }
				]
			},
			"feeling_2": {
				"attachment": [
					{ "name": "mo_hoi" },
					{ "time": 0.8667, "name": "mo_hoi" }
				]
			},
			"feeling_3": {
				"rgba": [
					{ "color": "ff7575ff", "curve": "stepped" },
					{ "time": 0.8667, "color": "ff7575ff" }
				],
				"attachment": [
					{ "name": "cham_than" },
					{ "time": 0.8667, "name": "cham_than" }
				]
			},
			"feeling_5": {
				"rgba": [
					{ "color": "fffc00ff", "curve": "stepped" },
					{ "time": 0.8667, "color": "fffc00ff" }
				],
				"attachment": [
					{ "name": "scare" },
					{ "time": 0.8667, "name": "scare" }
				]
			},
			"hair": {
				"attachment": [
					{},
					{ "time": 0.8667 }
				]
			},
			"head": {
				"rgba": [
					{ "color": "ffffffff", "curve": "stepped" },
					{ "time": 0.8667, "color": "ffffffff" }
				],
				"attachment": [
					{ "name": "head_7" },
					{ "time": 0.8667, "name": "head_7" }
				]
			},
			"shoulder1": {
				"rgba": [
					{ "color": "000000ff", "curve": "stepped" },
					{ "time": 0.8667, "color": "000000ff" }
				],
				"attachment": [
					{ "name": "shoulder" },
					{ "time": 0.8667, "name": "shoulder" }
				]
			},
			"shoulder2": {
				"rgba": [
					{ "color": "000000ff", "curve": "stepped" },
					{ "time": 0.8667, "color": "000000ff" }
				],
				"attachment": [
					{ "name": "shoulder" },
					{ "time": 0.8667, "name": "shoulder" }
				]
			},
			"shoulder3": {
				"rgba": [
					{ "color": "000000ff", "curve": "stepped" },
					{ "time": 0.8667, "color": "000000ff" }
				],
				"attachment": [
					{ "name": "shoulder" },
					{ "time": 0.8667, "name": "shoulder" }
				]
			},
			"shoulder4": {
				"rgba": [
					{ "color": "ff0000ff", "curve": "stepped" },
					{ "time": 0.8667, "color": "ff0000ff" }
				],
				"attachment": [
					{ "name": "shoulder" },
					{ "time": 0.8667, "name": "shoulder" }
				]
			},
			"thigh": {
				"rgba": [
					{ "color": "000000ff", "curve": "stepped" },
					{ "time": 0.8667, "color": "000000ff" }
				],
				"attachment": [
					{},
					{ "time": 0.8667 }
				]
			},
			"thigh2": {
				"rgba": [
					{ "color": "000000ff", "curve": "stepped" },
					{ "time": 0.8667, "color": "000000ff" }
				],
				"attachment": [
					{},
					{ "time": 0.8667 }
				]
			},
			"thigh3": {
				"rgba": [
					{ "color": "000000ff", "curve": "stepped" },
					{ "time": 0.8667, "color": "000000ff" }
				],
				"attachment": [
					{},
					{ "time": 0.8667 }
				]
			},
			"thigh4": {
				"rgba": [
					{ "color": "000000ff", "curve": "stepped" },
					{ "time": 0.8667, "color": "000000ff" }
				],
				"attachment": [
					{},
					{ "time": 0.8667 }
				]
			}
		},
		"bones": {
			"head": {
				"rotate": [
					{ "value": 12.32, "curve": "stepped" },
					{ "time": 0.8667, "value": 12.32 }
				],
				"translate": [
					{ "x": -37.73, "y": 8.39, "curve": "stepped" },
					{ "time": 0.8667, "x": -37.73, "y": 8.39 }
				],
				"scale": [
					{ "x": 1.295, "curve": "stepped" },
					{ "time": 0.8667, "x": 1.295 }
				]
			},
			"root": {
				"rotate": [
					{ "curve": "stepped" },
					{ "time": 0.8667 }
				],
				"translate": [
					{ "curve": "stepped" },
					{ "time": 0.8667 }
				]
			},
			"main": {
				"rotate": [
					{ "value": -3.77, "curve": "stepped" },
					{ "time": 0.8667, "value": -3.77 }
				],
				"translate": [
					{ "x": -2.33, "y": -259.23, "curve": "stepped" },
					{ "time": 0.8667, "x": -2.33, "y": -259.23 }
				]
			},
			"hip": {
				"rotate": [
					{ "curve": "stepped" },
					{ "time": 0.8667 }
				],
				"translate": [
					{ "curve": "stepped" },
					{ "time": 0.8667 }
				]
			},
			"body": {
				"rotate": [
					{ "value": 1.7, "curve": "stepped" },
					{ "time": 0.8667, "value": 1.7 }
				]
			},
			"body2": {
				"rotate": [
					{ "value": 1.7, "curve": "stepped" },
					{ "time": 0.8667, "value": 1.7 }
				]
			},
			"body3": {
				"rotate": [
					{ "value": 1.7, "curve": "stepped" },
					{ "time": 0.8667, "value": 1.7 }
				]
			},
			"body4": {
				"rotate": [
					{ "value": 0.79, "curve": "stepped" },
					{ "time": 0.8667, "value": 0.79 }
				],
				"translate": [
					{ "x": -16.1, "y": 0.96, "curve": "stepped" },
					{ "time": 0.8667, "x": -16.1, "y": 0.96 }
				]
			},
			"body5": {
				"rotate": [
					{ "value": -1.28, "curve": "stepped" },
					{ "time": 0.8667, "value": -1.28 }
				]
			},
			"body6": {
				"rotate": [
					{ "value": 2.28, "curve": "stepped" },
					{ "time": 0.8667, "value": 2.28 }
				],
				"translate": [
					{ "x": -16.73, "y": 0.57, "curve": "stepped" },
					{ "time": 0.8667, "x": -16.73, "y": 0.57 }
				]
			},
			"body7": {
				"rotate": [
					{ "value": 1.7, "curve": "stepped" },
					{ "time": 0.8667, "value": 1.7 }
				]
			},
			"body8": {
				"rotate": [
					{ "value": 1.7, "curve": "stepped" },
					{ "time": 0.8667, "value": 1.7 }
				]
			},
			"feeling_3": {
				"rotate": [
					{ "value": -3.73, "curve": "stepped" },
					{ "time": 0.8667, "value": -3.73 }
				],
				"translate": [
					{ "x": 60.62, "y": 67.59, "curve": "stepped" },
					{ "time": 0.8667, "x": 60.62, "y": 67.59 }
				],
				"scale": [
					{ "x": 1.395, "y": 1.395, "curve": "stepped" },
					{ "time": 0.8667, "x": 1.395, "y": 1.395 }
				]
			},
			"emoji": {
				"rotate": [
					{ "value": -4.83, "curve": "stepped" },
					{ "time": 0.8667, "value": -4.83 }
				],
				"translate": [
					{ "x": 37.46, "y": -32.72, "curve": "stepped" },
					{ "time": 0.8667, "x": 37.46, "y": -32.72 }
				],
				"scale": [
					{ "x": 1.142, "y": 1.316, "curve": "stepped" },
					{ "time": 0.8667, "x": 1.142, "y": 1.316 }
				]
			},
			"shouder_1": {
				"rotate": [
					{ "value": -166.19, "curve": "stepped" },
					{ "time": 0.8667, "value": -166.19 }
				],
				"translate": [
					{ "x": 0.02, "y": -3.67, "curve": "stepped" },
					{ "time": 0.8667, "x": 0.02, "y": -3.67 }
				],
				"scale": [
					{ "curve": "stepped" },
					{ "time": 0.8667 }
				],
				"shear": [
					{ "curve": "stepped" },
					{ "time": 0.8667 }
				]
			},
			"arm_1": {
				"rotate": [
					{ "value": -58.35, "curve": "stepped" },
					{ "time": 0.8667, "value": -58.35 }
				],
				"translate": [
					{ "x": 2.02, "y": 0.08, "curve": "stepped" },
					{ "time": 0.8667, "x": 2.02, "y": 0.08 }
				],
				"scale": [
					{ "curve": "stepped" },
					{ "time": 0.8667 }
				]
			},
			"shouder_2": {
				"rotate": [
					{ "value": 171.52, "curve": "stepped" },
					{ "time": 0.8667, "value": 171.52 }
				],
				"translate": [
					{ "x": 8.16, "y": 4.2, "curve": "stepped" },
					{ "time": 0.8667, "x": 8.16, "y": 4.2 }
				],
				"scale": [
					{ "curve": "stepped" },
					{ "time": 0.8667 }
				]
			},
			"arm_2": {
				"rotate": [
					{ "value": -45.66, "curve": "stepped" },
					{ "time": 0.8667, "value": -45.66 }
				],
				"translate": [
					{ "x": 6.07, "y": 1.06, "curve": "stepped" },
					{ "time": 0.8667, "x": 6.07, "y": 1.06 }
				],
				"scale": [
					{ "x": 1.239, "curve": "stepped" },
					{ "time": 0.8667, "x": 1.239 }
				]
			},
			"thigh_1": {
				"rotate": [
					{ "value": -44.84, "curve": "stepped" },
					{ "time": 0.8667, "value": -44.84 }
				],
				"translate": [
					{ "curve": "stepped" },
					{ "time": 0.8667 }
				],
				"scale": [
					{ "x": 0.896, "curve": "stepped" },
					{ "time": 0.8667, "x": 0.896 }
				]
			},
			"leg_1": {
				"rotate": [
					{ "value": 45.63, "curve": "stepped" },
					{ "time": 0.8667, "value": 45.63 }
				],
				"translate": [
					{ "curve": "stepped" },
					{ "time": 0.8667 }
				],
				"scale": [
					{ "curve": "stepped" },
					{ "time": 0.8667 }
				]
			},
			"thigh_2": {
				"rotate": [
					{ "value": -37.54, "curve": "stepped" },
					{ "time": 0.8667, "value": -37.54 }
				],
				"translate": [
					{ "curve": "stepped" },
					{ "time": 0.8667 }
				],
				"scale": [
					{ "x": 0.895, "curve": "stepped" },
					{ "time": 0.8667, "x": 0.895 }
				]
			},
			"leg_2": {
				"rotate": [
					{ "value": 38.6, "curve": "stepped" },
					{ "time": 0.8667, "value": 38.6 }
				],
				"translate": [
					{ "curve": "stepped" },
					{ "time": 0.8667 }
				],
				"scale": [
					{ "curve": "stepped" },
					{ "time": 0.8667 }
				]
			},
			"foot_2": {
				"rotate": [
					{ "value": -1.35, "curve": "stepped" },
					{ "time": 0.8667, "value": -1.35 }
				],
				"translate": [
					{ "x": 37.63, "y": 6.74, "curve": "stepped" },
					{ "time": 0.8667, "x": 37.63, "y": 6.74 }
				]
			},
			"foot_3": {
				"rotate": [
					{ "curve": "stepped" },
					{ "time": 0.8667 }
				],
				"translate": [
					{ "x": 93.59, "y": 0.41, "curve": "stepped" },
					{ "time": 0.8667, "x": 93.59, "y": 0.41 }
				]
			},
			"feeling_5": {
				"rotate": [
					{ "value": -11.03, "curve": "stepped" },
					{ "time": 0.8667, "value": -11.03 }
				],
				"translate": [
					{ "x": -122.91, "y": -78.59, "curve": "stepped" },
					{ "time": 0.8667, "x": -122.91, "y": -78.59 }
				],
				"scale": [
					{ "x": 1.016, "y": 0.587, "curve": "stepped" },
					{ "time": 0.1, "x": 1.965, "y": 1.135, "curve": "stepped" },
					{ "time": 0.2, "x": 1.016, "y": 0.587, "curve": "stepped" },
					{ "time": 0.4333, "x": 1.016, "y": 0.587, "curve": "stepped" },
					{ "time": 0.5333, "x": 1.965, "y": 1.135, "curve": "stepped" },
					{ "time": 0.6333, "x": 1.016, "y": 0.587, "curve": "stepped" },
					{ "time": 0.8667, "x": 1.016, "y": 0.587 }
				],
				"shear": [
					{ "curve": "stepped" },
					{ "time": 0.8667 }
				]
			},
			"move": {
				"translate": [
					{ "x": 119.99, "y": 0.08, "curve": "stepped" },
					{ "time": 0.8667, "x": 119.99, "y": 0.08 }
				],
				"scale": [
					{ "curve": "stepped" },
					{ "time": 0.8667 }
				]
			},
			"feeling_1": {
				"rotate": [
					{ "value": 4.18, "curve": "stepped" },
					{ "time": 0.8667, "value": 4.18 }
				],
				"translate": [
					{ "x": -28.38, "y": -101, "curve": "stepped" },
					{ "time": 0.8667, "x": -28.38, "y": -101 }
				],
				"scale": [
					{ "x": 0.965, "y": 0.965, "curve": "stepped" },
					{ "time": 0.8667, "x": 0.965, "y": 0.965 }
				]
			},
			"feeling_2": {
				"rotate": [
					{ "value": -89.14, "curve": "stepped" },
					{ "time": 0.8667, "value": -89.14 }
				],
				"translate": [
					{ "x": -196.86, "y": -35.93, "curve": "stepped" },
					{ "time": 0.8667, "x": -196.86, "y": -35.93 }
				],
				"scale": [
					{ "x": -0.901, "y": 1.386, "curve": "stepped" },
					{ "time": 0.8667, "x": -0.901, "y": 1.386 }
				]
			},
			"hair_1": {
				"rotate": [
					{ "value": -27.42, "curve": "stepped" },
					{ "time": 0.8667, "value": -27.42 }
				],
				"translate": [
					{ "x": 171.38, "y": 605.01, "curve": "stepped" },
					{ "time": 0.8667, "x": 171.38, "y": 605.01 }
				],
				"scale": [
					{ "curve": "stepped" },
					{ "time": 0.8667 }
				]
			}
		},
		"ik": {
			"foot_1": [
				{
					"bendPositive": false,
					"stretch": true,
					"curve": [ 0.217, 1, 0.65, 1, 0.217, 0, 0.65, 0 ]
				},
				{ "time": 0.8667, "bendPositive": false, "stretch": true }
			],
			"foot_2": [
				{
					"bendPositive": false,
					"stretch": true,
					"curve": [ 0.217, 1, 0.65, 1, 0.217, 0, 0.65, 0 ]
				},
				{ "time": 0.8667, "bendPositive": false, "stretch": true }
			]
		},
		"drawOrder": [
			{
				"offsets": [
					{ "slot": "shoulder1", "offset": 4 },
					{ "slot": "shoulder2", "offset": 3 },
					{ "slot": "shoulder4", "offset": 7 },
					{ "slot": "feeling_5", "offset": 3 },
					{ "slot": "feeling_1", "offset": -5 }
				]
			},
			{
				"time": 0.8667,
				"offsets": [
					{ "slot": "shoulder1", "offset": 4 },
					{ "slot": "shoulder2", "offset": 3 },
					{ "slot": "shoulder4", "offset": 7 },
					{ "slot": "feeling_5", "offset": 3 },
					{ "slot": "feeling_1", "offset": -5 }
				]
			}
		]
	},
	"t_211_1_lose3": {
		"slots": {
			"body": {
				"rgba": [
					{ "color": "000000ff", "curve": "stepped" },
					{ "time": 0.8, "color": "000000ff" }
				]
			},
			"Emoji": {
				"rgba": [
					{ "color": "ffffffff", "curve": "stepped" },
					{ "time": 0.8, "color": "ffffffff" }
				],
				"attachment": [
					{ "name": "Emoji/dau lau" },
					{ "time": 0.8, "name": "Emoji/dau lau" }
				]
			},
			"feeling_1": {
				"attachment": [
					{},
					{ "time": 0.8 }
				]
			},
			"feeling_2": {
				"attachment": [
					{ "name": "mo_hoi" },
					{ "time": 0.8, "name": "mo_hoi" }
				]
			},
			"feeling_3": {
				"rgba": [
					{ "color": "ff7575ff", "curve": "stepped" },
					{ "time": 0.8, "color": "ff7575ff" }
				],
				"attachment": [
					{ "name": "cham_than" },
					{ "time": 0.8, "name": "cham_than" }
				]
			},
			"feeling_5": {
				"rgba": [
					{ "color": "fffc00ff", "curve": "stepped" },
					{ "time": 0.8, "color": "fffc00ff" }
				],
				"attachment": [
					{},
					{ "time": 0.8 }
				]
			},
			"hair": {
				"attachment": [
					{},
					{ "time": 0.8 }
				]
			},
			"head": {
				"rgba": [
					{ "color": "000000ff", "curve": "stepped" },
					{ "time": 0.8, "color": "000000ff" }
				],
				"attachment": [
					{ "name": "head_7" },
					{ "time": 0.8, "name": "head_7" }
				]
			},
			"item": {
				"rgba": [
					{ "color": "ffffffff", "curve": "stepped" },
					{ "time": 0.0667, "color": "161616ff", "curve": "stepped" },
					{ "time": 0.1333, "color": "ffffffff", "curve": "stepped" },
					{ "time": 0.2, "color": "ffffffff", "curve": "stepped" },
					{ "time": 0.2667, "color": "161616ff", "curve": "stepped" },
					{ "time": 0.3333, "color": "ffffffff", "curve": "stepped" },
					{ "time": 0.4333, "color": "ffffffff", "curve": "stepped" },
					{ "time": 0.5, "color": "161616ff", "curve": "stepped" },
					{ "time": 0.5667, "color": "ffffffff", "curve": "stepped" },
					{ "time": 0.6667, "color": "ffffffff", "curve": "stepped" },
					{ "time": 0.7333, "color": "161616ff", "curve": "stepped" },
					{ "time": 0.8, "color": "ffffffff" }
				],
				"attachment": [
					{ "name": "item/tia_set_4" },
					{ "time": 0.8, "name": "item/tia_set_4" }
				]
			},
			"shoulder1": {
				"rgba": [
					{ "color": "000000ff", "curve": "stepped" },
					{ "time": 0.8, "color": "000000ff" }
				],
				"attachment": [
					{ "name": "shoulder" },
					{ "time": 0.8, "name": "shoulder" }
				]
			},
			"shoulder2": {
				"rgba": [
					{ "color": "000000ff", "curve": "stepped" },
					{ "time": 0.8, "color": "000000ff" }
				],
				"attachment": [
					{ "name": "shoulder" },
					{ "time": 0.8, "name": "shoulder" }
				]
			},
			"shoulder3": {
				"rgba": [
					{ "color": "000000ff", "curve": "stepped" },
					{ "time": 0.8, "color": "000000ff" }
				],
				"attachment": [
					{ "name": "shoulder" },
					{ "time": 0.8, "name": "shoulder" }
				]
			},
			"shoulder4": {
				"rgba": [
					{ "color": "000000ff", "curve": "stepped" },
					{ "time": 0.8, "color": "000000ff" }
				],
				"attachment": [
					{ "name": "shoulder" },
					{ "time": 0.8, "name": "shoulder" }
				]
			},
			"thigh": {
				"rgba": [
					{ "color": "000000ff", "curve": "stepped" },
					{ "time": 0.8, "color": "000000ff" }
				],
				"attachment": [
					{},
					{ "time": 0.8 }
				]
			},
			"thigh2": {
				"rgba": [
					{ "color": "000000ff", "curve": "stepped" },
					{ "time": 0.8, "color": "000000ff" }
				],
				"attachment": [
					{},
					{ "time": 0.8 }
				]
			},
			"thigh3": {
				"rgba": [
					{ "color": "000000ff", "curve": "stepped" },
					{ "time": 0.8, "color": "000000ff" }
				],
				"attachment": [
					{},
					{ "time": 0.8 }
				]
			},
			"thigh4": {
				"rgba": [
					{ "color": "000000ff", "curve": "stepped" },
					{ "time": 0.8, "color": "000000ff" }
				],
				"attachment": [
					{},
					{ "time": 0.8 }
				]
			}
		},
		"bones": {
			"head": {
				"rotate": [
					{ "value": -0.15, "curve": "stepped" },
					{ "time": 0.8, "value": -0.15 }
				],
				"translate": [
					{ "x": -19.89, "y": -3.47, "curve": "stepped" },
					{ "time": 0.8, "x": -19.89, "y": -3.47 }
				],
				"scale": [
					{ "x": 1.295, "curve": "stepped" },
					{ "time": 0.8, "x": 1.295 }
				]
			},
			"root": {
				"rotate": [
					{ "curve": "stepped" },
					{ "time": 0.8 }
				],
				"translate": [
					{ "curve": "stepped" },
					{ "time": 0.8 }
				]
			},
			"main": {
				"rotate": [
					{ "value": -3.77, "curve": "stepped" },
					{ "time": 0.8, "value": -3.77 }
				],
				"translate": [
					{ "x": -2.33, "y": -259.23, "curve": "stepped" },
					{ "time": 0.8, "x": -2.33, "y": -259.23 }
				]
			},
			"hip": {
				"rotate": [
					{ "curve": "stepped" },
					{ "time": 0.8 }
				],
				"translate": [
					{ "curve": "stepped" },
					{ "time": 0.8 }
				]
			},
			"body": {
				"rotate": [
					{ "value": 0.62, "curve": "stepped" },
					{ "time": 0.8, "value": 0.62 }
				]
			},
			"body2": {
				"rotate": [
					{ "value": 0.62, "curve": "stepped" },
					{ "time": 0.8, "value": 0.62 }
				]
			},
			"body3": {
				"rotate": [
					{ "value": 0.62, "curve": "stepped" },
					{ "time": 0.8, "value": 0.62 }
				]
			},
			"body4": {
				"rotate": [
					{ "value": -0.29, "curve": "stepped" },
					{ "time": 0.8, "value": -0.29 }
				],
				"translate": [
					{ "x": -16.1, "y": 0.96, "curve": "stepped" },
					{ "time": 0.8, "x": -16.1, "y": 0.96 }
				]
			},
			"body5": {
				"rotate": [
					{ "value": -2.36, "curve": "stepped" },
					{ "time": 0.8, "value": -2.36 }
				]
			},
			"body6": {
				"rotate": [
					{ "value": 1.2, "curve": "stepped" },
					{ "time": 0.8, "value": 1.2 }
				],
				"translate": [
					{ "x": -16.73, "y": 0.57, "curve": "stepped" },
					{ "time": 0.8, "x": -16.73, "y": 0.57 }
				]
			},
			"body7": {
				"rotate": [
					{ "value": 0.62, "curve": "stepped" },
					{ "time": 0.8, "value": 0.62 }
				]
			},
			"body8": {
				"rotate": [
					{ "value": 0.62, "curve": "stepped" },
					{ "time": 0.8, "value": 0.62 }
				]
			},
			"feeling_3": {
				"rotate": [
					{ "value": 13.48, "curve": "stepped" },
					{ "time": 0.8, "value": 13.48 }
				],
				"translate": [
					{ "x": 87.65, "y": 51.99, "curve": "stepped" },
					{ "time": 0.8, "x": 87.65, "y": 51.99 }
				],
				"scale": [
					{ "x": 1.395, "y": 1.395, "curve": "stepped" },
					{ "time": 0.8, "x": 1.395, "y": 1.395 }
				]
			},
			"emoji": {
				"rotate": [
					{ "value": 2.02, "curve": "stepped" },
					{ "time": 0.8, "value": 2.02 }
				],
				"translate": [
					{ "x": 5.35, "y": -5.84, "curve": "stepped" },
					{ "time": 0.8, "x": 5.35, "y": -5.84 }
				],
				"scale": [
					{ "x": 0.906, "y": 1.044, "curve": "stepped" },
					{ "time": 0.8, "x": 0.906, "y": 1.044 }
				]
			},
			"shouder_1": {
				"rotate": [
					{ "value": -144.81, "curve": "stepped" },
					{ "time": 0.8, "value": -144.81 }
				],
				"translate": [
					{ "x": 6.06, "y": 1.38, "curve": "stepped" },
					{ "time": 0.8, "x": 6.06, "y": 1.38 }
				],
				"scale": [
					{ "curve": "stepped" },
					{ "time": 0.8 }
				],
				"shear": [
					{ "curve": "stepped" },
					{ "time": 0.8 }
				]
			},
			"arm_1": {
				"rotate": [
					{ "value": -48.93, "curve": "stepped" },
					{ "time": 0.8, "value": -48.93 }
				],
				"translate": [
					{ "x": 2.02, "y": 0.08, "curve": "stepped" },
					{ "time": 0.8, "x": 2.02, "y": 0.08 }
				],
				"scale": [
					{ "curve": "stepped" },
					{ "time": 0.8 }
				]
			},
			"shouder_2": {
				"rotate": [
					{ "value": 145.07, "curve": "stepped" },
					{ "time": 0.8, "value": 145.07 }
				],
				"translate": [
					{ "x": 8.16, "y": 4.2, "curve": "stepped" },
					{ "time": 0.8, "x": 8.16, "y": 4.2 }
				],
				"scale": [
					{ "curve": "stepped" },
					{ "time": 0.8 }
				]
			},
			"arm_2": {
				"rotate": [
					{ "value": 52.21, "curve": "stepped" },
					{ "time": 0.8, "value": 52.21 }
				],
				"scale": [
					{ "x": 1.239, "curve": "stepped" },
					{ "time": 0.8, "x": 1.239 }
				]
			},
			"thigh_1": {
				"rotate": [
					{
						"value": -44.84,
						"curve": [ 0.2, -44.84, 0.6, -172.36 ]
					},
					{ "time": 0.8, "value": -172.36 }
				],
				"translate": [
					{ "curve": "stepped" },
					{ "time": 0.8 }
				],
				"scale": [
					{ "x": 0.896, "curve": "stepped" },
					{ "time": 0.8, "x": 0.896 }
				]
			},
			"leg_1": {
				"rotate": [
					{
						"value": 45.63,
						"curve": [ 0.2, 45.63, 0.6, 197.57 ]
					},
					{ "time": 0.8, "value": 197.57 }
				],
				"translate": [
					{ "curve": "stepped" },
					{ "time": 0.8 }
				],
				"scale": [
					{ "curve": "stepped" },
					{ "time": 0.8 }
				]
			},
			"thigh_2": {
				"rotate": [
					{
						"value": -37.54,
						"curve": [ 0.2, -37.54, 0.6, -194.71 ]
					},
					{ "time": 0.8, "value": -194.71 }
				],
				"translate": [
					{ "curve": "stepped" },
					{ "time": 0.8 }
				],
				"scale": [
					{ "x": 0.895, "curve": "stepped" },
					{ "time": 0.8, "x": 0.895 }
				]
			},
			"leg_2": {
				"rotate": [
					{
						"value": 38.6,
						"curve": [ 0.2, 38.6, 0.6, -136.73 ]
					},
					{ "time": 0.8, "value": -136.73 }
				],
				"translate": [
					{ "curve": "stepped" },
					{ "time": 0.8 }
				],
				"scale": [
					{ "curve": "stepped" },
					{ "time": 0.8 }
				]
			},
			"foot_2": {
				"rotate": [
					{ "value": -1.35, "curve": "stepped" },
					{ "time": 0.8, "value": -1.35 }
				],
				"translate": [
					{ "x": 37.63, "y": 6.74, "curve": "stepped" },
					{ "time": 0.8, "x": 37.63, "y": 6.74 }
				]
			},
			"foot_3": {
				"rotate": [
					{ "curve": "stepped" },
					{ "time": 0.8 }
				],
				"translate": [
					{ "x": 93.59, "y": 0.41, "curve": "stepped" },
					{ "time": 0.8, "x": 93.59, "y": 0.41 }
				]
			},
			"feeling_5": {
				"rotate": [
					{ "value": -11.03, "curve": "stepped" },
					{ "time": 0.8, "value": -11.03 }
				],
				"translate": [
					{ "x": -122.91, "y": -78.59, "curve": "stepped" },
					{ "time": 0.8, "x": -122.91, "y": -78.59 }
				],
				"scale": [
					{ "x": 1.016, "y": 0.587, "curve": "stepped" },
					{ "time": 0.8, "x": 1.016, "y": 0.587 }
				],
				"shear": [
					{ "curve": "stepped" },
					{ "time": 0.8 }
				]
			},
			"move": {
				"translate": [
					{ "x": 119.99, "y": 0.08, "curve": "stepped" },
					{ "time": 0.8, "x": 119.99, "y": 0.08 }
				],
				"scale": [
					{ "curve": "stepped" },
					{ "time": 0.8 }
				]
			},
			"feeling_1": {
				"rotate": [
					{ "value": 4.18, "curve": "stepped" },
					{ "time": 0.8, "value": 4.18 }
				],
				"translate": [
					{ "x": -28.38, "y": -101, "curve": "stepped" },
					{ "time": 0.8, "x": -28.38, "y": -101 }
				],
				"scale": [
					{ "x": 0.965, "y": 0.965, "curve": "stepped" },
					{ "time": 0.8, "x": 0.965, "y": 0.965 }
				]
			},
			"feeling_2": {
				"rotate": [
					{ "value": 8.52, "curve": "stepped" },
					{ "time": 0.8, "value": 8.52 }
				],
				"translate": [
					{ "x": -103.82, "y": -159.74, "curve": "stepped" },
					{ "time": 0.8, "x": -103.82, "y": -159.74 }
				],
				"scale": [
					{ "x": -0.759, "y": 0.896, "curve": "stepped" },
					{ "time": 0.8, "x": -0.759, "y": 0.896 }
				]
			},
			"hair_1": {
				"rotate": [
					{ "value": -27.42, "curve": "stepped" },
					{ "time": 0.8, "value": -27.42 }
				],
				"translate": [
					{ "x": 171.38, "y": 605.01, "curve": "stepped" },
					{ "time": 0.8, "x": 171.38, "y": 605.01 }
				],
				"scale": [
					{ "curve": "stepped" },
					{ "time": 0.8 }
				]
			},
			"feeling_4": {
				"translate": [
					{ "x": -15.1, "y": 37.97, "curve": "stepped" },
					{ "time": 0.8, "x": -15.1, "y": 37.97 }
				]
			},
			"item_1": {
				"translate": [
					{ "x": -1.7, "y": -264.7, "curve": "stepped" },
					{ "time": 0.8, "x": -1.7, "y": -264.7 }
				],
				"scale": [
					{ "x": -1.041, "y": 1.041, "curve": "stepped" },
					{ "time": 0.8, "x": -1.041, "y": 1.041 }
				]
			}
		},
		"ik": {
			"foot_1": [
				{
					"bendPositive": false,
					"stretch": true,
					"curve": [ 0.2, 1, 0.6, 1, 0.2, 0, 0.6, 0 ]
				},
				{ "time": 0.8, "bendPositive": false, "stretch": true }
			],
			"foot_2": [
				{
					"bendPositive": false,
					"stretch": true,
					"curve": [ 0.2, 1, 0.6, 1, 0.2, 0, 0.6, 0 ]
				},
				{ "time": 0.8, "bendPositive": false, "stretch": true }
			]
		},
		"drawOrder": [
			{
				"offsets": [
					{ "slot": "shoulder1", "offset": 4 },
					{ "slot": "shoulder2", "offset": 3 },
					{ "slot": "shoulder4", "offset": 7 },
					{ "slot": "feeling_5", "offset": 3 },
					{ "slot": "feeling_1", "offset": -5 }
				]
			},
			{
				"time": 0.8,
				"offsets": [
					{ "slot": "shoulder1", "offset": 4 },
					{ "slot": "shoulder2", "offset": 3 },
					{ "slot": "shoulder4", "offset": 7 },
					{ "slot": "feeling_5", "offset": 3 },
					{ "slot": "feeling_1", "offset": -5 }
				]
			}
		]
	},
	"t_211_1_win": {
		"slots": {
			"body": {
				"rgba": [
					{ "color": "000000ff" }
				]
			},
			"Emoji": {
				"attachment": [
					{ "name": "Emoji/new/emo_55_e" }
				]
			},
			"feeling_1": {
				"attachment": [
					{}
				]
			},
			"feeling_2": {
				"attachment": [
					{}
				]
			},
			"feeling_3": {
				"attachment": [
					{}
				]
			},
			"feeling_5": {
				"attachment": [
					{}
				]
			},
			"hair": {
				"attachment": [
					{}
				]
			},
			"head": {
				"rgba": [
					{ "color": "ffffffff" }
				],
				"attachment": [
					{ "name": "head" }
				]
			},
			"shoulder1": {
				"rgba": [
					{ "color": "000000ff" }
				],
				"attachment": [
					{ "name": "shoulder" }
				]
			},
			"shoulder2": {
				"rgba": [
					{ "color": "000000ff" }
				],
				"attachment": [
					{ "name": "shoulder" }
				]
			},
			"shoulder3": {
				"rgba": [
					{ "color": "000000ff" }
				],
				"attachment": [
					{ "name": "shoulder" }
				]
			},
			"shoulder4": {
				"rgba": [
					{ "color": "000000ff" }
				],
				"attachment": [
					{ "name": "shoulder" }
				]
			},
			"thigh": {
				"rgba": [
					{ "color": "000000ff" }
				],
				"attachment": [
					{}
				]
			},
			"thigh2": {
				"rgba": [
					{ "color": "000000ff" }
				],
				"attachment": [
					{}
				]
			},
			"thigh3": {
				"rgba": [
					{ "color": "000000ff" }
				],
				"attachment": [
					{}
				]
			},
			"thigh4": {
				"rgba": [
					{ "color": "000000ff" }
				],
				"attachment": [
					{}
				]
			}
		},
		"bones": {
			"head": {
				"rotate": [
					{ "value": 163.17 }
				],
				"translate": [
					{ "x": -75.21, "y": 3.12 }
				],
				"scale": [
					{ "x": -1 }
				]
			},
			"root": {
				"rotate": [
					{}
				],
				"translate": [
					{}
				]
			},
			"main": {
				"rotate": [
					{ "value": -3.77 }
				],
				"translate": [
					{ "x": -2.33, "y": -259.23 }
				]
			},
			"hip": {
				"rotate": [
					{}
				],
				"translate": [
					{}
				]
			},
			"body": {
				"rotate": [
					{ "value": 3.03 }
				]
			},
			"body2": {
				"rotate": [
					{ "value": 3.03 }
				]
			},
			"body3": {
				"rotate": [
					{ "value": 3.03 }
				]
			},
			"body4": {
				"rotate": [
					{ "value": 2.12 }
				],
				"translate": [
					{ "x": -16.1, "y": 0.96 }
				]
			},
			"body5": {
				"rotate": [
					{ "value": 0.05 }
				]
			},
			"body6": {
				"rotate": [
					{ "value": 3.61 }
				],
				"translate": [
					{ "x": -16.73, "y": 0.57 }
				]
			},
			"body7": {
				"rotate": [
					{ "value": 3.03 }
				]
			},
			"body8": {
				"rotate": [
					{ "value": 3.03 }
				]
			},
			"feeling_3": {
				"rotate": [
					{ "value": -157.4 }
				],
				"translate": [
					{ "x": 21.92, "y": -102.99 }
				],
				"scale": [
					{ "x": 1.387, "y": 1.387 }
				]
			},
			"emoji": {
				"rotate": [
					{ "value": 2.57 }
				],
				"translate": [
					{ "x": 1.22, "y": 8.13 }
				],
				"scale": [
					{ "x": -1.02, "y": 0.997 }
				]
			},
			"shouder_1": {
				"rotate": [
					{ "value": -64.45 }
				],
				"translate": [
					{ "x": -28.58, "y": 3.19 }
				],
				"scale": [
					{}
				],
				"shear": [
					{}
				]
			},
			"arm_1": {
				"rotate": [
					{ "value": 70.29 }
				],
				"translate": [
					{ "x": 2.02, "y": 0.08 }
				],
				"scale": [
					{}
				]
			},
			"shouder_2": {
				"rotate": [
					{ "value": 134.75 }
				],
				"translate": [
					{ "x": -26.98, "y": 1.02 }
				],
				"scale": [
					{}
				]
			},
			"arm_2": {
				"rotate": [
					{ "value": 43.71 }
				],
				"translate": [
					{}
				],
				"scale": [
					{ "x": 0.853 }
				]
			},
			"thigh_1": {
				"rotate": [
					{ "value": -44.84 }
				],
				"translate": [
					{}
				],
				"scale": [
					{ "x": 0.896 }
				]
			},
			"leg_1": {
				"rotate": [
					{ "value": 45.63 }
				],
				"translate": [
					{}
				],
				"scale": [
					{}
				]
			},
			"thigh_2": {
				"rotate": [
					{ "value": -37.54 }
				],
				"translate": [
					{}
				],
				"scale": [
					{ "x": 0.895 }
				]
			},
			"leg_2": {
				"rotate": [
					{ "value": 38.6 }
				],
				"translate": [
					{}
				],
				"scale": [
					{}
				]
			},
			"foot_2": {
				"rotate": [
					{ "value": -1.35 }
				],
				"translate": [
					{ "x": 37.63, "y": 6.74 }
				]
			},
			"foot_3": {
				"rotate": [
					{}
				],
				"translate": [
					{ "x": 93.59, "y": 0.41 }
				]
			},
			"feeling_5": {
				"rotate": [
					{}
				],
				"translate": [
					{ "x": 54.22, "y": -165.06 }
				],
				"scale": [
					{ "x": 0.626, "y": 0.626 }
				]
			},
			"move": {
				"translate": [
					{ "x": 119.99, "y": 0.08 }
				],
				"scale": [
					{}
				]
			},
			"feeling_1": {
				"rotate": [
					{ "value": 2.54 }
				],
				"translate": [
					{ "x": -178.37, "y": -133.12 }
				],
				"scale": [
					{ "x": 0.796, "y": 0.796 }
				]
			},
			"feeling_2": {
				"rotate": [
					{ "value": 4 }
				],
				"translate": [
					{ "x": -142.9, "y": -253.28 }
				],
				"scale": [
					{ "x": 0.558, "y": 0.558 }
				]
			},
			"hair_1": {
				"rotate": [
					{ "value": -27.42 }
				],
				"translate": [
					{ "x": 171.38, "y": 605.01 }
				],
				"scale": [
					{}
				]
			}
		},
		"ik": {
			"foot_1": [
				{ "bendPositive": false, "stretch": true }
			],
			"foot_2": [
				{ "bendPositive": false, "stretch": true }
			]
		},
		"drawOrder": [
			{
				"offsets": [
					{ "slot": "shoulder4", "offset": -3 },
					{ "slot": "feeling_3", "offset": 2 }
				]
			}
		]
	},
	"t_211_2_be": {
		"slots": {
			"body": {
				"rgba": [
					{ "color": "000000ff" }
				]
			},
			"Emoji": {
				"attachment": [
					{ "name": "Emoji/emo_84_b" }
				]
			},
			"feeling_1": {
				"attachment": [
					{}
				]
			},
			"feeling_2": {
				"attachment": [
					{ "name": "giat_minh" }
				]
			},
			"feeling_3": {
				"rgba": [
					{ "color": "ffffffff" }
				],
				"attachment": [
					{ "name": "scare" }
				]
			},
			"feeling_4": {
				"attachment": [
					{ "name": "scare" }
				]
			},
			"feeling_5": {
				"attachment": [
					{}
				]
			},
			"hair": {
				"attachment": [
					{ "name": "hair/man/toc_8" }
				]
			},
			"head": {
				"rgba": [
					{ "color": "ffffffff" }
				]
			},
			"shoulder1": {
				"rgba": [
					{ "color": "000000ff" }
				],
				"attachment": [
					{ "name": "shoulder" }
				]
			},
			"shoulder2": {
				"rgba": [
					{ "color": "000000ff" }
				],
				"attachment": [
					{ "name": "shoulder" }
				]
			},
			"shoulder3": {
				"rgba": [
					{ "color": "000000ff" }
				],
				"attachment": [
					{ "name": "shoulder" }
				]
			},
			"shoulder4": {
				"rgba": [
					{ "color": "000000ff" }
				],
				"attachment": [
					{ "name": "shoulder" }
				]
			},
			"thigh": {
				"rgba": [
					{ "color": "000000ff" }
				]
			},
			"thigh2": {
				"rgba": [
					{ "color": "000000ff" }
				]
			},
			"thigh3": {
				"rgba": [
					{ "color": "000000ff" }
				]
			},
			"thigh4": {
				"rgba": [
					{ "color": "000000ff" }
				]
			}
		},
		"bones": {
			"head": {
				"rotate": [
					{ "value": 15.41 }
				],
				"translate": [
					{ "x": -7.81, "y": -2.73 }
				],
				"scale": [
					{}
				]
			},
			"root": {
				"rotate": [
					{}
				],
				"translate": [
					{}
				]
			},
			"main": {
				"rotate": [
					{ "value": -7.38 }
				],
				"translate": [
					{ "x": -3.14, "y": -2.25 }
				]
			},
			"hip": {
				"rotate": [
					{}
				],
				"translate": [
					{}
				]
			},
			"body": {
				"rotate": [
					{ "value": 1.74 }
				],
				"translate": [
					{}
				]
			},
			"body2": {
				"rotate": [
					{ "value": 1.74 }
				],
				"translate": [
					{}
				]
			},
			"body3": {
				"rotate": [
					{ "value": 1.74 }
				],
				"translate": [
					{}
				]
			},
			"body4": {
				"rotate": [
					{ "value": 1.74 }
				],
				"translate": [
					{}
				]
			},
			"body5": {
				"rotate": [
					{ "value": 1.74 }
				],
				"translate": [
					{}
				]
			},
			"body6": {
				"rotate": [
					{ "value": 1.74 }
				],
				"translate": [
					{}
				]
			},
			"body7": {
				"rotate": [
					{ "value": 1.74 }
				],
				"translate": [
					{}
				]
			},
			"body8": {
				"rotate": [
					{ "value": 1.74 }
				],
				"translate": [
					{}
				]
			},
			"feeling_3": {
				"rotate": [
					{ "value": -0.47 }
				],
				"translate": [
					{ "x": 142.89, "y": -32.78 }
				],
				"scale": [
					{ "x": 1.056, "y": 1.056 }
				]
			},
			"emoji": {
				"rotate": [
					{ "value": 6.75 }
				],
				"translate": [
					{ "x": 9.61, "y": -12.32 }
				],
				"scale": [
					{ "x": 1.079, "y": 1.079 }
				]
			},
			"shouder_1": {
				"rotate": [
					{ "value": -155.73 }
				],
				"translate": [
					{ "x": 16.96, "y": 2.94 }
				],
				"scale": [
					{}
				],
				"shear": [
					{}
				]
			},
			"arm_1": {
				"rotate": [
					{ "value": -55.59 }
				],
				"translate": [
					{ "x": 2.02, "y": 0.08 }
				],
				"scale": [
					{}
				]
			},
			"shouder_2": {
				"rotate": [
					{ "value": 155.78 }
				],
				"translate": [
					{ "x": 23.94, "y": -1.65 }
				],
				"scale": [
					{}
				]
			},
			"arm_2": {
				"rotate": [
					{ "value": 108.84 }
				],
				"translate": [
					{}
				],
				"scale": [
					{ "x": 0.901 }
				]
			},
			"thigh_1": {
				"rotate": [
					{}
				],
				"translate": [
					{}
				],
				"scale": [
					{ "x": 1.103 }
				]
			},
			"leg_1": {
				"rotate": [
					{}
				],
				"translate": [
					{}
				]
			},
			"thigh_2": {
				"rotate": [
					{}
				],
				"translate": [
					{}
				]
			},
			"leg_2": {
				"rotate": [
					{}
				],
				"translate": [
					{}
				]
			},
			"foot_2": {
				"rotate": [
					{ "value": -8.2 }
				],
				"translate": [
					{ "x": -71.95, "y": 111.68 }
				]
			},
			"foot_3": {
				"rotate": [
					{}
				],
				"translate": [
					{ "x": 31.92, "y": 5.62 }
				]
			},
			"feeling_5": {
				"rotate": [
					{ "value": -113.73 }
				],
				"translate": [
					{ "x": 101.69, "y": -97.26 }
				],
				"scale": [
					{ "x": 0.971, "y": 0.971 }
				]
			},
			"feeling_1": {
				"rotate": [
					{ "value": -20.1 }
				],
				"translate": [
					{ "x": -80.21, "y": -96.69 }
				],
				"scale": [
					{ "x": 0.888, "y": 0.888 }
				]
			},
			"feeling_2": {
				"rotate": [
					{ "value": 10.35 }
				],
				"translate": [
					{ "x": 1.08, "y": -36.35 }
				],
				"scale": [
					{ "x": 1.028, "y": 1.028 }
				]
			},
			"move": {
				"translate": [
					{ "x": 119.99 }
				],
				"scale": [
					{}
				]
			},
			"hair_1": {
				"rotate": [
					{ "value": 35.77 }
				],
				"translate": [
					{ "x": 30.4, "y": 578.81 }
				],
				"scale": [
					{ "x": -1.143, "y": 1.143 }
				]
			},
			"feeling_4": {
				"rotate": [
					{ "value": -25.86 }
				],
				"translate": [
					{ "x": -142.24, "y": -127.01 }
				],
				"scale": [
					{ "x": 0.79, "y": 0.79 }
				]
			}
		},
		"ik": {
			"foot_1": [
				{ "stretch": true }
			],
			"foot_2": [
				{ "bendPositive": false, "stretch": true }
			]
		},
		"drawOrder": [
			{
				"offsets": [
					{ "slot": "shoulder4", "offset": -3 }
				]
			}
		]
	},
	"t_211_2_lose": {
		"slots": {
			"body": {
				"rgba": [
					{ "color": "000000ff", "curve": "stepped" },
					{ "time": 0.6, "color": "000000ff" }
				]
			},
			"Emoji": {
				"attachment": [
					{ "name": "Emoji/emo_84_b" },
					{ "time": 0.6, "name": "Emoji/emo_84_b" }
				]
			},
			"feeling_1": {
				"attachment": [
					{},
					{ "time": 0.6 }
				]
			},
			"feeling_2": {
				"attachment": [
					{ "name": "giat_minh" },
					{ "time": 0.6, "name": "giat_minh" }
				]
			},
			"feeling_3": {
				"rgba": [
					{ "color": "ffffffff", "curve": "stepped" },
					{ "time": 0.3, "color": "ffffffff", "curve": "stepped" },
					{ "time": 0.6, "color": "ffffffff" }
				],
				"attachment": [
					{ "name": "scare" },
					{ "time": 0.3, "name": "scare" },
					{ "time": 0.6, "name": "scare" }
				]
			},
			"feeling_4": {
				"attachment": [
					{ "name": "scare" },
					{ "time": 0.3, "name": "scare" },
					{ "time": 0.6, "name": "scare" }
				]
			},
			"feeling_5": {
				"attachment": [
					{},
					{ "time": 0.6 }
				]
			},
			"hair": {
				"attachment": [
					{ "name": "hair/man/toc_8" },
					{ "time": 0.6, "name": "hair/man/toc_8" }
				]
			},
			"head": {
				"rgba": [
					{ "color": "ffffffff", "curve": "stepped" },
					{ "time": 0.6, "color": "ffffffff" }
				]
			},
			"shoulder1": {
				"rgba": [
					{ "color": "000000ff", "curve": "stepped" },
					{ "time": 0.6, "color": "000000ff" }
				],
				"attachment": [
					{ "name": "shoulder" },
					{ "time": 0.6, "name": "shoulder" }
				]
			},
			"shoulder2": {
				"rgba": [
					{ "color": "000000ff", "curve": "stepped" },
					{ "time": 0.6, "color": "000000ff" }
				],
				"attachment": [
					{ "name": "shoulder" },
					{ "time": 0.6, "name": "shoulder" }
				]
			},
			"shoulder3": {
				"rgba": [
					{ "color": "000000ff", "curve": "stepped" },
					{ "time": 0.6, "color": "000000ff" }
				],
				"attachment": [
					{ "name": "shoulder" },
					{ "time": 0.6, "name": "shoulder" }
				]
			},
			"shoulder4": {
				"rgba": [
					{ "color": "000000ff", "curve": "stepped" },
					{ "time": 0.6, "color": "000000ff" }
				],
				"attachment": [
					{ "name": "shoulder" },
					{ "time": 0.6, "name": "shoulder" }
				]
			},
			"thigh": {
				"rgba": [
					{ "color": "000000ff", "curve": "stepped" },
					{ "time": 0.6, "color": "000000ff" }
				]
			},
			"thigh2": {
				"rgba": [
					{ "color": "000000ff", "curve": "stepped" },
					{ "time": 0.6, "color": "000000ff" }
				]
			},
			"thigh3": {
				"rgba": [
					{ "color": "000000ff", "curve": "stepped" },
					{ "time": 0.6, "color": "000000ff" }
				]
			},
			"thigh4": {
				"rgba": [
					{ "color": "000000ff", "curve": "stepped" },
					{ "time": 0.6, "color": "000000ff" }
				]
			}
		},
		"bones": {
			"head": {
				"rotate": [
					{ "value": 15.41, "curve": "stepped" },
					{ "time": 0.6, "value": 15.41 }
				],
				"translate": [
					{ "x": -6.92, "y": 5.42, "curve": "stepped" },
					{ "time": 0.6, "x": -6.92, "y": 5.42 }
				],
				"scale": [
					{ "curve": "stepped" },
					{ "time": 0.6 }
				]
			},
			"root": {
				"rotate": [
					{ "curve": "stepped" },
					{ "time": 0.6 }
				],
				"translate": [
					{ "curve": "stepped" },
					{ "time": 0.6 }
				]
			},
			"main": {
				"rotate": [
					{ "value": -6.35, "curve": "stepped" },
					{ "time": 0.6, "value": -6.35 }
				],
				"translate": [
					{ "x": -3.14, "y": -2.25, "curve": "stepped" },
					{ "time": 0.6, "x": -3.14, "y": -2.25 }
				]
			},
			"hip": {
				"rotate": [
					{ "curve": "stepped" },
					{ "time": 0.6 }
				],
				"translate": [
					{ "curve": "stepped" },
					{ "time": 0.6 }
				]
			},
			"body": {
				"rotate": [
					{ "value": 1.74, "curve": "stepped" },
					{ "time": 0.6, "value": 1.74 }
				],
				"translate": [
					{ "curve": "stepped" },
					{ "time": 0.6 }
				]
			},
			"body2": {
				"rotate": [
					{ "value": 1.74, "curve": "stepped" },
					{ "time": 0.6, "value": 1.74 }
				],
				"translate": [
					{ "curve": "stepped" },
					{ "time": 0.6 }
				]
			},
			"body3": {
				"rotate": [
					{ "value": 1.74, "curve": "stepped" },
					{ "time": 0.6, "value": 1.74 }
				],
				"translate": [
					{ "curve": "stepped" },
					{ "time": 0.6 }
				]
			},
			"body4": {
				"rotate": [
					{ "value": 1.74, "curve": "stepped" },
					{ "time": 0.6, "value": 1.74 }
				],
				"translate": [
					{ "curve": "stepped" },
					{ "time": 0.6 }
				]
			},
			"body5": {
				"rotate": [
					{ "value": 1.74, "curve": "stepped" },
					{ "time": 0.6, "value": 1.74 }
				],
				"translate": [
					{ "curve": "stepped" },
					{ "time": 0.6 }
				]
			},
			"body6": {
				"rotate": [
					{ "value": 1.74, "curve": "stepped" },
					{ "time": 0.6, "value": 1.74 }
				],
				"translate": [
					{ "curve": "stepped" },
					{ "time": 0.6 }
				]
			},
			"body7": {
				"rotate": [
					{ "value": 1.74, "curve": "stepped" },
					{ "time": 0.6, "value": 1.74 }
				],
				"translate": [
					{ "curve": "stepped" },
					{ "time": 0.6 }
				]
			},
			"body8": {
				"rotate": [
					{ "value": 1.74, "curve": "stepped" },
					{ "time": 0.6, "value": 1.74 }
				],
				"translate": [
					{ "curve": "stepped" },
					{ "time": 0.6 }
				]
			},
			"feeling_3": {
				"rotate": [
					{ "value": -59.63, "curve": "stepped" },
					{ "time": 0.0333, "value": -111.23, "curve": "stepped" },
					{ "time": 0.1333, "value": -0.47, "curve": "stepped" },
					{ "time": 0.2333, "value": -59.63, "curve": "stepped" },
					{ "time": 0.3333, "value": -111.23, "curve": "stepped" },
					{ "time": 0.4333, "value": -0.47, "curve": "stepped" },
					{ "time": 0.5333, "value": -59.63, "curve": "stepped" },
					{ "time": 0.6, "value": -59.63 }
				],
				"translate": [
					{ "x": 19.48, "y": -151.06, "curve": "stepped" },
					{ "time": 0.0333, "x": -201.69, "y": -125.93, "curve": "stepped" },
					{ "time": 0.1333, "x": 151.66, "y": -6.27, "curve": "stepped" },
					{ "time": 0.2333, "x": 19.48, "y": -151.06, "curve": "stepped" },
					{ "time": 0.3333, "x": -201.69, "y": -125.93, "curve": "stepped" },
					{ "time": 0.4333, "x": 151.66, "y": -6.27, "curve": "stepped" },
					{ "time": 0.5333, "x": 19.48, "y": -151.06, "curve": "stepped" },
					{ "time": 0.6, "x": 19.48, "y": -151.06 }
				],
				"scale": [
					{ "x": 2.079, "y": 2.079, "curve": "stepped" },
					{ "time": 0.0333, "x": 0.855, "y": 0.855, "curve": "stepped" },
					{ "time": 0.1333, "x": 1.184, "y": 1.184, "curve": "stepped" },
					{ "time": 0.2333, "x": 2.079, "y": 2.079, "curve": "stepped" },
					{ "time": 0.3333, "x": 0.855, "y": 0.855, "curve": "stepped" },
					{ "time": 0.4333, "x": 1.184, "y": 1.184, "curve": "stepped" },
					{ "time": 0.5333, "x": 2.079, "y": 2.079, "curve": "stepped" },
					{ "time": 0.6, "x": 2.079, "y": 2.079 }
				]
			},
			"emoji": {
				"rotate": [
					{ "value": 6.75, "curve": "stepped" },
					{ "time": 0.6, "value": 6.75 }
				],
				"translate": [
					{ "x": 9.61, "y": -12.32, "curve": "stepped" },
					{ "time": 0.6, "x": 9.61, "y": -12.32 }
				],
				"scale": [
					{ "x": 1.079, "y": 1.079, "curve": "stepped" },
					{ "time": 0.6, "x": 1.079, "y": 1.079 }
				]
			},
			"shouder_1": {
				"rotate": [
					{ "value": 175.07, "curve": "stepped" },
					{ "time": 0.6, "value": 175.07 }
				],
				"translate": [
					{ "x": 21.87, "y": 2.55, "curve": "stepped" },
					{ "time": 0.6, "x": 21.87, "y": 2.55 }
				],
				"scale": [
					{ "curve": "stepped" },
					{ "time": 0.6 }
				],
				"shear": [
					{ "curve": "stepped" },
					{ "time": 0.6 }
				]
			},
			"arm_1": {
				"rotate": [
					{ "value": -31.6, "curve": "stepped" },
					{ "time": 0.6, "value": -31.6 }
				],
				"translate": [
					{ "x": 2.02, "y": 0.08, "curve": "stepped" },
					{ "time": 0.6, "x": 2.02, "y": 0.08 }
				],
				"scale": [
					{ "curve": "stepped" },
					{ "time": 0.6 }
				]
			},
			"shouder_2": {
				"rotate": [
					{ "value": 165.97, "curve": "stepped" },
					{ "time": 0.6, "value": 165.97 }
				],
				"translate": [
					{ "x": 23.94, "y": -1.65, "curve": "stepped" },
					{ "time": 0.6, "x": 23.94, "y": -1.65 }
				],
				"scale": [
					{ "curve": "stepped" },
					{ "time": 0.6 }
				]
			},
			"arm_2": {
				"rotate": [
					{ "value": 108.84, "curve": "stepped" },
					{ "time": 0.6, "value": 108.84 }
				],
				"translate": [
					{ "curve": "stepped" },
					{ "time": 0.6 }
				],
				"scale": [
					{ "x": 0.901, "curve": "stepped" },
					{ "time": 0.6, "x": 0.901 }
				]
			},
			"thigh_1": {
				"rotate": [
					{
						"curve": [ 0.15, 0, 0.45, -23.63 ]
					},
					{ "time": 0.6, "value": -23.63 }
				],
				"translate": [
					{ "curve": "stepped" },
					{ "time": 0.6 }
				],
				"scale": [
					{ "x": 1.103, "curve": "stepped" },
					{ "time": 0.6, "x": 1.103 }
				]
			},
			"leg_1": {
				"rotate": [
					{
						"curve": [ 0.15, 0, 0.45, 52.32 ]
					},
					{ "time": 0.6, "value": 52.32 }
				],
				"translate": [
					{ "curve": "stepped" },
					{ "time": 0.6 }
				]
			},
			"thigh_2": {
				"rotate": [
					{
						"curve": [ 0.15, 0, 0.45, 94.52 ]
					},
					{ "time": 0.6, "value": 94.52 }
				],
				"translate": [
					{ "curve": "stepped" },
					{ "time": 0.6 }
				]
			},
			"leg_2": {
				"rotate": [
					{
						"curve": [ 0.15, 0, 0.45, -39.11 ]
					},
					{ "time": 0.6, "value": -39.11 }
				],
				"translate": [
					{ "curve": "stepped" },
					{ "time": 0.6 }
				]
			},
			"foot_2": {
				"rotate": [
					{ "value": -8.2, "curve": "stepped" },
					{ "time": 0.6, "value": -8.2 }
				],
				"translate": [
					{ "x": -27.31, "y": 6.87, "curve": "stepped" },
					{ "time": 0.6, "x": -27.31, "y": 6.87 }
				]
			},
			"foot_3": {
				"rotate": [
					{ "curve": "stepped" },
					{ "time": 0.6 }
				],
				"translate": [
					{ "x": 226.52, "y": 168.66, "curve": "stepped" },
					{ "time": 0.6, "x": 226.52, "y": 168.66 }
				]
			},
			"feeling_5": {
				"rotate": [
					{ "value": -110.25, "curve": "stepped" },
					{ "time": 0.6, "value": -110.25 }
				],
				"translate": [
					{ "x": 126.2, "y": 141.83, "curve": "stepped" },
					{ "time": 0.6, "x": 126.2, "y": 141.83 }
				],
				"scale": [
					{ "x": 0.971, "y": 0.971, "curve": "stepped" },
					{ "time": 0.6, "x": 0.971, "y": 0.971 }
				]
			},
			"feeling_1": {
				"rotate": [
					{ "value": -20.1, "curve": "stepped" },
					{ "time": 0.6, "value": -20.1 }
				],
				"translate": [
					{ "x": -80.21, "y": -96.69, "curve": "stepped" },
					{ "time": 0.6, "x": -80.21, "y": -96.69 }
				],
				"scale": [
					{ "x": 0.888, "y": 0.888, "curve": "stepped" },
					{ "time": 0.6, "x": 0.888, "y": 0.888 }
				]
			},
			"feeling_2": {
				"rotate": [
					{ "value": 19.45, "curve": "stepped" },
					{ "time": 0.6, "value": 19.45 }
				],
				"translate": [
					{ "x": 11.92, "y": -18.36, "curve": "stepped" },
					{ "time": 0.6, "x": 11.92, "y": -18.36 }
				],
				"scale": [
					{ "x": 1.236, "y": 1.236, "curve": "stepped" },
					{ "time": 0.6, "x": 1.236, "y": 1.236 }
				]
			},
			"move": {
				"translate": [
					{ "x": 119.99, "curve": "stepped" },
					{ "time": 0.6, "x": 119.99 }
				],
				"scale": [
					{ "curve": "stepped" },
					{ "time": 0.6 }
				]
			},
			"hair_1": {
				"rotate": [
					{ "value": 35.77, "curve": "stepped" },
					{ "time": 0.6, "value": 35.77 }
				],
				"translate": [
					{ "x": 30.4, "y": 578.81, "curve": "stepped" },
					{ "time": 0.6, "x": 30.4, "y": 578.81 }
				],
				"scale": [
					{ "x": -1.143, "y": 1.143, "curve": "stepped" },
					{ "time": 0.6, "x": -1.143, "y": 1.143 }
				]
			},
			"feeling_4": {
				"rotate": [
					{ "value": -25.86, "curve": "stepped" },
					{ "time": 0.1, "value": -61.01, "curve": "stepped" },
					{ "time": 0.2, "value": -104.3, "curve": "stepped" },
					{ "time": 0.3, "value": -25.86, "curve": "stepped" },
					{ "time": 0.4, "value": -61.01, "curve": "stepped" },
					{ "time": 0.5, "value": -104.3, "curve": "stepped" },
					{ "time": 0.6, "value": -25.86 }
				],
				"translate": [
					{ "x": -167.19, "y": -136.51, "curve": "stepped" },
					{ "time": 0.1, "x": -124.98, "y": 115.42, "curve": "stepped" },
					{ "time": 0.2, "x": 131.74, "y": 79.64, "curve": "stepped" },
					{ "time": 0.3, "x": -167.19, "y": -136.51, "curve": "stepped" },
					{ "time": 0.4, "x": -124.98, "y": 115.42, "curve": "stepped" },
					{ "time": 0.5, "x": 131.74, "y": 79.64, "curve": "stepped" },
					{ "time": 0.6, "x": -167.19, "y": -136.51 }
				],
				"scale": [
					{ "x": 0.938, "y": 0.938, "curve": "stepped" },
					{ "time": 0.1, "x": 0.637, "y": 0.637, "curve": "stepped" },
					{ "time": 0.2, "x": 0.978, "y": 0.978, "curve": "stepped" },
					{ "time": 0.3, "x": 0.938, "y": 0.938, "curve": "stepped" },
					{ "time": 0.4, "x": 0.637, "y": 0.637, "curve": "stepped" },
					{ "time": 0.5, "x": 0.978, "y": 0.978, "curve": "stepped" },
					{ "time": 0.6, "x": 0.938, "y": 0.938 }
				]
			}
		},
		"ik": {
			"foot_1": [
				{
					"stretch": true,
					"curve": [ 0.15, 1, 0.45, 1, 0.15, 0, 0.45, 0 ]
				},
				{ "time": 0.6, "stretch": true }
			],
			"foot_2": [
				{
					"bendPositive": false,
					"stretch": true,
					"curve": [ 0.15, 1, 0.45, 1, 0.15, 0, 0.45, 0 ]
				},
				{ "time": 0.6, "bendPositive": false, "stretch": true }
			]
		},
		"drawOrder": [
			{
				"offsets": [
					{ "slot": "shoulder4", "offset": -3 }
				]
			},
			{
				"time": 0.3,
				"offsets": [
					{ "slot": "shoulder4", "offset": -3 }
				]
			},
			{
				"time": 0.6,
				"offsets": [
					{ "slot": "shoulder4", "offset": -3 }
				]
			}
		]
	},
	"t_211_2_lose3": {
		"slots": {
			"body": {
				"rgba": [
					{ "color": "000000ff" }
				]
			},
			"Emoji": {
				"attachment": [
					{ "name": "Emoji/emo_84_b" }
				]
			},
			"feeling_1": {
				"attachment": [
					{}
				]
			},
			"feeling_2": {
				"attachment": [
					{ "name": "giat_minh" }
				]
			},
			"feeling_3": {
				"rgba": [
					{ "color": "ffffffff" }
				],
				"attachment": [
					{ "name": "scare" }
				]
			},
			"feeling_4": {
				"attachment": [
					{ "name": "scare" }
				]
			},
			"feeling_5": {
				"attachment": [
					{}
				]
			},
			"hair": {
				"attachment": [
					{ "name": "hair/man/toc_8" }
				]
			},
			"head": {
				"rgba": [
					{ "color": "ffffffff" }
				]
			},
			"shoulder1": {
				"rgba": [
					{ "color": "000000ff" }
				],
				"attachment": [
					{ "name": "shoulder" }
				]
			},
			"shoulder2": {
				"rgba": [
					{ "color": "000000ff" }
				],
				"attachment": [
					{ "name": "shoulder" }
				]
			},
			"shoulder3": {
				"rgba": [
					{ "color": "000000ff" }
				],
				"attachment": [
					{ "name": "shoulder" }
				]
			},
			"shoulder4": {
				"rgba": [
					{ "color": "000000ff" }
				],
				"attachment": [
					{ "name": "shoulder" }
				]
			},
			"thigh": {
				"rgba": [
					{ "color": "000000ff" }
				]
			},
			"thigh2": {
				"rgba": [
					{ "color": "000000ff" }
				]
			},
			"thigh3": {
				"rgba": [
					{ "color": "000000ff" }
				]
			},
			"thigh4": {
				"rgba": [
					{ "color": "000000ff" }
				]
			}
		},
		"bones": {
			"head": {
				"rotate": [
					{ "value": 15.41 }
				],
				"translate": [
					{ "x": -6.92, "y": 5.42 }
				],
				"scale": [
					{}
				]
			},
			"root": {
				"rotate": [
					{}
				],
				"translate": [
					{}
				]
			},
			"main": {
				"rotate": [
					{ "value": -6.35 }
				],
				"translate": [
					{ "x": -3.14, "y": -2.25 }
				]
			},
			"hip": {
				"rotate": [
					{}
				],
				"translate": [
					{}
				]
			},
			"body": {
				"rotate": [
					{ "value": 1.74 }
				],
				"translate": [
					{}
				]
			},
			"body2": {
				"rotate": [
					{ "value": 1.74 }
				],
				"translate": [
					{}
				]
			},
			"body3": {
				"rotate": [
					{ "value": 1.74 }
				],
				"translate": [
					{}
				]
			},
			"body4": {
				"rotate": [
					{ "value": 1.74 }
				],
				"translate": [
					{}
				]
			},
			"body5": {
				"rotate": [
					{ "value": 1.74 }
				],
				"translate": [
					{}
				]
			},
			"body6": {
				"rotate": [
					{ "value": 1.74 }
				],
				"translate": [
					{}
				]
			},
			"body7": {
				"rotate": [
					{ "value": 1.74 }
				],
				"translate": [
					{}
				]
			},
			"body8": {
				"rotate": [
					{ "value": 1.74 }
				],
				"translate": [
					{}
				]
			},
			"feeling_3": {
				"rotate": [
					{ "value": -59.63 }
				],
				"translate": [
					{ "x": 145.25, "y": 7.57 }
				],
				"scale": [
					{ "x": -1.12, "y": -1.12 }
				]
			},
			"emoji": {
				"rotate": [
					{ "value": 6.75 }
				],
				"translate": [
					{ "x": 9.61, "y": -12.32 }
				],
				"scale": [
					{ "x": 1.079, "y": 1.079 }
				]
			},
			"shouder_1": {
				"rotate": [
					{ "value": 175.07 }
				],
				"translate": [
					{ "x": 21.87, "y": 2.55 }
				],
				"scale": [
					{}
				],
				"shear": [
					{}
				]
			},
			"arm_1": {
				"rotate": [
					{ "value": -31.6 }
				],
				"translate": [
					{ "x": 2.02, "y": 0.08 }
				],
				"scale": [
					{}
				]
			},
			"shouder_2": {
				"rotate": [
					{ "value": 165.97 }
				],
				"translate": [
					{ "x": 23.94, "y": -1.65 }
				],
				"scale": [
					{}
				]
			},
			"arm_2": {
				"rotate": [
					{ "value": 108.84 }
				],
				"translate": [
					{}
				],
				"scale": [
					{ "x": 0.901 }
				]
			},
			"thigh_1": {
				"rotate": [
					{}
				],
				"translate": [
					{}
				],
				"scale": [
					{ "x": 1.103 }
				]
			},
			"leg_1": {
				"rotate": [
					{}
				],
				"translate": [
					{}
				]
			},
			"thigh_2": {
				"rotate": [
					{}
				],
				"translate": [
					{}
				]
			},
			"leg_2": {
				"rotate": [
					{}
				],
				"translate": [
					{}
				]
			},
			"foot_2": {
				"rotate": [
					{ "value": -8.2 }
				],
				"translate": [
					{ "x": -27.31, "y": 6.87 }
				]
			},
			"foot_3": {
				"rotate": [
					{}
				],
				"translate": [
					{ "x": 226.52, "y": 168.66 }
				]
			},
			"feeling_5": {
				"rotate": [
					{ "value": -110.25 }
				],
				"translate": [
					{ "x": 126.2, "y": 141.83 }
				],
				"scale": [
					{ "x": 0.971, "y": 0.971 }
				]
			},
			"feeling_1": {
				"rotate": [
					{ "value": -20.1 }
				],
				"translate": [
					{ "x": -80.21, "y": -96.69 }
				],
				"scale": [
					{ "x": 0.888, "y": 0.888 }
				]
			},
			"feeling_2": {
				"rotate": [
					{ "value": 19.45 }
				],
				"translate": [
					{ "x": 11.92, "y": -18.36 }
				],
				"scale": [
					{ "x": 1.236, "y": 1.236 }
				]
			},
			"move": {
				"translate": [
					{ "x": 119.99 }
				],
				"scale": [
					{}
				]
			},
			"hair_1": {
				"rotate": [
					{ "value": 35.77 }
				],
				"translate": [
					{ "x": 30.4, "y": 578.81 }
				],
				"scale": [
					{ "x": -1.143, "y": 1.143 }
				]
			},
			"feeling_4": {
				"rotate": [
					{ "value": -25.86 }
				],
				"translate": [
					{ "x": -167.19, "y": -136.51 }
				],
				"scale": [
					{ "x": 0.938, "y": 0.938 }
				]
			}
		},
		"ik": {
			"foot_1": [
				{ "stretch": true }
			],
			"foot_2": [
				{ "bendPositive": false, "stretch": true }
			]
		},
		"drawOrder": [
			{
				"offsets": [
					{ "slot": "shoulder4", "offset": -3 }
				]
			}
		]
	},
	"t_211_2_win": {
		"slots": {
			"body": {
				"rgba": [
					{ "color": "000000ff" }
				]
			},
			"Emoji": {
				"attachment": [
					{ "name": "Emoji/emo_87" }
				]
			},
			"feeling_1": {
				"rgba": [
					{ "color": "ffffffff" }
				],
				"attachment": [
					{ "name": "mo_hoi" }
				]
			},
			"feeling_2": {
				"attachment": [
					{ "name": "Emoji/hoi_cham" }
				]
			},
			"feeling_3": {
				"rgba": [
					{ "color": "ffffffff" }
				],
				"attachment": [
					{ "name": "Emoji/hoi_cham" }
				]
			},
			"feeling_4": {
				"attachment": [
					{ "name": "giat_minh" }
				]
			},
			"feeling_5": {
				"attachment": [
					{ "name": "Emoji/hoi_cham" }
				]
			},
			"hair": {
				"attachment": [
					{ "name": "hair/man/toc_8" }
				]
			},
			"head": {
				"rgba": [
					{ "color": "ffffffff" }
				],
				"attachment": [
					{ "name": "head" }
				]
			},
			"shoulder1": {
				"rgba": [
					{ "color": "000000ff" }
				],
				"attachment": [
					{ "name": "shoulder" }
				]
			},
			"shoulder2": {
				"rgba": [
					{ "color": "000000ff" }
				],
				"attachment": [
					{ "name": "shoulder" }
				]
			},
			"shoulder3": {
				"rgba": [
					{ "color": "000000ff" }
				],
				"attachment": [
					{ "name": "shoulder" }
				]
			},
			"shoulder4": {
				"rgba": [
					{ "color": "000000ff" }
				],
				"attachment": [
					{ "name": "shoulder" }
				]
			},
			"thigh": {
				"rgba": [
					{ "color": "000000ff" }
				]
			},
			"thigh2": {
				"rgba": [
					{ "color": "000000ff" }
				]
			},
			"thigh3": {
				"rgba": [
					{ "color": "000000ff" }
				]
			},
			"thigh4": {
				"rgba": [
					{ "color": "000000ff" }
				]
			}
		},
		"bones": {
			"head": {
				"rotate": [
					{ "value": 6.26 }
				],
				"translate": [
					{ "x": -43.43, "y": -0.49 }
				],
				"scale": [
					{ "x": 1.19 }
				]
			},
			"root": {
				"rotate": [
					{}
				],
				"translate": [
					{}
				]
			},
			"main": {
				"rotate": [
					{ "value": -5.6 }
				],
				"translate": [
					{ "x": 6.28, "y": -44.6 }
				]
			},
			"hip": {
				"rotate": [
					{}
				],
				"translate": [
					{}
				]
			},
			"body": {
				"rotate": [
					{ "value": 6.51 }
				],
				"translate": [
					{}
				]
			},
			"body2": {
				"rotate": [
					{ "value": -0.04 }
				],
				"translate": [
					{}
				]
			},
			"body3": {
				"rotate": [
					{ "value": -0.04 }
				],
				"translate": [
					{}
				]
			},
			"body4": {
				"rotate": [
					{ "value": -0.95 }
				],
				"translate": [
					{}
				]
			},
			"body5": {
				"rotate": [
					{ "value": -1.48 }
				],
				"translate": [
					{}
				]
			},
			"body6": {
				"rotate": [
					{ "value": 0.54 }
				],
				"translate": [
					{}
				]
			},
			"body7": {
				"rotate": [
					{ "value": -0.04 }
				],
				"translate": [
					{}
				]
			},
			"body8": {
				"rotate": [
					{ "value": -0.04 }
				],
				"translate": [
					{}
				]
			},
			"feeling_3": {
				"rotate": [
					{ "value": -89.95 }
				],
				"translate": [
					{ "x": 42.08, "y": 103.8 }
				],
				"scale": [
					{}
				]
			},
			"emoji": {
				"rotate": [
					{ "value": -5.83 }
				],
				"translate": [
					{ "x": -0.59, "y": -6.99 }
				],
				"scale": [
					{ "x": -1.063, "y": 1.063 }
				]
			},
			"shouder_1": {
				"rotate": [
					{ "value": -124.6 }
				],
				"translate": [
					{ "x": 24.89, "y": 8.11 }
				],
				"scale": [
					{}
				],
				"shear": [
					{ "y": 1 }
				]
			},
			"arm_1": {
				"rotate": [
					{ "value": -79.02 }
				],
				"translate": [
					{ "x": 2.6, "y": 0.99 }
				],
				"scale": [
					{}
				]
			},
			"shouder_2": {
				"rotate": [
					{ "value": -174.08 }
				],
				"translate": [
					{ "x": 23.64, "y": -0.9 }
				],
				"scale": [
					{}
				]
			},
			"arm_2": {
				"rotate": [
					{ "value": 116.17 }
				],
				"translate": [
					{ "x": 2.03 }
				],
				"scale": [
					{}
				]
			},
			"thigh_1": {
				"rotate": [
					{ "value": -6.18 }
				],
				"translate": [
					{}
				],
				"scale": [
					{}
				]
			},
			"leg_1": {
				"rotate": [
					{ "value": 5.22 }
				],
				"translate": [
					{}
				],
				"scale": [
					{}
				]
			},
			"thigh_2": {
				"rotate": [
					{ "value": 2.51 }
				],
				"translate": [
					{}
				],
				"scale": [
					{}
				]
			},
			"leg_2": {
				"rotate": [
					{ "value": 3.66 }
				],
				"translate": [
					{}
				],
				"scale": [
					{}
				]
			},
			"foot_2": {
				"rotate": [
					{ "value": -16.44 }
				],
				"translate": [
					{ "x": 97.86, "y": 1.63 }
				]
			},
			"foot_3": {
				"rotate": [
					{}
				],
				"translate": [
					{ "x": -91.56, "y": -0.36 }
				]
			},
			"feeling_5": {
				"rotate": [
					{ "value": -93.72 }
				],
				"translate": [
					{ "x": -135.21, "y": -43.85 }
				],
				"scale": [
					{ "x": 0.389, "y": 0.389 }
				]
			},
			"feeling_1": {
				"rotate": [
					{ "value": -10.55 }
				],
				"translate": [
					{ "x": -135.44, "y": -142.93 }
				],
				"scale": [
					{ "x": 0.747, "y": 0.747 }
				],
				"shear": [
					{}
				]
			},
			"feeling_2": {
				"rotate": [
					{ "value": 29.06 }
				],
				"translate": [
					{ "x": 16.98, "y": -76.08 }
				],
				"scale": [
					{ "x": 1.17, "y": 1.17 }
				],
				"shear": [
					{}
				]
			},
			"move": {
				"translate": [
					{ "x": 119.99 }
				],
				"scale": [
					{ "x": -1 }
				]
			},
			"hair_1": {
				"rotate": [
					{ "value": 2.73 }
				],
				"translate": [
					{ "x": 89.25, "y": 568.96 }
				],
				"scale": [
					{ "x": -1.143, "y": 1.143 }
				]
			},
			"feeling_4": {
				"rotate": [
					{ "value": -48.75 }
				],
				"translate": [
					{ "x": 100.81, "y": 12.28 }
				],
				"scale": [
					{ "x": 0.593, "y": 0.593 }
				]
			}
		},
		"ik": {
			"foot_1": [
				{ "bendPositive": false, "stretch": true }
			],
			"foot_2": [
				{ "stretch": true }
			]
		},
		"drawOrder": [
			{
				"offsets": [
					{ "slot": "shoulder4", "offset": 4 },
					{ "slot": "feeling_1", "offset": 1 }
				]
			}
		]
	}
}
}