{"frames": [

{
	"filename": "bg",
	"frame": {"x":1241,"y":769,"w":284,"h":216},
	"rotated": false,
	"trimmed": false,
	"spriteSourceSize": {"x":0,"y":0,"w":284,"h":216},
	"sourceSize": {"w":284,"h":216}
},
{
	"filename": "bg_troi_tuyet",
	"frame": {"x":1,"y":1,"w":1080,"h":1211},
	"rotated": false,
	"trimmed": false,
	"spriteSourceSize": {"x":0,"y":0,"w":1080,"h":1211},
	"sourceSize": {"w":1080,"h":1211}
},
{
	"filename": "cai_xo",
	"frame": {"x":1262,"y":986,"w":100,"h":135},
	"rotated": false,
	"trimmed": false,
	"spriteSourceSize": {"x":0,"y":0,"w":100,"h":135},
	"sourceSize": {"w":100,"h":135}
},
{
	"filename": "diem_neo_cai_coc",
	"frame": {"x":1456,"y":986,"w":79,"h":207},
	"rotated": false,
	"trimmed": true,
	"spriteSourceSize": {"x":7,"y":7,"w":79,"h":207},
	"sourceSize": {"w":93,"h":221}
},
{
	"filename": "diem_neo_cai_coc_hot",
	"frame": {"x":1363,"y":986,"w":92,"h":221},
	"rotated": false,
	"trimmed": true,
	"spriteSourceSize": {"x":1,"y":0,"w":92,"h":221},
	"sourceSize": {"w":93,"h":221}
},
{
	"filename": "item_may anh",
	"frame": {"x":1262,"y":1122,"w":73,"h":47},
	"rotated": false,
	"trimmed": false,
	"spriteSourceSize": {"x":0,"y":0,"w":73,"h":47},
	"sourceSize": {"w":73,"h":47}
},
{
	"filename": "nguoi_tuyet",
	"frame": {"x":1241,"y":1,"w":347,"h":405},
	"rotated": false,
	"trimmed": false,
	"spriteSourceSize": {"x":0,"y":0,"w":347,"h":405},
	"sourceSize": {"w":347,"h":405}
},
{
	"filename": "nguoi_tuyet_vo",
	"frame": {"x":1241,"y":407,"w":348,"h":361},
	"rotated": false,
	"trimmed": false,
	"spriteSourceSize": {"x":0,"y":0,"w":348,"h":361},
	"sourceSize": {"w":348,"h":361}
},
{
	"filename": "trap_luong_bang",
	"frame": {"x":1082,"y":1,"w":158,"h":1005},
	"rotated": false,
	"trimmed": false,
	"spriteSourceSize": {"x":0,"y":0,"w":158,"h":1005},
	"sourceSize": {"w":158,"h":1005}
},
{
	"filename": "trap_may_dong_bang",
	"frame": {"x":1082,"y":1007,"w":179,"h":204},
	"rotated": false,
	"trimmed": false,
	"spriteSourceSize": {"x":0,"y":0,"w":179,"h":204},
	"sourceSize": {"w":179,"h":204}
}],
"meta": {
	"app": "https://www.codeandweb.com/texturepacker",
	"version": "1.0",
	"image": "props.png",
	"format": "RGBA8888",
	"size": {"w":1590,"h":1213},
	"scale": "1",
	"smartupdate": "$TexturePacker:SmartUpdate:25f53493fdb2ce845345d4919a133d6f:7baced764fd63933eb63aaa3fe9d2be7:f4c39b94f5b79b4c461da96ae5609d50$"
}
}
