{"frames": [

{
	"filename": "bg",
	"frame": {"x":1,"y":1,"w":1080,"h":1122},
	"rotated": false,
	"trimmed": false,
	"spriteSourceSize": {"x":0,"y":0,"w":1080,"h":1122},
	"sourceSize": {"w":1080,"h":1122}
},
{
	"filename": "cua_dong",
	"frame": {"x":1082,"y":1,"w":237,"h":460},
	"rotated": false,
	"trimmed": false,
	"spriteSourceSize": {"x":0,"y":0,"w":237,"h":460},
	"sourceSize": {"w":237,"h":460}
},
{
	"filename": "cua_mo",
	"frame": {"x":1082,"y":462,"w":184,"h":543},
	"rotated": false,
	"trimmed": false,
	"spriteSourceSize": {"x":0,"y":0,"w":184,"h":543},
	"sourceSize": {"w":184,"h":543}
},
{
	"filename": "item_chia_khoa",
	"frame": {"x":1267,"y":462,"w":46,"h":147},
	"rotated": false,
	"trimmed": false,
	"spriteSourceSize": {"x":0,"y":0,"w":46,"h":147},
	"sourceSize": {"w":46,"h":147}
},
{
	"filename": "song_sat",
	"frame": {"x":552,"y":1124,"w":536,"h":699},
	"rotated": false,
	"trimmed": true,
	"spriteSourceSize": {"x":7,"y":7,"w":536,"h":699},
	"sourceSize": {"w":550,"h":713}
},
{
	"filename": "song_sat_hot",
	"frame": {"x":1,"y":1124,"w":550,"h":713},
	"rotated": false,
	"trimmed": false,
	"spriteSourceSize": {"x":0,"y":0,"w":550,"h":713},
	"sourceSize": {"w":550,"h":713}
}],
"meta": {
	"app": "https://www.codeandweb.com/texturepacker",
	"version": "1.0",
	"image": "props.png",
	"format": "RGBA8888",
	"size": {"w":1320,"h":1838},
	"scale": "1",
	"smartupdate": "$TexturePacker:SmartUpdate:996dbbcb1a09c51c61573b5df3522f9b:f78b1f67b709f722be4aa4a365553d4e:f4c39b94f5b79b4c461da96ae5609d50$"
}
}
