{"frames": [

{
	"filename": "bg",
	"frame": {"x":911,"y":1,"w":54,"h":1208},
	"rotated": false,
	"trimmed": false,
	"spriteSourceSize": {"x":0,"y":0,"w":54,"h":1208},
	"sourceSize": {"w":54,"h":1208}
},
{
	"filename": "bong_ngo",
	"frame": {"x":1,"y":1,"w":68,"h":115},
	"rotated": false,
	"trimmed": false,
	"spriteSourceSize": {"x":0,"y":0,"w":68,"h":115},
	"sourceSize": {"w":68,"h":115}
},
{
	"filename": "coc_nuoc",
	"frame": {"x":116,"y":1,"w":90,"h":149},
	"rotated": false,
	"trimmed": false,
	"spriteSourceSize": {"x":0,"y":0,"w":90,"h":149},
	"sourceSize": {"w":90,"h":149}
},
{
	"filename": "den",
	"frame": {"x":207,"y":1,"w":245,"h":277},
	"rotated": false,
	"trimmed": false,
	"spriteSourceSize": {"x":0,"y":0,"w":245,"h":277},
	"sourceSize": {"w":245,"h":277}
},
{
	"filename": "dien_thoai_goc",
	"frame": {"x":70,"y":1,"w":45,"h":130},
	"rotated": false,
	"trimmed": false,
	"spriteSourceSize": {"x":0,"y":0,"w":45,"h":130},
	"sourceSize": {"w":45,"h":130}
},
{
	"filename": "Hang ghe sau 2",
	"frame": {"x":1,"y":279,"w":786,"h":284},
	"rotated": false,
	"trimmed": false,
	"spriteSourceSize": {"x":0,"y":0,"w":786,"h":284},
	"sourceSize": {"w":786,"h":284}
},
{
	"filename": "Hang ghe truoc",
	"frame": {"x":1,"y":564,"w":909,"h":315},
	"rotated": false,
	"trimmed": false,
	"spriteSourceSize": {"x":0,"y":0,"w":909,"h":315},
	"sourceSize": {"w":909,"h":315}
}],
"meta": {
	"app": "https://www.codeandweb.com/texturepacker",
	"version": "1.0",
	"image": "props.png",
	"format": "RGBA8888",
	"size": {"w":966,"h":1210},
	"scale": "1",
	"smartupdate": "$TexturePacker:SmartUpdate:8753d8c00ef5fe58ede53288fba0f7a8:18ebe32faf52ff9a2110d98415af8ca9:f4c39b94f5b79b4c461da96ae5609d50$"
}
}
