{
"skeleton": { "hash": "RzfODTklisg", "spine": "4.1.24", "x": -388.28, "y": -425.09, "width": 724.41, "height": 1282.48 },
"bones": [
	{ "name": "root", "rotation": 0.2 },
	{ "name": "move", "parent": "root", "x": -119.99, "scaleX": -1 },
	{ "name": "main", "parent": "move", "y": 256.6 },
	{ "name": "hip", "parent": "main" },
	{ "name": "body", "parent": "hip", "length": 26.97, "rotation": 90 },
	{ "name": "body2", "parent": "body", "length": 26.97, "x": 26.97 },
	{ "name": "body3", "parent": "body2", "length": 26.97, "x": 26.97 },
	{ "name": "body4", "parent": "body3", "length": 26.97, "rotation": -0.06, "x": 26.97 },
	{ "name": "body5", "parent": "body4", "length": 26.97, "x": 26.97 },
	{ "name": "body6", "parent": "body5", "length": 26.97, "x": 26.97 },
	{ "name": "body7", "parent": "body6", "length": 26.97, "x": 26.97 },
	{ "name": "body8", "parent": "body7", "length": 26.97, "x": 26.97 },
	{ "name": "head", "parent": "body8", "length": 135.67, "x": 24.75 },
	{ "name": "feeling_3", "parent": "head", "rotation": -0.18, "x": 87.53, "y": 30.96 },
	{ "name": "emoji", "parent": "head", "rotation": -90, "x": 62, "y": 1.49 },
	{ "name": "shouder_1", "parent": "body7", "length": 100.06, "rotation": -90, "x": 15.39, "y": 0.02 },
	{ "name": "arm_1", "parent": "shouder_1", "length": 100.06, "x": 94.79 },
	{ "name": "shouder_2", "parent": "body7", "length": 100.06, "rotation": 90, "x": 15.39, "y": 0.02 },
	{ "name": "arm_2", "parent": "shouder_2", "length": 100.06, "x": 94.79 },
	{ "name": "thigh_1", "parent": "main", "length": 134.15, "rotation": -90, "x": -0.54, "y": 4.23 },
	{ "name": "leg_1", "parent": "thigh_1", "length": 134.15, "x": 128.14 },
	{ "name": "thigh_2", "parent": "main", "length": 134.15, "rotation": -90, "x": -0.1, "y": 4.23 },
	{ "name": "leg_2", "parent": "thigh_2", "length": 134.15, "x": 128.14 },
	{ "name": "foot_2", "parent": "move", "x": 0.16, "y": -2.18 },
	{ "name": "foot_3", "parent": "move", "x": 0.1, "y": -2.12 },
	{
		"name": "feeling_5",
		"parent": "head",
		"rotation": -0.18,
		"x": 87.53,
		"y": -25.11,
		"scaleX": 2,
		"scaleY": 2
	},
	{ "name": "item_1", "parent": "move", "x": -1.93, "y": 450.24 },
	{ "name": "feeling_1", "parent": "main", "rotation": -20.17, "x": 72.35, "y": 376.02 },
	{ "name": "feeling_2", "parent": "main", "rotation": -20.17, "x": 72.35, "y": 376.02 },
	{ "name": "hair_1", "parent": "main", "rotation": 0.07, "x": -120, "y": -254.77 },
	{
		"name": "feeling_4",
		"parent": "head",
		"rotation": -0.18,
		"x": 87.53,
		"y": -25.11,
		"scaleX": 2,
		"scaleY": 2
	},
	{ "name": "item_tay", "parent": "arm_2", "x": 101.01, "y": -1.25 }
],
"slots": [
	{ "name": "bg_gane_play", "bone": "root", "color": "ffffff4f" },
	{ "name": "item", "bone": "item_1" },
	{ "name": "body", "bone": "hip", "color": "000000ff", "attachment": "body" },
	{ "name": "shoulder1", "bone": "shouder_1", "color": "000000ff" },
	{ "name": "shoulder3", "bone": "shouder_2", "color": "000000ff" },
	{ "name": "shoulder2", "bone": "arm_1", "color": "000000ff" },
	{ "name": "shoulder4", "bone": "arm_2", "color": "000000ff" },
	{ "name": "thigh", "bone": "thigh_1", "color": "000000ff", "attachment": "thigh" },
	{ "name": "thigh3", "bone": "thigh_2", "color": "000000ff", "attachment": "thigh" },
	{ "name": "thigh2", "bone": "leg_1", "color": "000000ff", "attachment": "thigh" },
	{ "name": "thigh4", "bone": "leg_2", "color": "000000ff", "attachment": "thigh" },
	{ "name": "head", "bone": "head", "attachment": "head" },
	{ "name": "hair", "bone": "hair_1" },
	{ "name": "Emoji", "bone": "emoji" },
	{ "name": "feeling_3", "bone": "feeling_3", "color": "000000ff" },
	{ "name": "feeling_5", "bone": "feeling_5" },
	{ "name": "feeling_4", "bone": "feeling_4" },
	{ "name": "feeling_1", "bone": "feeling_1" },
	{ "name": "feeling_2", "bone": "feeling_2" },
	{ "name": "item_tay", "bone": "item_tay" }
],
"ik": [
	{
		"name": "foot_1",
		"bones": [ "thigh_1", "leg_1" ],
		"target": "foot_2",
		"mix": 0,
		"stretch": true
	},
	{
		"name": "foot_2",
		"order": 1,
		"bones": [ "thigh_2", "leg_2" ],
		"target": "foot_3",
		"mix": 0,
		"stretch": true
	}
],
"skins": [
	{
		"name": "default",
		"attachments": {
			"body": {
				"body": {
					"type": "mesh",
					"uvs": [ 1, 1, 0, 1, 0, 0.875, 0, 0.75, 0, 0.625, 0, 0.5, 0, 0.375, 0, 0.25, 0, 0.125, 0, 0, 1, 0, 1, 0.125, 1, 0.25, 1, 0.375, 1, 0.5, 1, 0.625, 1, 0.75, 1, 0.875 ],
					"triangles": [ 8, 9, 10, 11, 8, 10, 7, 8, 11, 12, 7, 11, 6, 7, 12, 13, 6, 12, 5, 6, 13, 14, 5, 13, 4, 5, 14, 15, 4, 14, 3, 4, 15, 16, 3, 15, 2, 3, 16, 17, 2, 16, 1, 2, 17, 0, 1, 17 ],
					"vertices": [ 1, 4, -1.7, -5.5, 1, 1, 4, -1.7, 5.5, 1, 2, 4, 25.68, 5.5, 0.70301, 5, -1.29, 5.5, 0.29699, 2, 5, 26.08, 5.5, 0.65569, 6, -0.88, 5.5, 0.34431, 2, 6, 26.49, 5.5, 0.55905, 7, -0.48, 5.5, 0.44095, 2, 7, 26.9, 5.5, 0.51367, 8, -0.07, 5.5, 0.48633, 2, 8, 27.3, 5.5, 0.41705, 9, 0.33, 5.5, 0.58295, 2, 9, 27.71, 5.5, 0.38565, 10, 0.74, 5.5, 0.61435, 2, 10, 28.11, 5.5, 0.36868, 11, 1.14, 5.5, 0.63132, 1, 11, 28.52, 5.5, 1, 1, 11, 28.52, -5.5, 1, 2, 10, 28.11, -5.5, 0.3064, 11, 1.14, -5.5, 0.6936, 2, 9, 27.71, -5.5, 0.40945, 10, 0.74, -5.5, 0.59055, 2, 8, 27.3, -5.5, 0.44404, 9, 0.33, -5.5, 0.55596, 2, 7, 26.9, -5.5, 0.52991, 8, -0.07, -5.5, 0.47009, 2, 6, 26.49, -5.5, 0.58474, 7, -0.48, -5.5, 0.41526, 2, 5, 26.08, -5.5, 0.62061, 6, -0.88, -5.5, 0.37939, 2, 4, 25.68, -5.5, 0.65664, 5, -1.29, -5.5, 0.34336 ],
					"hull": 18
				}
			},
			"Emoji": {
				"Emoji/emo_65": { "width": 84, "height": 84 },
				"Emoji/emo_89": { "x": 0.5, "y": 0.5, "width": 141, "height": 117 },
				"Emoji/emo_90": { "y": 0.5, "width": 86, "height": 91 },
				"Emoji/new/emo_18": { "width": 80, "height": 116 },
				"Emoji/new/emo_55_e": { "y": 0.5, "width": 96, "height": 89 },
				"Emoji/new/emo_64": { "x": 0.5, "width": 79, "height": 92 }
			},
			"feeling_1": {
				"cham_than": { "x": 0.5, "y": 0.5, "width": 17, "height": 57 },
				"giat_minh": { "width": 70, "height": 66 },
				"mo_hoi": { "x": 0.5, "y": 0.5, "width": 19, "height": 41 }
			},
			"feeling_2": {
				"rung": { "x": 0.5, "scaleX": -1, "rotation": 20.07, "width": 18, "height": 51 },
				"scare": { "y": 0.5, "width": 80, "height": 83 }
			},
			"feeling_3": {
				"cauco": { "width": 50, "height": 45 },
				"mo_hoi": { "x": -18.07, "y": -0.4, "rotation": -96.51, "width": 19, "height": 41 },
				"rung": { "x": 1, "y": -1.54, "width": 18, "height": 51 },
				"scare": { "width": 80, "height": 83 }
			},
			"feeling_5": {
				"rung": { "x": 0.5, "width": 18, "height": 51 }
			},
			"hair": {
				"hair/man/mu_2": { "width": 200, "height": 84 },
				"hair/man/toc_8": { "x": 0.5, "width": 133, "height": 84 }
			},
			"head": {
				"head": { "x": 68.85, "rotation": -89.87, "width": 144, "height": 144 }
			},
			"shoulder1": {
				"shoulder": { "x": 49.22, "rotation": -90, "width": 15, "height": 105 }
			},
			"shoulder2": {
				"shoulder": { "x": 49.22, "rotation": -90, "width": 15, "height": 105 }
			},
			"shoulder3": {
				"shoulder": { "x": 49.22, "rotation": -90, "width": 15, "height": 105 }
			},
			"shoulder4": {
				"shoulder": { "x": 50.57, "rotation": -90, "width": 15, "height": 105 }
			},
			"thigh": {
				"thigh": { "x": 66.01, "rotation": -90, "width": 14, "height": 137 }
			},
			"thigh2": {
				"thigh": { "x": 66.01, "rotation": -90, "width": 14, "height": 137 }
			},
			"thigh3": {
				"thigh": { "x": 66.01, "rotation": -90, "width": 14, "height": 137 }
			},
			"thigh4": {
				"thigh": { "x": 66.01, "rotation": -90, "width": 14, "height": 137 }
			}
		}
	}
],
"animations": {
	"t_56_1_be": {
		"slots": {
			"body": {
				"rgba": [
					{ "color": "000000ff", "curve": "stepped" },
					{ "time": 0.0333, "color": "000000ff" }
				]
			},
			"Emoji": {
				"attachment": [
					{ "name": "Emoji/new/emo_55_e" },
					{ "time": 0.0333, "name": "Emoji/new/emo_55_e" }
				]
			},
			"feeling_1": {
				"attachment": [
					{ "name": "mo_hoi" },
					{ "time": 0.0333, "name": "mo_hoi" }
				]
			},
			"feeling_2": {
				"attachment": [
					{},
					{ "time": 0.0333 }
				]
			},
			"feeling_3": {
				"attachment": [
					{},
					{ "time": 0.0333 }
				]
			},
			"feeling_5": {
				"attachment": [
					{},
					{ "time": 0.0333 }
				]
			},
			"hair": {
				"attachment": [
					{ "name": "hair/man/mu_2" },
					{ "time": 0.0333, "name": "hair/man/mu_2" }
				]
			},
			"head": {
				"rgba": [
					{ "color": "ffffffff", "curve": "stepped" },
					{ "time": 0.0333, "color": "ffffffff" }
				],
				"attachment": [
					{ "name": "head" },
					{ "time": 0.0333, "name": "head" }
				]
			},
			"shoulder1": {
				"rgba": [
					{ "color": "000000ff", "curve": "stepped" },
					{ "time": 0.0333, "color": "000000ff" }
				],
				"attachment": [
					{},
					{ "time": 0.0333 }
				]
			},
			"shoulder2": {
				"rgba": [
					{ "color": "000000ff", "curve": "stepped" },
					{ "time": 0.0333, "color": "000000ff" }
				],
				"attachment": [
					{},
					{ "time": 0.0333 }
				]
			},
			"shoulder3": {
				"rgba": [
					{ "color": "000000ff", "curve": "stepped" },
					{ "time": 0.0333, "color": "000000ff" }
				],
				"attachment": [
					{ "name": "shoulder" },
					{ "time": 0.0333, "name": "shoulder" }
				]
			},
			"shoulder4": {
				"rgba": [
					{ "color": "000000ff", "curve": "stepped" },
					{ "time": 0.0333, "color": "000000ff" }
				],
				"attachment": [
					{ "name": "shoulder" },
					{ "time": 0.0333, "name": "shoulder" }
				]
			},
			"thigh": {
				"rgba": [
					{ "color": "000000ff", "curve": "stepped" },
					{ "time": 0.0333, "color": "000000ff" }
				],
				"attachment": [
					{},
					{ "time": 0.0333 }
				]
			},
			"thigh2": {
				"rgba": [
					{ "color": "000000ff", "curve": "stepped" },
					{ "time": 0.0333, "color": "000000ff" }
				],
				"attachment": [
					{},
					{ "time": 0.0333 }
				]
			},
			"thigh3": {
				"rgba": [
					{ "color": "000000ff", "curve": "stepped" },
					{ "time": 0.0333, "color": "000000ff" }
				],
				"attachment": [
					{},
					{ "time": 0.0333 }
				]
			},
			"thigh4": {
				"rgba": [
					{ "color": "000000ff", "curve": "stepped" },
					{ "time": 0.0333, "color": "000000ff" }
				],
				"attachment": [
					{},
					{ "time": 0.0333 }
				]
			}
		},
		"bones": {
			"head": {
				"rotate": [
					{ "value": -12.61, "curve": "stepped" },
					{ "time": 0.0333, "value": -12.61 }
				],
				"translate": [
					{ "x": -62.34, "y": 1.7, "curve": "stepped" },
					{ "time": 0.0333, "x": -62.34, "y": 1.7 }
				],
				"scale": [
					{ "y": -1, "curve": "stepped" },
					{ "time": 0.0333, "y": -1 }
				]
			},
			"root": {
				"rotate": [
					{ "curve": "stepped" },
					{ "time": 0.0333 }
				],
				"translate": [
					{ "curve": "stepped" },
					{ "time": 0.0333 }
				]
			},
			"main": {
				"rotate": [
					{ "value": -0.57, "curve": "stepped" },
					{ "time": 0.0333, "value": -0.57 }
				],
				"translate": [
					{ "x": -3.56, "y": -257.74, "curve": "stepped" },
					{ "time": 0.0333, "x": -3.56, "y": -257.74 }
				]
			},
			"hip": {
				"rotate": [
					{ "curve": "stepped" },
					{ "time": 0.0333 }
				],
				"translate": [
					{ "curve": "stepped" },
					{ "time": 0.0333 }
				]
			},
			"body": {
				"rotate": [
					{ "value": 0.43, "curve": "stepped" },
					{ "time": 0.0333, "value": 0.43 }
				],
				"translate": [
					{ "curve": "stepped" },
					{ "time": 0.0333 }
				]
			},
			"body2": {
				"rotate": [
					{ "value": 0.43, "curve": "stepped" },
					{ "time": 0.0333, "value": 0.43 }
				],
				"translate": [
					{ "x": -18.22, "y": 1.15, "curve": "stepped" },
					{ "time": 0.0333, "x": -18.22, "y": 1.15 }
				]
			},
			"body3": {
				"rotate": [
					{ "value": 0.43, "curve": "stepped" },
					{ "time": 0.0333, "value": 0.43 }
				],
				"translate": [
					{ "curve": "stepped" },
					{ "time": 0.0333 }
				]
			},
			"body4": {
				"rotate": [
					{ "value": -0.45, "curve": "stepped" },
					{ "time": 0.0333, "value": -0.45 }
				],
				"translate": [
					{ "x": -30.01, "y": -0.3, "curve": "stepped" },
					{ "time": 0.0333, "x": -30.01, "y": -0.3 }
				]
			},
			"body5": {
				"rotate": [
					{ "value": 0.43, "curve": "stepped" },
					{ "time": 0.0333, "value": 0.43 }
				],
				"translate": [
					{ "x": 12.31, "y": 0.57, "curve": "stepped" },
					{ "time": 0.0333, "x": 12.31, "y": 0.57 }
				]
			},
			"body6": {
				"rotate": [
					{ "value": 0.43, "curve": "stepped" },
					{ "time": 0.0333, "value": 0.43 }
				],
				"translate": [
					{ "x": -12.88, "y": 0.68, "curve": "stepped" },
					{ "time": 0.0333, "x": -12.88, "y": 0.68 }
				]
			},
			"body7": {
				"rotate": [
					{ "value": 0.43, "curve": "stepped" },
					{ "time": 0.0333, "value": 0.43 }
				],
				"translate": [
					{ "curve": "stepped" },
					{ "time": 0.0333 }
				]
			},
			"body8": {
				"rotate": [
					{ "value": 7.02, "curve": "stepped" },
					{ "time": 0.0333, "value": 7.02 }
				],
				"translate": [
					{ "x": -28.73, "y": 0.14, "curve": "stepped" },
					{ "time": 0.0333, "x": -28.73, "y": 0.14 }
				]
			},
			"feeling_3": {
				"rotate": [
					{ "curve": "stepped" },
					{ "time": 0.0333 }
				],
				"translate": [
					{ "curve": "stepped" },
					{ "time": 0.0333 }
				]
			},
			"emoji": {
				"rotate": [
					{ "value": 0.41, "curve": "stepped" },
					{ "time": 0.0333, "value": 0.41 }
				],
				"translate": [
					{ "x": -15.73, "y": 7.14, "curve": "stepped" },
					{ "time": 0.0333, "x": -15.73, "y": 7.14 }
				],
				"scale": [
					{ "x": -1, "curve": "stepped" },
					{ "time": 0.0333, "x": -1 }
				]
			},
			"shouder_1": {
				"rotate": [
					{ "value": 14.47, "curve": "stepped" },
					{ "time": 0.0333, "value": 14.47 }
				],
				"translate": [
					{ "x": -37.94, "y": 4.89, "curve": "stepped" },
					{ "time": 0.0333, "x": -37.94, "y": 4.89 }
				],
				"scale": [
					{ "x": 0.917, "y": 0.791, "curve": "stepped" },
					{ "time": 0.0333, "x": 0.917, "y": 0.791 }
				],
				"shear": [
					{ "curve": "stepped" },
					{ "time": 0.0333 }
				]
			},
			"arm_1": {
				"rotate": [
					{ "value": -11.25, "curve": "stepped" },
					{ "time": 0.0333, "value": -11.25 }
				],
				"translate": [
					{ "x": 2.02, "y": 0.08, "curve": "stepped" },
					{ "time": 0.0333, "x": 2.02, "y": 0.08 }
				],
				"scale": [
					{ "curve": "stepped" },
					{ "time": 0.0333 }
				]
			},
			"shouder_2": {
				"rotate": [
					{ "value": 66.07, "curve": "stepped" },
					{ "time": 0.0333, "value": 66.07 }
				],
				"translate": [
					{ "x": -41.58, "y": 5.25, "curve": "stepped" },
					{ "time": 0.0333, "x": -41.58, "y": 5.25 }
				],
				"scale": [
					{ "curve": "stepped" },
					{ "time": 0.0333 }
				]
			},
			"arm_2": {
				"rotate": [
					{ "value": 113.26, "curve": "stepped" },
					{ "time": 0.0333, "value": 113.26 }
				],
				"translate": [
					{ "curve": "stepped" },
					{ "time": 0.0333 }
				],
				"scale": [
					{ "curve": "stepped" },
					{ "time": 0.0333 }
				]
			},
			"thigh_1": {
				"rotate": [
					{ "value": -44.84, "curve": "stepped" },
					{ "time": 0.0333, "value": -44.84 }
				],
				"translate": [
					{ "curve": "stepped" },
					{ "time": 0.0333 }
				]
			},
			"leg_1": {
				"rotate": [
					{ "value": 45.63, "curve": "stepped" },
					{ "time": 0.0333, "value": 45.63 }
				],
				"translate": [
					{ "curve": "stepped" },
					{ "time": 0.0333 }
				]
			},
			"thigh_2": {
				"rotate": [
					{ "value": -37.54, "curve": "stepped" },
					{ "time": 0.0333, "value": -37.54 }
				],
				"translate": [
					{ "curve": "stepped" },
					{ "time": 0.0333 }
				],
				"scale": [
					{ "x": 0.942, "curve": "stepped" },
					{ "time": 0.0333, "x": 0.942 }
				]
			},
			"leg_2": {
				"rotate": [
					{ "value": 38.6, "curve": "stepped" },
					{ "time": 0.0333, "value": 38.6 }
				],
				"translate": [
					{ "curve": "stepped" },
					{ "time": 0.0333 }
				]
			},
			"foot_2": {
				"rotate": [
					{ "value": -1.35, "curve": "stepped" },
					{ "time": 0.0333, "value": -1.35 }
				],
				"translate": [
					{ "x": -97.18, "y": 2, "curve": "stepped" },
					{ "time": 0.0333, "x": -97.18, "y": 2 }
				]
			},
			"foot_3": {
				"rotate": [
					{ "curve": "stepped" },
					{ "time": 0.0333 }
				],
				"translate": [
					{ "x": 70.4, "y": 2.93, "curve": "stepped" },
					{ "time": 0.0333, "x": 70.4, "y": 2.93 }
				]
			},
			"feeling_5": {
				"rotate": [
					{ "value": 3.04, "curve": "stepped" },
					{ "time": 0.0333, "value": 3.04 }
				],
				"translate": [
					{ "x": 42.08, "y": -72.29, "curve": "stepped" },
					{ "time": 0.0333, "x": 42.08, "y": -72.29 }
				],
				"scale": [
					{ "x": 0.73, "y": 0.73, "curve": "stepped" },
					{ "time": 0.0333, "x": 0.73, "y": 0.73 }
				]
			},
			"feeling_1": {
				"rotate": [
					{ "value": 24.78, "curve": "stepped" },
					{ "time": 0.0333, "value": 24.78 }
				],
				"translate": [
					{ "x": -131.66, "y": -227.11, "curve": "stepped" },
					{ "time": 0.0333, "x": -131.66, "y": -227.11 }
				],
				"scale": [
					{ "x": -0.765, "y": 0.765, "curve": "stepped" },
					{ "time": 0.0333, "x": -0.765, "y": 0.765 }
				]
			},
			"move": {
				"translate": [
					{ "x": 119.99, "curve": "stepped" },
					{ "time": 0.0333, "x": 119.99 }
				],
				"scale": [
					{ "x": -1, "curve": "stepped" },
					{ "time": 0.0333, "x": -1 }
				]
			},
			"feeling_2": {
				"rotate": [
					{ "value": 19.66, "curve": "stepped" },
					{ "time": 0.0333, "value": 19.66 }
				],
				"translate": [
					{ "x": 52.12, "y": -204.54, "curve": "stepped" },
					{ "time": 0.0333, "x": 52.12, "y": -204.54 }
				],
				"scale": [
					{ "x": 1.507, "y": 1.507, "curve": "stepped" },
					{ "time": 0.0333, "x": 1.507, "y": 1.507 }
				]
			},
			"hair_1": {
				"rotate": [
					{ "value": -0.14, "curve": "stepped" },
					{ "time": 0.0333, "value": -0.14 }
				],
				"translate": [
					{ "x": 123.69, "y": 463.04, "curve": "stepped" },
					{ "time": 0.0333, "x": 123.69, "y": 463.04 }
				],
				"scale": [
					{ "x": -0.803, "y": 0.803, "curve": "stepped" },
					{ "time": 0.0333, "x": -0.803, "y": 0.803 }
				]
			}
		},
		"ik": {
			"foot_1": [
				{
					"stretch": true,
					"curve": [ 0.008, 1, 0.025, 1, 0.008, 0, 0.025, 0 ]
				},
				{ "time": 0.0333, "stretch": true }
			],
			"foot_2": [
				{
					"stretch": true,
					"curve": [ 0.008, 1, 0.025, 1, 0.008, 0, 0.025, 0 ]
				},
				{ "time": 0.0333, "stretch": true }
			]
		},
		"drawOrder": [
			{
				"offsets": [
					{ "slot": "shoulder2", "offset": 6 },
					{ "slot": "shoulder4", "offset": 11 }
				]
			},
			{
				"time": 0.0333,
				"offsets": [
					{ "slot": "shoulder2", "offset": 6 },
					{ "slot": "shoulder4", "offset": 11 }
				]
			}
		]
	},
	"t_56_1_lose": {
		"slots": {
			"body": {
				"rgba": [
					{ "color": "000000ff", "curve": "stepped" },
					{ "time": 0.9, "color": "000000ff" }
				]
			},
			"Emoji": {
				"attachment": [
					{ "name": "Emoji/new/emo_18" },
					{ "time": 0.9, "name": "Emoji/new/emo_18" }
				]
			},
			"feeling_1": {
				"attachment": [
					{ "name": "cham_than" },
					{ "time": 0.9, "name": "cham_than" }
				]
			},
			"feeling_2": {
				"attachment": [
					{},
					{ "time": 0.9 }
				]
			},
			"feeling_3": {
				"rgba": [
					{ "color": "ffffffff", "curve": "stepped" },
					{ "time": 0.9, "color": "ffffffff" }
				],
				"attachment": [
					{ "name": "scare" },
					{ "time": 0.9, "name": "scare" }
				]
			},
			"feeling_5": {
				"attachment": [
					{},
					{ "time": 0.9 }
				]
			},
			"hair": {
				"attachment": [
					{ "name": "hair/man/mu_2" },
					{ "time": 0.9, "name": "hair/man/mu_2" }
				]
			},
			"head": {
				"rgba": [
					{ "color": "ffffffff", "curve": "stepped" },
					{ "time": 0.9, "color": "ffffffff" }
				],
				"attachment": [
					{ "name": "head" },
					{ "time": 0.9, "name": "head" }
				]
			},
			"shoulder1": {
				"rgba": [
					{ "color": "000000ff", "curve": "stepped" },
					{ "time": 0.9, "color": "000000ff" }
				],
				"attachment": [
					{ "name": "shoulder" },
					{ "time": 0.9, "name": "shoulder" }
				]
			},
			"shoulder2": {
				"rgba": [
					{ "color": "000000ff", "curve": "stepped" },
					{ "time": 0.9, "color": "000000ff" }
				],
				"attachment": [
					{ "name": "shoulder" },
					{ "time": 0.9, "name": "shoulder" }
				]
			},
			"shoulder3": {
				"rgba": [
					{ "color": "000000ff", "curve": "stepped" },
					{ "time": 0.9, "color": "000000ff" }
				],
				"attachment": [
					{ "name": "shoulder" },
					{ "time": 0.9, "name": "shoulder" }
				]
			},
			"shoulder4": {
				"rgba": [
					{ "color": "000000ff", "curve": "stepped" },
					{ "time": 0.9, "color": "000000ff" }
				],
				"attachment": [
					{ "name": "shoulder" },
					{ "time": 0.9, "name": "shoulder" }
				]
			},
			"thigh": {
				"rgba": [
					{ "color": "000000ff", "curve": "stepped" },
					{ "time": 0.9, "color": "000000ff" }
				],
				"attachment": [
					{},
					{ "time": 0.9 }
				]
			},
			"thigh2": {
				"rgba": [
					{ "color": "000000ff", "curve": "stepped" },
					{ "time": 0.9, "color": "000000ff" }
				],
				"attachment": [
					{},
					{ "time": 0.9 }
				]
			},
			"thigh3": {
				"rgba": [
					{ "color": "000000ff", "curve": "stepped" },
					{ "time": 0.9, "color": "000000ff" }
				],
				"attachment": [
					{},
					{ "time": 0.9 }
				]
			},
			"thigh4": {
				"rgba": [
					{ "color": "000000ff", "curve": "stepped" },
					{ "time": 0.9, "color": "000000ff" }
				],
				"attachment": [
					{},
					{ "time": 0.9 }
				]
			}
		},
		"bones": {
			"head": {
				"rotate": [
					{ "value": -10.83, "curve": "stepped" },
					{ "time": 0.9, "value": -10.83 }
				],
				"translate": [
					{ "x": -32.78, "y": 1.88, "curve": "stepped" },
					{ "time": 0.9, "x": -32.78, "y": 1.88 }
				],
				"scale": [
					{ "x": 1.064, "y": -1, "curve": "stepped" },
					{ "time": 0.9, "x": 1.064, "y": -1 }
				]
			},
			"root": {
				"rotate": [
					{ "curve": "stepped" },
					{ "time": 0.9 }
				],
				"translate": [
					{ "curve": "stepped" },
					{ "time": 0.9 }
				]
			},
			"main": {
				"rotate": [
					{ "value": -0.57, "curve": "stepped" },
					{ "time": 0.9, "value": -0.57 }
				],
				"translate": [
					{ "x": -3.56, "y": -257.74, "curve": "stepped" },
					{ "time": 0.9, "x": -3.56, "y": -257.74 }
				]
			},
			"hip": {
				"rotate": [
					{ "curve": "stepped" },
					{ "time": 0.9 }
				],
				"translate": [
					{ "curve": "stepped" },
					{ "time": 0.9 }
				]
			},
			"body": {
				"rotate": [
					{ "value": 0.43, "curve": "stepped" },
					{ "time": 0.9, "value": 0.43 }
				],
				"translate": [
					{ "curve": "stepped" },
					{ "time": 0.9 }
				]
			},
			"body2": {
				"rotate": [
					{ "value": 0.43, "curve": "stepped" },
					{ "time": 0.9, "value": 0.43 }
				],
				"translate": [
					{ "x": -18.22, "y": 1.15, "curve": "stepped" },
					{ "time": 0.9, "x": -18.22, "y": 1.15 }
				]
			},
			"body3": {
				"rotate": [
					{ "value": 0.43, "curve": "stepped" },
					{ "time": 0.9, "value": 0.43 }
				],
				"translate": [
					{ "curve": "stepped" },
					{ "time": 0.9 }
				]
			},
			"body4": {
				"rotate": [
					{ "value": -0.45, "curve": "stepped" },
					{ "time": 0.9, "value": -0.45 }
				],
				"translate": [
					{ "x": -30.01, "y": -0.3, "curve": "stepped" },
					{ "time": 0.9, "x": -30.01, "y": -0.3 }
				]
			},
			"body5": {
				"rotate": [
					{ "value": 0.43, "curve": "stepped" },
					{ "time": 0.9, "value": 0.43 }
				],
				"translate": [
					{ "x": 12.31, "y": 0.57, "curve": "stepped" },
					{ "time": 0.9, "x": 12.31, "y": 0.57 }
				]
			},
			"body6": {
				"rotate": [
					{ "value": 0.43, "curve": "stepped" },
					{ "time": 0.9, "value": 0.43 }
				],
				"translate": [
					{ "x": -12.88, "y": 0.68, "curve": "stepped" },
					{ "time": 0.9, "x": -12.88, "y": 0.68 }
				]
			},
			"body7": {
				"rotate": [
					{ "value": 0.43, "curve": "stepped" },
					{ "time": 0.9, "value": 0.43 }
				],
				"translate": [
					{ "curve": "stepped" },
					{ "time": 0.9 }
				]
			},
			"body8": {
				"rotate": [
					{ "value": 7.02, "curve": "stepped" },
					{ "time": 0.9, "value": 7.02 }
				],
				"translate": [
					{ "x": -28.73, "y": 0.14, "curve": "stepped" },
					{ "time": 0.9, "x": -28.73, "y": 0.14 }
				]
			},
			"feeling_3": {
				"rotate": [
					{ "curve": "stepped" },
					{ "time": 0.9 }
				],
				"translate": [
					{ "x": 5.25, "y": -163.73, "curve": "stepped" },
					{ "time": 0.1, "x": -12.92, "y": -101.04, "curve": "stepped" },
					{ "time": 0.2, "x": 5.25, "y": -163.73, "curve": "stepped" },
					{ "time": 0.3, "x": 5.25, "y": -163.73, "curve": "stepped" },
					{ "time": 0.4, "x": -12.92, "y": -101.04, "curve": "stepped" },
					{ "time": 0.5, "x": 5.25, "y": -163.73, "curve": "stepped" },
					{ "time": 0.6, "x": 5.25, "y": -163.73, "curve": "stepped" },
					{ "time": 0.7, "x": -12.92, "y": -101.04, "curve": "stepped" },
					{ "time": 0.8, "x": 5.25, "y": -163.73, "curve": "stepped" },
					{ "time": 0.9, "x": 5.25, "y": -163.73 }
				],
				"scale": [
					{ "x": 2.123, "y": 2.123, "curve": "stepped" },
					{ "time": 0.1, "x": 1.124, "y": 1.124, "curve": "stepped" },
					{ "time": 0.2, "x": 2.123, "y": 2.123, "curve": "stepped" },
					{ "time": 0.3, "x": 2.123, "y": 2.123, "curve": "stepped" },
					{ "time": 0.4, "x": 1.124, "y": 1.124, "curve": "stepped" },
					{ "time": 0.5, "x": 2.123, "y": 2.123, "curve": "stepped" },
					{ "time": 0.6, "x": 2.123, "y": 2.123, "curve": "stepped" },
					{ "time": 0.7, "x": 1.124, "y": 1.124, "curve": "stepped" },
					{ "time": 0.8, "x": 2.123, "y": 2.123, "curve": "stepped" },
					{ "time": 0.9, "x": 2.123, "y": 2.123 }
				]
			},
			"emoji": {
				"rotate": [
					{ "value": -10.9, "curve": "stepped" },
					{ "time": 0.9, "value": -10.9 }
				],
				"translate": [
					{ "x": 3.15, "y": 3.28, "curve": "stepped" },
					{ "time": 0.9, "x": 3.15, "y": 3.28 }
				],
				"scale": [
					{ "x": -1.147, "y": 1.147, "curve": "stepped" },
					{ "time": 0.9, "x": -1.147, "y": 1.147 }
				]
			},
			"shouder_1": {
				"rotate": [
					{ "value": -32.26, "curve": "stepped" },
					{ "time": 0.9, "value": -32.26 }
				],
				"translate": [
					{ "x": -20.28, "y": -5.46, "curve": "stepped" },
					{ "time": 0.9, "x": -20.28, "y": -5.46 }
				],
				"scale": [
					{ "curve": "stepped" },
					{ "time": 0.9 }
				],
				"shear": [
					{ "curve": "stepped" },
					{ "time": 0.9 }
				]
			},
			"arm_1": {
				"rotate": [
					{ "value": 95.73, "curve": "stepped" },
					{ "time": 0.9, "value": 95.73 }
				],
				"translate": [
					{ "x": 2.02, "y": 0.08, "curve": "stepped" },
					{ "time": 0.9, "x": 2.02, "y": 0.08 }
				],
				"scale": [
					{ "curve": "stepped" },
					{ "time": 0.9 }
				]
			},
			"shouder_2": {
				"rotate": [
					{ "value": 51.9, "curve": "stepped" },
					{ "time": 0.9, "value": 51.9 }
				],
				"translate": [
					{ "x": -21.98, "y": 4.64, "curve": "stepped" },
					{ "time": 0.9, "x": -21.98, "y": 4.64 }
				],
				"scale": [
					{ "curve": "stepped" },
					{ "time": 0.9 }
				]
			},
			"arm_2": {
				"rotate": [
					{ "value": 69.83, "curve": "stepped" },
					{ "time": 0.9, "value": 69.83 }
				],
				"translate": [
					{ "curve": "stepped" },
					{ "time": 0.9 }
				],
				"scale": [
					{ "curve": "stepped" },
					{ "time": 0.9 }
				]
			},
			"thigh_1": {
				"rotate": [
					{ "value": -44.84, "curve": "stepped" },
					{ "time": 0.9, "value": -44.84 }
				],
				"translate": [
					{ "curve": "stepped" },
					{ "time": 0.9 }
				]
			},
			"leg_1": {
				"rotate": [
					{ "value": 45.63, "curve": "stepped" },
					{ "time": 0.9, "value": 45.63 }
				],
				"translate": [
					{ "curve": "stepped" },
					{ "time": 0.9 }
				]
			},
			"thigh_2": {
				"rotate": [
					{ "value": -37.54, "curve": "stepped" },
					{ "time": 0.9, "value": -37.54 }
				],
				"translate": [
					{ "curve": "stepped" },
					{ "time": 0.9 }
				],
				"scale": [
					{ "x": 0.942, "curve": "stepped" },
					{ "time": 0.9, "x": 0.942 }
				]
			},
			"leg_2": {
				"rotate": [
					{ "value": 38.6, "curve": "stepped" },
					{ "time": 0.9, "value": 38.6 }
				],
				"translate": [
					{ "curve": "stepped" },
					{ "time": 0.9 }
				]
			},
			"foot_2": {
				"rotate": [
					{ "value": -1.35, "curve": "stepped" },
					{ "time": 0.9, "value": -1.35 }
				],
				"translate": [
					{ "x": -97.18, "y": 2, "curve": "stepped" },
					{ "time": 0.9, "x": -97.18, "y": 2 }
				]
			},
			"foot_3": {
				"rotate": [
					{ "curve": "stepped" },
					{ "time": 0.9 }
				],
				"translate": [
					{ "x": 70.4, "y": 2.93, "curve": "stepped" },
					{ "time": 0.9, "x": 70.4, "y": 2.93 }
				]
			},
			"feeling_5": {
				"rotate": [
					{ "value": 3.04, "curve": "stepped" },
					{ "time": 0.9, "value": 3.04 }
				],
				"translate": [
					{ "x": 42.08, "y": -72.29, "curve": "stepped" },
					{ "time": 0.9, "x": 42.08, "y": -72.29 }
				],
				"scale": [
					{ "x": 0.73, "y": 0.73, "curve": "stepped" },
					{ "time": 0.9, "x": 0.73, "y": 0.73 }
				]
			},
			"feeling_1": {
				"rotate": [
					{ "value": 24.78, "curve": "stepped" },
					{ "time": 0.9, "value": 24.78 }
				],
				"translate": [
					{ "x": 11.2, "y": -84.02, "curve": "stepped" },
					{ "time": 0.9, "x": 11.2, "y": -84.02 }
				],
				"scale": [
					{ "x": -1.587, "y": 1.587, "curve": "stepped" },
					{ "time": 0.9, "x": -1.587, "y": 1.587 }
				]
			},
			"move": {
				"translate": [
					{ "x": 119.99, "curve": "stepped" },
					{ "time": 0.9, "x": 119.99 }
				],
				"scale": [
					{ "x": -1, "curve": "stepped" },
					{ "time": 0.9, "x": -1 }
				]
			},
			"feeling_2": {
				"rotate": [
					{ "value": 19.66, "curve": "stepped" },
					{ "time": 0.9, "value": 19.66 }
				],
				"translate": [
					{ "x": 52.12, "y": -204.54, "curve": "stepped" },
					{ "time": 0.9, "x": 52.12, "y": -204.54 }
				],
				"scale": [
					{ "x": 1.507, "y": 1.507, "curve": "stepped" },
					{ "time": 0.9, "x": 1.507, "y": 1.507 }
				]
			},
			"hair_1": {
				"rotate": [
					{ "value": 37.08, "curve": "stepped" },
					{ "time": 0.9, "value": 37.08 }
				],
				"translate": [
					{ "x": 74.15, "y": 542.79, "curve": "stepped" },
					{ "time": 0.9, "x": 74.15, "y": 542.79 }
				],
				"scale": [
					{ "x": -0.803, "y": 0.803, "curve": "stepped" },
					{ "time": 0.9, "x": -0.803, "y": 0.803 }
				]
			}
		},
		"ik": {
			"foot_1": [
				{
					"stretch": true,
					"curve": [ 0.225, 1, 0.675, 1, 0.225, 0, 0.675, 0 ]
				},
				{ "time": 0.9, "stretch": true }
			],
			"foot_2": [
				{
					"stretch": true,
					"curve": [ 0.225, 1, 0.675, 1, 0.225, 0, 0.675, 0 ]
				},
				{ "time": 0.9, "stretch": true }
			]
		},
		"drawOrder": [
			{
				"offsets": [
					{ "slot": "shoulder2", "offset": 6 },
					{ "slot": "shoulder4", "offset": 11 }
				]
			},
			{
				"time": 0.9,
				"offsets": [
					{ "slot": "shoulder2", "offset": 6 },
					{ "slot": "shoulder4", "offset": 11 }
				]
			}
		]
	},
	"t_56_1_win": {
		"slots": {
			"body": {
				"rgba": [
					{ "color": "000000ff", "curve": "stepped" },
					{ "time": 0.0333, "color": "000000ff" }
				]
			},
			"Emoji": {
				"attachment": [
					{ "name": "Emoji/new/emo_64" },
					{ "time": 0.0333, "name": "Emoji/new/emo_64" }
				]
			},
			"feeling_1": {
				"attachment": [
					{},
					{ "time": 0.0333 }
				]
			},
			"feeling_2": {
				"attachment": [
					{ "name": "rung" },
					{ "time": 0.0333, "name": "rung" }
				]
			},
			"feeling_3": {
				"attachment": [
					{ "name": "rung" },
					{ "time": 0.0333, "name": "rung" }
				]
			},
			"feeling_5": {
				"attachment": [
					{ "name": "rung" },
					{ "time": 0.0333, "name": "rung" }
				]
			},
			"hair": {
				"attachment": [
					{ "name": "hair/man/mu_2" },
					{ "time": 0.0333, "name": "hair/man/mu_2" }
				]
			},
			"head": {
				"rgba": [
					{ "color": "ffffffff", "curve": "stepped" },
					{ "time": 0.0333, "color": "ffffffff" }
				],
				"attachment": [
					{ "name": "head" },
					{ "time": 0.0333, "name": "head" }
				]
			},
			"shoulder1": {
				"rgba": [
					{ "color": "000000ff", "curve": "stepped" },
					{ "time": 0.0333, "color": "000000ff" }
				],
				"attachment": [
					{ "name": "shoulder" },
					{ "time": 0.0333, "name": "shoulder" }
				]
			},
			"shoulder2": {
				"rgba": [
					{ "color": "000000ff", "curve": "stepped" },
					{ "time": 0.0333, "color": "000000ff" }
				],
				"attachment": [
					{ "name": "shoulder" },
					{ "time": 0.0333, "name": "shoulder" }
				]
			},
			"shoulder3": {
				"rgba": [
					{ "color": "000000ff", "curve": "stepped" },
					{ "time": 0.0333, "color": "000000ff" }
				],
				"attachment": [
					{ "name": "shoulder" },
					{ "time": 0.0333, "name": "shoulder" }
				]
			},
			"shoulder4": {
				"rgba": [
					{ "color": "000000ff", "curve": "stepped" },
					{ "time": 0.0333, "color": "000000ff" }
				],
				"attachment": [
					{ "name": "shoulder" },
					{ "time": 0.0333, "name": "shoulder" }
				]
			},
			"thigh": {
				"rgba": [
					{ "color": "000000ff", "curve": "stepped" },
					{ "time": 0.0333, "color": "000000ff" }
				],
				"attachment": [
					{},
					{ "time": 0.0333 }
				]
			},
			"thigh2": {
				"rgba": [
					{ "color": "000000ff", "curve": "stepped" },
					{ "time": 0.0333, "color": "000000ff" }
				],
				"attachment": [
					{},
					{ "time": 0.0333 }
				]
			},
			"thigh3": {
				"rgba": [
					{ "color": "000000ff", "curve": "stepped" },
					{ "time": 0.0333, "color": "000000ff" }
				],
				"attachment": [
					{},
					{ "time": 0.0333 }
				]
			},
			"thigh4": {
				"rgba": [
					{ "color": "000000ff", "curve": "stepped" },
					{ "time": 0.0333, "color": "000000ff" }
				],
				"attachment": [
					{},
					{ "time": 0.0333 }
				]
			}
		},
		"bones": {
			"head": {
				"rotate": [
					{ "value": -12.61, "curve": "stepped" },
					{ "time": 0.0333, "value": -12.61 }
				],
				"translate": [
					{ "x": -62.34, "y": 1.7, "curve": "stepped" },
					{ "time": 0.0333, "x": -62.34, "y": 1.7 }
				],
				"scale": [
					{ "y": -1, "curve": "stepped" },
					{ "time": 0.0333, "y": -1 }
				]
			},
			"root": {
				"rotate": [
					{ "curve": "stepped" },
					{ "time": 0.0333 }
				],
				"translate": [
					{ "curve": "stepped" },
					{ "time": 0.0333 }
				]
			},
			"main": {
				"rotate": [
					{ "value": -0.57, "curve": "stepped" },
					{ "time": 0.0333, "value": -0.57 }
				],
				"translate": [
					{ "x": -3.56, "y": -257.74, "curve": "stepped" },
					{ "time": 0.0333, "x": -3.56, "y": -257.74 }
				]
			},
			"hip": {
				"rotate": [
					{ "curve": "stepped" },
					{ "time": 0.0333 }
				],
				"translate": [
					{ "curve": "stepped" },
					{ "time": 0.0333 }
				]
			},
			"body": {
				"rotate": [
					{ "value": 3.5, "curve": "stepped" },
					{ "time": 0.0333, "value": 3.5 }
				],
				"translate": [
					{ "curve": "stepped" },
					{ "time": 0.0333 }
				]
			},
			"body2": {
				"rotate": [
					{ "value": 3.5, "curve": "stepped" },
					{ "time": 0.0333, "value": 3.5 }
				],
				"translate": [
					{ "x": -18.22, "y": 1.15, "curve": "stepped" },
					{ "time": 0.0333, "x": -18.22, "y": 1.15 }
				]
			},
			"body3": {
				"rotate": [
					{ "value": 3.5, "curve": "stepped" },
					{ "time": 0.0333, "value": 3.5 }
				],
				"translate": [
					{ "curve": "stepped" },
					{ "time": 0.0333 }
				]
			},
			"body4": {
				"rotate": [
					{ "value": 2.62, "curve": "stepped" },
					{ "time": 0.0333, "value": 2.62 }
				],
				"translate": [
					{ "x": -30.01, "y": -0.3, "curve": "stepped" },
					{ "time": 0.0333, "x": -30.01, "y": -0.3 }
				]
			},
			"body5": {
				"rotate": [
					{ "value": 3.5, "curve": "stepped" },
					{ "time": 0.0333, "value": 3.5 }
				],
				"translate": [
					{ "x": 12.31, "y": 0.57, "curve": "stepped" },
					{ "time": 0.0333, "x": 12.31, "y": 0.57 }
				]
			},
			"body6": {
				"rotate": [
					{ "value": 3.5, "curve": "stepped" },
					{ "time": 0.0333, "value": 3.5 }
				],
				"translate": [
					{ "x": -12.88, "y": 0.68, "curve": "stepped" },
					{ "time": 0.0333, "x": -12.88, "y": 0.68 }
				]
			},
			"body7": {
				"rotate": [
					{ "value": 3.5, "curve": "stepped" },
					{ "time": 0.0333, "value": 3.5 }
				],
				"translate": [
					{ "curve": "stepped" },
					{ "time": 0.0333 }
				]
			},
			"body8": {
				"rotate": [
					{ "value": 10.1, "curve": "stepped" },
					{ "time": 0.0333, "value": 10.1 }
				],
				"translate": [
					{ "x": -28.73, "y": 0.14, "curve": "stepped" },
					{ "time": 0.0333, "x": -28.73, "y": 0.14 }
				]
			},
			"feeling_3": {
				"rotate": [
					{ "value": 71.8, "curve": "stepped" },
					{ "time": 0.0333, "value": 71.8 }
				],
				"translate": [
					{ "x": -46.37, "y": -110.67, "curve": "stepped" },
					{ "time": 0.0333, "x": -46.37, "y": -110.67 }
				],
				"scale": [
					{ "x": 0.844, "y": 0.844, "curve": "stepped" },
					{ "time": 0.0333, "x": 0.844, "y": 0.844 }
				]
			},
			"emoji": {
				"rotate": [
					{ "value": -10.8, "curve": "stepped" },
					{ "time": 0.0333, "value": -10.8 }
				],
				"translate": [
					{ "x": -0.44, "y": 4.58, "curve": "stepped" },
					{ "time": 0.0333, "x": -0.44, "y": 4.58 }
				],
				"scale": [
					{ "x": -1, "curve": "stepped" },
					{ "time": 0.0333, "x": -1 }
				]
			},
			"shouder_1": {
				"rotate": [
					{ "value": -42.15, "curve": "stepped" },
					{ "time": 0.0333, "value": -42.15 }
				],
				"translate": [
					{ "x": -37.94, "y": 4.89, "curve": "stepped" },
					{ "time": 0.0333, "x": -37.94, "y": 4.89 }
				],
				"scale": [
					{ "x": 0.917, "y": 0.791, "curve": "stepped" },
					{ "time": 0.0333, "x": 0.917, "y": 0.791 }
				],
				"shear": [
					{ "curve": "stepped" },
					{ "time": 0.0333 }
				]
			},
			"arm_1": {
				"rotate": [
					{ "value": -112.61, "curve": "stepped" },
					{ "time": 0.0333, "value": -112.61 }
				],
				"translate": [
					{ "x": 2.02, "y": 0.08, "curve": "stepped" },
					{ "time": 0.0333, "x": 2.02, "y": 0.08 }
				],
				"scale": [
					{ "curve": "stepped" },
					{ "time": 0.0333 }
				]
			},
			"shouder_2": {
				"rotate": [
					{ "value": 39.69, "curve": "stepped" },
					{ "time": 0.0333, "value": 39.69 }
				],
				"translate": [
					{ "x": -41.58, "y": 5.25, "curve": "stepped" },
					{ "time": 0.0333, "x": -41.58, "y": 5.25 }
				],
				"scale": [
					{ "curve": "stepped" },
					{ "time": 0.0333 }
				]
			},
			"arm_2": {
				"rotate": [
					{ "value": 113.26, "curve": "stepped" },
					{ "time": 0.0333, "value": 113.26 }
				],
				"translate": [
					{ "curve": "stepped" },
					{ "time": 0.0333 }
				],
				"scale": [
					{ "curve": "stepped" },
					{ "time": 0.0333 }
				]
			},
			"thigh_1": {
				"rotate": [
					{ "value": -44.84, "curve": "stepped" },
					{ "time": 0.0333, "value": -44.84 }
				],
				"translate": [
					{ "curve": "stepped" },
					{ "time": 0.0333 }
				]
			},
			"leg_1": {
				"rotate": [
					{ "value": 45.63, "curve": "stepped" },
					{ "time": 0.0333, "value": 45.63 }
				],
				"translate": [
					{ "curve": "stepped" },
					{ "time": 0.0333 }
				]
			},
			"thigh_2": {
				"rotate": [
					{ "value": -37.54, "curve": "stepped" },
					{ "time": 0.0333, "value": -37.54 }
				],
				"translate": [
					{ "curve": "stepped" },
					{ "time": 0.0333 }
				],
				"scale": [
					{ "x": 0.942, "curve": "stepped" },
					{ "time": 0.0333, "x": 0.942 }
				]
			},
			"leg_2": {
				"rotate": [
					{ "value": 38.6, "curve": "stepped" },
					{ "time": 0.0333, "value": 38.6 }
				],
				"translate": [
					{ "curve": "stepped" },
					{ "time": 0.0333 }
				]
			},
			"foot_2": {
				"rotate": [
					{ "value": -1.35, "curve": "stepped" },
					{ "time": 0.0333, "value": -1.35 }
				],
				"translate": [
					{ "x": -97.18, "y": 2, "curve": "stepped" },
					{ "time": 0.0333, "x": -97.18, "y": 2 }
				]
			},
			"foot_3": {
				"rotate": [
					{ "curve": "stepped" },
					{ "time": 0.0333 }
				],
				"translate": [
					{ "x": 70.4, "y": 2.93, "curve": "stepped" },
					{ "time": 0.0333, "x": 70.4, "y": 2.93 }
				]
			},
			"feeling_5": {
				"rotate": [
					{ "value": -78.97, "curve": "stepped" },
					{ "time": 0.0333, "value": -78.97 }
				],
				"translate": [
					{ "x": -129.12, "y": 99.13, "curve": "stepped" },
					{ "time": 0.0333, "x": -129.12, "y": 99.13 }
				],
				"scale": [
					{ "x": 0.463, "y": 0.463, "curve": "stepped" },
					{ "time": 0.0333, "x": 0.463, "y": 0.463 }
				]
			},
			"feeling_1": {
				"rotate": [
					{ "value": 17.83, "curve": "stepped" },
					{ "time": 0.0333, "value": 17.83 }
				],
				"translate": [
					{ "x": -208.57, "y": -150.41, "curve": "stepped" },
					{ "time": 0.0333, "x": -208.57, "y": -150.41 }
				],
				"scale": [
					{ "x": 1.834, "y": 1.834, "curve": "stepped" },
					{ "time": 0.0333, "x": 1.834, "y": 1.834 }
				]
			},
			"move": {
				"translate": [
					{ "x": 119.99, "curve": "stepped" },
					{ "time": 0.0333, "x": 119.99 }
				],
				"scale": [
					{ "x": -1, "curve": "stepped" },
					{ "time": 0.0333, "x": -1 }
				]
			},
			"feeling_2": {
				"rotate": [
					{ "value": 28.84, "curve": "stepped" },
					{ "time": 0.0333, "value": 28.84 }
				],
				"translate": [
					{ "x": -31.72, "y": -183.89, "curve": "stepped" },
					{ "time": 0.0333, "x": -31.72, "y": -183.89 }
				],
				"scale": [
					{ "x": 1.268, "y": 1.268, "curve": "stepped" },
					{ "time": 0.0333, "x": 1.268, "y": 1.268 }
				]
			},
			"hair_1": {
				"rotate": [
					{ "value": 35.7, "curve": "stepped" },
					{ "time": 0.0333, "value": 35.7 }
				],
				"translate": [
					{ "x": 43.38, "y": 455.82, "curve": "stepped" },
					{ "time": 0.0333, "x": 43.38, "y": 455.82 }
				],
				"scale": [
					{ "x": -0.803, "y": 0.803, "curve": "stepped" },
					{ "time": 0.0333, "x": -0.803, "y": 0.803 }
				]
			}
		},
		"ik": {
			"foot_1": [
				{
					"stretch": true,
					"curve": [ 0.008, 1, 0.025, 1, 0.008, 0, 0.025, 0 ]
				},
				{ "time": 0.0333, "stretch": true }
			],
			"foot_2": [
				{
					"stretch": true,
					"curve": [ 0.008, 1, 0.025, 1, 0.008, 0, 0.025, 0 ]
				},
				{ "time": 0.0333, "stretch": true }
			]
		},
		"drawOrder": [
			{
				"offsets": [
					{ "slot": "shoulder2", "offset": 6 },
					{ "slot": "shoulder4", "offset": 11 }
				]
			},
			{
				"time": 0.0333,
				"offsets": [
					{ "slot": "shoulder2", "offset": 6 },
					{ "slot": "shoulder4", "offset": 11 }
				]
			}
		]
	},
	"t_56_2_be": {
		"slots": {
			"body": {
				"rgba": [
					{ "color": "000000ff", "curve": "stepped" },
					{ "time": 0.0333, "color": "000000ff" }
				]
			},
			"Emoji": {
				"attachment": [
					{ "name": "Emoji/emo_90" },
					{ "time": 0.0333, "name": "Emoji/emo_90" }
				]
			},
			"feeling_1": {
				"attachment": [
					{ "name": "giat_minh" },
					{ "time": 0.0333, "name": "giat_minh" }
				]
			},
			"feeling_2": {
				"attachment": [
					{},
					{ "time": 0.0333 }
				]
			},
			"feeling_3": {
				"attachment": [
					{},
					{ "time": 0.0333 }
				]
			},
			"feeling_5": {
				"attachment": [
					{},
					{ "time": 0.0333 }
				]
			},
			"hair": {
				"attachment": [
					{ "name": "hair/man/toc_8" },
					{ "time": 0.0333, "name": "hair/man/toc_8" }
				]
			},
			"head": {
				"rgba": [
					{ "color": "ffffffff", "curve": "stepped" },
					{ "time": 0.0333, "color": "ffffffff" }
				],
				"attachment": [
					{ "name": "head" },
					{ "time": 0.0333, "name": "head" }
				]
			},
			"shoulder1": {
				"rgba": [
					{ "color": "000000ff", "curve": "stepped" },
					{ "time": 0.0333, "color": "000000ff" }
				],
				"attachment": [
					{ "name": "shoulder" },
					{ "time": 0.0333, "name": "shoulder" }
				]
			},
			"shoulder2": {
				"rgba": [
					{ "color": "000000ff", "curve": "stepped" },
					{ "time": 0.0333, "color": "000000ff" }
				],
				"attachment": [
					{ "name": "shoulder" },
					{ "time": 0.0333, "name": "shoulder" }
				]
			},
			"shoulder3": {
				"rgba": [
					{ "color": "000000ff", "curve": "stepped" },
					{ "time": 0.0333, "color": "000000ff" }
				],
				"attachment": [
					{ "name": "shoulder" },
					{ "time": 0.0333, "name": "shoulder" }
				]
			},
			"shoulder4": {
				"rgba": [
					{ "color": "000000ff", "curve": "stepped" },
					{ "time": 0.0333, "color": "000000ff" }
				],
				"attachment": [
					{ "name": "shoulder" },
					{ "time": 0.0333, "name": "shoulder" }
				]
			},
			"thigh": {
				"rgba": [
					{ "color": "000000ff", "curve": "stepped" },
					{ "time": 0.0333, "color": "000000ff" }
				],
				"attachment": [
					{},
					{ "time": 0.0333 }
				]
			},
			"thigh2": {
				"rgba": [
					{ "color": "000000ff", "curve": "stepped" },
					{ "time": 0.0333, "color": "000000ff" }
				],
				"attachment": [
					{},
					{ "time": 0.0333 }
				]
			},
			"thigh3": {
				"rgba": [
					{ "color": "000000ff", "curve": "stepped" },
					{ "time": 0.0333, "color": "000000ff" }
				],
				"attachment": [
					{},
					{ "time": 0.0333 }
				]
			},
			"thigh4": {
				"rgba": [
					{ "color": "000000ff", "curve": "stepped" },
					{ "time": 0.0333, "color": "000000ff" }
				],
				"attachment": [
					{},
					{ "time": 0.0333 }
				]
			}
		},
		"bones": {
			"head": {
				"rotate": [
					{ "value": 27.72, "curve": "stepped" },
					{ "time": 0.0333, "value": 27.72 }
				],
				"translate": [
					{ "x": -18.65, "y": -18.03, "curve": "stepped" },
					{ "time": 0.0333, "x": -18.65, "y": -18.03 }
				],
				"scale": [
					{ "curve": "stepped" },
					{ "time": 0.0333 }
				]
			},
			"root": {
				"rotate": [
					{ "curve": "stepped" },
					{ "time": 0.0333 }
				],
				"translate": [
					{ "curve": "stepped" },
					{ "time": 0.0333 }
				]
			},
			"main": {
				"rotate": [
					{ "value": 8.41, "curve": "stepped" },
					{ "time": 0.0333, "value": 8.41 }
				],
				"translate": [
					{ "x": -2.33, "y": -259.23, "curve": "stepped" },
					{ "time": 0.0333, "x": -2.33, "y": -259.23 }
				]
			},
			"hip": {
				"rotate": [
					{ "curve": "stepped" },
					{ "time": 0.0333 }
				],
				"translate": [
					{ "curve": "stepped" },
					{ "time": 0.0333 }
				]
			},
			"body": {
				"rotate": [
					{ "value": -3.21, "curve": "stepped" },
					{ "time": 0.0333, "value": -3.21 }
				]
			},
			"body2": {
				"rotate": [
					{ "value": -3.21, "curve": "stepped" },
					{ "time": 0.0333, "value": -3.21 }
				]
			},
			"body3": {
				"rotate": [
					{ "value": -3.21, "curve": "stepped" },
					{ "time": 0.0333, "value": -3.21 }
				]
			},
			"body4": {
				"rotate": [
					{ "value": -4.12, "curve": "stepped" },
					{ "time": 0.0333, "value": -4.12 }
				]
			},
			"body5": {
				"rotate": [
					{ "value": -6.19, "curve": "stepped" },
					{ "time": 0.0333, "value": -6.19 }
				]
			},
			"body6": {
				"rotate": [
					{ "value": -2.63, "curve": "stepped" },
					{ "time": 0.0333, "value": -2.63 }
				]
			},
			"body7": {
				"rotate": [
					{ "value": -3.21, "curve": "stepped" },
					{ "time": 0.0333, "value": -3.21 }
				]
			},
			"body8": {
				"rotate": [
					{ "value": -3.21, "curve": "stepped" },
					{ "time": 0.0333, "value": -3.21 }
				]
			},
			"feeling_3": {
				"rotate": [
					{ "curve": "stepped" },
					{ "time": 0.0333 }
				],
				"translate": [
					{ "curve": "stepped" },
					{ "time": 0.0333 }
				]
			},
			"emoji": {
				"rotate": [
					{ "value": -7.95, "curve": "stepped" },
					{ "time": 0.0333, "value": -7.95 }
				],
				"translate": [
					{ "x": 1.32, "y": -16.06, "curve": "stepped" },
					{ "time": 0.0333, "x": 1.32, "y": -16.06 }
				],
				"scale": [
					{ "x": 1.164, "y": 1.164, "curve": "stepped" },
					{ "time": 0.0333, "x": 1.164, "y": 1.164 }
				]
			},
			"shouder_1": {
				"rotate": [
					{ "value": -57.73, "curve": "stepped" },
					{ "time": 0.0333, "value": -57.73 }
				],
				"translate": [
					{ "x": 15.84, "y": -1.28, "curve": "stepped" },
					{ "time": 0.0333, "x": 15.84, "y": -1.28 }
				],
				"scale": [
					{ "curve": "stepped" },
					{ "time": 0.0333 }
				],
				"shear": [
					{ "curve": "stepped" },
					{ "time": 0.0333 }
				]
			},
			"arm_1": {
				"rotate": [
					{ "value": 38.86, "curve": "stepped" },
					{ "time": 0.0333, "value": 38.86 }
				],
				"translate": [
					{ "x": 2.02, "y": 0.08, "curve": "stepped" },
					{ "time": 0.0333, "x": 2.02, "y": 0.08 }
				],
				"scale": [
					{ "curve": "stepped" },
					{ "time": 0.0333 }
				]
			},
			"shouder_2": {
				"rotate": [
					{ "value": 76.77, "curve": "stepped" },
					{ "time": 0.0333, "value": 76.77 }
				],
				"translate": [
					{ "x": 19.9, "y": 6.23, "curve": "stepped" },
					{ "time": 0.0333, "x": 19.9, "y": 6.23 }
				],
				"scale": [
					{ "curve": "stepped" },
					{ "time": 0.0333 }
				]
			},
			"arm_2": {
				"rotate": [
					{ "value": 88.76, "curve": "stepped" },
					{ "time": 0.0333, "value": 88.76 }
				],
				"translate": [
					{ "curve": "stepped" },
					{ "time": 0.0333 }
				],
				"scale": [
					{ "curve": "stepped" },
					{ "time": 0.0333 }
				]
			},
			"thigh_1": {
				"rotate": [
					{ "value": -44.84, "curve": "stepped" },
					{ "time": 0.0333, "value": -44.84 }
				],
				"translate": [
					{ "curve": "stepped" },
					{ "time": 0.0333 }
				],
				"scale": [
					{ "x": 0.896, "curve": "stepped" },
					{ "time": 0.0333, "x": 0.896 }
				]
			},
			"leg_1": {
				"rotate": [
					{ "value": 45.63, "curve": "stepped" },
					{ "time": 0.0333, "value": 45.63 }
				],
				"translate": [
					{ "curve": "stepped" },
					{ "time": 0.0333 }
				],
				"scale": [
					{ "curve": "stepped" },
					{ "time": 0.0333 }
				]
			},
			"thigh_2": {
				"rotate": [
					{ "value": -37.54, "curve": "stepped" },
					{ "time": 0.0333, "value": -37.54 }
				],
				"translate": [
					{ "curve": "stepped" },
					{ "time": 0.0333 }
				],
				"scale": [
					{ "x": 0.895, "curve": "stepped" },
					{ "time": 0.0333, "x": 0.895 }
				]
			},
			"leg_2": {
				"rotate": [
					{ "value": 38.6, "curve": "stepped" },
					{ "time": 0.0333, "value": 38.6 }
				],
				"translate": [
					{ "curve": "stepped" },
					{ "time": 0.0333 }
				],
				"scale": [
					{ "curve": "stepped" },
					{ "time": 0.0333 }
				]
			},
			"foot_2": {
				"rotate": [
					{ "value": -1.35, "curve": "stepped" },
					{ "time": 0.0333, "value": -1.35 }
				],
				"translate": [
					{ "x": 37.63, "y": 6.74, "curve": "stepped" },
					{ "time": 0.0333, "x": 37.63, "y": 6.74 }
				]
			},
			"foot_3": {
				"rotate": [
					{ "curve": "stepped" },
					{ "time": 0.0333 }
				],
				"translate": [
					{ "x": 93.59, "y": 0.41, "curve": "stepped" },
					{ "time": 0.0333, "x": 93.59, "y": 0.41 }
				]
			},
			"feeling_5": {
				"rotate": [
					{ "curve": "stepped" },
					{ "time": 0.0333 }
				],
				"translate": [
					{ "curve": "stepped" },
					{ "time": 0.0333 }
				]
			},
			"move": {
				"translate": [
					{ "x": 119.99, "y": 0.08, "curve": "stepped" },
					{ "time": 0.0333, "x": 119.99, "y": 0.08 }
				],
				"scale": [
					{ "curve": "stepped" },
					{ "time": 0.0333 }
				]
			},
			"feeling_1": {
				"rotate": [
					{ "value": 59.8, "curve": "stepped" },
					{ "time": 0.0333, "value": 59.8 }
				],
				"translate": [
					{ "x": 130.71, "y": -314.36, "curve": "stepped" },
					{ "time": 0.0333, "x": 130.71, "y": -314.36 }
				],
				"scale": [
					{ "x": 0.89, "y": 0.89, "curve": "stepped" },
					{ "time": 0.0333, "x": 0.89, "y": 0.89 }
				]
			},
			"feeling_2": {
				"rotate": [
					{ "value": -2.38, "curve": "stepped" },
					{ "time": 0.0333, "value": -2.38 }
				],
				"translate": [
					{ "x": -139.81, "y": -49.03, "curve": "stepped" },
					{ "time": 0.0333, "x": -139.81, "y": -49.03 }
				],
				"scale": [
					{ "x": 0.927, "y": 0.927, "curve": "stepped" },
					{ "time": 0.0333, "x": 0.927, "y": 0.927 }
				]
			},
			"hair_1": {
				"rotate": [
					{ "value": 5.35, "curve": "stepped" },
					{ "time": 0.0333, "value": 5.35 }
				],
				"translate": [
					{ "x": 185.77, "y": 566.79, "curve": "stepped" },
					{ "time": 0.0333, "x": 185.77, "y": 566.79 }
				],
				"scale": [
					{ "x": -1.131, "y": 1.131, "curve": "stepped" },
					{ "time": 0.0333, "x": -1.131, "y": 1.131 }
				]
			}
		},
		"ik": {
			"foot_1": [
				{
					"bendPositive": false,
					"stretch": true,
					"curve": [ 0.008, 1, 0.025, 1, 0.008, 0, 0.025, 0 ]
				},
				{ "time": 0.0333, "bendPositive": false, "stretch": true }
			],
			"foot_2": [
				{
					"bendPositive": false,
					"stretch": true,
					"curve": [ 0.008, 1, 0.025, 1, 0.008, 0, 0.025, 0 ]
				},
				{ "time": 0.0333, "bendPositive": false, "stretch": true }
			]
		},
		"drawOrder": [
			{
				"offsets": [
					{ "slot": "shoulder4", "offset": -3 }
				]
			},
			{
				"time": 0.0333,
				"offsets": [
					{ "slot": "shoulder4", "offset": -3 }
				]
			}
		]
	},
	"t_56_2_lose": {
		"slots": {
			"body": {
				"rgba": [
					{ "color": "000000ff", "curve": "stepped" },
					{ "time": 0.0333, "color": "000000ff" }
				]
			},
			"Emoji": {
				"rgba": [
					{ "color": "ff4e4eff", "curve": "stepped" },
					{ "time": 0.0333, "color": "ff4e4eff" }
				],
				"attachment": [
					{ "name": "Emoji/emo_65" },
					{ "time": 0.0333, "name": "Emoji/emo_65" }
				]
			},
			"feeling_1": {
				"attachment": [
					{ "name": "giat_minh" },
					{ "time": 0.0333, "name": "giat_minh" }
				]
			},
			"feeling_2": {
				"attachment": [
					{},
					{ "time": 0.0333 }
				]
			},
			"feeling_3": {
				"rgba": [
					{ "color": "ffffffff", "curve": "stepped" },
					{ "time": 0.0333, "color": "ffffffff" }
				],
				"attachment": [
					{ "name": "cauco" },
					{ "time": 0.0333, "name": "cauco" }
				]
			},
			"feeling_5": {
				"attachment": [
					{},
					{ "time": 0.0333 }
				]
			},
			"hair": {
				"attachment": [
					{ "name": "hair/man/toc_8" },
					{ "time": 0.0333, "name": "hair/man/toc_8" }
				]
			},
			"head": {
				"rgba": [
					{ "color": "ffa9a9ff", "curve": "stepped" },
					{ "time": 0.0333, "color": "ffa9a9ff" }
				],
				"attachment": [
					{ "name": "head" },
					{ "time": 0.0333, "name": "head" }
				]
			},
			"shoulder1": {
				"rgba": [
					{ "color": "000000ff", "curve": "stepped" },
					{ "time": 0.0333, "color": "000000ff" }
				],
				"attachment": [
					{ "name": "shoulder" },
					{ "time": 0.0333, "name": "shoulder" }
				]
			},
			"shoulder2": {
				"rgba": [
					{ "color": "000000ff", "curve": "stepped" },
					{ "time": 0.0333, "color": "000000ff" }
				],
				"attachment": [
					{ "name": "shoulder" },
					{ "time": 0.0333, "name": "shoulder" }
				]
			},
			"shoulder3": {
				"rgba": [
					{ "color": "000000ff", "curve": "stepped" },
					{ "time": 0.0333, "color": "000000ff" }
				],
				"attachment": [
					{ "name": "shoulder" },
					{ "time": 0.0333, "name": "shoulder" }
				]
			},
			"shoulder4": {
				"rgba": [
					{ "color": "000000ff", "curve": "stepped" },
					{ "time": 0.0333, "color": "000000ff" }
				],
				"attachment": [
					{ "name": "shoulder" },
					{ "time": 0.0333, "name": "shoulder" }
				]
			},
			"thigh": {
				"rgba": [
					{ "color": "000000ff", "curve": "stepped" },
					{ "time": 0.0333, "color": "000000ff" }
				],
				"attachment": [
					{},
					{ "time": 0.0333 }
				]
			},
			"thigh2": {
				"rgba": [
					{ "color": "000000ff", "curve": "stepped" },
					{ "time": 0.0333, "color": "000000ff" }
				],
				"attachment": [
					{},
					{ "time": 0.0333 }
				]
			},
			"thigh3": {
				"rgba": [
					{ "color": "000000ff", "curve": "stepped" },
					{ "time": 0.0333, "color": "000000ff" }
				],
				"attachment": [
					{},
					{ "time": 0.0333 }
				]
			},
			"thigh4": {
				"rgba": [
					{ "color": "000000ff", "curve": "stepped" },
					{ "time": 0.0333, "color": "000000ff" }
				],
				"attachment": [
					{},
					{ "time": 0.0333 }
				]
			}
		},
		"bones": {
			"head": {
				"rotate": [
					{ "value": 9.44, "curve": "stepped" },
					{ "time": 0.0333, "value": 9.44 }
				],
				"translate": [
					{ "x": -14.72, "y": -6.67, "curve": "stepped" },
					{ "time": 0.0333, "x": -14.72, "y": -6.67 }
				],
				"scale": [
					{ "x": 1.18, "curve": "stepped" },
					{ "time": 0.0333, "x": 1.18 }
				]
			},
			"root": {
				"rotate": [
					{ "curve": "stepped" },
					{ "time": 0.0333 }
				],
				"translate": [
					{ "curve": "stepped" },
					{ "time": 0.0333 }
				]
			},
			"main": {
				"rotate": [
					{ "value": -4.66, "curve": "stepped" },
					{ "time": 0.0333, "value": -4.66 }
				],
				"translate": [
					{ "x": -2.33, "y": -259.23, "curve": "stepped" },
					{ "time": 0.0333, "x": -2.33, "y": -259.23 }
				]
			},
			"hip": {
				"rotate": [
					{ "curve": "stepped" },
					{ "time": 0.0333 }
				],
				"translate": [
					{ "curve": "stepped" },
					{ "time": 0.0333 }
				]
			},
			"body": {
				"rotate": [
					{ "value": 4.27, "curve": "stepped" },
					{ "time": 0.0333, "value": 4.27 }
				]
			},
			"body2": {
				"rotate": [
					{ "value": 4.27, "curve": "stepped" },
					{ "time": 0.0333, "value": 4.27 }
				]
			},
			"body3": {
				"rotate": [
					{ "value": 4.27, "curve": "stepped" },
					{ "time": 0.0333, "value": 4.27 }
				]
			},
			"body4": {
				"rotate": [
					{ "value": 3.36, "curve": "stepped" },
					{ "time": 0.0333, "value": 3.36 }
				],
				"translate": [
					{ "x": -16.35, "y": -0.13, "curve": "stepped" },
					{ "time": 0.0333, "x": -16.35, "y": -0.13 }
				]
			},
			"body5": {
				"rotate": [
					{ "value": 1.29, "curve": "stepped" },
					{ "time": 0.0333, "value": 1.29 }
				]
			},
			"body6": {
				"rotate": [
					{ "value": 4.85, "curve": "stepped" },
					{ "time": 0.0333, "value": 4.85 }
				],
				"translate": [
					{ "x": -25.59, "y": -0.64, "curve": "stepped" },
					{ "time": 0.0333, "x": -25.59, "y": -0.64 }
				]
			},
			"body7": {
				"rotate": [
					{ "value": 4.27, "curve": "stepped" },
					{ "time": 0.0333, "value": 4.27 }
				]
			},
			"body8": {
				"rotate": [
					{ "value": 4.27, "curve": "stepped" },
					{ "time": 0.0333, "value": 4.27 }
				]
			},
			"feeling_3": {
				"rotate": [
					{ "curve": "stepped" },
					{ "time": 0.0333 }
				],
				"translate": [
					{ "x": -18.53, "y": 15.78, "curve": "stepped" },
					{ "time": 0.0333, "x": -18.53, "y": 15.78 }
				],
				"scale": [
					{ "x": 1.053, "y": 1.053, "curve": "stepped" },
					{ "time": 0.0333, "x": 1.053, "y": 1.053 }
				]
			},
			"emoji": {
				"rotate": [
					{ "value": 38.51, "curve": "stepped" },
					{ "time": 0.0333, "value": 38.51 }
				],
				"translate": [
					{ "x": 1.19, "y": -35.97, "curve": "stepped" },
					{ "time": 0.0333, "x": 1.19, "y": -35.97 }
				],
				"scale": [
					{ "x": -1, "curve": "stepped" },
					{ "time": 0.0333, "x": -1 }
				]
			},
			"shouder_1": {
				"rotate": [
					{ "value": -138.8, "curve": "stepped" },
					{ "time": 0.0333, "value": -138.8 }
				],
				"translate": [
					{ "x": 18.7, "y": 2.37, "curve": "stepped" },
					{ "time": 0.0333, "x": 18.7, "y": 2.37 }
				],
				"scale": [
					{ "curve": "stepped" },
					{ "time": 0.0333 }
				],
				"shear": [
					{ "curve": "stepped" },
					{ "time": 0.0333 }
				]
			},
			"arm_1": {
				"rotate": [
					{ "value": 98.31, "curve": "stepped" },
					{ "time": 0.0333, "value": 98.31 }
				],
				"translate": [
					{ "x": 2.02, "y": 0.08, "curve": "stepped" },
					{ "time": 0.0333, "x": 2.02, "y": 0.08 }
				],
				"scale": [
					{ "curve": "stepped" },
					{ "time": 0.0333 }
				]
			},
			"shouder_2": {
				"rotate": [
					{ "value": -149.53, "curve": "stepped" },
					{ "time": 0.0333, "value": -149.53 }
				],
				"translate": [
					{ "x": 57.45, "y": 4.8, "curve": "stepped" },
					{ "time": 0.0333, "x": 57.45, "y": 4.8 }
				],
				"scale": [
					{ "curve": "stepped" },
					{ "time": 0.0333 }
				]
			},
			"arm_2": {
				"rotate": [
					{ "value": 12.59, "curve": "stepped" },
					{ "time": 0.0333, "value": 12.59 }
				],
				"translate": [
					{ "curve": "stepped" },
					{ "time": 0.0333 }
				],
				"scale": [
					{ "curve": "stepped" },
					{ "time": 0.0333 }
				]
			},
			"thigh_1": {
				"rotate": [
					{ "value": -44.84, "curve": "stepped" },
					{ "time": 0.0333, "value": -44.84 }
				],
				"translate": [
					{ "curve": "stepped" },
					{ "time": 0.0333 }
				],
				"scale": [
					{ "x": 0.896, "curve": "stepped" },
					{ "time": 0.0333, "x": 0.896 }
				]
			},
			"leg_1": {
				"rotate": [
					{ "value": 45.63, "curve": "stepped" },
					{ "time": 0.0333, "value": 45.63 }
				],
				"translate": [
					{ "curve": "stepped" },
					{ "time": 0.0333 }
				],
				"scale": [
					{ "curve": "stepped" },
					{ "time": 0.0333 }
				]
			},
			"thigh_2": {
				"rotate": [
					{ "value": -37.54, "curve": "stepped" },
					{ "time": 0.0333, "value": -37.54 }
				],
				"translate": [
					{ "curve": "stepped" },
					{ "time": 0.0333 }
				],
				"scale": [
					{ "x": 0.895, "curve": "stepped" },
					{ "time": 0.0333, "x": 0.895 }
				]
			},
			"leg_2": {
				"rotate": [
					{ "value": 38.6, "curve": "stepped" },
					{ "time": 0.0333, "value": 38.6 }
				],
				"translate": [
					{ "curve": "stepped" },
					{ "time": 0.0333 }
				],
				"scale": [
					{ "curve": "stepped" },
					{ "time": 0.0333 }
				]
			},
			"foot_2": {
				"rotate": [
					{ "value": -1.35, "curve": "stepped" },
					{ "time": 0.0333, "value": -1.35 }
				],
				"translate": [
					{ "x": 37.63, "y": 6.74, "curve": "stepped" },
					{ "time": 0.0333, "x": 37.63, "y": 6.74 }
				]
			},
			"foot_3": {
				"rotate": [
					{ "curve": "stepped" },
					{ "time": 0.0333 }
				],
				"translate": [
					{ "x": 93.59, "y": 0.41, "curve": "stepped" },
					{ "time": 0.0333, "x": 93.59, "y": 0.41 }
				]
			},
			"feeling_5": {
				"rotate": [
					{ "curve": "stepped" },
					{ "time": 0.0333 }
				],
				"translate": [
					{ "curve": "stepped" },
					{ "time": 0.0333 }
				]
			},
			"move": {
				"rotate": [
					{ "value": 5.14, "curve": "stepped" },
					{ "time": 0.0333, "value": 5.14 }
				],
				"translate": [
					{ "x": 119.99, "y": 0.08, "curve": "stepped" },
					{ "time": 0.0333, "x": 119.99, "y": 0.08 }
				],
				"scale": [
					{ "curve": "stepped" },
					{ "time": 0.0333 }
				]
			},
			"feeling_1": {
				"rotate": [
					{ "value": 148.58, "curve": "stepped" },
					{ "time": 0.0333, "value": 148.58 }
				],
				"translate": [
					{ "x": -292.69, "y": -101.91, "curve": "stepped" },
					{ "time": 0.0333, "x": -292.69, "y": -101.91 }
				],
				"scale": [
					{ "x": 1.485, "y": 1.485, "curve": "stepped" },
					{ "time": 0.0333, "x": 1.485, "y": 1.485 }
				]
			},
			"feeling_2": {
				"rotate": [
					{ "value": -2.38, "curve": "stepped" },
					{ "time": 0.0333, "value": -2.38 }
				],
				"translate": [
					{ "x": -560.74, "y": -71.57, "curve": "stepped" },
					{ "time": 0.0333, "x": -560.74, "y": -71.57 }
				],
				"scale": [
					{ "x": 1.456, "y": 1.456, "curve": "stepped" },
					{ "time": 0.0333, "x": 1.456, "y": 1.456 }
				]
			},
			"hair_1": {
				"rotate": [
					{ "value": 32.14, "curve": "stepped" },
					{ "time": 0.0333, "value": 32.14 }
				],
				"translate": [
					{ "x": -4.12, "y": 537.47, "curve": "stepped" },
					{ "time": 0.0333, "x": -4.12, "y": 537.47 }
				],
				"scale": [
					{ "x": -1.131, "y": 1.29, "curve": "stepped" },
					{ "time": 0.0333, "x": -1.131, "y": 1.29 }
				]
			}
		},
		"ik": {
			"foot_1": [
				{
					"bendPositive": false,
					"stretch": true,
					"curve": [ 0.008, 1, 0.025, 1, 0.008, 0, 0.025, 0 ]
				},
				{ "time": 0.0333, "bendPositive": false, "stretch": true }
			],
			"foot_2": [
				{
					"bendPositive": false,
					"stretch": true,
					"curve": [ 0.008, 1, 0.025, 1, 0.008, 0, 0.025, 0 ]
				},
				{ "time": 0.0333, "bendPositive": false, "stretch": true }
			]
		},
		"drawOrder": [
			{
				"offsets": [
					{ "slot": "shoulder1", "offset": 8 },
					{ "slot": "shoulder3", "offset": 0 },
					{ "slot": "shoulder2", "offset": 7 }
				]
			},
			{
				"time": 0.0333,
				"offsets": [
					{ "slot": "shoulder1", "offset": 8 },
					{ "slot": "shoulder3", "offset": 0 },
					{ "slot": "shoulder2", "offset": 7 }
				]
			}
		]
	},
	"t_56_2_win": {
		"slots": {
			"body": {
				"rgba": [
					{ "color": "000000ff", "curve": "stepped" },
					{ "time": 0.0333, "color": "000000ff" }
				]
			},
			"Emoji": {
				"attachment": [
					{ "name": "Emoji/emo_89" },
					{ "time": 0.0333, "name": "Emoji/emo_89" }
				]
			},
			"feeling_1": {
				"attachment": [
					{ "name": "giat_minh" },
					{ "time": 0.0333, "name": "giat_minh" }
				]
			},
			"feeling_2": {
				"attachment": [
					{ "name": "scare" },
					{ "time": 0.0333, "name": "scare" }
				]
			},
			"feeling_3": {
				"rgba": [
					{ "color": "ffffffff", "curve": "stepped" },
					{ "time": 0.0333, "color": "ffffffff" }
				],
				"attachment": [
					{ "name": "mo_hoi" },
					{ "time": 0.0333, "name": "mo_hoi" }
				]
			},
			"feeling_5": {
				"attachment": [
					{},
					{ "time": 0.0333 }
				]
			},
			"hair": {
				"attachment": [
					{ "name": "hair/man/toc_8" },
					{ "time": 0.0333, "name": "hair/man/toc_8" }
				]
			},
			"head": {
				"rgba": [
					{ "color": "ffffffff", "curve": "stepped" },
					{ "time": 0.0333, "color": "ffffffff" }
				],
				"attachment": [
					{ "name": "head" },
					{ "time": 0.0333, "name": "head" }
				]
			},
			"shoulder1": {
				"rgba": [
					{ "color": "000000ff", "curve": "stepped" },
					{ "time": 0.0333, "color": "000000ff" }
				],
				"attachment": [
					{ "name": "shoulder" },
					{ "time": 0.0333, "name": "shoulder" }
				]
			},
			"shoulder2": {
				"rgba": [
					{ "color": "000000ff", "curve": "stepped" },
					{ "time": 0.0333, "color": "000000ff" }
				],
				"attachment": [
					{ "name": "shoulder" },
					{ "time": 0.0333, "name": "shoulder" }
				]
			},
			"shoulder3": {
				"rgba": [
					{ "color": "000000ff", "curve": "stepped" },
					{ "time": 0.0333, "color": "000000ff" }
				],
				"attachment": [
					{ "name": "shoulder" },
					{ "time": 0.0333, "name": "shoulder" }
				]
			},
			"shoulder4": {
				"rgba": [
					{ "color": "000000ff", "curve": "stepped" },
					{ "time": 0.0333, "color": "000000ff" }
				],
				"attachment": [
					{ "name": "shoulder" },
					{ "time": 0.0333, "name": "shoulder" }
				]
			},
			"thigh": {
				"rgba": [
					{ "color": "000000ff", "curve": "stepped" },
					{ "time": 0.0333, "color": "000000ff" }
				],
				"attachment": [
					{},
					{ "time": 0.0333 }
				]
			},
			"thigh2": {
				"rgba": [
					{ "color": "000000ff", "curve": "stepped" },
					{ "time": 0.0333, "color": "000000ff" }
				],
				"attachment": [
					{},
					{ "time": 0.0333 }
				]
			},
			"thigh3": {
				"rgba": [
					{ "color": "000000ff", "curve": "stepped" },
					{ "time": 0.0333, "color": "000000ff" }
				],
				"attachment": [
					{},
					{ "time": 0.0333 }
				]
			},
			"thigh4": {
				"rgba": [
					{ "color": "000000ff", "curve": "stepped" },
					{ "time": 0.0333, "color": "000000ff" }
				],
				"attachment": [
					{},
					{ "time": 0.0333 }
				]
			}
		},
		"bones": {
			"head": {
				"rotate": [
					{ "value": -14.03, "curve": "stepped" },
					{ "time": 0.0333, "value": -14.03 }
				],
				"translate": [
					{ "x": -55.37, "y": 0.68, "curve": "stepped" },
					{ "time": 0.0333, "x": -55.37, "y": 0.68 }
				],
				"scale": [
					{ "x": 1.18, "curve": "stepped" },
					{ "time": 0.0333, "x": 1.18 }
				]
			},
			"root": {
				"rotate": [
					{ "curve": "stepped" },
					{ "time": 0.0333 }
				],
				"translate": [
					{ "curve": "stepped" },
					{ "time": 0.0333 }
				]
			},
			"main": {
				"rotate": [
					{ "value": -4.66, "curve": "stepped" },
					{ "time": 0.0333, "value": -4.66 }
				],
				"translate": [
					{ "x": -2.33, "y": -259.23, "curve": "stepped" },
					{ "time": 0.0333, "x": -2.33, "y": -259.23 }
				]
			},
			"hip": {
				"rotate": [
					{ "curve": "stepped" },
					{ "time": 0.0333 }
				],
				"translate": [
					{ "curve": "stepped" },
					{ "time": 0.0333 }
				]
			},
			"body": {
				"rotate": [
					{ "value": 1.46, "curve": "stepped" },
					{ "time": 0.0333, "value": 1.46 }
				]
			},
			"body2": {
				"rotate": [
					{ "value": 1.46, "curve": "stepped" },
					{ "time": 0.0333, "value": 1.46 }
				]
			},
			"body3": {
				"rotate": [
					{ "value": 1.46, "curve": "stepped" },
					{ "time": 0.0333, "value": 1.46 }
				]
			},
			"body4": {
				"rotate": [
					{ "value": 0.55, "curve": "stepped" },
					{ "time": 0.0333, "value": 0.55 }
				],
				"translate": [
					{ "x": -16.35, "y": -0.13, "curve": "stepped" },
					{ "time": 0.0333, "x": -16.35, "y": -0.13 }
				]
			},
			"body5": {
				"rotate": [
					{ "value": -1.51, "curve": "stepped" },
					{ "time": 0.0333, "value": -1.51 }
				]
			},
			"body6": {
				"rotate": [
					{ "value": 2.04, "curve": "stepped" },
					{ "time": 0.0333, "value": 2.04 }
				],
				"translate": [
					{ "x": -25.59, "y": -0.64, "curve": "stepped" },
					{ "time": 0.0333, "x": -25.59, "y": -0.64 }
				]
			},
			"body7": {
				"rotate": [
					{ "value": 1.46, "curve": "stepped" },
					{ "time": 0.0333, "value": 1.46 }
				]
			},
			"body8": {
				"rotate": [
					{ "value": 1.46, "curve": "stepped" },
					{ "time": 0.0333, "value": 1.46 }
				]
			},
			"feeling_3": {
				"rotate": [
					{ "curve": "stepped" },
					{ "time": 0.0333 }
				],
				"translate": [
					{ "x": -4.47, "y": 19.34, "curve": "stepped" },
					{ "time": 0.0333, "x": -4.47, "y": 19.34 }
				]
			},
			"emoji": {
				"rotate": [
					{ "value": -1, "curve": "stepped" },
					{ "time": 0.0333, "value": -1 }
				],
				"translate": [
					{ "x": 1.49, "y": -8.1, "curve": "stepped" },
					{ "time": 0.0333, "x": 1.49, "y": -8.1 }
				],
				"scale": [
					{ "x": 0.979, "y": 0.979, "curve": "stepped" },
					{ "time": 0.0333, "x": 0.979, "y": 0.979 }
				]
			},
			"shouder_1": {
				"rotate": [
					{ "value": -2.12, "curve": "stepped" },
					{ "time": 0.0333, "value": -2.12 }
				],
				"translate": [
					{ "x": -16.28, "y": -0.11, "curve": "stepped" },
					{ "time": 0.0333, "x": -16.28, "y": -0.11 }
				],
				"scale": [
					{ "curve": "stepped" },
					{ "time": 0.0333 }
				],
				"shear": [
					{ "curve": "stepped" },
					{ "time": 0.0333 }
				]
			},
			"arm_1": {
				"rotate": [
					{ "value": 102.84, "curve": "stepped" },
					{ "time": 0.0333, "value": 102.84 }
				],
				"translate": [
					{ "x": 2.02, "y": 0.08, "curve": "stepped" },
					{ "time": 0.0333, "x": 2.02, "y": 0.08 }
				],
				"scale": [
					{ "curve": "stepped" },
					{ "time": 0.0333 }
				]
			},
			"shouder_2": {
				"rotate": [
					{ "value": -24.5, "curve": "stepped" },
					{ "time": 0.0333, "value": -24.5 }
				],
				"translate": [
					{ "x": -12.22, "y": 7.39, "curve": "stepped" },
					{ "time": 0.0333, "x": -12.22, "y": 7.39 }
				],
				"scale": [
					{ "curve": "stepped" },
					{ "time": 0.0333 }
				]
			},
			"arm_2": {
				"rotate": [
					{ "value": -98.7, "curve": "stepped" },
					{ "time": 0.0333, "value": -98.7 }
				],
				"translate": [
					{ "curve": "stepped" },
					{ "time": 0.0333 }
				],
				"scale": [
					{ "curve": "stepped" },
					{ "time": 0.0333 }
				]
			},
			"thigh_1": {
				"rotate": [
					{ "value": -44.84, "curve": "stepped" },
					{ "time": 0.0333, "value": -44.84 }
				],
				"translate": [
					{ "curve": "stepped" },
					{ "time": 0.0333 }
				],
				"scale": [
					{ "x": 0.896, "curve": "stepped" },
					{ "time": 0.0333, "x": 0.896 }
				]
			},
			"leg_1": {
				"rotate": [
					{ "value": 45.63, "curve": "stepped" },
					{ "time": 0.0333, "value": 45.63 }
				],
				"translate": [
					{ "curve": "stepped" },
					{ "time": 0.0333 }
				],
				"scale": [
					{ "curve": "stepped" },
					{ "time": 0.0333 }
				]
			},
			"thigh_2": {
				"rotate": [
					{ "value": -37.54, "curve": "stepped" },
					{ "time": 0.0333, "value": -37.54 }
				],
				"translate": [
					{ "curve": "stepped" },
					{ "time": 0.0333 }
				],
				"scale": [
					{ "x": 0.895, "curve": "stepped" },
					{ "time": 0.0333, "x": 0.895 }
				]
			},
			"leg_2": {
				"rotate": [
					{ "value": 38.6, "curve": "stepped" },
					{ "time": 0.0333, "value": 38.6 }
				],
				"translate": [
					{ "curve": "stepped" },
					{ "time": 0.0333 }
				],
				"scale": [
					{ "curve": "stepped" },
					{ "time": 0.0333 }
				]
			},
			"foot_2": {
				"rotate": [
					{ "value": -1.35, "curve": "stepped" },
					{ "time": 0.0333, "value": -1.35 }
				],
				"translate": [
					{ "x": 37.63, "y": 6.74, "curve": "stepped" },
					{ "time": 0.0333, "x": 37.63, "y": 6.74 }
				]
			},
			"foot_3": {
				"rotate": [
					{ "curve": "stepped" },
					{ "time": 0.0333 }
				],
				"translate": [
					{ "x": 93.59, "y": 0.41, "curve": "stepped" },
					{ "time": 0.0333, "x": 93.59, "y": 0.41 }
				]
			},
			"feeling_5": {
				"rotate": [
					{ "curve": "stepped" },
					{ "time": 0.0333 }
				],
				"translate": [
					{ "curve": "stepped" },
					{ "time": 0.0333 }
				]
			},
			"move": {
				"translate": [
					{ "x": 119.99, "y": 0.08, "curve": "stepped" },
					{ "time": 0.0333, "x": 119.99, "y": 0.08 }
				],
				"scale": [
					{ "curve": "stepped" },
					{ "time": 0.0333 }
				]
			},
			"feeling_1": {
				"rotate": [
					{ "value": 104.93, "curve": "stepped" },
					{ "time": 0.0333, "value": 104.93 }
				],
				"translate": [
					{ "x": -141.12, "y": -48.59, "curve": "stepped" },
					{ "time": 0.0333, "x": -141.12, "y": -48.59 }
				],
				"scale": [
					{ "x": 1.485, "y": 1.485, "curve": "stepped" },
					{ "time": 0.0333, "x": 1.485, "y": 1.485 }
				]
			},
			"feeling_2": {
				"rotate": [
					{ "value": -2.38, "curve": "stepped" },
					{ "time": 0.0333, "value": -2.38 }
				],
				"translate": [
					{ "x": 55.84, "y": -91.07, "curve": "stepped" },
					{ "time": 0.0333, "x": 55.84, "y": -91.07 }
				],
				"scale": [
					{ "x": 1.456, "y": 1.456, "curve": "stepped" },
					{ "time": 0.0333, "x": 1.456, "y": 1.456 }
				]
			},
			"hair_1": {
				"rotate": [
					{ "value": -10.13, "curve": "stepped" },
					{ "time": 0.0333, "value": -10.13 }
				],
				"translate": [
					{ "x": 138.88, "y": 524.28, "curve": "stepped" },
					{ "time": 0.0333, "x": 138.88, "y": 524.28 }
				],
				"scale": [
					{ "x": -1.131, "y": 1.29, "curve": "stepped" },
					{ "time": 0.0333, "x": -1.131, "y": 1.29 }
				]
			}
		},
		"ik": {
			"foot_1": [
				{
					"bendPositive": false,
					"stretch": true,
					"curve": [ 0.008, 1, 0.025, 1, 0.008, 0, 0.025, 0 ]
				},
				{ "time": 0.0333, "bendPositive": false, "stretch": true }
			],
			"foot_2": [
				{
					"bendPositive": false,
					"stretch": true,
					"curve": [ 0.008, 1, 0.025, 1, 0.008, 0, 0.025, 0 ]
				},
				{ "time": 0.0333, "bendPositive": false, "stretch": true }
			]
		},
		"drawOrder": [
			{
				"offsets": [
					{ "slot": "shoulder4", "offset": -3 }
				]
			},
			{
				"time": 0.0333,
				"offsets": [
					{ "slot": "shoulder4", "offset": -3 }
				]
			}
		]
	}
}
}