{"frames": [

{
	"filename": "bg",
	"frame": {"x":1,"y":1,"w":72,"h":1247},
	"rotated": false,
	"trimmed": false,
	"spriteSourceSize": {"x":0,"y":0,"w":72,"h":1247},
	"sourceSize": {"w":72,"h":1247}
},
{
	"filename": "chan",
	"frame": {"x":74,"y":258,"w":477,"h":130},
	"rotated": false,
	"trimmed": false,
	"spriteSourceSize": {"x":0,"y":0,"w":477,"h":130},
	"sourceSize": {"w":477,"h":130}
},
{
	"filename": "Giuong",
	"frame": {"x":74,"y":1,"w":625,"h":233},
	"rotated": false,
	"trimmed": false,
	"spriteSourceSize": {"x":0,"y":0,"w":625,"h":233},
	"sourceSize": {"w":625,"h":233}
},
{
	"filename": "trap_laze copy 3",
	"frame": {"x":74,"y":389,"w":93,"h":94},
	"rotated": false,
	"trimmed": true,
	"spriteSourceSize": {"x":7,"y":7,"w":93,"h":94},
	"sourceSize": {"w":107,"h":108}
},
{
	"filename": "trap_laze copy 3_hot",
	"frame": {"x":700,"y":1,"w":105,"h":106},
	"rotated": false,
	"trimmed": true,
	"spriteSourceSize": {"x":1,"y":1,"w":105,"h":106},
	"sourceSize": {"w":107,"h":108}
},
{
	"filename": "trap_tia_laze",
	"frame": {"x":74,"y":235,"w":787,"h":22},
	"rotated": false,
	"trimmed": false,
	"spriteSourceSize": {"x":0,"y":0,"w":787,"h":22},
	"sourceSize": {"w":787,"h":22}
}],
"meta": {
	"app": "https://www.codeandweb.com/texturepacker",
	"version": "1.0",
	"image": "props.png",
	"format": "RGBA8888",
	"size": {"w":862,"h":1249},
	"scale": "1",
	"smartupdate": "$TexturePacker:SmartUpdate:19adbcbbb519ea7c6840d93bc2e2e415:9c946d4c7af619134ea05c876ed3d6c9:f4c39b94f5b79b4c461da96ae5609d50$"
}
}
