{
"skeleton": { "hash": "tcfSeiqSXHc", "spine": "4.1.24", "x": -388.28, "y": -425.09, "width": 724.41, "height": 1282.48 },
"bones": [
	{ "name": "root", "rotation": 0.2 },
	{ "name": "move", "parent": "root", "x": -119.99, "scaleX": -1 },
	{ "name": "main", "parent": "move", "y": 256.6 },
	{ "name": "hip", "parent": "main" },
	{ "name": "body", "parent": "hip", "length": 26.97, "rotation": 90 },
	{ "name": "body2", "parent": "body", "length": 26.97, "x": 26.97 },
	{ "name": "body3", "parent": "body2", "length": 26.97, "x": 26.97 },
	{ "name": "body4", "parent": "body3", "length": 26.97, "rotation": -0.06, "x": 26.97 },
	{ "name": "body5", "parent": "body4", "length": 26.97, "x": 26.97 },
	{ "name": "body6", "parent": "body5", "length": 26.97, "x": 26.97 },
	{ "name": "body7", "parent": "body6", "length": 26.97, "x": 26.97 },
	{ "name": "body8", "parent": "body7", "length": 26.97, "x": 26.97 },
	{ "name": "head", "parent": "body8", "length": 135.67, "x": 24.75 },
	{ "name": "feeling_3", "parent": "head", "rotation": -0.18, "x": 87.53, "y": 30.96 },
	{ "name": "emoji", "parent": "head", "rotation": -90, "x": 62, "y": 1.49 },
	{ "name": "shouder_1", "parent": "body7", "length": 100.06, "rotation": -90, "x": 15.39, "y": 0.02 },
	{ "name": "arm_1", "parent": "shouder_1", "length": 100.06, "x": 94.79 },
	{ "name": "shouder_2", "parent": "body7", "length": 100.06, "rotation": 90, "x": 15.39, "y": 0.02 },
	{ "name": "arm_2", "parent": "shouder_2", "length": 100.06, "x": 94.79 },
	{ "name": "thigh_1", "parent": "main", "length": 134.15, "rotation": -90, "x": -0.54, "y": 4.23 },
	{ "name": "leg_1", "parent": "thigh_1", "length": 134.15, "x": 128.14 },
	{ "name": "thigh_2", "parent": "main", "length": 134.15, "rotation": -90, "x": -0.1, "y": 4.23 },
	{ "name": "leg_2", "parent": "thigh_2", "length": 134.15, "x": 128.14 },
	{ "name": "foot_2", "parent": "move", "x": 0.16, "y": -2.18 },
	{ "name": "foot_3", "parent": "move", "x": 0.1, "y": -2.12 },
	{
		"name": "feeling_5",
		"parent": "head",
		"rotation": -0.18,
		"x": 87.53,
		"y": -25.11,
		"scaleX": 2,
		"scaleY": 2
	},
	{ "name": "item_1", "parent": "move", "x": -1.93, "y": 450.24 },
	{ "name": "feeling_1", "parent": "main", "rotation": -20.17, "x": 72.35, "y": 376.02 },
	{ "name": "feeling_2", "parent": "main", "rotation": -20.17, "x": 72.35, "y": 376.02 },
	{ "name": "hair_1", "parent": "main", "rotation": 0.07, "x": -120, "y": -254.77 },
	{
		"name": "feeling_4",
		"parent": "head",
		"rotation": -0.18,
		"x": 87.53,
		"y": -25.11,
		"scaleX": 2,
		"scaleY": 2
	},
	{ "name": "item_tay", "parent": "arm_2", "x": 101.01, "y": -1.25 }
],
"slots": [
	{ "name": "bg_gane_play", "bone": "root", "color": "ffffff4f" },
	{ "name": "item", "bone": "item_1" },
	{ "name": "body", "bone": "hip", "color": "000000ff", "attachment": "body" },
	{ "name": "shoulder1", "bone": "shouder_1", "color": "000000ff" },
	{ "name": "shoulder3", "bone": "shouder_2", "color": "000000ff" },
	{ "name": "shoulder2", "bone": "arm_1", "color": "000000ff" },
	{ "name": "shoulder4", "bone": "arm_2", "color": "000000ff" },
	{ "name": "thigh", "bone": "thigh_1", "color": "000000ff", "attachment": "thigh" },
	{ "name": "thigh3", "bone": "thigh_2", "color": "000000ff", "attachment": "thigh" },
	{ "name": "thigh2", "bone": "leg_1", "color": "000000ff", "attachment": "thigh" },
	{ "name": "thigh4", "bone": "leg_2", "color": "000000ff", "attachment": "thigh" },
	{ "name": "head", "bone": "head", "attachment": "head" },
	{ "name": "hair", "bone": "hair_1" },
	{ "name": "Emoji", "bone": "emoji" },
	{ "name": "feeling_3", "bone": "feeling_3", "color": "000000ff" },
	{ "name": "feeling_5", "bone": "feeling_5" },
	{ "name": "feeling_4", "bone": "feeling_4" },
	{ "name": "feeling_1", "bone": "feeling_1" },
	{ "name": "feeling_2", "bone": "feeling_2" },
	{ "name": "item_tay", "bone": "item_tay" }
],
"ik": [
	{
		"name": "foot_1",
		"bones": [ "thigh_1", "leg_1" ],
		"target": "foot_2",
		"mix": 0,
		"stretch": true
	},
	{
		"name": "foot_2",
		"order": 1,
		"bones": [ "thigh_2", "leg_2" ],
		"target": "foot_3",
		"mix": 0,
		"stretch": true
	}
],
"skins": [
	{
		"name": "default",
		"attachments": {
			"body": {
				"body": {
					"type": "mesh",
					"uvs": [ 1, 1, 0, 1, 0, 0.875, 0, 0.75, 0, 0.625, 0, 0.5, 0, 0.375, 0, 0.25, 0, 0.125, 0, 0, 1, 0, 1, 0.125, 1, 0.25, 1, 0.375, 1, 0.5, 1, 0.625, 1, 0.75, 1, 0.875 ],
					"triangles": [ 8, 9, 10, 11, 8, 10, 7, 8, 11, 12, 7, 11, 6, 7, 12, 13, 6, 12, 5, 6, 13, 14, 5, 13, 4, 5, 14, 15, 4, 14, 3, 4, 15, 16, 3, 15, 2, 3, 16, 17, 2, 16, 1, 2, 17, 0, 1, 17 ],
					"vertices": [ 1, 4, -1.7, -5.5, 1, 1, 4, -1.7, 5.5, 1, 2, 4, 25.68, 5.5, 0.70301, 5, -1.29, 5.5, 0.29699, 2, 5, 26.08, 5.5, 0.65569, 6, -0.88, 5.5, 0.34431, 2, 6, 26.49, 5.5, 0.55905, 7, -0.48, 5.5, 0.44095, 2, 7, 26.9, 5.5, 0.51367, 8, -0.07, 5.5, 0.48633, 2, 8, 27.3, 5.5, 0.41705, 9, 0.33, 5.5, 0.58295, 2, 9, 27.71, 5.5, 0.38565, 10, 0.74, 5.5, 0.61435, 2, 10, 28.11, 5.5, 0.36868, 11, 1.14, 5.5, 0.63132, 1, 11, 28.52, 5.5, 1, 1, 11, 28.52, -5.5, 1, 2, 10, 28.11, -5.5, 0.3064, 11, 1.14, -5.5, 0.6936, 2, 9, 27.71, -5.5, 0.40945, 10, 0.74, -5.5, 0.59055, 2, 8, 27.3, -5.5, 0.44404, 9, 0.33, -5.5, 0.55596, 2, 7, 26.9, -5.5, 0.52991, 8, -0.07, -5.5, 0.47009, 2, 6, 26.49, -5.5, 0.58474, 7, -0.48, -5.5, 0.41526, 2, 5, 26.08, -5.5, 0.62061, 6, -0.88, -5.5, 0.37939, 2, 4, 25.68, -5.5, 0.65664, 5, -1.29, -5.5, 0.34336 ],
					"hull": 18
				}
			},
			"Emoji": {
				"Emoji/emo_57_c": { "x": 0.5, "y": 0.5, "width": 101, "height": 101 },
				"Emoji/emo_61": { "x": 0.5, "y": 0.5, "width": 97, "height": 87 },
				"Emoji/emo_65": { "width": 84, "height": 84 },
				"Emoji/emo_70": { "y": 0.5, "width": 118, "height": 119 },
				"Emoji/emo_82": { "y": 0.5, "width": 97, "height": 101 },
				"Emoji/new/emo_29": { "x": 0.5, "width": 77, "height": 70 },
				"Emoji/new/emo_57": { "width": 82, "height": 76 }
			},
			"feeling_1": {
				"giat_minh": { "width": 70, "height": 66 },
				"khoi": { "x": -27.26, "y": -5.91, "width": 153, "height": 107 },
				"run": { "rotation": 20.55, "width": 13, "height": 27 },
				"water_mouth": { "x": -5.38, "y": -14.51, "rotation": -31.72, "width": 23, "height": 50 },
				"z_1": { "x": 0.5, "width": 44, "height": 71 }
			},
			"feeling_2": {
				"kho": { "x": 23.6, "y": 5.32, "width": 57, "height": 33 },
				"khoi": { "x": 0.5, "y": 0.5, "width": 153, "height": 107 },
				"mo_hoi": { "x": 0.5, "y": 0.5, "width": 19, "height": 41 },
				"run": { "rotation": 20.55, "width": 13, "height": 27 }
			},
			"feeling_3": {
				"cauco": { "width": 50, "height": 45 },
				"run": { "rotation": -89.44, "width": 13, "height": 27 }
			},
			"feeling_4": {
				"cham_than": { "x": 0.5, "y": 0.5, "rotation": -270, "width": 17, "height": 57 },
				"run": { "x": -0.36, "y": 7.5, "rotation": -89.44, "width": 13, "height": 27 },
				"z_1": { "width": 44, "height": 71 }
			},
			"feeling_5": {
				"giat_minh": { "width": 70, "height": 66 },
				"scare": { "y": 0.5, "width": 80, "height": 83 }
			},
			"hair": {
				"hair/man/mu_5": { "y": 0.5, "width": 152, "height": 77 }
			},
			"head": {
				"head": { "x": 68.85, "rotation": -89.87, "width": 144, "height": 144 },
				"head_7": { "x": 65.26, "y": -3.78, "rotation": -89.46, "width": 144, "height": 144 }
			},
			"shoulder1": {
				"shoulder": { "x": 49.22, "rotation": -90, "width": 15, "height": 105 }
			},
			"shoulder2": {
				"shoulder": { "x": 49.22, "rotation": -90, "width": 15, "height": 105 }
			},
			"shoulder3": {
				"shoulder": { "x": 49.22, "rotation": -90, "width": 15, "height": 105 }
			},
			"shoulder4": {
				"shoulder": { "x": 50.57, "rotation": -90, "width": 15, "height": 105 }
			},
			"thigh": {
				"thigh": { "x": 66.01, "rotation": -90, "width": 14, "height": 137 }
			},
			"thigh2": {
				"thigh": { "x": 66.01, "rotation": -90, "width": 14, "height": 137 }
			},
			"thigh3": {
				"thigh": { "x": 66.01, "rotation": -90, "width": 14, "height": 137 }
			},
			"thigh4": {
				"thigh": { "x": 66.01, "rotation": -90, "width": 14, "height": 137 }
			}
		}
	}
],
"animations": {
	"t_396_1_be": {
		"slots": {
			"body": {
				"rgba": [
					{ "color": "000000ff" }
				]
			},
			"Emoji": {
				"attachment": [
					{ "name": "Emoji/emo_61" }
				]
			},
			"feeling_1": {
				"attachment": [
					{ "name": "run" }
				]
			},
			"feeling_2": {
				"attachment": [
					{ "name": "run" }
				]
			},
			"feeling_3": {
				"rgba": [
					{ "color": "ffffffff" }
				],
				"attachment": [
					{ "name": "run" }
				]
			},
			"feeling_5": {
				"rgba": [
					{ "color": "ffffffff" }
				],
				"attachment": [
					{}
				]
			},
			"hair": {
				"attachment": [
					{}
				]
			},
			"head": {
				"rgba": [
					{ "color": "c2ffffff" }
				],
				"attachment": [
					{ "name": "head" }
				]
			},
			"item": {
				"attachment": [
					{}
				]
			},
			"shoulder1": {
				"rgba": [
					{ "color": "000000ff" }
				],
				"attachment": [
					{}
				]
			},
			"shoulder2": {
				"rgba": [
					{ "color": "000000ff" }
				],
				"attachment": [
					{}
				]
			},
			"shoulder3": {
				"rgba": [
					{ "color": "000000ff" }
				],
				"attachment": [
					{ "name": "shoulder" }
				]
			},
			"shoulder4": {
				"rgba": [
					{ "color": "000000ff" }
				],
				"attachment": [
					{ "name": "shoulder" }
				]
			},
			"thigh": {
				"rgba": [
					{ "color": "000000ff" }
				]
			},
			"thigh2": {
				"rgba": [
					{ "color": "000000ff" }
				]
			},
			"thigh3": {
				"rgba": [
					{ "color": "000000ff" }
				]
			},
			"thigh4": {
				"rgba": [
					{ "color": "000000ff" }
				]
			}
		},
		"bones": {
			"head": {
				"rotate": [
					{ "value": -29.99 }
				],
				"translate": [
					{ "x": -11.95, "y": 20.62 }
				],
				"scale": [
					{}
				]
			},
			"root": {
				"rotate": [
					{}
				],
				"translate": [
					{}
				]
			},
			"main": {
				"rotate": [
					{ "value": -6.18 }
				],
				"translate": [
					{ "x": 30.52, "y": -255.69 }
				]
			},
			"hip": {
				"rotate": [
					{}
				],
				"translate": [
					{}
				]
			},
			"body": {
				"rotate": [
					{ "value": 3.13 }
				],
				"translate": [
					{}
				],
				"scale": [
					{}
				]
			},
			"body2": {
				"rotate": [
					{ "value": 3.13 }
				],
				"translate": [
					{}
				],
				"scale": [
					{}
				]
			},
			"body3": {
				"rotate": [
					{ "value": 3.13 }
				],
				"translate": [
					{}
				],
				"scale": [
					{}
				]
			},
			"body4": {
				"rotate": [
					{ "value": 3.13 }
				],
				"translate": [
					{}
				],
				"scale": [
					{}
				]
			},
			"body5": {
				"rotate": [
					{ "value": 3.13 }
				],
				"translate": [
					{}
				],
				"scale": [
					{}
				]
			},
			"body6": {
				"rotate": [
					{ "value": 3.13 }
				],
				"translate": [
					{}
				],
				"scale": [
					{}
				]
			},
			"body7": {
				"rotate": [
					{ "value": 3.13 }
				],
				"translate": [
					{}
				],
				"scale": [
					{}
				]
			},
			"body8": {
				"rotate": [
					{ "value": 3.13 }
				],
				"translate": [
					{}
				],
				"scale": [
					{}
				]
			},
			"feeling_3": {
				"rotate": [
					{ "value": 161.12 }
				],
				"translate": [
					{ "x": -218.17, "y": 5.98 }
				],
				"scale": [
					{ "x": 1.473, "y": -1.473 }
				]
			},
			"emoji": {
				"rotate": [
					{ "value": 10.44 }
				],
				"translate": [
					{ "x": 3.23, "y": 10.61 }
				],
				"scale": [
					{ "x": 0.865, "y": 0.865 }
				]
			},
			"shouder_1": {
				"rotate": [
					{ "value": -127.77 }
				],
				"translate": [
					{ "x": 15.34, "y": 1.65 }
				],
				"scale": [
					{}
				]
			},
			"arm_1": {
				"rotate": [
					{ "value": -48.7 }
				],
				"translate": [
					{ "x": 2.02, "y": 0.08 }
				],
				"scale": [
					{}
				]
			},
			"shouder_2": {
				"rotate": [
					{ "value": 102.61 }
				],
				"translate": [
					{ "x": 23.58, "y": -1.38 }
				],
				"scale": [
					{}
				]
			},
			"arm_2": {
				"rotate": [
					{ "value": -111.31 }
				],
				"scale": [
					{}
				]
			},
			"thigh_1": {
				"rotate": [
					{ "value": 24.72 }
				],
				"translate": [
					{}
				],
				"scale": [
					{ "x": 0.914, "y": 0.914 }
				]
			},
			"leg_1": {
				"rotate": [
					{}
				],
				"translate": [
					{}
				]
			},
			"thigh_2": {
				"rotate": [
					{ "value": 39.21 }
				],
				"translate": [
					{}
				],
				"scale": [
					{ "x": 0.874 }
				]
			},
			"leg_2": {
				"rotate": [
					{ "value": 18.14 }
				],
				"translate": [
					{}
				]
			},
			"foot_2": {
				"rotate": [
					{}
				],
				"translate": [
					{ "x": -59.85, "y": -0.69 }
				]
			},
			"foot_3": {
				"rotate": [
					{ "value": 12.32 }
				],
				"translate": [
					{ "x": -110.38, "y": 2.07 }
				]
			},
			"feeling_5": {
				"rotate": [
					{ "value": 0.63 }
				],
				"translate": [
					{ "x": -20.56, "y": 23.39 }
				],
				"scale": [
					{ "x": 0.971, "y": 0.971 }
				],
				"shear": [
					{}
				]
			},
			"feeling_1": {
				"rotate": [
					{ "value": -166.56 }
				],
				"translate": [
					{ "x": -56.05, "y": -75.71 }
				],
				"scale": [
					{ "x": 1.712, "y": 1.712 }
				]
			},
			"move": {
				"translate": [
					{ "x": 119.99 }
				],
				"scale": [
					{ "x": -1 }
				]
			},
			"feeling_2": {
				"rotate": [
					{ "value": 174.19 }
				],
				"translate": [
					{ "x": -32.51, "y": -249.77 }
				],
				"scale": [
					{ "x": 1.53, "y": 1.53 }
				]
			},
			"item_1": {
				"rotate": [
					{ "value": 3.28 }
				],
				"translate": [
					{ "x": -0.19, "y": -7.33 }
				]
			},
			"hair_1": {
				"rotate": [
					{ "value": -18.3 }
				],
				"translate": [
					{ "x": 61.13, "y": 566.27 }
				]
			}
		},
		"ik": {
			"foot_1": [
				{ "stretch": true }
			],
			"foot_2": [
				{ "stretch": true }
			]
		},
		"drawOrder": [
			{
				"offsets": [
					{ "slot": "shoulder4", "offset": 11 },
					{ "slot": "feeling_3", "offset": 1 }
				]
			}
		]
	},
	"t_396_1_lose": {
		"slots": {
			"body": {
				"rgba": [
					{ "color": "000000ff" }
				]
			},
			"Emoji": {
				"rgba": [
					{ "color": "ff6b6bff" }
				],
				"attachment": [
					{ "name": "Emoji/emo_57_c" }
				]
			},
			"feeling_1": {
				"rgba": [
					{ "color": "ffffffff" }
				],
				"attachment": [
					{ "name": "giat_minh" }
				]
			},
			"feeling_2": {
				"rgba": [
					{ "color": "ffffffff" }
				],
				"attachment": [
					{ "name": "mo_hoi" }
				]
			},
			"feeling_3": {
				"rgba": [
					{ "color": "ff5151ca" }
				],
				"attachment": [
					{}
				]
			},
			"feeling_4": {
				"attachment": [
					{ "name": "cham_than" }
				]
			},
			"feeling_5": {
				"rgba": [
					{ "color": "fffc00ff" }
				],
				"attachment": [
					{ "name": "scare" }
				]
			},
			"head": {
				"rgba": [
					{ "color": "ffffffff" }
				],
				"attachment": [
					{ "name": "head_7" }
				]
			},
			"shoulder1": {
				"rgba": [
					{ "color": "000000ff" }
				],
				"attachment": [
					{ "name": "shoulder" }
				]
			},
			"shoulder2": {
				"rgba": [
					{ "color": "000000ff" }
				],
				"attachment": [
					{ "name": "shoulder" }
				]
			},
			"shoulder3": {
				"rgba": [
					{ "color": "000000ff" }
				],
				"attachment": [
					{ "name": "shoulder" }
				]
			},
			"shoulder4": {
				"rgba": [
					{ "color": "ff0000ff" }
				],
				"attachment": [
					{ "name": "shoulder" }
				]
			},
			"thigh": {
				"rgba": [
					{ "color": "000000ff" }
				]
			},
			"thigh2": {
				"rgba": [
					{ "color": "000000ff" }
				]
			},
			"thigh3": {
				"rgba": [
					{ "color": "000000ff" }
				]
			},
			"thigh4": {
				"rgba": [
					{ "color": "000000ff" }
				]
			}
		},
		"bones": {
			"head": {
				"rotate": [
					{ "value": -32.6 }
				],
				"translate": [
					{ "x": -23.54, "y": 1.48 }
				],
				"scale": [
					{}
				]
			},
			"root": {
				"rotate": [
					{}
				],
				"translate": [
					{}
				]
			},
			"main": {
				"rotate": [
					{ "value": -64.28 }
				],
				"translate": [
					{ "x": 19.13, "y": -252.43 }
				]
			},
			"hip": {
				"rotate": [
					{}
				],
				"translate": [
					{}
				]
			},
			"body": {
				"rotate": [
					{ "value": 24.42 }
				],
				"translate": [
					{}
				]
			},
			"body2": {
				"rotate": [
					{ "value": 5.33 }
				],
				"translate": [
					{}
				]
			},
			"body3": {
				"rotate": [
					{ "value": 5.33 }
				],
				"translate": [
					{}
				]
			},
			"body4": {
				"rotate": [
					{ "value": 4.42 }
				],
				"translate": [
					{}
				]
			},
			"body5": {
				"rotate": [
					{ "value": 5.94 }
				],
				"translate": [
					{}
				]
			},
			"body6": {
				"rotate": [
					{ "value": 9.5 }
				],
				"translate": [
					{}
				]
			},
			"body7": {
				"rotate": [
					{ "value": 8.92 }
				],
				"translate": [
					{}
				]
			},
			"body8": {
				"rotate": [
					{ "value": 8.92 }
				],
				"translate": [
					{}
				]
			},
			"feeling_3": {
				"rotate": [
					{ "value": 112.62 }
				],
				"translate": [
					{ "x": 40.93, "y": -123.69 }
				],
				"scale": [
					{ "x": 0.889, "y": 0.889 }
				]
			},
			"emoji": {
				"rotate": [
					{ "value": 3.81 }
				],
				"translate": [
					{ "x": 22.16, "y": 26.76 }
				],
				"scale": [
					{ "x": 1.142, "y": 1.316 }
				]
			},
			"shouder_1": {
				"rotate": [
					{ "value": -55.61 }
				],
				"translate": [
					{ "x": 2.17, "y": -2.58 }
				],
				"scale": [
					{ "x": 0.954 }
				],
				"shear": [
					{}
				]
			},
			"arm_1": {
				"rotate": [
					{ "value": -11.2 }
				],
				"translate": [
					{ "x": 2.02, "y": 0.08 }
				],
				"scale": [
					{}
				]
			},
			"shouder_2": {
				"rotate": [
					{ "value": -18.77 }
				],
				"translate": [
					{ "x": 8.07, "y": 1.69 }
				],
				"scale": [
					{}
				]
			},
			"arm_2": {
				"rotate": [
					{ "value": -31.01 }
				],
				"translate": [
					{}
				],
				"scale": [
					{ "x": 1.413, "y": 1.154 }
				]
			},
			"thigh_1": {
				"rotate": [
					{ "value": -42.67 }
				],
				"translate": [
					{ "x": -1.26, "y": -2.62 }
				],
				"scale": [
					{}
				]
			},
			"leg_1": {
				"rotate": [
					{ "value": 97.27 }
				],
				"translate": [
					{}
				]
			},
			"thigh_2": {
				"rotate": [
					{ "value": -49.96 }
				],
				"translate": [
					{ "x": -1.26, "y": -2.62 }
				],
				"scale": [
					{}
				]
			},
			"leg_2": {
				"rotate": [
					{ "value": 61.21 }
				],
				"translate": [
					{}
				]
			},
			"foot_2": {
				"rotate": [
					{}
				],
				"translate": [
					{ "x": -240.16, "y": 38.87 }
				]
			},
			"foot_3": {
				"rotate": [
					{}
				],
				"translate": [
					{ "x": -211.87, "y": 116.79 }
				]
			},
			"feeling_5": {
				"rotate": [
					{ "value": -3.44 }
				],
				"translate": [
					{ "x": -77.82, "y": 181.1 }
				],
				"scale": [
					{ "x": 0.943, "y": 0.943 }
				],
				"shear": [
					{}
				]
			},
			"feeling_1": {
				"rotate": [
					{ "value": -158.06 }
				],
				"translate": [
					{ "x": -322.14, "y": -259.26 }
				],
				"scale": [
					{ "x": 1.057, "y": 1.057 }
				]
			},
			"move": {
				"translate": [
					{ "x": 119.99 }
				],
				"scale": [
					{ "x": -1 }
				]
			},
			"feeling_2": {
				"rotate": [
					{ "value": -143.44 }
				],
				"translate": [
					{ "x": -283.98, "y": -113.41 }
				],
				"scale": [
					{ "x": -0.797, "y": 0.797 }
				]
			},
			"feeling_4": {
				"rotate": [
					{ "value": -175.73 }
				],
				"translate": [
					{ "x": 121.37, "y": -2.58 }
				],
				"scale": [
					{ "x": 0.879, "y": 0.879 }
				]
			}
		},
		"ik": {
			"foot_1": [
				{ "stretch": true }
			],
			"foot_2": [
				{ "stretch": true }
			]
		},
		"drawOrder": [
			{
				"offsets": [
					{ "slot": "shoulder1", "offset": 4 },
					{ "slot": "shoulder2", "offset": 12 },
					{ "slot": "shoulder4", "offset": 6 },
					{ "slot": "feeling_5", "offset": 3 },
					{ "slot": "feeling_1", "offset": -6 }
				]
			}
		]
	},
	"t_396_1_lose2": {
		"slots": {
			"body": {
				"rgba": [
					{ "color": "000000ff" }
				]
			},
			"Emoji": {
				"rgba": [
					{ "color": "ffffffff" }
				],
				"attachment": [
					{ "name": "Emoji/emo_70" }
				]
			},
			"feeling_1": {
				"rgba": [
					{ "color": "ffffffff" }
				],
				"attachment": [
					{ "name": "giat_minh" }
				]
			},
			"feeling_2": {
				"rgba": [
					{ "color": "ffffffff" }
				],
				"attachment": [
					{ "name": "mo_hoi" }
				]
			},
			"feeling_3": {
				"rgba": [
					{ "color": "ff5151ca" }
				],
				"attachment": [
					{ "name": "run" }
				]
			},
			"feeling_4": {
				"attachment": [
					{ "name": "run" }
				]
			},
			"feeling_5": {
				"rgba": [
					{ "color": "fffc00ff" }
				],
				"attachment": [
					{}
				]
			},
			"head": {
				"rgba": [
					{ "color": "ffffffff" }
				],
				"attachment": [
					{ "name": "head" }
				]
			},
			"shoulder1": {
				"rgba": [
					{ "color": "000000ff" }
				],
				"attachment": [
					{ "name": "shoulder" }
				]
			},
			"shoulder2": {
				"rgba": [
					{ "color": "000000ff" }
				],
				"attachment": [
					{ "name": "shoulder" }
				]
			},
			"shoulder3": {
				"rgba": [
					{ "color": "000000ff" }
				],
				"attachment": [
					{ "name": "shoulder" }
				]
			},
			"shoulder4": {
				"rgba": [
					{ "color": "000000ff" }
				],
				"attachment": [
					{ "name": "shoulder" }
				]
			},
			"thigh": {
				"rgba": [
					{ "color": "000000ff" }
				]
			},
			"thigh2": {
				"rgba": [
					{ "color": "000000ff" }
				]
			},
			"thigh3": {
				"rgba": [
					{ "color": "000000ff" }
				]
			},
			"thigh4": {
				"rgba": [
					{ "color": "000000ff" }
				]
			}
		},
		"bones": {
			"head": {
				"rotate": [
					{ "value": -11.75 }
				],
				"translate": [
					{ "x": -37.14, "y": -6.52 }
				],
				"scale": [
					{}
				]
			},
			"root": {
				"rotate": [
					{}
				],
				"translate": [
					{}
				]
			},
			"main": {
				"rotate": [
					{ "value": -64.28 }
				],
				"translate": [
					{ "x": 19.13, "y": -252.43 }
				]
			},
			"hip": {
				"rotate": [
					{}
				],
				"translate": [
					{}
				]
			},
			"body": {
				"rotate": [
					{ "value": 24.42 }
				],
				"translate": [
					{}
				]
			},
			"body2": {
				"rotate": [
					{ "value": 5.33 }
				],
				"translate": [
					{}
				]
			},
			"body3": {
				"rotate": [
					{ "value": 5.33 }
				],
				"translate": [
					{}
				]
			},
			"body4": {
				"rotate": [
					{ "value": 4.42 }
				],
				"translate": [
					{}
				]
			},
			"body5": {
				"rotate": [
					{ "value": 5.94 }
				],
				"translate": [
					{}
				]
			},
			"body6": {
				"rotate": [
					{ "value": 9.5 }
				],
				"translate": [
					{}
				]
			},
			"body7": {
				"rotate": [
					{ "value": 8.92 }
				],
				"translate": [
					{}
				]
			},
			"body8": {
				"rotate": [
					{ "value": 8.92 }
				],
				"translate": [
					{}
				]
			},
			"feeling_3": {
				"rotate": [
					{ "value": -44.44 }
				],
				"translate": [
					{ "x": -139.3, "y": 126.51 }
				],
				"scale": [
					{ "x": 1.246, "y": 1.246 }
				]
			},
			"emoji": {
				"rotate": [
					{ "value": 3.81 }
				],
				"translate": [
					{ "x": 7.45, "y": -1.65 }
				],
				"scale": [
					{ "x": 1.016, "y": 1.171 }
				]
			},
			"shouder_1": {
				"rotate": [
					{ "value": 179.78 }
				],
				"translate": [
					{ "x": 3.64, "y": 0.83 }
				],
				"scale": [
					{}
				],
				"shear": [
					{}
				]
			},
			"arm_1": {
				"rotate": [
					{ "value": -24.66 }
				],
				"translate": [
					{ "x": 2.02, "y": 0.08 }
				],
				"scale": [
					{}
				]
			},
			"shouder_2": {
				"rotate": [
					{ "value": 115.71 }
				],
				"translate": [
					{ "x": 9.87, "y": -0.09 }
				],
				"scale": [
					{}
				]
			},
			"arm_2": {
				"rotate": [
					{ "value": -23.73 }
				],
				"translate": [
					{}
				],
				"scale": [
					{}
				]
			},
			"thigh_1": {
				"rotate": [
					{ "value": -42.67 }
				],
				"translate": [
					{ "x": -1.26, "y": -2.62 }
				],
				"scale": [
					{}
				]
			},
			"leg_1": {
				"rotate": [
					{ "value": 97.27 }
				],
				"translate": [
					{}
				]
			},
			"thigh_2": {
				"rotate": [
					{ "value": -49.96 }
				],
				"translate": [
					{ "x": -1.26, "y": -2.62 }
				],
				"scale": [
					{}
				]
			},
			"leg_2": {
				"rotate": [
					{ "value": 61.21 }
				],
				"translate": [
					{}
				]
			},
			"foot_2": {
				"rotate": [
					{}
				],
				"translate": [
					{ "x": -202.99, "y": -0.18 }
				]
			},
			"foot_3": {
				"rotate": [
					{}
				],
				"translate": [
					{ "x": -116.58, "y": -0.32 }
				]
			},
			"feeling_5": {
				"rotate": [
					{ "value": -3.44 }
				],
				"translate": [
					{ "x": -77.82, "y": 181.1 }
				],
				"scale": [
					{ "x": 0.943, "y": 0.943 }
				],
				"shear": [
					{}
				]
			},
			"feeling_1": {
				"rotate": [
					{ "value": 125.48 }
				],
				"translate": [
					{ "x": -329.56, "y": -154.7 }
				],
				"scale": [
					{ "x": 1.057, "y": 1.057 }
				]
			},
			"move": {
				"translate": [
					{ "x": 119.99 }
				],
				"scale": [
					{ "x": -1 }
				]
			},
			"feeling_2": {
				"rotate": [
					{ "value": 112.18 }
				],
				"translate": [
					{ "x": -221.95, "y": -178.73 }
				],
				"scale": [
					{ "x": -0.797, "y": 0.797 }
				]
			},
			"feeling_4": {
				"rotate": [
					{ "value": -169.28 }
				],
				"translate": [
					{ "x": 6.18, "y": -49.62 }
				],
				"scale": [
					{ "x": 0.879, "y": 0.879 }
				]
			}
		},
		"ik": {
			"foot_1": [
				{ "stretch": true }
			],
			"foot_2": [
				{ "stretch": true }
			]
		},
		"drawOrder": [
			{
				"offsets": [
					{ "slot": "shoulder1", "offset": 4 },
					{ "slot": "shoulder2", "offset": 12 },
					{ "slot": "shoulder4", "offset": 6 },
					{ "slot": "feeling_5", "offset": 3 },
					{ "slot": "feeling_1", "offset": -6 }
				]
			}
		]
	},
	"t_396_1_win": {
		"slots": {
			"body": {
				"rgba": [
					{ "color": "000000ff", "curve": "stepped" },
					{ "time": 1.6667, "color": "000000ff" }
				],
				"attachment": [
					{},
					{ "time": 1.6667 }
				]
			},
			"Emoji": {
				"attachment": [
					{ "name": "Emoji/new/emo_29" },
					{ "time": 1.6667, "name": "Emoji/new/emo_29" }
				]
			},
			"feeling_1": {
				"rgba": [
					{ "color": "ffffffff", "curve": "stepped" },
					{ "time": 1.6667, "color": "ffffffff" }
				],
				"attachment": [
					{ "name": "z_1" },
					{ "time": 1.6667, "name": "z_1" }
				]
			},
			"feeling_2": {
				"rgba": [
					{ "color": "a6fdffb9", "curve": "stepped" },
					{ "time": 1.6667, "color": "a6fdffb9" }
				],
				"attachment": [
					{ "name": "kho" },
					{ "time": 1.6667, "name": "kho" }
				]
			},
			"feeling_3": {
				"attachment": [
					{},
					{ "time": 1.6667 }
				]
			},
			"feeling_5": {
				"attachment": [
					{},
					{ "time": 1.6667 }
				]
			},
			"hair": {
				"attachment": [
					{},
					{ "time": 1.6667 }
				]
			},
			"head": {
				"rgba": [
					{ "color": "ffffffff", "curve": "stepped" },
					{ "time": 1.6667, "color": "ffffffff" }
				],
				"attachment": [
					{ "name": "head" },
					{ "time": 1.6667, "name": "head" }
				]
			},
			"item": {
				"attachment": [
					{},
					{ "time": 1.6667 }
				]
			},
			"shoulder1": {
				"rgba": [
					{ "color": "000000ff", "curve": "stepped" },
					{ "time": 1.6667, "color": "000000ff" }
				],
				"attachment": [
					{},
					{ "time": 1.6667 }
				]
			},
			"shoulder2": {
				"rgba": [
					{ "color": "000000ff", "curve": "stepped" },
					{ "time": 1.6667, "color": "000000ff" }
				],
				"attachment": [
					{},
					{ "time": 1.6667 }
				]
			},
			"shoulder3": {
				"rgba": [
					{ "color": "000000ff", "curve": "stepped" },
					{ "time": 1.6667, "color": "000000ff" }
				],
				"attachment": [
					{},
					{ "time": 1.6667 }
				]
			},
			"shoulder4": {
				"rgba": [
					{ "color": "000000ff", "curve": "stepped" },
					{ "time": 1.6667, "color": "000000ff" }
				],
				"attachment": [
					{},
					{ "time": 1.6667 }
				]
			},
			"thigh": {
				"rgba": [
					{ "color": "000000ff", "curve": "stepped" },
					{ "time": 1.6667, "color": "000000ff" }
				],
				"attachment": [
					{},
					{ "time": 1.6667 }
				]
			},
			"thigh2": {
				"rgba": [
					{ "color": "000000ff", "curve": "stepped" },
					{ "time": 1.6667, "color": "000000ff" }
				],
				"attachment": [
					{},
					{ "time": 1.6667 }
				]
			},
			"thigh3": {
				"rgba": [
					{ "color": "000000ff", "curve": "stepped" },
					{ "time": 1.6667, "color": "000000ff" }
				],
				"attachment": [
					{},
					{ "time": 1.6667 }
				]
			},
			"thigh4": {
				"rgba": [
					{ "color": "000000ff", "curve": "stepped" },
					{ "time": 1.6667, "color": "000000ff" }
				],
				"attachment": [
					{},
					{ "time": 1.6667 }
				]
			}
		},
		"bones": {
			"head": {
				"rotate": [
					{ "value": 16.17, "curve": "stepped" },
					{ "time": 1.6667, "value": 16.17 }
				],
				"translate": [
					{ "x": -291.52, "y": 33.6, "curve": "stepped" },
					{ "time": 1.6667, "x": -291.52, "y": 33.6 }
				],
				"scale": [
					{ "curve": "stepped" },
					{ "time": 1.6667 }
				]
			},
			"root": {
				"rotate": [
					{ "curve": "stepped" },
					{ "time": 1.6667 }
				],
				"translate": [
					{ "curve": "stepped" },
					{ "time": 1.6667 }
				]
			},
			"main": {
				"rotate": [
					{ "value": -106.23, "curve": "stepped" },
					{ "time": 1.6667, "value": -106.23 }
				],
				"translate": [
					{ "x": 79.88, "y": -253.07, "curve": "stepped" },
					{ "time": 1.6667, "x": 79.88, "y": -253.07 }
				]
			},
			"hip": {
				"rotate": [
					{ "curve": "stepped" },
					{ "time": 1.6667 }
				],
				"translate": [
					{ "curve": "stepped" },
					{ "time": 1.6667 }
				]
			},
			"body": {
				"rotate": [
					{ "value": 18.38, "curve": "stepped" },
					{ "time": 1.6667, "value": 18.38 }
				],
				"translate": [
					{ "curve": "stepped" },
					{ "time": 1.6667 }
				]
			},
			"body2": {
				"rotate": [
					{ "value": -0.71, "curve": "stepped" },
					{ "time": 1.6667, "value": -0.71 }
				],
				"translate": [
					{ "curve": "stepped" },
					{ "time": 1.6667 }
				]
			},
			"body3": {
				"rotate": [
					{ "value": -0.71, "curve": "stepped" },
					{ "time": 1.6667, "value": -0.71 }
				],
				"translate": [
					{ "curve": "stepped" },
					{ "time": 1.6667 }
				]
			},
			"body4": {
				"rotate": [
					{ "value": -1.62, "curve": "stepped" },
					{ "time": 1.6667, "value": -1.62 }
				],
				"translate": [
					{ "curve": "stepped" },
					{ "time": 1.6667 }
				]
			},
			"body5": {
				"rotate": [
					{ "value": -0.09, "curve": "stepped" },
					{ "time": 1.6667, "value": -0.09 }
				],
				"translate": [
					{ "curve": "stepped" },
					{ "time": 1.6667 }
				]
			},
			"body6": {
				"rotate": [
					{ "value": 3.46, "curve": "stepped" },
					{ "time": 1.6667, "value": 3.46 }
				],
				"translate": [
					{ "curve": "stepped" },
					{ "time": 1.6667 }
				]
			},
			"body7": {
				"rotate": [
					{ "value": 2.88, "curve": "stepped" },
					{ "time": 1.6667, "value": 2.88 }
				],
				"translate": [
					{ "curve": "stepped" },
					{ "time": 1.6667 }
				]
			},
			"body8": {
				"rotate": [
					{ "value": 2.88, "curve": "stepped" },
					{ "time": 1.6667, "value": 2.88 }
				],
				"translate": [
					{ "curve": "stepped" },
					{ "time": 1.6667 }
				]
			},
			"feeling_3": {
				"rotate": [
					{ "curve": "stepped" },
					{ "time": 1.6667 }
				],
				"translate": [
					{ "curve": "stepped" },
					{ "time": 1.6667 }
				]
			},
			"emoji": {
				"rotate": [
					{ "value": -7.34, "curve": "stepped" },
					{ "time": 1.6667, "value": -7.34 }
				],
				"translate": [
					{ "x": 1.5, "y": 17.25, "curve": "stepped" },
					{ "time": 1.6667, "x": 1.5, "y": 17.25 }
				],
				"scale": [
					{ "x": 1.153, "y": 1.153, "curve": "stepped" },
					{ "time": 1.6667, "x": 1.153, "y": 1.153 }
				]
			},
			"shouder_1": {
				"rotate": [
					{ "value": -97.44, "curve": "stepped" },
					{ "time": 1.6667, "value": -97.44 }
				],
				"translate": [
					{ "x": 0.81, "y": 1.47, "curve": "stepped" },
					{ "time": 1.6667, "x": 0.81, "y": 1.47 }
				],
				"scale": [
					{ "curve": "stepped" },
					{ "time": 1.6667 }
				],
				"shear": [
					{ "curve": "stepped" },
					{ "time": 1.6667 }
				]
			},
			"arm_1": {
				"rotate": [
					{ "value": 3.21, "curve": "stepped" },
					{ "time": 1.6667, "value": 3.21 }
				],
				"translate": [
					{ "x": 2.02, "y": 0.08, "curve": "stepped" },
					{ "time": 1.6667, "x": 2.02, "y": 0.08 }
				],
				"scale": [
					{ "curve": "stepped" },
					{ "time": 1.6667 }
				]
			},
			"shouder_2": {
				"rotate": [
					{ "value": 98.2, "curve": "stepped" },
					{ "time": 1.6667, "value": 98.2 }
				],
				"translate": [
					{ "x": -1.47, "y": 1.71, "curve": "stepped" },
					{ "time": 1.6667, "x": -1.47, "y": 1.71 }
				],
				"scale": [
					{ "curve": "stepped" },
					{ "time": 1.6667 }
				]
			},
			"arm_2": {
				"rotate": [
					{ "value": -21.64, "curve": "stepped" },
					{ "time": 1.6667, "value": -21.64 }
				],
				"translate": [
					{ "x": 1.29, "y": 1.38, "curve": "stepped" },
					{ "time": 1.6667, "x": 1.29, "y": 1.38 }
				],
				"scale": [
					{ "curve": "stepped" },
					{ "time": 1.6667 }
				]
			},
			"thigh_1": {
				"rotate": [
					{ "value": -42.67, "curve": "stepped" },
					{ "time": 1.6667, "value": -42.67 }
				],
				"translate": [
					{ "curve": "stepped" },
					{ "time": 1.6667 }
				],
				"scale": [
					{ "x": 1.015, "curve": "stepped" },
					{ "time": 1.6667, "x": 1.015 }
				]
			},
			"leg_1": {
				"rotate": [
					{ "value": 97.27, "curve": "stepped" },
					{ "time": 1.6667, "value": 97.27 }
				],
				"translate": [
					{ "curve": "stepped" },
					{ "time": 1.6667 }
				]
			},
			"thigh_2": {
				"rotate": [
					{ "value": -49.96, "curve": "stepped" },
					{ "time": 1.6667, "value": -49.96 }
				],
				"translate": [
					{ "curve": "stepped" },
					{ "time": 1.6667 }
				],
				"scale": [
					{ "curve": "stepped" },
					{ "time": 1.6667 }
				]
			},
			"leg_2": {
				"rotate": [
					{ "value": 61.21, "curve": "stepped" },
					{ "time": 1.6667, "value": 61.21 }
				],
				"translate": [
					{ "curve": "stepped" },
					{ "time": 1.6667 }
				]
			},
			"foot_2": {
				"rotate": [
					{ "curve": "stepped" },
					{ "time": 1.6667 }
				],
				"translate": [
					{ "x": -188.79, "y": 6.05, "curve": "stepped" },
					{ "time": 1.6667, "x": -188.79, "y": 6.05 }
				]
			},
			"foot_3": {
				"rotate": [
					{ "curve": "stepped" },
					{ "time": 1.6667 }
				],
				"translate": [
					{ "x": -172.97, "y": 3.04, "curve": "stepped" },
					{ "time": 1.6667, "x": -172.97, "y": 3.04 }
				]
			},
			"feeling_5": {
				"rotate": [
					{ "curve": "stepped" },
					{ "time": 1.6667 }
				],
				"translate": [
					{ "curve": "stepped" },
					{ "time": 1.6667 }
				]
			},
			"feeling_1": {
				"rotate": [
					{ "value": 125.74, "curve": "stepped" },
					{ "time": 1.6667, "value": 125.74 }
				],
				"translate": [
					{ "x": -205.09, "y": -354.11, "curve": "stepped" },
					{ "time": 1.6667, "x": -205.09, "y": -354.11 }
				],
				"scale": [
					{ "x": -1, "curve": "stepped" },
					{ "time": 1.6667, "x": -1 }
				]
			},
			"move": {
				"translate": [
					{ "x": 119.99, "y": 0.6, "curve": "stepped" },
					{ "time": 1.6667, "x": 119.99, "y": 0.6 }
				],
				"scale": [
					{ "x": -1, "curve": "stepped" },
					{ "time": 1.6667, "x": -1 }
				]
			},
			"feeling_2": {
				"rotate": [
					{
						"value": 79.9,
						"curve": [ 0.708, 79.9, 0.005, 59.26 ]
					},
					{
						"time": 0.8333,
						"value": 59.26,
						"curve": [ 1.542, 59.26, 0.838, 79.9 ]
					},
					{ "time": 1.6667, "value": 79.9 }
				],
				"translate": [
					{ "x": -99.97, "y": -434.57, "curve": "stepped" },
					{ "time": 1.6667, "x": -99.97, "y": -434.57 }
				],
				"scale": [
					{
						"x": -0.852,
						"y": 0.852,
						"curve": [ 0.708, -0.852, 0.005, -1.697, 0.708, 0.852, 0.005, 1.697 ]
					},
					{
						"time": 0.8333,
						"x": -1.697,
						"y": 1.697,
						"curve": [ 1.542, -1.697, 0.838, -0.852, 1.542, 1.697, 0.838, 0.852 ]
					},
					{ "time": 1.6667, "x": -0.852, "y": 0.852 }
				]
			},
			"item_1": {
				"rotate": [
					{ "value": -81.75, "curve": "stepped" },
					{ "time": 1.6667, "value": -81.75 }
				],
				"translate": [
					{ "x": 359.5, "y": -370.49, "curve": "stepped" },
					{ "time": 1.6667, "x": 359.5, "y": -370.49 }
				]
			},
			"hair_1": {
				"rotate": [
					{ "value": -141.02, "curve": "stepped" },
					{ "time": 1.6667, "value": -141.02 }
				],
				"translate": [
					{ "x": -31.71, "y": 516.43, "curve": "stepped" },
					{ "time": 1.6667, "x": -31.71, "y": 516.43 }
				],
				"scale": [
					{ "x": 1.077, "y": -1.077, "curve": "stepped" },
					{ "time": 1.6667, "x": 1.077, "y": -1.077 }
				]
			}
		},
		"ik": {
			"foot_1": [
				{ "stretch": true, "curve": "stepped" },
				{ "time": 1.6667, "stretch": true }
			],
			"foot_2": [
				{ "stretch": true, "curve": "stepped" },
				{ "time": 1.6667, "stretch": true }
			]
		},
		"drawOrder": [
			{
				"offsets": [
					{ "slot": "shoulder2", "offset": 11 },
					{ "slot": "shoulder4", "offset": -3 }
				]
			},
			{
				"time": 1.6667,
				"offsets": [
					{ "slot": "shoulder2", "offset": 11 },
					{ "slot": "shoulder4", "offset": -3 }
				]
			}
		]
	},
	"t_396_2_be": {
		"slots": {
			"body": {
				"rgba": [
					{ "color": "000000ff", "curve": "stepped" },
					{ "time": 2, "color": "000000ff" }
				]
			},
			"Emoji": {
				"attachment": [
					{ "name": "Emoji/new/emo_57" },
					{ "time": 2, "name": "Emoji/new/emo_57" }
				]
			},
			"feeling_1": {
				"rgba": [
					{ "color": "ffffffff", "curve": "stepped" },
					{ "time": 2, "color": "ffffffff" }
				],
				"attachment": [
					{ "name": "water_mouth" },
					{ "time": 2, "name": "water_mouth" }
				]
			},
			"feeling_2": {
				"rgba": [
					{ "color": "a6fdffb9", "curve": "stepped" },
					{ "time": 2, "color": "a6fdffb9" }
				],
				"attachment": [
					{ "name": "kho" },
					{ "time": 2, "name": "kho" }
				]
			},
			"feeling_3": {
				"attachment": [
					{},
					{ "time": 2 }
				]
			},
			"feeling_4": {
				"attachment": [
					{ "name": "z_1" },
					{ "time": 2, "name": "z_1" }
				]
			},
			"feeling_5": {
				"attachment": [
					{},
					{ "time": 2 }
				]
			},
			"hair": {
				"attachment": [
					{ "name": "hair/man/mu_5" },
					{ "time": 2, "name": "hair/man/mu_5" }
				]
			},
			"head": {
				"rgba": [
					{ "color": "ffffffff", "curve": "stepped" },
					{ "time": 2, "color": "ffffffff" }
				],
				"attachment": [
					{ "name": "head" },
					{ "time": 2, "name": "head" }
				]
			},
			"item": {
				"attachment": [
					{},
					{ "time": 2 }
				]
			},
			"shoulder1": {
				"rgba": [
					{ "color": "000000ff", "curve": "stepped" },
					{ "time": 2, "color": "000000ff" }
				],
				"attachment": [
					{ "name": "shoulder" },
					{ "time": 2, "name": "shoulder" }
				]
			},
			"shoulder2": {
				"rgba": [
					{ "color": "000000ff", "curve": "stepped" },
					{ "time": 2, "color": "000000ff" }
				],
				"attachment": [
					{ "name": "shoulder" },
					{ "time": 2, "name": "shoulder" }
				]
			},
			"shoulder3": {
				"rgba": [
					{ "color": "000000ff", "curve": "stepped" },
					{ "time": 2, "color": "000000ff" }
				],
				"attachment": [
					{ "name": "shoulder" },
					{ "time": 2, "name": "shoulder" }
				]
			},
			"shoulder4": {
				"rgba": [
					{ "color": "000000ff", "curve": "stepped" },
					{ "time": 2, "color": "000000ff" }
				],
				"attachment": [
					{ "name": "shoulder" },
					{ "time": 2, "name": "shoulder" }
				]
			},
			"thigh": {
				"rgba": [
					{ "color": "000000ff", "curve": "stepped" },
					{ "time": 2, "color": "000000ff" }
				]
			},
			"thigh2": {
				"rgba": [
					{ "color": "000000ff", "curve": "stepped" },
					{ "time": 2, "color": "000000ff" }
				]
			},
			"thigh3": {
				"rgba": [
					{ "color": "000000ff", "curve": "stepped" },
					{ "time": 2, "color": "000000ff" }
				]
			},
			"thigh4": {
				"rgba": [
					{ "color": "000000ff", "curve": "stepped" },
					{ "time": 2, "color": "000000ff" }
				]
			}
		},
		"bones": {
			"head": {
				"rotate": [
					{ "value": 15.6, "curve": "stepped" },
					{ "time": 2, "value": 15.6 }
				],
				"translate": [
					{ "x": -26.47, "y": -1.41, "curve": "stepped" },
					{ "time": 2, "x": -26.47, "y": -1.41 }
				],
				"scale": [
					{ "curve": "stepped" },
					{ "time": 2 }
				]
			},
			"root": {
				"rotate": [
					{ "curve": "stepped" },
					{ "time": 2 }
				],
				"translate": [
					{ "curve": "stepped" },
					{ "time": 2 }
				]
			},
			"main": {
				"rotate": [
					{ "value": -106.23, "curve": "stepped" },
					{ "time": 2, "value": -106.23 }
				],
				"translate": [
					{ "x": 79.88, "y": -253.07, "curve": "stepped" },
					{ "time": 2, "x": 79.88, "y": -253.07 }
				]
			},
			"hip": {
				"rotate": [
					{ "curve": "stepped" },
					{ "time": 2 }
				],
				"translate": [
					{ "curve": "stepped" },
					{ "time": 2 }
				]
			},
			"body": {
				"rotate": [
					{ "value": 18.38, "curve": "stepped" },
					{ "time": 2, "value": 18.38 }
				],
				"translate": [
					{ "curve": "stepped" },
					{ "time": 2 }
				]
			},
			"body2": {
				"rotate": [
					{ "value": -0.71, "curve": "stepped" },
					{ "time": 2, "value": -0.71 }
				],
				"translate": [
					{ "curve": "stepped" },
					{ "time": 2 }
				]
			},
			"body3": {
				"rotate": [
					{ "value": -0.71, "curve": "stepped" },
					{ "time": 2, "value": -0.71 }
				],
				"translate": [
					{ "curve": "stepped" },
					{ "time": 2 }
				]
			},
			"body4": {
				"rotate": [
					{ "value": -1.62, "curve": "stepped" },
					{ "time": 2, "value": -1.62 }
				],
				"translate": [
					{ "curve": "stepped" },
					{ "time": 2 }
				]
			},
			"body5": {
				"rotate": [
					{ "value": -0.09, "curve": "stepped" },
					{ "time": 2, "value": -0.09 }
				],
				"translate": [
					{ "curve": "stepped" },
					{ "time": 2 }
				]
			},
			"body6": {
				"rotate": [
					{ "value": 3.46, "curve": "stepped" },
					{ "time": 2, "value": 3.46 }
				],
				"translate": [
					{ "curve": "stepped" },
					{ "time": 2 }
				]
			},
			"body7": {
				"rotate": [
					{ "value": 2.88, "curve": "stepped" },
					{ "time": 2, "value": 2.88 }
				],
				"translate": [
					{ "curve": "stepped" },
					{ "time": 2 }
				]
			},
			"body8": {
				"rotate": [
					{ "value": 2.88, "curve": "stepped" },
					{ "time": 2, "value": 2.88 }
				],
				"translate": [
					{ "curve": "stepped" },
					{ "time": 2 }
				]
			},
			"feeling_3": {
				"rotate": [
					{ "curve": "stepped" },
					{ "time": 2 }
				],
				"translate": [
					{ "curve": "stepped" },
					{ "time": 2 }
				]
			},
			"emoji": {
				"rotate": [
					{ "value": -12.8, "curve": "stepped" },
					{ "time": 2, "value": -12.8 }
				],
				"translate": [
					{ "x": -9.37, "y": -13.37, "curve": "stepped" },
					{ "time": 2, "x": -9.37, "y": -13.37 }
				],
				"scale": [
					{ "x": 1.153, "y": 1.153, "curve": "stepped" },
					{ "time": 2, "x": 1.153, "y": 1.153 }
				]
			},
			"shouder_1": {
				"rotate": [
					{ "value": -101.95, "curve": "stepped" },
					{ "time": 2, "value": -101.95 }
				],
				"translate": [
					{ "x": 0.81, "y": 1.47, "curve": "stepped" },
					{ "time": 2, "x": 0.81, "y": 1.47 }
				],
				"scale": [
					{ "curve": "stepped" },
					{ "time": 2 }
				],
				"shear": [
					{ "curve": "stepped" },
					{ "time": 2 }
				]
			},
			"arm_1": {
				"rotate": [
					{ "value": 13.6, "curve": "stepped" },
					{ "time": 2, "value": 13.6 }
				],
				"translate": [
					{ "x": 2.02, "y": 0.08, "curve": "stepped" },
					{ "time": 2, "x": 2.02, "y": 0.08 }
				],
				"scale": [
					{ "curve": "stepped" },
					{ "time": 2 }
				]
			},
			"shouder_2": {
				"rotate": [
					{ "value": 95.2, "curve": "stepped" },
					{ "time": 2, "value": 95.2 }
				],
				"translate": [
					{ "x": -1.47, "y": 1.71, "curve": "stepped" },
					{ "time": 2, "x": -1.47, "y": 1.71 }
				],
				"scale": [
					{ "curve": "stepped" },
					{ "time": 2 }
				]
			},
			"arm_2": {
				"rotate": [
					{ "value": -19.6, "curve": "stepped" },
					{ "time": 2, "value": -19.6 }
				],
				"translate": [
					{ "x": 1.29, "y": 1.38, "curve": "stepped" },
					{ "time": 2, "x": 1.29, "y": 1.38 }
				],
				"scale": [
					{ "curve": "stepped" },
					{ "time": 2 }
				]
			},
			"thigh_1": {
				"rotate": [
					{ "value": -42.67, "curve": "stepped" },
					{ "time": 2, "value": -42.67 }
				],
				"translate": [
					{ "curve": "stepped" },
					{ "time": 2 }
				],
				"scale": [
					{ "curve": "stepped" },
					{ "time": 2 }
				]
			},
			"leg_1": {
				"rotate": [
					{ "value": 97.27, "curve": "stepped" },
					{ "time": 2, "value": 97.27 }
				],
				"translate": [
					{ "curve": "stepped" },
					{ "time": 2 }
				]
			},
			"thigh_2": {
				"rotate": [
					{ "value": -49.96, "curve": "stepped" },
					{ "time": 2, "value": -49.96 }
				],
				"translate": [
					{ "curve": "stepped" },
					{ "time": 2 }
				],
				"scale": [
					{ "curve": "stepped" },
					{ "time": 2 }
				]
			},
			"leg_2": {
				"rotate": [
					{ "value": 61.21, "curve": "stepped" },
					{ "time": 2, "value": 61.21 }
				],
				"translate": [
					{ "curve": "stepped" },
					{ "time": 2 }
				]
			},
			"foot_2": {
				"rotate": [
					{ "curve": "stepped" },
					{ "time": 2 }
				],
				"translate": [
					{ "x": -178.06, "y": -2.39, "curve": "stepped" },
					{ "time": 2, "x": -178.06, "y": -2.39 }
				]
			},
			"foot_3": {
				"rotate": [
					{ "curve": "stepped" },
					{ "time": 2 }
				],
				"translate": [
					{ "x": -174.76, "y": -14.2, "curve": "stepped" },
					{ "time": 2, "x": -174.76, "y": -14.2 }
				]
			},
			"feeling_5": {
				"rotate": [
					{ "curve": "stepped" },
					{ "time": 2 }
				],
				"translate": [
					{ "curve": "stepped" },
					{ "time": 2 }
				]
			},
			"feeling_1": {
				"rotate": [
					{ "value": -33.33, "curve": "stepped" },
					{ "time": 2, "value": -33.33 }
				],
				"translate": [
					{ "x": -116.28, "y": -160.76, "curve": "stepped" },
					{ "time": 2, "x": -116.28, "y": -160.76 }
				],
				"scale": [
					{ "x": -1.09, "y": -1.09, "curve": "stepped" },
					{ "time": 2, "x": -1.09, "y": -1.09 }
				]
			},
			"move": {
				"translate": [
					{ "x": 119.99, "y": 0.6, "curve": "stepped" },
					{ "time": 2, "x": 119.99, "y": 0.6 }
				],
				"scale": [
					{ "curve": "stepped" },
					{ "time": 2 }
				]
			},
			"feeling_2": {
				"rotate": [
					{
						"value": 90.45,
						"curve": [ 0.933, 90.45, 0.028, 108.74 ]
					},
					{
						"time": 1,
						"value": 108.74,
						"curve": [ 1.933, 108.74, 1.028, 90.45 ]
					},
					{ "time": 2, "value": 90.45 }
				],
				"translate": [
					{ "x": -151.84, "y": -153.76, "curve": "stepped" },
					{ "time": 2, "x": -151.84, "y": -153.76 }
				],
				"scale": [
					{
						"x": 0.852,
						"y": 0.852,
						"curve": [ 0.933, 0.852, 0.028, 1.418, 0.933, 0.852, 0.028, 1.418 ]
					},
					{
						"time": 1,
						"x": 1.418,
						"y": 1.418,
						"curve": [ 1.933, 1.418, 1.028, 0.852, 1.933, 1.418, 1.028, 0.852 ]
					},
					{ "time": 2, "x": 0.852, "y": 0.852 }
				]
			},
			"item_1": {
				"rotate": [
					{ "value": -81.75, "curve": "stepped" },
					{ "time": 2, "value": -81.75 }
				],
				"translate": [
					{ "x": 359.5, "y": -370.49, "curve": "stepped" },
					{ "time": 2, "x": 359.5, "y": -370.49 }
				]
			},
			"hair_1": {
				"rotate": [
					{ "value": 34.45, "curve": "stepped" },
					{ "time": 2, "value": 34.45 }
				],
				"translate": [
					{ "x": -2.3, "y": 520.49, "curve": "stepped" },
					{ "time": 2, "x": -2.3, "y": 520.49 }
				],
				"scale": [
					{ "x": 0.95, "y": 0.95, "curve": "stepped" },
					{ "time": 2, "x": 0.95, "y": 0.95 }
				]
			},
			"feeling_4": {
				"rotate": [
					{ "value": -27.36, "curve": "stepped" },
					{ "time": 2, "value": -27.36 }
				],
				"translate": [
					{ "x": 91.33, "y": 81.35, "curve": "stepped" },
					{ "time": 2, "x": 91.33, "y": 81.35 }
				],
				"scale": [
					{ "x": 0.571, "y": 0.571, "curve": "stepped" },
					{ "time": 2, "x": 0.571, "y": 0.571 }
				]
			}
		},
		"ik": {
			"foot_1": [
				{ "stretch": true, "curve": "stepped" },
				{ "time": 2, "stretch": true }
			],
			"foot_2": [
				{ "stretch": true, "curve": "stepped" },
				{ "time": 2, "stretch": true }
			]
		},
		"drawOrder": [
			{
				"offsets": [
					{ "slot": "shoulder2", "offset": 11 },
					{ "slot": "shoulder4", "offset": -3 }
				]
			},
			{
				"time": 2,
				"offsets": [
					{ "slot": "shoulder2", "offset": 11 },
					{ "slot": "shoulder4", "offset": -3 }
				]
			}
		]
	},
	"t_396_2_lose": {
		"slots": {
			"body": {
				"rgba": [
					{ "color": "000000ff", "curve": "stepped" },
					{ "time": 2, "color": "000000ff" }
				]
			},
			"Emoji": {
				"attachment": [
					{ "name": "Emoji/new/emo_57" },
					{ "time": 2, "name": "Emoji/new/emo_57" }
				]
			},
			"feeling_1": {
				"rgba": [
					{ "color": "ffffffff", "curve": "stepped" },
					{ "time": 2, "color": "ffffffff" }
				],
				"attachment": [
					{ "name": "water_mouth" },
					{ "time": 2, "name": "water_mouth" }
				]
			},
			"feeling_2": {
				"rgba": [
					{ "color": "a6fdffb9", "curve": "stepped" },
					{ "time": 2, "color": "a6fdffb9" }
				],
				"attachment": [
					{ "name": "kho" },
					{ "time": 2, "name": "kho" }
				]
			},
			"feeling_3": {
				"attachment": [
					{},
					{ "time": 2 }
				]
			},
			"feeling_4": {
				"attachment": [
					{ "name": "z_1" },
					{ "time": 2, "name": "z_1" }
				]
			},
			"feeling_5": {
				"attachment": [
					{},
					{ "time": 2 }
				]
			},
			"hair": {
				"attachment": [
					{ "name": "hair/man/mu_5" },
					{ "time": 2, "name": "hair/man/mu_5" }
				]
			},
			"head": {
				"rgba": [
					{ "color": "ffffffff", "curve": "stepped" },
					{ "time": 2, "color": "ffffffff" }
				],
				"attachment": [
					{ "name": "head" },
					{ "time": 2, "name": "head" }
				]
			},
			"item": {
				"attachment": [
					{},
					{ "time": 2 }
				]
			},
			"shoulder1": {
				"rgba": [
					{ "color": "000000ff", "curve": "stepped" },
					{ "time": 2, "color": "000000ff" }
				],
				"attachment": [
					{ "name": "shoulder" },
					{ "time": 2, "name": "shoulder" }
				]
			},
			"shoulder2": {
				"rgba": [
					{ "color": "000000ff", "curve": "stepped" },
					{ "time": 2, "color": "000000ff" }
				],
				"attachment": [
					{ "name": "shoulder" },
					{ "time": 2, "name": "shoulder" }
				]
			},
			"shoulder3": {
				"rgba": [
					{ "color": "000000ff", "curve": "stepped" },
					{ "time": 2, "color": "000000ff" }
				],
				"attachment": [
					{ "name": "shoulder" },
					{ "time": 2, "name": "shoulder" }
				]
			},
			"shoulder4": {
				"rgba": [
					{ "color": "000000ff", "curve": "stepped" },
					{ "time": 2, "color": "000000ff" }
				],
				"attachment": [
					{ "name": "shoulder" },
					{ "time": 2, "name": "shoulder" }
				]
			},
			"thigh": {
				"rgba": [
					{ "color": "000000ff", "curve": "stepped" },
					{ "time": 2, "color": "000000ff" }
				]
			},
			"thigh2": {
				"rgba": [
					{ "color": "000000ff", "curve": "stepped" },
					{ "time": 2, "color": "000000ff" }
				]
			},
			"thigh3": {
				"rgba": [
					{ "color": "000000ff", "curve": "stepped" },
					{ "time": 2, "color": "000000ff" }
				]
			},
			"thigh4": {
				"rgba": [
					{ "color": "000000ff", "curve": "stepped" },
					{ "time": 2, "color": "000000ff" }
				]
			}
		},
		"bones": {
			"head": {
				"rotate": [
					{ "value": 15.6, "curve": "stepped" },
					{ "time": 2, "value": 15.6 }
				],
				"translate": [
					{ "x": -26.47, "y": -1.41, "curve": "stepped" },
					{ "time": 2, "x": -26.47, "y": -1.41 }
				],
				"scale": [
					{ "curve": "stepped" },
					{ "time": 2 }
				]
			},
			"root": {
				"rotate": [
					{ "curve": "stepped" },
					{ "time": 2 }
				],
				"translate": [
					{ "curve": "stepped" },
					{ "time": 2 }
				]
			},
			"main": {
				"rotate": [
					{ "value": -106.23, "curve": "stepped" },
					{ "time": 2, "value": -106.23 }
				],
				"translate": [
					{ "x": 79.88, "y": -253.07, "curve": "stepped" },
					{ "time": 2, "x": 79.88, "y": -253.07 }
				]
			},
			"hip": {
				"rotate": [
					{ "curve": "stepped" },
					{ "time": 2 }
				],
				"translate": [
					{ "curve": "stepped" },
					{ "time": 2 }
				]
			},
			"body": {
				"rotate": [
					{ "value": 18.38, "curve": "stepped" },
					{ "time": 2, "value": 18.38 }
				],
				"translate": [
					{ "curve": "stepped" },
					{ "time": 2 }
				]
			},
			"body2": {
				"rotate": [
					{ "value": -0.71, "curve": "stepped" },
					{ "time": 2, "value": -0.71 }
				],
				"translate": [
					{ "curve": "stepped" },
					{ "time": 2 }
				]
			},
			"body3": {
				"rotate": [
					{ "value": -0.71, "curve": "stepped" },
					{ "time": 2, "value": -0.71 }
				],
				"translate": [
					{ "curve": "stepped" },
					{ "time": 2 }
				]
			},
			"body4": {
				"rotate": [
					{ "value": -1.62, "curve": "stepped" },
					{ "time": 2, "value": -1.62 }
				],
				"translate": [
					{ "curve": "stepped" },
					{ "time": 2 }
				]
			},
			"body5": {
				"rotate": [
					{ "value": -0.09, "curve": "stepped" },
					{ "time": 2, "value": -0.09 }
				],
				"translate": [
					{ "curve": "stepped" },
					{ "time": 2 }
				]
			},
			"body6": {
				"rotate": [
					{ "value": 3.46, "curve": "stepped" },
					{ "time": 2, "value": 3.46 }
				],
				"translate": [
					{ "curve": "stepped" },
					{ "time": 2 }
				]
			},
			"body7": {
				"rotate": [
					{ "value": 2.88, "curve": "stepped" },
					{ "time": 2, "value": 2.88 }
				],
				"translate": [
					{ "curve": "stepped" },
					{ "time": 2 }
				]
			},
			"body8": {
				"rotate": [
					{ "value": 2.88, "curve": "stepped" },
					{ "time": 2, "value": 2.88 }
				],
				"translate": [
					{ "curve": "stepped" },
					{ "time": 2 }
				]
			},
			"feeling_3": {
				"rotate": [
					{ "curve": "stepped" },
					{ "time": 2 }
				],
				"translate": [
					{ "curve": "stepped" },
					{ "time": 2 }
				]
			},
			"emoji": {
				"rotate": [
					{ "value": -12.8, "curve": "stepped" },
					{ "time": 2, "value": -12.8 }
				],
				"translate": [
					{ "x": -9.37, "y": -13.37, "curve": "stepped" },
					{ "time": 2, "x": -9.37, "y": -13.37 }
				],
				"scale": [
					{ "x": 1.153, "y": 1.153, "curve": "stepped" },
					{ "time": 2, "x": 1.153, "y": 1.153 }
				]
			},
			"shouder_1": {
				"rotate": [
					{ "value": -101.95, "curve": "stepped" },
					{ "time": 2, "value": -101.95 }
				],
				"translate": [
					{ "x": 0.81, "y": 1.47, "curve": "stepped" },
					{ "time": 2, "x": 0.81, "y": 1.47 }
				],
				"scale": [
					{ "curve": "stepped" },
					{ "time": 2 }
				],
				"shear": [
					{ "curve": "stepped" },
					{ "time": 2 }
				]
			},
			"arm_1": {
				"rotate": [
					{ "value": 13.6, "curve": "stepped" },
					{ "time": 2, "value": 13.6 }
				],
				"translate": [
					{ "x": 2.02, "y": 0.08, "curve": "stepped" },
					{ "time": 2, "x": 2.02, "y": 0.08 }
				],
				"scale": [
					{ "curve": "stepped" },
					{ "time": 2 }
				]
			},
			"shouder_2": {
				"rotate": [
					{ "value": 95.2, "curve": "stepped" },
					{ "time": 2, "value": 95.2 }
				],
				"translate": [
					{ "x": -1.47, "y": 1.71, "curve": "stepped" },
					{ "time": 2, "x": -1.47, "y": 1.71 }
				],
				"scale": [
					{ "curve": "stepped" },
					{ "time": 2 }
				]
			},
			"arm_2": {
				"rotate": [
					{ "value": -19.6, "curve": "stepped" },
					{ "time": 2, "value": -19.6 }
				],
				"translate": [
					{ "x": 1.29, "y": 1.38, "curve": "stepped" },
					{ "time": 2, "x": 1.29, "y": 1.38 }
				],
				"scale": [
					{ "curve": "stepped" },
					{ "time": 2 }
				]
			},
			"thigh_1": {
				"rotate": [
					{ "value": -42.67, "curve": "stepped" },
					{ "time": 2, "value": -42.67 }
				],
				"translate": [
					{ "curve": "stepped" },
					{ "time": 2 }
				],
				"scale": [
					{ "curve": "stepped" },
					{ "time": 2 }
				]
			},
			"leg_1": {
				"rotate": [
					{ "value": 97.27, "curve": "stepped" },
					{ "time": 2, "value": 97.27 }
				],
				"translate": [
					{ "curve": "stepped" },
					{ "time": 2 }
				]
			},
			"thigh_2": {
				"rotate": [
					{ "value": -49.96, "curve": "stepped" },
					{ "time": 2, "value": -49.96 }
				],
				"translate": [
					{ "curve": "stepped" },
					{ "time": 2 }
				],
				"scale": [
					{ "curve": "stepped" },
					{ "time": 2 }
				]
			},
			"leg_2": {
				"rotate": [
					{ "value": 61.21, "curve": "stepped" },
					{ "time": 2, "value": 61.21 }
				],
				"translate": [
					{ "curve": "stepped" },
					{ "time": 2 }
				]
			},
			"foot_2": {
				"rotate": [
					{ "curve": "stepped" },
					{ "time": 2 }
				],
				"translate": [
					{ "x": -178.06, "y": -2.39, "curve": "stepped" },
					{ "time": 2, "x": -178.06, "y": -2.39 }
				]
			},
			"foot_3": {
				"rotate": [
					{ "curve": "stepped" },
					{ "time": 2 }
				],
				"translate": [
					{ "x": -174.76, "y": -14.2, "curve": "stepped" },
					{ "time": 2, "x": -174.76, "y": -14.2 }
				]
			},
			"feeling_5": {
				"rotate": [
					{ "curve": "stepped" },
					{ "time": 2 }
				],
				"translate": [
					{ "curve": "stepped" },
					{ "time": 2 }
				]
			},
			"feeling_1": {
				"rotate": [
					{ "value": -33.33, "curve": "stepped" },
					{ "time": 2, "value": -33.33 }
				],
				"translate": [
					{ "x": -116.28, "y": -160.76, "curve": "stepped" },
					{ "time": 2, "x": -116.28, "y": -160.76 }
				],
				"scale": [
					{ "x": -1.09, "y": -1.09, "curve": "stepped" },
					{ "time": 2, "x": -1.09, "y": -1.09 }
				]
			},
			"move": {
				"translate": [
					{ "x": 119.99, "y": 0.6, "curve": "stepped" },
					{ "time": 2, "x": 119.99, "y": 0.6 }
				],
				"scale": [
					{ "curve": "stepped" },
					{ "time": 2 }
				]
			},
			"feeling_2": {
				"rotate": [
					{
						"value": 90.45,
						"curve": [ 0.933, 90.45, 0.028, 108.74 ]
					},
					{
						"time": 1,
						"value": 108.74,
						"curve": [ 1.933, 108.74, 1.028, 90.45 ]
					},
					{ "time": 2, "value": 90.45 }
				],
				"translate": [
					{ "x": -151.84, "y": -153.76, "curve": "stepped" },
					{ "time": 2, "x": -151.84, "y": -153.76 }
				],
				"scale": [
					{
						"x": 0.852,
						"y": 0.852,
						"curve": [ 0.933, 0.852, 0.028, 1.418, 0.933, 0.852, 0.028, 1.418 ]
					},
					{
						"time": 1,
						"x": 1.418,
						"y": 1.418,
						"curve": [ 1.933, 1.418, 1.028, 0.852, 1.933, 1.418, 1.028, 0.852 ]
					},
					{ "time": 2, "x": 0.852, "y": 0.852 }
				]
			},
			"item_1": {
				"rotate": [
					{ "value": -81.75, "curve": "stepped" },
					{ "time": 2, "value": -81.75 }
				],
				"translate": [
					{ "x": 359.5, "y": -370.49, "curve": "stepped" },
					{ "time": 2, "x": 359.5, "y": -370.49 }
				]
			},
			"hair_1": {
				"rotate": [
					{ "value": 34.45, "curve": "stepped" },
					{ "time": 2, "value": 34.45 }
				],
				"translate": [
					{ "x": -2.3, "y": 520.49, "curve": "stepped" },
					{ "time": 2, "x": -2.3, "y": 520.49 }
				],
				"scale": [
					{ "x": 0.95, "y": 0.95, "curve": "stepped" },
					{ "time": 2, "x": 0.95, "y": 0.95 }
				]
			},
			"feeling_4": {
				"rotate": [
					{ "value": -27.36, "curve": "stepped" },
					{ "time": 2, "value": -27.36 }
				],
				"translate": [
					{ "x": 91.33, "y": 81.35, "curve": "stepped" },
					{ "time": 2, "x": 91.33, "y": 81.35 }
				],
				"scale": [
					{ "x": 0.571, "y": 0.571, "curve": "stepped" },
					{ "time": 2, "x": 0.571, "y": 0.571 }
				]
			}
		},
		"ik": {
			"foot_1": [
				{ "stretch": true, "curve": "stepped" },
				{ "time": 2, "stretch": true }
			],
			"foot_2": [
				{ "stretch": true, "curve": "stepped" },
				{ "time": 2, "stretch": true }
			]
		},
		"drawOrder": [
			{
				"offsets": [
					{ "slot": "shoulder2", "offset": 11 },
					{ "slot": "shoulder4", "offset": -3 }
				]
			},
			{
				"time": 2,
				"offsets": [
					{ "slot": "shoulder2", "offset": 11 },
					{ "slot": "shoulder4", "offset": -3 }
				]
			}
		]
	},
	"t_396_2_lose2": {
		"slots": {
			"body": {
				"rgba": [
					{ "color": "000000ff" }
				]
			},
			"Emoji": {
				"attachment": [
					{ "name": "Emoji/emo_65" }
				]
			},
			"feeling_1": {
				"rgba": [
					{ "color": "ff3c3caa" }
				],
				"attachment": [
					{ "name": "khoi" }
				]
			},
			"feeling_2": {
				"rgba": [
					{ "color": "ff3c3caa" }
				],
				"attachment": [
					{ "name": "khoi" }
				]
			},
			"feeling_3": {
				"attachment": [
					{ "name": "cauco" }
				]
			},
			"feeling_5": {
				"attachment": [
					{ "name": "giat_minh" }
				]
			},
			"hair": {
				"attachment": [
					{ "name": "hair/man/mu_5" }
				]
			},
			"head": {
				"rgba": [
					{ "color": "ffffffff" }
				],
				"attachment": [
					{ "name": "head" }
				]
			},
			"shoulder1": {
				"rgba": [
					{ "color": "000000ff" }
				],
				"attachment": [
					{ "name": "shoulder" }
				]
			},
			"shoulder2": {
				"rgba": [
					{ "color": "000000ff" }
				],
				"attachment": [
					{ "name": "shoulder" }
				]
			},
			"shoulder3": {
				"rgba": [
					{ "color": "000000ff" }
				],
				"attachment": [
					{ "name": "shoulder" }
				]
			},
			"shoulder4": {
				"rgba": [
					{ "color": "000000ff" }
				],
				"attachment": [
					{ "name": "shoulder" }
				]
			},
			"thigh": {
				"rgba": [
					{ "color": "000000ff" }
				]
			},
			"thigh2": {
				"rgba": [
					{ "color": "000000ff" }
				]
			},
			"thigh3": {
				"rgba": [
					{ "color": "000000ff" }
				]
			},
			"thigh4": {
				"rgba": [
					{ "color": "000000ff" }
				]
			}
		},
		"bones": {
			"head": {
				"rotate": [
					{ "value": -23.56 }
				],
				"translate": [
					{ "x": -21.17, "y": 3.17 }
				],
				"scale": [
					{}
				]
			},
			"root": {
				"rotate": [
					{}
				],
				"translate": [
					{}
				]
			},
			"main": {
				"rotate": [
					{ "value": -17.95 }
				],
				"translate": [
					{ "x": 78.16, "y": -258.16 }
				]
			},
			"hip": {
				"rotate": [
					{}
				],
				"translate": [
					{}
				]
			},
			"body": {
				"rotate": [
					{ "value": 20.1 }
				],
				"translate": [
					{}
				]
			},
			"body2": {
				"rotate": [
					{ "value": 1.01 }
				],
				"translate": [
					{}
				]
			},
			"body3": {
				"rotate": [
					{ "value": 1.01 }
				],
				"translate": [
					{}
				]
			},
			"body4": {
				"rotate": [
					{ "value": 0.1 }
				],
				"translate": [
					{}
				]
			},
			"body5": {
				"rotate": [
					{ "value": 1.62 }
				],
				"translate": [
					{}
				]
			},
			"body6": {
				"rotate": [
					{ "value": 5.18 }
				],
				"translate": [
					{}
				]
			},
			"body7": {
				"rotate": [
					{ "value": 4.6 }
				],
				"translate": [
					{}
				]
			},
			"body8": {
				"rotate": [
					{ "value": 4.6 }
				],
				"translate": [
					{}
				]
			},
			"feeling_3": {
				"rotate": [
					{}
				],
				"translate": [
					{ "x": -45.48, "y": -66.84 }
				]
			},
			"emoji": {
				"rotate": [
					{ "value": -59.44 }
				],
				"translate": [
					{ "x": 15.52, "y": 25.59 }
				],
				"scale": [
					{}
				]
			},
			"shouder_1": {
				"rotate": [
					{ "value": 79.73 }
				],
				"translate": [
					{ "x": 7.68, "y": -2.2 }
				],
				"scale": [
					{}
				],
				"shear": [
					{}
				]
			},
			"arm_1": {
				"rotate": [
					{ "value": -27.14 }
				],
				"translate": [
					{ "x": 2.02, "y": 0.08 }
				],
				"scale": [
					{}
				]
			},
			"shouder_2": {
				"rotate": [
					{ "value": -40.85 }
				],
				"translate": [
					{ "x": 10.04, "y": 1.22 }
				],
				"scale": [
					{}
				]
			},
			"arm_2": {
				"rotate": [
					{ "value": -30.88 }
				],
				"translate": [
					{ "x": 1.29, "y": 1.38 }
				],
				"scale": [
					{}
				]
			},
			"thigh_1": {
				"rotate": [
					{ "value": -42.67 }
				],
				"translate": [
					{}
				],
				"scale": [
					{ "x": 1.015 }
				]
			},
			"leg_1": {
				"rotate": [
					{ "value": 97.27 }
				],
				"translate": [
					{}
				]
			},
			"thigh_2": {
				"rotate": [
					{ "value": -49.96 }
				],
				"translate": [
					{}
				],
				"scale": [
					{ "x": 0.967 }
				]
			},
			"leg_2": {
				"rotate": [
					{ "value": 61.21 }
				],
				"translate": [
					{}
				]
			},
			"foot_2": {
				"rotate": [
					{}
				],
				"translate": [
					{ "x": -184.08, "y": 1.07 }
				]
			},
			"foot_3": {
				"rotate": [
					{}
				],
				"translate": [
					{ "x": -156.41, "y": 7.83 }
				]
			},
			"feeling_5": {
				"rotate": [
					{ "value": 4.23 }
				],
				"translate": [
					{ "x": 39.61, "y": 119.02 }
				],
				"scale": [
					{ "x": 0.531, "y": 0.531 }
				]
			},
			"feeling_1": {
				"rotate": [
					{ "value": 47.69 }
				],
				"translate": [
					{ "x": -89.56, "y": -80.87 }
				],
				"scale": [
					{ "x": -1.083, "y": 1.083 }
				]
			},
			"move": {
				"translate": [
					{ "x": 119.99, "y": 0.6 }
				],
				"scale": [
					{}
				]
			},
			"feeling_2": {
				"rotate": [
					{ "value": -88.97 }
				],
				"translate": [
					{ "x": -131.01, "y": -21.79 }
				],
				"scale": [
					{ "x": 0.873, "y": -0.873 }
				]
			},
			"item_1": {
				"translate": [
					{ "x": 84.12, "y": -455.23 }
				],
				"scale": [
					{ "x": 0.678, "y": 0.678 }
				]
			},
			"item_tay": {
				"translate": [
					{ "x": 16.31, "y": -129.93 }
				]
			},
			"hair_1": {
				"rotate": [
					{ "value": -37.47 }
				],
				"translate": [
					{ "x": 40.92, "y": 521.92 }
				],
				"scale": [
					{ "x": 0.947, "y": 0.947 }
				]
			}
		},
		"ik": {
			"foot_1": [
				{ "stretch": true }
			],
			"foot_2": [
				{ "stretch": true }
			]
		},
		"drawOrder": [
			{
				"offsets": [
					{ "slot": "shoulder3", "offset": 15 },
					{ "slot": "shoulder2", "offset": 0 },
					{ "slot": "shoulder4", "offset": 12 }
				]
			}
		]
	},
	"t_396_2_win": {
		"slots": {
			"body": {
				"rgba": [
					{ "color": "000000ff" }
				]
			},
			"Emoji": {
				"attachment": [
					{ "name": "Emoji/emo_82" }
				]
			},
			"feeling_1": {
				"attachment": [
					{ "name": "run" }
				]
			},
			"feeling_2": {
				"attachment": [
					{ "name": "run" }
				]
			},
			"feeling_3": {
				"attachment": [
					{ "name": "run" }
				]
			},
			"feeling_5": {
				"attachment": [
					{}
				]
			},
			"hair": {
				"attachment": [
					{ "name": "hair/man/mu_5" }
				]
			},
			"head": {
				"rgba": [
					{ "color": "c2ffffff" }
				],
				"attachment": [
					{ "name": "head" }
				]
			},
			"item": {
				"attachment": [
					{}
				]
			},
			"shoulder1": {
				"rgba": [
					{ "color": "000000ff" }
				],
				"attachment": [
					{ "name": "shoulder" }
				]
			},
			"shoulder2": {
				"rgba": [
					{ "color": "000000ff" }
				],
				"attachment": [
					{ "name": "shoulder" }
				]
			},
			"shoulder3": {
				"rgba": [
					{ "color": "000000ff" }
				],
				"attachment": [
					{ "name": "shoulder" }
				]
			},
			"shoulder4": {
				"rgba": [
					{ "color": "000000ff" }
				],
				"attachment": [
					{ "name": "shoulder" }
				]
			},
			"thigh": {
				"rgba": [
					{ "color": "000000ff" }
				]
			},
			"thigh2": {
				"rgba": [
					{ "color": "000000ff" }
				]
			},
			"thigh3": {
				"rgba": [
					{ "color": "000000ff" }
				]
			},
			"thigh4": {
				"rgba": [
					{ "color": "000000ff" }
				]
			}
		},
		"bones": {
			"head": {
				"rotate": [
					{ "value": -4.95 }
				],
				"translate": [
					{ "x": -86.34, "y": 3.2 }
				],
				"scale": [
					{}
				]
			},
			"root": {
				"rotate": [
					{}
				],
				"translate": [
					{}
				]
			},
			"main": {
				"rotate": [
					{ "value": -0.2 }
				],
				"translate": [
					{ "x": 23.55, "y": -256.11 }
				]
			},
			"hip": {
				"rotate": [
					{}
				],
				"translate": [
					{}
				]
			},
			"body": {
				"rotate": [
					{ "value": 0.02 }
				],
				"translate": [
					{}
				]
			},
			"body2": {
				"rotate": [
					{ "value": 0.02 }
				],
				"translate": [
					{}
				]
			},
			"body3": {
				"rotate": [
					{ "value": 0.02 }
				],
				"translate": [
					{}
				]
			},
			"body4": {
				"rotate": [
					{ "value": 0.02 }
				],
				"translate": [
					{}
				]
			},
			"body5": {
				"rotate": [
					{ "value": 0.02 }
				],
				"translate": [
					{}
				]
			},
			"body6": {
				"rotate": [
					{ "value": 0.02 }
				],
				"translate": [
					{}
				]
			},
			"body7": {
				"rotate": [
					{ "value": 0.02 }
				],
				"translate": [
					{}
				]
			},
			"body8": {
				"rotate": [
					{ "value": 0.02 }
				],
				"translate": [
					{}
				]
			},
			"feeling_3": {
				"rotate": [
					{ "value": -118.12 }
				],
				"translate": [
					{ "x": -195.88, "y": -147.03 }
				],
				"scale": [
					{ "x": 1.569, "y": 1.569 }
				]
			},
			"emoji": {
				"rotate": [
					{ "value": 2.96 }
				],
				"translate": [
					{ "x": -7.97, "y": -3.02 }
				],
				"scale": [
					{ "x": -1.077, "y": 1.077 }
				]
			},
			"shouder_1": {
				"rotate": [
					{ "value": -114.4 }
				],
				"translate": [
					{ "x": -25.75, "y": 0.76 }
				],
				"scale": [
					{ "x": 0.919 }
				]
			},
			"arm_1": {
				"rotate": [
					{ "value": 135.91 }
				],
				"translate": [
					{ "x": 2.02, "y": 0.08 }
				],
				"scale": [
					{ "x": 1.008 }
				]
			},
			"shouder_2": {
				"rotate": [
					{ "value": 119.15 }
				],
				"translate": [
					{ "x": -31.29, "y": -3.2 }
				],
				"scale": [
					{}
				]
			},
			"arm_2": {
				"rotate": [
					{ "value": -155.73 }
				],
				"translate": [
					{}
				],
				"scale": [
					{}
				]
			},
			"thigh_1": {
				"rotate": [
					{ "value": 24.72 }
				],
				"translate": [
					{}
				],
				"scale": [
					{ "x": 0.879 }
				]
			},
			"leg_1": {
				"rotate": [
					{}
				],
				"translate": [
					{}
				],
				"scale": [
					{ "x": 0.908 }
				]
			},
			"thigh_2": {
				"rotate": [
					{ "value": 39.21 }
				],
				"translate": [
					{}
				],
				"scale": [
					{}
				]
			},
			"leg_2": {
				"rotate": [
					{ "value": 18.14 }
				],
				"translate": [
					{}
				]
			},
			"foot_2": {
				"rotate": [
					{}
				],
				"translate": [
					{ "x": -58.64, "y": -34.81 }
				]
			},
			"foot_3": {
				"rotate": [
					{}
				],
				"translate": [
					{ "x": 17.16, "y": -35.5 }
				]
			},
			"feeling_5": {
				"rotate": [
					{ "value": -125.83 }
				],
				"translate": [
					{ "x": -76.4, "y": 24.31 }
				],
				"scale": [
					{ "x": 0.479, "y": 0.479 }
				]
			},
			"feeling_2": {
				"rotate": [
					{ "value": -12.04 }
				],
				"translate": [
					{ "x": -127.95, "y": -283.19 }
				],
				"scale": [
					{ "x": 1.337, "y": 1.337 }
				]
			},
			"feeling_1": {
				"rotate": [
					{ "value": 176.46 }
				],
				"translate": [
					{ "x": 20.69, "y": -177.46 }
				],
				"scale": [
					{ "x": 1.333, "y": 1.333 }
				]
			},
			"move": {
				"translate": [
					{ "x": 119.99 }
				],
				"scale": [
					{}
				]
			},
			"hair_1": {
				"rotate": [
					{ "value": 1.18 }
				],
				"translate": [
					{ "x": 121.01, "y": 488.7 }
				]
			}
		},
		"ik": {
			"foot_1": [
				{ "stretch": true }
			],
			"foot_2": [
				{ "bendPositive": false, "stretch": true }
			]
		},
		"drawOrder": [
			{
				"offsets": [
					{ "slot": "shoulder2", "offset": 11 },
					{ "slot": "shoulder4", "offset": -3 }
				]
			}
		]
	}
}
}