{"frames": [

{
	"filename": "bep",
	"frame": {"x":509,"y":34,"w":493,"h":348},
	"rotated": false,
	"trimmed": true,
	"spriteSourceSize": {"x":7,"y":7,"w":493,"h":348},
	"sourceSize": {"w":507,"h":362}
},
{
	"filename": "bep_hot",
	"frame": {"x":1,"y":34,"w":507,"h":361},
	"rotated": false,
	"trimmed": true,
	"spriteSourceSize": {"x":0,"y":1,"w":507,"h":361},
	"sourceSize": {"w":507,"h":362}
},
{
	"filename": "bg",
	"frame": {"x":1,"y":1,"w":1080,"h":32},
	"rotated": false,
	"trimmed": false,
	"spriteSourceSize": {"x":0,"y":0,"w":1080,"h":32},
	"sourceSize": {"w":1080,"h":32}
},
{
	"filename": "lo_muoi",
	"frame": {"x":1044,"y":34,"w":33,"h":57},
	"rotated": false,
	"trimmed": false,
	"spriteSourceSize": {"x":0,"y":0,"w":33,"h":57},
	"sourceSize": {"w":33,"h":57}
},
{
	"filename": "noi",
	"frame": {"x":1,"y":468,"w":143,"h":96},
	"rotated": false,
	"trimmed": false,
	"spriteSourceSize": {"x":0,"y":0,"w":143,"h":96},
	"sourceSize": {"w":143,"h":96}
},
{
	"filename": "rau_cu",
	"frame": {"x":1,"y":396,"w":175,"h":71},
	"rotated": false,
	"trimmed": false,
	"spriteSourceSize": {"x":0,"y":0,"w":175,"h":71},
	"sourceSize": {"w":175,"h":71}
},
{
	"filename": "thot",
	"frame": {"x":177,"y":396,"w":178,"h":20},
	"rotated": false,
	"trimmed": false,
	"spriteSourceSize": {"x":0,"y":0,"w":178,"h":20},
	"sourceSize": {"w":178,"h":20}
},
{
	"filename": "tuong",
	"frame": {"x":1003,"y":34,"w":40,"h":699},
	"rotated": false,
	"trimmed": true,
	"spriteSourceSize": {"x":7,"y":7,"w":40,"h":699},
	"sourceSize": {"w":54,"h":713}
},
{
	"filename": "tuong_hot",
	"frame": {"x":1082,"y":1,"w":54,"h":713},
	"rotated": false,
	"trimmed": false,
	"spriteSourceSize": {"x":0,"y":0,"w":54,"h":713},
	"sourceSize": {"w":54,"h":713}
}],
"meta": {
	"app": "https://www.codeandweb.com/texturepacker",
	"version": "1.0",
	"image": "props.png",
	"format": "RGBA8888",
	"size": {"w":1137,"h":734},
	"scale": "1",
	"smartupdate": "$TexturePacker:SmartUpdate:e755cfb12000fe22125125a984a1971b:5ff13a275339c58536fa73a09cb2dad8:f4c39b94f5b79b4c461da96ae5609d50$"
}
}
