{
"skeleton": { "hash": "qZmrurtuCJA", "spine": "4.1.24", "x": -388.28, "y": -425.09, "width": 724.41, "height": 1282.48 },
"bones": [
	{ "name": "root", "rotation": 0.2 },
	{ "name": "move", "parent": "root", "x": -119.99, "scaleX": -1 },
	{ "name": "main", "parent": "move", "y": 256.6 },
	{ "name": "hip", "parent": "main" },
	{ "name": "body", "parent": "hip", "length": 26.97, "rotation": 90 },
	{ "name": "body2", "parent": "body", "length": 26.97, "x": 26.97 },
	{ "name": "body3", "parent": "body2", "length": 26.97, "x": 26.97 },
	{ "name": "body4", "parent": "body3", "length": 26.97, "rotation": -0.06, "x": 26.97 },
	{ "name": "body5", "parent": "body4", "length": 26.97, "x": 26.97 },
	{ "name": "body6", "parent": "body5", "length": 26.97, "x": 26.97 },
	{ "name": "body7", "parent": "body6", "length": 26.97, "x": 26.97 },
	{ "name": "body8", "parent": "body7", "length": 26.97, "x": 26.97 },
	{ "name": "head", "parent": "body8", "length": 135.67, "x": 24.75 },
	{ "name": "feeling_3", "parent": "head", "rotation": -0.18, "x": 87.53, "y": 30.96 },
	{ "name": "emoji", "parent": "head", "rotation": -90, "x": 62, "y": 1.49 },
	{ "name": "shouder_1", "parent": "body7", "length": 100.06, "rotation": -90, "x": 15.39, "y": 0.02 },
	{ "name": "arm_1", "parent": "shouder_1", "length": 100.06, "x": 94.79 },
	{ "name": "shouder_2", "parent": "body7", "length": 100.06, "rotation": 90, "x": 15.39, "y": 0.02 },
	{ "name": "arm_2", "parent": "shouder_2", "length": 100.06, "x": 94.79 },
	{ "name": "thigh_1", "parent": "main", "length": 134.15, "rotation": -90, "x": -0.54, "y": 4.23 },
	{ "name": "leg_1", "parent": "thigh_1", "length": 134.15, "x": 128.14 },
	{ "name": "thigh_2", "parent": "main", "length": 134.15, "rotation": -90, "x": -0.1, "y": 4.23 },
	{ "name": "leg_2", "parent": "thigh_2", "length": 134.15, "x": 128.14 },
	{ "name": "foot_2", "parent": "move", "x": 0.16, "y": -2.18 },
	{ "name": "foot_3", "parent": "move", "x": 0.1, "y": -2.12 },
	{
		"name": "feeling_5",
		"parent": "head",
		"rotation": -0.18,
		"x": 87.53,
		"y": -25.11,
		"scaleX": 2,
		"scaleY": 2
	},
	{ "name": "item_1", "parent": "move", "x": -1.93, "y": 450.24 },
	{ "name": "feeling_1", "parent": "main", "rotation": -20.17, "x": 72.35, "y": 376.02 },
	{ "name": "feeling_2", "parent": "main", "rotation": -20.17, "x": 72.35, "y": 376.02 },
	{ "name": "hair_1", "parent": "main", "rotation": 0.07, "x": -120, "y": -254.77 },
	{
		"name": "feeling_4",
		"parent": "head",
		"rotation": -0.18,
		"x": 87.53,
		"y": -25.11,
		"scaleX": 2,
		"scaleY": 2
	},
	{ "name": "item_tay", "parent": "arm_2", "x": 101.01, "y": -1.25 }
],
"slots": [
	{ "name": "bg_gane_play", "bone": "root", "color": "ffffff4f" },
	{ "name": "item", "bone": "item_1" },
	{ "name": "body", "bone": "hip", "color": "000000ff", "attachment": "body" },
	{ "name": "shoulder1", "bone": "shouder_1", "color": "000000ff" },
	{ "name": "shoulder3", "bone": "shouder_2", "color": "000000ff" },
	{ "name": "shoulder2", "bone": "arm_1", "color": "000000ff" },
	{ "name": "shoulder4", "bone": "arm_2", "color": "000000ff" },
	{ "name": "thigh", "bone": "thigh_1", "color": "000000ff", "attachment": "thigh" },
	{ "name": "thigh3", "bone": "thigh_2", "color": "000000ff", "attachment": "thigh" },
	{ "name": "thigh2", "bone": "leg_1", "color": "000000ff", "attachment": "thigh" },
	{ "name": "thigh4", "bone": "leg_2", "color": "000000ff", "attachment": "thigh" },
	{ "name": "head", "bone": "head", "attachment": "head" },
	{ "name": "hair", "bone": "hair_1" },
	{ "name": "Emoji", "bone": "emoji" },
	{ "name": "feeling_3", "bone": "feeling_3", "color": "000000ff" },
	{ "name": "feeling_5", "bone": "feeling_5" },
	{ "name": "feeling_4", "bone": "feeling_4" },
	{ "name": "feeling_1", "bone": "feeling_1" },
	{ "name": "feeling_2", "bone": "feeling_2" },
	{ "name": "item_tay", "bone": "item_tay" }
],
"ik": [
	{
		"name": "foot_1",
		"bones": [ "thigh_1", "leg_1" ],
		"target": "foot_2",
		"mix": 0,
		"stretch": true
	},
	{
		"name": "foot_2",
		"order": 1,
		"bones": [ "thigh_2", "leg_2" ],
		"target": "foot_3",
		"mix": 0,
		"stretch": true
	}
],
"skins": [
	{
		"name": "default",
		"attachments": {
			"body": {
				"body": {
					"type": "mesh",
					"uvs": [ 1, 1, 0, 1, 0, 0.875, 0, 0.75, 0, 0.625, 0, 0.5, 0, 0.375, 0, 0.25, 0, 0.125, 0, 0, 1, 0, 1, 0.125, 1, 0.25, 1, 0.375, 1, 0.5, 1, 0.625, 1, 0.75, 1, 0.875 ],
					"triangles": [ 8, 9, 10, 11, 8, 10, 7, 8, 11, 12, 7, 11, 6, 7, 12, 13, 6, 12, 5, 6, 13, 14, 5, 13, 4, 5, 14, 15, 4, 14, 3, 4, 15, 16, 3, 15, 2, 3, 16, 17, 2, 16, 1, 2, 17, 0, 1, 17 ],
					"vertices": [ 1, 4, -1.7, -5.5, 1, 1, 4, -1.7, 5.5, 1, 2, 4, 25.68, 5.5, 0.70301, 5, -1.29, 5.5, 0.29699, 2, 5, 26.08, 5.5, 0.65569, 6, -0.88, 5.5, 0.34431, 2, 6, 26.49, 5.5, 0.55905, 7, -0.48, 5.5, 0.44095, 2, 7, 26.9, 5.5, 0.51367, 8, -0.07, 5.5, 0.48633, 2, 8, 27.3, 5.5, 0.41705, 9, 0.33, 5.5, 0.58295, 2, 9, 27.71, 5.5, 0.38565, 10, 0.74, 5.5, 0.61435, 2, 10, 28.11, 5.5, 0.36868, 11, 1.14, 5.5, 0.63132, 1, 11, 28.52, 5.5, 1, 1, 11, 28.52, -5.5, 1, 2, 10, 28.11, -5.5, 0.3064, 11, 1.14, -5.5, 0.6936, 2, 9, 27.71, -5.5, 0.40945, 10, 0.74, -5.5, 0.59055, 2, 8, 27.3, -5.5, 0.44404, 9, 0.33, -5.5, 0.55596, 2, 7, 26.9, -5.5, 0.52991, 8, -0.07, -5.5, 0.47009, 2, 6, 26.49, -5.5, 0.58474, 7, -0.48, -5.5, 0.41526, 2, 5, 26.08, -5.5, 0.62061, 6, -0.88, -5.5, 0.37939, 2, 4, 25.68, -5.5, 0.65664, 5, -1.29, -5.5, 0.34336 ],
					"hull": 18
				}
			},
			"Emoji": {
				"Emoji/dau lau": { "y": 0.5, "width": 114, "height": 105 },
				"Emoji/emo_1": { "x": 0.5, "y": 0.5, "width": 113, "height": 87 },
				"Emoji/emo_17": { "x": 0.5, "y": 0.5, "width": 87, "height": 73 },
				"Emoji/emo_25": { "y": 0.5, "width": 106, "height": 89 },
				"Emoji/emo_42": { "width": 90, "height": 74 },
				"Emoji/emo_57_c": { "x": 0.5, "y": 0.5, "width": 101, "height": 101 },
				"Emoji/new/emo_55_e": { "y": 0.5, "width": 96, "height": 89 },
				"Emoji/new/emo_64": { "x": 0.5, "width": 79, "height": 92 }
			},
			"feeling_1": {
				"cauco": { "y": 0.5, "width": 50, "height": 45 },
				"giat_minh": { "width": 70, "height": 66 },
				"mo_hoi": { "x": 0.5, "y": 0.5, "width": 19, "height": 41 },
				"water_mouth": { "x": -5.38, "y": -14.51, "rotation": -31.72, "width": 23, "height": 50 }
			},
			"feeling_2": {
				"giat_minh": { "x": 0.5, "y": 0.5, "width": 70, "height": 66 },
				"mo_hoi": { "x": 0.5, "y": 0.5, "width": 19, "height": 41 },
				"scare": { "y": 0.5, "width": 80, "height": 83 }
			},
			"feeling_3": {
				"giat_minh": { "rotation": -96.51, "width": 70, "height": 66 },
				"lap_lanh": { "x": -18.07, "y": -0.4, "rotation": -96.51, "width": 34, "height": 70 },
				"mo_hoi": { "x": -18.07, "y": -0.4, "rotation": -96.51, "width": 19, "height": 41 },
				"rung": { "x": 1, "y": -1.54, "width": 18, "height": 51 }
			},
			"feeling_5": {
				"cauco": { "y": 0.5, "width": 50, "height": 45 },
				"mo_hoi": { "width": 19, "height": 41 },
				"rung": { "x": 0.5, "width": 18, "height": 51 }
			},
			"hair": {
				"hair/man/mu_chef": { "width": 142, "height": 142 },
				"hair/man/toc_8": { "x": 0.5, "width": 133, "height": 84 },
				"hair/man/toc_8_sau": { "x": 0.5, "width": 139, "height": 105 }
			},
			"head": {
				"head": { "x": 68.85, "rotation": -89.87, "width": 144, "height": 144 },
				"head_7": { "x": 65.26, "y": -3.78, "rotation": -89.46, "width": 144, "height": 144 }
			},
			"item": {
				"item/tia_set": { "x": 0.5, "scaleX": 4.6339, "scaleY": 4.6339, "width": 137, "height": 225 }
			},
			"shoulder1": {
				"shoulder": { "x": 49.22, "rotation": -90, "width": 15, "height": 105 }
			},
			"shoulder2": {
				"shoulder": { "x": 49.22, "rotation": -90, "width": 15, "height": 105 }
			},
			"shoulder3": {
				"shoulder": { "x": 49.22, "rotation": -90, "width": 15, "height": 105 }
			},
			"shoulder4": {
				"shoulder": { "x": 50.57, "rotation": -90, "width": 15, "height": 105 }
			},
			"thigh": {
				"thigh": { "x": 66.01, "rotation": -90, "width": 14, "height": 137 }
			},
			"thigh2": {
				"thigh": { "x": 66.01, "rotation": -90, "width": 14, "height": 137 }
			},
			"thigh3": {
				"thigh": { "x": 66.01, "rotation": -90, "width": 14, "height": 137 }
			},
			"thigh4": {
				"thigh": { "x": 66.01, "rotation": -90, "width": 14, "height": 137 }
			}
		}
	}
],
"animations": {
	"t_372_1_be": {
		"slots": {
			"body": {
				"rgba": [
					{ "color": "000000ff" }
				]
			},
			"Emoji": {
				"attachment": [
					{ "name": "Emoji/new/emo_55_e" }
				]
			},
			"feeling_1": {
				"attachment": [
					{ "name": "giat_minh" }
				]
			},
			"feeling_2": {
				"attachment": [
					{ "name": "mo_hoi" }
				]
			},
			"feeling_3": {
				"rgba": [
					{ "color": "ffffffff" }
				],
				"attachment": [
					{}
				]
			},
			"feeling_5": {
				"rgba": [
					{ "color": "000000ff" }
				],
				"attachment": [
					{}
				]
			},
			"head": {
				"rgba": [
					{ "color": "ffffffff" }
				],
				"attachment": [
					{ "name": "head" }
				]
			},
			"item": {
				"attachment": [
					{}
				]
			},
			"shoulder1": {
				"rgba": [
					{ "color": "000000ff" }
				],
				"attachment": [
					{ "name": "shoulder" }
				]
			},
			"shoulder2": {
				"rgba": [
					{ "color": "000000ff" }
				],
				"attachment": [
					{ "name": "shoulder" }
				]
			},
			"shoulder3": {
				"rgba": [
					{ "color": "000000ff" }
				],
				"attachment": [
					{}
				]
			},
			"shoulder4": {
				"rgba": [
					{ "color": "000000ff" }
				],
				"attachment": [
					{}
				]
			},
			"thigh": {
				"rgba": [
					{ "color": "000000ff" }
				]
			},
			"thigh2": {
				"rgba": [
					{ "color": "000000ff" }
				]
			},
			"thigh3": {
				"rgba": [
					{ "color": "000000ff" }
				]
			},
			"thigh4": {
				"rgba": [
					{ "color": "000000ff" }
				]
			}
		},
		"bones": {
			"head": {
				"rotate": [
					{ "value": -13.57 }
				],
				"translate": [
					{ "x": -17.67, "y": 11.02 }
				],
				"scale": [
					{}
				]
			},
			"root": {
				"rotate": [
					{}
				],
				"translate": [
					{}
				]
			},
			"main": {
				"rotate": [
					{ "value": -1.49 }
				],
				"translate": [
					{ "x": 13.61, "y": -43.99 }
				]
			},
			"hip": {
				"rotate": [
					{}
				],
				"translate": [
					{}
				]
			},
			"body": {
				"rotate": [
					{ "value": 3.56 }
				],
				"translate": [
					{}
				]
			},
			"body2": {
				"rotate": [
					{ "value": 3.56 }
				],
				"translate": [
					{}
				]
			},
			"body3": {
				"rotate": [
					{ "value": 3.56 }
				],
				"translate": [
					{}
				]
			},
			"body4": {
				"rotate": [
					{ "value": 2.64 }
				],
				"translate": [
					{}
				]
			},
			"body5": {
				"rotate": [
					{ "value": 0.58 }
				],
				"translate": [
					{}
				]
			},
			"body6": {
				"rotate": [
					{ "value": 4.13 }
				],
				"translate": [
					{}
				]
			},
			"body7": {
				"rotate": [
					{ "value": 3.56 }
				],
				"translate": [
					{}
				]
			},
			"body8": {
				"rotate": [
					{ "value": 3.56 }
				],
				"translate": [
					{}
				]
			},
			"feeling_3": {
				"rotate": [
					{ "value": 26.84 }
				],
				"translate": [
					{ "x": 142.25, "y": -21.63 }
				],
				"scale": [
					{ "x": 1.443, "y": 1.443 }
				]
			},
			"emoji": {
				"rotate": [
					{ "value": -5.22 }
				],
				"translate": [
					{ "x": 0.03, "y": 11.77 }
				],
				"scale": [
					{ "x": 1.039, "y": 1.039 }
				]
			},
			"shouder_1": {
				"rotate": [
					{ "value": -59.73 }
				],
				"translate": [
					{ "x": 18.93, "y": -1.69 }
				],
				"scale": [
					{ "x": 1.037 }
				],
				"shear": [
					{}
				]
			},
			"arm_1": {
				"rotate": [
					{ "value": -31.23 }
				],
				"translate": [
					{ "x": 2.02, "y": 0.08 }
				],
				"scale": [
					{ "x": 1.115, "y": 1.115 }
				]
			},
			"shouder_2": {
				"rotate": [
					{ "value": 71.95 }
				],
				"translate": [
					{ "x": 7.78, "y": -0.12 }
				],
				"scale": [
					{ "x": 1.037 }
				]
			},
			"arm_2": {
				"rotate": [
					{ "value": -29.64 }
				],
				"translate": [
					{}
				],
				"scale": [
					{}
				]
			},
			"thigh_1": {
				"rotate": [
					{ "value": -44.84 }
				],
				"translate": [
					{}
				]
			},
			"leg_1": {
				"rotate": [
					{ "value": 45.63 }
				],
				"translate": [
					{}
				]
			},
			"thigh_2": {
				"rotate": [
					{ "value": -37.54 }
				],
				"translate": [
					{}
				],
				"scale": [
					{}
				]
			},
			"leg_2": {
				"rotate": [
					{ "value": 38.6 }
				],
				"translate": [
					{}
				]
			},
			"foot_2": {
				"rotate": [
					{ "value": -1.35 }
				],
				"translate": [
					{ "x": -64.26, "y": -1.34 }
				]
			},
			"foot_3": {
				"rotate": [
					{}
				],
				"translate": [
					{ "x": 104.46, "y": -2.02 }
				]
			},
			"feeling_5": {
				"rotate": [
					{ "value": -104.05 }
				],
				"translate": [
					{ "x": 55.55, "y": -67.55 }
				],
				"scale": [
					{ "x": 0.389, "y": 0.389 }
				]
			},
			"move": {
				"translate": [
					{ "x": 119.99, "y": -0.27 }
				],
				"scale": [
					{}
				]
			},
			"feeling_1": {
				"rotate": [
					{ "value": 100.59 }
				],
				"translate": [
					{ "x": -199.89, "y": -47.7 }
				],
				"scale": [
					{ "x": 0.85, "y": 0.85 }
				]
			},
			"feeling_2": {
				"rotate": [
					{ "value": 22.99 }
				],
				"translate": [
					{ "x": -85.36, "y": -110.76 }
				],
				"scale": [
					{ "x": 0.983, "y": 0.983 }
				]
			},
			"item_1": {
				"rotate": [
					{ "value": 152.31 }
				],
				"translate": [
					{ "x": -106.85, "y": -271.79 }
				]
			}
		},
		"ik": {
			"foot_1": [
				{ "stretch": true }
			],
			"foot_2": [
				{ "bendPositive": false, "stretch": true }
			]
		},
		"drawOrder": [
			{
				"offsets": [
					{ "slot": "shoulder2", "offset": 13 },
					{ "slot": "Emoji", "offset": 2 },
					{ "slot": "feeling_3", "offset": 2 }
				]
			}
		]
	},
	"t_372_1_lose": {
		"slots": {
			"body": {
				"rgba": [
					{ "color": "000000ff", "curve": "stepped" },
					{ "time": 0.2, "color": "000000ff" }
				]
			},
			"Emoji": {
				"attachment": [
					{},
					{ "time": 0.1, "name": "Emoji/dau lau" },
					{ "time": 0.2 }
				]
			},
			"feeling_1": {
				"attachment": [
					{},
					{ "time": 0.2 }
				]
			},
			"feeling_2": {
				"attachment": [
					{},
					{ "time": 0.2 }
				]
			},
			"feeling_3": {
				"attachment": [
					{},
					{ "time": 0.2 }
				]
			},
			"feeling_5": {
				"attachment": [
					{},
					{ "time": 0.2 }
				]
			},
			"head": {
				"rgba": [
					{ "color": "000000ff", "curve": "stepped" },
					{ "time": 0.2, "color": "000000ff" }
				],
				"attachment": [
					{ "name": "head" },
					{ "time": 0.2, "name": "head" }
				]
			},
			"item": {
				"rgba": [
					{ "color": "ffffffff", "curve": "stepped" },
					{ "time": 0.1, "color": "ffd059ff", "curve": "stepped" },
					{ "time": 0.2, "color": "ffffffff" }
				],
				"attachment": [
					{ "name": "item/tia_set" },
					{ "time": 0.2, "name": "item/tia_set" }
				]
			},
			"shoulder1": {
				"rgba": [
					{ "color": "000000ff", "curve": "stepped" },
					{ "time": 0.2, "color": "000000ff" }
				],
				"attachment": [
					{ "name": "shoulder" },
					{ "time": 0.2, "name": "shoulder" }
				]
			},
			"shoulder2": {
				"rgba": [
					{ "color": "000000ff", "curve": "stepped" },
					{ "time": 0.2, "color": "000000ff" }
				],
				"attachment": [
					{ "name": "shoulder" },
					{ "time": 0.2, "name": "shoulder" }
				]
			},
			"shoulder3": {
				"rgba": [
					{ "color": "000000ff", "curve": "stepped" },
					{ "time": 0.2, "color": "000000ff" }
				],
				"attachment": [
					{ "name": "shoulder" },
					{ "time": 0.2, "name": "shoulder" }
				]
			},
			"shoulder4": {
				"rgba": [
					{ "color": "000000ff", "curve": "stepped" },
					{ "time": 0.2, "color": "000000ff" }
				],
				"attachment": [
					{ "name": "shoulder" },
					{ "time": 0.2, "name": "shoulder" }
				]
			},
			"thigh": {
				"rgba": [
					{ "color": "000000ff", "curve": "stepped" },
					{ "time": 0.2, "color": "000000ff" }
				]
			},
			"thigh2": {
				"rgba": [
					{ "color": "000000ff", "curve": "stepped" },
					{ "time": 0.2, "color": "000000ff" }
				]
			},
			"thigh3": {
				"rgba": [
					{ "color": "000000ff", "curve": "stepped" },
					{ "time": 0.2, "color": "000000ff" }
				]
			},
			"thigh4": {
				"rgba": [
					{ "color": "000000ff", "curve": "stepped" },
					{ "time": 0.2, "color": "000000ff" }
				]
			}
		},
		"bones": {
			"head": {
				"rotate": [
					{ "value": -8.24, "curve": "stepped" },
					{ "time": 0.2, "value": -8.24 }
				],
				"translate": [
					{ "x": -7.71, "y": -3.06, "curve": "stepped" },
					{ "time": 0.2, "x": -7.71, "y": -3.06 }
				],
				"scale": [
					{ "curve": "stepped" },
					{ "time": 0.2 }
				]
			},
			"root": {
				"rotate": [
					{ "curve": "stepped" },
					{ "time": 0.2 }
				],
				"translate": [
					{ "curve": "stepped" },
					{ "time": 0.2 }
				]
			},
			"main": {
				"rotate": [
					{ "value": -7.3, "curve": "stepped" },
					{ "time": 0.2, "value": -7.3 }
				],
				"translate": [
					{ "x": 4.14, "y": -10.87, "curve": "stepped" },
					{ "time": 0.2, "x": 4.14, "y": -10.87 }
				]
			},
			"hip": {
				"rotate": [
					{ "curve": "stepped" },
					{ "time": 0.2 }
				],
				"translate": [
					{ "curve": "stepped" },
					{ "time": 0.2 }
				]
			},
			"body": {
				"rotate": [
					{ "value": 5.24, "curve": "stepped" },
					{ "time": 0.2, "value": 5.24 }
				],
				"translate": [
					{ "curve": "stepped" },
					{ "time": 0.2 }
				]
			},
			"body2": {
				"rotate": [
					{ "value": -1.31, "curve": "stepped" },
					{ "time": 0.2, "value": -1.31 }
				],
				"translate": [
					{ "curve": "stepped" },
					{ "time": 0.2 }
				]
			},
			"body3": {
				"rotate": [
					{ "value": -1.31, "curve": "stepped" },
					{ "time": 0.2, "value": -1.31 }
				],
				"translate": [
					{ "curve": "stepped" },
					{ "time": 0.2 }
				]
			},
			"body4": {
				"rotate": [
					{ "value": -2.23, "curve": "stepped" },
					{ "time": 0.2, "value": -2.23 }
				],
				"translate": [
					{ "curve": "stepped" },
					{ "time": 0.2 }
				]
			},
			"body5": {
				"rotate": [
					{ "value": -2.76, "curve": "stepped" },
					{ "time": 0.2, "value": -2.76 }
				],
				"translate": [
					{ "curve": "stepped" },
					{ "time": 0.2 }
				]
			},
			"body6": {
				"rotate": [
					{ "value": -0.74, "curve": "stepped" },
					{ "time": 0.2, "value": -0.74 }
				],
				"translate": [
					{ "curve": "stepped" },
					{ "time": 0.2 }
				]
			},
			"body7": {
				"rotate": [
					{ "value": -1.31, "curve": "stepped" },
					{ "time": 0.2, "value": -1.31 }
				],
				"translate": [
					{ "curve": "stepped" },
					{ "time": 0.2 }
				]
			},
			"body8": {
				"rotate": [
					{ "value": -1.31, "curve": "stepped" },
					{ "time": 0.2, "value": -1.31 }
				],
				"translate": [
					{ "curve": "stepped" },
					{ "time": 0.2 }
				]
			},
			"feeling_3": {
				"rotate": [
					{ "curve": "stepped" },
					{ "time": 0.2 }
				],
				"translate": [
					{ "curve": "stepped" },
					{ "time": 0.2 }
				]
			},
			"emoji": {
				"rotate": [
					{ "value": 4.45, "curve": "stepped" },
					{ "time": 0.2, "value": 4.45 }
				],
				"translate": [
					{ "x": 12.22, "y": -0.24, "curve": "stepped" },
					{ "time": 0.2, "x": 12.22, "y": -0.24 }
				],
				"scale": [
					{ "x": 0.914, "y": 0.914, "curve": "stepped" },
					{ "time": 0.2, "x": 0.914, "y": 0.914 }
				]
			},
			"shouder_1": {
				"rotate": [
					{ "value": 178.18, "curve": "stepped" },
					{ "time": 0.2, "value": 178.18 }
				],
				"translate": [
					{ "x": 21.37, "y": 0.5, "curve": "stepped" },
					{ "time": 0.2, "x": 21.37, "y": 0.5 }
				],
				"scale": [
					{ "curve": "stepped" },
					{ "time": 0.2 }
				],
				"shear": [
					{ "y": 1, "curve": "stepped" },
					{ "time": 0.2, "y": 1 }
				]
			},
			"arm_1": {
				"rotate": [
					{ "value": -41.71, "curve": "stepped" },
					{ "time": 0.2, "value": -41.71 }
				],
				"translate": [
					{ "x": 2.6, "y": 0.99, "curve": "stepped" },
					{ "time": 0.2, "x": 2.6, "y": 0.99 }
				],
				"scale": [
					{ "curve": "stepped" },
					{ "time": 0.2 }
				]
			},
			"shouder_2": {
				"rotate": [
					{ "value": -169.28, "curve": "stepped" },
					{ "time": 0.2, "value": -169.28 }
				],
				"translate": [
					{ "x": 17.63, "y": -2.67, "curve": "stepped" },
					{ "time": 0.2, "x": 17.63, "y": -2.67 }
				],
				"scale": [
					{ "y": 0.924, "curve": "stepped" },
					{ "time": 0.2, "y": 0.924 }
				]
			},
			"arm_2": {
				"rotate": [
					{ "value": 57.41, "curve": "stepped" },
					{ "time": 0.2, "value": 57.41 }
				],
				"translate": [
					{ "x": 0.99, "y": 1.82, "curve": "stepped" },
					{ "time": 0.2, "x": 0.99, "y": 1.82 }
				],
				"scale": [
					{ "x": 1.029, "curve": "stepped" },
					{ "time": 0.2, "x": 1.029 }
				]
			},
			"thigh_1": {
				"rotate": [
					{ "value": -6.18, "curve": "stepped" },
					{ "time": 0.2, "value": -6.18 }
				],
				"translate": [
					{ "curve": "stepped" },
					{ "time": 0.2 }
				],
				"scale": [
					{ "curve": "stepped" },
					{ "time": 0.2 }
				]
			},
			"leg_1": {
				"rotate": [
					{ "value": 5.22, "curve": "stepped" },
					{ "time": 0.2, "value": 5.22 }
				],
				"translate": [
					{ "curve": "stepped" },
					{ "time": 0.2 }
				],
				"scale": [
					{ "curve": "stepped" },
					{ "time": 0.2 }
				]
			},
			"thigh_2": {
				"rotate": [
					{ "value": 2.51, "curve": "stepped" },
					{ "time": 0.2, "value": 2.51 }
				],
				"translate": [
					{ "curve": "stepped" },
					{ "time": 0.2 }
				],
				"scale": [
					{ "x": 0.937, "curve": "stepped" },
					{ "time": 0.2, "x": 0.937 }
				]
			},
			"leg_2": {
				"rotate": [
					{ "value": 3.66, "curve": "stepped" },
					{ "time": 0.2, "value": 3.66 }
				],
				"translate": [
					{ "curve": "stepped" },
					{ "time": 0.2 }
				],
				"scale": [
					{ "curve": "stepped" },
					{ "time": 0.2 }
				]
			},
			"foot_2": {
				"rotate": [
					{ "curve": "stepped" },
					{ "time": 0.2 }
				],
				"translate": [
					{ "x": 73.83, "y": 36.76, "curve": "stepped" },
					{ "time": 0.2, "x": 73.83, "y": 36.76 }
				]
			},
			"foot_3": {
				"rotate": [
					{ "value": -4.37, "curve": "stepped" },
					{ "time": 0.2, "value": -4.37 }
				],
				"translate": [
					{ "x": -60.79, "y": 189.86, "curve": "stepped" },
					{ "time": 0.2, "x": -60.79, "y": 189.86 }
				]
			},
			"feeling_5": {
				"rotate": [
					{ "curve": "stepped" },
					{ "time": 0.2 }
				],
				"translate": [
					{ "curve": "stepped" },
					{ "time": 0.2 }
				]
			},
			"feeling_1": {
				"rotate": [
					{ "value": -134.92, "curve": "stepped" },
					{ "time": 0.2, "value": -134.92 }
				],
				"translate": [
					{ "x": 22.2, "y": -18.76, "curve": "stepped" },
					{ "time": 0.2, "x": 22.2, "y": -18.76 }
				],
				"scale": [
					{ "curve": "stepped" },
					{ "time": 0.2 }
				]
			},
			"feeling_2": {
				"rotate": [
					{ "value": -134.92, "curve": "stepped" },
					{ "time": 0.2, "value": -134.92 }
				],
				"translate": [
					{ "x": 22.2, "y": -18.76, "curve": "stepped" },
					{ "time": 0.2, "x": 22.2, "y": -18.76 }
				],
				"scale": [
					{ "curve": "stepped" },
					{ "time": 0.2 }
				]
			},
			"move": {
				"translate": [
					{ "x": 119.99, "y": -0.41, "curve": "stepped" },
					{ "time": 0.2, "x": 119.99, "y": -0.41 }
				],
				"scale": [
					{ "curve": "stepped" },
					{ "time": 0.2 }
				]
			},
			"item_1": {
				"translate": [
					{ "x": -8.72, "y": -80.99, "curve": "stepped" },
					{ "time": 0.2, "x": -8.72, "y": -80.99 }
				],
				"scale": [
					{ "curve": "stepped" },
					{ "time": 0.2 }
				]
			}
		},
		"ik": {
			"foot_1": [
				{
					"bendPositive": false,
					"stretch": true,
					"curve": [ 0.05, 1, 0.15, 1, 0.05, 0, 0.15, 0 ]
				},
				{ "time": 0.2, "bendPositive": false, "stretch": true }
			],
			"foot_2": [
				{
					"stretch": true,
					"curve": [ 0.05, 1, 0.15, 1, 0.05, 0, 0.15, 0 ]
				},
				{ "time": 0.2, "stretch": true }
			]
		},
		"drawOrder": [
			{
				"offsets": [
					{ "slot": "shoulder4", "offset": 7 }
				]
			},
			{
				"time": 0.2,
				"offsets": [
					{ "slot": "shoulder4", "offset": 7 }
				]
			}
		]
	},
	"t_372_1_lose2": {
		"slots": {
			"body": {
				"rgba": [
					{ "color": "000000ff", "curve": "stepped" },
					{ "time": 0.5, "color": "000000ff" }
				]
			},
			"Emoji": {
				"rgba": [
					{ "color": "ff6767ff", "curve": "stepped" },
					{ "time": 0.5, "color": "ff6767ff" }
				],
				"attachment": [
					{ "name": "Emoji/emo_57_c" },
					{ "time": 0.5, "name": "Emoji/emo_57_c" }
				]
			},
			"feeling_1": {
				"attachment": [
					{ "name": "mo_hoi" },
					{ "time": 0.5, "name": "mo_hoi" }
				]
			},
			"feeling_2": {
				"rgba": [
					{ "color": "fffa22ff", "curve": "stepped" },
					{ "time": 0.5, "color": "fffa22ff" }
				],
				"attachment": [
					{ "name": "scare" },
					{ "time": 0.1667 },
					{ "time": 0.2667, "name": "scare" },
					{ "time": 0.4 },
					{ "time": 0.5, "name": "scare" }
				]
			},
			"feeling_3": {
				"attachment": [
					{ "name": "giat_minh" },
					{ "time": 0.5, "name": "giat_minh" }
				]
			},
			"feeling_5": {
				"attachment": [
					{},
					{ "time": 0.5 }
				]
			},
			"hair": {
				"attachment": [
					{},
					{ "time": 0.5 }
				]
			},
			"head": {
				"rgba": [
					{ "color": "ffffffff", "curve": "stepped" },
					{ "time": 0.5, "color": "ffffffff" }
				],
				"attachment": [
					{ "name": "head_7" },
					{ "time": 0.5, "name": "head_7" }
				]
			},
			"item": {
				"attachment": [
					{},
					{ "time": 0.5 }
				]
			},
			"shoulder1": {
				"rgba": [
					{ "color": "000000ff", "curve": "stepped" },
					{ "time": 0.5, "color": "000000ff" }
				],
				"attachment": [
					{ "name": "shoulder" },
					{ "time": 0.5, "name": "shoulder" }
				]
			},
			"shoulder2": {
				"rgba": [
					{ "color": "000000ff", "curve": "stepped" },
					{ "time": 0.5, "color": "000000ff" }
				],
				"attachment": [
					{ "name": "shoulder" },
					{ "time": 0.5, "name": "shoulder" }
				]
			},
			"shoulder3": {
				"rgba": [
					{ "color": "000000ff", "curve": "stepped" },
					{ "time": 0.5, "color": "000000ff" }
				],
				"attachment": [
					{ "name": "shoulder" },
					{ "time": 0.5, "name": "shoulder" }
				]
			},
			"shoulder4": {
				"rgba": [
					{ "color": "ff0000ff", "curve": "stepped" },
					{ "time": 0.5, "color": "ff0000ff" }
				],
				"attachment": [
					{ "name": "shoulder" },
					{ "time": 0.5, "name": "shoulder" }
				]
			},
			"thigh": {
				"rgba": [
					{ "color": "000000ff", "curve": "stepped" },
					{ "time": 0.5, "color": "000000ff" }
				]
			},
			"thigh2": {
				"rgba": [
					{ "color": "000000ff", "curve": "stepped" },
					{ "time": 0.5, "color": "000000ff" }
				]
			},
			"thigh3": {
				"rgba": [
					{ "color": "000000ff", "curve": "stepped" },
					{ "time": 0.5, "color": "000000ff" }
				]
			},
			"thigh4": {
				"rgba": [
					{ "color": "000000ff", "curve": "stepped" },
					{ "time": 0.5, "color": "000000ff" }
				]
			}
		},
		"bones": {
			"head": {
				"rotate": [
					{ "value": -1.08, "curve": "stepped" },
					{ "time": 0.5, "value": -1.08 }
				],
				"translate": [
					{ "x": -8.67, "y": 7, "curve": "stepped" },
					{ "time": 0.5, "x": -8.67, "y": 7 }
				],
				"scale": [
					{ "x": 1.095, "curve": "stepped" },
					{ "time": 0.5, "x": 1.095 }
				]
			},
			"root": {
				"rotate": [
					{ "curve": "stepped" },
					{ "time": 0.5 }
				],
				"translate": [
					{ "curve": "stepped" },
					{ "time": 0.5 }
				]
			},
			"main": {
				"rotate": [
					{ "value": -7.39, "curve": "stepped" },
					{ "time": 0.5, "value": -7.39 }
				],
				"translate": [
					{ "x": 2.37, "y": -70.24, "curve": "stepped" },
					{ "time": 0.5, "x": 2.37, "y": -70.24 }
				]
			},
			"hip": {
				"rotate": [
					{ "curve": "stepped" },
					{ "time": 0.5 }
				],
				"translate": [
					{ "curve": "stepped" },
					{ "time": 0.5 }
				]
			},
			"body": {
				"rotate": [
					{ "value": 5.43, "curve": "stepped" },
					{ "time": 0.5, "value": 5.43 }
				],
				"translate": [
					{ "curve": "stepped" },
					{ "time": 0.5 }
				]
			},
			"body2": {
				"rotate": [
					{ "value": -1.12, "curve": "stepped" },
					{ "time": 0.5, "value": -1.12 }
				],
				"translate": [
					{ "curve": "stepped" },
					{ "time": 0.5 }
				]
			},
			"body3": {
				"rotate": [
					{ "value": -1.12, "curve": "stepped" },
					{ "time": 0.5, "value": -1.12 }
				],
				"translate": [
					{ "curve": "stepped" },
					{ "time": 0.5 }
				]
			},
			"body4": {
				"rotate": [
					{ "value": -2.03, "curve": "stepped" },
					{ "time": 0.5, "value": -2.03 }
				],
				"translate": [
					{ "curve": "stepped" },
					{ "time": 0.5 }
				]
			},
			"body5": {
				"rotate": [
					{ "value": -4.1, "curve": "stepped" },
					{ "time": 0.5, "value": -4.1 }
				],
				"translate": [
					{ "curve": "stepped" },
					{ "time": 0.5 }
				]
			},
			"body6": {
				"rotate": [
					{ "value": -0.54, "curve": "stepped" },
					{ "time": 0.5, "value": -0.54 }
				],
				"translate": [
					{ "curve": "stepped" },
					{ "time": 0.5 }
				]
			},
			"body7": {
				"rotate": [
					{ "value": -1.12, "curve": "stepped" },
					{ "time": 0.5, "value": -1.12 }
				],
				"translate": [
					{ "curve": "stepped" },
					{ "time": 0.5 }
				]
			},
			"body8": {
				"rotate": [
					{ "value": -1.12, "curve": "stepped" },
					{ "time": 0.5, "value": -1.12 }
				],
				"translate": [
					{ "curve": "stepped" },
					{ "time": 0.5 }
				]
			},
			"feeling_3": {
				"rotate": [
					{ "value": 88.49, "curve": "stepped" },
					{ "time": 0.5, "value": 88.49 }
				],
				"translate": [
					{ "x": 69.87, "y": -93.24, "curve": "stepped" },
					{ "time": 0.5, "x": 69.87, "y": -93.24 }
				],
				"scale": [
					{ "x": -1.09, "y": 1.09, "curve": "stepped" },
					{ "time": 0.5, "x": -1.09, "y": 1.09 }
				]
			},
			"emoji": {
				"rotate": [
					{ "value": -3.21, "curve": "stepped" },
					{ "time": 0.5, "value": -3.21 }
				],
				"translate": [
					{ "x": 27.45, "y": 29.88, "curve": "stepped" },
					{ "time": 0.5, "x": 27.45, "y": 29.88 }
				],
				"scale": [
					{ "x": 0.943, "y": 1.503, "curve": "stepped" },
					{ "time": 0.5, "x": 0.943, "y": 1.503 }
				]
			},
			"shouder_1": {
				"rotate": [
					{ "value": -142.72, "curve": "stepped" },
					{ "time": 0.5, "value": -142.72 }
				],
				"translate": [
					{ "x": 19.7, "y": 0.58, "curve": "stepped" },
					{ "time": 0.5, "x": 19.7, "y": 0.58 }
				],
				"scale": [
					{ "curve": "stepped" },
					{ "time": 0.5 }
				],
				"shear": [
					{ "y": 1, "curve": "stepped" },
					{ "time": 0.5, "y": 1 }
				]
			},
			"arm_1": {
				"rotate": [
					{ "value": -74.92, "curve": "stepped" },
					{ "time": 0.5, "value": -74.92 }
				],
				"translate": [
					{ "x": 2.02, "y": 0.08, "curve": "stepped" },
					{ "time": 0.5, "x": 2.02, "y": 0.08 }
				],
				"scale": [
					{ "curve": "stepped" },
					{ "time": 0.5 }
				]
			},
			"shouder_2": {
				"rotate": [
					{ "value": -20.43, "curve": "stepped" },
					{ "time": 0.5, "value": -20.43 }
				],
				"translate": [
					{ "x": 17.91, "y": 2, "curve": "stepped" },
					{ "time": 0.5, "x": 17.91, "y": 2 }
				],
				"scale": [
					{ "x": 1.21, "curve": "stepped" },
					{ "time": 0.5, "x": 1.21 }
				]
			},
			"arm_2": {
				"rotate": [
					{ "value": -30.09, "curve": "stepped" },
					{ "time": 0.5, "value": -30.09 }
				],
				"scale": [
					{ "x": 1.224, "curve": "stepped" },
					{ "time": 0.5, "x": 1.224 }
				]
			},
			"thigh_1": {
				"rotate": [
					{ "value": -6.18, "curve": "stepped" },
					{ "time": 0.5, "value": -6.18 }
				],
				"translate": [
					{ "curve": "stepped" },
					{ "time": 0.5 }
				]
			},
			"leg_1": {
				"rotate": [
					{ "value": 5.22, "curve": "stepped" },
					{ "time": 0.5, "value": 5.22 }
				],
				"translate": [
					{ "curve": "stepped" },
					{ "time": 0.5 }
				]
			},
			"thigh_2": {
				"rotate": [
					{ "value": 2.51, "curve": "stepped" },
					{ "time": 0.5, "value": 2.51 }
				],
				"translate": [
					{ "curve": "stepped" },
					{ "time": 0.5 }
				],
				"scale": [
					{ "curve": "stepped" },
					{ "time": 0.5 }
				]
			},
			"leg_2": {
				"rotate": [
					{ "value": 3.66, "curve": "stepped" },
					{ "time": 0.5, "value": 3.66 }
				],
				"translate": [
					{ "curve": "stepped" },
					{ "time": 0.5 }
				]
			},
			"foot_2": {
				"rotate": [
					{ "curve": "stepped" },
					{ "time": 0.5 }
				],
				"translate": [
					{ "x": -99.46, "y": -1.21, "curve": "stepped" },
					{ "time": 0.5, "x": -99.46, "y": -1.21 }
				]
			},
			"foot_3": {
				"rotate": [
					{ "curve": "stepped" },
					{ "time": 0.5 }
				],
				"translate": [
					{ "x": 123.96, "y": 1, "curve": "stepped" },
					{ "time": 0.5, "x": 123.96, "y": 1 }
				]
			},
			"feeling_5": {
				"rotate": [
					{ "value": 148.12, "curve": "stepped" },
					{ "time": 0.5, "value": 148.12 }
				],
				"translate": [
					{ "x": 71.8, "y": 119.02, "curve": "stepped" },
					{ "time": 0.5, "x": 71.8, "y": 119.02 }
				],
				"scale": [
					{ "x": 0.495, "y": 0.495, "curve": "stepped" },
					{ "time": 0.5, "x": 0.495, "y": 0.495 }
				]
			},
			"feeling_1": {
				"rotate": [
					{ "value": 42.26, "curve": "stepped" },
					{ "time": 0.5, "value": 42.26 }
				],
				"translate": [
					{ "x": -53.25, "y": -63.22, "curve": "stepped" },
					{ "time": 0.5, "x": -53.25, "y": -63.22 }
				],
				"scale": [
					{ "x": -1.036, "y": 1.036, "curve": "stepped" },
					{ "time": 0.5, "x": -1.036, "y": 1.036 }
				]
			},
			"feeling_2": {
				"rotate": [
					{ "value": -157.8, "curve": "stepped" },
					{ "time": 0.5, "value": -157.8 }
				],
				"translate": [
					{ "x": -209.69, "y": -111.78, "curve": "stepped" },
					{ "time": 0.5, "x": -209.69, "y": -111.78 }
				],
				"scale": [
					{ "x": 2.185, "y": 2.185, "curve": "stepped" },
					{ "time": 0.5, "x": 2.185, "y": 2.185 }
				]
			},
			"move": {
				"translate": [
					{ "x": 119.99, "curve": "stepped" },
					{ "time": 0.5, "x": 119.99 }
				],
				"scale": [
					{ "curve": "stepped" },
					{ "time": 0.5 }
				]
			},
			"item_1": {
				"rotate": [
					{ "value": 20.66, "curve": "stepped" },
					{ "time": 0.5, "value": 20.66 }
				],
				"translate": [
					{ "x": -20.85, "y": 187.84, "curve": "stepped" },
					{ "time": 0.5, "x": -20.85, "y": 187.84 }
				],
				"scale": [
					{ "x": -0.675, "y": 0.675, "curve": "stepped" },
					{ "time": 0.5, "x": -0.675, "y": 0.675 }
				]
			},
			"hair_1": {
				"rotate": [
					{ "value": -19.58, "curve": "stepped" },
					{ "time": 0.5, "value": -19.58 }
				],
				"translate": [
					{ "x": 116.71, "y": 623.66, "curve": "stepped" },
					{ "time": 0.5, "x": 116.71, "y": 623.66 }
				],
				"scale": [
					{ "x": -0.967, "y": 0.967, "curve": "stepped" },
					{ "time": 0.5, "x": -0.967, "y": 0.967 }
				]
			}
		},
		"ik": {
			"foot_1": [
				{
					"stretch": true,
					"curve": [ 0.125, 1, 0.375, 1, 0.125, 0, 0.375, 0 ]
				},
				{ "time": 0.5, "stretch": true }
			],
			"foot_2": [
				{
					"stretch": true,
					"curve": [ 0.125, 1, 0.375, 1, 0.125, 0, 0.375, 0 ]
				},
				{ "time": 0.5, "stretch": true }
			]
		},
		"drawOrder": [
			{
				"offsets": [
					{ "slot": "item", "offset": 15 },
					{ "slot": "shoulder4", "offset": -3 },
					{ "slot": "Emoji", "offset": 4 },
					{ "slot": "feeling_5", "offset": -13 },
					{ "slot": "feeling_1", "offset": 1 }
				]
			},
			{
				"time": 0.5,
				"offsets": [
					{ "slot": "item", "offset": 15 },
					{ "slot": "shoulder4", "offset": -3 },
					{ "slot": "Emoji", "offset": 4 },
					{ "slot": "feeling_5", "offset": -13 },
					{ "slot": "feeling_1", "offset": 1 }
				]
			}
		]
	},
	"t_372_1_win": {
		"slots": {
			"body": {
				"rgba": [
					{ "color": "000000ff" }
				]
			},
			"Emoji": {
				"attachment": [
					{ "name": "Emoji/new/emo_64" }
				]
			},
			"feeling_1": {
				"rgba": [
					{ "color": "ffffffff" }
				],
				"attachment": [
					{ "name": "water_mouth" }
				]
			},
			"feeling_2": {
				"attachment": [
					{}
				]
			},
			"feeling_3": {
				"rgba": [
					{ "color": "ffffffff" }
				],
				"attachment": [
					{}
				]
			},
			"feeling_5": {
				"rgba": [
					{ "color": "ffffffff" }
				],
				"attachment": [
					{}
				]
			},
			"head": {
				"rgba": [
					{ "color": "ffffffff" }
				],
				"attachment": [
					{ "name": "head" }
				]
			},
			"shoulder1": {
				"rgba": [
					{ "color": "000000ff" }
				],
				"attachment": [
					{ "name": "shoulder" }
				]
			},
			"shoulder2": {
				"rgba": [
					{ "color": "000000ff" }
				],
				"attachment": [
					{ "name": "shoulder" }
				]
			},
			"shoulder3": {
				"rgba": [
					{ "color": "000000ff" }
				],
				"attachment": [
					{ "name": "shoulder" }
				]
			},
			"shoulder4": {
				"rgba": [
					{ "color": "000000ff" }
				],
				"attachment": [
					{ "name": "shoulder" }
				]
			},
			"thigh": {
				"rgba": [
					{ "color": "000000ff" }
				]
			},
			"thigh2": {
				"rgba": [
					{ "color": "000000ff" }
				]
			},
			"thigh3": {
				"rgba": [
					{ "color": "000000ff" }
				]
			},
			"thigh4": {
				"rgba": [
					{ "color": "000000ff" }
				]
			}
		},
		"bones": {
			"head": {
				"rotate": [
					{ "value": 14.36 }
				],
				"translate": [
					{ "x": -8.21, "y": 1.16 }
				],
				"scale": [
					{}
				]
			},
			"root": {
				"rotate": [
					{}
				],
				"translate": [
					{}
				]
			},
			"main": {
				"rotate": [
					{ "value": 11.22 }
				],
				"translate": [
					{ "x": 44.2, "y": -70.9 }
				]
			},
			"hip": {
				"rotate": [
					{}
				],
				"translate": [
					{}
				]
			},
			"body": {
				"rotate": [
					{ "value": -0.69 }
				],
				"translate": [
					{}
				],
				"scale": [
					{}
				]
			},
			"body2": {
				"rotate": [
					{ "value": -0.05 }
				],
				"translate": [
					{}
				],
				"scale": [
					{}
				]
			},
			"body3": {
				"rotate": [
					{ "value": -0.05 }
				],
				"translate": [
					{}
				],
				"scale": [
					{}
				]
			},
			"body4": {
				"rotate": [
					{ "value": -0.05 }
				],
				"translate": [
					{}
				],
				"scale": [
					{}
				]
			},
			"body5": {
				"rotate": [
					{ "value": -0.05 }
				],
				"translate": [
					{}
				],
				"scale": [
					{}
				]
			},
			"body6": {
				"rotate": [
					{ "value": -0.05 }
				],
				"translate": [
					{}
				],
				"scale": [
					{}
				]
			},
			"body7": {
				"rotate": [
					{ "value": -0.05 }
				],
				"translate": [
					{}
				],
				"scale": [
					{}
				]
			},
			"body8": {
				"rotate": [
					{ "value": -0.05 }
				],
				"translate": [
					{}
				],
				"scale": [
					{}
				]
			},
			"feeling_3": {
				"rotate": [
					{ "value": 3.86 }
				],
				"translate": [
					{ "x": 18.74, "y": -11 }
				],
				"scale": [
					{}
				]
			},
			"emoji": {
				"rotate": [
					{ "value": -8.08 }
				],
				"translate": [
					{ "x": 7.4, "y": 14.31 }
				],
				"scale": [
					{ "x": -1.094, "y": 1.094 }
				]
			},
			"shouder_1": {
				"rotate": [
					{ "value": -126.34 }
				],
				"translate": [
					{ "x": 25.82, "y": -2.1 }
				],
				"scale": [
					{}
				]
			},
			"arm_1": {
				"rotate": [
					{ "value": -58.45 }
				],
				"translate": [
					{ "x": 2.02, "y": 0.08 }
				],
				"scale": [
					{}
				]
			},
			"shouder_2": {
				"rotate": [
					{ "value": 55.91 }
				],
				"translate": [
					{ "x": 22.93, "y": -1.38 }
				],
				"scale": [
					{}
				]
			},
			"arm_2": {
				"rotate": [
					{ "value": -51.27 }
				],
				"scale": [
					{ "x": 0.926 }
				]
			},
			"thigh_1": {
				"rotate": [
					{ "value": 4.72 }
				],
				"translate": [
					{}
				],
				"scale": [
					{}
				]
			},
			"leg_1": {
				"rotate": [
					{ "value": 40 }
				],
				"translate": [
					{}
				]
			},
			"thigh_2": {
				"rotate": [
					{ "value": -48.68 }
				],
				"translate": [
					{}
				],
				"scale": [
					{}
				]
			},
			"leg_2": {
				"rotate": [
					{ "value": 51.06 }
				],
				"translate": [
					{}
				]
			},
			"foot_2": {
				"rotate": [
					{}
				],
				"translate": [
					{ "x": 169.81, "y": 3 }
				]
			},
			"foot_3": {
				"rotate": [
					{ "value": 12.32 }
				],
				"translate": [
					{ "x": -106.31, "y": 1.02 }
				]
			},
			"feeling_5": {
				"rotate": [
					{ "value": -109.24 }
				],
				"translate": [
					{ "x": 53.43, "y": -75.27 }
				],
				"scale": [
					{ "x": 0.84, "y": 0.84 }
				],
				"shear": [
					{}
				]
			},
			"feeling_1": {
				"rotate": [
					{ "value": 40.35 }
				],
				"translate": [
					{ "x": -111.46, "y": -162.55 }
				],
				"scale": [
					{ "x": 1.11, "y": 1.258 }
				]
			},
			"feeling_2": {
				"rotate": [
					{ "value": 125.15 }
				],
				"translate": [
					{ "x": -132.93, "y": -35.85 }
				]
			},
			"move": {
				"translate": [
					{ "x": 119.99 }
				],
				"scale": [
					{ "x": -1 }
				]
			},
			"item_tay": {
				"rotate": [
					{ "value": -26.07 }
				]
			}
		},
		"ik": {
			"foot_1": [
				{ "stretch": true }
			],
			"foot_2": [
				{ "stretch": true }
			]
		},
		"drawOrder": [
			{
				"offsets": [
					{ "slot": "shoulder4", "offset": -3 },
					{ "slot": "feeling_1", "offset": -4 }
				]
			}
		]
	},
	"t_372_2_be": {
		"slots": {
			"body": {
				"rgba": [
					{ "color": "000000ff" }
				]
			},
			"Emoji": {
				"attachment": [
					{ "name": "Emoji/emo_25" }
				]
			},
			"feeling_1": {
				"rgba": [
					{ "color": "ffffffff" }
				],
				"attachment": [
					{}
				]
			},
			"feeling_2": {
				"attachment": [
					{}
				]
			},
			"feeling_3": {
				"attachment": [
					{}
				]
			},
			"feeling_5": {
				"attachment": [
					{}
				]
			},
			"hair": {
				"attachment": [
					{ "name": "hair/man/mu_chef" }
				]
			},
			"head": {
				"rgba": [
					{ "color": "ffffffff" }
				],
				"attachment": [
					{ "name": "head" }
				]
			},
			"shoulder1": {
				"rgba": [
					{ "color": "000000ff" }
				],
				"attachment": [
					{ "name": "shoulder" }
				]
			},
			"shoulder2": {
				"rgba": [
					{ "color": "000000ff" }
				],
				"attachment": [
					{ "name": "shoulder" }
				]
			},
			"shoulder3": {
				"rgba": [
					{ "color": "000000ff" }
				],
				"attachment": [
					{ "name": "shoulder" }
				]
			},
			"shoulder4": {
				"rgba": [
					{ "color": "000000ff" }
				],
				"attachment": [
					{ "name": "shoulder" }
				]
			},
			"thigh": {
				"rgba": [
					{ "color": "000000ff" }
				],
				"attachment": [
					{}
				]
			},
			"thigh2": {
				"rgba": [
					{ "color": "000000ff" }
				],
				"attachment": [
					{}
				]
			},
			"thigh3": {
				"rgba": [
					{ "color": "000000ff" }
				],
				"attachment": [
					{}
				]
			},
			"thigh4": {
				"rgba": [
					{ "color": "000000ff" }
				],
				"attachment": [
					{}
				]
			}
		},
		"bones": {
			"head": {
				"rotate": [
					{ "value": -1.78 }
				],
				"translate": [
					{ "x": -89.27, "y": -0.83 }
				],
				"scale": [
					{}
				]
			},
			"root": {
				"rotate": [
					{}
				],
				"translate": [
					{}
				]
			},
			"main": {
				"rotate": [
					{ "value": 9.9 }
				],
				"translate": [
					{ "x": 0.18, "y": -253.95 }
				]
			},
			"hip": {
				"rotate": [
					{}
				],
				"translate": [
					{}
				]
			},
			"body4": {
				"rotate": [
					{}
				],
				"translate": [
					{}
				],
				"scale": [
					{}
				]
			},
			"feeling_3": {
				"rotate": [
					{}
				],
				"translate": [
					{ "x": 90.11, "y": 101.12 }
				],
				"scale": [
					{ "x": 1.976, "y": 1.976 }
				]
			},
			"emoji": {
				"rotate": [
					{ "value": -0.45 }
				],
				"translate": [
					{ "x": -4.4, "y": -0.25 }
				],
				"scale": [
					{ "x": 1.199, "y": 1.199 }
				]
			},
			"shouder_1": {
				"rotate": [
					{ "value": -47.28 }
				],
				"translate": [
					{ "x": -47.74, "y": -3.33 }
				],
				"scale": [
					{}
				],
				"shear": [
					{}
				]
			},
			"arm_1": {
				"rotate": [
					{ "value": -82.27 }
				],
				"scale": [
					{}
				]
			},
			"shouder_2": {
				"rotate": [
					{ "value": 44.48 }
				],
				"translate": [
					{ "x": -46.3, "y": 2.49 }
				],
				"scale": [
					{}
				]
			},
			"arm_2": {
				"rotate": [
					{ "value": -70.8 }
				],
				"scale": [
					{}
				]
			},
			"thigh_1": {
				"rotate": [
					{ "value": -42.67 }
				],
				"translate": [
					{ "x": -1.39, "y": -0.6 }
				],
				"scale": [
					{}
				]
			},
			"leg_1": {
				"rotate": [
					{ "value": 97.27 }
				],
				"translate": [
					{}
				],
				"scale": [
					{}
				]
			},
			"thigh_2": {
				"rotate": [
					{ "value": -49.96 }
				],
				"translate": [
					{}
				],
				"scale": [
					{}
				]
			},
			"leg_2": {
				"rotate": [
					{ "value": 61.21 }
				],
				"translate": [
					{}
				],
				"scale": [
					{}
				]
			},
			"foot_2": {
				"rotate": [
					{}
				],
				"translate": [
					{ "x": 28.48, "y": -266.97 }
				]
			},
			"foot_3": {
				"rotate": [
					{}
				],
				"translate": [
					{ "x": 60.62, "y": -261.8 }
				]
			},
			"feeling_5": {
				"rotate": [
					{ "value": -20.46 }
				],
				"translate": [
					{ "x": 63.29, "y": -11.02 }
				],
				"scale": [
					{ "x": 0.356, "y": 0.356 }
				]
			},
			"feeling_1": {
				"rotate": [
					{ "value": 17.16 }
				],
				"translate": [
					{ "x": 27.56, "y": 64.29 }
				],
				"scale": [
					{ "x": 1.054, "y": 1.054 }
				]
			},
			"move": {
				"rotate": [
					{ "value": 8.39 }
				],
				"translate": [
					{ "x": 119.99 }
				]
			},
			"feeling_2": {
				"rotate": [
					{ "value": 128.81 }
				],
				"translate": [
					{ "x": -300.21, "y": -354.88 }
				],
				"scale": [
					{ "x": 0.477, "y": 1.123 }
				]
			},
			"body": {
				"rotate": [
					{}
				],
				"translate": [
					{}
				]
			},
			"body2": {
				"rotate": [
					{}
				],
				"translate": [
					{}
				]
			},
			"body3": {
				"rotate": [
					{}
				],
				"translate": [
					{}
				]
			},
			"body5": {
				"rotate": [
					{}
				],
				"translate": [
					{}
				]
			},
			"body6": {
				"rotate": [
					{}
				],
				"translate": [
					{}
				]
			},
			"body7": {
				"rotate": [
					{}
				],
				"translate": [
					{}
				]
			},
			"body8": {
				"rotate": [
					{}
				],
				"translate": [
					{}
				]
			},
			"hair_1": {
				"rotate": [
					{ "value": -10.33 }
				],
				"translate": [
					{ "x": 122.65, "y": 559.72 }
				]
			}
		},
		"ik": {
			"foot_1": [
				{ "stretch": true }
			],
			"foot_2": [
				{ "bendPositive": false, "stretch": true }
			]
		},
		"drawOrder": [
			{
				"offsets": [
					{ "slot": "shoulder3", "offset": 6 },
					{ "slot": "shoulder4", "offset": 3 }
				]
			}
		]
	},
	"t_372_2_lose": {
		"slots": {
			"body": {
				"rgba": [
					{ "color": "000000ff" }
				]
			},
			"Emoji": {
				"attachment": [
					{ "name": "Emoji/emo_1" }
				]
			},
			"feeling_1": {
				"attachment": [
					{}
				]
			},
			"feeling_2": {
				"attachment": [
					{}
				]
			},
			"feeling_3": {
				"attachment": [
					{ "name": "rung" }
				]
			},
			"feeling_5": {
				"attachment": [
					{ "name": "rung" }
				]
			},
			"hair": {
				"attachment": [
					{ "name": "hair/man/mu_chef" }
				]
			},
			"head": {
				"rgba": [
					{ "color": "ffffffff" }
				],
				"attachment": [
					{ "name": "head" }
				]
			},
			"shoulder1": {
				"rgba": [
					{ "color": "000000ff" }
				],
				"attachment": [
					{ "name": "shoulder" }
				]
			},
			"shoulder2": {
				"rgba": [
					{ "color": "000000ff" }
				],
				"attachment": [
					{ "name": "shoulder" }
				]
			},
			"shoulder3": {
				"rgba": [
					{ "color": "000000ff" }
				],
				"attachment": [
					{ "name": "shoulder" }
				]
			},
			"shoulder4": {
				"rgba": [
					{ "color": "000000ff" }
				],
				"attachment": [
					{ "name": "shoulder" }
				]
			},
			"thigh": {
				"rgba": [
					{ "color": "000000ff" }
				],
				"attachment": [
					{}
				]
			},
			"thigh2": {
				"rgba": [
					{ "color": "000000ff" }
				],
				"attachment": [
					{}
				]
			},
			"thigh3": {
				"rgba": [
					{ "color": "000000ff" }
				],
				"attachment": [
					{}
				]
			},
			"thigh4": {
				"rgba": [
					{ "color": "000000ff" }
				],
				"attachment": [
					{}
				]
			}
		},
		"bones": {
			"head": {
				"rotate": [
					{ "value": 7.92 }
				],
				"translate": [
					{ "x": -35.91, "y": 2.92 }
				],
				"scale": [
					{}
				]
			},
			"root": {
				"rotate": [
					{}
				],
				"translate": [
					{}
				]
			},
			"main": {
				"rotate": [
					{ "value": 3.27 }
				],
				"translate": [
					{ "x": -2.54, "y": -256.15 }
				]
			},
			"hip": {
				"rotate": [
					{}
				],
				"translate": [
					{}
				]
			},
			"body": {
				"rotate": [
					{ "value": 1.28 }
				],
				"translate": [
					{ "x": -2.12, "y": 0.67 }
				],
				"scale": [
					{}
				]
			},
			"body2": {
				"rotate": [
					{ "value": 1.28 }
				],
				"translate": [
					{}
				],
				"scale": [
					{}
				]
			},
			"body3": {
				"rotate": [
					{ "value": 1.28 }
				],
				"translate": [
					{}
				],
				"scale": [
					{}
				]
			},
			"body4": {
				"rotate": [
					{ "value": 1.28 }
				],
				"translate": [
					{}
				],
				"scale": [
					{}
				]
			},
			"body5": {
				"rotate": [
					{ "value": 1.28 }
				],
				"translate": [
					{}
				],
				"scale": [
					{}
				]
			},
			"body6": {
				"rotate": [
					{ "value": 1.28 }
				],
				"translate": [
					{}
				],
				"scale": [
					{}
				]
			},
			"body7": {
				"rotate": [
					{ "value": 1.28 }
				],
				"translate": [
					{}
				],
				"scale": [
					{}
				]
			},
			"body8": {
				"rotate": [
					{ "value": 1.28 }
				],
				"translate": [
					{}
				],
				"scale": [
					{}
				]
			},
			"feeling_3": {
				"rotate": [
					{ "value": 75.19 }
				],
				"translate": [
					{ "x": -45.81, "y": -118.6 }
				]
			},
			"emoji": {
				"rotate": [
					{ "value": 7.35 }
				],
				"translate": [
					{ "x": 7.13, "y": -7.03 }
				],
				"scale": [
					{ "x": -0.983, "y": 0.983 }
				]
			},
			"shouder_1": {
				"rotate": [
					{ "value": -121.47 }
				],
				"translate": [
					{ "x": -8.29, "y": 2.8 }
				],
				"scale": [
					{}
				]
			},
			"arm_1": {
				"rotate": [
					{ "value": 71.41 }
				],
				"translate": [
					{ "x": 2.02, "y": 0.08 }
				],
				"scale": [
					{}
				]
			},
			"shouder_2": {
				"rotate": [
					{ "value": -170.71 }
				],
				"translate": [
					{ "x": -8.65, "y": -4.53 }
				],
				"scale": [
					{}
				]
			},
			"arm_2": {
				"rotate": [
					{ "value": 18.71 }
				],
				"translate": [
					{}
				],
				"scale": [
					{}
				]
			},
			"thigh_1": {
				"rotate": [
					{ "value": 24.72 }
				],
				"translate": [
					{ "x": -2.06, "y": 0.12 }
				],
				"scale": [
					{}
				]
			},
			"leg_1": {
				"rotate": [
					{}
				],
				"translate": [
					{}
				]
			},
			"thigh_2": {
				"rotate": [
					{ "value": 39.21 }
				],
				"translate": [
					{ "x": -2.06, "y": 0.12 }
				],
				"scale": [
					{}
				]
			},
			"leg_2": {
				"rotate": [
					{ "value": 18.14 }
				],
				"translate": [
					{}
				]
			},
			"foot_2": {
				"rotate": [
					{}
				],
				"translate": [
					{ "x": -66.11, "y": -3.04 }
				]
			},
			"foot_3": {
				"rotate": [
					{}
				],
				"translate": [
					{ "x": 61.2, "y": -1.17 }
				]
			},
			"feeling_5": {
				"rotate": [
					{ "value": -106.61 }
				],
				"translate": [
					{ "x": -161.06, "y": 113.34 }
				],
				"scale": [
					{ "x": 0.466, "y": 0.466 }
				]
			},
			"item_1": {
				"rotate": [
					{ "value": 4.93 }
				]
			},
			"move": {
				"translate": [
					{ "x": 119.99 }
				],
				"scale": [
					{}
				]
			},
			"feeling_2": {
				"rotate": [
					{ "value": 21.31 }
				],
				"translate": [
					{ "x": -251.45, "y": -22.09 }
				],
				"scale": [
					{ "x": 1.731, "y": 1.731 }
				]
			},
			"feeling_1": {
				"rotate": [
					{ "value": -17.16 }
				],
				"translate": [
					{ "x": -272.06, "y": -266.89 }
				],
				"scale": [
					{ "x": 1.065, "y": 1.065 }
				]
			},
			"hair_1": {
				"rotate": [
					{ "value": 17.63 }
				],
				"translate": [
					{ "x": 26.58, "y": 590.95 }
				],
				"scale": [
					{ "y": 0.879 }
				]
			}
		},
		"ik": {
			"foot_1": [
				{ "bendPositive": false, "stretch": true }
			],
			"foot_2": [
				{ "bendPositive": false, "stretch": true }
			]
		},
		"drawOrder": [
			{
				"offsets": [
					{ "slot": "shoulder4", "offset": -3 }
				]
			}
		]
	},
	"t_372_2_win": {
		"slots": {
			"body": {
				"rgba": [
					{ "color": "000000ff" }
				]
			},
			"Emoji": {
				"attachment": [
					{ "name": "Emoji/emo_42" }
				]
			},
			"feeling_1": {
				"attachment": [
					{ "name": "cauco" }
				]
			},
			"feeling_2": {
				"attachment": [
					{ "name": "giat_minh" }
				]
			},
			"feeling_3": {
				"rgba": [
					{ "color": "ffffffff" }
				],
				"attachment": [
					{}
				]
			},
			"feeling_5": {
				"rgba": [
					{ "color": "dfff00ff" }
				],
				"attachment": [
					{}
				]
			},
			"hair": {
				"attachment": [
					{ "name": "hair/man/mu_chef" }
				]
			},
			"head": {
				"rgba": [
					{ "color": "ffa6a6ff" }
				],
				"attachment": [
					{ "name": "head" }
				]
			},
			"shoulder1": {
				"rgba": [
					{ "color": "000000ff" }
				],
				"attachment": [
					{ "name": "shoulder" }
				]
			},
			"shoulder2": {
				"rgba": [
					{ "color": "000000ff" }
				],
				"attachment": [
					{ "name": "shoulder" }
				]
			},
			"shoulder3": {
				"rgba": [
					{ "color": "000000ff" }
				],
				"attachment": [
					{ "name": "shoulder" }
				]
			},
			"shoulder4": {
				"rgba": [
					{ "color": "000000ff" }
				],
				"attachment": [
					{ "name": "shoulder" }
				]
			},
			"thigh": {
				"rgba": [
					{ "color": "000000ff" }
				]
			},
			"thigh2": {
				"rgba": [
					{ "color": "000000ff" }
				]
			},
			"thigh3": {
				"rgba": [
					{ "color": "000000ff" }
				]
			},
			"thigh4": {
				"rgba": [
					{ "color": "000000ff" }
				]
			}
		},
		"bones": {
			"head": {
				"rotate": [
					{ "value": -20.02 }
				],
				"translate": [
					{ "x": -14.84, "y": 35.3 }
				],
				"scale": [
					{}
				]
			},
			"root": {
				"rotate": [
					{}
				],
				"translate": [
					{}
				]
			},
			"main": {
				"rotate": [
					{ "value": 12.51 }
				],
				"translate": [
					{ "x": -0.52, "y": -61.21 }
				]
			},
			"hip": {
				"rotate": [
					{}
				],
				"translate": [
					{}
				]
			},
			"body": {
				"rotate": [
					{ "value": -2.15 }
				],
				"translate": [
					{}
				],
				"scale": [
					{}
				]
			},
			"body2": {
				"rotate": [
					{ "value": -2.15 }
				],
				"translate": [
					{}
				],
				"scale": [
					{}
				]
			},
			"body3": {
				"rotate": [
					{ "value": -2.15 }
				],
				"translate": [
					{}
				],
				"scale": [
					{}
				]
			},
			"body4": {
				"rotate": [
					{ "value": -2.15 }
				],
				"translate": [
					{}
				],
				"scale": [
					{}
				]
			},
			"body5": {
				"rotate": [
					{ "value": -2.15 }
				],
				"translate": [
					{}
				],
				"scale": [
					{}
				]
			},
			"body6": {
				"rotate": [
					{ "value": -2.15 }
				],
				"translate": [
					{}
				],
				"scale": [
					{}
				]
			},
			"body7": {
				"rotate": [
					{ "value": -2.15 }
				],
				"translate": [
					{}
				],
				"scale": [
					{}
				]
			},
			"body8": {
				"rotate": [
					{ "value": -2.15 }
				],
				"translate": [
					{}
				],
				"scale": [
					{}
				]
			},
			"feeling_3": {
				"rotate": [
					{ "value": 175.48 }
				],
				"translate": [
					{ "x": 91.59, "y": 61.28 }
				],
				"scale": [
					{ "x": -1.375, "y": 1.375 }
				]
			},
			"emoji": {
				"rotate": [
					{ "value": 10.26 }
				],
				"translate": [
					{ "x": -2.72, "y": 9.5 }
				],
				"scale": [
					{}
				]
			},
			"shouder_1": {
				"rotate": [
					{ "value": -50.13 }
				],
				"translate": [
					{ "x": 14.35, "y": 0.6 }
				],
				"scale": [
					{}
				]
			},
			"arm_1": {
				"rotate": [
					{ "value": -21.84 }
				],
				"translate": [
					{ "x": 2.02, "y": 0.08 }
				],
				"scale": [
					{}
				]
			},
			"shouder_2": {
				"rotate": [
					{ "value": -15.84 }
				],
				"translate": [
					{ "x": 18.49, "y": -1.86 }
				],
				"scale": [
					{}
				]
			},
			"arm_2": {
				"rotate": [
					{ "value": -11 }
				],
				"translate": [
					{}
				],
				"scale": [
					{}
				]
			},
			"thigh_1": {
				"rotate": [
					{ "value": 24.72 }
				],
				"translate": [
					{}
				],
				"scale": [
					{}
				]
			},
			"leg_1": {
				"rotate": [
					{}
				],
				"translate": [
					{}
				]
			},
			"thigh_2": {
				"rotate": [
					{ "value": 39.21 }
				],
				"translate": [
					{}
				],
				"scale": [
					{}
				]
			},
			"leg_2": {
				"rotate": [
					{ "value": 18.14 }
				],
				"translate": [
					{}
				]
			},
			"foot_2": {
				"rotate": [
					{}
				],
				"translate": [
					{ "x": -184.5, "y": 28.54 }
				]
			},
			"foot_3": {
				"rotate": [
					{}
				],
				"translate": [
					{ "x": 177.66, "y": 73.3 }
				]
			},
			"feeling_5": {
				"rotate": [
					{ "value": -37.39 }
				],
				"translate": [
					{ "x": -225.89, "y": 142.69 }
				],
				"scale": [
					{ "x": 0.745, "y": 0.815 }
				]
			},
			"item_1": {
				"rotate": [
					{ "value": 3.74 }
				],
				"translate": [
					{ "x": -105.06, "y": 66.67 }
				],
				"scale": [
					{ "x": 0.865, "y": 0.865 }
				]
			},
			"move": {
				"translate": [
					{ "x": 119.99 }
				],
				"scale": [
					{ "x": -1 }
				]
			},
			"feeling_1": {
				"rotate": [
					{ "value": -27.31 }
				],
				"translate": [
					{ "x": 21.03, "y": -119.12 }
				],
				"scale": [
					{ "x": 0.877, "y": 0.877 }
				]
			},
			"feeling_2": {
				"rotate": [
					{ "value": 114.26 }
				],
				"translate": [
					{ "x": -122.19, "y": -50.36 }
				],
				"scale": [
					{ "x": 1.006, "y": 1.006 }
				]
			},
			"hair_1": {
				"rotate": [
					{ "value": -41.87 }
				],
				"translate": [
					{ "x": 205.66, "y": 609.53 }
				],
				"scale": [
					{ "y": 0.879 }
				]
			}
		},
		"ik": {
			"foot_1": [
				{ "stretch": true }
			],
			"foot_2": [
				{ "stretch": true }
			]
		},
		"drawOrder": [
			{
				"offsets": [
					{ "slot": "item", "offset": 14 },
					{ "slot": "shoulder1", "offset": 13 },
					{ "slot": "shoulder3", "offset": -1 },
					{ "slot": "shoulder2", "offset": 12 },
					{ "slot": "feeling_5", "offset": 3 }
				]
			}
		]
	},
	"t_390_1_be": {
		"slots": {
			"body": {
				"rgba": [
					{ "color": "000000ff" }
				]
			},
			"Emoji": {
				"attachment": [
					{ "name": "Emoji/emo_1" }
				]
			},
			"feeling_1": {
				"rgba": [
					{ "color": "fc7979d0" }
				],
				"attachment": [
					{}
				]
			},
			"feeling_2": {
				"rgba": [
					{ "color": "ff6363ba" }
				],
				"attachment": [
					{}
				]
			},
			"feeling_3": {
				"attachment": [
					{}
				]
			},
			"feeling_4": {
				"rgba": [
					{ "color": "ffffffff" }
				],
				"attachment": [
					{}
				]
			},
			"feeling_5": {
				"rgba": [
					{ "color": "ffffffff" }
				],
				"attachment": [
					{}
				]
			},
			"hair": {
				"attachment": [
					{}
				]
			},
			"head": {
				"rgba": [
					{ "color": "ffffffff" }
				],
				"attachment": [
					{ "name": "head" }
				]
			},
			"shoulder1": {
				"rgba": [
					{ "color": "000000ff" }
				],
				"attachment": [
					{ "name": "shoulder" }
				]
			},
			"shoulder2": {
				"rgba": [
					{ "color": "000000ff" }
				],
				"attachment": [
					{ "name": "shoulder" }
				]
			},
			"shoulder3": {
				"rgba": [
					{ "color": "000000ff" }
				],
				"attachment": [
					{}
				]
			},
			"shoulder4": {
				"rgba": [
					{ "color": "000000ff" }
				],
				"attachment": [
					{}
				]
			},
			"thigh": {
				"rgba": [
					{ "color": "000000ff" }
				]
			},
			"thigh2": {
				"rgba": [
					{ "color": "000000ff" }
				]
			},
			"thigh3": {
				"rgba": [
					{ "color": "000000ff" }
				]
			},
			"thigh4": {
				"rgba": [
					{ "color": "000000ff" }
				]
			}
		},
		"bones": {
			"head": {
				"rotate": [
					{ "value": 0.56 }
				],
				"translate": [
					{ "x": -64.25, "y": -1.4 }
				],
				"scale": [
					{}
				]
			},
			"root": {
				"rotate": [
					{}
				],
				"translate": [
					{}
				]
			},
			"main": {
				"rotate": [
					{ "value": -0.47 }
				],
				"translate": [
					{ "x": 2.49, "y": -7.11 }
				]
			},
			"hip": {
				"rotate": [
					{}
				],
				"translate": [
					{}
				]
			},
			"feeling_3": {
				"rotate": [
					{ "value": -9.97 }
				],
				"translate": [
					{ "x": 65.32, "y": -113.8 }
				],
				"scale": [
					{ "x": 1.731, "y": 1.731 }
				]
			},
			"emoji": {
				"rotate": [
					{ "value": 4.18 }
				],
				"translate": [
					{ "x": -4.13, "y": -0.06 }
				],
				"scale": [
					{ "x": -0.984, "y": 0.984 }
				]
			},
			"shouder_1": {
				"rotate": [
					{ "value": -51.14 }
				],
				"translate": [
					{ "x": 3.94, "y": -2.85 }
				],
				"scale": [
					{}
				],
				"shear": [
					{}
				]
			},
			"arm_1": {
				"rotate": [
					{ "value": -39.97 }
				],
				"translate": [
					{ "x": 2.02, "y": 0.08 }
				],
				"scale": [
					{}
				]
			},
			"shouder_2": {
				"rotate": [
					{ "value": 55.52 }
				],
				"translate": [
					{ "x": 0.2, "y": 9.12 }
				],
				"scale": [
					{}
				]
			},
			"arm_2": {
				"rotate": [
					{ "value": -16.95 }
				],
				"translate": [
					{}
				],
				"scale": [
					{}
				]
			},
			"thigh_1": {
				"rotate": [
					{ "value": -44.84 }
				],
				"translate": [
					{}
				],
				"scale": [
					{ "x": 0.847 }
				]
			},
			"leg_1": {
				"rotate": [
					{ "value": 45.63 }
				],
				"translate": [
					{}
				],
				"scale": [
					{}
				]
			},
			"thigh_2": {
				"rotate": [
					{ "value": -37.54 }
				],
				"translate": [
					{}
				],
				"scale": [
					{}
				]
			},
			"leg_2": {
				"rotate": [
					{ "value": 38.6 }
				],
				"translate": [
					{}
				],
				"scale": [
					{}
				]
			},
			"foot_2": {
				"rotate": [
					{ "value": -1.35 }
				],
				"translate": [
					{ "x": 36.14, "y": 36.57 }
				]
			},
			"foot_3": {
				"rotate": [
					{}
				],
				"translate": [
					{ "x": -20.47, "y": -4.55 }
				]
			},
			"feeling_5": {
				"rotate": [
					{ "value": -49.81 }
				],
				"translate": [
					{ "x": 88.69, "y": -102.61 }
				],
				"scale": [
					{ "x": 0.727, "y": 0.746 }
				]
			},
			"move": {
				"translate": [
					{ "x": 119.99 }
				],
				"scale": [
					{ "x": -1 }
				]
			},
			"feeling_1": {
				"rotate": [
					{ "value": -15.48 }
				],
				"translate": [
					{ "x": -129.02, "y": -90.65 }
				],
				"scale": [
					{ "x": 0.72, "y": 0.72 }
				]
			},
			"feeling_2": {
				"rotate": [
					{ "value": -108.7 }
				],
				"translate": [
					{ "x": -17.37, "y": -70.5 }
				],
				"scale": [
					{ "x": 0.729, "y": 0.729 }
				]
			},
			"body": {
				"rotate": [
					{ "value": 0.14 }
				]
			},
			"body2": {
				"rotate": [
					{ "value": 0.14 }
				]
			},
			"body3": {
				"rotate": [
					{ "value": 0.14 }
				]
			},
			"body4": {
				"rotate": [
					{ "value": 0.14 }
				]
			},
			"body5": {
				"rotate": [
					{ "value": 0.14 }
				]
			},
			"body6": {
				"rotate": [
					{ "value": 0.14 }
				]
			},
			"body7": {
				"rotate": [
					{ "value": 0.14 }
				]
			},
			"body8": {
				"rotate": [
					{ "value": 0.14 }
				]
			},
			"hair_1": {
				"rotate": [
					{ "value": -1.31 }
				],
				"translate": [
					{ "x": 114.07, "y": 566.08 }
				],
				"scale": [
					{ "x": 0.809, "y": 0.809 }
				]
			},
			"item_1": {
				"rotate": [
					{ "value": -11.1 }
				]
			},
			"feeling_4": {
				"rotate": [
					{ "value": -123.18 }
				],
				"translate": [
					{ "x": 52.66, "y": 98.71 }
				],
				"scale": [
					{ "x": 0.416, "y": 0.416 }
				]
			}
		},
		"ik": {
			"foot_1": [
				{ "bendPositive": false, "stretch": true }
			],
			"foot_2": [
				{ "stretch": true }
			]
		},
		"drawOrder": [
			{
				"offsets": [
					{ "slot": "shoulder2", "offset": 7 },
					{ "slot": "Emoji", "offset": 3 },
					{ "slot": "feeling_3", "offset": 3 }
				]
			}
		]
	},
	"t_390_1_lose": {
		"slots": {
			"body": {
				"rgba": [
					{ "color": "000000ff" }
				]
			},
			"Emoji": {
				"rgba": [
					{ "color": "fe6f6fff" }
				],
				"attachment": [
					{ "name": "Emoji/emo_57_c" }
				]
			},
			"feeling_1": {
				"attachment": [
					{ "name": "water_mouth" }
				]
			},
			"feeling_2": {
				"rgba": [
					{ "color": "ecff00ff" }
				],
				"attachment": [
					{ "name": "scare" }
				]
			},
			"feeling_3": {
				"attachment": [
					{}
				]
			},
			"feeling_5": {
				"attachment": [
					{ "name": "mo_hoi" }
				]
			},
			"hair": {
				"attachment": [
					{}
				]
			},
			"head": {
				"rgba": [
					{ "color": "ffffffff" }
				],
				"attachment": [
					{ "name": "head" }
				]
			},
			"item": {
				"attachment": [
					{}
				]
			},
			"shoulder1": {
				"rgba": [
					{ "color": "000000ff" }
				],
				"attachment": [
					{ "name": "shoulder" }
				]
			},
			"shoulder2": {
				"rgba": [
					{ "color": "000000ff" }
				],
				"attachment": [
					{ "name": "shoulder" }
				]
			},
			"shoulder3": {
				"rgba": [
					{ "color": "000000ff" }
				],
				"attachment": [
					{ "name": "shoulder" }
				]
			},
			"shoulder4": {
				"rgba": [
					{ "color": "000000ff" }
				],
				"attachment": [
					{ "name": "shoulder" }
				]
			},
			"thigh": {
				"rgba": [
					{ "color": "000000ff" }
				]
			},
			"thigh2": {
				"rgba": [
					{ "color": "000000ff" }
				]
			},
			"thigh3": {
				"rgba": [
					{ "color": "000000ff" }
				]
			},
			"thigh4": {
				"rgba": [
					{ "color": "000000ff" }
				]
			}
		},
		"bones": {
			"head": {
				"rotate": [
					{ "value": 9.02 }
				],
				"translate": [
					{ "x": -32.43, "y": 26.95 }
				],
				"scale": [
					{ "x": 1.358, "y": 1.031 }
				]
			},
			"root": {
				"rotate": [
					{}
				],
				"translate": [
					{}
				]
			},
			"main": {
				"rotate": [
					{ "value": 0.62 }
				],
				"translate": [
					{ "x": -0.9, "y": -27.49 }
				]
			},
			"hip": {
				"rotate": [
					{}
				],
				"translate": [
					{}
				]
			},
			"body": {
				"rotate": [
					{ "value": -0.47 }
				],
				"translate": [
					{}
				],
				"scale": [
					{}
				]
			},
			"body2": {
				"rotate": [
					{ "value": -0.47 }
				],
				"translate": [
					{}
				],
				"scale": [
					{}
				]
			},
			"body3": {
				"rotate": [
					{ "value": -0.47 }
				],
				"translate": [
					{}
				],
				"scale": [
					{}
				]
			},
			"body4": {
				"rotate": [
					{ "value": -0.47 }
				],
				"translate": [
					{}
				],
				"scale": [
					{}
				]
			},
			"body5": {
				"rotate": [
					{ "value": -0.47 }
				],
				"translate": [
					{}
				],
				"scale": [
					{}
				]
			},
			"body6": {
				"rotate": [
					{ "value": -0.47 }
				],
				"translate": [
					{}
				],
				"scale": [
					{}
				]
			},
			"body7": {
				"rotate": [
					{ "value": -0.47 }
				],
				"translate": [
					{}
				],
				"scale": [
					{}
				]
			},
			"body8": {
				"rotate": [
					{ "value": -0.47 }
				],
				"translate": [
					{}
				],
				"scale": [
					{}
				]
			},
			"feeling_3": {
				"rotate": [
					{ "value": -9.18 }
				],
				"translate": [
					{}
				]
			},
			"emoji": {
				"rotate": [
					{ "value": -12.81 }
				],
				"translate": [
					{ "x": 37.23, "y": 38.97 }
				],
				"scale": [
					{ "x": 1.292, "y": 1.477 }
				]
			},
			"shouder_1": {
				"rotate": [
					{ "value": -36.93 }
				],
				"translate": [
					{ "x": -10.33, "y": 1.38 }
				],
				"scale": [
					{}
				]
			},
			"arm_1": {
				"rotate": [
					{ "value": -10.19 }
				],
				"translate": [
					{ "x": 2.02, "y": 0.08 }
				],
				"scale": [
					{}
				]
			},
			"shouder_2": {
				"rotate": [
					{ "value": 49.09 }
				],
				"translate": [
					{ "x": -7.13, "y": 43.72 }
				],
				"scale": [
					{}
				]
			},
			"arm_2": {
				"rotate": [
					{ "value": -24.22 }
				],
				"translate": [
					{}
				],
				"scale": [
					{}
				]
			},
			"thigh_1": {
				"rotate": [
					{ "value": 24.72 }
				],
				"translate": [
					{}
				],
				"scale": [
					{}
				]
			},
			"leg_1": {
				"rotate": [
					{}
				],
				"translate": [
					{}
				]
			},
			"thigh_2": {
				"rotate": [
					{ "value": 39.21 }
				],
				"translate": [
					{}
				],
				"scale": [
					{}
				]
			},
			"leg_2": {
				"rotate": [
					{ "value": 18.14 }
				],
				"translate": [
					{}
				]
			},
			"foot_2": {
				"rotate": [
					{}
				],
				"translate": [
					{ "x": -37.39, "y": 46.57 }
				]
			},
			"foot_3": {
				"rotate": [
					{}
				],
				"translate": [
					{ "x": 50.39, "y": -1.13 }
				]
			},
			"feeling_5": {
				"rotate": [
					{ "value": 121.11 }
				],
				"translate": [
					{ "x": 98.87, "y": 109.91 }
				],
				"scale": [
					{ "x": 0.426, "y": 0.426 }
				]
			},
			"item_1": {
				"rotate": [
					{ "value": -42.35 }
				],
				"translate": [
					{ "x": 27.9, "y": 9.74 }
				],
				"scale": [
					{ "x": 0.939, "y": 1.129 }
				]
			},
			"move": {
				"translate": [
					{ "x": 119.99 }
				],
				"scale": [
					{ "x": -1 }
				]
			},
			"feeling_2": {
				"rotate": [
					{ "value": 9.59 }
				],
				"translate": [
					{ "x": -49.71, "y": -125.76 }
				],
				"scale": [
					{ "x": 1.891, "y": 3.405 }
				]
			},
			"feeling_1": {
				"rotate": [
					{ "value": -40.52 }
				],
				"translate": [
					{ "x": -165.39, "y": -131.73 }
				],
				"scale": [
					{ "x": 1.816, "y": 2.38 }
				]
			},
			"hair_1": {
				"rotate": [
					{ "value": -39.85 }
				],
				"translate": [
					{ "x": 106.27, "y": 679.82 }
				],
				"scale": [
					{ "x": 0.891, "y": 1.276 }
				]
			}
		},
		"ik": {
			"foot_1": [
				{ "stretch": true }
			],
			"foot_2": [
				{ "bendPositive": false, "stretch": true }
			]
		},
		"drawOrder": [
			{
				"offsets": [
					{ "slot": "item", "offset": 17 },
					{ "slot": "shoulder4", "offset": -4 },
					{ "slot": "feeling_1", "offset": -5 }
				]
			}
		]
	},
	"t_390_1_win": {
		"slots": {
			"body": {
				"rgba": [
					{ "color": "000000ff" }
				]
			},
			"Emoji": {
				"attachment": [
					{ "name": "Emoji/emo_17" }
				]
			},
			"feeling_1": {
				"attachment": [
					{}
				]
			},
			"feeling_2": {
				"attachment": [
					{ "name": "giat_minh" }
				]
			},
			"feeling_3": {
				"rgba": [
					{ "color": "ffffffff" }
				],
				"attachment": [
					{ "name": "lap_lanh" }
				]
			},
			"feeling_5": {
				"rgba": [
					{ "color": "ffffffff" }
				],
				"attachment": [
					{}
				]
			},
			"head": {
				"rgba": [
					{ "color": "ffffffff" }
				],
				"attachment": [
					{ "name": "head" }
				]
			},
			"item": {
				"attachment": [
					{}
				]
			},
			"shoulder1": {
				"rgba": [
					{ "color": "000000ff" }
				],
				"attachment": [
					{ "name": "shoulder" }
				]
			},
			"shoulder2": {
				"rgba": [
					{ "color": "000000ff" }
				],
				"attachment": [
					{ "name": "shoulder" }
				]
			},
			"shoulder3": {
				"rgba": [
					{ "color": "000000ff" }
				],
				"attachment": [
					{ "name": "shoulder" }
				]
			},
			"shoulder4": {
				"rgba": [
					{ "color": "000000ff" }
				],
				"attachment": [
					{ "name": "shoulder" }
				]
			},
			"thigh": {
				"rgba": [
					{ "color": "000000ff" }
				]
			},
			"thigh2": {
				"rgba": [
					{ "color": "000000ff" }
				]
			},
			"thigh3": {
				"rgba": [
					{ "color": "000000ff" }
				]
			},
			"thigh4": {
				"rgba": [
					{ "color": "000000ff" }
				]
			}
		},
		"bones": {
			"head": {
				"rotate": [
					{ "value": -5.08 }
				],
				"translate": [
					{ "x": -2.73, "y": 2.71 }
				],
				"scale": [
					{}
				]
			},
			"root": {
				"rotate": [
					{}
				],
				"translate": [
					{}
				]
			},
			"main": {
				"rotate": [
					{ "value": 6.51 }
				],
				"translate": [
					{ "x": 6.09, "y": 3.76 }
				]
			},
			"hip": {
				"rotate": [
					{}
				],
				"translate": [
					{}
				]
			},
			"body": {
				"rotate": [
					{ "value": -3.16 }
				],
				"translate": [
					{}
				],
				"scale": [
					{}
				]
			},
			"body2": {
				"rotate": [
					{ "value": -3.16 }
				],
				"translate": [
					{}
				],
				"scale": [
					{}
				]
			},
			"body3": {
				"rotate": [
					{ "value": -3.16 }
				],
				"translate": [
					{}
				],
				"scale": [
					{}
				]
			},
			"body4": {
				"rotate": [
					{ "value": -3.16 }
				],
				"translate": [
					{}
				],
				"scale": [
					{}
				]
			},
			"body5": {
				"rotate": [
					{ "value": -3.16 }
				],
				"translate": [
					{}
				],
				"scale": [
					{}
				]
			},
			"body6": {
				"rotate": [
					{ "value": -3.16 }
				],
				"translate": [
					{}
				],
				"scale": [
					{}
				]
			},
			"body7": {
				"rotate": [
					{ "value": -3.16 }
				],
				"translate": [
					{}
				],
				"scale": [
					{}
				]
			},
			"body8": {
				"rotate": [
					{ "value": -3.16 }
				],
				"translate": [
					{}
				],
				"scale": [
					{}
				]
			},
			"feeling_3": {
				"rotate": [
					{ "value": 14.09 }
				],
				"translate": [
					{ "x": 22.32, "y": -104.31 }
				],
				"scale": [
					{ "x": 1.324, "y": -1.324 }
				]
			},
			"emoji": {
				"rotate": [
					{ "value": -2.75 }
				],
				"translate": [
					{ "x": 10.4, "y": 16.78 }
				],
				"scale": [
					{ "x": 0.87, "y": 1.045 }
				]
			},
			"shouder_1": {
				"rotate": [
					{ "value": -121.11 }
				],
				"translate": [
					{ "x": 26.98, "y": -3 }
				],
				"scale": [
					{}
				]
			},
			"arm_1": {
				"rotate": [
					{ "value": -104.3 }
				],
				"translate": [
					{ "x": 2.02, "y": 0.08 }
				],
				"scale": [
					{}
				]
			},
			"shouder_2": {
				"rotate": [
					{ "value": -39.89 }
				],
				"translate": [
					{ "x": 34.23, "y": 0.49 }
				],
				"scale": [
					{}
				]
			},
			"arm_2": {
				"rotate": [
					{ "value": -30.7 }
				],
				"scale": [
					{}
				]
			},
			"thigh_1": {
				"rotate": [
					{ "value": 24.72 }
				],
				"translate": [
					{}
				],
				"scale": [
					{}
				]
			},
			"leg_1": {
				"rotate": [
					{}
				],
				"translate": [
					{}
				]
			},
			"thigh_2": {
				"rotate": [
					{ "value": 39.21 }
				],
				"translate": [
					{}
				],
				"scale": [
					{}
				]
			},
			"leg_2": {
				"rotate": [
					{ "value": 18.14 }
				],
				"translate": [
					{}
				]
			},
			"foot_2": {
				"rotate": [
					{}
				],
				"translate": [
					{ "x": 31.76, "y": 2.87 }
				]
			},
			"foot_3": {
				"rotate": [
					{ "value": 12.32 }
				],
				"translate": [
					{ "x": -9.91, "y": 2.19 }
				]
			},
			"feeling_5": {
				"rotate": [
					{ "value": -147.64 }
				],
				"translate": [
					{ "x": 33.3, "y": -34.17 }
				],
				"scale": [
					{ "x": 0.783, "y": 0.783 }
				],
				"shear": [
					{}
				]
			},
			"feeling_1": {
				"rotate": [
					{ "value": 124.14 }
				],
				"translate": [
					{ "x": -190.93, "y": -30.01 }
				],
				"scale": [
					{ "x": 0.965, "y": 0.965 }
				]
			},
			"move": {
				"translate": [
					{ "x": 119.99 }
				],
				"scale": [
					{}
				]
			},
			"feeling_2": {
				"rotate": [
					{ "value": -31.06 }
				],
				"translate": [
					{ "x": -77.45, "y": -146.04 }
				],
				"scale": [
					{ "x": 0.617, "y": 0.617 }
				]
			},
			"item_1": {
				"rotate": [
					{ "value": 3.28 }
				],
				"translate": [
					{ "x": -8.98, "y": -7.31 }
				]
			}
		},
		"ik": {
			"foot_1": [
				{ "stretch": true }
			],
			"foot_2": [
				{ "stretch": true }
			]
		},
		"drawOrder": [
			{
				"offsets": [
					{ "slot": "shoulder4", "offset": -3 },
					{ "slot": "feeling_3", "offset": 2 }
				]
			}
		]
	},
	"t_390_2_be": {
		"slots": {
			"body": {
				"rgba": [
					{ "color": "000000ff" }
				]
			},
			"Emoji": {
				"attachment": [
					{ "name": "Emoji/emo_17" }
				]
			},
			"feeling_1": {
				"attachment": [
					{}
				]
			},
			"feeling_2": {
				"attachment": [
					{}
				]
			},
			"feeling_3": {
				"rgba": [
					{ "color": "ffffffff" }
				],
				"attachment": [
					{}
				]
			},
			"feeling_5": {
				"attachment": [
					{}
				]
			},
			"hair": {
				"attachment": [
					{ "name": "hair/man/toc_8" }
				]
			},
			"head": {
				"rgba": [
					{ "color": "ffffffff" }
				],
				"attachment": [
					{ "name": "head" }
				]
			},
			"shoulder1": {
				"rgba": [
					{ "color": "000000ff" }
				],
				"attachment": [
					{ "name": "shoulder" }
				]
			},
			"shoulder2": {
				"rgba": [
					{ "color": "000000ff" }
				],
				"attachment": [
					{ "name": "shoulder" }
				]
			},
			"shoulder3": {
				"rgba": [
					{ "color": "000000ff" }
				],
				"attachment": [
					{ "name": "shoulder" }
				]
			},
			"shoulder4": {
				"rgba": [
					{ "color": "000000ff" }
				],
				"attachment": [
					{ "name": "shoulder" }
				]
			},
			"thigh": {
				"rgba": [
					{ "color": "000000ff" }
				]
			},
			"thigh2": {
				"rgba": [
					{ "color": "000000ff" }
				]
			},
			"thigh3": {
				"rgba": [
					{ "color": "000000ff" }
				]
			},
			"thigh4": {
				"rgba": [
					{ "color": "000000ff" }
				]
			}
		},
		"bones": {
			"head": {
				"rotate": [
					{ "value": 179.93 }
				],
				"translate": [
					{ "x": -19.91, "y": -9.34 }
				],
				"scale": [
					{ "x": -1 }
				]
			},
			"root": {
				"rotate": [
					{}
				],
				"translate": [
					{}
				]
			},
			"main": {
				"rotate": [
					{ "value": -4.22 }
				],
				"translate": [
					{ "x": 10.19, "y": -3.4 }
				]
			},
			"hip": {
				"rotate": [
					{}
				],
				"translate": [
					{}
				]
			},
			"feeling_3": {
				"rotate": [
					{ "value": -5.99 }
				],
				"translate": [
					{ "x": -7.73, "y": -91.74 }
				],
				"scale": [
					{ "x": 0.955, "y": 0.776 }
				]
			},
			"emoji": {
				"rotate": [
					{ "value": -5.99 }
				],
				"translate": [
					{ "x": -1.66, "y": 9.75 }
				],
				"scale": [
					{}
				]
			},
			"shouder_1": {
				"rotate": [
					{ "value": 11.93 }
				],
				"translate": [
					{ "x": 9.36, "y": 1.44 }
				],
				"scale": [
					{}
				],
				"shear": [
					{}
				]
			},
			"arm_1": {
				"rotate": [
					{ "value": 40.5 }
				],
				"translate": [
					{ "x": 2.02, "y": 0.08 }
				],
				"scale": [
					{}
				]
			},
			"shouder_2": {
				"rotate": [
					{ "value": 14.69 }
				],
				"translate": [
					{ "x": 7.32, "y": -0.53 }
				],
				"scale": [
					{}
				]
			},
			"arm_2": {
				"rotate": [
					{ "value": -70.86 }
				],
				"translate": [
					{}
				],
				"scale": [
					{}
				]
			},
			"thigh_1": {
				"rotate": [
					{ "value": -44.84 }
				],
				"translate": [
					{}
				],
				"scale": [
					{}
				]
			},
			"leg_1": {
				"rotate": [
					{ "value": 45.63 }
				],
				"translate": [
					{}
				],
				"scale": [
					{}
				]
			},
			"thigh_2": {
				"rotate": [
					{ "value": -37.54 }
				],
				"translate": [
					{}
				],
				"scale": [
					{}
				]
			},
			"leg_2": {
				"rotate": [
					{ "value": 38.6 }
				],
				"translate": [
					{}
				],
				"scale": [
					{}
				]
			},
			"foot_2": {
				"rotate": [
					{ "value": -1.35 }
				],
				"translate": [
					{ "x": 17.47, "y": -3.06 }
				]
			},
			"foot_3": {
				"rotate": [
					{ "value": -30.84 }
				],
				"translate": [
					{ "x": -94.04, "y": 25.18 }
				]
			},
			"feeling_5": {
				"rotate": [
					{ "value": 15.56 }
				],
				"translate": [
					{ "x": 34.1, "y": -78.69 }
				],
				"scale": [
					{ "x": 0.65, "y": 0.65 }
				]
			},
			"move": {
				"translate": [
					{ "x": 119.99 }
				],
				"scale": [
					{}
				]
			},
			"feeling_1": {
				"rotate": [
					{ "value": 31.28 }
				],
				"translate": [
					{ "x": -186.1, "y": -20.31 }
				],
				"scale": [
					{ "x": -1.885, "y": 1.885 }
				]
			},
			"feeling_2": {
				"rotate": [
					{ "value": 28.67 }
				],
				"translate": [
					{ "x": -59.28, "y": 1.71 }
				],
				"scale": [
					{ "x": 1.147, "y": 1.147 }
				]
			},
			"body": {
				"rotate": [
					{ "value": 2.55 }
				]
			},
			"body2": {
				"rotate": [
					{ "value": 2.55 }
				]
			},
			"body3": {
				"rotate": [
					{ "value": 2.55 }
				]
			},
			"body4": {
				"rotate": [
					{ "value": 2.55 }
				]
			},
			"body5": {
				"rotate": [
					{ "value": 2.55 }
				]
			},
			"body6": {
				"rotate": [
					{ "value": 2.55 }
				]
			},
			"body7": {
				"rotate": [
					{ "value": 2.55 }
				]
			},
			"body8": {
				"rotate": [
					{ "value": 2.55 }
				]
			},
			"hair_1": {
				"rotate": [
					{ "value": 22.82 }
				],
				"translate": [
					{ "x": 50.36, "y": 571.84 }
				],
				"scale": [
					{ "x": -1 }
				]
			}
		},
		"ik": {
			"foot_1": [
				{ "bendPositive": false, "stretch": true }
			],
			"foot_2": [
				{ "bendPositive": false, "stretch": true }
			]
		},
		"drawOrder": [
			{
				"offsets": [
					{ "slot": "feeling_5", "offset": 3 }
				]
			}
		]
	},
	"t_390_2_lose": {
		"slots": {
			"body": {
				"rgba": [
					{ "color": "000000ff" }
				]
			},
			"Emoji": {
				"attachment": [
					{ "name": "Emoji/emo_1" }
				]
			},
			"feeling_1": {
				"attachment": [
					{}
				]
			},
			"feeling_2": {
				"attachment": [
					{ "name": "giat_minh" }
				]
			},
			"feeling_3": {
				"attachment": [
					{}
				]
			},
			"feeling_5": {
				"attachment": [
					{ "name": "rung" }
				]
			},
			"hair": {
				"attachment": [
					{ "name": "hair/man/toc_8" }
				]
			},
			"head": {
				"rgba": [
					{ "color": "ffffffff" }
				],
				"attachment": [
					{ "name": "head" }
				]
			},
			"shoulder1": {
				"rgba": [
					{ "color": "000000ff" }
				],
				"attachment": [
					{ "name": "shoulder" }
				]
			},
			"shoulder2": {
				"rgba": [
					{ "color": "000000ff" }
				],
				"attachment": [
					{ "name": "shoulder" }
				]
			},
			"shoulder3": {
				"rgba": [
					{ "color": "000000ff" }
				],
				"attachment": [
					{ "name": "shoulder" }
				]
			},
			"shoulder4": {
				"rgba": [
					{ "color": "000000ff" }
				],
				"attachment": [
					{ "name": "shoulder" }
				]
			},
			"thigh": {
				"rgba": [
					{ "color": "000000ff" }
				]
			},
			"thigh2": {
				"rgba": [
					{ "color": "000000ff" }
				]
			},
			"thigh3": {
				"rgba": [
					{ "color": "000000ff" }
				]
			},
			"thigh4": {
				"rgba": [
					{ "color": "000000ff" }
				]
			}
		},
		"bones": {
			"head": {
				"rotate": [
					{ "value": -12.65 }
				],
				"translate": [
					{ "x": -18.18, "y": 2.36 }
				],
				"scale": [
					{}
				]
			},
			"root": {
				"rotate": [
					{}
				],
				"translate": [
					{}
				]
			},
			"main": {
				"rotate": [
					{ "value": 3.53 }
				],
				"translate": [
					{ "x": -7.43, "y": 8.62 }
				]
			},
			"hip": {
				"rotate": [
					{}
				],
				"translate": [
					{}
				]
			},
			"body": {
				"rotate": [
					{ "value": -1.13 }
				],
				"translate": [
					{}
				],
				"scale": [
					{}
				]
			},
			"body2": {
				"rotate": [
					{ "value": -1.13 }
				],
				"translate": [
					{}
				],
				"scale": [
					{}
				]
			},
			"body3": {
				"rotate": [
					{ "value": -1.13 }
				],
				"translate": [
					{}
				],
				"scale": [
					{}
				]
			},
			"body4": {
				"rotate": [
					{ "value": -1.13 }
				],
				"translate": [
					{}
				],
				"scale": [
					{}
				]
			},
			"body5": {
				"rotate": [
					{ "value": -1.13 }
				],
				"translate": [
					{}
				],
				"scale": [
					{}
				]
			},
			"body6": {
				"rotate": [
					{ "value": -1.13 }
				],
				"translate": [
					{}
				],
				"scale": [
					{}
				]
			},
			"body7": {
				"rotate": [
					{ "value": -1.13 }
				],
				"translate": [
					{}
				],
				"scale": [
					{}
				]
			},
			"body8": {
				"rotate": [
					{ "value": -1.13 }
				],
				"translate": [
					{}
				],
				"scale": [
					{}
				]
			},
			"feeling_3": {
				"rotate": [
					{ "value": -86.94 }
				],
				"translate": [
					{ "x": -374.87, "y": -23.53 }
				],
				"scale": [
					{ "x": 0.999, "y": 0.999 }
				]
			},
			"emoji": {
				"rotate": [
					{ "value": -8.39 }
				],
				"translate": [
					{ "x": 3.46, "y": 4.01 }
				],
				"scale": [
					{ "x": 1.054, "y": 1.054 }
				]
			},
			"shouder_1": {
				"rotate": [
					{ "value": -145.4 }
				],
				"translate": [
					{ "x": 14.41, "y": -1.24 }
				],
				"scale": [
					{}
				]
			},
			"arm_1": {
				"rotate": [
					{ "value": -56.43 }
				],
				"translate": [
					{ "x": 2.02, "y": 0.08 }
				],
				"scale": [
					{}
				]
			},
			"shouder_2": {
				"rotate": [
					{ "value": 137.5 }
				],
				"translate": [
					{ "x": 11.42, "y": -1.41 }
				],
				"scale": [
					{}
				]
			},
			"arm_2": {
				"rotate": [
					{ "value": -88.41 }
				],
				"translate": [
					{}
				],
				"scale": [
					{}
				]
			},
			"thigh_1": {
				"rotate": [
					{ "value": 24.72 }
				],
				"translate": [
					{}
				],
				"scale": [
					{}
				]
			},
			"leg_1": {
				"rotate": [
					{}
				],
				"translate": [
					{}
				],
				"scale": [
					{}
				]
			},
			"thigh_2": {
				"rotate": [
					{ "value": 39.21 }
				],
				"translate": [
					{}
				],
				"scale": [
					{}
				]
			},
			"leg_2": {
				"rotate": [
					{ "value": 18.14 }
				],
				"translate": [
					{}
				]
			},
			"foot_2": {
				"rotate": [
					{}
				],
				"translate": [
					{ "x": -43.71, "y": 2.71 }
				]
			},
			"foot_3": {
				"rotate": [
					{}
				],
				"translate": [
					{ "x": 41.36, "y": 0.71 }
				]
			},
			"feeling_5": {
				"rotate": [
					{ "value": 84.69 }
				],
				"translate": [
					{ "x": -30.6, "y": -59.67 }
				],
				"scale": [
					{ "x": 0.459, "y": 0.459 }
				]
			},
			"item_1": {
				"translate": [
					{ "y": -245.53 }
				],
				"scale": [
					{ "x": 1.369, "y": 1.369 }
				]
			},
			"feeling_1": {
				"rotate": [
					{ "value": 9.88 }
				],
				"translate": [
					{ "x": 79.28, "y": -38.18 }
				],
				"scale": [
					{ "x": 1.671, "y": 1.671 }
				]
			},
			"move": {
				"translate": [
					{ "x": 119.99, "y": 0.12 }
				],
				"scale": [
					{ "x": -1 }
				]
			},
			"feeling_2": {
				"rotate": [
					{ "value": 128.96 }
				],
				"translate": [
					{ "x": -133.74, "y": -76.93 }
				],
				"scale": [
					{ "x": 1.149, "y": 1.149 }
				]
			},
			"hair_1": {
				"rotate": [
					{ "value": -20.31 }
				],
				"translate": [
					{ "x": 179.67, "y": 573.68 }
				],
				"scale": [
					{ "x": 1.013, "y": 1.013 }
				]
			}
		},
		"ik": {
			"foot_1": [
				{ "stretch": true }
			],
			"foot_2": [
				{ "stretch": true }
			]
		}
	},
	"t_390_2_win": {
		"slots": {
			"body": {
				"rgba": [
					{ "color": "000000ff" }
				]
			},
			"Emoji": {
				"attachment": [
					{}
				]
			},
			"feeling_1": {
				"attachment": [
					{ "name": "giat_minh" }
				]
			},
			"feeling_2": {
				"attachment": [
					{}
				]
			},
			"feeling_3": {
				"rgba": [
					{ "color": "ffffffff" }
				],
				"attachment": [
					{ "name": "mo_hoi" }
				]
			},
			"feeling_4": {
				"attachment": [
					{}
				]
			},
			"feeling_5": {
				"attachment": [
					{ "name": "cauco" }
				]
			},
			"hair": {
				"attachment": [
					{ "name": "hair/man/toc_8_sau" }
				]
			},
			"head": {
				"rgba": [
					{ "color": "ffb3b3ff" }
				],
				"attachment": [
					{ "name": "head" }
				]
			},
			"item": {
				"attachment": [
					{}
				]
			},
			"shoulder1": {
				"rgba": [
					{ "color": "000000ff" }
				],
				"attachment": [
					{ "name": "shoulder" }
				]
			},
			"shoulder2": {
				"rgba": [
					{ "color": "000000ff" }
				],
				"attachment": [
					{ "name": "shoulder" }
				]
			},
			"shoulder3": {
				"rgba": [
					{ "color": "000000ff" }
				],
				"attachment": [
					{ "name": "shoulder" }
				]
			},
			"shoulder4": {
				"rgba": [
					{ "color": "000000ff" }
				],
				"attachment": [
					{ "name": "shoulder" }
				]
			},
			"thigh": {
				"rgba": [
					{ "color": "000000ff" }
				]
			},
			"thigh2": {
				"rgba": [
					{ "color": "000000ff" }
				]
			},
			"thigh3": {
				"rgba": [
					{ "color": "000000ff" }
				]
			},
			"thigh4": {
				"rgba": [
					{ "color": "000000ff" }
				]
			}
		},
		"bones": {
			"head": {
				"rotate": [
					{ "value": -7.06 }
				],
				"translate": [
					{ "x": 0.5, "y": -2.35 }
				],
				"scale": [
					{}
				]
			},
			"root": {
				"rotate": [
					{}
				],
				"translate": [
					{}
				]
			},
			"main": {
				"rotate": [
					{ "value": -3.5 }
				],
				"translate": [
					{ "x": -8.01, "y": -9.91 }
				]
			},
			"hip": {
				"rotate": [
					{}
				],
				"translate": [
					{}
				]
			},
			"body": {
				"rotate": [
					{ "value": -0.63 }
				],
				"translate": [
					{}
				],
				"scale": [
					{}
				]
			},
			"body2": {
				"rotate": [
					{ "value": -0.63 }
				],
				"translate": [
					{}
				],
				"scale": [
					{}
				]
			},
			"body3": {
				"rotate": [
					{ "value": -0.63 }
				],
				"translate": [
					{}
				],
				"scale": [
					{}
				]
			},
			"body4": {
				"rotate": [
					{ "value": -0.63 }
				],
				"translate": [
					{}
				],
				"scale": [
					{}
				]
			},
			"body5": {
				"rotate": [
					{ "value": -0.63 }
				],
				"translate": [
					{}
				],
				"scale": [
					{}
				]
			},
			"body6": {
				"rotate": [
					{ "value": -0.63 }
				],
				"translate": [
					{}
				],
				"scale": [
					{}
				]
			},
			"body7": {
				"rotate": [
					{ "value": -0.63 }
				],
				"translate": [
					{}
				],
				"scale": [
					{}
				]
			},
			"body8": {
				"rotate": [
					{ "value": -0.63 }
				],
				"translate": [
					{}
				],
				"scale": [
					{}
				]
			},
			"feeling_3": {
				"rotate": [
					{ "value": 0.6 }
				],
				"translate": [
					{ "x": 6.33, "y": 7.77 }
				],
				"scale": [
					{ "x": 0.948, "y": 0.948 }
				]
			},
			"emoji": {
				"rotate": [
					{ "value": -5.31 }
				],
				"translate": [
					{ "x": 6.73, "y": 15.66 }
				],
				"scale": [
					{ "x": -0.876, "y": 0.876 }
				]
			},
			"shouder_1": {
				"rotate": [
					{ "value": -60.67 }
				],
				"translate": [
					{ "x": 37.42, "y": -0.4 }
				],
				"scale": [
					{}
				]
			},
			"arm_1": {
				"rotate": [
					{ "value": -25.34 }
				],
				"translate": [
					{ "x": 2.02, "y": 0.08 }
				],
				"scale": [
					{}
				]
			},
			"shouder_2": {
				"rotate": [
					{ "value": -41.03 }
				],
				"translate": [
					{ "x": 38.41, "y": -0.62 }
				],
				"scale": [
					{}
				]
			},
			"arm_2": {
				"rotate": [
					{ "value": -33.7 }
				],
				"translate": [
					{}
				],
				"scale": [
					{}
				]
			},
			"thigh_1": {
				"rotate": [
					{ "value": 24.72 }
				],
				"translate": [
					{}
				],
				"scale": [
					{}
				]
			},
			"leg_1": {
				"rotate": [
					{}
				],
				"translate": [
					{}
				],
				"scale": [
					{}
				]
			},
			"thigh_2": {
				"rotate": [
					{ "value": 39.21 }
				],
				"translate": [
					{}
				],
				"scale": [
					{}
				]
			},
			"leg_2": {
				"rotate": [
					{ "value": 18.14 }
				],
				"translate": [
					{}
				]
			},
			"foot_2": {
				"rotate": [
					{}
				],
				"translate": [
					{ "x": -77.53, "y": 34.09 }
				]
			},
			"foot_3": {
				"rotate": [
					{}
				],
				"translate": [
					{ "x": 29.41, "y": 3.31 }
				]
			},
			"feeling_5": {
				"rotate": [
					{ "value": -93.39 }
				],
				"translate": [
					{ "x": -21.48, "y": -28.13 }
				],
				"scale": [
					{ "x": -0.51, "y": 0.51 }
				]
			},
			"item_1": {
				"rotate": [
					{ "value": -4.56 }
				],
				"translate": [
					{ "x": 119.63, "y": 41.07 }
				],
				"scale": [
					{ "x": -1.428, "y": 1.351 }
				]
			},
			"feeling_1": {
				"rotate": [
					{ "value": -48.71 }
				],
				"translate": [
					{ "x": -7.25, "y": 5.7 }
				],
				"scale": [
					{ "x": -1.152, "y": 1.152 }
				]
			},
			"move": {
				"translate": [
					{ "x": 119.99, "y": 0.12 }
				],
				"scale": [
					{}
				]
			},
			"feeling_2": {
				"rotate": [
					{ "value": 16.54 }
				],
				"translate": [
					{ "x": 36.44, "y": -38.88 }
				],
				"scale": [
					{ "x": -1.362, "y": 1.362 }
				]
			},
			"hair_1": {
				"rotate": [
					{ "value": -6.02 }
				],
				"translate": [
					{ "x": 142.48, "y": 555.61 }
				],
				"scale": [
					{ "x": -1.09, "y": 1.09 }
				]
			},
			"feeling_4": {
				"rotate": [
					{ "value": 52.94 }
				],
				"translate": [
					{ "x": -18.34, "y": 210.08 }
				],
				"scale": [
					{ "x": -0.772, "y": 0.772 }
				]
			}
		},
		"ik": {
			"foot_1": [
				{ "stretch": true }
			],
			"foot_2": [
				{ "bendPositive": false, "stretch": true }
			]
		},
		"drawOrder": [
			{
				"offsets": [
					{ "slot": "item", "offset": 10 },
					{ "slot": "shoulder1", "offset": 6 },
					{ "slot": "shoulder2", "offset": 5 },
					{ "slot": "feeling_5", "offset": 3 }
				]
			}
		]
	}
}
}