{
"skeleton": { "hash": "b5+6YMLVtNY", "spine": "4.1.24", "x": -388.28, "y": -425.09, "width": 724.41, "height": 1282.48 },
"bones": [
	{ "name": "root", "rotation": 0.2 },
	{ "name": "move", "parent": "root", "x": -119.99, "scaleX": -1 },
	{ "name": "main", "parent": "move", "y": 256.6 },
	{ "name": "hip", "parent": "main" },
	{ "name": "body", "parent": "hip", "length": 26.97, "rotation": 90 },
	{ "name": "body2", "parent": "body", "length": 26.97, "x": 26.97 },
	{ "name": "body3", "parent": "body2", "length": 26.97, "x": 26.97 },
	{ "name": "body4", "parent": "body3", "length": 26.97, "rotation": -0.06, "x": 26.97 },
	{ "name": "body5", "parent": "body4", "length": 26.97, "x": 26.97 },
	{ "name": "body6", "parent": "body5", "length": 26.97, "x": 26.97 },
	{ "name": "body7", "parent": "body6", "length": 26.97, "x": 26.97 },
	{ "name": "body8", "parent": "body7", "length": 26.97, "x": 26.97 },
	{ "name": "head", "parent": "body8", "length": 135.67, "x": 24.75 },
	{ "name": "feeling_3", "parent": "head", "rotation": -0.18, "x": 87.53, "y": 30.96 },
	{ "name": "emoji", "parent": "head", "rotation": -90, "x": 62, "y": 1.49 },
	{ "name": "shouder_1", "parent": "body7", "length": 100.06, "rotation": -90, "x": 15.39, "y": 0.02 },
	{ "name": "arm_1", "parent": "shouder_1", "length": 100.06, "x": 94.79 },
	{ "name": "shouder_2", "parent": "body7", "length": 100.06, "rotation": 90, "x": 15.39, "y": 0.02 },
	{ "name": "arm_2", "parent": "shouder_2", "length": 100.06, "x": 94.79 },
	{ "name": "thigh_1", "parent": "main", "length": 134.15, "rotation": -90, "x": -0.54, "y": 4.23 },
	{ "name": "leg_1", "parent": "thigh_1", "length": 134.15, "x": 128.14 },
	{ "name": "thigh_2", "parent": "main", "length": 134.15, "rotation": -90, "x": -0.1, "y": 4.23 },
	{ "name": "leg_2", "parent": "thigh_2", "length": 134.15, "x": 128.14 },
	{ "name": "foot_2", "parent": "move", "x": 0.16, "y": -2.18 },
	{ "name": "foot_3", "parent": "move", "x": 0.1, "y": -2.12 },
	{
		"name": "feeling_5",
		"parent": "head",
		"rotation": -0.18,
		"x": 87.53,
		"y": -25.11,
		"scaleX": 2,
		"scaleY": 2
	},
	{ "name": "item_1", "parent": "move", "x": -1.93, "y": 450.24 },
	{ "name": "feeling_1", "parent": "main", "rotation": -20.17, "x": 72.35, "y": 376.02 },
	{ "name": "feeling_2", "parent": "main", "rotation": -20.17, "x": 72.35, "y": 376.02 },
	{ "name": "hair_1", "parent": "main", "rotation": 0.07, "x": -120, "y": -254.77 },
	{
		"name": "feeling_4",
		"parent": "head",
		"rotation": -0.18,
		"x": 87.53,
		"y": -25.11,
		"scaleX": 2,
		"scaleY": 2
	},
	{ "name": "item_tay", "parent": "arm_2", "x": 101.01, "y": -1.25 }
],
"slots": [
	{ "name": "bg_gane_play", "bone": "root", "color": "ffffff4f" },
	{ "name": "item", "bone": "item_1" },
	{ "name": "body", "bone": "hip", "color": "000000ff", "attachment": "body" },
	{ "name": "shoulder1", "bone": "shouder_1", "color": "000000ff" },
	{ "name": "shoulder3", "bone": "shouder_2", "color": "000000ff" },
	{ "name": "shoulder2", "bone": "arm_1", "color": "000000ff" },
	{ "name": "shoulder4", "bone": "arm_2", "color": "000000ff" },
	{ "name": "thigh", "bone": "thigh_1", "color": "000000ff", "attachment": "thigh" },
	{ "name": "thigh3", "bone": "thigh_2", "color": "000000ff", "attachment": "thigh" },
	{ "name": "thigh2", "bone": "leg_1", "color": "000000ff", "attachment": "thigh" },
	{ "name": "thigh4", "bone": "leg_2", "color": "000000ff", "attachment": "thigh" },
	{ "name": "head", "bone": "head", "attachment": "head" },
	{ "name": "hair", "bone": "hair_1" },
	{ "name": "Emoji", "bone": "emoji" },
	{ "name": "feeling_3", "bone": "feeling_3", "color": "000000ff" },
	{ "name": "feeling_5", "bone": "feeling_5" },
	{ "name": "feeling_4", "bone": "feeling_4" },
	{ "name": "feeling_1", "bone": "feeling_1" },
	{ "name": "feeling_2", "bone": "feeling_2" },
	{ "name": "item_tay", "bone": "item_tay" }
],
"ik": [
	{
		"name": "foot_1",
		"bones": [ "thigh_1", "leg_1" ],
		"target": "foot_2",
		"mix": 0,
		"stretch": true
	},
	{
		"name": "foot_2",
		"order": 1,
		"bones": [ "thigh_2", "leg_2" ],
		"target": "foot_3",
		"mix": 0,
		"stretch": true
	}
],
"skins": [
	{
		"name": "default",
		"attachments": {
			"body": {
				"body": {
					"type": "mesh",
					"uvs": [ 1, 1, 0, 1, 0, 0.875, 0, 0.75, 0, 0.625, 0, 0.5, 0, 0.375, 0, 0.25, 0, 0.125, 0, 0, 1, 0, 1, 0.125, 1, 0.25, 1, 0.375, 1, 0.5, 1, 0.625, 1, 0.75, 1, 0.875 ],
					"triangles": [ 7, 8, 11, 11, 8, 10, 8, 9, 10, 12, 7, 11, 13, 6, 12, 6, 7, 12, 14, 5, 13, 5, 6, 13, 15, 4, 14, 4, 5, 14, 16, 3, 15, 3, 4, 15, 2, 3, 16, 0, 1, 17, 1, 2, 17, 17, 2, 16 ],
					"vertices": [ 1, 4, -1.7, -5.5, 1, 1, 4, -1.7, 5.5, 1, 2, 4, 25.68, 5.5, 0.70301, 5, -1.29, 5.5, 0.29699, 2, 5, 26.08, 5.5, 0.65569, 6, -0.88, 5.5, 0.34431, 2, 6, 26.49, 5.5, 0.55905, 7, -0.48, 5.5, 0.44095, 2, 7, 26.9, 5.5, 0.51367, 8, -0.07, 5.5, 0.48633, 2, 8, 27.3, 5.5, 0.41705, 9, 0.33, 5.5, 0.58295, 2, 9, 27.71, 5.5, 0.38565, 10, 0.74, 5.5, 0.61435, 2, 10, 28.11, 5.5, 0.36868, 11, 1.14, 5.5, 0.63132, 1, 11, 28.52, 5.5, 1, 1, 11, 28.52, -5.5, 1, 2, 10, 28.11, -5.5, 0.3064, 11, 1.14, -5.5, 0.6936, 2, 9, 27.71, -5.5, 0.40945, 10, 0.74, -5.5, 0.59055, 2, 8, 27.3, -5.5, 0.44404, 9, 0.33, -5.5, 0.55596, 2, 7, 26.9, -5.5, 0.52991, 8, -0.07, -5.5, 0.47009, 2, 6, 26.49, -5.5, 0.58474, 7, -0.48, -5.5, 0.41526, 2, 5, 26.08, -5.5, 0.62061, 6, -0.88, -5.5, 0.37939, 2, 4, 25.68, -5.5, 0.65664, 5, -1.29, -5.5, 0.34336 ],
					"hull": 18
				}
			},
			"Emoji": {
				"Emoji/dau lau": { "y": 0.5, "width": 114, "height": 105 },
				"Emoji/emo_19": { "y": 0.5, "width": 92, "height": 69 },
				"Emoji/emo_84_b": { "y": 0.5, "width": 90, "height": 91 },
				"Emoji/new/emo_6": { "y": 0.5, "width": 124, "height": 103 },
				"Emoji/new/emo_10": { "y": 0.5, "width": 96, "height": 73 },
				"Emoji/new/emo_22": { "width": 98, "height": 106 },
				"Emoji/new/emo_27": { "y": 0.5, "width": 96, "height": 89 },
				"Emoji/new/emo_31_b": { "x": 0.5, "y": 0.5, "width": 78, "height": 83 },
				"Emoji/new/emo_66": { "y": 0.5, "width": 102, "height": 81 }
			},
			"feeling_1": {
				"cauco": { "y": 0.5, "width": 50, "height": 45 },
				"dau": { "y": 0.5, "scaleY": -1, "rotation": -520.01, "width": 40, "height": 43 },
				"rung": { "x": 0.5, "rotation": 13.67, "width": 18, "height": 51 },
				"water_mouth": { "x": -5.38, "y": -14.51, "rotation": -31.72, "width": 23, "height": 50 }
			},
			"feeling_2": {
				"dau": { "y": 0.5, "width": 40, "height": 43 },
				"rung": { "x": 0.5, "scaleX": -1, "rotation": 20.07, "width": 18, "height": 51 },
				"water_mouth": { "x": -5.86, "y": -13.64, "rotation": -33.97, "width": 23, "height": 50 }
			},
			"feeling_3": {
				"khoi": { "width": 153, "height": 107 },
				"scare": { "width": 80, "height": 83 }
			},
			"feeling_4": {
				"rung": { "x": 0.5, "width": 18, "height": 51 }
			},
			"feeling_5": {
				"cham_than": { "x": 0.5, "y": 0.5, "rotation": -270, "width": 17, "height": 57 },
				"giat_minh": { "width": 70, "height": 66 },
				"khoi": { "y": 0.5, "width": 153, "height": 107 }
			},
			"hair": {
				"hair/man/toc_9": { "width": 150, "height": 82 }
			},
			"head": {
				"head": { "x": 68.85, "rotation": -89.87, "width": 144, "height": 144 },
				"head_7": { "x": 65.26, "y": -3.78, "rotation": -89.46, "width": 144, "height": 144 }
			},
			"item": {
				"item/tia_set": { "x": 0.5, "scaleX": 4.6339, "scaleY": 4.6339, "width": 137, "height": 225 }
			},
			"shoulder1": {
				"shoulder": { "x": 49.22, "rotation": -90, "width": 15, "height": 105 }
			},
			"shoulder2": {
				"shoulder": { "x": 49.22, "rotation": -90, "width": 15, "height": 105 }
			},
			"shoulder3": {
				"shoulder": { "x": 49.22, "rotation": -90, "width": 15, "height": 105 }
			},
			"shoulder4": {
				"shoulder": { "x": 50.57, "rotation": -90, "width": 15, "height": 105 }
			},
			"thigh": {
				"thigh": { "x": 66.01, "rotation": -90, "width": 14, "height": 137 }
			},
			"thigh2": {
				"thigh": { "x": 66.01, "rotation": -90, "width": 14, "height": 137 }
			},
			"thigh3": {
				"thigh": { "x": 66.01, "rotation": -90, "width": 14, "height": 137 }
			},
			"thigh4": {
				"thigh": { "x": 66.01, "rotation": -90, "width": 14, "height": 137 }
			}
		}
	}
],
"animations": {
	"t_166_1_be": {
		"slots": {
			"body": {
				"rgba": [
					{ "color": "000000ff" }
				]
			},
			"Emoji": {
				"attachment": [
					{ "name": "Emoji/new/emo_31_b" }
				]
			},
			"feeling_1": {
				"attachment": [
					{}
				]
			},
			"feeling_2": {
				"attachment": [
					{ "name": "rung" }
				]
			},
			"feeling_3": {
				"attachment": [
					{}
				]
			},
			"feeling_5": {
				"attachment": [
					{ "name": "giat_minh" }
				]
			},
			"hair": {
				"attachment": [
					{}
				]
			},
			"head": {
				"rgba": [
					{ "color": "ffffffff" }
				],
				"attachment": [
					{ "name": "head" }
				]
			},
			"shoulder1": {
				"rgba": [
					{ "color": "000000ff" }
				],
				"attachment": [
					{}
				]
			},
			"shoulder2": {
				"rgba": [
					{ "color": "000000ff" }
				],
				"attachment": [
					{}
				]
			},
			"shoulder3": {
				"rgba": [
					{ "color": "000000ff" }
				],
				"attachment": [
					{ "name": "shoulder" }
				]
			},
			"shoulder4": {
				"rgba": [
					{ "color": "000000ff" }
				],
				"attachment": [
					{ "name": "shoulder" }
				]
			},
			"thigh": {
				"rgba": [
					{ "color": "000000ff" }
				]
			},
			"thigh2": {
				"rgba": [
					{ "color": "000000ff" }
				]
			},
			"thigh3": {
				"rgba": [
					{ "color": "000000ff" }
				]
			},
			"thigh4": {
				"rgba": [
					{ "color": "000000ff" }
				]
			}
		},
		"bones": {
			"head": {
				"rotate": [
					{ "value": 11.68 }
				],
				"translate": [
					{ "x": -6.14, "y": -9.1 }
				],
				"scale": [
					{}
				]
			},
			"root": {
				"rotate": [
					{}
				],
				"translate": [
					{}
				]
			},
			"main": {
				"rotate": [
					{ "value": 2.83 }
				],
				"translate": [
					{ "x": -5.97, "y": -26.9 }
				]
			},
			"hip": {
				"rotate": [
					{}
				],
				"translate": [
					{}
				]
			},
			"feeling_3": {
				"rotate": [
					{ "value": -81.39 }
				],
				"translate": [
					{ "x": 62.85, "y": 74.94 }
				],
				"scale": [
					{ "x": 0.957, "y": 0.957 }
				]
			},
			"emoji": {
				"rotate": [
					{ "value": 17.97 }
				],
				"translate": [
					{ "x": 5.64, "y": -14.61 }
				],
				"scale": [
					{ "x": -1.116, "y": 1.116 }
				]
			},
			"shouder_1": {
				"rotate": [
					{ "value": -43.62 }
				],
				"translate": [
					{ "x": 14.38, "y": -3.41 }
				],
				"scale": [
					{}
				],
				"shear": [
					{}
				]
			},
			"arm_1": {
				"rotate": [
					{ "value": 25.92 }
				],
				"translate": [
					{ "x": 2.02, "y": 0.08 }
				],
				"scale": [
					{}
				]
			},
			"shouder_2": {
				"rotate": [
					{ "value": 61.66 }
				],
				"translate": [
					{ "x": 25.73, "y": 0.97 }
				],
				"scale": [
					{}
				]
			},
			"arm_2": {
				"rotate": [
					{ "value": 30.35 }
				],
				"translate": [
					{}
				],
				"scale": [
					{}
				]
			},
			"thigh_1": {
				"rotate": [
					{ "value": -44.84 }
				],
				"translate": [
					{}
				],
				"scale": [
					{}
				]
			},
			"leg_1": {
				"rotate": [
					{ "value": 45.63 }
				],
				"translate": [
					{}
				],
				"scale": [
					{}
				]
			},
			"thigh_2": {
				"rotate": [
					{ "value": -37.54 }
				],
				"translate": [
					{}
				],
				"scale": [
					{}
				]
			},
			"leg_2": {
				"rotate": [
					{ "value": 38.6 }
				],
				"translate": [
					{}
				],
				"scale": [
					{}
				]
			},
			"foot_2": {
				"rotate": [
					{ "value": -1.35 }
				],
				"translate": [
					{ "x": 72.79, "y": 2.05 }
				]
			},
			"foot_3": {
				"rotate": [
					{}
				],
				"translate": [
					{ "x": -110.83, "y": 3.42 }
				]
			},
			"feeling_5": {
				"rotate": [
					{ "value": -111.95 }
				],
				"translate": [
					{ "x": 20, "y": -71.5 }
				],
				"scale": [
					{ "x": 0.511, "y": 0.524 }
				]
			},
			"move": {
				"translate": [
					{ "x": 119.99 }
				],
				"scale": [
					{}
				]
			},
			"feeling_1": {
				"rotate": [
					{ "value": 15.62 }
				],
				"translate": [
					{ "x": -105.5, "y": -94.28 }
				],
				"scale": [
					{ "x": 1.412, "y": 1.412 }
				]
			},
			"feeling_2": {
				"rotate": [
					{ "value": 145.94 }
				],
				"translate": [
					{ "x": -73.51, "y": -59.42 }
				],
				"scale": [
					{ "x": 0.989, "y": 0.989 }
				]
			},
			"body": {
				"rotate": [
					{ "value": -3.07 }
				]
			},
			"body2": {
				"rotate": [
					{ "value": -3.07 }
				]
			},
			"body3": {
				"rotate": [
					{ "value": -3.07 }
				]
			},
			"body4": {
				"rotate": [
					{ "value": -3.07 }
				]
			},
			"body5": {
				"rotate": [
					{ "value": -3.07 }
				]
			},
			"body6": {
				"rotate": [
					{ "value": -3.07 }
				]
			},
			"body7": {
				"rotate": [
					{ "value": -3.07 }
				]
			},
			"body8": {
				"rotate": [
					{ "value": -3.07 }
				]
			},
			"hair_1": {
				"rotate": [
					{ "value": -5.28 }
				],
				"translate": [
					{ "x": 203.89, "y": 532.1 }
				],
				"scale": [
					{ "x": -1.115, "y": 1.115 }
				]
			}
		},
		"ik": {
			"foot_1": [
				{ "bendPositive": false, "stretch": true }
			],
			"foot_2": [
				{ "bendPositive": false, "stretch": true }
			]
		},
		"drawOrder": [
			{
				"offsets": [
					{ "slot": "Emoji", "offset": 3 },
					{ "slot": "feeling_3", "offset": 3 }
				]
			}
		]
	},
	"t_166_1_lose": {
		"slots": {
			"body": {
				"rgba": [
					{ "color": "000000ff" }
				]
			},
			"Emoji": {
				"attachment": [
					{ "name": "Emoji/emo_19" }
				]
			},
			"feeling_1": {
				"rgba": [
					{ "color": "ff6565ff" }
				],
				"attachment": [
					{ "name": "cauco" }
				]
			},
			"feeling_2": {
				"rgba": [
					{ "color": "ff6565ff" }
				],
				"attachment": [
					{}
				]
			},
			"feeling_3": {
				"rgba": [
					{ "color": "ff5050b0" }
				],
				"attachment": [
					{ "name": "khoi" }
				]
			},
			"feeling_5": {
				"rgba": [
					{ "color": "ff5050b0" }
				],
				"attachment": [
					{ "name": "khoi" }
				]
			},
			"hair": {
				"attachment": [
					{}
				]
			},
			"head": {
				"rgba": [
					{ "color": "ffd2d2ff" }
				]
			},
			"shoulder1": {
				"rgba": [
					{ "color": "000000ff" }
				],
				"attachment": [
					{ "name": "shoulder" }
				]
			},
			"shoulder2": {
				"rgba": [
					{ "color": "000000ff" }
				],
				"attachment": [
					{ "name": "shoulder" }
				]
			},
			"shoulder3": {
				"rgba": [
					{ "color": "000000ff" }
				],
				"attachment": [
					{ "name": "shoulder" }
				]
			},
			"shoulder4": {
				"rgba": [
					{ "color": "000000ff" }
				],
				"attachment": [
					{ "name": "shoulder" }
				]
			},
			"thigh": {
				"rgba": [
					{ "color": "000000ff" }
				]
			},
			"thigh2": {
				"rgba": [
					{ "color": "000000ff" }
				]
			},
			"thigh3": {
				"rgba": [
					{ "color": "000000ff" }
				]
			},
			"thigh4": {
				"rgba": [
					{ "color": "000000ff" }
				]
			}
		},
		"bones": {
			"body": {
				"rotate": [
					{ "value": 17.09 }
				]
			},
			"body2": {
				"rotate": [
					{ "value": -1.73 }
				]
			},
			"body3": {
				"rotate": [
					{ "value": 0.63 }
				]
			},
			"body4": {
				"rotate": [
					{ "value": 0.57 }
				]
			},
			"body5": {
				"rotate": [
					{ "value": -1.7 }
				]
			},
			"body6": {
				"rotate": [
					{ "value": -1.29 }
				]
			},
			"body7": {
				"rotate": [
					{ "value": 0.28 }
				]
			},
			"body8": {
				"rotate": [
					{ "value": -4.32 }
				],
				"translate": [
					{ "x": 10.92, "y": -0.52 }
				]
			},
			"thigh_1": {
				"rotate": [
					{ "value": 26.16 }
				]
			},
			"leg_1": {
				"rotate": [
					{ "value": 72.18 }
				],
				"scale": [
					{ "x": 1.074 }
				]
			},
			"main": {
				"rotate": [
					{ "value": -15.86 }
				],
				"translate": [
					{ "x": 5.27, "y": -15.99 }
				]
			},
			"head": {
				"rotate": [
					{ "value": -166.92 }
				],
				"translate": [
					{ "x": -48.92, "y": -9.11 }
				],
				"scale": [
					{ "x": -1 }
				]
			},
			"shouder_1": {
				"rotate": [
					{ "value": -113.75 }
				],
				"translate": [
					{ "x": 37.31, "y": 4.68 }
				],
				"scale": [
					{}
				]
			},
			"arm_1": {
				"rotate": [
					{ "value": 128.1 }
				]
			},
			"shouder_2": {
				"rotate": [
					{ "value": 116.85 }
				],
				"translate": [
					{ "x": 37.6, "y": -3.4 }
				],
				"scale": [
					{}
				]
			},
			"arm_2": {
				"rotate": [
					{ "value": -129.82 }
				],
				"scale": [
					{}
				]
			},
			"thigh_2": {
				"rotate": [
					{ "value": -82.1 }
				],
				"scale": [
					{}
				]
			},
			"leg_2": {
				"rotate": [
					{ "value": 49.36 }
				],
				"scale": [
					{}
				]
			},
			"emoji": {
				"rotate": [
					{ "value": 1.36 }
				],
				"translate": [
					{ "x": -4.49, "y": -2 }
				],
				"scale": [
					{ "x": -1 }
				]
			},
			"feeling_3": {
				"rotate": [
					{ "value": -128.09 }
				],
				"translate": [
					{ "x": 61.27, "y": 35.39 }
				],
				"scale": [
					{ "x": 0.731, "y": 0.731 }
				]
			},
			"feeling_5": {
				"rotate": [
					{ "value": 150.09 }
				],
				"translate": [
					{ "x": 68.75, "y": -33.2 }
				],
				"scale": [
					{ "x": 0.376, "y": 0.376 }
				]
			},
			"move": {
				"translate": [
					{ "x": 119.99 }
				],
				"scale": [
					{ "x": -1 }
				]
			},
			"feeling_1": {
				"rotate": [
					{ "value": -14.39 }
				],
				"translate": [
					{ "x": -58.15, "y": -85.91 }
				],
				"scale": [
					{ "x": 1.008, "y": 1.008 }
				]
			},
			"feeling_2": {
				"rotate": [
					{ "value": -96.86 }
				],
				"translate": [
					{ "x": -162.77, "y": -66.62 }
				],
				"scale": [
					{ "x": 0.873, "y": 0.873 }
				]
			},
			"foot_2": {
				"rotate": [
					{ "value": -13.59 }
				],
				"translate": [
					{ "x": -20.91, "y": 0.63 }
				]
			},
			"foot_3": {
				"rotate": [
					{ "value": 4.81 }
				],
				"translate": [
					{ "x": 46.92, "y": 3.52 }
				]
			},
			"hair_1": {
				"rotate": [
					{ "value": 22.86 }
				],
				"translate": [
					{ "x": 38.8, "y": 525.87 }
				],
				"scale": [
					{ "x": 1.497, "y": 1.497 }
				]
			}
		},
		"ik": {
			"foot_1": [
				{ "stretch": true }
			],
			"foot_2": [
				{ "bendPositive": false, "stretch": true }
			]
		}
	},
	"t_166_1_win": {
		"slots": {
			"body": {
				"rgba": [
					{ "color": "000000ff" }
				]
			},
			"Emoji": {
				"attachment": [
					{ "name": "Emoji/new/emo_10" }
				]
			},
			"feeling_1": {
				"attachment": [
					{ "name": "rung" }
				]
			},
			"feeling_2": {
				"attachment": [
					{ "name": "rung" }
				]
			},
			"feeling_3": {
				"rgba": [
					{ "color": "ffffffff" }
				],
				"attachment": [
					{}
				]
			},
			"feeling_5": {
				"rgba": [
					{ "color": "000000ff" }
				],
				"attachment": [
					{ "name": "giat_minh" }
				]
			},
			"hair": {
				"attachment": [
					{}
				]
			},
			"head": {
				"rgba": [
					{ "color": "ffffffff" }
				],
				"attachment": [
					{ "name": "head" }
				]
			},
			"item": {
				"attachment": [
					{}
				]
			},
			"shoulder1": {
				"rgba": [
					{ "color": "000000ff" }
				],
				"attachment": [
					{ "name": "shoulder" }
				]
			},
			"shoulder2": {
				"rgba": [
					{ "color": "000000ff" }
				],
				"attachment": [
					{ "name": "shoulder" }
				]
			},
			"shoulder3": {
				"rgba": [
					{ "color": "000000ff" }
				],
				"attachment": [
					{ "name": "shoulder" }
				]
			},
			"shoulder4": {
				"rgba": [
					{ "color": "000000ff" }
				],
				"attachment": [
					{ "name": "shoulder" }
				]
			},
			"thigh": {
				"rgba": [
					{ "color": "000000ff" }
				]
			},
			"thigh2": {
				"rgba": [
					{ "color": "000000ff" }
				]
			},
			"thigh3": {
				"rgba": [
					{ "color": "000000ff" }
				]
			},
			"thigh4": {
				"rgba": [
					{ "color": "000000ff" }
				]
			}
		},
		"bones": {
			"head": {
				"rotate": [
					{ "value": -0.29 }
				],
				"translate": [
					{ "x": -2.61, "y": 3.93 }
				],
				"scale": [
					{}
				]
			},
			"root": {
				"rotate": [
					{}
				],
				"translate": [
					{}
				]
			},
			"main": {
				"rotate": [
					{ "value": 2.09 }
				],
				"translate": [
					{ "x": -1.32, "y": -16.96 }
				]
			},
			"hip": {
				"rotate": [
					{}
				],
				"translate": [
					{}
				]
			},
			"body": {
				"rotate": [
					{ "value": -0.99 }
				],
				"translate": [
					{}
				]
			},
			"body2": {
				"rotate": [
					{ "value": -0.99 }
				],
				"translate": [
					{}
				]
			},
			"body3": {
				"rotate": [
					{ "value": -0.99 }
				],
				"translate": [
					{}
				]
			},
			"body4": {
				"rotate": [
					{ "value": -1.9 }
				],
				"translate": [
					{}
				]
			},
			"body5": {
				"rotate": [
					{ "value": -3.97 }
				],
				"translate": [
					{}
				]
			},
			"body6": {
				"rotate": [
					{ "value": -0.41 }
				],
				"translate": [
					{}
				]
			},
			"body7": {
				"rotate": [
					{ "value": -0.99 }
				],
				"translate": [
					{}
				]
			},
			"body8": {
				"rotate": [
					{ "value": -0.99 }
				],
				"translate": [
					{}
				]
			},
			"feeling_3": {
				"rotate": [
					{ "value": 8.79 }
				],
				"translate": [
					{ "x": 89.23, "y": -132.33 }
				],
				"scale": [
					{ "x": 1.443, "y": 1.443 }
				]
			},
			"emoji": {
				"rotate": [
					{ "value": -1.07 }
				],
				"translate": [
					{ "x": 6.42, "y": 18.44 }
				],
				"scale": [
					{ "x": -0.9, "y": 1.13 }
				]
			},
			"shouder_1": {
				"rotate": [
					{ "value": -57.41 }
				],
				"translate": [
					{ "x": 32.05, "y": -3.69 }
				],
				"scale": [
					{ "x": 1.037 }
				],
				"shear": [
					{}
				]
			},
			"arm_1": {
				"rotate": [
					{ "value": -65.28 }
				],
				"translate": [
					{ "x": 2.02, "y": 0.08 }
				],
				"scale": [
					{ "x": 1.174, "y": 1.115 }
				]
			},
			"shouder_2": {
				"rotate": [
					{ "value": 4.81 }
				],
				"translate": [
					{ "x": 36.58, "y": -5.11 }
				],
				"scale": [
					{ "x": 1.037 }
				]
			},
			"arm_2": {
				"rotate": [
					{ "value": -23.75 }
				],
				"translate": [
					{}
				],
				"scale": [
					{}
				]
			},
			"thigh_1": {
				"rotate": [
					{ "value": -44.84 }
				],
				"translate": [
					{}
				]
			},
			"leg_1": {
				"rotate": [
					{ "value": 45.63 }
				],
				"translate": [
					{}
				]
			},
			"thigh_2": {
				"rotate": [
					{ "value": -37.54 }
				],
				"translate": [
					{}
				],
				"scale": [
					{}
				]
			},
			"leg_2": {
				"rotate": [
					{ "value": 38.6 }
				],
				"translate": [
					{}
				]
			},
			"foot_2": {
				"rotate": [
					{ "value": -1.35 }
				],
				"translate": [
					{ "x": -38.97, "y": -0.52 }
				]
			},
			"foot_3": {
				"rotate": [
					{}
				],
				"translate": [
					{ "x": 77.23, "y": -0.2 }
				]
			},
			"feeling_5": {
				"rotate": [
					{ "value": 38.4 }
				],
				"translate": [
					{ "x": -18.27, "y": 135.86 }
				],
				"scale": [
					{ "x": 0.51, "y": 0.51 }
				]
			},
			"move": {
				"translate": [
					{ "x": 119.99, "y": -0.27 }
				],
				"scale": [
					{ "x": -1 }
				]
			},
			"feeling_1": {
				"rotate": [
					{ "value": 77.27 }
				],
				"translate": [
					{ "x": -154.16, "y": -172.58 }
				],
				"scale": [
					{ "x": 0.607, "y": 0.607 }
				]
			},
			"feeling_2": {
				"rotate": [
					{ "value": -108.66 }
				],
				"translate": [
					{ "x": 36.93, "y": -54.92 }
				],
				"scale": [
					{ "x": -0.916, "y": 0.916 }
				]
			},
			"item_1": {
				"rotate": [
					{ "value": -15.73 }
				],
				"translate": [
					{ "x": -26.86, "y": 98.45 }
				],
				"scale": [
					{ "x": 0.696, "y": 0.696 }
				]
			},
			"hair_1": {
				"rotate": [
					{ "value": -10.09 }
				],
				"translate": [
					{ "x": 178.39, "y": 555.16 }
				],
				"scale": [
					{ "x": 1.134, "y": 1.134 }
				]
			}
		},
		"ik": {
			"foot_1": [
				{ "stretch": true }
			],
			"foot_2": [
				{ "stretch": true }
			]
		},
		"drawOrder": [
			{
				"offsets": [
					{ "slot": "item", "offset": 17 },
					{ "slot": "shoulder2", "offset": 12 },
					{ "slot": "Emoji", "offset": 1 },
					{ "slot": "feeling_3", "offset": 1 }
				]
			}
		]
	},
	"t_166_2_be": {
		"slots": {
			"body": {
				"rgba": [
					{ "color": "000000ff" }
				]
			},
			"Emoji": {
				"attachment": [
					{ "name": "Emoji/emo_84_b" }
				]
			},
			"feeling_1": {
				"attachment": [
					{}
				]
			},
			"feeling_2": {
				"attachment": [
					{ "name": "water_mouth" }
				]
			},
			"feeling_3": {
				"attachment": [
					{}
				]
			},
			"feeling_5": {
				"attachment": [
					{}
				]
			},
			"hair": {
				"attachment": [
					{ "name": "hair/man/toc_9" }
				]
			},
			"head": {
				"rgba": [
					{ "color": "ffffffff" }
				],
				"attachment": [
					{ "name": "head" }
				]
			},
			"shoulder1": {
				"rgba": [
					{ "color": "000000ff" }
				],
				"attachment": [
					{ "name": "shoulder" }
				]
			},
			"shoulder2": {
				"rgba": [
					{ "color": "000000ff" }
				],
				"attachment": [
					{ "name": "shoulder" }
				]
			},
			"shoulder3": {
				"rgba": [
					{ "color": "000000ff" }
				],
				"attachment": [
					{ "name": "shoulder" }
				]
			},
			"shoulder4": {
				"rgba": [
					{ "color": "000000ff" }
				],
				"attachment": [
					{ "name": "shoulder" }
				]
			},
			"thigh": {
				"rgba": [
					{ "color": "000000ff" }
				]
			},
			"thigh2": {
				"rgba": [
					{ "color": "000000ff" }
				]
			},
			"thigh3": {
				"rgba": [
					{ "color": "000000ff" }
				]
			},
			"thigh4": {
				"rgba": [
					{ "color": "000000ff" }
				]
			}
		},
		"bones": {
			"head": {
				"rotate": [
					{ "value": -10.88 }
				],
				"translate": [
					{ "x": -3.52, "y": 9.2 }
				],
				"scale": [
					{}
				]
			},
			"root": {
				"rotate": [
					{}
				],
				"translate": [
					{}
				]
			},
			"main": {
				"rotate": [
					{ "value": 7.54 }
				],
				"translate": [
					{ "x": 2.71, "y": -98.42 }
				]
			},
			"hip": {
				"rotate": [
					{}
				],
				"translate": [
					{}
				]
			},
			"body": {
				"rotate": [
					{ "value": -2 }
				],
				"translate": [
					{}
				],
				"scale": [
					{}
				]
			},
			"body2": {
				"rotate": [
					{ "value": -2 }
				],
				"translate": [
					{}
				],
				"scale": [
					{}
				]
			},
			"body3": {
				"rotate": [
					{ "value": -2 }
				],
				"translate": [
					{}
				],
				"scale": [
					{}
				]
			},
			"body4": {
				"rotate": [
					{ "value": -2 }
				],
				"translate": [
					{}
				],
				"scale": [
					{}
				]
			},
			"body5": {
				"rotate": [
					{ "value": -2 }
				],
				"translate": [
					{}
				],
				"scale": [
					{}
				]
			},
			"body6": {
				"rotate": [
					{ "value": -2 }
				],
				"translate": [
					{}
				],
				"scale": [
					{}
				]
			},
			"body7": {
				"rotate": [
					{ "value": -2 }
				],
				"translate": [
					{}
				],
				"scale": [
					{}
				]
			},
			"body8": {
				"rotate": [
					{ "value": -2 }
				],
				"translate": [
					{}
				],
				"scale": [
					{}
				]
			},
			"feeling_3": {
				"rotate": [
					{}
				],
				"translate": [
					{}
				]
			},
			"emoji": {
				"rotate": [
					{ "value": 5.91 }
				],
				"translate": [
					{ "x": 8.27, "y": 11.22 }
				],
				"scale": [
					{ "x": -0.91, "y": 1.053 }
				]
			},
			"shouder_1": {
				"rotate": [
					{ "value": -104.23 }
				],
				"translate": [
					{ "x": 29.43, "y": 2.22 }
				],
				"scale": [
					{}
				]
			},
			"arm_1": {
				"rotate": [
					{ "value": -54.48 }
				],
				"translate": [
					{ "x": 2.02, "y": 0.08 }
				],
				"scale": [
					{ "x": 0.946 }
				]
			},
			"shouder_2": {
				"rotate": [
					{ "value": 41.77 }
				],
				"translate": [
					{ "x": 31.48, "y": 2.12 }
				],
				"scale": [
					{}
				]
			},
			"arm_2": {
				"rotate": [
					{ "value": -112.79 }
				],
				"scale": [
					{ "x": 0.789 }
				]
			},
			"thigh_1": {
				"rotate": [
					{ "value": 24.72 }
				],
				"translate": [
					{}
				],
				"scale": [
					{}
				]
			},
			"leg_1": {
				"rotate": [
					{}
				],
				"translate": [
					{}
				]
			},
			"thigh_2": {
				"rotate": [
					{ "value": 39.21 }
				],
				"translate": [
					{}
				],
				"scale": [
					{}
				]
			},
			"leg_2": {
				"rotate": [
					{ "value": 18.14 }
				],
				"translate": [
					{}
				]
			},
			"foot_2": {
				"rotate": [
					{}
				],
				"translate": [
					{ "x": -124.17, "y": 140.7 }
				]
			},
			"foot_3": {
				"rotate": [
					{ "value": -5.46 }
				],
				"translate": [
					{ "x": -225.56, "y": 64.87 }
				]
			},
			"feeling_5": {
				"rotate": [
					{}
				],
				"translate": [
					{}
				]
			},
			"feeling_1": {
				"rotate": [
					{ "value": 35.32 }
				],
				"translate": [
					{ "x": 81.36, "y": -30.42 }
				],
				"scale": [
					{ "x": -1.013, "y": 1.013 }
				]
			},
			"feeling_2": {
				"rotate": [
					{ "value": 32.76 }
				],
				"translate": [
					{ "x": -63.62, "y": -134.78 }
				],
				"scale": [
					{ "x": 1.18, "y": 1.664 }
				]
			},
			"move": {
				"translate": [
					{ "x": 119.99 }
				],
				"scale": [
					{}
				]
			},
			"hair_1": {
				"rotate": [
					{ "value": -28.01 }
				],
				"translate": [
					{ "x": 193.32, "y": 574.63 }
				],
				"scale": [
					{ "x": 1.069, "y": 1.069 }
				]
			}
		},
		"ik": {
			"foot_1": [
				{ "stretch": true }
			],
			"foot_2": [
				{ "stretch": true }
			]
		},
		"drawOrder": [
			{
				"offsets": [
					{ "slot": "shoulder3", "offset": 12 },
					{ "slot": "shoulder2", "offset": 13 },
					{ "slot": "shoulder4", "offset": 11 },
					{ "slot": "feeling_2", "offset": -9 }
				]
			}
		]
	},
	"t_166_2_lose": {
		"slots": {
			"body": {
				"rgba": [
					{ "color": "000000ff" }
				]
			},
			"Emoji": {
				"attachment": [
					{ "name": "Emoji/new/emo_27" }
				]
			},
			"feeling_1": {
				"attachment": [
					{ "name": "rung" }
				]
			},
			"feeling_2": {
				"attachment": [
					{ "name": "rung" }
				]
			},
			"feeling_3": {
				"attachment": [
					{}
				]
			},
			"feeling_4": {
				"attachment": [
					{ "name": "rung" }
				]
			},
			"feeling_5": {
				"attachment": [
					{}
				]
			},
			"hair": {
				"attachment": [
					{ "name": "hair/man/toc_9" }
				]
			},
			"head": {
				"rgba": [
					{ "color": "ffffffff" }
				],
				"attachment": [
					{ "name": "head" }
				]
			},
			"shoulder1": {
				"rgba": [
					{ "color": "000000ff" }
				],
				"attachment": [
					{ "name": "shoulder" }
				]
			},
			"shoulder2": {
				"rgba": [
					{ "color": "000000ff" }
				],
				"attachment": [
					{ "name": "shoulder" }
				]
			},
			"shoulder3": {
				"rgba": [
					{ "color": "000000ff" }
				],
				"attachment": [
					{ "name": "shoulder" }
				]
			},
			"shoulder4": {
				"rgba": [
					{ "color": "000000ff" }
				],
				"attachment": [
					{ "name": "shoulder" }
				]
			},
			"thigh": {
				"rgba": [
					{ "color": "000000ff" }
				]
			},
			"thigh2": {
				"rgba": [
					{ "color": "000000ff" }
				]
			},
			"thigh3": {
				"rgba": [
					{ "color": "000000ff" }
				]
			},
			"thigh4": {
				"rgba": [
					{ "color": "000000ff" }
				]
			}
		},
		"bones": {
			"head": {
				"rotate": [
					{ "value": -10.88 }
				],
				"translate": [
					{ "x": -21.58, "y": 15.6 }
				],
				"scale": [
					{}
				]
			},
			"root": {
				"rotate": [
					{}
				],
				"translate": [
					{}
				]
			},
			"main": {
				"rotate": [
					{ "value": 7.54 }
				],
				"translate": [
					{ "x": 2.71, "y": -98.42 }
				]
			},
			"hip": {
				"rotate": [
					{}
				],
				"translate": [
					{}
				]
			},
			"body": {
				"rotate": [
					{ "value": 1.72 }
				],
				"translate": [
					{}
				],
				"scale": [
					{}
				]
			},
			"body2": {
				"rotate": [
					{ "value": 1.72 }
				],
				"translate": [
					{}
				],
				"scale": [
					{}
				]
			},
			"body3": {
				"rotate": [
					{ "value": 1.72 }
				],
				"translate": [
					{}
				],
				"scale": [
					{}
				]
			},
			"body4": {
				"rotate": [
					{ "value": 1.72 }
				],
				"translate": [
					{}
				],
				"scale": [
					{}
				]
			},
			"body5": {
				"rotate": [
					{ "value": 1.72 }
				],
				"translate": [
					{}
				],
				"scale": [
					{}
				]
			},
			"body6": {
				"rotate": [
					{ "value": 1.72 }
				],
				"translate": [
					{}
				],
				"scale": [
					{}
				]
			},
			"body7": {
				"rotate": [
					{ "value": 1.72 }
				],
				"translate": [
					{}
				],
				"scale": [
					{}
				]
			},
			"body8": {
				"rotate": [
					{ "value": 1.72 }
				],
				"translate": [
					{}
				],
				"scale": [
					{}
				]
			},
			"feeling_3": {
				"rotate": [
					{ "value": -9.82 }
				],
				"translate": [
					{ "x": 72.56, "y": -140.18 }
				],
				"scale": [
					{ "x": 1.651, "y": 1.651 }
				]
			},
			"emoji": {
				"rotate": [
					{ "value": -8.86 }
				],
				"translate": [
					{ "x": -3.13, "y": 19.19 }
				],
				"scale": [
					{ "x": -0.91, "y": 1.053 }
				]
			},
			"shouder_1": {
				"rotate": [
					{ "value": -111.97 }
				],
				"translate": [
					{ "x": 29.43, "y": 2.22 }
				],
				"scale": [
					{}
				]
			},
			"arm_1": {
				"rotate": [
					{ "value": -39.18 }
				],
				"translate": [
					{ "x": 2.02, "y": 0.08 }
				],
				"scale": [
					{}
				]
			},
			"shouder_2": {
				"rotate": [
					{ "value": -19.44 }
				],
				"translate": [
					{ "x": 31.48, "y": 2.12 }
				],
				"scale": [
					{}
				]
			},
			"arm_2": {
				"rotate": [
					{ "value": -41.22 }
				],
				"scale": [
					{}
				]
			},
			"thigh_1": {
				"rotate": [
					{ "value": 24.72 }
				],
				"translate": [
					{}
				],
				"scale": [
					{}
				]
			},
			"leg_1": {
				"rotate": [
					{}
				],
				"translate": [
					{}
				]
			},
			"thigh_2": {
				"rotate": [
					{ "value": 39.21 }
				],
				"translate": [
					{}
				],
				"scale": [
					{}
				]
			},
			"leg_2": {
				"rotate": [
					{ "value": 18.14 }
				],
				"translate": [
					{}
				]
			},
			"foot_2": {
				"rotate": [
					{}
				],
				"translate": [
					{ "x": -131.19, "y": 2.77 }
				]
			},
			"foot_3": {
				"rotate": [
					{ "value": -5.46 }
				],
				"translate": [
					{ "x": -166.89, "y": 5.12 }
				]
			},
			"feeling_5": {
				"rotate": [
					{}
				],
				"translate": [
					{}
				]
			},
			"feeling_1": {
				"rotate": [
					{ "value": 8.45 }
				],
				"translate": [
					{ "x": -34.79, "y": -157.32 }
				],
				"scale": [
					{ "x": -1.047, "y": 1.047 }
				]
			},
			"feeling_2": {
				"rotate": [
					{ "value": -134.67 }
				],
				"translate": [
					{ "x": -330.32, "y": -57.81 }
				],
				"scale": [
					{ "x": 0.59, "y": 0.831 }
				]
			},
			"move": {
				"translate": [
					{ "x": 119.99 }
				],
				"scale": [
					{}
				]
			},
			"hair_1": {
				"rotate": [
					{ "value": 5.04 }
				],
				"translate": [
					{ "x": 75.84, "y": 560.38 }
				],
				"scale": [
					{ "x": 0.947, "y": 0.947 }
				]
			},
			"feeling_4": {
				"rotate": [
					{ "value": 127.34 }
				],
				"translate": [
					{ "x": 36.32, "y": 147.48 }
				],
				"scale": [
					{ "x": 0.34, "y": 0.34 }
				]
			}
		},
		"ik": {
			"foot_1": [
				{ "stretch": true }
			],
			"foot_2": [
				{ "stretch": true }
			]
		},
		"drawOrder": [
			{
				"offsets": [
					{ "slot": "shoulder2", "offset": 1 },
					{ "slot": "feeling_2", "offset": -6 }
				]
			}
		]
	},
	"t_166_2_win": {
		"slots": {
			"body": {
				"rgba": [
					{ "color": "000000ff", "curve": "stepped" },
					{ "time": 0.6667, "color": "000000ff" }
				]
			},
			"Emoji": {
				"attachment": [
					{ "name": "Emoji/new/emo_22" },
					{ "time": 0.6667, "name": "Emoji/new/emo_22" }
				]
			},
			"feeling_1": {
				"attachment": [
					{ "name": "dau" },
					{ "time": 0.6667, "name": "dau" }
				]
			},
			"feeling_2": {
				"attachment": [
					{ "name": "dau" },
					{ "time": 0.6667, "name": "dau" }
				]
			},
			"feeling_3": {
				"rgba": [
					{ "color": "ffffffff", "curve": "stepped" },
					{ "time": 0.6667, "color": "ffffffff" }
				],
				"attachment": [
					{ "name": "scare" },
					{ "time": 0.6667, "name": "scare" }
				]
			},
			"feeling_4": {
				"attachment": [
					{},
					{ "time": 0.6667 }
				]
			},
			"feeling_5": {
				"rgba": [
					{ "color": "ffffffff", "curve": "stepped" },
					{ "time": 0.6667, "color": "ffffffff" }
				],
				"attachment": [
					{ "name": "cham_than" },
					{ "time": 0.6667, "name": "cham_than" }
				]
			},
			"hair": {
				"attachment": [
					{ "name": "hair/man/toc_9" },
					{ "time": 0.6667, "name": "hair/man/toc_9" }
				]
			},
			"head": {
				"rgba": [
					{ "color": "ffffffff", "curve": "stepped" },
					{ "time": 0.6667, "color": "ffffffff" }
				],
				"attachment": [
					{ "name": "head_7" },
					{ "time": 0.6667, "name": "head_7" }
				]
			},
			"item": {
				"attachment": [
					{},
					{ "time": 0.6667 }
				]
			},
			"shoulder1": {
				"rgba": [
					{ "color": "000000ff", "curve": "stepped" },
					{ "time": 0.6667, "color": "000000ff" }
				],
				"attachment": [
					{ "name": "shoulder" },
					{ "time": 0.6667, "name": "shoulder" }
				]
			},
			"shoulder2": {
				"rgba": [
					{ "color": "000000ff", "curve": "stepped" },
					{ "time": 0.6667, "color": "000000ff" }
				],
				"attachment": [
					{ "name": "shoulder" },
					{ "time": 0.6667, "name": "shoulder" }
				]
			},
			"shoulder3": {
				"rgba": [
					{ "color": "000000ff", "curve": "stepped" },
					{ "time": 0.6667, "color": "000000ff" }
				],
				"attachment": [
					{ "name": "shoulder" },
					{ "time": 0.6667, "name": "shoulder" }
				]
			},
			"shoulder4": {
				"rgba": [
					{ "color": "000000ff", "curve": "stepped" },
					{ "time": 0.6667, "color": "000000ff" }
				],
				"attachment": [
					{ "name": "shoulder" },
					{ "time": 0.6667, "name": "shoulder" }
				]
			},
			"thigh": {
				"rgba": [
					{ "color": "000000ff", "curve": "stepped" },
					{ "time": 0.6667, "color": "000000ff" }
				]
			},
			"thigh2": {
				"rgba": [
					{ "color": "000000ff", "curve": "stepped" },
					{ "time": 0.6667, "color": "000000ff" }
				]
			},
			"thigh3": {
				"rgba": [
					{ "color": "000000ff", "curve": "stepped" },
					{ "time": 0.6667, "color": "000000ff" }
				]
			},
			"thigh4": {
				"rgba": [
					{ "color": "000000ff", "curve": "stepped" },
					{ "time": 0.6667, "color": "000000ff" }
				]
			}
		},
		"bones": {
			"head": {
				"rotate": [
					{ "value": 5.04, "curve": "stepped" },
					{ "time": 0.6667, "value": 5.04 }
				],
				"translate": [
					{ "x": -11.89, "y": -6, "curve": "stepped" },
					{ "time": 0.6667, "x": -11.89, "y": -6 }
				],
				"scale": [
					{ "curve": "stepped" },
					{ "time": 0.6667 }
				]
			},
			"root": {
				"rotate": [
					{ "curve": "stepped" },
					{ "time": 0.6667 }
				],
				"translate": [
					{ "curve": "stepped" },
					{ "time": 0.6667 }
				]
			},
			"main": {
				"rotate": [
					{ "value": 6.34, "curve": "stepped" },
					{ "time": 0.6667, "value": 6.34 }
				],
				"translate": [
					{ "x": -5.45, "y": -52.73, "curve": "stepped" },
					{ "time": 0.6667, "x": -5.45, "y": -52.73 }
				]
			},
			"hip": {
				"rotate": [
					{ "curve": "stepped" },
					{ "time": 0.6667 }
				],
				"translate": [
					{ "curve": "stepped" },
					{ "time": 0.6667 }
				]
			},
			"body": {
				"rotate": [
					{ "value": -0.28, "curve": "stepped" },
					{ "time": 0.6667, "value": -0.28 }
				],
				"translate": [
					{ "curve": "stepped" },
					{ "time": 0.6667 }
				]
			},
			"body2": {
				"rotate": [
					{ "value": -0.28, "curve": "stepped" },
					{ "time": 0.6667, "value": -0.28 }
				],
				"translate": [
					{ "curve": "stepped" },
					{ "time": 0.6667 }
				]
			},
			"body3": {
				"rotate": [
					{ "value": -0.28, "curve": "stepped" },
					{ "time": 0.6667, "value": -0.28 }
				],
				"translate": [
					{ "curve": "stepped" },
					{ "time": 0.6667 }
				]
			},
			"body4": {
				"rotate": [
					{ "value": -1.19, "curve": "stepped" },
					{ "time": 0.6667, "value": -1.19 }
				],
				"translate": [
					{ "curve": "stepped" },
					{ "time": 0.6667 }
				]
			},
			"body5": {
				"rotate": [
					{ "value": -3.26, "curve": "stepped" },
					{ "time": 0.6667, "value": -3.26 }
				],
				"translate": [
					{ "curve": "stepped" },
					{ "time": 0.6667 }
				]
			},
			"body6": {
				"rotate": [
					{ "value": 0.3, "curve": "stepped" },
					{ "time": 0.6667, "value": 0.3 }
				],
				"translate": [
					{ "curve": "stepped" },
					{ "time": 0.6667 }
				]
			},
			"body7": {
				"rotate": [
					{ "value": -0.28, "curve": "stepped" },
					{ "time": 0.6667, "value": -0.28 }
				],
				"translate": [
					{ "curve": "stepped" },
					{ "time": 0.6667 }
				]
			},
			"body8": {
				"rotate": [
					{ "value": -0.28, "curve": "stepped" },
					{ "time": 0.6667, "value": -0.28 }
				],
				"translate": [
					{ "curve": "stepped" },
					{ "time": 0.6667 }
				]
			},
			"feeling_3": {
				"rotate": [
					{ "value": 28.89, "curve": "stepped" },
					{ "time": 0.6667, "value": 28.89 }
				],
				"translate": [
					{ "x": 64.32, "y": -25.48, "curve": "stepped" },
					{ "time": 0.1, "x": 86.38, "y": -56.5, "curve": "stepped" },
					{ "time": 0.2, "x": 15.35, "y": -137.31, "curve": "stepped" },
					{ "time": 0.3333, "x": 105.95, "y": -42.66, "curve": "stepped" },
					{ "time": 0.4333, "x": 42.33, "y": -132.64, "curve": "stepped" },
					{ "time": 0.5333, "x": -93.76, "y": -83.44, "curve": "stepped" },
					{ "time": 0.6667, "x": 64.32, "y": -25.48 }
				],
				"scale": [
					{ "x": 0.938, "y": 0.938, "curve": "stepped" },
					{ "time": 0.1, "x": 2.192, "y": 2.192, "curve": "stepped" },
					{ "time": 0.2, "x": 1.048, "y": 1.048, "curve": "stepped" },
					{ "time": 0.3333, "x": 1.048, "y": 1.048, "curve": "stepped" },
					{ "time": 0.4333, "x": 2.192, "y": 2.192, "curve": "stepped" },
					{ "time": 0.5333, "x": 1.048, "y": 1.048, "curve": "stepped" },
					{ "time": 0.6667, "x": 0.938, "y": 0.938 }
				]
			},
			"emoji": {
				"rotate": [
					{ "value": -11.15, "curve": "stepped" },
					{ "time": 0.6667, "value": -11.15 }
				],
				"translate": [
					{ "x": 11.75, "y": 8.1, "curve": "stepped" },
					{ "time": 0.6667, "x": 11.75, "y": 8.1 }
				],
				"scale": [
					{ "x": 1.193, "y": 1.193, "curve": "stepped" },
					{ "time": 0.6667, "x": 1.193, "y": 1.193 }
				]
			},
			"shouder_1": {
				"rotate": [
					{ "value": 158.29, "curve": "stepped" },
					{ "time": 0.6667, "value": 158.29 }
				],
				"translate": [
					{ "x": 16.24, "y": -0.41, "curve": "stepped" },
					{ "time": 0.6667, "x": 16.24, "y": -0.41 }
				],
				"scale": [
					{ "curve": "stepped" },
					{ "time": 0.6667 }
				],
				"shear": [
					{ "curve": "stepped" },
					{ "time": 0.6667 }
				]
			},
			"arm_1": {
				"rotate": [
					{ "value": -94.03, "curve": "stepped" },
					{ "time": 0.6667, "value": -94.03 }
				],
				"translate": [
					{ "x": 2.02, "y": 0.08, "curve": "stepped" },
					{ "time": 0.6667, "x": 2.02, "y": 0.08 }
				],
				"scale": [
					{ "curve": "stepped" },
					{ "time": 0.6667 }
				]
			},
			"shouder_2": {
				"rotate": [
					{ "value": 164.71, "curve": "stepped" },
					{ "time": 0.6667, "value": 164.71 }
				],
				"translate": [
					{ "x": 16.86, "y": 3.94, "curve": "stepped" },
					{ "time": 0.6667, "x": 16.86, "y": 3.94 }
				],
				"scale": [
					{ "curve": "stepped" },
					{ "time": 0.6667 }
				]
			},
			"arm_2": {
				"rotate": [
					{ "value": 114.96, "curve": "stepped" },
					{ "time": 0.6667, "value": 114.96 }
				],
				"translate": [
					{ "curve": "stepped" },
					{ "time": 0.6667 }
				],
				"scale": [
					{ "curve": "stepped" },
					{ "time": 0.6667 }
				]
			},
			"thigh_1": {
				"rotate": [
					{ "value": -44.84, "curve": "stepped" },
					{ "time": 0.6667, "value": -44.84 }
				],
				"translate": [
					{ "curve": "stepped" },
					{ "time": 0.6667 }
				]
			},
			"leg_1": {
				"rotate": [
					{ "value": 45.63, "curve": "stepped" },
					{ "time": 0.6667, "value": 45.63 }
				],
				"translate": [
					{ "curve": "stepped" },
					{ "time": 0.6667 }
				]
			},
			"thigh_2": {
				"rotate": [
					{ "value": -37.54, "curve": "stepped" },
					{ "time": 0.6667, "value": -37.54 }
				],
				"translate": [
					{ "curve": "stepped" },
					{ "time": 0.6667 }
				],
				"scale": [
					{ "curve": "stepped" },
					{ "time": 0.6667 }
				]
			},
			"leg_2": {
				"rotate": [
					{ "value": 38.6, "curve": "stepped" },
					{ "time": 0.6667, "value": 38.6 }
				],
				"translate": [
					{ "curve": "stepped" },
					{ "time": 0.6667 }
				]
			},
			"foot_2": {
				"rotate": [
					{ "value": -1.35, "curve": "stepped" },
					{ "time": 0.6667, "value": -1.35 }
				],
				"translate": [
					{ "x": -192.31, "y": 39.54, "curve": "stepped" },
					{ "time": 0.6667, "x": -192.31, "y": 39.54 }
				]
			},
			"foot_3": {
				"rotate": [
					{ "curve": "stepped" },
					{ "time": 0.6667 }
				],
				"translate": [
					{ "x": 172.71, "y": 140.42, "curve": "stepped" },
					{ "time": 0.6667, "x": 172.71, "y": 140.42 }
				]
			},
			"feeling_5": {
				"rotate": [
					{ "value": 161.59, "curve": "stepped" },
					{ "time": 0.6667, "value": 161.59 }
				],
				"translate": [
					{ "x": 127.89, "y": 83.56, "curve": "stepped" },
					{ "time": 0.6667, "x": 127.89, "y": 83.56 }
				],
				"scale": [
					{ "x": 0.801, "y": 0.801, "curve": "stepped" },
					{ "time": 0.6667, "x": 0.801, "y": 0.801 }
				]
			},
			"move": {
				"translate": [
					{ "x": 119.99, "y": -0.27, "curve": "stepped" },
					{ "time": 0.6667, "x": 119.99, "y": -0.27 }
				],
				"scale": [
					{ "x": -1, "curve": "stepped" },
					{ "time": 0.6667, "x": -1 }
				]
			},
			"feeling_1": {
				"rotate": [
					{ "value": -45.57, "curve": "stepped" },
					{ "time": 0.6667, "value": -45.57 }
				],
				"translate": [
					{ "x": -2.4, "y": -41.04, "curve": "stepped" },
					{ "time": 0.6667, "x": -2.4, "y": -41.04 }
				],
				"scale": [
					{ "x": 1.119, "y": 1.119, "curve": "stepped" },
					{ "time": 0.6667, "x": 1.119, "y": 1.119 }
				]
			},
			"feeling_2": {
				"rotate": [
					{ "value": -82.36, "curve": "stepped" },
					{ "time": 0.6667, "value": -82.36 }
				],
				"translate": [
					{ "x": 27.74, "y": -118.7, "curve": "stepped" },
					{ "time": 0.6667, "x": 27.74, "y": -118.7 }
				],
				"scale": [
					{ "x": -0.982, "y": 1.275, "curve": "stepped" },
					{ "time": 0.6667, "x": -0.982, "y": 1.275 }
				]
			},
			"item_1": {
				"rotate": [
					{ "value": -31.55, "curve": "stepped" },
					{ "time": 0.6667, "value": -31.55 }
				],
				"translate": [
					{ "x": -26.86, "y": 98.45, "curve": "stepped" },
					{ "time": 0.6667, "x": -26.86, "y": 98.45 }
				],
				"scale": [
					{ "x": 0.696, "y": 0.696, "curve": "stepped" },
					{ "time": 0.6667, "x": 0.696, "y": 0.696 }
				]
			},
			"hair_1": {
				"rotate": [
					{ "value": -23.5, "curve": "stepped" },
					{ "time": 0.6667, "value": -23.5 }
				],
				"translate": [
					{ "x": 152.44, "y": 561.86, "curve": "stepped" },
					{ "time": 0.6667, "x": 152.44, "y": 561.86 }
				],
				"scale": [
					{ "x": -0.887, "y": 0.887, "curve": "stepped" },
					{ "time": 0.6667, "x": -0.887, "y": 0.887 }
				]
			},
			"feeling_4": {
				"rotate": [
					{ "value": -158.56, "curve": "stepped" },
					{ "time": 0.6667, "value": -158.56 }
				],
				"translate": [
					{ "x": -43.17, "y": 210.43, "curve": "stepped" },
					{ "time": 0.6667, "x": -43.17, "y": 210.43 }
				],
				"scale": [
					{ "x": 0.856, "y": 0.856, "curve": "stepped" },
					{ "time": 0.6667, "x": 0.856, "y": 0.856 }
				]
			}
		},
		"ik": {
			"foot_1": [
				{
					"stretch": true,
					"curve": [ 0.167, 1, 0.5, 1, 0.167, 0, 0.5, 0 ]
				},
				{ "time": 0.6667, "stretch": true }
			],
			"foot_2": [
				{
					"stretch": true,
					"curve": [ 0.167, 1, 0.5, 1, 0.167, 0, 0.5, 0 ]
				},
				{ "time": 0.6667, "stretch": true }
			]
		},
		"drawOrder": [
			{
				"offsets": [
					{ "slot": "item", "offset": 16 },
					{ "slot": "shoulder2", "offset": 0 },
					{ "slot": "Emoji", "offset": 1 },
					{ "slot": "feeling_3", "offset": 1 },
					{ "slot": "feeling_5", "offset": 3 }
				]
			},
			{
				"time": 0.6667,
				"offsets": [
					{ "slot": "item", "offset": 16 },
					{ "slot": "shoulder2", "offset": 0 },
					{ "slot": "Emoji", "offset": 1 },
					{ "slot": "feeling_3", "offset": 1 },
					{ "slot": "feeling_5", "offset": 3 }
				]
			}
		]
	},
	"t_169_1_be": {
		"slots": {
			"body": {
				"rgba": [
					{ "color": "000000ff" }
				]
			},
			"Emoji": {
				"attachment": [
					{ "name": "Emoji/new/emo_6" }
				]
			},
			"feeling_1": {
				"attachment": [
					{ "name": "water_mouth" }
				]
			},
			"feeling_2": {
				"attachment": [
					{}
				]
			},
			"feeling_3": {
				"attachment": [
					{}
				]
			},
			"feeling_5": {
				"attachment": [
					{}
				]
			},
			"hair": {
				"attachment": [
					{}
				]
			},
			"head": {
				"rgba": [
					{ "color": "ffffffff" }
				],
				"attachment": [
					{ "name": "head" }
				]
			},
			"shoulder1": {
				"rgba": [
					{ "color": "000000ff" }
				],
				"attachment": [
					{}
				]
			},
			"shoulder2": {
				"rgba": [
					{ "color": "000000ff" }
				],
				"attachment": [
					{}
				]
			},
			"shoulder3": {
				"rgba": [
					{ "color": "000000ff" }
				],
				"attachment": [
					{ "name": "shoulder" }
				]
			},
			"shoulder4": {
				"rgba": [
					{ "color": "000000ff" }
				],
				"attachment": [
					{ "name": "shoulder" }
				]
			},
			"thigh": {
				"rgba": [
					{ "color": "000000ff" }
				]
			},
			"thigh2": {
				"rgba": [
					{ "color": "000000ff" }
				]
			},
			"thigh3": {
				"rgba": [
					{ "color": "000000ff" }
				]
			},
			"thigh4": {
				"rgba": [
					{ "color": "000000ff" }
				]
			}
		},
		"bones": {
			"head": {
				"rotate": [
					{ "value": 3 }
				],
				"translate": [
					{ "x": -48.66, "y": -1.76 }
				],
				"scale": [
					{}
				]
			},
			"root": {
				"rotate": [
					{}
				],
				"translate": [
					{}
				]
			},
			"main": {
				"rotate": [
					{ "value": 0.62 }
				],
				"translate": [
					{ "x": -0.87, "y": -20.32 }
				]
			},
			"hip": {
				"rotate": [
					{}
				],
				"translate": [
					{}
				]
			},
			"body": {
				"rotate": [
					{ "value": -0.47 }
				],
				"translate": [
					{}
				],
				"scale": [
					{}
				]
			},
			"body2": {
				"rotate": [
					{ "value": -0.47 }
				],
				"translate": [
					{}
				],
				"scale": [
					{}
				]
			},
			"body3": {
				"rotate": [
					{ "value": -0.47 }
				],
				"translate": [
					{}
				],
				"scale": [
					{}
				]
			},
			"body4": {
				"rotate": [
					{ "value": -0.47 }
				],
				"translate": [
					{}
				],
				"scale": [
					{}
				]
			},
			"body5": {
				"rotate": [
					{ "value": -0.47 }
				],
				"translate": [
					{}
				],
				"scale": [
					{}
				]
			},
			"body6": {
				"rotate": [
					{ "value": -0.47 }
				],
				"translate": [
					{}
				],
				"scale": [
					{}
				]
			},
			"body7": {
				"rotate": [
					{ "value": -0.47 }
				],
				"translate": [
					{}
				],
				"scale": [
					{}
				]
			},
			"body8": {
				"rotate": [
					{ "value": -0.47 }
				],
				"translate": [
					{}
				],
				"scale": [
					{}
				]
			},
			"feeling_3": {
				"rotate": [
					{}
				],
				"translate": [
					{}
				]
			},
			"emoji": {
				"rotate": [
					{ "value": -0.3 }
				],
				"translate": [
					{ "x": 0.58, "y": -0.95 }
				],
				"scale": [
					{ "x": 0.877, "y": 0.877 }
				]
			},
			"shouder_1": {
				"rotate": [
					{ "value": -160.11 }
				],
				"translate": [
					{ "x": 31.07, "y": -0.17 }
				],
				"scale": [
					{}
				]
			},
			"arm_1": {
				"rotate": [
					{ "value": -74.16 }
				],
				"translate": [
					{ "x": 2.02, "y": 0.08 }
				],
				"scale": [
					{}
				]
			},
			"shouder_2": {
				"rotate": [
					{ "value": 59.93 }
				],
				"translate": [
					{ "x": 24, "y": 1.7 }
				],
				"scale": [
					{}
				]
			},
			"arm_2": {
				"rotate": [
					{ "value": 26.59 }
				],
				"translate": [
					{}
				],
				"scale": [
					{}
				]
			},
			"thigh_1": {
				"rotate": [
					{ "value": 24.72 }
				],
				"translate": [
					{}
				],
				"scale": [
					{}
				]
			},
			"leg_1": {
				"rotate": [
					{}
				],
				"translate": [
					{}
				]
			},
			"thigh_2": {
				"rotate": [
					{ "value": 39.21 }
				],
				"translate": [
					{}
				],
				"scale": [
					{}
				]
			},
			"leg_2": {
				"rotate": [
					{ "value": 18.14 }
				],
				"translate": [
					{}
				]
			},
			"foot_2": {
				"rotate": [
					{}
				],
				"translate": [
					{ "x": -93.45, "y": 2.18 }
				]
			},
			"foot_3": {
				"rotate": [
					{}
				],
				"translate": [
					{ "x": 82.34, "y": -1.24 }
				]
			},
			"feeling_5": {
				"rotate": [
					{}
				],
				"translate": [
					{}
				]
			},
			"item_1": {
				"rotate": [
					{ "value": 4.93 }
				]
			},
			"move": {
				"translate": [
					{ "x": 119.99 }
				],
				"scale": [
					{ "x": -1 }
				]
			},
			"feeling_2": {
				"translate": [
					{ "x": -144.88, "y": -50.03 }
				],
				"scale": [
					{ "x": 1.305, "y": 1.305 }
				]
			},
			"feeling_1": {
				"rotate": [
					{ "value": 29.45 }
				],
				"translate": [
					{ "x": -58.12, "y": -187.86 }
				],
				"scale": [
					{ "x": 1.384, "y": 1.384 }
				]
			},
			"hair_1": {
				"rotate": [
					{ "value": -22.99 }
				],
				"translate": [
					{ "x": 140.97, "y": 529.4 }
				],
				"scale": [
					{ "x": -1.42, "y": 1.42 }
				]
			}
		},
		"ik": {
			"foot_1": [
				{ "stretch": true }
			],
			"foot_2": [
				{ "bendPositive": false, "stretch": true }
			]
		},
		"drawOrder": [
			{
				"offsets": [
					{ "slot": "shoulder4", "offset": -3 }
				]
			}
		]
	},
	"t_169_1_lose": {
		"slots": {
			"body": {
				"rgba": [
					{ "color": "000000ff", "curve": "stepped" },
					{ "time": 0.2, "color": "000000ff", "curve": "stepped" },
					{ "time": 0.4, "color": "000000ff", "curve": "stepped" },
					{ "time": 0.6, "color": "000000ff" }
				]
			},
			"Emoji": {
				"attachment": [
					{},
					{ "time": 0.1, "name": "Emoji/dau lau" },
					{ "time": 0.2 },
					{ "time": 0.3, "name": "Emoji/dau lau" },
					{ "time": 0.4 },
					{ "time": 0.5, "name": "Emoji/dau lau" },
					{ "time": 0.6 }
				]
			},
			"feeling_1": {
				"attachment": [
					{},
					{ "time": 0.2 },
					{ "time": 0.4 },
					{ "time": 0.6 }
				]
			},
			"feeling_2": {
				"attachment": [
					{},
					{ "time": 0.2 },
					{ "time": 0.4 },
					{ "time": 0.6 }
				]
			},
			"feeling_3": {
				"attachment": [
					{},
					{ "time": 0.2 },
					{ "time": 0.4 },
					{ "time": 0.6 }
				]
			},
			"feeling_5": {
				"attachment": [
					{},
					{ "time": 0.2 },
					{ "time": 0.4 },
					{ "time": 0.6 }
				]
			},
			"head": {
				"rgba": [
					{ "color": "000000ff", "curve": "stepped" },
					{ "time": 0.2, "color": "000000ff", "curve": "stepped" },
					{ "time": 0.4, "color": "000000ff", "curve": "stepped" },
					{ "time": 0.6, "color": "000000ff" }
				],
				"attachment": [
					{ "name": "head" },
					{ "time": 0.2, "name": "head" },
					{ "time": 0.4, "name": "head" },
					{ "time": 0.6, "name": "head" }
				]
			},
			"item": {
				"rgba": [
					{ "color": "ffffffff", "curve": "stepped" },
					{ "time": 0.1, "color": "ffd059ff", "curve": "stepped" },
					{ "time": 0.2, "color": "ffffffff", "curve": "stepped" },
					{ "time": 0.3, "color": "ffd059ff", "curve": "stepped" },
					{ "time": 0.4, "color": "ffffffff", "curve": "stepped" },
					{ "time": 0.5, "color": "ffd059ff", "curve": "stepped" },
					{ "time": 0.6, "color": "ffffffff" }
				],
				"attachment": [
					{ "name": "item/tia_set" },
					{ "time": 0.2, "name": "item/tia_set" },
					{ "time": 0.4, "name": "item/tia_set" },
					{ "time": 0.6, "name": "item/tia_set" }
				]
			},
			"shoulder1": {
				"rgba": [
					{ "color": "000000ff", "curve": "stepped" },
					{ "time": 0.2, "color": "000000ff", "curve": "stepped" },
					{ "time": 0.4, "color": "000000ff", "curve": "stepped" },
					{ "time": 0.6, "color": "000000ff" }
				],
				"attachment": [
					{ "name": "shoulder" },
					{ "time": 0.2, "name": "shoulder" },
					{ "time": 0.4, "name": "shoulder" },
					{ "time": 0.6, "name": "shoulder" }
				]
			},
			"shoulder2": {
				"rgba": [
					{ "color": "000000ff", "curve": "stepped" },
					{ "time": 0.2, "color": "000000ff", "curve": "stepped" },
					{ "time": 0.4, "color": "000000ff", "curve": "stepped" },
					{ "time": 0.6, "color": "000000ff" }
				],
				"attachment": [
					{ "name": "shoulder" },
					{ "time": 0.2, "name": "shoulder" },
					{ "time": 0.4, "name": "shoulder" },
					{ "time": 0.6, "name": "shoulder" }
				]
			},
			"shoulder3": {
				"rgba": [
					{ "color": "000000ff", "curve": "stepped" },
					{ "time": 0.2, "color": "000000ff", "curve": "stepped" },
					{ "time": 0.4, "color": "000000ff", "curve": "stepped" },
					{ "time": 0.6, "color": "000000ff" }
				],
				"attachment": [
					{ "name": "shoulder" },
					{ "time": 0.2, "name": "shoulder" },
					{ "time": 0.4, "name": "shoulder" },
					{ "time": 0.6, "name": "shoulder" }
				]
			},
			"shoulder4": {
				"rgba": [
					{ "color": "000000ff", "curve": "stepped" },
					{ "time": 0.2, "color": "000000ff", "curve": "stepped" },
					{ "time": 0.4, "color": "000000ff", "curve": "stepped" },
					{ "time": 0.6, "color": "000000ff" }
				],
				"attachment": [
					{ "name": "shoulder" },
					{ "time": 0.2, "name": "shoulder" },
					{ "time": 0.4, "name": "shoulder" },
					{ "time": 0.6, "name": "shoulder" }
				]
			},
			"thigh": {
				"rgba": [
					{ "color": "000000ff", "curve": "stepped" },
					{ "time": 0.2, "color": "000000ff", "curve": "stepped" },
					{ "time": 0.4, "color": "000000ff", "curve": "stepped" },
					{ "time": 0.6, "color": "000000ff" }
				]
			},
			"thigh2": {
				"rgba": [
					{ "color": "000000ff", "curve": "stepped" },
					{ "time": 0.2, "color": "000000ff", "curve": "stepped" },
					{ "time": 0.4, "color": "000000ff", "curve": "stepped" },
					{ "time": 0.6, "color": "000000ff" }
				]
			},
			"thigh3": {
				"rgba": [
					{ "color": "000000ff", "curve": "stepped" },
					{ "time": 0.2, "color": "000000ff", "curve": "stepped" },
					{ "time": 0.4, "color": "000000ff", "curve": "stepped" },
					{ "time": 0.6, "color": "000000ff" }
				]
			},
			"thigh4": {
				"rgba": [
					{ "color": "000000ff", "curve": "stepped" },
					{ "time": 0.2, "color": "000000ff", "curve": "stepped" },
					{ "time": 0.4, "color": "000000ff", "curve": "stepped" },
					{ "time": 0.6, "color": "000000ff" }
				]
			}
		},
		"bones": {
			"head": {
				"rotate": [
					{ "value": -8.24, "curve": "stepped" },
					{ "time": 0.2, "value": -8.24, "curve": "stepped" },
					{ "time": 0.4, "value": -8.24, "curve": "stepped" },
					{ "time": 0.6, "value": -8.24 }
				],
				"translate": [
					{ "x": -7.71, "y": -3.06, "curve": "stepped" },
					{ "time": 0.2, "x": -7.71, "y": -3.06, "curve": "stepped" },
					{ "time": 0.4, "x": -7.71, "y": -3.06, "curve": "stepped" },
					{ "time": 0.6, "x": -7.71, "y": -3.06 }
				],
				"scale": [
					{ "curve": "stepped" },
					{ "time": 0.2, "curve": "stepped" },
					{ "time": 0.4, "curve": "stepped" },
					{ "time": 0.6 }
				]
			},
			"root": {
				"rotate": [
					{ "curve": "stepped" },
					{ "time": 0.2, "curve": "stepped" },
					{ "time": 0.4, "curve": "stepped" },
					{ "time": 0.6 }
				],
				"translate": [
					{ "curve": "stepped" },
					{ "time": 0.2, "curve": "stepped" },
					{ "time": 0.4, "curve": "stepped" },
					{ "time": 0.6 }
				]
			},
			"main": {
				"rotate": [
					{ "value": -7.3, "curve": "stepped" },
					{ "time": 0.2, "value": -7.3, "curve": "stepped" },
					{ "time": 0.4, "value": -7.3, "curve": "stepped" },
					{ "time": 0.6, "value": -7.3 }
				],
				"translate": [
					{ "x": 4.14, "y": -10.87, "curve": "stepped" },
					{ "time": 0.2, "x": 4.14, "y": -10.87, "curve": "stepped" },
					{ "time": 0.4, "x": 4.14, "y": -10.87, "curve": "stepped" },
					{ "time": 0.6, "x": 4.14, "y": -10.87 }
				]
			},
			"hip": {
				"rotate": [
					{ "curve": "stepped" },
					{ "time": 0.2, "curve": "stepped" },
					{ "time": 0.4, "curve": "stepped" },
					{ "time": 0.6 }
				],
				"translate": [
					{ "curve": "stepped" },
					{ "time": 0.2, "curve": "stepped" },
					{ "time": 0.4, "curve": "stepped" },
					{ "time": 0.6 }
				]
			},
			"body": {
				"rotate": [
					{ "value": 5.24, "curve": "stepped" },
					{ "time": 0.2, "value": 5.24, "curve": "stepped" },
					{ "time": 0.4, "value": 5.24, "curve": "stepped" },
					{ "time": 0.6, "value": 5.24 }
				],
				"translate": [
					{ "curve": "stepped" },
					{ "time": 0.2, "curve": "stepped" },
					{ "time": 0.4, "curve": "stepped" },
					{ "time": 0.6 }
				]
			},
			"body2": {
				"rotate": [
					{ "value": -1.31, "curve": "stepped" },
					{ "time": 0.2, "value": -1.31, "curve": "stepped" },
					{ "time": 0.4, "value": -1.31, "curve": "stepped" },
					{ "time": 0.6, "value": -1.31 }
				],
				"translate": [
					{ "curve": "stepped" },
					{ "time": 0.2, "curve": "stepped" },
					{ "time": 0.4, "curve": "stepped" },
					{ "time": 0.6 }
				]
			},
			"body3": {
				"rotate": [
					{ "value": -1.31, "curve": "stepped" },
					{ "time": 0.2, "value": -1.31, "curve": "stepped" },
					{ "time": 0.4, "value": -1.31, "curve": "stepped" },
					{ "time": 0.6, "value": -1.31 }
				],
				"translate": [
					{ "curve": "stepped" },
					{ "time": 0.2, "curve": "stepped" },
					{ "time": 0.4, "curve": "stepped" },
					{ "time": 0.6 }
				]
			},
			"body4": {
				"rotate": [
					{ "value": -2.23, "curve": "stepped" },
					{ "time": 0.2, "value": -2.23, "curve": "stepped" },
					{ "time": 0.4, "value": -2.23, "curve": "stepped" },
					{ "time": 0.6, "value": -2.23 }
				],
				"translate": [
					{ "curve": "stepped" },
					{ "time": 0.2, "curve": "stepped" },
					{ "time": 0.4, "curve": "stepped" },
					{ "time": 0.6 }
				]
			},
			"body5": {
				"rotate": [
					{ "value": -2.76, "curve": "stepped" },
					{ "time": 0.2, "value": -2.76, "curve": "stepped" },
					{ "time": 0.4, "value": -2.76, "curve": "stepped" },
					{ "time": 0.6, "value": -2.76 }
				],
				"translate": [
					{ "curve": "stepped" },
					{ "time": 0.2, "curve": "stepped" },
					{ "time": 0.4, "curve": "stepped" },
					{ "time": 0.6 }
				]
			},
			"body6": {
				"rotate": [
					{ "value": -0.74, "curve": "stepped" },
					{ "time": 0.2, "value": -0.74, "curve": "stepped" },
					{ "time": 0.4, "value": -0.74, "curve": "stepped" },
					{ "time": 0.6, "value": -0.74 }
				],
				"translate": [
					{ "curve": "stepped" },
					{ "time": 0.2, "curve": "stepped" },
					{ "time": 0.4, "curve": "stepped" },
					{ "time": 0.6 }
				]
			},
			"body7": {
				"rotate": [
					{ "value": -1.31, "curve": "stepped" },
					{ "time": 0.2, "value": -1.31, "curve": "stepped" },
					{ "time": 0.4, "value": -1.31, "curve": "stepped" },
					{ "time": 0.6, "value": -1.31 }
				],
				"translate": [
					{ "curve": "stepped" },
					{ "time": 0.2, "curve": "stepped" },
					{ "time": 0.4, "curve": "stepped" },
					{ "time": 0.6 }
				]
			},
			"body8": {
				"rotate": [
					{ "value": -1.31, "curve": "stepped" },
					{ "time": 0.2, "value": -1.31, "curve": "stepped" },
					{ "time": 0.4, "value": -1.31, "curve": "stepped" },
					{ "time": 0.6, "value": -1.31 }
				],
				"translate": [
					{ "curve": "stepped" },
					{ "time": 0.2, "curve": "stepped" },
					{ "time": 0.4, "curve": "stepped" },
					{ "time": 0.6 }
				]
			},
			"feeling_3": {
				"rotate": [
					{ "curve": "stepped" },
					{ "time": 0.2, "curve": "stepped" },
					{ "time": 0.4, "curve": "stepped" },
					{ "time": 0.6 }
				],
				"translate": [
					{ "curve": "stepped" },
					{ "time": 0.2, "curve": "stepped" },
					{ "time": 0.4, "curve": "stepped" },
					{ "time": 0.6 }
				]
			},
			"emoji": {
				"rotate": [
					{ "value": 4.45, "curve": "stepped" },
					{ "time": 0.2, "value": 4.45, "curve": "stepped" },
					{ "time": 0.4, "value": 4.45, "curve": "stepped" },
					{ "time": 0.6, "value": 4.45 }
				],
				"translate": [
					{ "x": 12.22, "y": -0.24, "curve": "stepped" },
					{ "time": 0.2, "x": 12.22, "y": -0.24, "curve": "stepped" },
					{ "time": 0.4, "x": 12.22, "y": -0.24, "curve": "stepped" },
					{ "time": 0.6, "x": 12.22, "y": -0.24 }
				],
				"scale": [
					{ "x": 0.914, "y": 0.914, "curve": "stepped" },
					{ "time": 0.2, "x": 0.914, "y": 0.914, "curve": "stepped" },
					{ "time": 0.4, "x": 0.914, "y": 0.914, "curve": "stepped" },
					{ "time": 0.6, "x": 0.914, "y": 0.914 }
				]
			},
			"shouder_1": {
				"rotate": [
					{ "value": 178.18, "curve": "stepped" },
					{ "time": 0.2, "value": 178.18, "curve": "stepped" },
					{ "time": 0.4, "value": 178.18, "curve": "stepped" },
					{ "time": 0.6, "value": 178.18 }
				],
				"translate": [
					{ "x": 21.37, "y": 0.5, "curve": "stepped" },
					{ "time": 0.2, "x": 21.37, "y": 0.5, "curve": "stepped" },
					{ "time": 0.4, "x": 21.37, "y": 0.5, "curve": "stepped" },
					{ "time": 0.6, "x": 21.37, "y": 0.5 }
				],
				"scale": [
					{ "curve": "stepped" },
					{ "time": 0.2, "curve": "stepped" },
					{ "time": 0.4, "curve": "stepped" },
					{ "time": 0.6 }
				],
				"shear": [
					{ "y": 1, "curve": "stepped" },
					{ "time": 0.2, "y": 1, "curve": "stepped" },
					{ "time": 0.4, "y": 1, "curve": "stepped" },
					{ "time": 0.6, "y": 1 }
				]
			},
			"arm_1": {
				"rotate": [
					{ "value": -41.71, "curve": "stepped" },
					{ "time": 0.2, "value": -41.71, "curve": "stepped" },
					{ "time": 0.4, "value": -41.71, "curve": "stepped" },
					{ "time": 0.6, "value": -41.71 }
				],
				"translate": [
					{ "x": 2.6, "y": 0.99, "curve": "stepped" },
					{ "time": 0.2, "x": 2.6, "y": 0.99, "curve": "stepped" },
					{ "time": 0.4, "x": 2.6, "y": 0.99, "curve": "stepped" },
					{ "time": 0.6, "x": 2.6, "y": 0.99 }
				],
				"scale": [
					{ "curve": "stepped" },
					{ "time": 0.2, "curve": "stepped" },
					{ "time": 0.4, "curve": "stepped" },
					{ "time": 0.6 }
				]
			},
			"shouder_2": {
				"rotate": [
					{ "value": -169.28, "curve": "stepped" },
					{ "time": 0.2, "value": -169.28, "curve": "stepped" },
					{ "time": 0.4, "value": -169.28, "curve": "stepped" },
					{ "time": 0.6, "value": -169.28 }
				],
				"translate": [
					{ "x": 17.63, "y": -2.67, "curve": "stepped" },
					{ "time": 0.2, "x": 17.63, "y": -2.67, "curve": "stepped" },
					{ "time": 0.4, "x": 17.63, "y": -2.67, "curve": "stepped" },
					{ "time": 0.6, "x": 17.63, "y": -2.67 }
				],
				"scale": [
					{ "y": 0.924, "curve": "stepped" },
					{ "time": 0.2, "y": 0.924, "curve": "stepped" },
					{ "time": 0.4, "y": 0.924, "curve": "stepped" },
					{ "time": 0.6, "y": 0.924 }
				]
			},
			"arm_2": {
				"rotate": [
					{ "value": 57.41, "curve": "stepped" },
					{ "time": 0.2, "value": 57.41, "curve": "stepped" },
					{ "time": 0.4, "value": 57.41, "curve": "stepped" },
					{ "time": 0.6, "value": 57.41 }
				],
				"translate": [
					{ "x": 0.99, "y": 1.82, "curve": "stepped" },
					{ "time": 0.2, "x": 0.99, "y": 1.82, "curve": "stepped" },
					{ "time": 0.4, "x": 0.99, "y": 1.82, "curve": "stepped" },
					{ "time": 0.6, "x": 0.99, "y": 1.82 }
				],
				"scale": [
					{ "x": 1.029, "curve": "stepped" },
					{ "time": 0.2, "x": 1.029, "curve": "stepped" },
					{ "time": 0.4, "x": 1.029, "curve": "stepped" },
					{ "time": 0.6, "x": 1.029 }
				]
			},
			"thigh_1": {
				"rotate": [
					{ "value": -6.18, "curve": "stepped" },
					{ "time": 0.2, "value": -6.18, "curve": "stepped" },
					{
						"time": 0.4,
						"value": -6.18,
						"curve": [ 0.45, -6.18, 0.55, 56.35 ]
					},
					{ "time": 0.6, "value": 56.35 }
				],
				"translate": [
					{ "curve": "stepped" },
					{ "time": 0.2, "curve": "stepped" },
					{ "time": 0.4, "curve": "stepped" },
					{ "time": 0.6 }
				],
				"scale": [
					{ "curve": "stepped" },
					{ "time": 0.2, "curve": "stepped" },
					{ "time": 0.4, "curve": "stepped" },
					{ "time": 0.6 }
				]
			},
			"leg_1": {
				"rotate": [
					{ "value": 5.22, "curve": "stepped" },
					{ "time": 0.2, "value": 5.22, "curve": "stepped" },
					{
						"time": 0.4,
						"value": 5.22,
						"curve": [ 0.45, 5.22, 0.55, -60.63 ]
					},
					{ "time": 0.6, "value": -60.63 }
				],
				"translate": [
					{ "curve": "stepped" },
					{ "time": 0.2, "curve": "stepped" },
					{ "time": 0.4, "curve": "stepped" },
					{ "time": 0.6 }
				],
				"scale": [
					{ "curve": "stepped" },
					{ "time": 0.2, "curve": "stepped" },
					{ "time": 0.4, "curve": "stepped" },
					{ "time": 0.6 }
				]
			},
			"thigh_2": {
				"rotate": [
					{ "value": 2.51, "curve": "stepped" },
					{ "time": 0.2, "value": 2.51, "curve": "stepped" },
					{
						"time": 0.4,
						"value": 2.51,
						"curve": [ 0.45, 2.51, 0.55, -113.47 ]
					},
					{ "time": 0.6, "value": -113.47 }
				],
				"translate": [
					{ "curve": "stepped" },
					{ "time": 0.2, "curve": "stepped" },
					{ "time": 0.4, "curve": "stepped" },
					{ "time": 0.6 }
				],
				"scale": [
					{ "x": 0.937, "curve": "stepped" },
					{ "time": 0.2, "x": 0.937, "curve": "stepped" },
					{ "time": 0.4, "x": 0.937, "curve": "stepped" },
					{ "time": 0.6, "x": 0.937 }
				]
			},
			"leg_2": {
				"rotate": [
					{ "value": 3.66, "curve": "stepped" },
					{ "time": 0.2, "value": 3.66, "curve": "stepped" },
					{
						"time": 0.4,
						"value": 3.66,
						"curve": [ 0.45, 3.66, 0.55, 139.67 ]
					},
					{ "time": 0.6, "value": 139.67 }
				],
				"translate": [
					{ "curve": "stepped" },
					{ "time": 0.2, "curve": "stepped" },
					{ "time": 0.4, "curve": "stepped" },
					{ "time": 0.6 }
				],
				"scale": [
					{ "curve": "stepped" },
					{ "time": 0.2, "curve": "stepped" },
					{ "time": 0.4, "curve": "stepped" },
					{ "time": 0.6 }
				]
			},
			"foot_2": {
				"rotate": [
					{ "curve": "stepped" },
					{ "time": 0.2, "curve": "stepped" },
					{ "time": 0.4, "curve": "stepped" },
					{ "time": 0.6 }
				],
				"translate": [
					{ "x": 73.83, "y": 36.76, "curve": "stepped" },
					{ "time": 0.2, "x": 73.83, "y": 36.76, "curve": "stepped" },
					{ "time": 0.4, "x": 73.83, "y": 36.76, "curve": "stepped" },
					{ "time": 0.6, "x": 73.83, "y": 36.76 }
				]
			},
			"foot_3": {
				"rotate": [
					{ "value": -4.37, "curve": "stepped" },
					{ "time": 0.2, "value": -4.37, "curve": "stepped" },
					{ "time": 0.4, "value": -4.37, "curve": "stepped" },
					{ "time": 0.6, "value": -4.37 }
				],
				"translate": [
					{ "x": -60.79, "y": 189.86, "curve": "stepped" },
					{ "time": 0.2, "x": -60.79, "y": 189.86, "curve": "stepped" },
					{ "time": 0.4, "x": -60.79, "y": 189.86, "curve": "stepped" },
					{ "time": 0.6, "x": -60.79, "y": 189.86 }
				]
			},
			"feeling_5": {
				"rotate": [
					{ "curve": "stepped" },
					{ "time": 0.2, "curve": "stepped" },
					{ "time": 0.4, "curve": "stepped" },
					{ "time": 0.6 }
				],
				"translate": [
					{ "curve": "stepped" },
					{ "time": 0.2, "curve": "stepped" },
					{ "time": 0.4, "curve": "stepped" },
					{ "time": 0.6 }
				]
			},
			"feeling_1": {
				"rotate": [
					{ "value": -134.92, "curve": "stepped" },
					{ "time": 0.2, "value": -134.92, "curve": "stepped" },
					{ "time": 0.4, "value": -134.92, "curve": "stepped" },
					{ "time": 0.6, "value": -134.92 }
				],
				"translate": [
					{ "x": 22.2, "y": -18.76, "curve": "stepped" },
					{ "time": 0.2, "x": 22.2, "y": -18.76, "curve": "stepped" },
					{ "time": 0.4, "x": 22.2, "y": -18.76, "curve": "stepped" },
					{ "time": 0.6, "x": 22.2, "y": -18.76 }
				],
				"scale": [
					{ "curve": "stepped" },
					{ "time": 0.2, "curve": "stepped" },
					{ "time": 0.4, "curve": "stepped" },
					{ "time": 0.6 }
				]
			},
			"feeling_2": {
				"rotate": [
					{ "value": -134.92, "curve": "stepped" },
					{ "time": 0.2, "value": -134.92, "curve": "stepped" },
					{ "time": 0.4, "value": -134.92, "curve": "stepped" },
					{ "time": 0.6, "value": -134.92 }
				],
				"translate": [
					{ "x": 22.2, "y": -18.76, "curve": "stepped" },
					{ "time": 0.2, "x": 22.2, "y": -18.76, "curve": "stepped" },
					{ "time": 0.4, "x": 22.2, "y": -18.76, "curve": "stepped" },
					{ "time": 0.6, "x": 22.2, "y": -18.76 }
				],
				"scale": [
					{ "curve": "stepped" },
					{ "time": 0.2, "curve": "stepped" },
					{ "time": 0.4, "curve": "stepped" },
					{ "time": 0.6 }
				]
			},
			"move": {
				"translate": [
					{ "x": 119.99, "y": -0.41, "curve": "stepped" },
					{ "time": 0.6, "x": 119.99, "y": -0.41 }
				],
				"scale": [
					{ "curve": "stepped" },
					{ "time": 0.6 }
				]
			},
			"item_1": {
				"translate": [
					{ "x": -8.72, "y": -80.99, "curve": "stepped" },
					{ "time": 0.2, "x": -8.72, "y": -80.99, "curve": "stepped" },
					{ "time": 0.4, "x": -8.72, "y": -80.99, "curve": "stepped" },
					{ "time": 0.6, "x": -8.72, "y": -80.99 }
				],
				"scale": [
					{ "curve": "stepped" },
					{ "time": 0.2, "curve": "stepped" },
					{ "time": 0.4, "curve": "stepped" },
					{ "time": 0.6 }
				]
			}
		},
		"ik": {
			"foot_1": [
				{
					"bendPositive": false,
					"stretch": true,
					"curve": [ 0.05, 1, 0.15, 1, 0.05, 0, 0.15, 0 ]
				},
				{
					"time": 0.2,
					"bendPositive": false,
					"stretch": true,
					"curve": [ 0.25, 1, 0.35, 1, 0.25, 0, 0.35, 0 ]
				},
				{
					"time": 0.4,
					"bendPositive": false,
					"stretch": true,
					"curve": [ 0.45, 1, 0.55, 1, 0.45, 0, 0.55, 0 ]
				},
				{ "time": 0.6, "bendPositive": false, "stretch": true }
			],
			"foot_2": [
				{
					"stretch": true,
					"curve": [ 0.05, 1, 0.15, 1, 0.05, 0, 0.15, 0 ]
				},
				{
					"time": 0.2,
					"stretch": true,
					"curve": [ 0.25, 1, 0.35, 1, 0.25, 0, 0.35, 0 ]
				},
				{
					"time": 0.4,
					"stretch": true,
					"curve": [ 0.45, 1, 0.55, 1, 0.45, 0, 0.55, 0 ]
				},
				{ "time": 0.6, "stretch": true }
			]
		},
		"drawOrder": [
			{
				"offsets": [
					{ "slot": "shoulder4", "offset": 7 }
				]
			},
			{
				"time": 0.6,
				"offsets": [
					{ "slot": "shoulder4", "offset": 7 }
				]
			}
		]
	},
	"t_169_1_win": {
		"slots": {
			"body": {
				"rgba": [
					{ "color": "000000ff" }
				]
			},
			"Emoji": {
				"attachment": [
					{ "name": "Emoji/new/emo_66" }
				]
			},
			"feeling_1": {
				"attachment": [
					{}
				]
			},
			"feeling_2": {
				"attachment": [
					{}
				]
			},
			"feeling_3": {
				"attachment": [
					{}
				]
			},
			"feeling_5": {
				"attachment": [
					{}
				]
			},
			"hair": {
				"attachment": [
					{}
				]
			},
			"head": {
				"rgba": [
					{ "color": "ffffffff" }
				],
				"attachment": [
					{ "name": "head" }
				]
			},
			"shoulder1": {
				"rgba": [
					{ "color": "000000ff" }
				],
				"attachment": [
					{ "name": "shoulder" }
				]
			},
			"shoulder2": {
				"rgba": [
					{ "color": "000000ff" }
				],
				"attachment": [
					{ "name": "shoulder" }
				]
			},
			"shoulder3": {
				"rgba": [
					{ "color": "000000ff" }
				],
				"attachment": [
					{ "name": "shoulder" }
				]
			},
			"shoulder4": {
				"rgba": [
					{ "color": "000000ff" }
				],
				"attachment": [
					{ "name": "shoulder" }
				]
			},
			"thigh": {
				"rgba": [
					{ "color": "000000ff" }
				]
			},
			"thigh2": {
				"rgba": [
					{ "color": "000000ff" }
				]
			},
			"thigh3": {
				"rgba": [
					{ "color": "000000ff" }
				]
			},
			"thigh4": {
				"rgba": [
					{ "color": "000000ff" }
				]
			}
		},
		"bones": {
			"head": {
				"rotate": [
					{ "value": -5.05 }
				],
				"translate": [
					{ "x": -6.55, "y": 3.43 }
				],
				"scale": [
					{}
				]
			},
			"root": {
				"rotate": [
					{}
				],
				"translate": [
					{}
				]
			},
			"main": {
				"rotate": [
					{ "value": 21.92 }
				],
				"translate": [
					{ "x": 2.48, "y": -33.81 }
				]
			},
			"hip": {
				"rotate": [
					{}
				],
				"translate": [
					{}
				]
			},
			"body": {
				"rotate": [
					{ "value": -2 }
				],
				"translate": [
					{}
				],
				"scale": [
					{}
				]
			},
			"body2": {
				"rotate": [
					{ "value": -2 }
				],
				"translate": [
					{}
				],
				"scale": [
					{}
				]
			},
			"body3": {
				"rotate": [
					{ "value": -2 }
				],
				"translate": [
					{}
				],
				"scale": [
					{}
				]
			},
			"body4": {
				"rotate": [
					{ "value": -2 }
				],
				"translate": [
					{}
				],
				"scale": [
					{}
				]
			},
			"body5": {
				"rotate": [
					{ "value": -2 }
				],
				"translate": [
					{}
				],
				"scale": [
					{}
				]
			},
			"body6": {
				"rotate": [
					{ "value": -2 }
				],
				"translate": [
					{}
				],
				"scale": [
					{}
				]
			},
			"body7": {
				"rotate": [
					{ "value": -2 }
				],
				"translate": [
					{}
				],
				"scale": [
					{}
				]
			},
			"body8": {
				"rotate": [
					{ "value": -2 }
				],
				"translate": [
					{}
				],
				"scale": [
					{}
				]
			},
			"feeling_3": {
				"rotate": [
					{}
				],
				"translate": [
					{}
				]
			},
			"emoji": {
				"rotate": [
					{ "value": -10.16 }
				],
				"translate": [
					{ "x": 14.86, "y": 25.11 }
				],
				"scale": [
					{ "x": 0.96, "y": 1.136 }
				]
			},
			"shouder_1": {
				"rotate": [
					{ "value": -70.79 }
				],
				"translate": [
					{ "x": 29.43, "y": 2.22 }
				],
				"scale": [
					{}
				]
			},
			"arm_1": {
				"rotate": [
					{ "value": -87.93 }
				],
				"translate": [
					{ "x": 2.02, "y": 0.08 }
				],
				"scale": [
					{}
				]
			},
			"shouder_2": {
				"rotate": [
					{ "value": 19.8 }
				],
				"translate": [
					{ "x": 27.26, "y": 1.68 }
				],
				"scale": [
					{}
				]
			},
			"arm_2": {
				"rotate": [
					{ "value": -144.97 }
				],
				"scale": [
					{ "x": 0.926 }
				]
			},
			"thigh_1": {
				"rotate": [
					{ "value": 24.72 }
				],
				"translate": [
					{}
				],
				"scale": [
					{}
				]
			},
			"leg_1": {
				"rotate": [
					{}
				],
				"translate": [
					{}
				]
			},
			"thigh_2": {
				"rotate": [
					{ "value": 39.21 }
				],
				"translate": [
					{}
				],
				"scale": [
					{}
				]
			},
			"leg_2": {
				"rotate": [
					{ "value": 18.14 }
				],
				"translate": [
					{}
				]
			},
			"foot_2": {
				"rotate": [
					{}
				],
				"translate": [
					{ "x": -190.55, "y": 89.55 }
				]
			},
			"foot_3": {
				"rotate": [
					{}
				],
				"translate": [
					{ "x": 198.8, "y": 87.15 }
				]
			},
			"feeling_5": {
				"rotate": [
					{}
				],
				"translate": [
					{}
				]
			},
			"feeling_1": {
				"rotate": [
					{ "value": 5.59 }
				],
				"translate": [
					{ "x": 112.38, "y": -59.8 }
				],
				"scale": [
					{ "x": 1.781, "y": 1.781 }
				]
			},
			"feeling_2": {
				"rotate": [
					{ "value": 23.87 }
				],
				"translate": [
					{ "x": -151.59, "y": -143.99 }
				],
				"scale": [
					{ "x": 1.18, "y": 1.664 }
				]
			},
			"move": {
				"translate": [
					{ "x": 119.99 }
				],
				"scale": [
					{ "x": -1 }
				]
			},
			"hair_1": {
				"rotate": [
					{ "value": -31.29 }
				],
				"translate": [
					{ "x": 122.04, "y": 565.27 }
				],
				"scale": [
					{ "x": 1.069, "y": 1.069 }
				]
			}
		},
		"ik": {
			"foot_1": [
				{ "stretch": true }
			],
			"foot_2": [
				{ "stretch": true }
			]
		},
		"drawOrder": [
			{
				"offsets": [
					{ "slot": "shoulder3", "offset": 12 },
					{ "slot": "shoulder2", "offset": 13 },
					{ "slot": "shoulder4", "offset": 11 }
				]
			}
		]
	}
}
}