{"frames": [

{
	"filename": "bg",
	"frame": {"x":1,"y":1,"w":1080,"h":1277},
	"rotated": false,
	"trimmed": false,
	"spriteSourceSize": {"x":0,"y":0,"w":1080,"h":1277},
	"sourceSize": {"w":1080,"h":1277}
},
{
	"filename": "cot_bang",
	"frame": {"x":1402,"y":410,"w":89,"h":199},
	"rotated": false,
	"trimmed": true,
	"spriteSourceSize": {"x":7,"y":7,"w":89,"h":199},
	"sourceSize": {"w":103,"h":213}
},
{
	"filename": "cot_bang_hot",
	"frame": {"x":1402,"y":197,"w":103,"h":212},
	"rotated": false,
	"trimmed": true,
	"spriteSourceSize": {"x":0,"y":1,"w":103,"h":212},
	"sourceSize": {"w":103,"h":213}
},
{
	"filename": "g_be_0",
	"frame": {"x":1082,"y":197,"w":319,"h":594},
	"rotated": false,
	"trimmed": true,
	"spriteSourceSize": {"x":19,"y":0,"w":319,"h":594},
	"sourceSize": {"w":353,"h":596}
},
{
	"filename": "ho bang",
	"frame": {"x":1082,"y":1,"w":469,"h":195},
	"rotated": false,
	"trimmed": false,
	"spriteSourceSize": {"x":0,"y":0,"w":469,"h":195},
	"sourceSize": {"w":469,"h":195}
},
{
	"filename": "tuyet lo",
	"frame": {"x":1082,"y":792,"w":279,"h":292},
	"rotated": false,
	"trimmed": false,
	"spriteSourceSize": {"x":0,"y":0,"w":279,"h":292},
	"sourceSize": {"w":279,"h":292}
}],
"meta": {
	"app": "https://www.codeandweb.com/texturepacker",
	"version": "1.0",
	"image": "props.png",
	"format": "RGBA8888",
	"size": {"w":1552,"h":1279},
	"scale": "1",
	"smartupdate": "$TexturePacker:SmartUpdate:2fa1bd42d31a0c4739ce7330aca833ff:fa9b0c154907f98bfbd4b09b71b3843b:f4c39b94f5b79b4c461da96ae5609d50$"
}
}
