{
"skeleton": { "hash": "Wy3xzBm9J4A", "spine": "4.1.24", "x": -388.28, "y": -425.09, "width": 724.41, "height": 1282.48 },
"bones": [
	{ "name": "root", "rotation": 0.2 },
	{ "name": "move", "parent": "root", "x": -119.99, "scaleX": -1 },
	{ "name": "main", "parent": "move", "y": 256.6 },
	{ "name": "hip", "parent": "main" },
	{ "name": "body", "parent": "hip", "length": 26.97, "rotation": 90 },
	{ "name": "body2", "parent": "body", "length": 26.97, "x": 26.97 },
	{ "name": "body3", "parent": "body2", "length": 26.97, "x": 26.97 },
	{ "name": "body4", "parent": "body3", "length": 26.97, "rotation": -0.06, "x": 26.97 },
	{ "name": "body5", "parent": "body4", "length": 26.97, "x": 26.97 },
	{ "name": "body6", "parent": "body5", "length": 26.97, "x": 26.97 },
	{ "name": "body7", "parent": "body6", "length": 26.97, "x": 26.97 },
	{ "name": "body8", "parent": "body7", "length": 26.97, "x": 26.97 },
	{ "name": "head", "parent": "body8", "length": 135.67, "x": 24.75 },
	{ "name": "feeling_3", "parent": "head", "rotation": -0.18, "x": 87.53, "y": 30.96 },
	{ "name": "emoji", "parent": "head", "rotation": -90, "x": 62, "y": 1.49 },
	{ "name": "shouder_1", "parent": "body7", "length": 100.06, "rotation": -90, "x": 15.39, "y": 0.02 },
	{ "name": "arm_1", "parent": "shouder_1", "length": 100.06, "x": 94.79 },
	{ "name": "shouder_2", "parent": "body7", "length": 100.06, "rotation": 90, "x": 15.39, "y": 0.02 },
	{ "name": "arm_2", "parent": "shouder_2", "length": 100.06, "x": 94.79 },
	{ "name": "thigh_1", "parent": "main", "length": 134.15, "rotation": -90, "x": -0.54, "y": 4.23 },
	{ "name": "leg_1", "parent": "thigh_1", "length": 134.15, "x": 128.14 },
	{ "name": "thigh_2", "parent": "main", "length": 134.15, "rotation": -90, "x": -0.1, "y": 4.23 },
	{ "name": "leg_2", "parent": "thigh_2", "length": 134.15, "x": 128.14 },
	{ "name": "foot_2", "parent": "move", "x": 0.16, "y": -2.18 },
	{ "name": "foot_3", "parent": "move", "x": 0.1, "y": -2.12 },
	{
		"name": "feeling_5",
		"parent": "head",
		"rotation": -0.18,
		"x": 87.53,
		"y": -25.11,
		"scaleX": 2,
		"scaleY": 2
	},
	{ "name": "item_1", "parent": "move", "x": -1.93, "y": 450.24 },
	{ "name": "feeling_1", "parent": "main", "rotation": -20.17, "x": 72.35, "y": 376.02 },
	{ "name": "feeling_2", "parent": "main", "rotation": -20.21, "x": 72.35, "y": 376.02 },
	{ "name": "hair_1", "parent": "main", "rotation": 0.07, "x": -120, "y": -254.77 }
],
"slots": [
	{ "name": "bg_gane_play", "bone": "root", "color": "ffffff4f" },
	{ "name": "body", "bone": "hip", "color": "000000ff", "attachment": "body" },
	{ "name": "shoulder1", "bone": "shouder_1", "color": "000000ff" },
	{ "name": "shoulder3", "bone": "shouder_2", "color": "000000ff" },
	{ "name": "shoulder2", "bone": "arm_1", "color": "000000ff" },
	{ "name": "shoulder4", "bone": "arm_2", "color": "000000ff" },
	{ "name": "thigh", "bone": "thigh_1", "color": "000000ff", "attachment": "thigh" },
	{ "name": "thigh3", "bone": "thigh_2", "color": "000000ff", "attachment": "thigh" },
	{ "name": "thigh2", "bone": "leg_1", "color": "000000ff", "attachment": "thigh" },
	{ "name": "thigh4", "bone": "leg_2", "color": "000000ff", "attachment": "thigh" },
	{ "name": "head", "bone": "head", "attachment": "head" },
	{ "name": "hair", "bone": "hair_1" },
	{ "name": "Emoji", "bone": "emoji" },
	{ "name": "feeling_3", "bone": "feeling_3", "color": "000000ff" },
	{ "name": "feeling_5", "bone": "feeling_5" },
	{ "name": "feeling_1", "bone": "feeling_1" },
	{ "name": "feeling_2", "bone": "feeling_2" }
],
"ik": [
	{
		"name": "foot_1",
		"bones": [ "thigh_1", "leg_1" ],
		"target": "foot_2",
		"mix": 0,
		"stretch": true
	},
	{
		"name": "foot_2",
		"order": 1,
		"bones": [ "thigh_2", "leg_2" ],
		"target": "foot_3",
		"mix": 0,
		"stretch": true
	}
],
"skins": [
	{
		"name": "default",
		"attachments": {
			"body": {
				"body": {
					"type": "mesh",
					"uvs": [ 1, 1, 0, 1, 0, 0.875, 0, 0.75, 0, 0.625, 0, 0.5, 0, 0.375, 0, 0.25, 0, 0.125, 0, 0, 1, 0, 1, 0.125, 1, 0.25, 1, 0.375, 1, 0.5, 1, 0.625, 1, 0.75, 1, 0.875 ],
					"triangles": [ 8, 9, 10, 11, 8, 10, 7, 8, 11, 12, 7, 11, 6, 7, 12, 13, 6, 12, 5, 6, 13, 14, 5, 13, 4, 5, 14, 15, 4, 14, 3, 4, 15, 16, 3, 15, 2, 3, 16, 17, 2, 16, 1, 2, 17, 0, 1, 17 ],
					"vertices": [ 1, 4, -1.7, -5.5, 1, 1, 4, -1.7, 5.5, 1, 2, 4, 25.68, 5.5, 0.70301, 5, -1.29, 5.5, 0.29699, 2, 5, 26.08, 5.5, 0.65569, 6, -0.88, 5.5, 0.34431, 2, 6, 26.49, 5.5, 0.55905, 7, -0.48, 5.5, 0.44095, 2, 7, 26.9, 5.5, 0.51367, 8, -0.07, 5.5, 0.48633, 2, 8, 27.3, 5.5, 0.41705, 9, 0.33, 5.5, 0.58295, 2, 9, 27.71, 5.5, 0.38565, 10, 0.74, 5.5, 0.61435, 2, 10, 28.11, 5.5, 0.36868, 11, 1.14, 5.5, 0.63132, 1, 11, 28.52, 5.5, 1, 1, 11, 28.52, -5.5, 1, 2, 10, 28.11, -5.5, 0.3064, 11, 1.14, -5.5, 0.6936, 2, 9, 27.71, -5.5, 0.40945, 10, 0.74, -5.5, 0.59055, 2, 8, 27.3, -5.5, 0.44404, 9, 0.33, -5.5, 0.55596, 2, 7, 26.9, -5.5, 0.52991, 8, -0.07, -5.5, 0.47009, 2, 6, 26.49, -5.5, 0.58474, 7, -0.48, -5.5, 0.41526, 2, 5, 26.08, -5.5, 0.62061, 6, -0.88, -5.5, 0.37939, 2, 4, 25.68, -5.5, 0.65664, 5, -1.29, -5.5, 0.34336 ],
					"hull": 18
				}
			},
			"Emoji": {
				"Emoji/emo_99": { "x": 0.5, "y": 0.5, "width": 141, "height": 117 },
				"Emoji/mieng_zombie": { "x": -1.37, "y": -16.91, "width": 71, "height": 49 },
				"Emoji/new/emo_15": { "x": 0.5, "y": 0.5, "width": 107, "height": 73 },
				"Emoji/new/emo_50": { "width": 72, "height": 79 }
			},
			"feeling_1": {
				"cham_than": { "x": 0.5, "y": 0.5, "width": 17, "height": 57 },
				"grum": { "y": 0.5, "scaleY": -1, "rotation": -520.01, "width": 126, "height": 19 },
				"mo_hoi": { "x": 0.5, "y": 0.5, "width": 19, "height": 41 },
				"rung": { "x": 0.5, "rotation": 13.67, "width": 18, "height": 51 }
			},
			"feeling_2": {
				"cham_than": { "x": 0.5, "y": 0.5, "width": 17, "height": 57 },
				"mo_hoi": { "x": 0.5, "y": 0.5, "width": 19, "height": 41 },
				"water_mouth": { "x": -5.86, "y": -13.64, "rotation": -33.97, "width": 23, "height": 50 }
			},
			"feeling_3": {
				"mat_zombie": { "scaleX": 2, "scaleY": 2, "width": 23, "height": 33 },
				"mat_zombie2": { "scaleX": 2, "scaleY": 2, "width": 23, "height": 33 },
				"mo_hoi": { "x": -18.07, "y": -0.4, "rotation": -96.51, "width": 19, "height": 41 },
				"run": { "rotation": -89.44, "width": 13, "height": 27 }
			},
			"feeling_5": {
				"giat_minh": { "width": 70, "height": 66 },
				"mat_zombie": { "scaleX": 2, "scaleY": 2, "width": 23, "height": 33 },
				"mat_zombie2": { "scaleX": 2, "scaleY": 2, "width": 23, "height": 33 },
				"run": { "x": -0.36, "y": 7.5, "rotation": -89.44, "width": 13, "height": 27 }
			},
			"hair": {
				"hair/man/toc_15": { "x": 0.5, "width": 155, "height": 120 }
			},
			"head": {
				"dau_zombie": { "x": 68.85, "scaleX": 1.1889, "scaleY": 1.1889, "rotation": -90, "width": 118, "height": 119 },
				"head": { "x": 68.85, "rotation": -89.87, "width": 144, "height": 144 }
			},
			"shoulder1": {
				"shoulder": { "x": 49.22, "rotation": -90, "width": 15, "height": 105 }
			},
			"shoulder2": {
				"shoulder": { "x": 49.22, "rotation": -90, "width": 15, "height": 105 }
			},
			"shoulder3": {
				"shoulder": { "x": 49.22, "rotation": -90, "width": 15, "height": 105 }
			},
			"shoulder4": {
				"shoulder": { "x": 50.57, "rotation": -90, "width": 15, "height": 105 }
			},
			"thigh": {
				"thigh": { "x": 66.01, "rotation": -90, "width": 14, "height": 137 }
			},
			"thigh2": {
				"thigh": { "x": 66.01, "rotation": -90, "width": 14, "height": 137 }
			},
			"thigh3": {
				"thigh": { "x": 66.01, "rotation": -90, "width": 14, "height": 137 }
			},
			"thigh4": {
				"thigh": { "x": 66.01, "rotation": -90, "width": 14, "height": 137 }
			}
		}
	}
],
"animations": {
	"t_19_1_be": {
		"slots": {
			"body": {
				"rgba": [
					{ "color": "000000ff", "curve": "stepped" },
					{ "time": 0.0333, "color": "000000ff" }
				]
			},
			"Emoji": {
				"rgba": [
					{ "color": "ffffffff", "curve": "stepped" },
					{ "time": 0.0333, "color": "ffffffff" }
				],
				"attachment": [
					{ "name": "Emoji/new/emo_50" },
					{ "time": 0.0333, "name": "Emoji/new/emo_50" }
				]
			},
			"feeling_1": {
				"attachment": [
					{ "name": "mo_hoi" },
					{ "time": 0.0333, "name": "mo_hoi" }
				]
			},
			"feeling_2": {
				"attachment": [
					{ "name": "mo_hoi" },
					{ "time": 0.0333, "name": "mo_hoi" }
				]
			},
			"feeling_3": {
				"attachment": [
					{ "name": "run" },
					{ "time": 0.0333, "name": "run" }
				]
			},
			"feeling_5": {
				"attachment": [
					{ "name": "run" },
					{ "time": 0.0333, "name": "run" }
				]
			},
			"hair": {
				"attachment": [
					{ "name": "hair/man/toc_15" },
					{ "time": 0.0333, "name": "hair/man/toc_15" }
				]
			},
			"head": {
				"rgba": [
					{ "color": "ffffffff", "curve": "stepped" },
					{ "time": 0.0333, "color": "ffffffff" }
				],
				"attachment": [
					{ "name": "head" },
					{ "time": 0.0333, "name": "head" }
				]
			},
			"shoulder1": {
				"rgba": [
					{ "color": "000000ff", "curve": "stepped" },
					{ "time": 0.0333, "color": "000000ff" }
				],
				"attachment": [
					{ "name": "shoulder" },
					{ "time": 0.0333, "name": "shoulder" }
				]
			},
			"shoulder2": {
				"rgba": [
					{ "color": "000000ff", "curve": "stepped" },
					{ "time": 0.0333, "color": "000000ff" }
				],
				"attachment": [
					{ "name": "shoulder" },
					{ "time": 0.0333, "name": "shoulder" }
				]
			},
			"shoulder3": {
				"rgba": [
					{ "color": "000000ff", "curve": "stepped" },
					{ "time": 0.0333, "color": "000000ff" }
				],
				"attachment": [
					{},
					{ "time": 0.0333 }
				]
			},
			"shoulder4": {
				"rgba": [
					{ "color": "000000ff", "curve": "stepped" },
					{ "time": 0.0333, "color": "000000ff" }
				],
				"attachment": [
					{},
					{ "time": 0.0333 }
				]
			},
			"thigh": {
				"rgba": [
					{ "color": "000000ff", "curve": "stepped" },
					{ "time": 0.0333, "color": "000000ff" }
				]
			},
			"thigh2": {
				"rgba": [
					{ "color": "000000ff", "curve": "stepped" },
					{ "time": 0.0333, "color": "000000ff" }
				]
			},
			"thigh3": {
				"rgba": [
					{ "color": "000000ff", "curve": "stepped" },
					{ "time": 0.0333, "color": "000000ff" }
				]
			},
			"thigh4": {
				"rgba": [
					{ "color": "000000ff", "curve": "stepped" },
					{ "time": 0.0333, "color": "000000ff" }
				]
			}
		},
		"bones": {
			"head": {
				"rotate": [
					{ "value": -43.27, "curve": "stepped" },
					{ "time": 0.0333, "value": -43.27 }
				],
				"translate": [
					{ "x": -13.88, "y": 42.18, "curve": "stepped" },
					{ "time": 0.0333, "x": -13.88, "y": 42.18 }
				],
				"scale": [
					{ "curve": "stepped" },
					{ "time": 0.0333 }
				]
			},
			"root": {
				"rotate": [
					{ "curve": "stepped" },
					{ "time": 0.0333 }
				],
				"translate": [
					{ "curve": "stepped" },
					{ "time": 0.0333 }
				]
			},
			"main": {
				"rotate": [
					{ "value": -28.82, "curve": "stepped" },
					{ "time": 0.0333, "value": -28.82 }
				],
				"translate": [
					{ "x": 0.78, "y": -38.84, "curve": "stepped" },
					{ "time": 0.0333, "x": 0.78, "y": -38.84 }
				]
			},
			"hip": {
				"rotate": [
					{ "curve": "stepped" },
					{ "time": 0.0333 }
				],
				"translate": [
					{ "curve": "stepped" },
					{ "time": 0.0333 }
				]
			},
			"body": {
				"rotate": [
					{ "value": 24.27, "curve": "stepped" },
					{ "time": 0.0333, "value": 24.27 }
				],
				"translate": [
					{ "curve": "stepped" },
					{ "time": 0.0333 }
				]
			},
			"body2": {
				"rotate": [
					{ "value": 5.18, "curve": "stepped" },
					{ "time": 0.0333, "value": 5.18 }
				],
				"translate": [
					{ "curve": "stepped" },
					{ "time": 0.0333 }
				]
			},
			"body3": {
				"rotate": [
					{ "value": 5.18, "curve": "stepped" },
					{ "time": 0.0333, "value": 5.18 }
				],
				"translate": [
					{ "curve": "stepped" },
					{ "time": 0.0333 }
				]
			},
			"body4": {
				"rotate": [
					{ "value": 4.27, "curve": "stepped" },
					{ "time": 0.0333, "value": 4.27 }
				],
				"translate": [
					{ "curve": "stepped" },
					{ "time": 0.0333 }
				]
			},
			"body5": {
				"rotate": [
					{ "value": 2.21, "curve": "stepped" },
					{ "time": 0.0333, "value": 2.21 }
				],
				"translate": [
					{ "curve": "stepped" },
					{ "time": 0.0333 }
				]
			},
			"body6": {
				"rotate": [
					{ "value": 5.76, "curve": "stepped" },
					{ "time": 0.0333, "value": 5.76 }
				],
				"translate": [
					{ "curve": "stepped" },
					{ "time": 0.0333 }
				]
			},
			"body7": {
				"rotate": [
					{ "value": 5.18, "curve": "stepped" },
					{ "time": 0.0333, "value": 5.18 }
				],
				"translate": [
					{ "curve": "stepped" },
					{ "time": 0.0333 }
				]
			},
			"body8": {
				"rotate": [
					{ "value": 5.18, "curve": "stepped" },
					{ "time": 0.0333, "value": 5.18 }
				],
				"translate": [
					{ "curve": "stepped" },
					{ "time": 0.0333 }
				]
			},
			"feeling_3": {
				"rotate": [
					{ "curve": "stepped" },
					{ "time": 0.0333 }
				],
				"translate": [
					{ "x": -355.1, "y": -68.55, "curve": "stepped" },
					{ "time": 0.0333, "x": -355.1, "y": -68.55 }
				],
				"scale": [
					{ "x": 1.685, "y": 1.685, "curve": "stepped" },
					{ "time": 0.0333, "x": 1.685, "y": 1.685 }
				]
			},
			"emoji": {
				"rotate": [
					{ "value": 3, "curve": "stepped" },
					{ "time": 0.0333, "value": 3 }
				],
				"translate": [
					{ "x": 1.01, "y": 16.38, "curve": "stepped" },
					{ "time": 0.0333, "x": 1.01, "y": 16.38 }
				],
				"scale": [
					{ "x": -1.12, "y": 1.12, "curve": "stepped" },
					{ "time": 0.0333, "x": -1.12, "y": 1.12 }
				]
			},
			"shouder_1": {
				"rotate": [
					{ "value": -75.47, "curve": "stepped" },
					{ "time": 0.0333, "value": -75.47 }
				],
				"translate": [
					{ "x": 4.1, "y": -4.33, "curve": "stepped" },
					{ "time": 0.0333, "x": 4.1, "y": -4.33 }
				],
				"scale": [
					{ "curve": "stepped" },
					{ "time": 0.0333 }
				],
				"shear": [
					{ "curve": "stepped" },
					{ "time": 0.0333 }
				]
			},
			"arm_1": {
				"rotate": [
					{ "value": -28.22, "curve": "stepped" },
					{ "time": 0.0333, "value": -28.22 }
				],
				"translate": [
					{ "x": 2.02, "y": 0.08, "curve": "stepped" },
					{ "time": 0.0333, "x": 2.02, "y": 0.08 }
				],
				"scale": [
					{ "curve": "stepped" },
					{ "time": 0.0333 }
				]
			},
			"shouder_2": {
				"rotate": [
					{ "value": 22.09, "curve": "stepped" },
					{ "time": 0.0333, "value": 22.09 }
				],
				"translate": [
					{ "x": 8.6, "y": 1.43, "curve": "stepped" },
					{ "time": 0.0333, "x": 8.6, "y": 1.43 }
				],
				"scale": [
					{ "curve": "stepped" },
					{ "time": 0.0333 }
				]
			},
			"arm_2": {
				"rotate": [
					{ "value": -18.28, "curve": "stepped" },
					{ "time": 0.0333, "value": -18.28 }
				],
				"scale": [
					{ "curve": "stepped" },
					{ "time": 0.0333 }
				]
			},
			"thigh_1": {
				"rotate": [
					{ "value": -44.84, "curve": "stepped" },
					{ "time": 0.0333, "value": -44.84 }
				],
				"translate": [
					{ "curve": "stepped" },
					{ "time": 0.0333 }
				],
				"scale": [
					{ "curve": "stepped" },
					{ "time": 0.0333 }
				]
			},
			"leg_1": {
				"rotate": [
					{ "value": 45.63, "curve": "stepped" },
					{ "time": 0.0333, "value": 45.63 }
				],
				"translate": [
					{ "curve": "stepped" },
					{ "time": 0.0333 }
				]
			},
			"thigh_2": {
				"rotate": [
					{ "value": -37.54, "curve": "stepped" },
					{ "time": 0.0333, "value": -37.54 }
				],
				"translate": [
					{ "curve": "stepped" },
					{ "time": 0.0333 }
				],
				"scale": [
					{ "curve": "stepped" },
					{ "time": 0.0333 }
				]
			},
			"leg_2": {
				"rotate": [
					{ "value": 38.6, "curve": "stepped" },
					{ "time": 0.0333, "value": 38.6 }
				],
				"translate": [
					{ "curve": "stepped" },
					{ "time": 0.0333 }
				]
			},
			"foot_2": {
				"rotate": [
					{ "curve": "stepped" },
					{ "time": 0.0333 }
				],
				"translate": [
					{ "x": -50.49, "y": -0.91, "curve": "stepped" },
					{ "time": 0.0333, "x": -50.49, "y": -0.91 }
				]
			},
			"foot_3": {
				"rotate": [
					{ "curve": "stepped" },
					{ "time": 0.0333 }
				],
				"translate": [
					{ "x": 101.18, "y": -1.78, "curve": "stepped" },
					{ "time": 0.0333, "x": 101.18, "y": -1.78 }
				]
			},
			"feeling_5": {
				"rotate": [
					{ "value": -175.49, "curve": "stepped" },
					{ "time": 0.0333, "value": -175.49 }
				],
				"translate": [
					{ "x": -11.44, "y": -47.25, "curve": "stepped" },
					{ "time": 0.0333, "x": -11.44, "y": -47.25 }
				]
			},
			"move": {
				"translate": [
					{ "x": 119.99, "curve": "stepped" },
					{ "time": 0.0333, "x": 119.99 }
				],
				"scale": [
					{ "curve": "stepped" },
					{ "time": 0.0333 }
				]
			},
			"feeling_1": {
				"rotate": [
					{ "value": 51.7, "curve": "stepped" },
					{ "time": 0.0333, "value": 51.7 }
				],
				"translate": [
					{ "x": -188.3, "y": -164.08, "curve": "stepped" },
					{ "time": 0.0333, "x": -188.3, "y": -164.08 }
				],
				"scale": [
					{ "x": -0.652, "y": 0.652, "curve": "stepped" },
					{ "time": 0.0333, "x": -0.652, "y": 0.652 }
				]
			},
			"feeling_2": {
				"rotate": [
					{ "value": 15.19, "curve": "stepped" },
					{ "time": 0.0333, "value": 15.19 }
				],
				"translate": [
					{ "x": -187.39, "y": -208.24, "curve": "stepped" },
					{ "time": 0.0333, "x": -187.39, "y": -208.24 }
				],
				"scale": [
					{ "x": 0.712, "y": 0.712, "curve": "stepped" },
					{ "time": 0.0333, "x": 0.712, "y": 0.712 }
				]
			},
			"hair_1": {
				"rotate": [
					{ "value": 6.75, "curve": "stepped" },
					{ "time": 0.0333, "value": 6.75 }
				],
				"translate": [
					{ "x": -44.95, "y": 525.6, "curve": "stepped" },
					{ "time": 0.0333, "x": -44.95, "y": 525.6 }
				],
				"scale": [
					{ "x": 0.811, "y": 0.811, "curve": "stepped" },
					{ "time": 0.0333, "x": 0.811, "y": 0.811 }
				]
			}
		},
		"ik": {
			"foot_1": [
				{
					"stretch": true,
					"curve": [ 0.008, 1, 0.025, 1, 0.008, 0, 0.025, 0 ]
				},
				{ "time": 0.0333, "stretch": true }
			],
			"foot_2": [
				{
					"stretch": true,
					"curve": [ 0.008, 1, 0.025, 1, 0.008, 0, 0.025, 0 ]
				},
				{ "time": 0.0333, "stretch": true }
			]
		},
		"drawOrder": [
			{
				"offsets": [
					{ "slot": "shoulder4", "offset": -3 }
				]
			},
			{
				"time": 0.0333,
				"offsets": [
					{ "slot": "shoulder4", "offset": -3 }
				]
			}
		]
	},
	"t_19_1_lose": {
		"slots": {
			"body": {
				"rgba": [
					{ "color": "000000ff", "curve": "stepped" },
					{ "time": 0.0333, "color": "000000ff" }
				]
			},
			"Emoji": {
				"attachment": [
					{ "name": "Emoji/emo_99" },
					{ "time": 0.0333, "name": "Emoji/emo_99" }
				]
			},
			"feeling_1": {
				"attachment": [
					{ "name": "cham_than" },
					{ "time": 0.0333, "name": "cham_than" }
				]
			},
			"feeling_2": {
				"rgba": [
					{ "color": "ffffffff", "curve": "stepped" },
					{ "time": 0.0333, "color": "ffffffff" }
				],
				"attachment": [
					{ "name": "cham_than" },
					{ "time": 0.0333, "name": "cham_than" }
				]
			},
			"feeling_3": {
				"rgba": [
					{ "color": "ffffffff", "curve": "stepped" },
					{ "time": 0.0333, "color": "ffffffff" }
				],
				"attachment": [
					{ "name": "mo_hoi" },
					{ "time": 0.0333, "name": "mo_hoi" }
				]
			},
			"feeling_5": {
				"rgba": [
					{ "color": "ffffffff", "curve": "stepped" },
					{ "time": 0.0333, "color": "ffffffff" }
				],
				"attachment": [
					{ "name": "giat_minh" },
					{ "time": 0.0333, "name": "giat_minh" }
				]
			},
			"hair": {
				"attachment": [
					{ "name": "hair/man/toc_15" },
					{ "time": 0.0333, "name": "hair/man/toc_15" }
				]
			},
			"head": {
				"rgba": [
					{ "color": "ea9cffff", "curve": "stepped" },
					{ "time": 0.0333, "color": "ea9cffff" }
				],
				"attachment": [
					{ "name": "head" },
					{ "time": 0.0333, "name": "head" }
				]
			},
			"shoulder1": {
				"rgba": [
					{ "color": "000000ff", "curve": "stepped" },
					{ "time": 0.0333, "color": "000000ff" }
				],
				"attachment": [
					{ "name": "shoulder" },
					{ "time": 0.0333, "name": "shoulder" }
				]
			},
			"shoulder2": {
				"rgba": [
					{ "color": "000000ff", "curve": "stepped" },
					{ "time": 0.0333, "color": "000000ff" }
				],
				"attachment": [
					{ "name": "shoulder" },
					{ "time": 0.0333, "name": "shoulder" }
				]
			},
			"shoulder3": {
				"rgba": [
					{ "color": "000000ff", "curve": "stepped" },
					{ "time": 0.0333, "color": "000000ff" }
				],
				"attachment": [
					{ "name": "shoulder" },
					{ "time": 0.0333, "name": "shoulder" }
				]
			},
			"shoulder4": {
				"rgba": [
					{ "color": "000000ff", "curve": "stepped" },
					{ "time": 0.0333, "color": "000000ff" }
				],
				"attachment": [
					{ "name": "shoulder" },
					{ "time": 0.0333, "name": "shoulder" }
				]
			},
			"thigh": {
				"rgba": [
					{ "color": "000000ff", "curve": "stepped" },
					{ "time": 0.0333, "color": "000000ff" }
				]
			},
			"thigh2": {
				"rgba": [
					{ "color": "000000ff", "curve": "stepped" },
					{ "time": 0.0333, "color": "000000ff" }
				]
			},
			"thigh3": {
				"rgba": [
					{ "color": "000000ff", "curve": "stepped" },
					{ "time": 0.0333, "color": "000000ff" }
				]
			},
			"thigh4": {
				"rgba": [
					{ "color": "000000ff", "curve": "stepped" },
					{ "time": 0.0333, "color": "000000ff" }
				]
			}
		},
		"bones": {
			"head": {
				"rotate": [
					{ "value": -6.53, "curve": "stepped" },
					{ "time": 0.0333, "value": -6.53 }
				],
				"translate": [
					{ "x": -5.35, "y": 5.71, "curve": "stepped" },
					{ "time": 0.0333, "x": -5.35, "y": 5.71 }
				],
				"scale": [
					{ "x": 1.213, "curve": "stepped" },
					{ "time": 0.0333, "x": 1.213 }
				]
			},
			"root": {
				"rotate": [
					{ "curve": "stepped" },
					{ "time": 0.0333 }
				],
				"translate": [
					{ "curve": "stepped" },
					{ "time": 0.0333 }
				]
			},
			"main": {
				"rotate": [
					{ "value": -4.39, "curve": "stepped" },
					{ "time": 0.0333, "value": -4.39 }
				],
				"translate": [
					{ "x": -2.23, "y": -30.3, "curve": "stepped" },
					{ "time": 0.0333, "x": -2.23, "y": -30.3 }
				]
			},
			"hip": {
				"rotate": [
					{ "curve": "stepped" },
					{ "time": 0.0333 }
				],
				"translate": [
					{ "curve": "stepped" },
					{ "time": 0.0333 }
				]
			},
			"body": {
				"rotate": [
					{ "value": 0.88, "curve": "stepped" },
					{ "time": 0.0333, "value": 0.88 }
				],
				"translate": [
					{ "curve": "stepped" },
					{ "time": 0.0333 }
				],
				"scale": [
					{ "curve": "stepped" },
					{ "time": 0.0333 }
				]
			},
			"body2": {
				"rotate": [
					{ "value": 0.88, "curve": "stepped" },
					{ "time": 0.0333, "value": 0.88 }
				],
				"translate": [
					{ "curve": "stepped" },
					{ "time": 0.0333 }
				],
				"scale": [
					{ "curve": "stepped" },
					{ "time": 0.0333 }
				]
			},
			"body3": {
				"rotate": [
					{ "value": 0.88, "curve": "stepped" },
					{ "time": 0.0333, "value": 0.88 }
				],
				"translate": [
					{ "curve": "stepped" },
					{ "time": 0.0333 }
				],
				"scale": [
					{ "curve": "stepped" },
					{ "time": 0.0333 }
				]
			},
			"body4": {
				"rotate": [
					{ "value": 0.88, "curve": "stepped" },
					{ "time": 0.0333, "value": 0.88 }
				],
				"translate": [
					{ "curve": "stepped" },
					{ "time": 0.0333 }
				],
				"scale": [
					{ "curve": "stepped" },
					{ "time": 0.0333 }
				]
			},
			"body5": {
				"rotate": [
					{ "value": 0.88, "curve": "stepped" },
					{ "time": 0.0333, "value": 0.88 }
				],
				"translate": [
					{ "curve": "stepped" },
					{ "time": 0.0333 }
				],
				"scale": [
					{ "curve": "stepped" },
					{ "time": 0.0333 }
				]
			},
			"body6": {
				"rotate": [
					{ "value": 0.88, "curve": "stepped" },
					{ "time": 0.0333, "value": 0.88 }
				],
				"translate": [
					{ "curve": "stepped" },
					{ "time": 0.0333 }
				],
				"scale": [
					{ "curve": "stepped" },
					{ "time": 0.0333 }
				]
			},
			"body7": {
				"rotate": [
					{ "value": 0.88, "curve": "stepped" },
					{ "time": 0.0333, "value": 0.88 }
				],
				"translate": [
					{ "curve": "stepped" },
					{ "time": 0.0333 }
				],
				"scale": [
					{ "curve": "stepped" },
					{ "time": 0.0333 }
				]
			},
			"body8": {
				"rotate": [
					{ "value": 0.88, "curve": "stepped" },
					{ "time": 0.0333, "value": 0.88 }
				],
				"translate": [
					{ "curve": "stepped" },
					{ "time": 0.0333 }
				],
				"scale": [
					{ "curve": "stepped" },
					{ "time": 0.0333 }
				]
			},
			"feeling_3": {
				"rotate": [
					{ "value": -3.13, "curve": "stepped" },
					{ "time": 0.0333, "value": -3.13 }
				],
				"translate": [
					{ "x": -7.04, "y": -85.2, "curve": "stepped" },
					{ "time": 0.0333, "x": -7.04, "y": -85.2 }
				]
			},
			"emoji": {
				"rotate": [
					{ "value": -11.7, "curve": "stepped" },
					{ "time": 0.0333, "value": -11.7 }
				],
				"translate": [
					{ "x": 19.49, "y": 10.05, "curve": "stepped" },
					{ "time": 0.0333, "x": 19.49, "y": 10.05 }
				],
				"scale": [
					{ "x": -1.092, "y": 1.092, "curve": "stepped" },
					{ "time": 0.0333, "x": -1.092, "y": 1.092 }
				]
			},
			"shouder_1": {
				"rotate": [
					{ "value": -122.23, "curve": "stepped" },
					{ "time": 0.0333, "value": -122.23 }
				],
				"translate": [
					{ "x": 27.06, "y": -0.12, "curve": "stepped" },
					{ "time": 0.0333, "x": 27.06, "y": -0.12 }
				],
				"scale": [
					{ "curve": "stepped" },
					{ "time": 0.0333 }
				]
			},
			"arm_1": {
				"rotate": [
					{ "value": -9.56, "curve": "stepped" },
					{ "time": 0.0333, "value": -9.56 }
				],
				"translate": [
					{ "x": 2.02, "y": 0.08, "curve": "stepped" },
					{ "time": 0.0333, "x": 2.02, "y": 0.08 }
				],
				"scale": [
					{ "curve": "stepped" },
					{ "time": 0.0333 }
				]
			},
			"shouder_2": {
				"rotate": [
					{ "value": -18.88, "curve": "stepped" },
					{ "time": 0.0333, "value": -18.88 }
				],
				"translate": [
					{ "x": 26.37, "y": 2.05, "curve": "stepped" },
					{ "time": 0.0333, "x": 26.37, "y": 2.05 }
				],
				"scale": [
					{ "x": 0.974, "curve": "stepped" },
					{ "time": 0.0333, "x": 0.974 }
				]
			},
			"arm_2": {
				"rotate": [
					{ "value": -10.84, "curve": "stepped" },
					{ "time": 0.0333, "value": -10.84 }
				],
				"scale": [
					{ "x": 0.928, "curve": "stepped" },
					{ "time": 0.0333, "x": 0.928 }
				]
			},
			"thigh_1": {
				"rotate": [
					{ "value": 24.72, "curve": "stepped" },
					{ "time": 0.0333, "value": 24.72 }
				],
				"translate": [
					{ "curve": "stepped" },
					{ "time": 0.0333 }
				],
				"scale": [
					{ "curve": "stepped" },
					{ "time": 0.0333 }
				]
			},
			"leg_1": {
				"rotate": [
					{ "curve": "stepped" },
					{ "time": 0.0333 }
				],
				"translate": [
					{ "curve": "stepped" },
					{ "time": 0.0333 }
				]
			},
			"thigh_2": {
				"rotate": [
					{ "value": 39.21, "curve": "stepped" },
					{ "time": 0.0333, "value": 39.21 }
				],
				"translate": [
					{ "curve": "stepped" },
					{ "time": 0.0333 }
				],
				"scale": [
					{ "curve": "stepped" },
					{ "time": 0.0333 }
				]
			},
			"leg_2": {
				"rotate": [
					{ "value": 18.14, "curve": "stepped" },
					{ "time": 0.0333, "value": 18.14 }
				],
				"translate": [
					{ "curve": "stepped" },
					{ "time": 0.0333 }
				]
			},
			"foot_2": {
				"rotate": [
					{ "value": -9.34, "curve": "stepped" },
					{ "time": 0.0333, "value": -9.34 }
				],
				"translate": [
					{ "x": -120.79, "y": -8.88, "curve": "stepped" },
					{ "time": 0.0333, "x": -120.79, "y": -8.88 }
				]
			},
			"foot_3": {
				"rotate": [
					{ "value": 2.33, "curve": "stepped" },
					{ "time": 0.0333, "value": 2.33 }
				],
				"translate": [
					{ "x": -175, "y": 20.72, "curve": "stepped" },
					{ "time": 0.0333, "x": -175, "y": 20.72 }
				]
			},
			"feeling_5": {
				"rotate": [
					{ "value": 37.76, "curve": "stepped" },
					{ "time": 0.0333, "value": 37.76 }
				],
				"translate": [
					{ "x": -9.96, "y": 131.02, "curve": "stepped" },
					{ "time": 0.0333, "x": -9.96, "y": 131.02 }
				],
				"scale": [
					{ "x": 0.489, "y": 0.489, "curve": "stepped" },
					{ "time": 0.0333, "x": 0.489, "y": 0.489 }
				],
				"shear": [
					{ "curve": "stepped" },
					{ "time": 0.0333 }
				]
			},
			"feeling_1": {
				"rotate": [
					{ "value": 7.35, "curve": "stepped" },
					{ "time": 0.0333, "value": 7.35 }
				],
				"translate": [
					{ "x": -180.57, "y": 9.89, "curve": "stepped" },
					{ "time": 0.0333, "x": -180.57, "y": 9.89 }
				],
				"scale": [
					{ "x": 1.392, "y": 1.392, "curve": "stepped" },
					{ "time": 0.0333, "x": 1.392, "y": 1.392 }
				]
			},
			"feeling_2": {
				"rotate": [
					{ "value": 11.48, "curve": "stepped" },
					{ "time": 0.0333, "value": 11.48 }
				],
				"translate": [
					{ "x": -212.48, "y": 15.55, "curve": "stepped" },
					{ "time": 0.0333, "x": -212.48, "y": 15.55 }
				],
				"scale": [
					{ "x": 1.378, "y": 1.378, "curve": "stepped" },
					{ "time": 0.0333, "x": 1.378, "y": 1.378 }
				]
			},
			"move": {
				"translate": [
					{ "x": 119.99, "curve": "stepped" },
					{ "time": 0.0333, "x": 119.99 }
				],
				"scale": [
					{ "curve": "stepped" },
					{ "time": 0.0333 }
				]
			},
			"item_1": {
				"rotate": [
					{ "value": 4.99, "curve": "stepped" },
					{ "time": 0.0333, "value": 4.99 }
				]
			},
			"hair_1": {
				"rotate": [
					{ "value": -15.76, "curve": "stepped" },
					{ "time": 0.0333, "value": -15.76 }
				],
				"translate": [
					{ "x": 139.59, "y": 679.65, "curve": "stepped" },
					{ "time": 0.0333, "x": 139.59, "y": 679.65 }
				],
				"scale": [
					{ "x": 0.777, "y": 0.965, "curve": "stepped" },
					{ "time": 0.0333, "x": 0.777, "y": 0.965 }
				]
			}
		},
		"ik": {
			"foot_1": [
				{
					"stretch": true,
					"curve": [ 0.008, 1, 0.025, 1, 0.008, 0, 0.025, 0 ]
				},
				{ "time": 0.0333, "stretch": true }
			],
			"foot_2": [
				{
					"stretch": true,
					"curve": [ 0.008, 1, 0.025, 1, 0.008, 0, 0.025, 0 ]
				},
				{ "time": 0.0333, "stretch": true }
			]
		},
		"drawOrder": [
			{
				"offsets": [
					{ "slot": "shoulder2", "offset": 12 },
					{ "slot": "shoulder4", "offset": -3 },
					{ "slot": "feeling_3", "offset": 0 }
				]
			},
			{
				"time": 0.0333,
				"offsets": [
					{ "slot": "shoulder2", "offset": 12 },
					{ "slot": "shoulder4", "offset": -3 },
					{ "slot": "feeling_3", "offset": 0 }
				]
			}
		]
	},
	"t_19_1_win": {
		"slots": {
			"body": {
				"rgba": [
					{ "color": "000000ff", "curve": "stepped" },
					{ "time": 0.0333, "color": "000000ff" }
				]
			},
			"Emoji": {
				"attachment": [
					{ "name": "Emoji/new/emo_15" },
					{ "time": 0.0333, "name": "Emoji/new/emo_15" }
				]
			},
			"feeling_1": {
				"attachment": [
					{},
					{ "time": 0.0333 }
				]
			},
			"feeling_2": {
				"rgba": [
					{ "color": "ffffffff", "curve": "stepped" },
					{ "time": 0.0333, "color": "ffffffff" }
				],
				"attachment": [
					{},
					{ "time": 0.0333 }
				]
			},
			"feeling_3": {
				"rgba": [
					{ "color": "ffffffff", "curve": "stepped" },
					{ "time": 0.0333, "color": "ffffffff" }
				],
				"attachment": [
					{},
					{ "time": 0.0333 }
				]
			},
			"feeling_5": {
				"rgba": [
					{ "color": "ffffffff", "curve": "stepped" },
					{ "time": 0.0333, "color": "ffffffff" }
				],
				"attachment": [
					{},
					{ "time": 0.0333 }
				]
			},
			"hair": {
				"attachment": [
					{ "name": "hair/man/toc_15" },
					{ "time": 0.0333, "name": "hair/man/toc_15" }
				]
			},
			"head": {
				"rgba": [
					{ "color": "ffffffff", "curve": "stepped" },
					{ "time": 0.0333, "color": "ffffffff" }
				],
				"attachment": [
					{ "name": "head" },
					{ "time": 0.0333, "name": "head" }
				]
			},
			"shoulder1": {
				"rgba": [
					{ "color": "000000ff", "curve": "stepped" },
					{ "time": 0.0333, "color": "000000ff" }
				],
				"attachment": [
					{ "name": "shoulder" },
					{ "time": 0.0333, "name": "shoulder" }
				]
			},
			"shoulder2": {
				"rgba": [
					{ "color": "000000ff", "curve": "stepped" },
					{ "time": 0.0333, "color": "000000ff" }
				],
				"attachment": [
					{ "name": "shoulder" },
					{ "time": 0.0333, "name": "shoulder" }
				]
			},
			"shoulder3": {
				"rgba": [
					{ "color": "000000ff", "curve": "stepped" },
					{ "time": 0.0333, "color": "000000ff" }
				],
				"attachment": [
					{ "name": "shoulder" },
					{ "time": 0.0333, "name": "shoulder" }
				]
			},
			"shoulder4": {
				"rgba": [
					{ "color": "000000ff", "curve": "stepped" },
					{ "time": 0.0333, "color": "000000ff" }
				],
				"attachment": [
					{ "name": "shoulder" },
					{ "time": 0.0333, "name": "shoulder" }
				]
			},
			"thigh": {
				"rgba": [
					{ "color": "000000ff", "curve": "stepped" },
					{ "time": 0.0333, "color": "000000ff" }
				]
			},
			"thigh2": {
				"rgba": [
					{ "color": "000000ff", "curve": "stepped" },
					{ "time": 0.0333, "color": "000000ff" }
				]
			},
			"thigh3": {
				"rgba": [
					{ "color": "000000ff", "curve": "stepped" },
					{ "time": 0.0333, "color": "000000ff" }
				]
			},
			"thigh4": {
				"rgba": [
					{ "color": "000000ff", "curve": "stepped" },
					{ "time": 0.0333, "color": "000000ff" }
				]
			}
		},
		"bones": {
			"head": {
				"rotate": [
					{ "value": 3.19, "curve": "stepped" },
					{ "time": 0.0333, "value": 3.19 }
				],
				"translate": [
					{ "x": -40.52, "y": -2.53, "curve": "stepped" },
					{ "time": 0.0333, "x": -40.52, "y": -2.53 }
				],
				"scale": [
					{ "curve": "stepped" },
					{ "time": 0.0333 }
				]
			},
			"root": {
				"rotate": [
					{ "curve": "stepped" },
					{ "time": 0.0333 }
				],
				"translate": [
					{ "curve": "stepped" },
					{ "time": 0.0333 }
				]
			},
			"main": {
				"rotate": [
					{ "value": 4.48, "curve": "stepped" },
					{ "time": 0.0333, "value": 4.48 }
				],
				"translate": [
					{ "x": -5.97, "y": -13.88, "curve": "stepped" },
					{ "time": 0.0333, "x": -5.97, "y": -13.88 }
				]
			},
			"hip": {
				"rotate": [
					{ "curve": "stepped" },
					{ "time": 0.0333 }
				],
				"translate": [
					{ "curve": "stepped" },
					{ "time": 0.0333 }
				]
			},
			"body": {
				"rotate": [
					{ "value": -0.62, "curve": "stepped" },
					{ "time": 0.0333, "value": -0.62 }
				],
				"translate": [
					{ "curve": "stepped" },
					{ "time": 0.0333 }
				],
				"scale": [
					{ "curve": "stepped" },
					{ "time": 0.0333 }
				]
			},
			"body2": {
				"rotate": [
					{ "value": -0.62, "curve": "stepped" },
					{ "time": 0.0333, "value": -0.62 }
				],
				"translate": [
					{ "curve": "stepped" },
					{ "time": 0.0333 }
				],
				"scale": [
					{ "curve": "stepped" },
					{ "time": 0.0333 }
				]
			},
			"body3": {
				"rotate": [
					{ "value": -0.62, "curve": "stepped" },
					{ "time": 0.0333, "value": -0.62 }
				],
				"translate": [
					{ "curve": "stepped" },
					{ "time": 0.0333 }
				],
				"scale": [
					{ "curve": "stepped" },
					{ "time": 0.0333 }
				]
			},
			"body4": {
				"rotate": [
					{ "value": -0.62, "curve": "stepped" },
					{ "time": 0.0333, "value": -0.62 }
				],
				"translate": [
					{ "curve": "stepped" },
					{ "time": 0.0333 }
				],
				"scale": [
					{ "curve": "stepped" },
					{ "time": 0.0333 }
				]
			},
			"body5": {
				"rotate": [
					{ "value": -0.62, "curve": "stepped" },
					{ "time": 0.0333, "value": -0.62 }
				],
				"translate": [
					{ "curve": "stepped" },
					{ "time": 0.0333 }
				],
				"scale": [
					{ "curve": "stepped" },
					{ "time": 0.0333 }
				]
			},
			"body6": {
				"rotate": [
					{ "value": -0.62, "curve": "stepped" },
					{ "time": 0.0333, "value": -0.62 }
				],
				"translate": [
					{ "curve": "stepped" },
					{ "time": 0.0333 }
				],
				"scale": [
					{ "curve": "stepped" },
					{ "time": 0.0333 }
				]
			},
			"body7": {
				"rotate": [
					{ "value": -0.62, "curve": "stepped" },
					{ "time": 0.0333, "value": -0.62 }
				],
				"translate": [
					{ "curve": "stepped" },
					{ "time": 0.0333 }
				],
				"scale": [
					{ "curve": "stepped" },
					{ "time": 0.0333 }
				]
			},
			"body8": {
				"rotate": [
					{ "value": -0.62, "curve": "stepped" },
					{ "time": 0.0333, "value": -0.62 }
				],
				"translate": [
					{ "curve": "stepped" },
					{ "time": 0.0333 }
				],
				"scale": [
					{ "curve": "stepped" },
					{ "time": 0.0333 }
				]
			},
			"feeling_3": {
				"rotate": [
					{ "value": 3.08, "curve": "stepped" },
					{ "time": 0.0333, "value": 3.08 }
				],
				"translate": [
					{ "x": 37.87, "y": -9.6, "curve": "stepped" },
					{ "time": 0.0333, "x": 37.87, "y": -9.6 }
				]
			},
			"emoji": {
				"rotate": [
					{ "value": -0.82, "curve": "stepped" },
					{ "time": 0.0333, "value": -0.82 }
				],
				"translate": [
					{ "x": -12.26, "y": 3.3, "curve": "stepped" },
					{ "time": 0.0333, "x": -12.26, "y": 3.3 }
				],
				"scale": [
					{ "x": -1, "curve": "stepped" },
					{ "time": 0.0333, "x": -1 }
				]
			},
			"shouder_1": {
				"rotate": [
					{ "value": -63.94, "curve": "stepped" },
					{ "time": 0.0333, "value": -63.94 }
				],
				"translate": [
					{ "x": 16.27, "y": -2.05, "curve": "stepped" },
					{ "time": 0.0333, "x": 16.27, "y": -2.05 }
				],
				"scale": [
					{ "curve": "stepped" },
					{ "time": 0.0333 }
				]
			},
			"arm_1": {
				"rotate": [
					{ "value": -35.76, "curve": "stepped" },
					{ "time": 0.0333, "value": -35.76 }
				],
				"translate": [
					{ "x": 2.02, "y": 0.08, "curve": "stepped" },
					{ "time": 0.0333, "x": 2.02, "y": 0.08 }
				],
				"scale": [
					{ "x": 1.141, "curve": "stepped" },
					{ "time": 0.0333, "x": 1.141 }
				]
			},
			"shouder_2": {
				"rotate": [
					{ "value": 10.46, "curve": "stepped" },
					{ "time": 0.0333, "value": 10.46 }
				],
				"translate": [
					{ "x": 7.18, "y": 1.88, "curve": "stepped" },
					{ "time": 0.0333, "x": 7.18, "y": 1.88 }
				],
				"scale": [
					{ "curve": "stepped" },
					{ "time": 0.0333 }
				]
			},
			"arm_2": {
				"rotate": [
					{ "value": -122.03, "curve": "stepped" },
					{ "time": 0.0333, "value": -122.03 }
				],
				"scale": [
					{ "curve": "stepped" },
					{ "time": 0.0333 }
				]
			},
			"thigh_1": {
				"rotate": [
					{ "value": 24.72, "curve": "stepped" },
					{ "time": 0.0333, "value": 24.72 }
				],
				"translate": [
					{ "curve": "stepped" },
					{ "time": 0.0333 }
				],
				"scale": [
					{ "curve": "stepped" },
					{ "time": 0.0333 }
				]
			},
			"leg_1": {
				"rotate": [
					{ "curve": "stepped" },
					{ "time": 0.0333 }
				],
				"translate": [
					{ "curve": "stepped" },
					{ "time": 0.0333 }
				]
			},
			"thigh_2": {
				"rotate": [
					{ "value": 39.21, "curve": "stepped" },
					{ "time": 0.0333, "value": 39.21 }
				],
				"translate": [
					{ "curve": "stepped" },
					{ "time": 0.0333 }
				],
				"scale": [
					{ "curve": "stepped" },
					{ "time": 0.0333 }
				]
			},
			"leg_2": {
				"rotate": [
					{ "value": 18.14, "curve": "stepped" },
					{ "time": 0.0333, "value": 18.14 }
				],
				"translate": [
					{ "curve": "stepped" },
					{ "time": 0.0333 }
				]
			},
			"foot_2": {
				"rotate": [
					{ "curve": "stepped" },
					{ "time": 0.0333 }
				],
				"translate": [
					{ "x": 24.29, "y": -2.2, "curve": "stepped" },
					{ "time": 0.0333, "x": 24.29, "y": -2.2 }
				]
			},
			"foot_3": {
				"rotate": [
					{ "value": 2.33, "curve": "stepped" },
					{ "time": 0.0333, "value": 2.33 }
				],
				"translate": [
					{ "x": -70.06, "y": -2.77, "curve": "stepped" },
					{ "time": 0.0333, "x": -70.06, "y": -2.77 }
				]
			},
			"feeling_5": {
				"rotate": [
					{ "value": 5.22, "curve": "stepped" },
					{ "time": 0.0333, "value": 5.22 }
				],
				"translate": [
					{ "x": -24.27, "y": 23.5, "curve": "stepped" },
					{ "time": 0.0333, "x": -24.27, "y": 23.5 }
				],
				"scale": [
					{ "x": 0.971, "y": 0.971, "curve": "stepped" },
					{ "time": 0.0333, "x": 0.971, "y": 0.971 }
				],
				"shear": [
					{ "curve": "stepped" },
					{ "time": 0.0333 }
				]
			},
			"feeling_1": {
				"rotate": [
					{ "value": 58.49, "curve": "stepped" },
					{ "time": 0.0333, "value": 58.49 }
				],
				"translate": [
					{ "x": -126.83, "y": -81.32, "curve": "stepped" },
					{ "time": 0.0333, "x": -126.83, "y": -81.32 }
				],
				"scale": [
					{ "x": 0.611, "y": 0.819, "curve": "stepped" },
					{ "time": 0.0333, "x": 0.611, "y": 0.819 }
				]
			},
			"feeling_2": {
				"rotate": [
					{ "value": 19.79, "curve": "stepped" },
					{ "time": 0.0333, "value": 19.79 }
				],
				"translate": [
					{ "x": 49.43, "y": -31.96, "curve": "stepped" },
					{ "time": 0.0333, "x": 49.43, "y": -31.96 }
				],
				"scale": [
					{ "x": -1.724, "y": 1.724, "curve": "stepped" },
					{ "time": 0.0333, "x": -1.724, "y": 1.724 }
				]
			},
			"move": {
				"translate": [
					{ "x": 119.99, "y": 0.3, "curve": "stepped" },
					{ "time": 0.0333, "x": 119.99, "y": 0.3 }
				],
				"scale": [
					{ "curve": "stepped" },
					{ "time": 0.0333 }
				]
			},
			"item_1": {
				"rotate": [
					{ "value": -26.82, "curve": "stepped" },
					{ "time": 0.0333, "value": -26.82 }
				],
				"translate": [
					{ "x": 78.31, "y": 126.47, "curve": "stepped" },
					{ "time": 0.0333, "x": 78.31, "y": 126.47 }
				],
				"scale": [
					{ "x": 0.92, "y": 0.92, "curve": "stepped" },
					{ "time": 0.0333, "x": 0.92, "y": 0.92 }
				]
			},
			"hair_1": {
				"rotate": [
					{ "value": -5.1, "curve": "stepped" },
					{ "time": 0.0333, "value": -5.1 }
				],
				"translate": [
					{ "x": 126.86, "y": 574.95, "curve": "stepped" },
					{ "time": 0.0333, "x": 126.86, "y": 574.95 }
				],
				"scale": [
					{ "x": -0.811, "y": 0.811, "curve": "stepped" },
					{ "time": 0.0333, "x": -0.811, "y": 0.811 }
				]
			}
		},
		"ik": {
			"foot_1": [
				{
					"bendPositive": false,
					"stretch": true,
					"curve": [ 0.008, 1, 0.025, 1, 0.008, 0, 0.025, 0 ]
				},
				{ "time": 0.0333, "bendPositive": false, "stretch": true }
			],
			"foot_2": [
				{
					"stretch": true,
					"curve": [ 0.008, 1, 0.025, 1, 0.008, 0, 0.025, 0 ]
				},
				{ "time": 0.0333, "stretch": true }
			]
		},
		"drawOrder": [
			{
				"offsets": [
					{ "slot": "shoulder2", "offset": 12 },
					{ "slot": "shoulder4", "offset": -3 },
					{ "slot": "feeling_3", "offset": 0 }
				]
			},
			{
				"time": 0.0333,
				"offsets": [
					{ "slot": "shoulder2", "offset": 12 },
					{ "slot": "shoulder4", "offset": -3 },
					{ "slot": "feeling_3", "offset": 0 }
				]
			}
		]
	},
	"t_19_2_be": {
		"slots": {
			"body": {
				"rgba": [
					{ "color": "000000ff", "curve": "stepped" },
					{ "time": 0.0333, "color": "000000ff" }
				]
			},
			"Emoji": {
				"rgba": [
					{ "color": "ffc0c0ff", "curve": "stepped" },
					{ "time": 0.0333, "color": "ffc0c0ff" }
				],
				"attachment": [
					{ "name": "Emoji/mieng_zombie" },
					{ "time": 0.0333, "name": "Emoji/mieng_zombie" }
				]
			},
			"feeling_1": {
				"rgba": [
					{ "color": "000000ff", "curve": "stepped" },
					{ "time": 0.0333, "color": "000000ff" }
				],
				"attachment": [
					{ "name": "grum" },
					{ "time": 0.0333, "name": "grum" }
				]
			},
			"feeling_2": {
				"rgba": [
					{ "color": "66c000ff", "curve": "stepped" },
					{ "time": 0.0333, "color": "66c000ff" }
				],
				"attachment": [
					{ "name": "water_mouth" },
					{ "time": 0.0333, "name": "water_mouth" }
				]
			},
			"feeling_3": {
				"rgba": [
					{ "color": "ffffffff", "curve": "stepped" },
					{ "time": 0.0333, "color": "ffffffff" }
				],
				"attachment": [
					{ "name": "mat_zombie" },
					{ "time": 0.0333, "name": "mat_zombie" }
				]
			},
			"feeling_5": {
				"attachment": [
					{ "name": "mat_zombie" },
					{ "time": 0.0333, "name": "mat_zombie" }
				]
			},
			"head": {
				"rgba": [
					{ "color": "ffffffff", "curve": "stepped" },
					{ "time": 0.0333, "color": "ffffffff" }
				],
				"attachment": [
					{ "name": "dau_zombie" },
					{ "time": 0.0333, "name": "dau_zombie" }
				]
			},
			"shoulder1": {
				"rgba": [
					{ "color": "000000ff", "curve": "stepped" },
					{ "time": 0.0333, "color": "000000ff" }
				],
				"attachment": [
					{ "name": "shoulder" },
					{ "time": 0.0333, "name": "shoulder" }
				]
			},
			"shoulder2": {
				"rgba": [
					{ "color": "000000ff", "curve": "stepped" },
					{ "time": 0.0333, "color": "000000ff" }
				],
				"attachment": [
					{ "name": "shoulder" },
					{ "time": 0.0333, "name": "shoulder" }
				]
			},
			"shoulder3": {
				"rgba": [
					{ "color": "000000ff", "curve": "stepped" },
					{ "time": 0.0333, "color": "000000ff" }
				],
				"attachment": [
					{ "name": "shoulder" },
					{ "time": 0.0333, "name": "shoulder" }
				]
			},
			"shoulder4": {
				"rgba": [
					{ "color": "000000ff", "curve": "stepped" },
					{ "time": 0.0333, "color": "000000ff" }
				],
				"attachment": [
					{ "name": "shoulder" },
					{ "time": 0.0333, "name": "shoulder" }
				]
			},
			"thigh": {
				"rgba": [
					{ "color": "000000ff", "curve": "stepped" },
					{ "time": 0.0333, "color": "000000ff" }
				]
			},
			"thigh2": {
				"rgba": [
					{ "color": "000000ff", "curve": "stepped" },
					{ "time": 0.0333, "color": "000000ff" }
				]
			},
			"thigh3": {
				"rgba": [
					{ "color": "000000ff", "curve": "stepped" },
					{ "time": 0.0333, "color": "000000ff" }
				]
			},
			"thigh4": {
				"rgba": [
					{ "color": "000000ff", "curve": "stepped" },
					{ "time": 0.0333, "color": "000000ff" }
				]
			}
		},
		"bones": {
			"head": {
				"rotate": [
					{ "value": 128.84, "curve": "stepped" },
					{ "time": 0.0333, "value": 128.84 }
				],
				"translate": [
					{ "x": -22.47, "y": 15.8, "curve": "stepped" },
					{ "time": 0.0333, "x": -22.47, "y": 15.8 }
				],
				"scale": [
					{ "x": -1, "curve": "stepped" },
					{ "time": 0.0333, "x": -1 }
				]
			},
			"root": {
				"rotate": [
					{ "curve": "stepped" },
					{ "time": 0.0333 }
				],
				"translate": [
					{ "curve": "stepped" },
					{ "time": 0.0333 }
				]
			},
			"main": {
				"rotate": [
					{ "value": 19.73, "curve": "stepped" },
					{ "time": 0.0333, "value": 19.73 }
				],
				"translate": [
					{ "x": 2.06, "y": -46.13, "curve": "stepped" },
					{ "time": 0.0333, "x": 2.06, "y": -46.13 }
				]
			},
			"hip": {
				"rotate": [
					{ "curve": "stepped" },
					{ "time": 0.0333 }
				],
				"translate": [
					{ "curve": "stepped" },
					{ "time": 0.0333 }
				]
			},
			"body": {
				"rotate": [
					{ "value": 6.29, "curve": "stepped" },
					{ "time": 0.0333, "value": 6.29 }
				],
				"translate": [
					{ "curve": "stepped" },
					{ "time": 0.0333 }
				],
				"scale": [
					{ "curve": "stepped" },
					{ "time": 0.0333 }
				]
			},
			"body2": {
				"rotate": [
					{ "value": 6.29, "curve": "stepped" },
					{ "time": 0.0333, "value": 6.29 }
				],
				"translate": [
					{ "curve": "stepped" },
					{ "time": 0.0333 }
				],
				"scale": [
					{ "curve": "stepped" },
					{ "time": 0.0333 }
				]
			},
			"body3": {
				"rotate": [
					{ "value": 6.29, "curve": "stepped" },
					{ "time": 0.0333, "value": 6.29 }
				],
				"translate": [
					{ "curve": "stepped" },
					{ "time": 0.0333 }
				],
				"scale": [
					{ "curve": "stepped" },
					{ "time": 0.0333 }
				]
			},
			"body4": {
				"rotate": [
					{ "value": 6.29, "curve": "stepped" },
					{ "time": 0.0333, "value": 6.29 }
				],
				"translate": [
					{ "curve": "stepped" },
					{ "time": 0.0333 }
				],
				"scale": [
					{ "curve": "stepped" },
					{ "time": 0.0333 }
				]
			},
			"body5": {
				"rotate": [
					{ "value": 6.29, "curve": "stepped" },
					{ "time": 0.0333, "value": 6.29 }
				],
				"translate": [
					{ "curve": "stepped" },
					{ "time": 0.0333 }
				],
				"scale": [
					{ "curve": "stepped" },
					{ "time": 0.0333 }
				]
			},
			"body6": {
				"rotate": [
					{ "value": 6.29, "curve": "stepped" },
					{ "time": 0.0333, "value": 6.29 }
				],
				"translate": [
					{ "curve": "stepped" },
					{ "time": 0.0333 }
				],
				"scale": [
					{ "curve": "stepped" },
					{ "time": 0.0333 }
				]
			},
			"body7": {
				"rotate": [
					{ "value": 6.29, "curve": "stepped" },
					{ "time": 0.0333, "value": 6.29 }
				],
				"translate": [
					{ "curve": "stepped" },
					{ "time": 0.0333 }
				],
				"scale": [
					{ "curve": "stepped" },
					{ "time": 0.0333 }
				]
			},
			"body8": {
				"rotate": [
					{ "value": 6.29, "curve": "stepped" },
					{ "time": 0.0333, "value": 6.29 }
				],
				"translate": [
					{ "curve": "stepped" },
					{ "time": 0.0333 }
				],
				"scale": [
					{ "curve": "stepped" },
					{ "time": 0.0333 }
				]
			},
			"feeling_3": {
				"rotate": [
					{ "value": 106.47, "curve": "stepped" },
					{ "time": 0.0333, "value": 106.47 }
				],
				"translate": [
					{ "x": -9.04, "y": -38.82, "curve": "stepped" },
					{ "time": 0.0333, "x": -9.04, "y": -38.82 }
				],
				"scale": [
					{ "x": -0.812, "y": 0.812, "curve": "stepped" },
					{ "time": 0.0333, "x": -0.812, "y": 0.812 }
				]
			},
			"emoji": {
				"rotate": [
					{ "value": 20.16, "curve": "stepped" },
					{ "time": 0.0333, "value": 20.16 }
				],
				"translate": [
					{ "x": -15.51, "y": -29.8, "curve": "stepped" },
					{ "time": 0.0333, "x": -15.51, "y": -29.8 }
				],
				"scale": [
					{ "x": 1.097, "y": 1.097, "curve": "stepped" },
					{ "time": 0.0333, "x": 1.097, "y": 1.097 }
				]
			},
			"shouder_1": {
				"rotate": [
					{ "value": -162.76, "curve": "stepped" },
					{ "time": 0.0333, "value": -162.76 }
				],
				"translate": [
					{ "x": 12.22, "y": 1.07, "curve": "stepped" },
					{ "time": 0.0333, "x": 12.22, "y": 1.07 }
				],
				"scale": [
					{ "curve": "stepped" },
					{ "time": 0.0333 }
				]
			},
			"arm_1": {
				"rotate": [
					{ "value": -13.49, "curve": "stepped" },
					{ "time": 0.0333, "value": -13.49 }
				],
				"translate": [
					{ "x": 2.02, "y": 0.08, "curve": "stepped" },
					{ "time": 0.0333, "x": 2.02, "y": 0.08 }
				],
				"scale": [
					{ "curve": "stepped" },
					{ "time": 0.0333 }
				]
			},
			"shouder_2": {
				"rotate": [
					{ "value": 40.61, "curve": "stepped" },
					{ "time": 0.0333, "value": 40.61 }
				],
				"translate": [
					{ "x": 14, "y": 0.83, "curve": "stepped" },
					{ "time": 0.0333, "x": 14, "y": 0.83 }
				],
				"scale": [
					{ "curve": "stepped" },
					{ "time": 0.0333 }
				]
			},
			"arm_2": {
				"rotate": [
					{ "value": -14.91, "curve": "stepped" },
					{ "time": 0.0333, "value": -14.91 }
				],
				"translate": [
					{ "curve": "stepped" },
					{ "time": 0.0333 }
				],
				"scale": [
					{ "curve": "stepped" },
					{ "time": 0.0333 }
				]
			},
			"thigh_1": {
				"rotate": [
					{ "value": 24.72, "curve": "stepped" },
					{ "time": 0.0333, "value": 24.72 }
				],
				"translate": [
					{ "curve": "stepped" },
					{ "time": 0.0333 }
				],
				"scale": [
					{ "curve": "stepped" },
					{ "time": 0.0333 }
				]
			},
			"leg_1": {
				"rotate": [
					{ "curve": "stepped" },
					{ "time": 0.0333 }
				],
				"translate": [
					{ "curve": "stepped" },
					{ "time": 0.0333 }
				]
			},
			"thigh_2": {
				"rotate": [
					{ "value": 39.21, "curve": "stepped" },
					{ "time": 0.0333, "value": 39.21 }
				],
				"translate": [
					{ "curve": "stepped" },
					{ "time": 0.0333 }
				],
				"scale": [
					{ "curve": "stepped" },
					{ "time": 0.0333 }
				]
			},
			"leg_2": {
				"rotate": [
					{ "value": 18.14, "curve": "stepped" },
					{ "time": 0.0333, "value": 18.14 }
				],
				"translate": [
					{ "curve": "stepped" },
					{ "time": 0.0333 }
				]
			},
			"foot_2": {
				"rotate": [
					{ "curve": "stepped" },
					{ "time": 0.0333 }
				],
				"translate": [
					{ "x": -87.35, "y": 1.63, "curve": "stepped" },
					{ "time": 0.0333, "x": -87.35, "y": 1.63 }
				]
			},
			"foot_3": {
				"rotate": [
					{ "curve": "stepped" },
					{ "time": 0.0333 }
				],
				"translate": [
					{ "x": 118.58, "y": -1.36, "curve": "stepped" },
					{ "time": 0.0333, "x": 118.58, "y": -1.36 }
				]
			},
			"feeling_5": {
				"rotate": [
					{ "value": 113.1, "curve": "stepped" },
					{ "time": 0.0333, "value": 113.1 }
				],
				"translate": [
					{ "x": 5.13, "y": -19.82, "curve": "stepped" },
					{ "time": 0.0333, "x": 5.13, "y": -19.82 }
				],
				"scale": [
					{ "x": 0.329, "y": 0.329, "curve": "stepped" },
					{ "time": 0.0333, "x": 0.329, "y": 0.329 }
				]
			},
			"move": {
				"translate": [
					{ "x": 119.99, "curve": "stepped" },
					{ "time": 0.0333, "x": 119.99 }
				],
				"scale": [
					{ "x": -1, "curve": "stepped" },
					{ "time": 0.0333, "x": -1 }
				]
			},
			"feeling_1": {
				"rotate": [
					{ "value": 13.87, "curve": "stepped" },
					{ "time": 0.0333, "value": 13.87 }
				],
				"translate": [
					{ "x": -96.04, "y": -67.3, "curve": "stepped" },
					{ "time": 0.0333, "x": -96.04, "y": -67.3 }
				],
				"scale": [
					{ "x": -1.224, "y": 1.224, "curve": "stepped" },
					{ "time": 0.0333, "x": -1.224, "y": 1.224 }
				]
			},
			"feeling_2": {
				"rotate": [
					{ "value": -10.67, "curve": "stepped" },
					{ "time": 0.0333, "value": -10.67 }
				],
				"translate": [
					{ "x": -173.67, "y": -195.01, "curve": "stepped" },
					{ "time": 0.0333, "x": -173.67, "y": -195.01 }
				],
				"scale": [
					{ "x": -1.343, "y": 1.903, "curve": "stepped" },
					{ "time": 0.0333, "x": -1.343, "y": 1.903 }
				]
			},
			"item_1": {
				"rotate": [
					{ "value": 5.87, "curve": "stepped" },
					{ "time": 0.0333, "value": 5.87 }
				]
			}
		},
		"ik": {
			"foot_1": [
				{
					"stretch": true,
					"curve": [ 0.008, 1, 0.025, 1, 0.008, 0, 0.025, 0 ]
				},
				{ "time": 0.0333, "stretch": true }
			],
			"foot_2": [
				{
					"stretch": true,
					"curve": [ 0.008, 1, 0.025, 1, 0.008, 0, 0.025, 0 ]
				},
				{ "time": 0.0333, "stretch": true }
			]
		},
		"drawOrder": [
			{
				"offsets": [
					{ "slot": "shoulder4", "offset": -3 },
					{ "slot": "feeling_2", "offset": -4 }
				]
			},
			{
				"time": 0.0333,
				"offsets": [
					{ "slot": "shoulder4", "offset": -3 },
					{ "slot": "feeling_2", "offset": -4 }
				]
			}
		]
	},
	"t_19_2_lose": {
		"slots": {
			"body": {
				"rgba": [
					{ "color": "000000ff", "curve": "stepped" },
					{ "time": 0.0333, "color": "000000ff" }
				]
			},
			"Emoji": {
				"rgba": [
					{ "color": "ffc0c0ff", "curve": "stepped" },
					{ "time": 0.0333, "color": "ffc0c0ff" }
				],
				"attachment": [
					{ "name": "Emoji/mieng_zombie" },
					{ "time": 0.0333, "name": "Emoji/mieng_zombie" }
				]
			},
			"feeling_1": {
				"rgba": [
					{ "color": "000000ff", "curve": "stepped" },
					{ "time": 0.0333, "color": "000000ff" }
				],
				"attachment": [
					{ "name": "rung" },
					{ "time": 0.0333, "name": "rung" }
				]
			},
			"feeling_2": {
				"rgba": [
					{ "color": "66c000ff", "curve": "stepped" },
					{ "time": 0.0333, "color": "66c000ff" }
				],
				"attachment": [
					{ "name": "water_mouth" },
					{ "time": 0.0333, "name": "water_mouth" }
				]
			},
			"feeling_3": {
				"rgba": [
					{ "color": "ffffffff", "curve": "stepped" },
					{ "time": 0.0333, "color": "ffffffff" }
				],
				"attachment": [
					{ "name": "mat_zombie2" },
					{ "time": 0.0333, "name": "mat_zombie2" }
				]
			},
			"feeling_5": {
				"attachment": [
					{ "name": "mat_zombie2" },
					{ "time": 0.0333, "name": "mat_zombie2" }
				]
			},
			"head": {
				"rgba": [
					{ "color": "ffffffff", "curve": "stepped" },
					{ "time": 0.0333, "color": "ffffffff" }
				],
				"attachment": [
					{ "name": "dau_zombie" },
					{ "time": 0.0333, "name": "dau_zombie" }
				]
			},
			"shoulder1": {
				"rgba": [
					{ "color": "000000ff", "curve": "stepped" },
					{ "time": 0.0333, "color": "000000ff" }
				],
				"attachment": [
					{ "name": "shoulder" },
					{ "time": 0.0333, "name": "shoulder" }
				]
			},
			"shoulder2": {
				"rgba": [
					{ "color": "000000ff", "curve": "stepped" },
					{ "time": 0.0333, "color": "000000ff" }
				],
				"attachment": [
					{ "name": "shoulder" },
					{ "time": 0.0333, "name": "shoulder" }
				]
			},
			"shoulder3": {
				"rgba": [
					{ "color": "000000ff", "curve": "stepped" },
					{ "time": 0.0333, "color": "000000ff" }
				],
				"attachment": [
					{ "name": "shoulder" },
					{ "time": 0.0333, "name": "shoulder" }
				]
			},
			"shoulder4": {
				"rgba": [
					{ "color": "000000ff", "curve": "stepped" },
					{ "time": 0.0333, "color": "000000ff" }
				],
				"attachment": [
					{ "name": "shoulder" },
					{ "time": 0.0333, "name": "shoulder" }
				]
			},
			"thigh": {
				"rgba": [
					{ "color": "000000ff", "curve": "stepped" },
					{ "time": 0.0333, "color": "000000ff" }
				]
			},
			"thigh2": {
				"rgba": [
					{ "color": "000000ff", "curve": "stepped" },
					{ "time": 0.0333, "color": "000000ff" }
				]
			},
			"thigh3": {
				"rgba": [
					{ "color": "000000ff", "curve": "stepped" },
					{ "time": 0.0333, "color": "000000ff" }
				]
			},
			"thigh4": {
				"rgba": [
					{ "color": "000000ff", "curve": "stepped" },
					{ "time": 0.0333, "color": "000000ff" }
				]
			}
		},
		"bones": {
			"head": {
				"rotate": [
					{ "value": 131.5, "curve": "stepped" },
					{ "time": 0.0333, "value": 131.5 }
				],
				"translate": [
					{ "x": -61.45, "y": 25.27, "curve": "stepped" },
					{ "time": 0.0333, "x": -61.45, "y": 25.27 }
				],
				"scale": [
					{ "x": -1, "curve": "stepped" },
					{ "time": 0.0333, "x": -1 }
				]
			},
			"root": {
				"rotate": [
					{ "curve": "stepped" },
					{ "time": 0.0333 }
				],
				"translate": [
					{ "curve": "stepped" },
					{ "time": 0.0333 }
				]
			},
			"main": {
				"rotate": [
					{ "value": 7.43, "curve": "stepped" },
					{ "time": 0.0333, "value": 7.43 }
				],
				"translate": [
					{ "x": 11.29, "y": -36.96, "curve": "stepped" },
					{ "time": 0.0333, "x": 11.29, "y": -36.96 }
				]
			},
			"hip": {
				"rotate": [
					{ "curve": "stepped" },
					{ "time": 0.0333 }
				],
				"translate": [
					{ "curve": "stepped" },
					{ "time": 0.0333 }
				]
			},
			"body": {
				"rotate": [
					{ "value": 6.29, "curve": "stepped" },
					{ "time": 0.0333, "value": 6.29 }
				],
				"translate": [
					{ "curve": "stepped" },
					{ "time": 0.0333 }
				],
				"scale": [
					{ "curve": "stepped" },
					{ "time": 0.0333 }
				]
			},
			"body2": {
				"rotate": [
					{ "value": 6.29, "curve": "stepped" },
					{ "time": 0.0333, "value": 6.29 }
				],
				"translate": [
					{ "curve": "stepped" },
					{ "time": 0.0333 }
				],
				"scale": [
					{ "curve": "stepped" },
					{ "time": 0.0333 }
				]
			},
			"body3": {
				"rotate": [
					{ "value": 6.29, "curve": "stepped" },
					{ "time": 0.0333, "value": 6.29 }
				],
				"translate": [
					{ "curve": "stepped" },
					{ "time": 0.0333 }
				],
				"scale": [
					{ "curve": "stepped" },
					{ "time": 0.0333 }
				]
			},
			"body4": {
				"rotate": [
					{ "value": 6.29, "curve": "stepped" },
					{ "time": 0.0333, "value": 6.29 }
				],
				"translate": [
					{ "curve": "stepped" },
					{ "time": 0.0333 }
				],
				"scale": [
					{ "curve": "stepped" },
					{ "time": 0.0333 }
				]
			},
			"body5": {
				"rotate": [
					{ "value": 6.29, "curve": "stepped" },
					{ "time": 0.0333, "value": 6.29 }
				],
				"translate": [
					{ "curve": "stepped" },
					{ "time": 0.0333 }
				],
				"scale": [
					{ "curve": "stepped" },
					{ "time": 0.0333 }
				]
			},
			"body6": {
				"rotate": [
					{ "value": 6.29, "curve": "stepped" },
					{ "time": 0.0333, "value": 6.29 }
				],
				"translate": [
					{ "curve": "stepped" },
					{ "time": 0.0333 }
				],
				"scale": [
					{ "curve": "stepped" },
					{ "time": 0.0333 }
				]
			},
			"body7": {
				"rotate": [
					{ "value": 6.29, "curve": "stepped" },
					{ "time": 0.0333, "value": 6.29 }
				],
				"translate": [
					{ "curve": "stepped" },
					{ "time": 0.0333 }
				],
				"scale": [
					{ "curve": "stepped" },
					{ "time": 0.0333 }
				]
			},
			"body8": {
				"rotate": [
					{ "value": 6.29, "curve": "stepped" },
					{ "time": 0.0333, "value": 6.29 }
				],
				"translate": [
					{ "curve": "stepped" },
					{ "time": 0.0333 }
				],
				"scale": [
					{ "curve": "stepped" },
					{ "time": 0.0333 }
				]
			},
			"feeling_3": {
				"rotate": [
					{ "value": -83.72, "curve": "stepped" },
					{ "time": 0.0333, "value": -83.72 }
				],
				"translate": [
					{ "x": -22.27, "y": -11.73, "curve": "stepped" },
					{ "time": 0.0333, "x": -22.27, "y": -11.73 }
				],
				"scale": [
					{ "x": -0.832, "y": 0.796, "curve": "stepped" },
					{ "time": 0.0333, "x": -0.832, "y": 0.796 }
				]
			},
			"emoji": {
				"rotate": [
					{ "value": 7.39, "curve": "stepped" },
					{ "time": 0.0333, "value": 7.39 }
				],
				"translate": [
					{ "x": -31.25, "y": -6.9, "curve": "stepped" },
					{ "time": 0.0333, "x": -31.25, "y": -6.9 }
				],
				"scale": [
					{ "x": 1.097, "y": 1.097, "curve": "stepped" },
					{ "time": 0.0333, "x": 1.097, "y": 1.097 }
				]
			},
			"shouder_1": {
				"rotate": [
					{ "value": -150.75, "curve": "stepped" },
					{ "time": 0.0333, "value": -150.75 }
				],
				"translate": [
					{ "x": -22.97, "y": -1.83, "curve": "stepped" },
					{ "time": 0.0333, "x": -22.97, "y": -1.83 }
				],
				"scale": [
					{ "curve": "stepped" },
					{ "time": 0.0333 }
				]
			},
			"arm_1": {
				"rotate": [
					{ "value": -13.49, "curve": "stepped" },
					{ "time": 0.0333, "value": -13.49 }
				],
				"translate": [
					{ "x": 2.02, "y": 0.08, "curve": "stepped" },
					{ "time": 0.0333, "x": 2.02, "y": 0.08 }
				],
				"scale": [
					{ "curve": "stepped" },
					{ "time": 0.0333 }
				]
			},
			"shouder_2": {
				"rotate": [
					{ "value": 42.11, "curve": "stepped" },
					{ "time": 0.0333, "value": 42.11 }
				],
				"translate": [
					{ "x": -25.7, "y": -4.71, "curve": "stepped" },
					{ "time": 0.0333, "x": -25.7, "y": -4.71 }
				],
				"scale": [
					{ "curve": "stepped" },
					{ "time": 0.0333 }
				]
			},
			"arm_2": {
				"rotate": [
					{ "value": -20.35, "curve": "stepped" },
					{ "time": 0.0333, "value": -20.35 }
				],
				"translate": [
					{ "curve": "stepped" },
					{ "time": 0.0333 }
				],
				"scale": [
					{ "curve": "stepped" },
					{ "time": 0.0333 }
				]
			},
			"thigh_1": {
				"rotate": [
					{ "value": 24.72, "curve": "stepped" },
					{ "time": 0.0333, "value": 24.72 }
				],
				"translate": [
					{ "curve": "stepped" },
					{ "time": 0.0333 }
				],
				"scale": [
					{ "curve": "stepped" },
					{ "time": 0.0333 }
				]
			},
			"leg_1": {
				"rotate": [
					{ "curve": "stepped" },
					{ "time": 0.0333 }
				],
				"translate": [
					{ "curve": "stepped" },
					{ "time": 0.0333 }
				]
			},
			"thigh_2": {
				"rotate": [
					{ "value": 39.21, "curve": "stepped" },
					{ "time": 0.0333, "value": 39.21 }
				],
				"translate": [
					{ "curve": "stepped" },
					{ "time": 0.0333 }
				],
				"scale": [
					{ "curve": "stepped" },
					{ "time": 0.0333 }
				]
			},
			"leg_2": {
				"rotate": [
					{ "value": 18.14, "curve": "stepped" },
					{ "time": 0.0333, "value": 18.14 }
				],
				"translate": [
					{ "curve": "stepped" },
					{ "time": 0.0333 }
				]
			},
			"foot_2": {
				"rotate": [
					{ "curve": "stepped" },
					{ "time": 0.0333 }
				],
				"translate": [
					{ "x": -87.35, "y": 1.63, "curve": "stepped" },
					{ "time": 0.0333, "x": -87.35, "y": 1.63 }
				]
			},
			"foot_3": {
				"rotate": [
					{ "curve": "stepped" },
					{ "time": 0.0333 }
				],
				"translate": [
					{ "x": 118.58, "y": -1.36, "curve": "stepped" },
					{ "time": 0.0333, "x": 118.58, "y": -1.36 }
				]
			},
			"feeling_5": {
				"rotate": [
					{ "value": -84.45, "curve": "stepped" },
					{ "time": 0.0333, "value": -84.45 }
				],
				"translate": [
					{ "x": -13.41, "y": -4.05, "curve": "stepped" },
					{ "time": 0.0333, "x": -13.41, "y": -4.05 }
				],
				"scale": [
					{ "x": 0.435, "y": 0.411, "curve": "stepped" },
					{ "time": 0.0333, "x": 0.435, "y": 0.411 }
				]
			},
			"move": {
				"translate": [
					{ "x": 119.99, "curve": "stepped" },
					{ "time": 0.0333, "x": 119.99 }
				],
				"scale": [
					{ "x": -1, "curve": "stepped" },
					{ "time": 0.0333, "x": -1 }
				]
			},
			"feeling_1": {
				"rotate": [
					{ "value": -136.2, "curve": "stepped" },
					{ "time": 0.0333, "value": -136.2 }
				],
				"translate": [
					{ "x": -69.73, "y": -128.66, "curve": "stepped" },
					{ "time": 0.0333, "x": -69.73, "y": -128.66 }
				],
				"scale": [
					{ "x": 0.904, "y": 0.904, "curve": "stepped" },
					{ "time": 0.0333, "x": 0.904, "y": 0.904 }
				]
			},
			"feeling_2": {
				"rotate": [
					{ "value": -10.67, "curve": "stepped" },
					{ "time": 0.0333, "value": -10.67 }
				],
				"translate": [
					{ "x": -127.61, "y": -240.16, "curve": "stepped" },
					{ "time": 0.0333, "x": -127.61, "y": -240.16 }
				],
				"scale": [
					{ "x": -1.343, "y": 1.903, "curve": "stepped" },
					{ "time": 0.0333, "x": -1.343, "y": 1.903 }
				]
			},
			"item_1": {
				"rotate": [
					{ "value": 5.87, "curve": "stepped" },
					{ "time": 0.0333, "value": 5.87 }
				]
			}
		},
		"ik": {
			"foot_1": [
				{
					"stretch": true,
					"curve": [ 0.008, 1, 0.025, 1, 0.008, 0, 0.025, 0 ]
				},
				{ "time": 0.0333, "stretch": true }
			],
			"foot_2": [
				{
					"stretch": true,
					"curve": [ 0.008, 1, 0.025, 1, 0.008, 0, 0.025, 0 ]
				},
				{ "time": 0.0333, "stretch": true }
			]
		},
		"drawOrder": [
			{
				"offsets": [
					{ "slot": "shoulder4", "offset": -3 },
					{ "slot": "feeling_2", "offset": -4 }
				]
			},
			{
				"time": 0.0333,
				"offsets": [
					{ "slot": "shoulder4", "offset": -3 },
					{ "slot": "feeling_2", "offset": -4 }
				]
			}
		]
	},
	"t_19_2_win": {
		"slots": {
			"body": {
				"rgba": [
					{ "color": "000000ff", "curve": "stepped" },
					{ "time": 0.0333, "color": "000000ff" }
				]
			},
			"Emoji": {
				"rgba": [
					{ "color": "ffc0c0ff", "curve": "stepped" },
					{ "time": 0.0333, "color": "ffc0c0ff" }
				],
				"attachment": [
					{ "name": "Emoji/mieng_zombie" },
					{ "time": 0.0333, "name": "Emoji/mieng_zombie" }
				]
			},
			"feeling_1": {
				"rgba": [
					{ "color": "ffffffff", "curve": "stepped" },
					{ "time": 0.0333, "color": "ffffffff" }
				],
				"attachment": [
					{ "name": "mo_hoi" },
					{ "time": 0.0333, "name": "mo_hoi" }
				]
			},
			"feeling_2": {
				"rgba": [
					{ "color": "000000ff", "curve": "stepped" },
					{ "time": 0.0333, "color": "000000ff" }
				]
			},
			"feeling_3": {
				"rgba": [
					{ "color": "ffffffff", "curve": "stepped" },
					{ "time": 0.0333, "color": "ffffffff" }
				],
				"attachment": [
					{ "name": "mat_zombie" },
					{ "time": 0.0333, "name": "mat_zombie" }
				]
			},
			"feeling_5": {
				"attachment": [
					{ "name": "mat_zombie" },
					{ "time": 0.0333, "name": "mat_zombie" }
				]
			},
			"head": {
				"rgba": [
					{ "color": "ffffffff", "curve": "stepped" },
					{ "time": 0.0333, "color": "ffffffff" }
				],
				"attachment": [
					{ "name": "dau_zombie" },
					{ "time": 0.0333, "name": "dau_zombie" }
				]
			},
			"shoulder1": {
				"rgba": [
					{ "color": "000000ff", "curve": "stepped" },
					{ "time": 0.0333, "color": "000000ff" }
				],
				"attachment": [
					{ "name": "shoulder" },
					{ "time": 0.0333, "name": "shoulder" }
				]
			},
			"shoulder2": {
				"rgba": [
					{ "color": "000000ff", "curve": "stepped" },
					{ "time": 0.0333, "color": "000000ff" }
				],
				"attachment": [
					{ "name": "shoulder" },
					{ "time": 0.0333, "name": "shoulder" }
				]
			},
			"shoulder3": {
				"rgba": [
					{ "color": "000000ff", "curve": "stepped" },
					{ "time": 0.0333, "color": "000000ff" }
				],
				"attachment": [
					{ "name": "shoulder" },
					{ "time": 0.0333, "name": "shoulder" }
				]
			},
			"shoulder4": {
				"rgba": [
					{ "color": "000000ff", "curve": "stepped" },
					{ "time": 0.0333, "color": "000000ff" }
				],
				"attachment": [
					{ "name": "shoulder" },
					{ "time": 0.0333, "name": "shoulder" }
				]
			},
			"thigh": {
				"rgba": [
					{ "color": "000000ff", "curve": "stepped" },
					{ "time": 0.0333, "color": "000000ff" }
				]
			},
			"thigh2": {
				"rgba": [
					{ "color": "000000ff", "curve": "stepped" },
					{ "time": 0.0333, "color": "000000ff" }
				]
			},
			"thigh3": {
				"rgba": [
					{ "color": "000000ff", "curve": "stepped" },
					{ "time": 0.0333, "color": "000000ff" }
				]
			},
			"thigh4": {
				"rgba": [
					{ "color": "000000ff", "curve": "stepped" },
					{ "time": 0.0333, "color": "000000ff" }
				]
			}
		},
		"bones": {
			"head": {
				"rotate": [
					{ "value": 128.84, "curve": "stepped" },
					{ "time": 0.0333, "value": 128.84 }
				],
				"translate": [
					{ "x": -22.47, "y": 15.8, "curve": "stepped" },
					{ "time": 0.0333, "x": -22.47, "y": 15.8 }
				],
				"scale": [
					{ "x": -1, "curve": "stepped" },
					{ "time": 0.0333, "x": -1 }
				]
			},
			"root": {
				"rotate": [
					{ "curve": "stepped" },
					{ "time": 0.0333 }
				],
				"translate": [
					{ "curve": "stepped" },
					{ "time": 0.0333 }
				]
			},
			"main": {
				"rotate": [
					{ "value": 19.73, "curve": "stepped" },
					{ "time": 0.0333, "value": 19.73 }
				],
				"translate": [
					{ "x": -21.46, "y": -58.57, "curve": "stepped" },
					{ "time": 0.0333, "x": -21.46, "y": -58.57 }
				]
			},
			"hip": {
				"rotate": [
					{ "curve": "stepped" },
					{ "time": 0.0333 }
				],
				"translate": [
					{ "curve": "stepped" },
					{ "time": 0.0333 }
				]
			},
			"body": {
				"rotate": [
					{ "value": 6.29, "curve": "stepped" },
					{ "time": 0.0333, "value": 6.29 }
				],
				"translate": [
					{ "curve": "stepped" },
					{ "time": 0.0333 }
				],
				"scale": [
					{ "curve": "stepped" },
					{ "time": 0.0333 }
				]
			},
			"body2": {
				"rotate": [
					{ "value": 6.29, "curve": "stepped" },
					{ "time": 0.0333, "value": 6.29 }
				],
				"translate": [
					{ "curve": "stepped" },
					{ "time": 0.0333 }
				],
				"scale": [
					{ "curve": "stepped" },
					{ "time": 0.0333 }
				]
			},
			"body3": {
				"rotate": [
					{ "value": 6.29, "curve": "stepped" },
					{ "time": 0.0333, "value": 6.29 }
				],
				"translate": [
					{ "curve": "stepped" },
					{ "time": 0.0333 }
				],
				"scale": [
					{ "curve": "stepped" },
					{ "time": 0.0333 }
				]
			},
			"body4": {
				"rotate": [
					{ "value": 6.29, "curve": "stepped" },
					{ "time": 0.0333, "value": 6.29 }
				],
				"translate": [
					{ "curve": "stepped" },
					{ "time": 0.0333 }
				],
				"scale": [
					{ "curve": "stepped" },
					{ "time": 0.0333 }
				]
			},
			"body5": {
				"rotate": [
					{ "value": 6.29, "curve": "stepped" },
					{ "time": 0.0333, "value": 6.29 }
				],
				"translate": [
					{ "curve": "stepped" },
					{ "time": 0.0333 }
				],
				"scale": [
					{ "curve": "stepped" },
					{ "time": 0.0333 }
				]
			},
			"body6": {
				"rotate": [
					{ "value": 6.29, "curve": "stepped" },
					{ "time": 0.0333, "value": 6.29 }
				],
				"translate": [
					{ "curve": "stepped" },
					{ "time": 0.0333 }
				],
				"scale": [
					{ "curve": "stepped" },
					{ "time": 0.0333 }
				]
			},
			"body7": {
				"rotate": [
					{ "value": 6.29, "curve": "stepped" },
					{ "time": 0.0333, "value": 6.29 }
				],
				"translate": [
					{ "curve": "stepped" },
					{ "time": 0.0333 }
				],
				"scale": [
					{ "curve": "stepped" },
					{ "time": 0.0333 }
				]
			},
			"body8": {
				"rotate": [
					{ "value": 6.29, "curve": "stepped" },
					{ "time": 0.0333, "value": 6.29 }
				],
				"translate": [
					{ "curve": "stepped" },
					{ "time": 0.0333 }
				],
				"scale": [
					{ "curve": "stepped" },
					{ "time": 0.0333 }
				]
			},
			"feeling_3": {
				"rotate": [
					{ "value": 111.82, "curve": "stepped" },
					{ "time": 0.0333, "value": 111.82 }
				],
				"translate": [
					{ "x": -1.82, "y": -34.11, "curve": "stepped" },
					{ "time": 0.0333, "x": -1.82, "y": -34.11 }
				],
				"scale": [
					{ "x": -0.812, "y": 0.812, "curve": "stepped" },
					{ "time": 0.0333, "x": -0.812, "y": 0.812 }
				]
			},
			"emoji": {
				"rotate": [
					{ "value": 20.16, "curve": "stepped" },
					{ "time": 0.0333, "value": 20.16 }
				],
				"translate": [
					{ "x": -15.51, "y": -29.8, "curve": "stepped" },
					{ "time": 0.0333, "x": -15.51, "y": -29.8 }
				],
				"scale": [
					{ "x": 1.097, "y": 1.097, "curve": "stepped" },
					{ "time": 0.0333, "x": 1.097, "y": 1.097 }
				]
			},
			"shouder_1": {
				"rotate": [
					{ "value": -136.19, "curve": "stepped" },
					{ "time": 0.0333, "value": -136.19 }
				],
				"translate": [
					{ "x": 12.22, "y": 1.07, "curve": "stepped" },
					{ "time": 0.0333, "x": 12.22, "y": 1.07 }
				],
				"scale": [
					{ "curve": "stepped" },
					{ "time": 0.0333 }
				]
			},
			"arm_1": {
				"rotate": [
					{ "value": -13.49, "curve": "stepped" },
					{ "time": 0.0333, "value": -13.49 }
				],
				"translate": [
					{ "x": 2.02, "y": 0.08, "curve": "stepped" },
					{ "time": 0.0333, "x": 2.02, "y": 0.08 }
				],
				"scale": [
					{ "curve": "stepped" },
					{ "time": 0.0333 }
				]
			},
			"shouder_2": {
				"rotate": [
					{ "value": 27.62, "curve": "stepped" },
					{ "time": 0.0333, "value": 27.62 }
				],
				"translate": [
					{ "x": 14, "y": 0.83, "curve": "stepped" },
					{ "time": 0.0333, "x": 14, "y": 0.83 }
				],
				"scale": [
					{ "curve": "stepped" },
					{ "time": 0.0333 }
				]
			},
			"arm_2": {
				"rotate": [
					{ "value": -14.91, "curve": "stepped" },
					{ "time": 0.0333, "value": -14.91 }
				],
				"translate": [
					{ "curve": "stepped" },
					{ "time": 0.0333 }
				],
				"scale": [
					{ "curve": "stepped" },
					{ "time": 0.0333 }
				]
			},
			"thigh_1": {
				"rotate": [
					{ "value": 24.72, "curve": "stepped" },
					{ "time": 0.0333, "value": 24.72 }
				],
				"translate": [
					{ "curve": "stepped" },
					{ "time": 0.0333 }
				],
				"scale": [
					{ "curve": "stepped" },
					{ "time": 0.0333 }
				]
			},
			"leg_1": {
				"rotate": [
					{ "curve": "stepped" },
					{ "time": 0.0333 }
				],
				"translate": [
					{ "curve": "stepped" },
					{ "time": 0.0333 }
				]
			},
			"thigh_2": {
				"rotate": [
					{ "value": 39.21, "curve": "stepped" },
					{ "time": 0.0333, "value": 39.21 }
				],
				"translate": [
					{ "curve": "stepped" },
					{ "time": 0.0333 }
				],
				"scale": [
					{ "curve": "stepped" },
					{ "time": 0.0333 }
				]
			},
			"leg_2": {
				"rotate": [
					{ "value": 18.14, "curve": "stepped" },
					{ "time": 0.0333, "value": 18.14 }
				],
				"translate": [
					{ "curve": "stepped" },
					{ "time": 0.0333 }
				]
			},
			"foot_2": {
				"rotate": [
					{ "curve": "stepped" },
					{ "time": 0.0333 }
				],
				"translate": [
					{ "x": 105.24, "y": 0.97, "curve": "stepped" },
					{ "time": 0.0333, "x": 105.24, "y": 0.97 }
				]
			},
			"foot_3": {
				"rotate": [
					{ "curve": "stepped" },
					{ "time": 0.0333 }
				],
				"translate": [
					{ "x": -180.52, "y": -0.33, "curve": "stepped" },
					{ "time": 0.0333, "x": -180.52, "y": -0.33 }
				]
			},
			"feeling_5": {
				"rotate": [
					{ "value": -57.9, "curve": "stepped" },
					{ "time": 0.0333, "value": -57.9 }
				],
				"translate": [
					{ "x": 2.17, "y": -20.85, "curve": "stepped" },
					{ "time": 0.0333, "x": 2.17, "y": -20.85 }
				],
				"scale": [
					{ "x": 0.329, "y": 0.329, "curve": "stepped" },
					{ "time": 0.0333, "x": 0.329, "y": 0.329 }
				]
			},
			"move": {
				"translate": [
					{ "x": 119.99, "curve": "stepped" },
					{ "time": 0.0333, "x": 119.99 }
				],
				"scale": [
					{ "x": -1, "curve": "stepped" },
					{ "time": 0.0333, "x": -1 }
				]
			},
			"feeling_1": {
				"rotate": [
					{ "value": 35.23, "curve": "stepped" },
					{ "time": 0.0333, "value": 35.23 }
				],
				"translate": [
					{ "x": -159.16, "y": -155.89, "curve": "stepped" },
					{ "time": 0.0333, "x": -159.16, "y": -155.89 }
				],
				"scale": [
					{ "x": -0.675, "y": 0.675, "curve": "stepped" },
					{ "time": 0.0333, "x": -0.675, "y": 0.675 }
				]
			},
			"feeling_2": {
				"rotate": [
					{ "value": 8.46, "curve": "stepped" },
					{ "time": 0.0333, "value": 8.46 }
				],
				"translate": [
					{ "x": -152.44, "y": -40.11, "curve": "stepped" },
					{ "time": 0.0333, "x": -152.44, "y": -40.11 }
				],
				"scale": [
					{ "x": 1.792, "y": 2.029, "curve": "stepped" },
					{ "time": 0.0333, "x": 1.792, "y": 2.029 }
				]
			},
			"item_1": {
				"rotate": [
					{ "value": 5.87, "curve": "stepped" },
					{ "time": 0.0333, "value": 5.87 }
				]
			}
		},
		"ik": {
			"foot_1": [
				{
					"stretch": true,
					"curve": [ 0.008, 1, 0.025, 1, 0.008, 0, 0.025, 0 ]
				},
				{ "time": 0.0333, "stretch": true }
			],
			"foot_2": [
				{
					"stretch": true,
					"curve": [ 0.008, 1, 0.025, 1, 0.008, 0, 0.025, 0 ]
				},
				{ "time": 0.0333, "stretch": true }
			]
		},
		"drawOrder": [
			{
				"offsets": [
					{ "slot": "shoulder4", "offset": -3 },
					{ "slot": "feeling_2", "offset": -4 }
				]
			},
			{
				"time": 0.0333,
				"offsets": [
					{ "slot": "shoulder4", "offset": -3 },
					{ "slot": "feeling_2", "offset": -4 }
				]
			}
		]
	}
}
}