{"frames": [

{
	"filename": "bg",
	"frame": {"x":1,"y":1,"w":44,"h":1178},
	"rotated": false,
	"trimmed": false,
	"spriteSourceSize": {"x":0,"y":0,"w":44,"h":1178},
	"sourceSize": {"w":44,"h":1178}
},
{
	"filename": "chau_cay",
	"frame": {"x":664,"y":1194,"w":177,"h":320},
	"rotated": false,
	"trimmed": true,
	"spriteSourceSize": {"x":7,"y":7,"w":177,"h":320},
	"sourceSize": {"w":191,"h":334}
},
{
	"filename": "chau_cay_hot",
	"frame": {"x":1,"y":1180,"w":191,"h":333},
	"rotated": false,
	"trimmed": true,
	"spriteSourceSize": {"x":0,"y":1,"w":191,"h":333},
	"sourceSize": {"w":191,"h":334}
},
{
	"filename": "cua",
	"frame": {"x":534,"y":1,"w":232,"h":545},
	"rotated": false,
	"trimmed": false,
	"spriteSourceSize": {"x":0,"y":0,"w":232,"h":545},
	"sourceSize": {"w":232,"h":545}
},
{
	"filename": "diem_neo_chau_treo_tuong",
	"frame": {"x":450,"y":1194,"w":213,"h":117},
	"rotated": false,
	"trimmed": true,
	"spriteSourceSize": {"x":7,"y":7,"w":213,"h":117},
	"sourceSize": {"w":227,"h":131}
},
{
	"filename": "diem_neo_chau_treo_tuong_hot",
	"frame": {"x":193,"y":1320,"w":227,"h":131},
	"rotated": false,
	"trimmed": false,
	"spriteSourceSize": {"x":0,"y":0,"w":227,"h":131},
	"sourceSize": {"w":227,"h":131}
},
{
	"filename": "diem_neo_den_dung",
	"frame": {"x":485,"y":555,"w":129,"h":520},
	"rotated": false,
	"trimmed": true,
	"spriteSourceSize": {"x":7,"y":7,"w":129,"h":520},
	"sourceSize": {"w":143,"h":534}
},
{
	"filename": "diem_neo_den_dung_hot",
	"frame": {"x":767,"y":1,"w":143,"h":534},
	"rotated": false,
	"trimmed": false,
	"spriteSourceSize": {"x":0,"y":0,"w":143,"h":534},
	"sourceSize": {"w":143,"h":534}
},
{
	"filename": "ghe_sofa",
	"frame": {"x":93,"y":1,"w":440,"h":553},
	"rotated": false,
	"trimmed": false,
	"spriteSourceSize": {"x":0,"y":0,"w":440,"h":553},
	"sourceSize": {"w":440,"h":553}
},
{
	"filename": "man_hinh",
	"frame": {"x":193,"y":997,"w":256,"h":322},
	"rotated": false,
	"trimmed": false,
	"spriteSourceSize": {"x":0,"y":0,"w":256,"h":322},
	"sourceSize": {"w":256,"h":322}
},
{
	"filename": "mieng_sofa",
	"frame": {"x":615,"y":918,"w":322,"h":275},
	"rotated": false,
	"trimmed": false,
	"spriteSourceSize": {"x":0,"y":0,"w":322,"h":275},
	"sourceSize": {"w":322,"h":275}
},
{
	"filename": "tivi",
	"frame": {"x":615,"y":547,"w":286,"h":370},
	"rotated": false,
	"trimmed": false,
	"spriteSourceSize": {"x":0,"y":0,"w":286,"h":370},
	"sourceSize": {"w":286,"h":370}
},
{
	"filename": "tu_tivi",
	"frame": {"x":93,"y":555,"w":391,"h":441},
	"rotated": false,
	"trimmed": false,
	"spriteSourceSize": {"x":0,"y":0,"w":391,"h":441},
	"sourceSize": {"w":391,"h":441}
},
{
	"filename": "vach",
	"frame": {"x":46,"y":1,"w":46,"h":1102},
	"rotated": false,
	"trimmed": false,
	"spriteSourceSize": {"x":0,"y":0,"w":46,"h":1102},
	"sourceSize": {"w":46,"h":1102}
},
{
	"filename": "vi_tien",
	"frame": {"x":93,"y":997,"w":88,"h":69},
	"rotated": false,
	"trimmed": false,
	"spriteSourceSize": {"x":0,"y":0,"w":88,"h":69},
	"sourceSize": {"w":88,"h":69}
}],
"meta": {
	"app": "https://www.codeandweb.com/texturepacker",
	"version": "1.0",
	"image": "props.png",
	"format": "RGBA8888",
	"size": {"w":938,"h":1515},
	"scale": "1",
	"smartupdate": "$TexturePacker:SmartUpdate:66a73f85146019a61a5c11ae239254fc:3c05643e8b19b16dd3c373bc58364f75:f4c39b94f5b79b4c461da96ae5609d50$"
}
}
