{
"skeleton": { "hash": "n4+kuHLuzAE", "spine": "4.1.24", "x": -388.28, "y": -425.09, "width": 724.41, "height": 1282.48 },
"bones": [
	{ "name": "root", "rotation": 0.2 },
	{ "name": "move", "parent": "root", "x": -119.99, "scaleX": -1 },
	{ "name": "main", "parent": "move", "y": 256.6 },
	{ "name": "hip", "parent": "main" },
	{ "name": "body", "parent": "hip", "length": 26.97, "rotation": 90 },
	{ "name": "body2", "parent": "body", "length": 26.97, "x": 26.97 },
	{ "name": "body3", "parent": "body2", "length": 26.97, "x": 26.97 },
	{ "name": "body4", "parent": "body3", "length": 26.97, "rotation": -0.06, "x": 26.97 },
	{ "name": "body5", "parent": "body4", "length": 26.97, "x": 26.97 },
	{ "name": "body6", "parent": "body5", "length": 26.97, "x": 26.97 },
	{ "name": "body7", "parent": "body6", "length": 26.97, "x": 26.97 },
	{ "name": "body8", "parent": "body7", "length": 26.97, "x": 26.97 },
	{ "name": "head", "parent": "body8", "length": 135.67, "x": 24.75 },
	{ "name": "feeling_3", "parent": "head", "rotation": -0.18, "x": 87.53, "y": 30.96 },
	{ "name": "emoji", "parent": "head", "rotation": -90, "x": 62, "y": 1.49 },
	{ "name": "shouder_1", "parent": "body7", "length": 100.06, "rotation": -90, "x": 15.39, "y": 0.02 },
	{ "name": "arm_1", "parent": "shouder_1", "length": 100.06, "x": 94.79 },
	{ "name": "shouder_2", "parent": "body7", "length": 100.06, "rotation": 90, "x": 15.39, "y": 0.02 },
	{ "name": "arm_2", "parent": "shouder_2", "length": 100.06, "x": 94.79 },
	{ "name": "thigh_1", "parent": "main", "length": 134.15, "rotation": -90, "x": -0.54, "y": 4.23 },
	{ "name": "leg_1", "parent": "thigh_1", "length": 134.15, "x": 128.14 },
	{ "name": "thigh_2", "parent": "main", "length": 134.15, "rotation": -90, "x": -0.1, "y": 4.23 },
	{ "name": "leg_2", "parent": "thigh_2", "length": 134.15, "x": 128.14 },
	{ "name": "foot_2", "parent": "move", "x": 0.16, "y": -2.18 },
	{ "name": "foot_3", "parent": "move", "x": 0.1, "y": -2.12 },
	{
		"name": "feeling_5",
		"parent": "head",
		"rotation": -0.18,
		"x": 87.53,
		"y": -25.11,
		"scaleX": 2,
		"scaleY": 2
	},
	{ "name": "item_1", "parent": "move", "x": -1.93, "y": 450.24 },
	{ "name": "feeling_1", "parent": "main", "rotation": -20.17, "x": 72.35, "y": 376.02 },
	{ "name": "feeling_2", "parent": "main", "rotation": -20.17, "x": 72.35, "y": 376.02 },
	{ "name": "hair_1", "parent": "main", "rotation": 0.07, "x": -120, "y": -254.77 },
	{
		"name": "feeling_4",
		"parent": "head",
		"rotation": -0.18,
		"x": 87.53,
		"y": -25.11,
		"scaleX": 2,
		"scaleY": 2
	},
	{ "name": "item_tay", "parent": "arm_2", "x": 101.01, "y": -1.25 }
],
"slots": [
	{ "name": "bg_gane_play", "bone": "root", "color": "ffffff4f" },
	{ "name": "item", "bone": "item_1" },
	{ "name": "body", "bone": "hip", "color": "000000ff", "attachment": "body" },
	{ "name": "shoulder1", "bone": "shouder_1", "color": "000000ff" },
	{ "name": "shoulder3", "bone": "shouder_2", "color": "000000ff" },
	{ "name": "shoulder2", "bone": "arm_1", "color": "000000ff" },
	{ "name": "shoulder4", "bone": "arm_2", "color": "000000ff" },
	{ "name": "thigh", "bone": "thigh_1", "color": "000000ff", "attachment": "thigh" },
	{ "name": "thigh3", "bone": "thigh_2", "color": "000000ff", "attachment": "thigh" },
	{ "name": "thigh2", "bone": "leg_1", "color": "000000ff", "attachment": "thigh" },
	{ "name": "thigh4", "bone": "leg_2", "color": "000000ff", "attachment": "thigh" },
	{ "name": "head", "bone": "head", "attachment": "head" },
	{ "name": "hair", "bone": "hair_1" },
	{ "name": "Emoji", "bone": "emoji" },
	{ "name": "feeling_3", "bone": "feeling_3", "color": "000000ff" },
	{ "name": "feeling_5", "bone": "feeling_5" },
	{ "name": "feeling_4", "bone": "feeling_4" },
	{ "name": "feeling_1", "bone": "feeling_1" },
	{ "name": "feeling_2", "bone": "feeling_2" },
	{ "name": "item_tay", "bone": "item_tay" }
],
"ik": [
	{
		"name": "foot_1",
		"bones": [ "thigh_1", "leg_1" ],
		"target": "foot_2",
		"mix": 0,
		"stretch": true
	},
	{
		"name": "foot_2",
		"order": 1,
		"bones": [ "thigh_2", "leg_2" ],
		"target": "foot_3",
		"mix": 0,
		"stretch": true
	}
],
"skins": [
	{
		"name": "default",
		"attachments": {
			"body": {
				"body": {
					"type": "mesh",
					"uvs": [ 1, 1, 0, 1, 0, 0.875, 0, 0.75, 0, 0.625, 0, 0.5, 0, 0.375, 0, 0.25, 0, 0.125, 0, 0, 1, 0, 1, 0.125, 1, 0.25, 1, 0.375, 1, 0.5, 1, 0.625, 1, 0.75, 1, 0.875 ],
					"triangles": [ 8, 9, 10, 11, 8, 10, 7, 8, 11, 12, 7, 11, 6, 7, 12, 13, 6, 12, 5, 6, 13, 14, 5, 13, 4, 5, 14, 15, 4, 14, 3, 4, 15, 16, 3, 15, 2, 3, 16, 17, 2, 16, 1, 2, 17, 0, 1, 17 ],
					"vertices": [ 1, 4, -1.7, -5.5, 1, 1, 4, -1.7, 5.5, 1, 2, 4, 25.68, 5.5, 0.70301, 5, -1.29, 5.5, 0.29699, 2, 5, 26.08, 5.5, 0.65569, 6, -0.88, 5.5, 0.34431, 2, 6, 26.49, 5.5, 0.55905, 7, -0.48, 5.5, 0.44095, 2, 7, 26.9, 5.5, 0.51367, 8, -0.07, 5.5, 0.48633, 2, 8, 27.3, 5.5, 0.41705, 9, 0.33, 5.5, 0.58295, 2, 9, 27.71, 5.5, 0.38565, 10, 0.74, 5.5, 0.61435, 2, 10, 28.11, 5.5, 0.36868, 11, 1.14, 5.5, 0.63132, 1, 11, 28.52, 5.5, 1, 1, 11, 28.52, -5.5, 1, 2, 10, 28.11, -5.5, 0.3064, 11, 1.14, -5.5, 0.6936, 2, 9, 27.71, -5.5, 0.40945, 10, 0.74, -5.5, 0.59055, 2, 8, 27.3, -5.5, 0.44404, 9, 0.33, -5.5, 0.55596, 2, 7, 26.9, -5.5, 0.52991, 8, -0.07, -5.5, 0.47009, 2, 6, 26.49, -5.5, 0.58474, 7, -0.48, -5.5, 0.41526, 2, 5, 26.08, -5.5, 0.62061, 6, -0.88, -5.5, 0.37939, 2, 4, 25.68, -5.5, 0.65664, 5, -1.29, -5.5, 0.34336 ],
					"hull": 18
				}
			},
			"Emoji": {
				"Emoji/emo_1": { "x": 0.5, "y": 0.5, "width": 113, "height": 87 },
				"Emoji/emo_24": { "x": 0.5, "width": 93, "height": 58 },
				"Emoji/emo_70": { "y": 0.5, "width": 118, "height": 119 }
			},
			"feeling_1": {
				"mo_hoi": { "x": 0.5, "y": 0.5, "width": 19, "height": 41 },
				"rung": { "x": 0.5, "rotation": 13.67, "width": 18, "height": 51 },
				"scare": { "scaleX": 1.3955, "scaleY": 1.3955, "rotation": 19.99, "width": 80, "height": 83 }
			},
			"feeling_2": {
				"cham_than": { "x": 0.5, "y": 0.5, "width": 17, "height": 57 }
			},
			"feeling_3": {
				"run": { "rotation": -89.44, "width": 13, "height": 27 }
			},
			"feeling_4": {
				"mo_hoi": { "width": 19, "height": 41 }
			},
			"feeling_5": {
				"giat_minh": { "width": 70, "height": 66 },
				"mo_hoi": { "width": 19, "height": 41 },
				"rung": { "x": 0.5, "width": 18, "height": 51 }
			},
			"head": {
				"head": { "x": 68.85, "rotation": -89.87, "width": 144, "height": 144 }
			},
			"shoulder1": {
				"shoulder": { "x": 49.22, "rotation": -90, "width": 15, "height": 105 }
			},
			"shoulder2": {
				"shoulder": { "x": 49.22, "rotation": -90, "width": 15, "height": 105 }
			},
			"shoulder3": {
				"shoulder": { "x": 49.22, "rotation": -90, "width": 15, "height": 105 }
			},
			"shoulder4": {
				"shoulder": { "x": 50.57, "rotation": -90, "width": 15, "height": 105 }
			},
			"thigh": {
				"thigh": { "x": 66.01, "rotation": -90, "width": 14, "height": 137 }
			},
			"thigh2": {
				"thigh": { "x": 66.01, "rotation": -90, "width": 14, "height": 137 }
			},
			"thigh3": {
				"thigh": { "x": 66.01, "rotation": -90, "width": 14, "height": 137 }
			},
			"thigh4": {
				"thigh": { "x": 66.01, "rotation": -90, "width": 14, "height": 137 }
			}
		}
	}
],
"animations": {
	"t_86_1_be": {
		"slots": {
			"body": {
				"rgba": [
					{ "color": "000000ff", "curve": "stepped" },
					{ "time": 0.0333, "color": "000000ff" }
				]
			},
			"Emoji": {
				"attachment": [
					{ "name": "Emoji/emo_24" },
					{ "time": 0.0333, "name": "Emoji/emo_24" }
				]
			},
			"feeling_1": {
				"attachment": [
					{ "name": "mo_hoi" },
					{ "time": 0.0333, "name": "mo_hoi" }
				]
			},
			"feeling_2": {
				"attachment": [
					{},
					{ "time": 0.0333 }
				]
			},
			"feeling_3": {
				"attachment": [
					{ "name": "run" },
					{ "time": 0.0333, "name": "run" }
				]
			},
			"feeling_5": {
				"attachment": [
					{ "name": "mo_hoi" },
					{ "time": 0.0333, "name": "mo_hoi" }
				]
			},
			"head": {
				"rgba": [
					{ "color": "ffffffff", "curve": "stepped" },
					{ "time": 0.0333, "color": "ffffffff" }
				],
				"attachment": [
					{ "name": "head" },
					{ "time": 0.0333, "name": "head" }
				]
			},
			"shoulder1": {
				"rgba": [
					{ "color": "000000ff", "curve": "stepped" },
					{ "time": 0.0333, "color": "000000ff" }
				],
				"attachment": [
					{},
					{ "time": 0.0333 }
				]
			},
			"shoulder2": {
				"rgba": [
					{ "color": "000000ff", "curve": "stepped" },
					{ "time": 0.0333, "color": "000000ff" }
				],
				"attachment": [
					{},
					{ "time": 0.0333 }
				]
			},
			"shoulder3": {
				"rgba": [
					{ "color": "000000ff", "curve": "stepped" },
					{ "time": 0.0333, "color": "000000ff" }
				],
				"attachment": [
					{ "name": "shoulder" },
					{ "time": 0.0333, "name": "shoulder" }
				]
			},
			"shoulder4": {
				"rgba": [
					{ "color": "000000ff", "curve": "stepped" },
					{ "time": 0.0333, "color": "000000ff" }
				],
				"attachment": [
					{ "name": "shoulder" },
					{ "time": 0.0333, "name": "shoulder" }
				]
			},
			"thigh": {
				"rgba": [
					{ "color": "000000ff", "curve": "stepped" },
					{ "time": 0.0333, "color": "000000ff" }
				]
			},
			"thigh2": {
				"rgba": [
					{ "color": "000000ff", "curve": "stepped" },
					{ "time": 0.0333, "color": "000000ff" }
				]
			},
			"thigh3": {
				"rgba": [
					{ "color": "000000ff", "curve": "stepped" },
					{ "time": 0.0333, "color": "000000ff" }
				]
			},
			"thigh4": {
				"rgba": [
					{ "color": "000000ff", "curve": "stepped" },
					{ "time": 0.0333, "color": "000000ff" }
				]
			}
		},
		"bones": {
			"head": {
				"rotate": [
					{ "value": -1.61, "curve": "stepped" },
					{ "time": 0.0333, "value": -1.61 }
				],
				"translate": [
					{ "x": -38.93, "y": -20.29, "curve": "stepped" },
					{ "time": 0.0333, "x": -38.93, "y": -20.29 }
				],
				"scale": [
					{ "curve": "stepped" },
					{ "time": 0.0333 }
				]
			},
			"root": {
				"rotate": [
					{ "curve": "stepped" },
					{ "time": 0.0333 }
				],
				"translate": [
					{ "curve": "stepped" },
					{ "time": 0.0333 }
				]
			},
			"main": {
				"rotate": [
					{ "value": -14.99, "curve": "stepped" },
					{ "time": 0.0333, "value": -14.99 }
				],
				"translate": [
					{ "x": -10.82, "y": -48.95, "curve": "stepped" },
					{ "time": 0.0333, "x": -10.82, "y": -48.95 }
				]
			},
			"hip": {
				"rotate": [
					{ "curve": "stepped" },
					{ "time": 0.0333 }
				],
				"translate": [
					{ "curve": "stepped" },
					{ "time": 0.0333 }
				]
			},
			"body": {
				"rotate": [
					{ "value": 7, "curve": "stepped" },
					{ "time": 0.0333, "value": 7 }
				],
				"translate": [
					{ "curve": "stepped" },
					{ "time": 0.0333 }
				]
			},
			"body2": {
				"rotate": [
					{ "value": 0.45, "curve": "stepped" },
					{ "time": 0.0333, "value": 0.45 }
				],
				"translate": [
					{ "curve": "stepped" },
					{ "time": 0.0333 }
				]
			},
			"body3": {
				"rotate": [
					{ "value": 0.45, "curve": "stepped" },
					{ "time": 0.0333, "value": 0.45 }
				],
				"translate": [
					{ "curve": "stepped" },
					{ "time": 0.0333 }
				]
			},
			"body4": {
				"rotate": [
					{ "value": -0.46, "curve": "stepped" },
					{ "time": 0.0333, "value": -0.46 }
				],
				"translate": [
					{ "curve": "stepped" },
					{ "time": 0.0333 }
				]
			},
			"body5": {
				"rotate": [
					{ "value": -2.53, "curve": "stepped" },
					{ "time": 0.0333, "value": -2.53 }
				],
				"translate": [
					{ "curve": "stepped" },
					{ "time": 0.0333 }
				]
			},
			"body6": {
				"rotate": [
					{ "value": 1.03, "curve": "stepped" },
					{ "time": 0.0333, "value": 1.03 }
				],
				"translate": [
					{ "curve": "stepped" },
					{ "time": 0.0333 }
				]
			},
			"body7": {
				"rotate": [
					{ "value": 0.45, "curve": "stepped" },
					{ "time": 0.0333, "value": 0.45 }
				],
				"translate": [
					{ "curve": "stepped" },
					{ "time": 0.0333 }
				]
			},
			"body8": {
				"rotate": [
					{ "value": 0.45, "curve": "stepped" },
					{ "time": 0.0333, "value": 0.45 }
				],
				"translate": [
					{ "curve": "stepped" },
					{ "time": 0.0333 }
				]
			},
			"feeling_3": {
				"rotate": [
					{ "value": -162.02, "curve": "stepped" },
					{ "time": 0.0333, "value": -162.02 }
				],
				"translate": [
					{ "x": -2.73, "y": -115.3, "curve": "stepped" },
					{ "time": 0.0333, "x": -2.73, "y": -115.3 }
				],
				"scale": [
					{ "x": -1.786, "y": 1.786, "curve": "stepped" },
					{ "time": 0.0333, "x": -1.786, "y": 1.786 }
				]
			},
			"emoji": {
				"rotate": [
					{ "value": 4.43, "curve": "stepped" },
					{ "time": 0.0333, "value": 4.43 }
				],
				"translate": [
					{ "x": -2.86, "y": -16.07, "curve": "stepped" },
					{ "time": 0.0333, "x": -2.86, "y": -16.07 }
				],
				"scale": [
					{ "x": -1, "curve": "stepped" },
					{ "time": 0.0333, "x": -1 }
				]
			},
			"shouder_1": {
				"rotate": [
					{ "value": -75.27, "curve": "stepped" },
					{ "time": 0.0333, "value": -75.27 }
				],
				"translate": [
					{ "x": 21.05, "y": 1, "curve": "stepped" },
					{ "time": 0.0333, "x": 21.05, "y": 1 }
				],
				"scale": [
					{ "curve": "stepped" },
					{ "time": 0.0333 }
				],
				"shear": [
					{ "y": 1, "curve": "stepped" },
					{ "time": 0.0333, "y": 1 }
				]
			},
			"arm_1": {
				"rotate": [
					{ "value": 21.68, "curve": "stepped" },
					{ "time": 0.0333, "value": 21.68 }
				],
				"translate": [
					{ "x": 2.02, "y": 0.08, "curve": "stepped" },
					{ "time": 0.0333, "x": 2.02, "y": 0.08 }
				],
				"scale": [
					{ "curve": "stepped" },
					{ "time": 0.0333 }
				]
			},
			"shouder_2": {
				"rotate": [
					{ "value": 68.3, "curve": "stepped" },
					{ "time": 0.0333, "value": 68.3 }
				],
				"translate": [
					{ "x": 24.9, "y": -1.15, "curve": "stepped" },
					{ "time": 0.0333, "x": 24.9, "y": -1.15 }
				],
				"scale": [
					{ "x": 0.965, "curve": "stepped" },
					{ "time": 0.0333, "x": 0.965 }
				]
			},
			"arm_2": {
				"rotate": [
					{ "value": 19.1, "curve": "stepped" },
					{ "time": 0.0333, "value": 19.1 }
				],
				"scale": [
					{ "curve": "stepped" },
					{ "time": 0.0333 }
				]
			},
			"thigh_1": {
				"rotate": [
					{ "value": -6.18, "curve": "stepped" },
					{ "time": 0.0333, "value": -6.18 }
				],
				"translate": [
					{ "curve": "stepped" },
					{ "time": 0.0333 }
				],
				"scale": [
					{ "curve": "stepped" },
					{ "time": 0.0333 }
				]
			},
			"leg_1": {
				"rotate": [
					{ "value": 5.22, "curve": "stepped" },
					{ "time": 0.0333, "value": 5.22 }
				],
				"translate": [
					{ "curve": "stepped" },
					{ "time": 0.0333 }
				]
			},
			"thigh_2": {
				"rotate": [
					{ "value": 2.51, "curve": "stepped" },
					{ "time": 0.0333, "value": 2.51 }
				],
				"translate": [
					{ "curve": "stepped" },
					{ "time": 0.0333 }
				],
				"scale": [
					{ "curve": "stepped" },
					{ "time": 0.0333 }
				]
			},
			"leg_2": {
				"rotate": [
					{ "value": 3.66, "curve": "stepped" },
					{ "time": 0.0333, "value": 3.66 }
				],
				"translate": [
					{ "curve": "stepped" },
					{ "time": 0.0333 }
				]
			},
			"foot_2": {
				"rotate": [
					{ "curve": "stepped" },
					{ "time": 0.0333 }
				],
				"translate": [
					{ "x": -102.49, "y": 1.23, "curve": "stepped" },
					{ "time": 0.0333, "x": -102.49, "y": 1.23 }
				]
			},
			"foot_3": {
				"rotate": [
					{ "value": 4.17, "curve": "stepped" },
					{ "time": 0.0333, "value": 4.17 }
				],
				"translate": [
					{ "x": 0.13, "y": 0.06, "curve": "stepped" },
					{ "time": 0.0333, "x": 0.13, "y": 0.06 }
				]
			},
			"feeling_5": {
				"rotate": [
					{ "value": -112.14, "curve": "stepped" },
					{ "time": 0.0333, "value": -112.14 }
				],
				"translate": [
					{ "x": -46.02, "y": 79.96, "curve": "stepped" },
					{ "time": 0.0333, "x": -46.02, "y": 79.96 }
				],
				"scale": [
					{ "x": 0.297, "y": 0.297, "curve": "stepped" },
					{ "time": 0.0333, "x": 0.297, "y": 0.297 }
				]
			},
			"feeling_1": {
				"rotate": [
					{ "value": 19.88, "curve": "stepped" },
					{ "time": 0.0333, "value": 19.88 }
				],
				"translate": [
					{ "x": -139.06, "y": -109.19, "curve": "stepped" },
					{ "time": 0.0333, "x": -139.06, "y": -109.19 }
				],
				"scale": [
					{ "x": -0.857, "y": 0.857, "curve": "stepped" },
					{ "time": 0.0333, "x": -0.857, "y": 0.857 }
				]
			},
			"feeling_2": {
				"rotate": [
					{ "curve": "stepped" },
					{ "time": 0.0333 }
				],
				"translate": [
					{ "curve": "stepped" },
					{ "time": 0.0333 }
				],
				"scale": [
					{ "curve": "stepped" },
					{ "time": 0.0333 }
				]
			},
			"item_1": {
				"translate": [
					{ "x": -23.15, "y": -318.71, "curve": "stepped" },
					{ "time": 0.0333, "x": -23.15, "y": -318.71 }
				],
				"scale": [
					{ "x": -0.88, "y": 0.88, "curve": "stepped" },
					{ "time": 0.0333, "x": -0.88, "y": 0.88 }
				]
			},
			"move": {
				"translate": [
					{ "x": 119.99, "y": -0.41, "curve": "stepped" },
					{ "time": 0.0333, "x": 119.99, "y": -0.41 }
				]
			}
		},
		"ik": {
			"foot_1": [
				{
					"stretch": true,
					"curve": [ 0.008, 1, 0.025, 1, 0.008, 0, 0.025, 0 ]
				},
				{ "time": 0.0333, "stretch": true }
			],
			"foot_2": [
				{
					"bendPositive": false,
					"stretch": true,
					"curve": [ 0.008, 1, 0.025, 1, 0.008, 0, 0.025, 0 ]
				},
				{ "time": 0.0333, "bendPositive": false, "stretch": true }
			]
		},
		"drawOrder": [
			{
				"offsets": [
					{ "slot": "item", "offset": 6 },
					{ "slot": "shoulder4", "offset": 12 },
					{ "slot": "thigh4", "offset": -4 }
				]
			},
			{
				"time": 0.0333,
				"offsets": [
					{ "slot": "item", "offset": 6 },
					{ "slot": "shoulder4", "offset": 12 },
					{ "slot": "thigh4", "offset": -4 }
				]
			}
		]
	},
	"t_86_1_lose": {
		"slots": {
			"body": {
				"rgba": [
					{ "color": "000000ff", "curve": "stepped" },
					{ "time": 0.5, "color": "000000ff" }
				]
			},
			"Emoji": {
				"attachment": [
					{ "name": "Emoji/emo_70" },
					{ "time": 0.5, "name": "Emoji/emo_70" }
				]
			},
			"feeling_1": {
				"attachment": [
					{ "name": "scare" },
					{ "time": 0.5, "name": "scare" }
				]
			},
			"feeling_2": {
				"attachment": [
					{ "name": "cham_than" },
					{ "time": 0.5, "name": "cham_than" }
				]
			},
			"feeling_3": {
				"attachment": [
					{ "name": "run" },
					{ "time": 0.5, "name": "run" }
				]
			},
			"feeling_4": {
				"attachment": [
					{ "name": "mo_hoi" },
					{ "time": 0.5, "name": "mo_hoi" }
				]
			},
			"feeling_5": {
				"attachment": [
					{ "name": "giat_minh" },
					{ "time": 0.5, "name": "giat_minh" }
				]
			},
			"head": {
				"rgba": [
					{ "color": "ffffffff", "curve": "stepped" },
					{ "time": 0.5, "color": "ffffffff" }
				],
				"attachment": [
					{ "name": "head" },
					{ "time": 0.5, "name": "head" }
				]
			},
			"shoulder1": {
				"rgba": [
					{ "color": "000000ff", "curve": "stepped" },
					{ "time": 0.5, "color": "000000ff" }
				],
				"attachment": [
					{ "name": "shoulder" },
					{ "time": 0.5, "name": "shoulder" }
				]
			},
			"shoulder2": {
				"rgba": [
					{ "color": "000000ff", "curve": "stepped" },
					{ "time": 0.5, "color": "000000ff" }
				],
				"attachment": [
					{ "name": "shoulder" },
					{ "time": 0.5, "name": "shoulder" }
				]
			},
			"shoulder3": {
				"rgba": [
					{ "color": "000000ff", "curve": "stepped" },
					{ "time": 0.5, "color": "000000ff" }
				],
				"attachment": [
					{ "name": "shoulder" },
					{ "time": 0.5, "name": "shoulder" }
				]
			},
			"shoulder4": {
				"rgba": [
					{ "color": "000000ff", "curve": "stepped" },
					{ "time": 0.5, "color": "000000ff" }
				],
				"attachment": [
					{ "name": "shoulder" },
					{ "time": 0.5, "name": "shoulder" }
				]
			},
			"thigh": {
				"rgba": [
					{ "color": "000000ff", "curve": "stepped" },
					{ "time": 0.5, "color": "000000ff" }
				]
			},
			"thigh2": {
				"rgba": [
					{ "color": "000000ff", "curve": "stepped" },
					{ "time": 0.5, "color": "000000ff" }
				]
			},
			"thigh3": {
				"rgba": [
					{ "color": "000000ff", "curve": "stepped" },
					{ "time": 0.5, "color": "000000ff" }
				]
			},
			"thigh4": {
				"rgba": [
					{ "color": "000000ff", "curve": "stepped" },
					{ "time": 0.5, "color": "000000ff" }
				]
			}
		},
		"bones": {
			"head": {
				"rotate": [
					{ "value": -6.45, "curve": "stepped" },
					{ "time": 0.5, "value": -6.45 }
				],
				"translate": [
					{ "x": -7.91, "y": -1.83, "curve": "stepped" },
					{ "time": 0.5, "x": -7.91, "y": -1.83 }
				],
				"scale": [
					{ "x": 1.284, "curve": "stepped" },
					{ "time": 0.5, "x": 1.284 }
				]
			},
			"root": {
				"rotate": [
					{ "curve": "stepped" },
					{ "time": 0.5 }
				],
				"translate": [
					{ "curve": "stepped" },
					{ "time": 0.5 }
				]
			},
			"main": {
				"rotate": [
					{ "value": -13.87, "curve": "stepped" },
					{ "time": 0.5, "value": -13.87 }
				],
				"translate": [
					{ "x": -11.05, "y": 17.17, "curve": "stepped" },
					{ "time": 0.5, "x": -11.05, "y": 17.17 }
				]
			},
			"hip": {
				"rotate": [
					{ "curve": "stepped" },
					{ "time": 0.5 }
				],
				"translate": [
					{ "curve": "stepped" },
					{ "time": 0.5 }
				]
			},
			"body": {
				"rotate": [
					{ "value": 7, "curve": "stepped" },
					{ "time": 0.5, "value": 7 }
				],
				"translate": [
					{ "curve": "stepped" },
					{ "time": 0.5 }
				]
			},
			"body2": {
				"rotate": [
					{ "value": 0.45, "curve": "stepped" },
					{ "time": 0.5, "value": 0.45 }
				],
				"translate": [
					{ "curve": "stepped" },
					{ "time": 0.5 }
				]
			},
			"body3": {
				"rotate": [
					{ "value": 0.45, "curve": "stepped" },
					{ "time": 0.5, "value": 0.45 }
				],
				"translate": [
					{ "curve": "stepped" },
					{ "time": 0.5 }
				]
			},
			"body4": {
				"rotate": [
					{ "value": -0.46, "curve": "stepped" },
					{ "time": 0.5, "value": -0.46 }
				],
				"translate": [
					{ "curve": "stepped" },
					{ "time": 0.5 }
				]
			},
			"body5": {
				"rotate": [
					{ "value": -2.53, "curve": "stepped" },
					{ "time": 0.5, "value": -2.53 }
				],
				"translate": [
					{ "curve": "stepped" },
					{ "time": 0.5 }
				]
			},
			"body6": {
				"rotate": [
					{ "value": 1.03, "curve": "stepped" },
					{ "time": 0.5, "value": 1.03 }
				],
				"translate": [
					{ "curve": "stepped" },
					{ "time": 0.5 }
				]
			},
			"body7": {
				"rotate": [
					{ "value": 0.45, "curve": "stepped" },
					{ "time": 0.5, "value": 0.45 }
				],
				"translate": [
					{ "curve": "stepped" },
					{ "time": 0.5 }
				]
			},
			"body8": {
				"rotate": [
					{ "value": 0.45, "curve": "stepped" },
					{ "time": 0.5, "value": 0.45 }
				],
				"translate": [
					{ "curve": "stepped" },
					{ "time": 0.5 }
				]
			},
			"feeling_3": {
				"rotate": [
					{ "value": 7.79, "curve": "stepped" },
					{ "time": 0.5, "value": 7.79 }
				],
				"translate": [
					{ "x": -11.74, "y": 54.63, "curve": "stepped" },
					{ "time": 0.5, "x": -11.74, "y": 54.63 }
				],
				"scale": [
					{ "x": -1.786, "y": 1.786, "curve": "stepped" },
					{ "time": 0.5, "x": -1.786, "y": 1.786 }
				]
			},
			"emoji": {
				"rotate": [
					{ "value": 4.43, "curve": "stepped" },
					{ "time": 0.5, "value": 4.43 }
				],
				"translate": [
					{ "x": 3.28, "y": -4.87, "curve": "stepped" },
					{ "time": 0.5, "x": 3.28, "y": -4.87 }
				],
				"scale": [
					{ "x": -1.106, "y": 1.106, "curve": "stepped" },
					{ "time": 0.5, "x": -1.106, "y": 1.106 }
				]
			},
			"shouder_1": {
				"rotate": [
					{ "value": -71.71, "curve": "stepped" },
					{ "time": 0.5, "value": -71.71 }
				],
				"translate": [
					{ "x": 27.03, "y": -6.53, "curve": "stepped" },
					{ "time": 0.5, "x": 27.03, "y": -6.53 }
				],
				"scale": [
					{ "curve": "stepped" },
					{ "time": 0.5 }
				],
				"shear": [
					{ "y": 1, "curve": "stepped" },
					{ "time": 0.5, "y": 1 }
				]
			},
			"arm_1": {
				"rotate": [
					{ "value": 1.94, "curve": "stepped" },
					{ "time": 0.5, "value": 1.94 }
				],
				"translate": [
					{ "x": 2.02, "y": 0.08, "curve": "stepped" },
					{ "time": 0.5, "x": 2.02, "y": 0.08 }
				],
				"scale": [
					{ "curve": "stepped" },
					{ "time": 0.5 }
				]
			},
			"shouder_2": {
				"rotate": [
					{ "value": 74.53, "curve": "stepped" },
					{ "time": 0.5, "value": 74.53 }
				],
				"translate": [
					{ "x": 28.12, "y": 6.27, "curve": "stepped" },
					{ "time": 0.5, "x": 28.12, "y": 6.27 }
				],
				"scale": [
					{ "x": 0.965, "curve": "stepped" },
					{ "time": 0.5, "x": 0.965 }
				]
			},
			"arm_2": {
				"rotate": [
					{ "value": 5.26, "curve": "stepped" },
					{ "time": 0.5, "value": 5.26 }
				],
				"scale": [
					{ "curve": "stepped" },
					{ "time": 0.5 }
				]
			},
			"thigh_1": {
				"rotate": [
					{ "value": -6.18, "curve": "stepped" },
					{ "time": 0.5, "value": -6.18 }
				],
				"translate": [
					{ "curve": "stepped" },
					{ "time": 0.5 }
				],
				"scale": [
					{ "curve": "stepped" },
					{ "time": 0.5 }
				]
			},
			"leg_1": {
				"rotate": [
					{ "value": 5.22, "curve": "stepped" },
					{ "time": 0.5, "value": 5.22 }
				],
				"translate": [
					{ "curve": "stepped" },
					{ "time": 0.5 }
				]
			},
			"thigh_2": {
				"rotate": [
					{ "value": 2.51, "curve": "stepped" },
					{ "time": 0.5, "value": 2.51 }
				],
				"translate": [
					{ "curve": "stepped" },
					{ "time": 0.5 }
				],
				"scale": [
					{ "curve": "stepped" },
					{ "time": 0.5 }
				]
			},
			"leg_2": {
				"rotate": [
					{ "value": 3.66, "curve": "stepped" },
					{ "time": 0.5, "value": 3.66 }
				],
				"translate": [
					{ "curve": "stepped" },
					{ "time": 0.5 }
				]
			},
			"foot_2": {
				"rotate": [
					{ "curve": "stepped" },
					{ "time": 0.5 }
				],
				"translate": [
					{ "x": -73.35, "y": 17.83, "curve": "stepped" },
					{ "time": 0.5, "x": -73.35, "y": 17.83 }
				]
			},
			"foot_3": {
				"rotate": [
					{ "value": 4.17, "curve": "stepped" },
					{ "time": 0.5, "value": 4.17 }
				],
				"translate": [
					{ "x": 47.33, "y": 16.76, "curve": "stepped" },
					{ "time": 0.5, "x": 47.33, "y": 16.76 }
				]
			},
			"feeling_5": {
				"rotate": [
					{ "value": -36.67, "curve": "stepped" },
					{ "time": 0.5, "value": -36.67 }
				],
				"translate": [
					{ "x": 80.34, "y": 36.64, "curve": "stepped" },
					{ "time": 0.5, "x": 80.34, "y": 36.64 }
				],
				"scale": [
					{ "x": 0.558, "y": 0.558, "curve": "stepped" },
					{ "time": 0.5, "x": 0.558, "y": 0.558 }
				]
			},
			"feeling_1": {
				"rotate": [
					{ "value": -27.54, "curve": "stepped" },
					{ "time": 0.5, "value": -27.54 }
				],
				"translate": [
					{ "x": 31.71, "y": 11.74, "curve": "stepped" },
					{ "time": 0.5, "x": 31.71, "y": 11.74 }
				],
				"scale": [
					{
						"x": -1.324,
						"y": 1.324,
						"curve": [ 0.028, -1.324, 0.063, -1.585, 0.028, 1.324, 0.063, 1.585 ]
					},
					{
						"time": 0.1,
						"x": -2.004,
						"y": 2.004,
						"curve": [ 0.132, -1.81, 0.176, -1.324, 0.132, 1.81, 0.176, 1.324 ]
					},
					{ "time": 0.2, "x": -1.324, "y": 1.324, "curve": "stepped" },
					{
						"time": 0.3,
						"x": -1.324,
						"y": 1.324,
						"curve": [ 0.328, -1.324, 0.363, -1.585, 0.328, 1.324, 0.363, 1.585 ]
					},
					{
						"time": 0.4,
						"x": -2.004,
						"y": 2.004,
						"curve": [ 0.432, -1.81, 0.476, -1.324, 0.432, 1.81, 0.476, 1.324 ]
					},
					{ "time": 0.5, "x": -1.324, "y": 1.324 }
				]
			},
			"feeling_2": {
				"rotate": [
					{ "value": 11.98, "curve": "stepped" },
					{ "time": 0.5, "value": 11.98 }
				],
				"translate": [
					{ "x": 16.77, "y": 60.62, "curve": "stepped" },
					{ "time": 0.5, "x": 16.77, "y": 60.62 }
				],
				"scale": [
					{ "x": 1.895, "y": 1.895, "curve": "stepped" },
					{ "time": 0.5, "x": 1.895, "y": 1.895 }
				]
			},
			"item_1": {
				"translate": [
					{ "x": -23.15, "y": -318.71, "curve": "stepped" },
					{ "time": 0.5, "x": -23.15, "y": -318.71 }
				],
				"scale": [
					{ "x": -0.88, "y": 0.88, "curve": "stepped" },
					{ "time": 0.5, "x": -0.88, "y": 0.88 }
				]
			},
			"move": {
				"translate": [
					{ "x": 119.99, "y": -0.41, "curve": "stepped" },
					{ "time": 0.5, "x": 119.99, "y": -0.41 }
				]
			},
			"feeling_4": {
				"rotate": [
					{ "value": -42.26, "curve": "stepped" },
					{ "time": 0.5, "value": -42.26 }
				],
				"translate": [
					{ "x": -22.71, "y": -32.44, "curve": "stepped" },
					{ "time": 0.5, "x": -22.71, "y": -32.44 }
				],
				"scale": [
					{ "x": 0.479, "y": 0.479, "curve": "stepped" },
					{ "time": 0.5, "x": 0.479, "y": 0.479 }
				]
			}
		},
		"ik": {
			"foot_1": [
				{
					"stretch": true,
					"curve": [ 0.125, 1, 0.375, 1, 0.125, 0, 0.375, 0 ]
				},
				{ "time": 0.5, "stretch": true }
			],
			"foot_2": [
				{
					"bendPositive": false,
					"stretch": true,
					"curve": [ 0.125, 1, 0.375, 1, 0.125, 0, 0.375, 0 ]
				},
				{ "time": 0.5, "bendPositive": false, "stretch": true }
			]
		},
		"drawOrder": [
			{
				"offsets": [
					{ "slot": "item", "offset": 6 },
					{ "slot": "shoulder4", "offset": 12 },
					{ "slot": "thigh4", "offset": -4 }
				]
			},
			{
				"time": 0.5,
				"offsets": [
					{ "slot": "item", "offset": 6 },
					{ "slot": "shoulder4", "offset": 12 },
					{ "slot": "thigh4", "offset": -4 }
				]
			}
		]
	},
	"t_86_1_win": {
		"slots": {
			"body": {
				"rgba": [
					{ "color": "000000ff", "curve": "stepped" },
					{ "time": 0.0333, "color": "000000ff" }
				]
			},
			"Emoji": {
				"attachment": [
					{ "name": "Emoji/emo_1" },
					{ "time": 0.0333, "name": "Emoji/emo_1" }
				]
			},
			"feeling_1": {
				"attachment": [
					{ "name": "rung" },
					{ "time": 0.0333, "name": "rung" }
				]
			},
			"feeling_2": {
				"attachment": [
					{},
					{ "time": 0.0333 }
				]
			},
			"feeling_3": {
				"attachment": [
					{},
					{ "time": 0.0333 }
				]
			},
			"feeling_5": {
				"attachment": [
					{ "name": "rung" },
					{ "time": 0.0333, "name": "rung" }
				]
			},
			"head": {
				"rgba": [
					{ "color": "ffffffff", "curve": "stepped" },
					{ "time": 0.0333, "color": "ffffffff" }
				],
				"attachment": [
					{ "name": "head" },
					{ "time": 0.0333, "name": "head" }
				]
			},
			"shoulder1": {
				"rgba": [
					{ "color": "000000ff", "curve": "stepped" },
					{ "time": 0.0333, "color": "000000ff" }
				],
				"attachment": [
					{ "name": "shoulder" },
					{ "time": 0.0333, "name": "shoulder" }
				]
			},
			"shoulder2": {
				"rgba": [
					{ "color": "000000ff", "curve": "stepped" },
					{ "time": 0.0333, "color": "000000ff" }
				],
				"attachment": [
					{ "name": "shoulder" },
					{ "time": 0.0333, "name": "shoulder" }
				]
			},
			"shoulder3": {
				"rgba": [
					{ "color": "000000ff", "curve": "stepped" },
					{ "time": 0.0333, "color": "000000ff" }
				],
				"attachment": [
					{ "name": "shoulder" },
					{ "time": 0.0333, "name": "shoulder" }
				]
			},
			"shoulder4": {
				"rgba": [
					{ "color": "000000ff", "curve": "stepped" },
					{ "time": 0.0333, "color": "000000ff" }
				],
				"attachment": [
					{ "name": "shoulder" },
					{ "time": 0.0333, "name": "shoulder" }
				]
			},
			"thigh": {
				"rgba": [
					{ "color": "000000ff", "curve": "stepped" },
					{ "time": 0.0333, "color": "000000ff" }
				]
			},
			"thigh2": {
				"rgba": [
					{ "color": "000000ff", "curve": "stepped" },
					{ "time": 0.0333, "color": "000000ff" }
				]
			},
			"thigh3": {
				"rgba": [
					{ "color": "000000ff", "curve": "stepped" },
					{ "time": 0.0333, "color": "000000ff" }
				]
			},
			"thigh4": {
				"rgba": [
					{ "color": "000000ff", "curve": "stepped" },
					{ "time": 0.0333, "color": "000000ff" }
				]
			}
		},
		"bones": {
			"head": {
				"rotate": [
					{ "value": -5.9, "curve": "stepped" },
					{ "time": 0.0333, "value": -5.9 }
				],
				"translate": [
					{ "x": -31.81, "y": -13.88, "curve": "stepped" },
					{ "time": 0.0333, "x": -31.81, "y": -13.88 }
				],
				"scale": [
					{ "curve": "stepped" },
					{ "time": 0.0333 }
				]
			},
			"root": {
				"rotate": [
					{ "curve": "stepped" },
					{ "time": 0.0333 }
				],
				"translate": [
					{ "curve": "stepped" },
					{ "time": 0.0333 }
				]
			},
			"main": {
				"rotate": [
					{ "value": -14.99, "curve": "stepped" },
					{ "time": 0.0333, "value": -14.99 }
				],
				"translate": [
					{ "x": -2.89, "y": -50.23, "curve": "stepped" },
					{ "time": 0.0333, "x": -2.89, "y": -50.23 }
				]
			},
			"hip": {
				"rotate": [
					{ "curve": "stepped" },
					{ "time": 0.0333 }
				],
				"translate": [
					{ "curve": "stepped" },
					{ "time": 0.0333 }
				]
			},
			"body": {
				"rotate": [
					{ "value": 10.32, "curve": "stepped" },
					{ "time": 0.0333, "value": 10.32 }
				],
				"translate": [
					{ "curve": "stepped" },
					{ "time": 0.0333 }
				]
			},
			"body2": {
				"rotate": [
					{ "value": 3.77, "curve": "stepped" },
					{ "time": 0.0333, "value": 3.77 }
				],
				"translate": [
					{ "curve": "stepped" },
					{ "time": 0.0333 }
				]
			},
			"body3": {
				"rotate": [
					{ "value": 3.77, "curve": "stepped" },
					{ "time": 0.0333, "value": 3.77 }
				],
				"translate": [
					{ "curve": "stepped" },
					{ "time": 0.0333 }
				]
			},
			"body4": {
				"rotate": [
					{ "value": 2.86, "curve": "stepped" },
					{ "time": 0.0333, "value": 2.86 }
				],
				"translate": [
					{ "curve": "stepped" },
					{ "time": 0.0333 }
				]
			},
			"body5": {
				"rotate": [
					{ "value": 0.79, "curve": "stepped" },
					{ "time": 0.0333, "value": 0.79 }
				],
				"translate": [
					{ "curve": "stepped" },
					{ "time": 0.0333 }
				]
			},
			"body6": {
				"rotate": [
					{ "value": 4.35, "curve": "stepped" },
					{ "time": 0.0333, "value": 4.35 }
				],
				"translate": [
					{ "curve": "stepped" },
					{ "time": 0.0333 }
				]
			},
			"body7": {
				"rotate": [
					{ "value": 3.77, "curve": "stepped" },
					{ "time": 0.0333, "value": 3.77 }
				],
				"translate": [
					{ "curve": "stepped" },
					{ "time": 0.0333 }
				]
			},
			"body8": {
				"rotate": [
					{ "value": 3.77, "curve": "stepped" },
					{ "time": 0.0333, "value": 3.77 }
				],
				"translate": [
					{ "curve": "stepped" },
					{ "time": 0.0333 }
				]
			},
			"feeling_3": {
				"rotate": [
					{ "value": 173.61, "curve": "stepped" },
					{ "time": 0.0333, "value": 173.61 }
				],
				"translate": [
					{ "x": 45.09, "y": -148.38, "curve": "stepped" },
					{ "time": 0.0333, "x": 45.09, "y": -148.38 }
				],
				"scale": [
					{ "x": -1.786, "y": 1.786, "curve": "stepped" },
					{ "time": 0.0333, "x": -1.786, "y": 1.786 }
				]
			},
			"emoji": {
				"rotate": [
					{ "value": -12.63, "curve": "stepped" },
					{ "time": 0.0333, "value": -12.63 }
				],
				"translate": [
					{ "x": 1.19, "y": -4.33, "curve": "stepped" },
					{ "time": 0.0333, "x": 1.19, "y": -4.33 }
				],
				"scale": [
					{ "x": -1, "curve": "stepped" },
					{ "time": 0.0333, "x": -1 }
				]
			},
			"shouder_1": {
				"rotate": [
					{ "value": -67.77, "curve": "stepped" },
					{ "time": 0.0333, "value": -67.77 }
				],
				"translate": [
					{ "x": 21.05, "y": 1, "curve": "stepped" },
					{ "time": 0.0333, "x": 21.05, "y": 1 }
				],
				"scale": [
					{ "curve": "stepped" },
					{ "time": 0.0333 }
				],
				"shear": [
					{ "y": 1, "curve": "stepped" },
					{ "time": 0.0333, "y": 1 }
				]
			},
			"arm_1": {
				"rotate": [
					{ "value": -27.9, "curve": "stepped" },
					{ "time": 0.0333, "value": -27.9 }
				],
				"translate": [
					{ "x": 2.02, "y": 0.08, "curve": "stepped" },
					{ "time": 0.0333, "x": 2.02, "y": 0.08 }
				],
				"scale": [
					{ "curve": "stepped" },
					{ "time": 0.0333 }
				]
			},
			"shouder_2": {
				"rotate": [
					{ "value": 63.14, "curve": "stepped" },
					{ "time": 0.0333, "value": 63.14 }
				],
				"translate": [
					{ "x": 24.9, "y": -1.15, "curve": "stepped" },
					{ "time": 0.0333, "x": 24.9, "y": -1.15 }
				],
				"scale": [
					{ "x": 0.965, "curve": "stepped" },
					{ "time": 0.0333, "x": 0.965 }
				]
			},
			"arm_2": {
				"rotate": [
					{ "value": -28.65, "curve": "stepped" },
					{ "time": 0.0333, "value": -28.65 }
				],
				"scale": [
					{ "curve": "stepped" },
					{ "time": 0.0333 }
				]
			},
			"thigh_1": {
				"rotate": [
					{ "value": -6.18, "curve": "stepped" },
					{ "time": 0.0333, "value": -6.18 }
				],
				"translate": [
					{ "curve": "stepped" },
					{ "time": 0.0333 }
				],
				"scale": [
					{ "x": 0.94, "curve": "stepped" },
					{ "time": 0.0333, "x": 0.94 }
				]
			},
			"leg_1": {
				"rotate": [
					{ "value": 5.22, "curve": "stepped" },
					{ "time": 0.0333, "value": 5.22 }
				],
				"translate": [
					{ "curve": "stepped" },
					{ "time": 0.0333 }
				]
			},
			"thigh_2": {
				"rotate": [
					{ "value": 2.51, "curve": "stepped" },
					{ "time": 0.0333, "value": 2.51 }
				],
				"translate": [
					{ "curve": "stepped" },
					{ "time": 0.0333 }
				],
				"scale": [
					{ "curve": "stepped" },
					{ "time": 0.0333 }
				]
			},
			"leg_2": {
				"rotate": [
					{ "value": 3.66, "curve": "stepped" },
					{ "time": 0.0333, "value": 3.66 }
				],
				"translate": [
					{ "curve": "stepped" },
					{ "time": 0.0333 }
				]
			},
			"foot_2": {
				"rotate": [
					{ "curve": "stepped" },
					{ "time": 0.0333 }
				],
				"translate": [
					{ "x": -83.2, "y": -5.71, "curve": "stepped" },
					{ "time": 0.0333, "x": -83.2, "y": -5.71 }
				]
			},
			"foot_3": {
				"rotate": [
					{ "value": 4.17, "curve": "stepped" },
					{ "time": 0.0333, "value": 4.17 }
				],
				"translate": [
					{ "x": 102.9, "y": 4.15, "curve": "stepped" },
					{ "time": 0.0333, "x": 102.9, "y": 4.15 }
				]
			},
			"feeling_5": {
				"rotate": [
					{ "value": -139.56, "curve": "stepped" },
					{ "time": 0.0333, "value": -139.56 }
				],
				"translate": [
					{ "x": 49.13, "y": 82.12, "curve": "stepped" },
					{ "time": 0.0333, "x": 49.13, "y": 82.12 }
				],
				"scale": [
					{ "x": 0.531, "y": 0.531, "curve": "stepped" },
					{ "time": 0.0333, "x": 0.531, "y": 0.531 }
				]
			},
			"feeling_1": {
				"rotate": [
					{ "value": 65.95, "curve": "stepped" },
					{ "time": 0.0333, "value": 65.95 }
				],
				"translate": [
					{ "x": -52.44, "y": -236.14, "curve": "stepped" },
					{ "time": 0.0333, "x": -52.44, "y": -236.14 }
				],
				"scale": [
					{ "x": -0.743, "y": 0.743, "curve": "stepped" },
					{ "time": 0.0333, "x": -0.743, "y": 0.743 }
				]
			},
			"feeling_2": {
				"rotate": [
					{ "curve": "stepped" },
					{ "time": 0.0333 }
				],
				"translate": [
					{ "curve": "stepped" },
					{ "time": 0.0333 }
				],
				"scale": [
					{ "curve": "stepped" },
					{ "time": 0.0333 }
				]
			},
			"item_1": {
				"translate": [
					{ "x": -23.15, "y": -318.71, "curve": "stepped" },
					{ "time": 0.0333, "x": -23.15, "y": -318.71 }
				],
				"scale": [
					{ "x": -0.88, "y": 0.88, "curve": "stepped" },
					{ "time": 0.0333, "x": -0.88, "y": 0.88 }
				]
			},
			"move": {
				"translate": [
					{ "x": 119.99, "y": -0.41, "curve": "stepped" },
					{ "time": 0.0333, "x": 119.99, "y": -0.41 }
				]
			}
		},
		"ik": {
			"foot_1": [
				{
					"stretch": true,
					"curve": [ 0.008, 1, 0.025, 1, 0.008, 0, 0.025, 0 ]
				},
				{ "time": 0.0333, "stretch": true }
			],
			"foot_2": [
				{
					"stretch": true,
					"curve": [ 0.008, 1, 0.025, 1, 0.008, 0, 0.025, 0 ]
				},
				{ "time": 0.0333, "stretch": true }
			]
		},
		"drawOrder": [
			{
				"offsets": [
					{ "slot": "item", "offset": 6 },
					{ "slot": "shoulder4", "offset": 12 },
					{ "slot": "thigh4", "offset": -4 }
				]
			},
			{
				"time": 0.0333,
				"offsets": [
					{ "slot": "item", "offset": 6 },
					{ "slot": "shoulder4", "offset": 12 },
					{ "slot": "thigh4", "offset": -4 }
				]
			}
		]
	}
}
}