{"frames": [

{
	"filename": "ban_lam_viec",
	"frame": {"x":1,"y":1,"w":403,"h":174},
	"rotated": false,
	"trimmed": false,
	"spriteSourceSize": {"x":0,"y":0,"w":403,"h":174},
	"sourceSize": {"w":403,"h":174}
},
{
	"filename": "bg",
	"frame": {"x":405,"y":38,"w":41,"h":1081},
	"rotated": false,
	"trimmed": false,
	"spriteSourceSize": {"x":0,"y":0,"w":41,"h":1081},
	"sourceSize": {"w":41,"h":1081}
},
{
	"filename": "diem_neo_dong_ho",
	"frame": {"x":390,"y":1120,"w":114,"h":114},
	"rotated": false,
	"trimmed": true,
	"spriteSourceSize": {"x":7,"y":7,"w":114,"h":114},
	"sourceSize": {"w":128,"h":128}
},
{
	"filename": "diem_neo_dong_ho_hot",
	"frame": {"x":1,"y":1375,"w":128,"h":128},
	"rotated": false,
	"trimmed": false,
	"spriteSourceSize": {"x":0,"y":0,"w":128,"h":128},
	"sourceSize": {"w":128,"h":128}
},
{
	"filename": "giay_1",
	"frame": {"x":243,"y":1208,"w":141,"h":55},
	"rotated": false,
	"trimmed": true,
	"spriteSourceSize": {"x":7,"y":7,"w":141,"h":55},
	"sourceSize": {"w":155,"h":69}
},
{
	"filename": "giay_1_hot",
	"frame": {"x":243,"y":978,"w":154,"h":68},
	"rotated": false,
	"trimmed": true,
	"spriteSourceSize": {"x":0,"y":0,"w":154,"h":68},
	"sourceSize": {"w":155,"h":69}
},
{
	"filename": "giay_2",
	"frame": {"x":243,"y":1264,"w":132,"h":72},
	"rotated": false,
	"trimmed": true,
	"spriteSourceSize": {"x":7,"y":7,"w":132,"h":72},
	"sourceSize": {"w":146,"h":86}
},
{
	"filename": "giay_2_hot",
	"frame": {"x":243,"y":1123,"w":144,"h":84},
	"rotated": false,
	"trimmed": true,
	"spriteSourceSize": {"x":1,"y":1,"w":144,"h":84},
	"sourceSize": {"w":146,"h":86}
},
{
	"filename": "giay_3",
	"frame": {"x":243,"y":1047,"w":146,"h":75},
	"rotated": false,
	"trimmed": true,
	"spriteSourceSize": {"x":7,"y":7,"w":146,"h":75},
	"sourceSize": {"w":160,"h":89}
},
{
	"filename": "giay_3_hot",
	"frame": {"x":243,"y":890,"w":159,"h":87},
	"rotated": false,
	"trimmed": true,
	"spriteSourceSize": {"x":0,"y":1,"w":159,"h":87},
	"sourceSize": {"w":160,"h":89}
},
{
	"filename": "giay_4",
	"frame": {"x":243,"y":1337,"w":113,"h":54},
	"rotated": false,
	"trimmed": true,
	"spriteSourceSize": {"x":7,"y":7,"w":113,"h":54},
	"sourceSize": {"w":127,"h":68}
},
{
	"filename": "giay_4_hot",
	"frame": {"x":385,"y":1235,"w":125,"h":66},
	"rotated": false,
	"trimmed": true,
	"spriteSourceSize": {"x":1,"y":1,"w":125,"h":66},
	"sourceSize": {"w":127,"h":68}
},
{
	"filename": "may_photo_mo",
	"frame": {"x":1,"y":540,"w":384,"h":349},
	"rotated": false,
	"trimmed": true,
	"spriteSourceSize": {"x":7,"y":7,"w":384,"h":349},
	"sourceSize": {"w":398,"h":363}
},
{
	"filename": "may_photo_mo_hot",
	"frame": {"x":1,"y":176,"w":398,"h":363},
	"rotated": false,
	"trimmed": false,
	"spriteSourceSize": {"x":0,"y":0,"w":398,"h":363},
	"sourceSize": {"w":398,"h":363}
},
{
	"filename": "robot_lau_don",
	"frame": {"x":130,"y":1392,"w":192,"h":100},
	"rotated": false,
	"trimmed": false,
	"spriteSourceSize": {"x":0,"y":0,"w":192,"h":100},
	"sourceSize": {"w":192,"h":100}
},
{
	"filename": "tu_dung_tai_lieu",
	"frame": {"x":1,"y":890,"w":241,"h":484},
	"rotated": false,
	"trimmed": false,
	"spriteSourceSize": {"x":0,"y":0,"w":241,"h":484},
	"sourceSize": {"w":241,"h":484}
},
{
	"filename": "usb",
	"frame": {"x":405,"y":1,"w":83,"h":36},
	"rotated": false,
	"trimmed": false,
	"spriteSourceSize": {"x":0,"y":0,"w":83,"h":36},
	"sourceSize": {"w":83,"h":36}
},
{
	"filename": "xap_tai_lieu",
	"frame": {"x":376,"y":1302,"w":128,"h":154},
	"rotated": false,
	"trimmed": false,
	"spriteSourceSize": {"x":0,"y":0,"w":128,"h":154},
	"sourceSize": {"w":128,"h":154}
}],
"meta": {
	"app": "https://www.codeandweb.com/texturepacker",
	"version": "1.0",
	"image": "props.png",
	"format": "RGBA8888",
	"size": {"w":511,"h":1504},
	"scale": "1",
	"smartupdate": "$TexturePacker:SmartUpdate:3f6c205e66485775d511a5b61a6cb287:b9513058859a137346dbcc341382a4a9:f4c39b94f5b79b4c461da96ae5609d50$"
}
}
