{
"skeleton": { "hash": "dbLs/rMjzq8", "spine": "4.1.24", "x": -388.28, "y": -425.09, "width": 724.41, "height": 1282.48 },
"bones": [
	{ "name": "root", "rotation": 0.2 },
	{ "name": "move", "parent": "root", "x": -119.99, "scaleX": -1 },
	{ "name": "main", "parent": "move", "y": 256.6 },
	{ "name": "hip", "parent": "main" },
	{ "name": "body", "parent": "hip", "length": 26.97, "rotation": 90 },
	{ "name": "body2", "parent": "body", "length": 26.97, "x": 26.97 },
	{ "name": "body3", "parent": "body2", "length": 26.97, "x": 26.97 },
	{ "name": "body4", "parent": "body3", "length": 26.97, "rotation": -0.06, "x": 26.97 },
	{ "name": "body5", "parent": "body4", "length": 26.97, "x": 26.97 },
	{ "name": "body6", "parent": "body5", "length": 26.97, "x": 26.97 },
	{ "name": "body7", "parent": "body6", "length": 26.97, "x": 26.97 },
	{ "name": "body8", "parent": "body7", "length": 26.97, "x": 26.97 },
	{ "name": "head", "parent": "body8", "length": 135.67, "x": 24.75 },
	{ "name": "feeling_3", "parent": "head", "rotation": -0.18, "x": 87.53, "y": 30.96 },
	{ "name": "emoji", "parent": "head", "rotation": -90, "x": 62, "y": 1.49 },
	{ "name": "shouder_1", "parent": "body7", "length": 100.06, "rotation": -90, "x": 15.39, "y": 0.02 },
	{ "name": "arm_1", "parent": "shouder_1", "length": 100.06, "x": 94.79 },
	{ "name": "shouder_2", "parent": "body7", "length": 100.06, "rotation": 90, "x": 15.39, "y": 0.02 },
	{ "name": "arm_2", "parent": "shouder_2", "length": 100.06, "x": 94.79 },
	{ "name": "thigh_1", "parent": "main", "length": 134.15, "rotation": -90, "x": -0.54, "y": 4.23 },
	{ "name": "leg_1", "parent": "thigh_1", "length": 134.15, "x": 128.14 },
	{ "name": "thigh_2", "parent": "main", "length": 134.15, "rotation": -90, "x": -0.1, "y": 4.23 },
	{ "name": "leg_2", "parent": "thigh_2", "length": 134.15, "x": 128.14 },
	{ "name": "foot_2", "parent": "move", "x": 0.16, "y": -2.18 },
	{ "name": "foot_3", "parent": "move", "x": 0.1, "y": -2.12 },
	{
		"name": "feeling_5",
		"parent": "head",
		"rotation": -0.18,
		"x": 87.53,
		"y": -25.11,
		"scaleX": 2,
		"scaleY": 2
	},
	{ "name": "item_1", "parent": "move", "x": -1.93, "y": 450.24 },
	{ "name": "feeling_1", "parent": "main", "rotation": -20.17, "x": 72.35, "y": 376.02 },
	{ "name": "feeling_2", "parent": "main", "rotation": -20.17, "x": 72.35, "y": 376.02 },
	{ "name": "hair_1", "parent": "main", "rotation": 0.07, "x": -120, "y": -254.77 },
	{
		"name": "feeling_4",
		"parent": "head",
		"rotation": -0.18,
		"x": 87.53,
		"y": -25.11,
		"scaleX": 2,
		"scaleY": 2
	},
	{ "name": "item_tay", "parent": "arm_2", "x": 101.01, "y": -1.25 }
],
"slots": [
	{ "name": "bg_gane_play", "bone": "root", "color": "ffffff4f" },
	{ "name": "item", "bone": "item_1" },
	{ "name": "body", "bone": "hip", "color": "000000ff", "attachment": "body" },
	{ "name": "shoulder1", "bone": "shouder_1", "color": "000000ff" },
	{ "name": "shoulder3", "bone": "shouder_2", "color": "000000ff" },
	{ "name": "shoulder2", "bone": "arm_1", "color": "000000ff" },
	{ "name": "shoulder4", "bone": "arm_2", "color": "000000ff" },
	{ "name": "thigh", "bone": "thigh_1", "color": "000000ff", "attachment": "thigh" },
	{ "name": "thigh3", "bone": "thigh_2", "color": "000000ff", "attachment": "thigh" },
	{ "name": "thigh2", "bone": "leg_1", "color": "000000ff", "attachment": "thigh" },
	{ "name": "thigh4", "bone": "leg_2", "color": "000000ff", "attachment": "thigh" },
	{ "name": "head", "bone": "head", "attachment": "head" },
	{ "name": "hair", "bone": "hair_1" },
	{ "name": "Emoji", "bone": "emoji" },
	{ "name": "feeling_3", "bone": "feeling_3", "color": "000000ff" },
	{ "name": "feeling_5", "bone": "feeling_5" },
	{ "name": "feeling_4", "bone": "feeling_4" },
	{ "name": "feeling_1", "bone": "feeling_1" },
	{ "name": "feeling_2", "bone": "feeling_2" },
	{ "name": "item_tay", "bone": "item_tay" }
],
"ik": [
	{
		"name": "foot_1",
		"bones": [ "thigh_1", "leg_1" ],
		"target": "foot_2",
		"mix": 0,
		"stretch": true
	},
	{
		"name": "foot_2",
		"order": 1,
		"bones": [ "thigh_2", "leg_2" ],
		"target": "foot_3",
		"mix": 0,
		"stretch": true
	}
],
"skins": [
	{
		"name": "default",
		"attachments": {
			"body": {
				"body": {
					"type": "mesh",
					"uvs": [ 1, 1, 0, 1, 0, 0.875, 0, 0.75, 0, 0.625, 0, 0.5, 0, 0.375, 0, 0.25, 0, 0.125, 0, 0, 1, 0, 1, 0.125, 1, 0.25, 1, 0.375, 1, 0.5, 1, 0.625, 1, 0.75, 1, 0.875 ],
					"triangles": [ 8, 9, 10, 11, 8, 10, 7, 8, 11, 12, 7, 11, 6, 7, 12, 13, 6, 12, 5, 6, 13, 14, 5, 13, 4, 5, 14, 15, 4, 14, 3, 4, 15, 16, 3, 15, 2, 3, 16, 17, 2, 16, 1, 2, 17, 0, 1, 17 ],
					"vertices": [ 1, 4, -1.7, -5.5, 1, 1, 4, -1.7, 5.5, 1, 2, 4, 25.68, 5.5, 0.70301, 5, -1.29, 5.5, 0.29699, 2, 5, 26.08, 5.5, 0.65569, 6, -0.88, 5.5, 0.34431, 2, 6, 26.49, 5.5, 0.55905, 7, -0.48, 5.5, 0.44095, 2, 7, 26.9, 5.5, 0.51367, 8, -0.07, 5.5, 0.48633, 2, 8, 27.3, 5.5, 0.41705, 9, 0.33, 5.5, 0.58295, 2, 9, 27.71, 5.5, 0.38565, 10, 0.74, 5.5, 0.61435, 2, 10, 28.11, 5.5, 0.36868, 11, 1.14, 5.5, 0.63132, 1, 11, 28.52, 5.5, 1, 1, 11, 28.52, -5.5, 1, 2, 10, 28.11, -5.5, 0.3064, 11, 1.14, -5.5, 0.6936, 2, 9, 27.71, -5.5, 0.40945, 10, 0.74, -5.5, 0.59055, 2, 8, 27.3, -5.5, 0.44404, 9, 0.33, -5.5, 0.55596, 2, 7, 26.9, -5.5, 0.52991, 8, -0.07, -5.5, 0.47009, 2, 6, 26.49, -5.5, 0.58474, 7, -0.48, -5.5, 0.41526, 2, 5, 26.08, -5.5, 0.62061, 6, -0.88, -5.5, 0.37939, 2, 4, 25.68, -5.5, 0.65664, 5, -1.29, -5.5, 0.34336 ],
					"hull": 18
				}
			},
			"Emoji": {
				"Emoji/emo_18b": { "x": 0.5, "width": 87, "height": 64 },
				"Emoji/emo_30": { "x": 0.5, "y": 0.5, "width": 141, "height": 117 },
				"Emoji/emo_68b": { "width": 110, "height": 142 },
				"Emoji/emo_90": { "y": 0.5, "width": 86, "height": 91 },
				"Emoji/new/emo_30": { "x": -0.5, "rotation": -2.25, "width": 121, "height": 96 },
				"Emoji/new/emo_60": { "x": 0.5, "y": 0.5, "scaleX": -1, "width": 80, "height": 116 }
			},
			"feeling_1": {
				"Emoji/hoi_cham": { "scaleX": 1.6014, "scaleY": 1.3256, "width": 30, "height": 52 },
				"rung": { "x": 0.5, "rotation": 13.67, "width": 18, "height": 51 },
				"scare": { "scaleX": 1.3955, "scaleY": 1.3955, "rotation": 19.99, "width": 80, "height": 83 }
			},
			"feeling_2": {
				"cauco": { "y": 0.5, "width": 50, "height": 45 },
				"Emoji/hoi_cham": { "width": 30, "height": 52 }
			},
			"feeling_3": {
				"Emoji/hoi_cham": { "width": 30, "height": 52 },
				"giat_minh": { "rotation": -96.51, "width": 70, "height": 66 }
			},
			"feeling_4": {
				"giat_minh": { "width": 70, "height": 66 },
				"mo_hoi": { "width": 19, "height": 41 }
			},
			"feeling_5": {
				"rung": { "x": 0.5, "width": 18, "height": 51 },
				"scare": { "y": 0.5, "width": 80, "height": 83 }
			},
			"hair": {
				"hair/man/mu_13": { "x": 0.5, "width": 135, "height": 89 },
				"hair/man/mu_15": { "x": 0.5, "width": 135, "height": 89 }
			},
			"head": {
				"head": { "x": 68.85, "rotation": -89.87, "width": 144, "height": 144 }
			},
			"shoulder1": {
				"shoulder": { "x": 49.22, "rotation": -90, "width": 15, "height": 105 }
			},
			"shoulder2": {
				"shoulder": { "x": 49.22, "rotation": -90, "width": 15, "height": 105 }
			},
			"shoulder3": {
				"shoulder": { "x": 49.22, "rotation": -90, "width": 15, "height": 105 }
			},
			"shoulder4": {
				"shoulder": { "x": 50.57, "rotation": -90, "width": 15, "height": 105 }
			},
			"thigh": {
				"thigh": { "x": 66.01, "rotation": -90, "width": 14, "height": 137 }
			},
			"thigh2": {
				"thigh": { "x": 66.01, "rotation": -90, "width": 14, "height": 137 }
			},
			"thigh3": {
				"thigh": { "x": 66.01, "rotation": -90, "width": 14, "height": 137 }
			},
			"thigh4": {
				"thigh": { "x": 66.01, "rotation": -90, "width": 14, "height": 137 }
			}
		}
	}
],
"animations": {
	"t_144_1_be": {
		"slots": {
			"body": {
				"rgba": [
					{ "color": "000000ff" }
				]
			},
			"Emoji": {
				"attachment": [
					{ "name": "Emoji/emo_18b" }
				]
			},
			"feeling_1": {
				"attachment": [
					{}
				]
			},
			"feeling_2": {
				"attachment": [
					{ "name": "cauco" }
				]
			},
			"feeling_3": {
				"rgba": [
					{ "color": "ffffffff" }
				],
				"attachment": [
					{}
				]
			},
			"feeling_5": {
				"rgba": [
					{ "color": "000000ff" }
				],
				"attachment": [
					{}
				]
			},
			"hair": {
				"attachment": [
					{ "name": "hair/man/mu_13" }
				]
			},
			"head": {
				"rgba": [
					{ "color": "ffffffff" }
				],
				"attachment": [
					{ "name": "head" }
				]
			},
			"item": {
				"attachment": [
					{}
				]
			},
			"shoulder1": {
				"rgba": [
					{ "color": "000000ff" }
				],
				"attachment": [
					{ "name": "shoulder" }
				]
			},
			"shoulder2": {
				"rgba": [
					{ "color": "000000ff" }
				],
				"attachment": [
					{ "name": "shoulder" }
				]
			},
			"shoulder3": {
				"rgba": [
					{ "color": "000000ff" }
				],
				"attachment": [
					{}
				]
			},
			"shoulder4": {
				"rgba": [
					{ "color": "000000ff" }
				],
				"attachment": [
					{}
				]
			},
			"thigh": {
				"rgba": [
					{ "color": "000000ff" }
				]
			},
			"thigh2": {
				"rgba": [
					{ "color": "000000ff" }
				]
			},
			"thigh3": {
				"rgba": [
					{ "color": "000000ff" }
				]
			},
			"thigh4": {
				"rgba": [
					{ "color": "000000ff" }
				]
			}
		},
		"bones": {
			"head": {
				"rotate": [
					{ "value": 173.53 }
				],
				"translate": [
					{ "x": -14.89, "y": -3.94 }
				],
				"scale": [
					{ "x": -1 }
				]
			},
			"root": {
				"rotate": [
					{}
				],
				"translate": [
					{}
				]
			},
			"main": {
				"rotate": [
					{ "value": 1.29 }
				],
				"translate": [
					{ "x": -5.53, "y": -16.67 }
				]
			},
			"hip": {
				"rotate": [
					{}
				],
				"translate": [
					{}
				]
			},
			"body": {
				"rotate": [
					{ "value": 0.33 }
				],
				"translate": [
					{}
				]
			},
			"body2": {
				"rotate": [
					{ "value": 0.33 }
				],
				"translate": [
					{}
				]
			},
			"body3": {
				"rotate": [
					{ "value": 0.33 }
				],
				"translate": [
					{}
				]
			},
			"body4": {
				"rotate": [
					{ "value": -0.58 }
				],
				"translate": [
					{}
				]
			},
			"body5": {
				"rotate": [
					{ "value": -2.64 }
				],
				"translate": [
					{}
				]
			},
			"body6": {
				"rotate": [
					{ "value": 0.91 }
				],
				"translate": [
					{}
				]
			},
			"body7": {
				"rotate": [
					{ "value": 0.33 }
				],
				"translate": [
					{}
				]
			},
			"body8": {
				"rotate": [
					{ "value": 0.33 }
				],
				"translate": [
					{}
				]
			},
			"feeling_3": {
				"rotate": [
					{ "value": -35.09 }
				],
				"translate": [
					{ "x": -30.67, "y": -135.72 }
				],
				"scale": [
					{ "x": 1.055, "y": 1.055 }
				]
			},
			"emoji": {
				"rotate": [
					{ "value": 9.41 }
				],
				"translate": [
					{ "x": -4.08, "y": -14.13 }
				],
				"scale": [
					{ "x": -1.054, "y": 1.054 }
				]
			},
			"shouder_1": {
				"rotate": [
					{ "value": -51.76 }
				],
				"translate": [
					{ "x": 20.08, "y": -0.01 }
				],
				"scale": [
					{ "x": 1.037 }
				],
				"shear": [
					{}
				]
			},
			"arm_1": {
				"rotate": [
					{ "value": -73.06 }
				],
				"translate": [
					{ "x": 2.02, "y": 0.08 }
				],
				"scale": [
					{ "x": 1.115, "y": 1.115 }
				]
			},
			"shouder_2": {
				"rotate": [
					{ "value": 63.69 }
				],
				"translate": [
					{ "x": 7.78, "y": -0.12 }
				],
				"scale": [
					{ "x": 1.037 }
				]
			},
			"arm_2": {
				"rotate": [
					{ "value": -29.72 }
				],
				"translate": [
					{}
				],
				"scale": [
					{}
				]
			},
			"thigh_1": {
				"rotate": [
					{ "value": -44.84 }
				],
				"translate": [
					{}
				]
			},
			"leg_1": {
				"rotate": [
					{ "value": 45.63 }
				],
				"translate": [
					{}
				]
			},
			"thigh_2": {
				"rotate": [
					{ "value": -37.54 }
				],
				"translate": [
					{}
				],
				"scale": [
					{}
				]
			},
			"leg_2": {
				"rotate": [
					{ "value": 38.6 }
				],
				"translate": [
					{}
				]
			},
			"foot_2": {
				"rotate": [
					{ "value": -3.46 }
				],
				"translate": [
					{ "x": -54.9, "y": 0.81 }
				]
			},
			"foot_3": {
				"rotate": [
					{}
				],
				"translate": [
					{ "x": 55.93, "y": 3.13 }
				]
			},
			"feeling_5": {
				"rotate": [
					{ "value": -104.05 }
				],
				"translate": [
					{ "x": 55.55, "y": -67.55 }
				],
				"scale": [
					{ "x": 0.389, "y": 0.389 }
				]
			},
			"move": {
				"translate": [
					{ "x": 119.99, "y": -0.27 }
				],
				"scale": [
					{ "x": -1 }
				]
			},
			"feeling_1": {
				"rotate": [
					{ "value": -5.01 }
				],
				"translate": [
					{ "x": 24.16, "y": -46.01 }
				],
				"scale": [
					{ "x": 1.033, "y": 1.033 }
				]
			},
			"feeling_2": {
				"rotate": [
					{ "value": 38.59 }
				],
				"translate": [
					{ "x": 6.75, "y": -76.15 }
				],
				"scale": [
					{ "x": -1.04, "y": 1.04 }
				]
			},
			"item_1": {
				"rotate": [
					{ "value": -3.55 }
				],
				"translate": [
					{ "x": -1.13, "y": 91.38 }
				],
				"scale": [
					{ "x": 1.073, "y": 1.073 }
				]
			},
			"hair_1": {
				"rotate": [
					{ "value": -7.9 }
				],
				"translate": [
					{ "x": 162.01, "y": 533.73 }
				],
				"scale": [
					{ "x": 1.403, "y": 1.403 }
				]
			}
		},
		"ik": {
			"foot_1": [
				{ "stretch": true }
			],
			"foot_2": [
				{ "stretch": true }
			]
		},
		"drawOrder": [
			{
				"offsets": [
					{ "slot": "item", "offset": 17 },
					{ "slot": "shoulder2", "offset": 11 },
					{ "slot": "shoulder4", "offset": 11 },
					{ "slot": "Emoji", "offset": 0 },
					{ "slot": "feeling_3", "offset": 0 }
				]
			}
		]
	},
	"t_144_1_lose": {
		"slots": {
			"body": {
				"rgba": [
					{ "color": "000000ff" }
				]
			},
			"Emoji": {
				"attachment": [
					{ "name": "Emoji/emo_30" }
				]
			},
			"feeling_1": {
				"attachment": [
					{ "name": "scare" }
				]
			},
			"feeling_2": {
				"attachment": [
					{}
				]
			},
			"feeling_3": {
				"rgba": [
					{ "color": "ffffffff" }
				],
				"attachment": [
					{ "name": "giat_minh" }
				]
			},
			"feeling_5": {
				"rgba": [
					{ "color": "ffffffff" }
				],
				"attachment": [
					{}
				]
			},
			"hair": {
				"attachment": [
					{ "name": "hair/man/mu_13" }
				]
			},
			"head": {
				"rgba": [
					{ "color": "ffffffff" }
				],
				"attachment": [
					{ "name": "head" }
				]
			},
			"item": {
				"attachment": [
					{}
				]
			},
			"shoulder1": {
				"rgba": [
					{ "color": "000000ff" }
				],
				"attachment": [
					{ "name": "shoulder" }
				]
			},
			"shoulder2": {
				"rgba": [
					{ "color": "000000ff" }
				],
				"attachment": [
					{ "name": "shoulder" }
				]
			},
			"shoulder3": {
				"rgba": [
					{ "color": "000000ff" }
				],
				"attachment": [
					{ "name": "shoulder" }
				]
			},
			"shoulder4": {
				"rgba": [
					{ "color": "000000ff" }
				],
				"attachment": [
					{ "name": "shoulder" }
				]
			},
			"thigh": {
				"rgba": [
					{ "color": "000000ff" }
				]
			},
			"thigh2": {
				"rgba": [
					{ "color": "000000ff" }
				]
			},
			"thigh3": {
				"rgba": [
					{ "color": "000000ff" }
				]
			},
			"thigh4": {
				"rgba": [
					{ "color": "000000ff" }
				]
			}
		},
		"bones": {
			"head": {
				"rotate": [
					{ "value": -17.14 }
				],
				"translate": [
					{ "x": -17.05, "y": 16.26 }
				],
				"scale": [
					{}
				]
			},
			"root": {
				"rotate": [
					{}
				],
				"translate": [
					{}
				]
			},
			"main": {
				"rotate": [
					{ "value": 22.56 }
				],
				"translate": [
					{ "x": 0.94, "y": -58.99 }
				]
			},
			"hip": {
				"rotate": [
					{}
				],
				"translate": [
					{}
				]
			},
			"body": {
				"rotate": [
					{ "value": -2.47 }
				],
				"translate": [
					{}
				]
			},
			"body2": {
				"rotate": [
					{ "value": -2.47 }
				],
				"translate": [
					{}
				]
			},
			"body3": {
				"rotate": [
					{ "value": -2.47 }
				],
				"translate": [
					{}
				]
			},
			"body4": {
				"rotate": [
					{ "value": -3.38 }
				],
				"translate": [
					{}
				]
			},
			"body5": {
				"rotate": [
					{ "value": -5.44 }
				],
				"translate": [
					{}
				]
			},
			"body6": {
				"rotate": [
					{ "value": -1.89 }
				],
				"translate": [
					{}
				]
			},
			"body7": {
				"rotate": [
					{ "value": -2.47 }
				],
				"translate": [
					{}
				]
			},
			"body8": {
				"rotate": [
					{ "value": -2.47 }
				],
				"translate": [
					{}
				]
			},
			"feeling_3": {
				"rotate": [
					{ "value": -20.5 }
				],
				"translate": [
					{ "x": 31.65, "y": -145.7 }
				],
				"scale": [
					{ "x": 0.865, "y": 0.865 }
				]
			},
			"emoji": {
				"rotate": [
					{ "value": 8.95 }
				],
				"translate": [
					{ "x": 8.28, "y": -21.78 }
				],
				"scale": [
					{}
				]
			},
			"shouder_1": {
				"rotate": [
					{ "value": -168 }
				],
				"translate": [
					{ "x": 5.36, "y": -1.29 }
				],
				"scale": [
					{ "x": 1.037 }
				],
				"shear": [
					{}
				]
			},
			"arm_1": {
				"rotate": [
					{ "value": -22.3 }
				],
				"translate": [
					{ "x": 2.02, "y": 0.08 }
				],
				"scale": [
					{}
				]
			},
			"shouder_2": {
				"rotate": [
					{ "value": -8.18 }
				],
				"translate": [
					{ "x": 7.78, "y": -0.12 }
				],
				"scale": [
					{ "x": 1.037 }
				]
			},
			"arm_2": {
				"rotate": [
					{ "value": -18.97 }
				],
				"translate": [
					{}
				],
				"scale": [
					{}
				]
			},
			"thigh_1": {
				"rotate": [
					{ "value": -44.84 }
				],
				"translate": [
					{}
				]
			},
			"leg_1": {
				"rotate": [
					{ "value": 45.63 }
				],
				"translate": [
					{}
				]
			},
			"thigh_2": {
				"rotate": [
					{ "value": -37.54 }
				],
				"translate": [
					{}
				],
				"scale": [
					{}
				]
			},
			"leg_2": {
				"rotate": [
					{ "value": 38.6 }
				],
				"translate": [
					{}
				]
			},
			"foot_2": {
				"rotate": [
					{ "value": -1.35 }
				],
				"translate": [
					{ "x": -202.12, "y": 59.65 }
				]
			},
			"foot_3": {
				"rotate": [
					{}
				],
				"translate": [
					{ "x": 198.2, "y": 122.83 }
				]
			},
			"feeling_5": {
				"rotate": [
					{ "value": -87.06 }
				],
				"translate": [
					{ "x": -45.56, "y": 56.11 }
				],
				"scale": [
					{ "x": 0.51, "y": 0.51 }
				]
			},
			"move": {
				"translate": [
					{ "x": 119.99 }
				],
				"scale": [
					{}
				]
			},
			"feeling_1": {
				"rotate": [
					{ "value": -10.3 }
				],
				"translate": [
					{ "x": -2.25, "y": -11.06 }
				],
				"scale": [
					{ "x": 1.126, "y": 1.126 }
				]
			},
			"feeling_2": {
				"rotate": [
					{ "value": -2.46 }
				],
				"translate": [
					{ "x": 139.58, "y": -46.21 }
				],
				"scale": [
					{ "x": 1.262, "y": 1.262 }
				]
			},
			"item_1": {
				"rotate": [
					{ "value": 152.31 }
				],
				"translate": [
					{ "x": -106.85, "y": -271.79 }
				]
			},
			"hair_1": {
				"rotate": [
					{ "value": -73.26 }
				],
				"translate": [
					{ "x": 283.51, "y": 600.29 }
				],
				"scale": [
					{ "x": -1.403, "y": 1.403 }
				]
			}
		},
		"ik": {
			"foot_1": [
				{ "stretch": true }
			],
			"foot_2": [
				{ "stretch": true }
			]
		},
		"drawOrder": [
			{
				"offsets": [
					{ "slot": "shoulder1", "offset": 14 },
					{ "slot": "shoulder3", "offset": 0 },
					{ "slot": "shoulder2", "offset": 13 }
				]
			}
		]
	},
	"t_144_1_win": {
		"slots": {
			"body": {
				"rgba": [
					{ "color": "000000ff" }
				]
			},
			"Emoji": {
				"attachment": [
					{ "name": "Emoji/emo_90" }
				]
			},
			"feeling_1": {
				"attachment": [
					{ "name": "rung" }
				]
			},
			"feeling_2": {
				"attachment": [
					{}
				]
			},
			"feeling_3": {
				"rgba": [
					{ "color": "ffffffff" }
				],
				"attachment": [
					{}
				]
			},
			"feeling_4": {
				"attachment": [
					{}
				]
			},
			"feeling_5": {
				"rgba": [
					{ "color": "ffffffff" }
				],
				"attachment": [
					{ "name": "rung" }
				]
			},
			"hair": {
				"attachment": [
					{ "name": "hair/man/mu_13" }
				]
			},
			"head": {
				"rgba": [
					{ "color": "ffffffff" }
				],
				"attachment": [
					{ "name": "head" }
				]
			},
			"item": {
				"attachment": [
					{}
				]
			},
			"shoulder1": {
				"rgba": [
					{ "color": "000000ff" }
				],
				"attachment": [
					{ "name": "shoulder" }
				]
			},
			"shoulder2": {
				"rgba": [
					{ "color": "000000ff" }
				],
				"attachment": [
					{ "name": "shoulder" }
				]
			},
			"shoulder3": {
				"rgba": [
					{ "color": "000000ff" }
				],
				"attachment": [
					{ "name": "shoulder" }
				]
			},
			"shoulder4": {
				"rgba": [
					{ "color": "000000ff" }
				],
				"attachment": [
					{ "name": "shoulder" }
				]
			},
			"thigh": {
				"rgba": [
					{ "color": "000000ff" }
				]
			},
			"thigh2": {
				"rgba": [
					{ "color": "000000ff" }
				]
			},
			"thigh3": {
				"rgba": [
					{ "color": "000000ff" }
				]
			},
			"thigh4": {
				"rgba": [
					{ "color": "000000ff" }
				]
			}
		},
		"bones": {
			"head": {
				"rotate": [
					{ "value": 5.55 }
				],
				"translate": [
					{ "x": -10.1, "y": -0.06 }
				],
				"scale": [
					{}
				]
			},
			"root": {
				"rotate": [
					{}
				],
				"translate": [
					{}
				]
			},
			"main": {
				"rotate": [
					{ "value": 5.65 }
				],
				"translate": [
					{ "x": -8.37, "y": -4.55 }
				]
			},
			"hip": {
				"rotate": [
					{}
				],
				"translate": [
					{}
				]
			},
			"body": {
				"rotate": [
					{ "value": -1.73 }
				],
				"translate": [
					{}
				],
				"scale": [
					{}
				]
			},
			"body2": {
				"rotate": [
					{ "value": -1.73 }
				],
				"translate": [
					{}
				],
				"scale": [
					{}
				]
			},
			"body3": {
				"rotate": [
					{ "value": -1.73 }
				],
				"translate": [
					{}
				],
				"scale": [
					{}
				]
			},
			"body4": {
				"rotate": [
					{ "value": -1.73 }
				],
				"translate": [
					{}
				],
				"scale": [
					{}
				]
			},
			"body5": {
				"rotate": [
					{ "value": -1.73 }
				],
				"translate": [
					{}
				],
				"scale": [
					{}
				]
			},
			"body6": {
				"rotate": [
					{ "value": -1.73 }
				],
				"translate": [
					{}
				],
				"scale": [
					{}
				]
			},
			"body7": {
				"rotate": [
					{ "value": -1.73 }
				],
				"translate": [
					{}
				],
				"scale": [
					{}
				]
			},
			"body8": {
				"rotate": [
					{ "value": -1.73 }
				],
				"translate": [
					{}
				],
				"scale": [
					{}
				]
			},
			"feeling_3": {
				"rotate": [
					{ "value": -15.28 }
				],
				"translate": [
					{ "x": -69.69, "y": -62.8 }
				],
				"scale": [
					{ "x": 0.617, "y": -0.617 }
				]
			},
			"emoji": {
				"rotate": [
					{ "value": 0.92 }
				],
				"translate": [
					{ "x": -0.73, "y": 11.71 }
				],
				"scale": [
					{ "x": -1.161, "y": 1.161 }
				]
			},
			"shouder_1": {
				"rotate": [
					{ "value": -66.75 }
				],
				"translate": [
					{ "x": 26.08, "y": -1.13 }
				],
				"scale": [
					{}
				]
			},
			"arm_1": {
				"rotate": [
					{ "value": -126.55 }
				],
				"translate": [
					{ "x": 2.02, "y": 0.08 }
				],
				"scale": [
					{}
				]
			},
			"shouder_2": {
				"rotate": [
					{ "value": 57.58 }
				],
				"translate": [
					{ "x": 20.65, "y": 2.62 }
				],
				"scale": [
					{}
				]
			},
			"arm_2": {
				"rotate": [
					{ "value": 132.16 }
				],
				"scale": [
					{}
				]
			},
			"thigh_1": {
				"rotate": [
					{ "value": 24.72 }
				],
				"translate": [
					{}
				],
				"scale": [
					{}
				]
			},
			"leg_1": {
				"rotate": [
					{}
				],
				"translate": [
					{}
				]
			},
			"thigh_2": {
				"rotate": [
					{ "value": 39.21 }
				],
				"translate": [
					{}
				],
				"scale": [
					{}
				]
			},
			"leg_2": {
				"rotate": [
					{ "value": 18.14 }
				],
				"translate": [
					{}
				]
			},
			"foot_2": {
				"rotate": [
					{ "value": 5.31 }
				],
				"translate": [
					{ "x": 37.53, "y": 1.44 }
				]
			},
			"foot_3": {
				"rotate": [
					{ "value": 12.32 }
				],
				"translate": [
					{ "x": -40.6, "y": 0.92 }
				]
			},
			"feeling_5": {
				"rotate": [
					{ "value": -57.83 }
				],
				"translate": [
					{ "x": 34.4, "y": -47.15 }
				],
				"scale": [
					{ "x": -0.59, "y": 0.59 }
				],
				"shear": [
					{}
				]
			},
			"feeling_1": {
				"rotate": [
					{ "value": -124.59 }
				],
				"translate": [
					{ "x": -135.42, "y": -257.04 }
				],
				"scale": [
					{ "x": -0.77, "y": 0.77 }
				]
			},
			"move": {
				"translate": [
					{ "x": 119.99 }
				],
				"scale": [
					{ "x": -1 }
				]
			},
			"feeling_2": {
				"rotate": [
					{ "value": 139.42 }
				],
				"translate": [
					{ "x": -235.06, "y": -81.03 }
				],
				"scale": [
					{ "x": 0.879, "y": 0.879 }
				]
			},
			"item_1": {
				"rotate": [
					{ "value": 13.1 }
				],
				"translate": [
					{ "x": -153.54, "y": -4.83 }
				]
			},
			"feeling_4": {
				"rotate": [
					{ "value": -97.01 }
				],
				"translate": [
					{ "x": 74.79, "y": 125.25 }
				],
				"scale": [
					{ "x": 0.82, "y": 0.82 }
				]
			},
			"hair_1": {
				"rotate": [
					{ "value": -14.91 }
				],
				"translate": [
					{ "x": 188.71, "y": 531 }
				],
				"scale": [
					{ "x": 1.403, "y": 1.403 }
				]
			}
		},
		"ik": {
			"foot_1": [
				{ "stretch": true }
			],
			"foot_2": [
				{ "stretch": true }
			]
		},
		"drawOrder": [
			{
				"offsets": [
					{ "slot": "item", "offset": 17 },
					{ "slot": "shoulder2", "offset": 5 },
					{ "slot": "shoulder4", "offset": -4 },
					{ "slot": "feeling_3", "offset": 1 }
				]
			}
		]
	},
	"t_144_2_be": {
		"slots": {
			"body": {
				"rgba": [
					{ "color": "000000ff" }
				]
			},
			"Emoji": {
				"attachment": [
					{ "name": "Emoji/new/emo_30" }
				]
			},
			"feeling_1": {
				"attachment": [
					{}
				]
			},
			"feeling_2": {
				"attachment": [
					{}
				]
			},
			"feeling_3": {
				"attachment": [
					{}
				]
			},
			"feeling_5": {
				"attachment": [
					{}
				]
			},
			"hair": {
				"attachment": [
					{ "name": "hair/man/mu_15" }
				]
			},
			"head": {
				"rgba": [
					{ "color": "ffffffff" }
				],
				"attachment": [
					{ "name": "head" }
				]
			},
			"shoulder1": {
				"rgba": [
					{ "color": "000000ff" }
				],
				"attachment": [
					{ "name": "shoulder" }
				]
			},
			"shoulder2": {
				"rgba": [
					{ "color": "000000ff" }
				],
				"attachment": [
					{ "name": "shoulder" }
				]
			},
			"shoulder3": {
				"rgba": [
					{ "color": "000000ff" }
				],
				"attachment": [
					{ "name": "shoulder" }
				]
			},
			"shoulder4": {
				"rgba": [
					{ "color": "000000ff" }
				],
				"attachment": [
					{ "name": "shoulder" }
				]
			},
			"thigh": {
				"rgba": [
					{ "color": "000000ff" }
				]
			},
			"thigh2": {
				"rgba": [
					{ "color": "000000ff" }
				]
			},
			"thigh3": {
				"rgba": [
					{ "color": "000000ff" }
				]
			},
			"thigh4": {
				"rgba": [
					{ "color": "000000ff" }
				]
			}
		},
		"bones": {
			"head": {
				"rotate": [
					{ "value": -4.12 }
				],
				"translate": [
					{ "x": -16.81, "y": 0.6 }
				],
				"scale": [
					{}
				]
			},
			"root": {
				"rotate": [
					{}
				],
				"translate": [
					{}
				]
			},
			"main": {
				"rotate": [
					{ "value": -3.99 }
				],
				"translate": [
					{ "x": 6.79, "y": 4.81 }
				]
			},
			"hip": {
				"rotate": [
					{}
				],
				"translate": [
					{}
				]
			},
			"body": {
				"rotate": [
					{ "value": 2.58 }
				],
				"translate": [
					{}
				]
			},
			"body2": {
				"rotate": [
					{ "value": 2.58 }
				],
				"translate": [
					{}
				]
			},
			"body3": {
				"rotate": [
					{ "value": 2.58 }
				],
				"translate": [
					{}
				]
			},
			"body4": {
				"rotate": [
					{ "value": 2.58 }
				],
				"translate": [
					{}
				]
			},
			"body5": {
				"rotate": [
					{ "value": 2.58 }
				],
				"translate": [
					{}
				]
			},
			"body6": {
				"rotate": [
					{ "value": -0.63 }
				],
				"translate": [
					{}
				]
			},
			"body7": {
				"rotate": [
					{ "value": 2.75 }
				],
				"translate": [
					{}
				]
			},
			"body8": {
				"rotate": [
					{ "value": 2.58 }
				],
				"translate": [
					{}
				]
			},
			"feeling_3": {
				"rotate": [
					{}
				],
				"translate": [
					{}
				]
			},
			"emoji": {
				"rotate": [
					{ "value": -8.56 }
				],
				"translate": [
					{ "x": 15.62, "y": 11.94 }
				],
				"scale": [
					{ "x": 1.192, "y": 1.192 }
				]
			},
			"shouder_1": {
				"rotate": [
					{ "value": -59.18 }
				],
				"translate": [
					{ "x": 25, "y": 0.53 }
				],
				"scale": [
					{}
				]
			},
			"arm_1": {
				"rotate": [
					{ "value": -66.42 }
				],
				"translate": [
					{ "x": 2.02, "y": 0.08 }
				],
				"scale": [
					{}
				]
			},
			"shouder_2": {
				"rotate": [
					{ "value": 47.42 }
				],
				"translate": [
					{ "x": 21.12, "y": 4.8 }
				],
				"scale": [
					{}
				]
			},
			"arm_2": {
				"rotate": [
					{ "value": -18.03 }
				],
				"translate": [
					{}
				]
			},
			"thigh_1": {
				"rotate": [
					{}
				],
				"translate": [
					{ "x": -3.13, "y": 1.67 }
				],
				"scale": [
					{}
				]
			},
			"leg_1": {
				"rotate": [
					{}
				],
				"translate": [
					{}
				],
				"scale": [
					{}
				]
			},
			"thigh_2": {
				"rotate": [
					{}
				],
				"translate": [
					{}
				]
			},
			"leg_2": {
				"rotate": [
					{}
				],
				"translate": [
					{}
				]
			},
			"foot_2": {
				"rotate": [
					{}
				],
				"translate": [
					{ "x": -64.54, "y": 22.52 }
				]
			},
			"foot_3": {
				"rotate": [
					{}
				],
				"translate": [
					{ "x": 59.3, "y": 22.34 }
				]
			},
			"feeling_5": {
				"rotate": [
					{}
				],
				"translate": [
					{ "x": 21.31, "y": -61.49 }
				]
			},
			"feeling_1": {
				"rotate": [
					{ "value": -9.3 }
				],
				"translate": [
					{ "x": 26.91, "y": -25.59 }
				],
				"scale": [
					{ "x": 0.995, "y": 0.995 }
				]
			},
			"move": {
				"translate": [
					{ "x": 119.91, "y": -23.02 }
				],
				"scale": [
					{}
				]
			},
			"feeling_2": {
				"rotate": [
					{ "value": 44.76 }
				],
				"translate": [
					{ "x": -11.31, "y": -5.38 }
				],
				"scale": [
					{ "x": -0.878, "y": 0.878 }
				]
			},
			"hair_1": {
				"rotate": [
					{ "value": 10.34 }
				],
				"translate": [
					{ "x": 96.92, "y": 531.04 }
				],
				"scale": [
					{ "x": 1.426, "y": 1.426 }
				]
			},
			"feeling_4": {
				"translate": [
					{ "x": 14.92, "y": 41.95 }
				]
			}
		},
		"ik": {
			"foot_1": [
				{ "stretch": true }
			],
			"foot_2": [
				{ "stretch": true }
			]
		},
		"drawOrder": [
			{
				"offsets": [
					{ "slot": "item", "offset": 6 },
					{ "slot": "body", "offset": 3 },
					{ "slot": "shoulder4", "offset": -5 },
					{ "slot": "head", "offset": -5 }
				]
			}
		]
	},
	"t_144_2_lose": {
		"slots": {
			"body": {
				"rgba": [
					{ "color": "000000ff" }
				]
			},
			"Emoji": {
				"attachment": [
					{ "name": "Emoji/emo_68b" }
				]
			},
			"feeling_1": {
				"rgba": [
					{ "color": "ffffffff" }
				],
				"attachment": [
					{}
				]
			},
			"feeling_2": {
				"attachment": [
					{ "name": "cauco" }
				]
			},
			"feeling_3": {
				"rgba": [
					{ "color": "ffffffff" }
				],
				"attachment": [
					{}
				]
			},
			"feeling_4": {
				"attachment": [
					{ "name": "giat_minh" }
				]
			},
			"feeling_5": {
				"attachment": [
					{}
				]
			},
			"hair": {
				"attachment": [
					{ "name": "hair/man/mu_15" }
				]
			},
			"head": {
				"rgba": [
					{ "color": "ffbcbcff" }
				]
			},
			"shoulder1": {
				"rgba": [
					{ "color": "000000ff" }
				],
				"attachment": [
					{ "name": "shoulder" }
				]
			},
			"shoulder2": {
				"rgba": [
					{ "color": "000000ff" }
				],
				"attachment": [
					{ "name": "shoulder" }
				]
			},
			"shoulder3": {
				"rgba": [
					{ "color": "000000ff" }
				],
				"attachment": [
					{ "name": "shoulder" }
				]
			},
			"shoulder4": {
				"rgba": [
					{ "color": "000000ff" }
				],
				"attachment": [
					{ "name": "shoulder" }
				]
			},
			"thigh": {
				"rgba": [
					{ "color": "000000ff" }
				]
			},
			"thigh2": {
				"rgba": [
					{ "color": "000000ff" }
				]
			},
			"thigh3": {
				"rgba": [
					{ "color": "000000ff" }
				]
			},
			"thigh4": {
				"rgba": [
					{ "color": "000000ff" }
				]
			}
		},
		"bones": {
			"head": {
				"rotate": [
					{ "value": 6.52 }
				],
				"translate": [
					{ "x": -10.08, "y": -11.73 }
				],
				"scale": [
					{}
				]
			},
			"root": {
				"rotate": [
					{}
				],
				"translate": [
					{}
				]
			},
			"main": {
				"rotate": [
					{ "value": -23.84 }
				],
				"translate": [
					{ "x": 18.97, "y": -36.12 }
				]
			},
			"hip": {
				"rotate": [
					{ "value": -9.38 }
				],
				"translate": [
					{}
				]
			},
			"body": {
				"rotate": [
					{ "value": 2.7 }
				],
				"translate": [
					{}
				]
			},
			"body2": {
				"rotate": [
					{ "value": 2.7 }
				],
				"translate": [
					{}
				]
			},
			"body3": {
				"rotate": [
					{ "value": 2.7 }
				],
				"translate": [
					{}
				]
			},
			"body4": {
				"rotate": [
					{ "value": 2.7 }
				],
				"translate": [
					{}
				]
			},
			"body5": {
				"rotate": [
					{ "value": 2.7 }
				],
				"translate": [
					{}
				]
			},
			"body6": {
				"rotate": [
					{ "value": 2.7 }
				],
				"translate": [
					{}
				]
			},
			"body7": {
				"rotate": [
					{ "value": 2.7 }
				],
				"translate": [
					{}
				]
			},
			"body8": {
				"rotate": [
					{ "value": 2.7 }
				],
				"translate": [
					{}
				]
			},
			"feeling_3": {
				"rotate": [
					{ "value": 97.39 }
				],
				"translate": [
					{ "x": -61.16, "y": 96.33 }
				],
				"scale": [
					{ "x": -0.808, "y": -0.808 }
				]
			},
			"emoji": {
				"rotate": [
					{ "value": 0.54 }
				],
				"translate": [
					{ "x": 15.33, "y": -28.23 }
				],
				"scale": [
					{ "x": 0.926, "y": 0.926 }
				]
			},
			"shouder_1": {
				"rotate": [
					{ "value": 0.88 }
				],
				"translate": [
					{ "x": 18.77, "y": -1.91 }
				],
				"scale": [
					{}
				],
				"shear": [
					{}
				]
			},
			"arm_1": {
				"rotate": [
					{ "value": 25.13 }
				],
				"translate": [
					{ "x": 2.02, "y": 0.08 }
				],
				"scale": [
					{}
				]
			},
			"shouder_2": {
				"rotate": [
					{ "value": -84.45 }
				],
				"translate": [
					{ "x": 20.11, "y": -1.18 }
				],
				"scale": [
					{}
				]
			},
			"arm_2": {
				"rotate": [
					{ "value": 24.87 }
				],
				"translate": [
					{}
				],
				"scale": [
					{}
				]
			},
			"thigh_1": {
				"rotate": [
					{}
				],
				"translate": [
					{}
				]
			},
			"leg_1": {
				"rotate": [
					{}
				],
				"translate": [
					{}
				]
			},
			"thigh_2": {
				"rotate": [
					{}
				],
				"translate": [
					{}
				]
			},
			"leg_2": {
				"rotate": [
					{}
				],
				"translate": [
					{}
				]
			},
			"foot_2": {
				"rotate": [
					{}
				],
				"translate": [
					{ "x": -187.17, "y": 106.96 }
				]
			},
			"foot_3": {
				"rotate": [
					{}
				],
				"translate": [
					{ "x": 171.64, "y": 22.47 }
				]
			},
			"feeling_5": {
				"rotate": [
					{ "value": -76.43 }
				],
				"translate": [
					{ "x": 71.61, "y": 179.26 }
				],
				"scale": [
					{ "x": 0.859, "y": 0.859 }
				]
			},
			"feeling_1": {
				"rotate": [
					{ "value": 15.2 }
				],
				"translate": [
					{ "x": -133.2, "y": -12.73 }
				],
				"scale": [
					{ "x": 0.797, "y": 0.797 }
				]
			},
			"feeling_2": {
				"rotate": [
					{ "value": -24.12 }
				],
				"translate": [
					{ "x": -164.55, "y": -91.14 }
				],
				"scale": [
					{ "x": 1.192, "y": 1.192 }
				]
			},
			"move": {
				"translate": [
					{ "x": 119.99 }
				],
				"scale": [
					{ "x": -1 }
				]
			},
			"hair_1": {
				"rotate": [
					{ "value": 16.1 }
				],
				"translate": [
					{ "x": 72.53, "y": 533.91 }
				],
				"scale": [
					{ "x": -1.349, "y": 1.349 }
				]
			},
			"feeling_4": {
				"rotate": [
					{ "value": -141.37 }
				],
				"translate": [
					{ "x": -30.22, "y": -85.92 }
				],
				"scale": [
					{ "x": 0.605, "y": 0.605 }
				]
			}
		},
		"ik": {
			"foot_1": [
				{ "bendPositive": false, "stretch": true }
			],
			"foot_2": [
				{ "bendPositive": false, "stretch": true }
			]
		},
		"drawOrder": [
			{
				"offsets": [
					{ "slot": "item", "offset": 6 },
					{ "slot": "body", "offset": 3 },
					{ "slot": "shoulder4", "offset": -5 },
					{ "slot": "head", "offset": -5 }
				]
			}
		]
	},
	"t_144_2_win": {
		"slots": {
			"body": {
				"rgba": [
					{ "color": "000000ff", "curve": "stepped" },
					{ "time": 0.4, "color": "000000ff" }
				]
			},
			"Emoji": {
				"attachment": [
					{ "name": "Emoji/new/emo_60" },
					{ "time": 0.4, "name": "Emoji/new/emo_60" }
				]
			},
			"feeling_1": {
				"attachment": [
					{ "name": "Emoji/hoi_cham" },
					{ "time": 0.4, "name": "Emoji/hoi_cham" }
				]
			},
			"feeling_2": {
				"rgba": [
					{ "color": "000000ff", "curve": "stepped" },
					{ "time": 0.4, "color": "000000ff" }
				],
				"attachment": [
					{ "name": "Emoji/hoi_cham" },
					{ "time": 0.4, "name": "Emoji/hoi_cham" }
				]
			},
			"feeling_3": {
				"rgba": [
					{ "color": "ffffffff", "curve": "stepped" },
					{ "time": 0.4, "color": "ffffffff" }
				],
				"attachment": [
					{ "name": "Emoji/hoi_cham" },
					{ "time": 0.4, "name": "Emoji/hoi_cham" }
				]
			},
			"feeling_4": {
				"attachment": [
					{ "name": "mo_hoi" },
					{ "time": 0.4, "name": "mo_hoi" }
				]
			},
			"feeling_5": {
				"rgba": [
					{ "color": "ffffffff", "curve": "stepped" },
					{ "time": 0.4, "color": "ffffffff" }
				],
				"attachment": [
					{ "name": "scare" },
					{ "time": 0.4, "name": "scare" }
				]
			},
			"hair": {
				"attachment": [
					{ "name": "hair/man/mu_15" },
					{ "time": 0.4, "name": "hair/man/mu_15" }
				]
			},
			"head": {
				"rgba": [
					{ "color": "ffffffff", "curve": "stepped" },
					{ "time": 0.4, "color": "ffffffff" }
				],
				"attachment": [
					{ "name": "head" },
					{ "time": 0.4, "name": "head" }
				]
			},
			"shoulder1": {
				"rgba": [
					{ "color": "000000ff", "curve": "stepped" },
					{ "time": 0.4, "color": "000000ff" }
				],
				"attachment": [
					{ "name": "shoulder" },
					{ "time": 0.4, "name": "shoulder" }
				]
			},
			"shoulder2": {
				"rgba": [
					{ "color": "000000ff", "curve": "stepped" },
					{ "time": 0.4, "color": "000000ff" }
				],
				"attachment": [
					{ "name": "shoulder" },
					{ "time": 0.4, "name": "shoulder" }
				]
			},
			"shoulder3": {
				"rgba": [
					{ "color": "000000ff", "curve": "stepped" },
					{ "time": 0.4, "color": "000000ff" }
				],
				"attachment": [
					{ "name": "shoulder" },
					{ "time": 0.4, "name": "shoulder" }
				]
			},
			"shoulder4": {
				"rgba": [
					{ "color": "000000ff", "curve": "stepped" },
					{ "time": 0.4, "color": "000000ff" }
				],
				"attachment": [
					{ "name": "shoulder" },
					{ "time": 0.4, "name": "shoulder" }
				]
			},
			"thigh": {
				"rgba": [
					{ "color": "000000ff", "curve": "stepped" },
					{ "time": 0.4, "color": "000000ff" }
				]
			},
			"thigh2": {
				"rgba": [
					{ "color": "000000ff", "curve": "stepped" },
					{ "time": 0.4, "color": "000000ff" }
				]
			},
			"thigh3": {
				"rgba": [
					{ "color": "000000ff", "curve": "stepped" },
					{ "time": 0.4, "color": "000000ff" }
				]
			},
			"thigh4": {
				"rgba": [
					{ "color": "000000ff", "curve": "stepped" },
					{ "time": 0.4, "color": "000000ff" }
				]
			}
		},
		"bones": {
			"head": {
				"rotate": [
					{ "value": -4.71, "curve": "stepped" },
					{ "time": 0.4, "value": -4.71 }
				],
				"translate": [
					{ "x": 5.28, "y": 7.77, "curve": "stepped" },
					{ "time": 0.4, "x": 5.28, "y": 7.77 }
				],
				"scale": [
					{ "curve": "stepped" },
					{ "time": 0.4 }
				]
			},
			"root": {
				"rotate": [
					{ "curve": "stepped" },
					{ "time": 0.4 }
				],
				"translate": [
					{ "curve": "stepped" },
					{ "time": 0.4 }
				]
			},
			"main": {
				"rotate": [
					{ "value": -18.69, "curve": "stepped" },
					{ "time": 0.4, "value": -18.69 }
				],
				"translate": [
					{ "x": 0.99, "y": -19.72, "curve": "stepped" },
					{ "time": 0.4, "x": 0.99, "y": -19.72 }
				]
			},
			"hip": {
				"rotate": [
					{ "curve": "stepped" },
					{ "time": 0.4 }
				],
				"translate": [
					{ "curve": "stepped" },
					{ "time": 0.4 }
				]
			},
			"body": {
				"rotate": [
					{ "value": 2.77, "curve": "stepped" },
					{ "time": 0.4, "value": 2.77 }
				],
				"translate": [
					{ "curve": "stepped" },
					{ "time": 0.4 }
				],
				"scale": [
					{ "curve": "stepped" },
					{ "time": 0.4 }
				]
			},
			"body2": {
				"rotate": [
					{ "value": 2.77, "curve": "stepped" },
					{ "time": 0.4, "value": 2.77 }
				],
				"translate": [
					{ "curve": "stepped" },
					{ "time": 0.4 }
				],
				"scale": [
					{ "curve": "stepped" },
					{ "time": 0.4 }
				]
			},
			"body3": {
				"rotate": [
					{ "value": 2.77, "curve": "stepped" },
					{ "time": 0.4, "value": 2.77 }
				],
				"translate": [
					{ "curve": "stepped" },
					{ "time": 0.4 }
				],
				"scale": [
					{ "curve": "stepped" },
					{ "time": 0.4 }
				]
			},
			"body4": {
				"rotate": [
					{ "value": 2.77, "curve": "stepped" },
					{ "time": 0.4, "value": 2.77 }
				],
				"translate": [
					{ "curve": "stepped" },
					{ "time": 0.4 }
				],
				"scale": [
					{ "curve": "stepped" },
					{ "time": 0.4 }
				]
			},
			"body5": {
				"rotate": [
					{ "value": 2.77, "curve": "stepped" },
					{ "time": 0.4, "value": 2.77 }
				],
				"translate": [
					{ "curve": "stepped" },
					{ "time": 0.4 }
				],
				"scale": [
					{ "curve": "stepped" },
					{ "time": 0.4 }
				]
			},
			"body6": {
				"rotate": [
					{ "value": 2.77, "curve": "stepped" },
					{ "time": 0.4, "value": 2.77 }
				],
				"translate": [
					{ "curve": "stepped" },
					{ "time": 0.4 }
				],
				"scale": [
					{ "curve": "stepped" },
					{ "time": 0.4 }
				]
			},
			"body7": {
				"rotate": [
					{ "value": 2.77, "curve": "stepped" },
					{ "time": 0.4, "value": 2.77 }
				],
				"translate": [
					{ "curve": "stepped" },
					{ "time": 0.4 }
				],
				"scale": [
					{ "curve": "stepped" },
					{ "time": 0.4 }
				]
			},
			"body8": {
				"rotate": [
					{ "value": 2.77, "curve": "stepped" },
					{ "time": 0.4, "value": 2.77 }
				],
				"translate": [
					{ "curve": "stepped" },
					{ "time": 0.4 }
				],
				"scale": [
					{ "curve": "stepped" },
					{ "time": 0.4 }
				]
			},
			"feeling_3": {
				"rotate": [
					{ "value": 83.68, "curve": "stepped" },
					{ "time": 0.4, "value": 83.68 }
				],
				"translate": [
					{ "x": -43.57, "y": -140.29, "curve": "stepped" },
					{ "time": 0.4, "x": -43.57, "y": -140.29 }
				],
				"scale": [
					{ "x": 0.902, "y": -0.902, "curve": "stepped" },
					{ "time": 0.4, "x": 0.902, "y": -0.902 }
				]
			},
			"emoji": {
				"rotate": [
					{ "value": 20.18, "curve": "stepped" },
					{ "time": 0.4, "value": 20.18 }
				],
				"translate": [
					{ "x": 7.74, "y": 22.46, "curve": "stepped" },
					{ "time": 0.4, "x": 7.74, "y": 22.46 }
				],
				"scale": [
					{ "x": 1.14, "y": 1.14, "curve": "stepped" },
					{ "time": 0.4, "x": 1.14, "y": 1.14 }
				]
			},
			"shouder_1": {
				"rotate": [
					{ "value": -134.26, "curve": "stepped" },
					{ "time": 0.4, "value": -134.26 }
				],
				"translate": [
					{ "x": 30.26, "y": 0.11, "curve": "stepped" },
					{ "time": 0.4, "x": 30.26, "y": 0.11 }
				],
				"scale": [
					{ "curve": "stepped" },
					{ "time": 0.4 }
				]
			},
			"arm_1": {
				"rotate": [
					{ "value": -9.95, "curve": "stepped" },
					{ "time": 0.4, "value": -9.95 }
				],
				"translate": [
					{ "x": 2.02, "y": 0.08, "curve": "stepped" },
					{ "time": 0.4, "x": 2.02, "y": 0.08 }
				],
				"scale": [
					{ "curve": "stepped" },
					{ "time": 0.4 }
				]
			},
			"shouder_2": {
				"rotate": [
					{ "value": 56.36, "curve": "stepped" },
					{ "time": 0.4, "value": 56.36 }
				],
				"translate": [
					{ "x": 25.54, "y": -0.46, "curve": "stepped" },
					{ "time": 0.4, "x": 25.54, "y": -0.46 }
				],
				"scale": [
					{ "curve": "stepped" },
					{ "time": 0.4 }
				]
			},
			"arm_2": {
				"rotate": [
					{ "value": -10.58, "curve": "stepped" },
					{ "time": 0.4, "value": -10.58 }
				],
				"scale": [
					{ "curve": "stepped" },
					{ "time": 0.4 }
				]
			},
			"thigh_1": {
				"rotate": [
					{ "value": 24.72, "curve": "stepped" },
					{ "time": 0.4, "value": 24.72 }
				],
				"translate": [
					{ "curve": "stepped" },
					{ "time": 0.4 }
				],
				"scale": [
					{ "curve": "stepped" },
					{ "time": 0.4 }
				]
			},
			"leg_1": {
				"rotate": [
					{ "curve": "stepped" },
					{ "time": 0.4 }
				],
				"translate": [
					{ "curve": "stepped" },
					{ "time": 0.4 }
				]
			},
			"thigh_2": {
				"rotate": [
					{ "value": 39.21, "curve": "stepped" },
					{ "time": 0.4, "value": 39.21 }
				],
				"translate": [
					{ "curve": "stepped" },
					{ "time": 0.4 }
				],
				"scale": [
					{ "x": 1.027, "curve": "stepped" },
					{ "time": 0.4, "x": 1.027 }
				]
			},
			"leg_2": {
				"rotate": [
					{ "value": 18.14, "curve": "stepped" },
					{ "time": 0.4, "value": 18.14 }
				],
				"translate": [
					{ "curve": "stepped" },
					{ "time": 0.4 }
				]
			},
			"foot_2": {
				"rotate": [
					{ "curve": "stepped" },
					{ "time": 0.4 }
				],
				"translate": [
					{ "x": -163.86, "y": 26.96, "curve": "stepped" },
					{ "time": 0.4, "x": -163.86, "y": 26.96 }
				]
			},
			"foot_3": {
				"rotate": [
					{ "value": 5.34, "curve": "stepped" },
					{ "time": 0.4, "value": 5.34 }
				],
				"translate": [
					{ "x": -120.32, "y": -0.16, "curve": "stepped" },
					{ "time": 0.4, "x": -120.32, "y": -0.16 }
				]
			},
			"feeling_5": {
				"rotate": [
					{ "value": 146.49, "curve": "stepped" },
					{ "time": 0.4, "value": 146.49 }
				],
				"translate": [
					{ "x": 72.94, "y": -53.8, "curve": "stepped" },
					{ "time": 0.4, "x": 72.94, "y": -53.8 }
				],
				"scale": [
					{ "x": 0.798, "y": 0.798, "curve": "stepped" },
					{ "time": 0.0667, "x": 1.294, "y": 1.294, "curve": "stepped" },
					{ "time": 0.1333, "x": 0.798, "y": 0.798, "curve": "stepped" },
					{ "time": 0.2, "x": 0.798, "y": 0.798, "curve": "stepped" },
					{ "time": 0.2667, "x": 1.294, "y": 1.294, "curve": "stepped" },
					{ "time": 0.3333, "x": 0.798, "y": 0.798, "curve": "stepped" },
					{ "time": 0.4, "x": 0.798, "y": 0.798 }
				],
				"shear": [
					{ "curve": "stepped" },
					{ "time": 0.4 }
				]
			},
			"feeling_1": {
				"rotate": [
					{ "value": 34.6, "curve": "stepped" },
					{ "time": 0.4, "value": 34.6 }
				],
				"translate": [
					{ "x": -205.08, "y": -197.19, "curve": "stepped" },
					{ "time": 0.4, "x": -205.08, "y": -197.19 }
				],
				"scale": [
					{ "x": -0.493, "y": 0.493, "curve": "stepped" },
					{ "time": 0.4, "x": -0.493, "y": 0.493 }
				]
			},
			"feeling_2": {
				"rotate": [
					{ "value": -140.54, "curve": "stepped" },
					{ "time": 0.4, "value": -140.54 }
				],
				"translate": [
					{ "x": -260.43, "y": -67.42, "curve": "stepped" },
					{ "time": 0.4, "x": -260.43, "y": -67.42 }
				],
				"scale": [
					{ "x": 0.942, "y": -0.942, "curve": "stepped" },
					{ "time": 0.4, "x": 0.942, "y": -0.942 }
				]
			},
			"move": {
				"translate": [
					{ "x": 119.99, "curve": "stepped" },
					{ "time": 0.4, "x": 119.99 }
				],
				"scale": [
					{ "curve": "stepped" },
					{ "time": 0.4 }
				]
			},
			"hair_1": {
				"rotate": [
					{ "value": 58.92, "curve": "stepped" },
					{ "time": 0.4, "value": 58.92 }
				],
				"translate": [
					{ "x": 10.8, "y": 645.04, "curve": "stepped" },
					{ "time": 0.4, "x": 10.8, "y": 645.04 }
				],
				"scale": [
					{ "x": 1.426, "y": 1.426, "curve": "stepped" },
					{ "time": 0.4, "x": 1.426, "y": 1.426 }
				]
			},
			"feeling_4": {
				"rotate": [
					{ "value": -89.58, "curve": "stepped" },
					{ "time": 0.4, "value": -89.58 }
				],
				"translate": [
					{ "x": -19.97, "y": -23.91, "curve": "stepped" },
					{ "time": 0.4, "x": -19.97, "y": -23.91 }
				],
				"scale": [
					{ "x": 0.465, "y": 0.465, "curve": "stepped" },
					{ "time": 0.4, "x": 0.465, "y": 0.465 }
				]
			}
		},
		"ik": {
			"foot_1": [
				{
					"stretch": true,
					"curve": [ 0.1, 1, 0.3, 1, 0.1, 0, 0.3, 0 ]
				},
				{ "time": 0.4, "stretch": true }
			],
			"foot_2": [
				{
					"stretch": true,
					"curve": [ 0.1, 1, 0.3, 1, 0.1, 0, 0.3, 0 ]
				},
				{ "time": 0.4, "stretch": true }
			]
		},
		"drawOrder": [
			{
				"offsets": [
					{ "slot": "shoulder4", "offset": -3 },
					{ "slot": "feeling_3", "offset": 3 },
					{ "slot": "feeling_1", "offset": -4 }
				]
			},
			{
				"time": 0.4,
				"offsets": [
					{ "slot": "shoulder4", "offset": -3 },
					{ "slot": "feeling_3", "offset": 3 },
					{ "slot": "feeling_1", "offset": -4 }
				]
			}
		]
	}
}
}