{
"skeleton": { "hash": "rLZ9qDmk6H0", "spine": "4.1.24", "x": -565.77, "y": -386.28, "width": 1105, "height": 1202 },
"bones": [
	{ "name": "root" },
	{ "name": "move", "parent": "root" },
	{ "name": "main", "parent": "move", "y": 256.6 },
	{ "name": "hip", "parent": "main" },
	{ "name": "body", "parent": "hip", "length": 26.97, "rotation": 90 },
	{ "name": "body2", "parent": "body", "length": 26.97, "x": 26.97 },
	{ "name": "body3", "parent": "body2", "length": 26.97, "x": 26.97 },
	{ "name": "body4", "parent": "body3", "length": 26.97, "x": 26.97 },
	{ "name": "body5", "parent": "body4", "length": 26.97, "x": 26.97 },
	{ "name": "body6", "parent": "body5", "length": 26.97, "x": 26.97 },
	{ "name": "body7", "parent": "body6", "length": 26.97, "x": 26.97 },
	{ "name": "body8", "parent": "body7", "length": 26.97, "x": 26.97 },
	{ "name": "head", "parent": "body8", "length": 135.67, "x": 14.75 },
	{ "name": "eye_1", "parent": "head", "x": 87.53, "y": 30.96 },
	{ "name": "emoji", "parent": "head", "rotation": -90, "x": 50.24 },
	{ "name": "shouder_1", "parent": "body7", "length": 100.06, "rotation": -90, "x": 15.39, "y": 0.02 },
	{ "name": "arm_1", "parent": "shouder_1", "length": 100.06, "x": 94.79 },
	{ "name": "shouder_2", "parent": "body7", "length": 100.06, "rotation": 90, "x": 15.39, "y": 0.02 },
	{ "name": "arm_2", "parent": "shouder_2", "length": 100.06, "x": 94.79 },
	{ "name": "thigh_1", "parent": "main", "length": 134.15, "rotation": -90, "x": -0.54, "y": 4.23 },
	{ "name": "leg_1", "parent": "thigh_1", "length": 134.15, "x": 128.14 },
	{ "name": "thigh_2", "parent": "main", "length": 134.15, "rotation": -90, "x": -0.1, "y": 4.23 },
	{ "name": "leg_2", "parent": "thigh_2", "length": 134.15, "x": 128.14 },
	{ "name": "foot_2", "parent": "move", "x": 0.16, "y": -1.16 },
	{ "name": "foot_3", "parent": "move", "x": 0.1, "y": -1.12 },
	{ "name": "eye_2", "parent": "head", "x": 87.53, "y": -25.11 },
	{ "name": "toc", "parent": "head", "length": 61.74, "rotation": 180, "x": 68.49, "y": -7.87 },
	{ "name": "feelling_1", "parent": "root" },
	{ "name": "tist_1", "parent": "body6", "x": 39.52, "y": 12.99 },
	{ "name": "tist_2", "parent": "body6", "x": 39.52, "y": -12.02 },
	{ "name": "feelling_2", "parent": "root" },
	{ "name": "feelling_3", "parent": "root", "x": 0.94, "y": 0.94 },
	{ "name": "item", "parent": "root" }
],
"slots": [
	{ "name": "bg_gane_play", "bone": "root", "color": "ffffff2e" },
	{ "name": "item", "bone": "item" },
	{ "name": "toc", "bone": "toc", "attachment": "Emoji/Toc sau" },
	{ "name": "body", "bone": "hip", "color": "000000ff", "attachment": "body" },
	{ "name": "shoulder", "bone": "shouder_1", "color": "000000ff", "attachment": "shoulder" },
	{ "name": "shoulder3", "bone": "shouder_2", "color": "000000ff", "attachment": "shoulder" },
	{ "name": "shoulder2", "bone": "arm_1", "color": "000000ff", "attachment": "shoulder" },
	{ "name": "shoulder4", "bone": "arm_2", "color": "000000ff", "attachment": "shoulder" },
	{ "name": "thigh", "bone": "thigh_1", "color": "000000ff", "attachment": "thigh" },
	{ "name": "thigh3", "bone": "thigh_2", "color": "000000ff", "attachment": "thigh" },
	{ "name": "thigh2", "bone": "leg_1", "color": "000000ff", "attachment": "thigh" },
	{ "name": "thigh4", "bone": "leg_2", "color": "000000ff", "attachment": "thigh" },
	{ "name": "dot", "bone": "main" },
	{ "name": "eye_1", "bone": "eye_1", "color": "000000ff" },
	{ "name": "eye_2", "bone": "eye_2", "color": "000000ff" },
	{ "name": "vay_1", "bone": "hip", "color": "000000ff", "attachment": "vay_1" },
	{ "name": "nguc", "bone": "tist_1", "color": "000000ff", "attachment": "nguc" },
	{ "name": "nguc2", "bone": "tist_2", "color": "000000ff", "attachment": "nguc" },
	{ "name": "head", "bone": "head", "attachment": "Emoji/Dau chinh dien" },
	{ "name": "emoji", "bone": "emoji" },
	{ "name": "feelling_1", "bone": "feelling_1" },
	{ "name": "feelling_2", "bone": "feelling_2" },
	{ "name": "feelling_3", "bone": "feelling_3" }
],
"ik": [
	{
		"name": "foot_1",
		"bones": [ "thigh_1", "leg_1" ],
		"target": "foot_2",
		"mix": 0,
		"stretch": true
	},
	{
		"name": "foot_2",
		"order": 1,
		"bones": [ "thigh_2", "leg_2" ],
		"target": "foot_3",
		"mix": 0,
		"stretch": true
	}
],
"skins": [
	{
		"name": "default",
		"attachments": {
			"body": {
				"body": {
					"type": "mesh",
					"uvs": [ 1, 1, 0, 1, 0, 0.875, 0, 0.75, 0, 0.625, 0, 0.5, 0, 0.375, 0, 0.25, 0, 0.125, 0, 0, 1, 0, 1, 0.125, 1, 0.25, 1, 0.375, 1, 0.5, 1, 0.625, 1, 0.75, 1, 0.875 ],
					"triangles": [ 7, 8, 11, 11, 8, 10, 8, 9, 10, 12, 7, 11, 13, 6, 12, 6, 7, 12, 14, 5, 13, 5, 6, 13, 15, 4, 14, 4, 5, 14, 16, 3, 15, 3, 4, 15, 2, 3, 16, 0, 1, 17, 1, 2, 17, 17, 2, 16 ],
					"vertices": [ 1, 4, -1.7, -5.5, 1, 1, 4, -1.7, 5.5, 1, 2, 4, 25.68, 5.5, 0.70301, 5, -1.29, 5.5, 0.29699, 2, 5, 26.08, 5.5, 0.65569, 6, -0.88, 5.5, 0.34431, 2, 6, 26.49, 5.5, 0.55905, 7, -0.48, 5.5, 0.44095, 2, 7, 26.9, 5.5, 0.51367, 8, -0.07, 5.5, 0.48633, 2, 8, 27.3, 5.5, 0.41705, 9, 0.33, 5.5, 0.58295, 2, 9, 27.71, 5.5, 0.38565, 10, 0.74, 5.5, 0.61435, 2, 10, 28.11, 5.5, 0.36868, 11, 1.14, 5.5, 0.63132, 1, 11, 28.52, 5.5, 1, 1, 11, 28.52, -5.5, 1, 2, 10, 28.11, -5.5, 0.3064, 11, 1.14, -5.5, 0.6936, 2, 9, 27.71, -5.5, 0.40945, 10, 0.74, -5.5, 0.59055, 2, 8, 27.3, -5.5, 0.44404, 9, 0.33, -5.5, 0.55596, 2, 7, 26.9, -5.5, 0.52991, 8, -0.07, -5.5, 0.47009, 2, 6, 26.49, -5.5, 0.58474, 7, -0.48, -5.5, 0.41526, 2, 5, 26.08, -5.5, 0.62061, 6, -0.88, -5.5, 0.37939, 2, 4, 25.68, -5.5, 0.65664, 5, -1.29, -5.5, 0.34336 ],
					"hull": 18
				}
			},
			"emoji": {
				"Emoji/emo_vo_8d": { "x": 0.5, "width": 87, "height": 62 },
				"Emoji/emo_vo_32": { "x": 0.5, "width": 79, "height": 56 }
			},
			"feelling_1": {
				"z_1": { "x": 0.5, "width": 44, "height": 71 }
			},
			"feelling_2": {
				"scare": { "y": 0.5, "width": 80, "height": 83 }
			},
			"feelling_3": {
				"giat_minh": { "width": 70, "height": 66 },
				"kho": { "x": 23.76, "y": 4.39, "width": 57, "height": 33 }
			},
			"head": {
				"Emoji/Dau chinh dien": { "x": 68.22, "rotation": -90, "width": 139, "height": 140 },
				"head": { "x": 64.68, "rotation": -65.88, "width": 144, "height": 144 }
			},
			"nguc": {
				"nguc": { "width": 35, "height": 35 }
			},
			"nguc2": {
				"nguc": { "width": 35, "height": 35 }
			},
			"shoulder": {
				"shoulder": { "x": 49.22, "rotation": -90, "width": 15, "height": 105 }
			},
			"shoulder2": {
				"shoulder": { "x": 49.22, "rotation": -90, "width": 15, "height": 105 }
			},
			"shoulder3": {
				"shoulder": { "x": 49.22, "rotation": -90, "width": 15, "height": 105 }
			},
			"shoulder4": {
				"shoulder": { "x": 50.57, "rotation": -90, "width": 15, "height": 105 }
			},
			"thigh": {
				"thigh": { "x": 66.01, "rotation": -90, "width": 14, "height": 137 }
			},
			"thigh2": {
				"thigh": { "x": 66.01, "rotation": -90, "width": 14, "height": 137 }
			},
			"thigh3": {
				"thigh": { "x": 66.01, "rotation": -90, "width": 14, "height": 137 }
			},
			"thigh4": {
				"thigh": { "x": 66.01, "rotation": -90, "width": 14, "height": 137 }
			},
			"toc": {
				"Emoji/Toc sau": { "x": 127.23, "y": -13.01, "rotation": 90, "width": 162, "height": 267 },
				"hair/toc_1": {
					"x": -22.08,
					"y": -16.75,
					"scaleX": 1.0436,
					"scaleY": 1.0436,
					"rotation": 90,
					"width": 156,
					"height": 127
				}
			},
			"vay_1": {
				"vay_1": {
					"type": "mesh",
					"uvs": [ 1, 1, 0.85714, 1, 0.71429, 1, 0.57143, 1, 0.42857, 1, 0.28571, 1, 0.14286, 1, 0, 1, 0, 0.92308, 0, 0.84615, 0, 0.76923, 0, 0.69231, 0, 0.61538, 0, 0.53846, 0, 0.46154, 0, 0.38462, 0, 0.30769, 0, 0.23077, 0, 0.15385, 0, 0.07692, 0, 0, 1, 0, 1, 0.07692, 1, 0.15385, 1, 0.23077, 1, 0.30769, 1, 0.38462, 1, 0.46154, 1, 0.53846, 1, 0.61538, 1, 0.69231, 1, 0.76923, 1, 0.84615, 1, 0.92308 ],
					"triangles": [ 20, 21, 22, 18, 23, 24, 18, 19, 23, 19, 22, 23, 19, 20, 22, 16, 25, 26, 16, 17, 25, 17, 24, 25, 17, 18, 24, 14, 15, 27, 15, 26, 27, 15, 16, 26, 12, 28, 29, 12, 13, 28, 28, 14, 27, 28, 13, 14, 10, 11, 30, 11, 29, 30, 11, 12, 29, 1, 33, 0, 33, 1, 32, 32, 1, 2, 32, 2, 3, 32, 3, 4, 32, 4, 5, 5, 31, 32, 6, 7, 8, 6, 31, 5, 6, 8, 9, 31, 6, 10, 6, 9, 10, 10, 30, 31 ],
					"vertices": [ 1, 4, -21.08, -62.79, 1, 2, 4, -21.08, -45.17, 0.99735, 5, -48.05, -45.17, 0.00265, 2, 4, -21.08, -27.56, 0.9993, 5, -48.05, -27.56, 7.0E-4, 1, 4, -21.08, -9.95, 1, 1, 4, -21.08, 7.67, 1, 1, 4, -21.08, 25.28, 1, 2, 4, -21.08, 42.9, 0.99887, 5, -48.05, 42.9, 0.00113, 1, 4, -21.08, 61.19, 1, 2, 4, -6.05, 53.76, 0.98523, 5, -33.02, 53.76, 0.01477, 3, 4, 8.97, 46.88, 0.9046, 5, -18, 46.88, 0.09495, 6, -44.97, 46.88, 4.5E-4, 3, 4, 24, 40.4, 0.68693, 5, -2.97, 40.4, 0.29199, 6, -29.94, 40.4, 0.02108, 3, 4, 39.02, 34.19, 0.32201, 5, 12.05, 34.19, 0.54104, 6, -14.92, 34.19, 0.13695, 4, 4, 54.04, 28.38, 0.06001, 5, 27.07, 28.38, 0.4602, 6, 0.1, 28.38, 0.47958, 7, -26.86, 28.38, 2.0E-4, 4, 4, 69.07, 23.12, 9.4E-4, 5, 42.1, 23.12, 0.109, 6, 15.13, 23.12, 0.81682, 7, -11.84, 23.12, 0.07324, 3, 5, 57.12, 18.66, 0.00107, 6, 30.15, 18.66, 0.46911, 7, 3.18, 18.66, 0.52982, 3, 6, 45.18, 14.75, 0.0306, 7, 18.21, 14.75, 0.88199, 8, -8.76, 14.75, 0.08741, 2, 7, 33.23, 11.51, 0.13849, 8, 6.26, 11.51, 0.86151, 2, 8, 21.29, 9.48, 0.9085, 9, -5.68, 9.48, 0.0915, 2, 8, 36.31, 7.59, 0.00992, 9, 9.34, 7.59, 0.99008, 2, 9, 24.37, 6.51, 0.78587, 10, -2.6, 6.51, 0.21413, 1, 10, 9.22, 6.15, 1, 1, 10, 9.22, -7.5, 1, 2, 9, 24.37, -7.84, 0.7617, 10, -2.6, -7.84, 0.2383, 2, 8, 36.31, -9.54, 0.03137, 9, 9.34, -9.54, 0.96863, 2, 8, 21.29, -11.32, 0.86242, 9, -5.68, -11.32, 0.13758, 2, 7, 33.23, -13.41, 0.18366, 8, 6.26, -13.41, 0.81634, 3, 6, 45.18, -16.35, 0.02897, 7, 18.21, -16.35, 0.86901, 8, -8.76, -16.35, 0.10202, 3, 5, 57.01, -20.61, 0.0037, 6, 30.04, -20.61, 0.46458, 7, 3.07, -20.61, 0.53172, 4, 4, 69.07, -24.83, 0.00258, 5, 42.1, -24.83, 0.12632, 6, 15.13, -24.83, 0.79349, 7, -11.84, -24.83, 0.07761, 4, 4, 54.04, -30.11, 0.07218, 5, 27.07, -30.11, 0.46164, 6, 0.1, -30.11, 0.46583, 7, -26.86, -30.11, 3.5E-4, 3, 4, 39.02, -36.13, 0.33548, 5, 12.05, -36.13, 0.52335, 6, -14.92, -36.13, 0.14117, 3, 4, 24, -42.36, 0.68121, 5, -2.97, -42.36, 0.29411, 6, -29.94, -42.36, 0.02468, 3, 4, 8.97, -48.91, 0.89593, 5, -18, -48.91, 0.10315, 6, -44.97, -48.91, 9.2E-4, 2, 4, -6.05, -55.59, 0.98131, 5, -33.02, -55.59, 0.01869 ],
					"hull": 34
				},
				"vay_2": {
					"type": "mesh",
					"path": "vay_1",
					"uvs": [ 1, 1, 0.57143, 1, 0.28571, 1, 0, 1, 0, 0.69231, 0, 0.53846, 0, 0.46154, 0, 0.23077, 0, 0, 1, 0, 1, 0.23077, 1, 0.46154, 1, 0.53846, 1, 0.69231 ],
					"triangles": [ 8, 9, 10, 7, 10, 11, 7, 8, 10, 6, 7, 11, 4, 5, 12, 12, 6, 11, 12, 5, 6, 4, 12, 13, 1, 13, 0, 13, 1, 4, 4, 1, 2, 2, 3, 4 ],
					"vertices": [ 1, 4, -46.55, -48.61, 1, 1, 4, -47.13, -9.95, 1, 1, 4, -48.29, 25.28, 1, 1, 4, -47.13, 58.01, 1, 3, 4, 69.68, 10.22, 0.32201, 5, 42.71, 10.22, 0.54104, 6, 15.74, 10.22, 0.13695, 4, 4, 163.29, 21.11, 9.4E-4, 5, 136.32, 21.11, 0.109, 6, 109.35, 21.11, 0.81682, 7, 82.38, 21.11, 0.07324, 3, 5, 153.84, 34.36, 0.00107, 6, 126.88, 34.36, 0.46911, 7, 99.91, 34.36, 0.52982, 2, 8, 83.91, 7.57, 0.9085, 9, 56.94, 7.57, 0.0915, 1, 10, 41.32, 6.62, 1, 1, 10, 41.8, -7.02, 1, 2, 8, 84.39, -7.01, 0.86242, 9, 57.42, -7.01, 0.13758, 3, 5, 154.71, -37.42, 0.0037, 6, 127.74, -37.42, 0.46458, 7, 100.77, -37.42, 0.53172, 4, 4, 162.79, -24.68, 0.00258, 5, 135.82, -24.68, 0.12632, 6, 108.85, -24.68, 0.79349, 7, 81.88, -24.68, 0.07761, 3, 4, 69, -10.31, 0.33548, 5, 42.03, -10.31, 0.52335, 6, 15.06, -10.31, 0.14117 ],
					"hull": 14
				}
			}
		}
	}
],
"animations": {
	"t_89_1_be": {
		"slots": {
			"body": {
				"attachment": [
					{},
					{ "time": 1 }
				]
			},
			"emoji": {
				"attachment": [
					{ "name": "Emoji/emo_vo_32" },
					{ "time": 1, "name": "Emoji/emo_vo_32" }
				]
			},
			"eye_1": {
				"attachment": [
					{},
					{ "time": 1 }
				]
			},
			"feelling_1": {
				"attachment": [
					{ "name": "z_1" },
					{ "time": 1, "name": "z_1" }
				]
			},
			"feelling_2": {
				"attachment": [
					{},
					{ "time": 1 }
				]
			},
			"feelling_3": {
				"rgba": [
					{ "color": "89fffda8", "curve": "stepped" },
					{ "time": 1, "color": "89fffda8" }
				],
				"attachment": [
					{ "name": "kho" },
					{ "time": 1, "name": "kho" }
				]
			},
			"head": {
				"attachment": [
					{ "name": "head" },
					{ "time": 1, "name": "head" }
				]
			},
			"nguc": {
				"attachment": [
					{},
					{ "time": 1 }
				]
			},
			"nguc2": {
				"attachment": [
					{},
					{ "time": 1 }
				]
			},
			"shoulder": {
				"attachment": [
					{ "name": "shoulder" },
					{ "time": 1, "name": "shoulder" }
				]
			},
			"shoulder2": {
				"attachment": [
					{ "name": "shoulder" },
					{ "time": 1, "name": "shoulder" }
				]
			},
			"shoulder3": {
				"attachment": [
					{ "name": "shoulder" },
					{ "time": 1, "name": "shoulder" }
				]
			},
			"shoulder4": {
				"attachment": [
					{ "name": "shoulder" },
					{ "time": 1, "name": "shoulder" }
				]
			},
			"toc": {
				"attachment": [
					{ "name": "hair/toc_1" },
					{ "time": 1, "name": "hair/toc_1" }
				]
			},
			"vay_1": {
				"attachment": [
					{ "name": "vay_2" },
					{ "time": 1, "name": "vay_2" }
				]
			}
		},
		"bones": {
			"root": {
				"rotate": [
					{ "curve": "stepped" },
					{ "time": 1 }
				],
				"translate": [
					{ "curve": "stepped" },
					{ "time": 1 }
				],
				"scale": [
					{ "curve": "stepped" },
					{ "time": 1 }
				]
			},
			"main": {
				"rotate": [
					{ "value": -7.66, "curve": "stepped" },
					{ "time": 1, "value": -7.66 }
				],
				"translate": [
					{ "x": 25.54, "y": -40.67, "curve": "stepped" },
					{ "time": 1, "x": 25.54, "y": -40.67 }
				],
				"scale": [
					{ "curve": "stepped" },
					{ "time": 1 }
				]
			},
			"hip": {
				"rotate": [
					{ "curve": "stepped" },
					{ "time": 1 }
				],
				"translate": [
					{ "curve": "stepped" },
					{ "time": 1 }
				],
				"scale": [
					{ "curve": "stepped" },
					{ "time": 1 }
				]
			},
			"body": {
				"rotate": [
					{ "value": 10.18, "curve": "stepped" },
					{ "time": 1, "value": 10.18 }
				],
				"translate": [
					{ "x": -26.5, "y": 0.62, "curve": "stepped" },
					{ "time": 1, "x": -26.5, "y": 0.62 }
				],
				"scale": [
					{ "curve": "stepped" },
					{ "time": 1 }
				]
			},
			"body2": {
				"rotate": [
					{ "value": 1.47, "curve": "stepped" },
					{ "time": 1, "value": 1.47 }
				],
				"translate": [
					{ "curve": "stepped" },
					{ "time": 1 }
				],
				"scale": [
					{ "curve": "stepped" },
					{ "time": 1 }
				]
			},
			"body3": {
				"rotate": [
					{ "value": 1.47, "curve": "stepped" },
					{ "time": 1, "value": 1.47 }
				],
				"translate": [
					{ "curve": "stepped" },
					{ "time": 1 }
				],
				"scale": [
					{ "curve": "stepped" },
					{ "time": 1 }
				]
			},
			"body4": {
				"rotate": [
					{ "value": 1.47, "curve": "stepped" },
					{ "time": 1, "value": 1.47 }
				],
				"translate": [
					{ "curve": "stepped" },
					{ "time": 1 }
				],
				"scale": [
					{ "curve": "stepped" },
					{ "time": 1 }
				]
			},
			"body5": {
				"rotate": [
					{ "value": 3.99, "curve": "stepped" },
					{ "time": 1, "value": 3.99 }
				],
				"translate": [
					{ "curve": "stepped" },
					{ "time": 1 }
				],
				"scale": [
					{ "curve": "stepped" },
					{ "time": 1 }
				]
			},
			"body6": {
				"rotate": [
					{ "value": -4.73, "curve": "stepped" },
					{ "time": 1, "value": -4.73 }
				],
				"translate": [
					{ "curve": "stepped" },
					{ "time": 1 }
				],
				"scale": [
					{ "curve": "stepped" },
					{ "time": 1 }
				]
			},
			"body7": {
				"rotate": [
					{ "value": -4.73, "curve": "stepped" },
					{ "time": 1, "value": -4.73 }
				],
				"translate": [
					{ "curve": "stepped" },
					{ "time": 1 }
				],
				"scale": [
					{ "curve": "stepped" },
					{ "time": 1 }
				]
			},
			"body8": {
				"rotate": [
					{ "value": -4.73, "curve": "stepped" },
					{ "time": 1, "value": -4.73 }
				],
				"translate": [
					{ "curve": "stepped" },
					{ "time": 1 }
				],
				"scale": [
					{ "curve": "stepped" },
					{ "time": 1 }
				]
			},
			"head": {
				"rotate": [
					{ "value": -159.29, "curve": "stepped" },
					{ "time": 1, "value": -159.29 }
				],
				"translate": [
					{ "x": -26.5, "y": -5.64, "curve": "stepped" },
					{ "time": 1, "x": -26.5, "y": -5.64 }
				],
				"scale": [
					{ "x": -1, "curve": "stepped" },
					{ "time": 1, "x": -1 }
				]
			},
			"eye_1": {
				"rotate": [
					{ "value": -96.23, "curve": "stepped" },
					{ "time": 1, "value": -96.23 }
				],
				"translate": [
					{ "x": 22.77, "y": -121.31, "curve": "stepped" },
					{ "time": 1, "x": 22.77, "y": -121.31 }
				],
				"scale": [
					{ "x": -0.767, "y": 0.767, "curve": "stepped" },
					{ "time": 1, "x": -0.767, "y": 0.767 }
				]
			},
			"emoji": {
				"rotate": [
					{ "value": 45.04, "curve": "stepped" },
					{ "time": 1, "value": 45.04 }
				],
				"translate": [
					{ "x": -4.45, "y": 0.56, "curve": "stepped" },
					{ "time": 1, "x": -4.45, "y": 0.56 }
				],
				"scale": [
					{ "x": -1.08, "y": 1.08, "curve": "stepped" },
					{ "time": 1, "x": -1.08, "y": 1.08 }
				]
			},
			"shouder_1": {
				"rotate": [
					{ "value": -110.99, "curve": "stepped" },
					{ "time": 1, "value": -110.99 }
				],
				"translate": [
					{ "x": 6.31, "y": 4.59, "curve": "stepped" },
					{ "time": 1, "x": 6.31, "y": 4.59 }
				],
				"scale": [
					{ "x": 0.916, "curve": "stepped" },
					{ "time": 1, "x": 0.916 }
				]
			},
			"arm_1": {
				"rotate": [
					{ "value": 26.98, "curve": "stepped" },
					{ "time": 1, "value": 26.98 }
				],
				"translate": [
					{ "curve": "stepped" },
					{ "time": 1 }
				],
				"scale": [
					{ "x": 1.115, "curve": "stepped" },
					{ "time": 1, "x": 1.115 }
				]
			},
			"shouder_2": {
				"rotate": [
					{ "value": 110.53, "curve": "stepped" },
					{ "time": 1, "value": 110.53 }
				],
				"translate": [
					{ "x": 1.88, "y": -14.36, "curve": "stepped" },
					{ "time": 1, "x": 1.88, "y": -14.36 }
				],
				"scale": [
					{ "x": 0.935, "curve": "stepped" },
					{ "time": 1, "x": 0.935 }
				]
			},
			"arm_2": {
				"rotate": [
					{ "value": -22.88, "curve": "stepped" },
					{ "time": 1, "value": -22.88 }
				],
				"translate": [
					{ "curve": "stepped" },
					{ "time": 1 }
				],
				"scale": [
					{ "x": 1.087, "curve": "stepped" },
					{ "time": 1, "x": 1.087 }
				]
			},
			"thigh_1": {
				"rotate": [
					{ "value": -46.58, "curve": "stepped" },
					{ "time": 1, "value": -46.58 }
				],
				"translate": [
					{ "x": -41.2, "y": 25.75, "curve": "stepped" },
					{ "time": 1, "x": -41.2, "y": 25.75 }
				],
				"scale": [
					{ "curve": "stepped" },
					{ "time": 1 }
				]
			},
			"leg_1": {
				"rotate": [
					{ "value": 80.95, "curve": "stepped" },
					{ "time": 1, "value": 80.95 }
				],
				"scale": [
					{ "curve": "stepped" },
					{ "time": 1 }
				]
			},
			"thigh_2": {
				"rotate": [
					{ "value": -46.35, "curve": "stepped" },
					{ "time": 1, "value": -46.35 }
				],
				"translate": [
					{ "x": -32.46, "y": 34.3, "curve": "stepped" },
					{ "time": 1, "x": -32.46, "y": 34.3 }
				],
				"scale": [
					{ "curve": "stepped" },
					{ "time": 1 }
				]
			},
			"leg_2": {
				"rotate": [
					{ "value": 35.6, "curve": "stepped" },
					{ "time": 1, "value": 35.6 }
				],
				"translate": [
					{ "curve": "stepped" },
					{ "time": 1 }
				],
				"scale": [
					{ "curve": "stepped" },
					{ "time": 1 }
				]
			},
			"foot_2": {
				"rotate": [
					{ "curve": "stepped" },
					{ "time": 1 }
				],
				"translate": [
					{ "x": -10.93, "y": -2.11, "curve": "stepped" },
					{ "time": 1, "x": -10.93, "y": -2.11 }
				],
				"scale": [
					{ "curve": "stepped" },
					{ "time": 1 }
				]
			},
			"foot_3": {
				"rotate": [
					{ "curve": "stepped" },
					{ "time": 1 }
				],
				"translate": [
					{ "x": 8.37, "y": 4.91, "curve": "stepped" },
					{ "time": 1, "x": 8.37, "y": 4.91 }
				],
				"scale": [
					{ "curve": "stepped" },
					{ "time": 1 }
				]
			},
			"eye_2": {
				"rotate": [
					{ "curve": "stepped" },
					{ "time": 1 }
				],
				"translate": [
					{ "curve": "stepped" },
					{ "time": 1 }
				],
				"scale": [
					{ "curve": "stepped" },
					{ "time": 1 }
				]
			},
			"toc": {
				"rotate": [
					{ "value": -11.66, "curve": "stepped" },
					{ "time": 1, "value": -11.66 }
				],
				"translate": [
					{ "x": -4.52, "y": 2.8, "curve": "stepped" },
					{ "time": 1, "x": -4.52, "y": 2.8 }
				],
				"scale": [
					{ "curve": "stepped" },
					{ "time": 1 }
				]
			},
			"tist_1": {
				"translate": [
					{ "x": -16.13, "y": -25.91, "curve": "stepped" },
					{ "time": 1, "x": -16.13, "y": -25.91 }
				]
			},
			"tist_2": {
				"translate": [
					{ "x": -15.51, "y": 24.07, "curve": "stepped" },
					{ "time": 1, "x": -15.51, "y": 24.07 }
				]
			},
			"feelling_2": {
				"rotate": [
					{ "value": 19.95, "curve": "stepped" },
					{ "time": 1, "value": 19.95 }
				],
				"translate": [
					{ "x": 9.18, "y": 437.65, "curve": "stepped" },
					{ "time": 1, "x": 9.18, "y": 437.65 }
				],
				"scale": [
					{ "x": 0.677, "y": 0.677, "curve": "stepped" },
					{ "time": 1, "x": 0.677, "y": 0.677 }
				]
			},
			"feelling_3": {
				"rotate": [
					{
						"value": -6.15,
						"curve": [ 0.019, -6.46, 0.041, -6.64 ]
					},
					{
						"time": 0.0667,
						"value": -6.64,
						"curve": [ 0.192, -6.64, 0.442, 11.14 ]
					},
					{
						"time": 0.5667,
						"value": 11.14,
						"curve": [ 0.807, 11.11, 0.827, -2.51 ]
					},
					{ "time": 1, "value": -6.15 }
				],
				"translate": [
					{ "x": -32.38, "y": 433.77, "curve": "stepped" },
					{ "time": 1, "x": -32.38, "y": 433.77 }
				],
				"scale": [
					{
						"x": -1.446,
						"y": 1.446,
						"curve": [ 0.033, -1.483, 0.074, -1.509, 0.033, 1.483, 0.074, 1.509 ]
					},
					{
						"time": 0.1333,
						"x": -1.509,
						"y": 1.509,
						"curve": [ 0.398, -1.508, 0.382, -0.898, 0.398, 1.508, 0.382, 0.898 ]
					},
					{
						"time": 0.6333,
						"x": -0.898,
						"y": 0.898,
						"curve": [ 0.842, -0.899, 0.876, -1.256, 0.842, 0.899, 0.876, 1.256 ]
					},
					{ "time": 1, "x": -1.446, "y": 1.446 }
				]
			},
			"feelling_1": {
				"rotate": [
					{ "value": 11.51, "curve": "stepped" },
					{ "time": 1, "value": 11.51 }
				],
				"translate": [
					{ "x": -94.08, "y": 586.32, "curve": "stepped" },
					{ "time": 1, "x": -94.08, "y": 586.32 }
				]
			}
		},
		"ik": {
			"foot_1": [
				{ "mix": 0.917, "stretch": true, "curve": "stepped" },
				{ "time": 1, "mix": 0.917, "stretch": true }
			],
			"foot_2": [
				{ "bendPositive": false, "stretch": true, "curve": "stepped" },
				{ "time": 1, "bendPositive": false, "stretch": true }
			]
		},
		"attachments": {
			"default": {
				"vay_1": {
					"vay_1": {
						"deform": [
							{
								"offset": 88,
								"vertices": [ 10.49677, -0.59152, 10.49677, -0.59152 ],
								"curve": "stepped"
							},
							{
								"time": 1,
								"offset": 88,
								"vertices": [ 10.49677, -0.59152, 10.49677, -0.59152 ]
							}
						]
					},
					"vay_2": {
						"deform": [
							{
								"offset": 14,
								"vertices": [ -2.75423, -7.78061, -2.75461, -7.78059, -2.75381, -7.78063, -2.75311, -7.7806, -8.25226, -7.09935, -8.25198, -7.09936, -8.25195, -7.09935, 1.12946, -9.08219, 2.10294, -8.90713, 1.53256, 0.26214, 2.1218, 6.04211, 0.625, -6.56767, 1.33023, -6.46177, -12.68329, 4.29413, -12.68307, 4.29413, -12.68277, 4.29413, -1.05356, 5.82035, -1.05423, 5.82037, -1.05316, 5.82034, -1.05197, 5.82036 ]
							},
							{
								"time": 1,
								"offset": 2,
								"vertices": [ -6.73978, 0.12402, -4.4933, 0.08268, 0, 0, 0, 0, 0, 0, 0, 0, -2.75423, -7.78061, -2.75461, -7.78059, -2.75381, -7.78063, -2.75311, -7.7806, -8.25226, -7.09935, -8.25198, -7.09936, -8.25195, -7.09935, 1.12946, -9.08219, 2.10294, -8.90713, 1.53256, 0.26214, 2.1218, 6.04211, 0.625, -6.56767, 1.33023, -6.46177, -12.68329, 4.29413, -12.68307, 4.29413, -12.68277, 4.29413, -1.05356, 5.82035, -1.05423, 5.82037, -1.05316, 5.82034, -1.05197, 5.82036 ]
							}
						]
					}
				}
			}
		},
		"drawOrder": [
			{
				"offsets": [
					{ "slot": "toc", "offset": 19 }
				]
			},
			{
				"time": 1,
				"offsets": [
					{ "slot": "toc", "offset": 19 }
				]
			}
		]
	},
	"t_89_1_lose": {
		"slots": {
			"body": {
				"attachment": [
					{}
				]
			},
			"emoji": {
				"attachment": [
					{ "name": "Emoji/emo_vo_8d" },
					{ "time": 0.0333, "name": "Emoji/emo_vo_8d" }
				]
			},
			"eye_1": {
				"attachment": [
					{},
					{ "time": 0.0333 }
				]
			},
			"feelling_1": {
				"attachment": [
					{},
					{ "time": 0.0333 }
				]
			},
			"feelling_2": {
				"attachment": [
					{ "name": "scare" },
					{ "time": 0.0333, "name": "scare" }
				]
			},
			"feelling_3": {
				"rgba": [
					{ "color": "ffffffff", "curve": "stepped" },
					{ "time": 0.0333, "color": "ffffffff" }
				],
				"attachment": [
					{ "name": "giat_minh" },
					{ "time": 0.0333, "name": "giat_minh" }
				]
			},
			"head": {
				"attachment": [
					{ "name": "head" },
					{ "time": 0.0333, "name": "head" }
				]
			},
			"nguc": {
				"attachment": [
					{},
					{ "time": 0.0333 }
				]
			},
			"nguc2": {
				"attachment": [
					{},
					{ "time": 0.0333 }
				]
			},
			"shoulder": {
				"attachment": [
					{ "name": "shoulder" },
					{ "time": 0.0333, "name": "shoulder" }
				]
			},
			"shoulder2": {
				"attachment": [
					{ "name": "shoulder" },
					{ "time": 0.0333, "name": "shoulder" }
				]
			},
			"shoulder3": {
				"attachment": [
					{ "name": "shoulder" },
					{ "time": 0.0333, "name": "shoulder" }
				]
			},
			"shoulder4": {
				"attachment": [
					{ "name": "shoulder" },
					{ "time": 0.0333, "name": "shoulder" }
				]
			},
			"toc": {
				"attachment": [
					{ "name": "hair/toc_1" },
					{ "time": 0.0333, "name": "hair/toc_1" }
				]
			},
			"vay_1": {
				"attachment": [
					{ "name": "vay_2" }
				]
			}
		},
		"bones": {
			"root": {
				"rotate": [
					{ "curve": "stepped" },
					{ "time": 0.0333 }
				],
				"translate": [
					{ "curve": "stepped" },
					{ "time": 0.0333 }
				],
				"scale": [
					{ "curve": "stepped" },
					{ "time": 0.0333 }
				]
			},
			"main": {
				"rotate": [
					{ "value": -7.66, "curve": "stepped" },
					{ "time": 0.0333, "value": -7.66 }
				],
				"translate": [
					{ "x": 25.54, "y": -35.53, "curve": "stepped" },
					{ "time": 0.0333, "x": 25.54, "y": -35.53 }
				],
				"scale": [
					{ "curve": "stepped" },
					{ "time": 0.0333 }
				]
			},
			"hip": {
				"rotate": [
					{}
				],
				"translate": [
					{}
				],
				"scale": [
					{}
				]
			},
			"body": {
				"rotate": [
					{ "value": 9.42, "curve": "stepped" },
					{ "time": 0.0333, "value": 9.42 }
				],
				"translate": [
					{ "x": -26.5, "y": 0.62, "curve": "stepped" },
					{ "time": 0.0333, "x": -26.5, "y": 0.62 }
				],
				"scale": [
					{ "curve": "stepped" },
					{ "time": 0.0333 }
				]
			},
			"body2": {
				"rotate": [
					{ "value": 0.7, "curve": "stepped" },
					{ "time": 0.0333, "value": 0.7 }
				],
				"translate": [
					{ "curve": "stepped" },
					{ "time": 0.0333 }
				],
				"scale": [
					{ "curve": "stepped" },
					{ "time": 0.0333 }
				]
			},
			"body3": {
				"rotate": [
					{ "value": 0.7, "curve": "stepped" },
					{ "time": 0.0333, "value": 0.7 }
				],
				"translate": [
					{ "curve": "stepped" },
					{ "time": 0.0333 }
				],
				"scale": [
					{ "curve": "stepped" },
					{ "time": 0.0333 }
				]
			},
			"body4": {
				"rotate": [
					{ "value": 0.7, "curve": "stepped" },
					{ "time": 0.0333, "value": 0.7 }
				],
				"translate": [
					{ "curve": "stepped" },
					{ "time": 0.0333 }
				],
				"scale": [
					{ "curve": "stepped" },
					{ "time": 0.0333 }
				]
			},
			"body5": {
				"rotate": [
					{ "value": 3.22, "curve": "stepped" },
					{ "time": 0.0333, "value": 3.22 }
				],
				"translate": [
					{ "curve": "stepped" },
					{ "time": 0.0333 }
				],
				"scale": [
					{ "curve": "stepped" },
					{ "time": 0.0333 }
				]
			},
			"body6": {
				"rotate": [
					{ "value": -5.5, "curve": "stepped" },
					{ "time": 0.0333, "value": -5.5 }
				],
				"translate": [
					{ "curve": "stepped" },
					{ "time": 0.0333 }
				],
				"scale": [
					{ "curve": "stepped" },
					{ "time": 0.0333 }
				]
			},
			"body7": {
				"rotate": [
					{ "value": -5.5, "curve": "stepped" },
					{ "time": 0.0333, "value": -5.5 }
				],
				"translate": [
					{ "curve": "stepped" },
					{ "time": 0.0333 }
				],
				"scale": [
					{ "curve": "stepped" },
					{ "time": 0.0333 }
				]
			},
			"body8": {
				"rotate": [
					{ "value": -5.5, "curve": "stepped" },
					{ "time": 0.0333, "value": -5.5 }
				],
				"translate": [
					{ "curve": "stepped" },
					{ "time": 0.0333 }
				],
				"scale": [
					{ "curve": "stepped" },
					{ "time": 0.0333 }
				]
			},
			"head": {
				"rotate": [
					{ "value": -162.42, "curve": "stepped" },
					{ "time": 0.0333, "value": -162.42 }
				],
				"translate": [
					{ "x": 1.4, "y": -2.25, "curve": "stepped" },
					{ "time": 0.0333, "x": 1.4, "y": -2.25 }
				],
				"scale": [
					{ "x": -1, "curve": "stepped" },
					{ "time": 0.0333, "x": -1 }
				]
			},
			"eye_1": {
				"rotate": [
					{ "value": -96.23, "curve": "stepped" },
					{ "time": 0.0333, "value": -96.23 }
				],
				"translate": [
					{ "x": 22.77, "y": -121.31, "curve": "stepped" },
					{ "time": 0.0333, "x": 22.77, "y": -121.31 }
				],
				"scale": [
					{ "x": -0.767, "y": 0.767, "curve": "stepped" },
					{ "time": 0.0333, "x": -0.767, "y": 0.767 }
				]
			},
			"emoji": {
				"rotate": [
					{ "value": 8.15, "curve": "stepped" },
					{ "time": 0.0333, "value": 8.15 }
				],
				"translate": [
					{ "x": -4.45, "y": 0.56, "curve": "stepped" },
					{ "time": 0.0333, "x": -4.45, "y": 0.56 }
				],
				"scale": [
					{ "x": -1.08, "y": 1.08, "curve": "stepped" },
					{ "time": 0.0333, "x": -1.08, "y": 1.08 }
				]
			},
			"shouder_1": {
				"rotate": [
					{ "value": -110.99, "curve": "stepped" },
					{ "time": 0.0333, "value": -110.99 }
				],
				"translate": [
					{ "x": 6.31, "y": 4.59, "curve": "stepped" },
					{ "time": 0.0333, "x": 6.31, "y": 4.59 }
				],
				"scale": [
					{ "x": 0.916, "curve": "stepped" },
					{ "time": 0.0333, "x": 0.916 }
				]
			},
			"arm_1": {
				"rotate": [
					{ "value": 8.78, "curve": "stepped" },
					{ "time": 0.0333, "value": 8.78 }
				],
				"translate": [
					{ "curve": "stepped" },
					{ "time": 0.0333 }
				],
				"scale": [
					{ "x": 1.115, "curve": "stepped" },
					{ "time": 0.0333, "x": 1.115 }
				]
			},
			"shouder_2": {
				"rotate": [
					{ "value": -158.23, "curve": "stepped" },
					{ "time": 0.0333, "value": -158.23 }
				],
				"translate": [
					{ "x": 1.88, "y": -14.36, "curve": "stepped" },
					{ "time": 0.0333, "x": 1.88, "y": -14.36 }
				],
				"scale": [
					{ "x": 0.935, "curve": "stepped" },
					{ "time": 0.0333, "x": 0.935 }
				]
			},
			"arm_2": {
				"rotate": [
					{ "value": 117.86, "curve": "stepped" },
					{ "time": 0.0333, "value": 117.86 }
				],
				"translate": [
					{ "curve": "stepped" },
					{ "time": 0.0333 }
				],
				"scale": [
					{ "x": 1.087, "curve": "stepped" },
					{ "time": 0.0333, "x": 1.087 }
				]
			},
			"thigh_1": {
				"rotate": [
					{ "value": -46.58, "curve": "stepped" },
					{ "time": 0.0333, "value": -46.58 }
				],
				"translate": [
					{ "x": -32.11, "y": 25.68, "curve": "stepped" },
					{ "time": 0.0333, "x": -32.11, "y": 25.68 }
				],
				"scale": [
					{ "curve": "stepped" },
					{ "time": 0.0333 }
				]
			},
			"leg_1": {
				"rotate": [
					{ "value": 80.95, "curve": "stepped" },
					{ "time": 0.0333, "value": 80.95 }
				],
				"scale": [
					{ "curve": "stepped" },
					{ "time": 0.0333 }
				]
			},
			"thigh_2": {
				"rotate": [
					{ "value": -46.35, "curve": "stepped" },
					{ "time": 0.0333, "value": -46.35 }
				],
				"translate": [
					{ "x": -32.46, "y": 34.3, "curve": "stepped" },
					{ "time": 0.0333, "x": -32.46, "y": 34.3 }
				],
				"scale": [
					{ "curve": "stepped" },
					{ "time": 0.0333 }
				]
			},
			"leg_2": {
				"rotate": [
					{ "value": 35.6, "curve": "stepped" },
					{ "time": 0.0333, "value": 35.6 }
				],
				"translate": [
					{ "curve": "stepped" },
					{ "time": 0.0333 }
				],
				"scale": [
					{ "curve": "stepped" },
					{ "time": 0.0333 }
				]
			},
			"foot_2": {
				"rotate": [
					{ "curve": "stepped" },
					{ "time": 0.0333 }
				],
				"translate": [
					{ "x": -40.49, "y": -7.25, "curve": "stepped" },
					{ "time": 0.0333, "x": -40.49, "y": -7.25 }
				],
				"scale": [
					{ "curve": "stepped" },
					{ "time": 0.0333 }
				]
			},
			"foot_3": {
				"rotate": [
					{ "curve": "stepped" },
					{ "time": 0.0333 }
				],
				"translate": [
					{ "x": 35.95, "y": -4.31, "curve": "stepped" },
					{ "time": 0.0333, "x": 35.95, "y": -4.31 }
				],
				"scale": [
					{ "curve": "stepped" },
					{ "time": 0.0333 }
				]
			},
			"eye_2": {
				"rotate": [
					{ "curve": "stepped" },
					{ "time": 0.0333 }
				],
				"translate": [
					{ "curve": "stepped" },
					{ "time": 0.0333 }
				],
				"scale": [
					{ "curve": "stepped" },
					{ "time": 0.0333 }
				]
			},
			"toc": {
				"rotate": [
					{ "value": -11.66, "curve": "stepped" },
					{ "time": 0.0333, "value": -11.66 }
				],
				"translate": [
					{ "x": -4.52, "y": 2.8, "curve": "stepped" },
					{ "time": 0.0333, "x": -4.52, "y": 2.8 }
				],
				"scale": [
					{ "curve": "stepped" },
					{ "time": 0.0333 }
				]
			},
			"tist_1": {
				"translate": [
					{ "x": -16.13, "y": -25.91, "curve": "stepped" },
					{ "time": 0.0333, "x": -16.13, "y": -25.91 }
				]
			},
			"tist_2": {
				"translate": [
					{ "x": -15.51, "y": 24.07, "curve": "stepped" },
					{ "time": 0.0333, "x": -15.51, "y": 24.07 }
				]
			},
			"feelling_2": {
				"rotate": [
					{ "value": 19.95, "curve": "stepped" },
					{ "time": 0.0333, "value": 19.95 }
				],
				"translate": [
					{ "x": -97.22, "y": 562.45, "curve": "stepped" },
					{ "time": 0.0333, "x": -97.22, "y": 562.45 }
				],
				"scale": [
					{ "x": 1.582, "y": 1.582, "curve": "stepped" },
					{ "time": 0.0333, "x": 1.582, "y": 1.582 }
				]
			},
			"feelling_3": {
				"rotate": [
					{ "value": -92.86, "curve": "stepped" },
					{ "time": 0.0333, "value": -92.86 }
				],
				"translate": [
					{ "x": 70, "y": 576.82, "curve": "stepped" },
					{ "time": 0.0333, "x": 70, "y": 576.82 }
				],
				"scale": [
					{ "x": -1.101, "y": 1.101, "curve": "stepped" },
					{ "time": 0.0333, "x": -1.101, "y": 1.101 }
				]
			},
			"feelling_1": {
				"rotate": [
					{ "value": -16.18, "curve": "stepped" },
					{ "time": 0.0333, "value": -16.18 }
				],
				"translate": [
					{ "x": 2.09, "y": 444.07, "curve": "stepped" },
					{ "time": 0.0333, "x": 2.09, "y": 444.07 }
				],
				"scale": [
					{ "x": 1.028, "y": 1.028, "curve": "stepped" },
					{ "time": 0.0333, "x": 1.028, "y": 1.028 }
				]
			}
		},
		"ik": {
			"foot_1": [
				{ "stretch": true, "curve": "stepped" },
				{ "time": 0.0333, "stretch": true }
			],
			"foot_2": [
				{ "bendPositive": false, "stretch": true, "curve": "stepped" },
				{ "time": 0.0333, "bendPositive": false, "stretch": true }
			]
		},
		"attachments": {
			"default": {
				"vay_1": {
					"vay_1": {
						"deform": [
							{
								"offset": 88,
								"vertices": [ 10.49677, -0.59152, 10.49677, -0.59152 ]
							}
						]
					},
					"vay_2": {
						"deform": [
							{
								"offset": 14,
								"vertices": [ -2.75423, -7.78061, -2.75461, -7.78059, -2.75381, -7.78063, -2.75311, -7.7806, -8.25226, -7.09935, -8.25198, -7.09936, -8.25195, -7.09935, 1.12946, -9.08219, 2.10294, -8.90713, 1.53256, 0.26214, 2.1218, 6.04211, 0.625, -6.56767, 1.33023, -6.46177, -12.68329, 4.29413, -12.68307, 4.29413, -12.68277, 4.29413, -1.05356, 5.82035, -1.05423, 5.82037, -1.05316, 5.82034, -1.05197, 5.82036 ]
							},
							{
								"time": 0.0333,
								"offset": 14,
								"vertices": [ -2.75423, -7.78061, -2.75461, -7.78059, -2.75381, -7.78063, -2.75311, -7.7806, -8.25226, -7.09935, -8.25198, -7.09936, -8.25195, -7.09935, 1.12946, -9.08219, 2.10294, -8.90713, 1.53256, 0.26214, 2.1218, 6.04211, 0.625, -6.56767, 1.33023, -6.46177, 5.38431, 7.99414, 5.42871, 7.77182, 5.47018, 7.54889, 0.87245, 3.77223, 0.84647, 3.74873, 0.82208, 3.72552, 0.79727, 3.7026 ]
							}
						]
					}
				}
			}
		},
		"drawOrder": [
			{
				"offsets": [
					{ "slot": "toc", "offset": 17 }
				]
			},
			{
				"time": 0.0333,
				"offsets": [
					{ "slot": "toc", "offset": 17 }
				]
			}
		]
	},
	"t_89_1_win": {
		"slots": {
			"body": {
				"attachment": [
					{},
					{ "time": 1 }
				]
			},
			"emoji": {
				"attachment": [
					{ "name": "Emoji/emo_vo_32" },
					{ "time": 1, "name": "Emoji/emo_vo_32" }
				]
			},
			"eye_1": {
				"attachment": [
					{},
					{ "time": 1 }
				]
			},
			"feelling_1": {
				"attachment": [
					{ "name": "z_1" },
					{ "time": 1, "name": "z_1" }
				]
			},
			"feelling_2": {
				"attachment": [
					{},
					{ "time": 1 }
				]
			},
			"feelling_3": {
				"rgba": [
					{ "color": "89fffda8", "curve": "stepped" },
					{ "time": 1, "color": "89fffda8" }
				],
				"attachment": [
					{ "name": "kho" },
					{ "time": 1, "name": "kho" }
				]
			},
			"head": {
				"attachment": [
					{ "name": "head" },
					{ "time": 1, "name": "head" }
				]
			},
			"nguc": {
				"attachment": [
					{},
					{ "time": 1 }
				]
			},
			"nguc2": {
				"attachment": [
					{},
					{ "time": 1 }
				]
			},
			"shoulder": {
				"attachment": [
					{ "name": "shoulder" },
					{ "time": 1, "name": "shoulder" }
				]
			},
			"shoulder2": {
				"attachment": [
					{ "name": "shoulder" },
					{ "time": 1, "name": "shoulder" }
				]
			},
			"shoulder3": {
				"attachment": [
					{ "name": "shoulder" },
					{ "time": 1, "name": "shoulder" }
				]
			},
			"shoulder4": {
				"attachment": [
					{ "name": "shoulder" },
					{ "time": 1, "name": "shoulder" }
				]
			},
			"toc": {
				"attachment": [
					{ "name": "hair/toc_1" },
					{ "time": 1, "name": "hair/toc_1" }
				]
			},
			"vay_1": {
				"attachment": [
					{ "name": "vay_2" },
					{ "time": 1, "name": "vay_2" }
				]
			}
		},
		"bones": {
			"root": {
				"rotate": [
					{ "curve": "stepped" },
					{ "time": 1 }
				],
				"translate": [
					{ "curve": "stepped" },
					{ "time": 1 }
				],
				"scale": [
					{ "curve": "stepped" },
					{ "time": 1 }
				]
			},
			"main": {
				"rotate": [
					{ "value": -7.66, "curve": "stepped" },
					{ "time": 1, "value": -7.66 }
				],
				"translate": [
					{ "x": 25.54, "y": -40.67, "curve": "stepped" },
					{ "time": 1, "x": 25.54, "y": -40.67 }
				],
				"scale": [
					{ "curve": "stepped" },
					{ "time": 1 }
				]
			},
			"hip": {
				"rotate": [
					{ "curve": "stepped" },
					{ "time": 1 }
				],
				"translate": [
					{ "curve": "stepped" },
					{ "time": 1 }
				],
				"scale": [
					{ "curve": "stepped" },
					{ "time": 1 }
				]
			},
			"body": {
				"rotate": [
					{ "value": 8.19, "curve": "stepped" },
					{ "time": 1, "value": 8.19 }
				],
				"translate": [
					{ "x": -26.5, "y": 0.62, "curve": "stepped" },
					{ "time": 1, "x": -26.5, "y": 0.62 }
				],
				"scale": [
					{ "curve": "stepped" },
					{ "time": 1 }
				]
			},
			"body2": {
				"rotate": [
					{ "value": -0.52, "curve": "stepped" },
					{ "time": 1, "value": -0.52 }
				],
				"translate": [
					{ "curve": "stepped" },
					{ "time": 1 }
				],
				"scale": [
					{ "curve": "stepped" },
					{ "time": 1 }
				]
			},
			"body3": {
				"rotate": [
					{ "value": -0.52, "curve": "stepped" },
					{ "time": 1, "value": -0.52 }
				],
				"translate": [
					{ "curve": "stepped" },
					{ "time": 1 }
				],
				"scale": [
					{ "curve": "stepped" },
					{ "time": 1 }
				]
			},
			"body4": {
				"rotate": [
					{ "value": -0.52, "curve": "stepped" },
					{ "time": 1, "value": -0.52 }
				],
				"translate": [
					{ "curve": "stepped" },
					{ "time": 1 }
				],
				"scale": [
					{ "curve": "stepped" },
					{ "time": 1 }
				]
			},
			"body5": {
				"rotate": [
					{ "value": 2, "curve": "stepped" },
					{ "time": 1, "value": 2 }
				],
				"translate": [
					{ "curve": "stepped" },
					{ "time": 1 }
				],
				"scale": [
					{ "curve": "stepped" },
					{ "time": 1 }
				]
			},
			"body6": {
				"rotate": [
					{ "value": -6.72, "curve": "stepped" },
					{ "time": 1, "value": -6.72 }
				],
				"translate": [
					{ "curve": "stepped" },
					{ "time": 1 }
				],
				"scale": [
					{ "curve": "stepped" },
					{ "time": 1 }
				]
			},
			"body7": {
				"rotate": [
					{ "value": -6.72, "curve": "stepped" },
					{ "time": 1, "value": -6.72 }
				],
				"translate": [
					{ "curve": "stepped" },
					{ "time": 1 }
				],
				"scale": [
					{ "curve": "stepped" },
					{ "time": 1 }
				]
			},
			"body8": {
				"rotate": [
					{ "value": -6.72, "curve": "stepped" },
					{ "time": 1, "value": -6.72 }
				],
				"translate": [
					{ "curve": "stepped" },
					{ "time": 1 }
				],
				"scale": [
					{ "curve": "stepped" },
					{ "time": 1 }
				]
			},
			"head": {
				"rotate": [
					{ "value": 1.96, "curve": "stepped" },
					{ "time": 1, "value": 1.96 }
				],
				"translate": [
					{ "x": -28.66, "y": -12.57, "curve": "stepped" },
					{ "time": 1, "x": -28.66, "y": -12.57 }
				],
				"scale": [
					{ "curve": "stepped" },
					{ "time": 1 }
				]
			},
			"eye_1": {
				"rotate": [
					{ "value": -96.23, "curve": "stepped" },
					{ "time": 1, "value": -96.23 }
				],
				"translate": [
					{ "x": 22.77, "y": -121.31, "curve": "stepped" },
					{ "time": 1, "x": 22.77, "y": -121.31 }
				],
				"scale": [
					{ "x": -0.767, "y": 0.767, "curve": "stepped" },
					{ "time": 1, "x": -0.767, "y": 0.767 }
				]
			},
			"emoji": {
				"rotate": [
					{ "value": 34.78, "curve": "stepped" },
					{ "time": 1, "value": 34.78 }
				],
				"translate": [
					{ "x": -1.06, "y": -0.42, "curve": "stepped" },
					{ "time": 1, "x": -1.06, "y": -0.42 }
				],
				"scale": [
					{ "x": -1.08, "y": 1.08, "curve": "stepped" },
					{ "time": 1, "x": -1.08, "y": 1.08 }
				]
			},
			"shouder_1": {
				"rotate": [
					{ "value": -110.99, "curve": "stepped" },
					{ "time": 1, "value": -110.99 }
				],
				"translate": [
					{ "x": 6.31, "y": 4.59, "curve": "stepped" },
					{ "time": 1, "x": 6.31, "y": 4.59 }
				],
				"scale": [
					{ "x": 0.916, "curve": "stepped" },
					{ "time": 1, "x": 0.916 }
				]
			},
			"arm_1": {
				"rotate": [
					{ "value": 26.98, "curve": "stepped" },
					{ "time": 1, "value": 26.98 }
				],
				"translate": [
					{ "curve": "stepped" },
					{ "time": 1 }
				],
				"scale": [
					{ "x": 1.115, "curve": "stepped" },
					{ "time": 1, "x": 1.115 }
				]
			},
			"shouder_2": {
				"rotate": [
					{ "value": 117.5, "curve": "stepped" },
					{ "time": 1, "value": 117.5 }
				],
				"translate": [
					{ "x": 1.88, "y": -14.36, "curve": "stepped" },
					{ "time": 1, "x": 1.88, "y": -14.36 }
				],
				"scale": [
					{ "x": 0.935, "curve": "stepped" },
					{ "time": 1, "x": 0.935 }
				]
			},
			"arm_2": {
				"rotate": [
					{ "value": -19.49, "curve": "stepped" },
					{ "time": 1, "value": -19.49 }
				],
				"translate": [
					{ "curve": "stepped" },
					{ "time": 1 }
				],
				"scale": [
					{ "x": 1.087, "curve": "stepped" },
					{ "time": 1, "x": 1.087 }
				]
			},
			"thigh_1": {
				"rotate": [
					{ "value": -46.58, "curve": "stepped" },
					{ "time": 1, "value": -46.58 }
				],
				"translate": [
					{ "x": -41.2, "y": 25.75, "curve": "stepped" },
					{ "time": 1, "x": -41.2, "y": 25.75 }
				],
				"scale": [
					{ "curve": "stepped" },
					{ "time": 1 }
				]
			},
			"leg_1": {
				"rotate": [
					{ "value": 80.95, "curve": "stepped" },
					{ "time": 1, "value": 80.95 }
				],
				"scale": [
					{ "curve": "stepped" },
					{ "time": 1 }
				]
			},
			"thigh_2": {
				"rotate": [
					{ "value": -46.35, "curve": "stepped" },
					{ "time": 1, "value": -46.35 }
				],
				"translate": [
					{ "x": -32.46, "y": 34.3, "curve": "stepped" },
					{ "time": 1, "x": -32.46, "y": 34.3 }
				],
				"scale": [
					{ "curve": "stepped" },
					{ "time": 1 }
				]
			},
			"leg_2": {
				"rotate": [
					{ "value": 35.6, "curve": "stepped" },
					{ "time": 1, "value": 35.6 }
				],
				"translate": [
					{ "curve": "stepped" },
					{ "time": 1 }
				],
				"scale": [
					{ "curve": "stepped" },
					{ "time": 1 }
				]
			},
			"foot_2": {
				"rotate": [
					{ "curve": "stepped" },
					{ "time": 1 }
				],
				"translate": [
					{ "x": -10.93, "y": -2.11, "curve": "stepped" },
					{ "time": 1, "x": -10.93, "y": -2.11 }
				],
				"scale": [
					{ "curve": "stepped" },
					{ "time": 1 }
				]
			},
			"foot_3": {
				"rotate": [
					{ "curve": "stepped" },
					{ "time": 1 }
				],
				"translate": [
					{ "x": 8.37, "y": 4.91, "curve": "stepped" },
					{ "time": 1, "x": 8.37, "y": 4.91 }
				],
				"scale": [
					{ "curve": "stepped" },
					{ "time": 1 }
				]
			},
			"eye_2": {
				"rotate": [
					{ "curve": "stepped" },
					{ "time": 1 }
				],
				"translate": [
					{ "curve": "stepped" },
					{ "time": 1 }
				],
				"scale": [
					{ "curve": "stepped" },
					{ "time": 1 }
				]
			},
			"toc": {
				"rotate": [
					{ "value": -11.66, "curve": "stepped" },
					{ "time": 1, "value": -11.66 }
				],
				"translate": [
					{ "x": -4.52, "y": 2.8, "curve": "stepped" },
					{ "time": 1, "x": -4.52, "y": 2.8 }
				],
				"scale": [
					{ "curve": "stepped" },
					{ "time": 1 }
				]
			},
			"tist_1": {
				"translate": [
					{ "x": -16.13, "y": -25.91, "curve": "stepped" },
					{ "time": 1, "x": -16.13, "y": -25.91 }
				]
			},
			"tist_2": {
				"translate": [
					{ "x": -15.51, "y": 24.07, "curve": "stepped" },
					{ "time": 1, "x": -15.51, "y": 24.07 }
				]
			},
			"feelling_2": {
				"rotate": [
					{ "value": 19.95, "curve": "stepped" },
					{ "time": 1, "value": 19.95 }
				],
				"translate": [
					{ "x": 9.18, "y": 437.65, "curve": "stepped" },
					{ "time": 1, "x": 9.18, "y": 437.65 }
				],
				"scale": [
					{ "x": 0.677, "y": 0.677, "curve": "stepped" },
					{ "time": 1, "x": 0.677, "y": 0.677 }
				]
			},
			"feelling_3": {
				"rotate": [
					{
						"value": -7.55,
						"curve": [ 0.028, -6.99, 0.06, -6.64 ]
					},
					{
						"time": 0.1,
						"value": -6.64,
						"curve": [ 0.225, -6.64, 0.475, -20.96 ]
					},
					{
						"time": 0.6,
						"value": -20.96,
						"curve": [ 0.789, -20.96, 0.841, -11.38 ]
					},
					{ "time": 1, "value": -7.55 }
				],
				"translate": [
					{ "x": 39.57, "y": 433.88, "curve": "stepped" },
					{ "time": 1, "x": 39.57, "y": 433.88 }
				],
				"scale": [
					{
						"x": 1.446,
						"y": 1.446,
						"curve": [ 0.217, 1.446, 0.238, 0.878, 0.217, 1.446, 0.238, 0.878 ]
					},
					{
						"time": 0.5,
						"x": 0.878,
						"y": 0.878,
						"curve": [ 0.717, 0.878, 0.738, 1.446, 0.717, 0.878, 0.738, 1.446 ]
					},
					{ "time": 1, "x": 1.446, "y": 1.446 }
				]
			},
			"feelling_1": {
				"rotate": [
					{ "value": -28.49, "curve": "stepped" },
					{ "time": 1, "value": -28.49 }
				],
				"translate": [
					{ "x": 79.36, "y": 571.99, "curve": "stepped" },
					{ "time": 1, "x": 79.36, "y": 571.99 }
				]
			}
		},
		"ik": {
			"foot_1": [
				{ "mix": 0.917, "stretch": true, "curve": "stepped" },
				{ "time": 1, "mix": 0.917, "stretch": true }
			],
			"foot_2": [
				{ "bendPositive": false, "stretch": true, "curve": "stepped" },
				{ "time": 1, "bendPositive": false, "stretch": true }
			]
		},
		"attachments": {
			"default": {
				"vay_1": {
					"vay_1": {
						"deform": [
							{
								"offset": 88,
								"vertices": [ 10.49677, -0.59152, 10.49677, -0.59152 ],
								"curve": "stepped"
							},
							{
								"time": 1,
								"offset": 88,
								"vertices": [ 10.49677, -0.59152, 10.49677, -0.59152 ]
							}
						]
					},
					"vay_2": {
						"deform": [
							{
								"offset": 14,
								"vertices": [ -2.75423, -7.78061, -2.75461, -7.78059, -2.75381, -7.78063, -2.75311, -7.7806, -8.25226, -7.09935, -8.25198, -7.09936, -8.25195, -7.09935, 1.12946, -9.08219, 2.10294, -8.90713, 1.53256, 0.26214, 2.1218, 6.04211, 0.625, -6.56767, 1.33023, -6.46177, -12.68329, 4.29413, -12.68307, 4.29413, -12.68277, 4.29413, -1.05356, 5.82035, -1.05423, 5.82037, -1.05316, 5.82034, -1.05197, 5.82036 ],
								"curve": "stepped"
							},
							{
								"time": 1,
								"offset": 14,
								"vertices": [ -2.75423, -7.78061, -2.75461, -7.78059, -2.75381, -7.78063, -2.75311, -7.7806, -8.25226, -7.09935, -8.25198, -7.09936, -8.25195, -7.09935, 1.12946, -9.08219, 2.10294, -8.90713, 1.53256, 0.26214, 2.1218, 6.04211, 0.625, -6.56767, 1.33023, -6.46177, -12.68329, 4.29413, -12.68307, 4.29413, -12.68277, 4.29413, -1.05356, 5.82035, -1.05423, 5.82037, -1.05316, 5.82034, -1.05197, 5.82036 ]
							}
						]
					}
				}
			}
		},
		"drawOrder": [
			{
				"offsets": [
					{ "slot": "toc", "offset": 19 }
				]
			},
			{
				"time": 1,
				"offsets": [
					{ "slot": "toc", "offset": 19 }
				]
			}
		]
	}
}
}