{
"skeleton": { "hash": "p5FfqnHdKiQ", "spine": "4.1.24", "x": -388.28, "y": -425.09, "width": 724.41, "height": 1282.48 },
"bones": [
	{ "name": "root", "rotation": 0.2 },
	{ "name": "move", "parent": "root", "x": -119.99, "scaleX": -1 },
	{ "name": "main", "parent": "move", "y": 256.6 },
	{ "name": "hip", "parent": "main" },
	{ "name": "body", "parent": "hip", "length": 26.97, "rotation": 90 },
	{ "name": "body2", "parent": "body", "length": 26.97, "x": 26.97 },
	{ "name": "body3", "parent": "body2", "length": 26.97, "x": 26.97 },
	{ "name": "body4", "parent": "body3", "length": 26.97, "rotation": -0.06, "x": 26.97 },
	{ "name": "body5", "parent": "body4", "length": 26.97, "x": 26.97 },
	{ "name": "body6", "parent": "body5", "length": 26.97, "x": 26.97 },
	{ "name": "body7", "parent": "body6", "length": 26.97, "x": 26.97 },
	{ "name": "body8", "parent": "body7", "length": 26.97, "x": 26.97 },
	{ "name": "head", "parent": "body8", "length": 135.67, "x": 24.75 },
	{ "name": "feeling_3", "parent": "head", "rotation": -0.18, "x": 87.53, "y": 30.96 },
	{ "name": "emoji", "parent": "head", "rotation": -90, "x": 62, "y": 1.49 },
	{ "name": "shouder_1", "parent": "body7", "length": 100.06, "rotation": -90, "x": 15.39, "y": 0.02 },
	{ "name": "arm_1", "parent": "shouder_1", "length": 100.06, "x": 94.79 },
	{ "name": "shouder_2", "parent": "body7", "length": 100.06, "rotation": 90, "x": 15.39, "y": 0.02 },
	{ "name": "arm_2", "parent": "shouder_2", "length": 100.06, "x": 94.79 },
	{ "name": "thigh_1", "parent": "main", "length": 134.15, "rotation": -90, "x": -0.54, "y": 4.23 },
	{ "name": "leg_1", "parent": "thigh_1", "length": 134.15, "x": 128.14 },
	{ "name": "thigh_2", "parent": "main", "length": 134.15, "rotation": -90, "x": -0.1, "y": 4.23 },
	{ "name": "leg_2", "parent": "thigh_2", "length": 134.15, "x": 128.14 },
	{ "name": "foot_2", "parent": "move", "x": 0.16, "y": -2.18 },
	{ "name": "foot_3", "parent": "move", "x": 0.1, "y": -2.12 },
	{
		"name": "feeling_5",
		"parent": "head",
		"rotation": -0.18,
		"x": 87.53,
		"y": -25.11,
		"scaleX": 2,
		"scaleY": 2
	},
	{ "name": "item_1", "parent": "move", "x": -1.93, "y": 450.24 },
	{ "name": "feeling_1", "parent": "main", "rotation": -20.17, "x": 72.35, "y": 376.02 },
	{ "name": "feeling_2", "parent": "main", "rotation": -20.17, "x": 72.35, "y": 376.02 },
	{ "name": "hair_1", "parent": "main", "rotation": 0.07, "x": -120, "y": -254.77 },
	{
		"name": "feeling_4",
		"parent": "head",
		"rotation": -0.18,
		"x": 87.53,
		"y": -25.11,
		"scaleX": 2,
		"scaleY": 2
	},
	{ "name": "item_tay", "parent": "arm_2", "x": 101.01, "y": -1.25 }
],
"slots": [
	{ "name": "bg_gane_play", "bone": "root", "color": "ffffff4f" },
	{ "name": "item", "bone": "item_1" },
	{ "name": "body", "bone": "hip", "color": "000000ff", "attachment": "body" },
	{ "name": "shoulder1", "bone": "shouder_1", "color": "000000ff" },
	{ "name": "shoulder3", "bone": "shouder_2", "color": "000000ff" },
	{ "name": "shoulder2", "bone": "arm_1", "color": "000000ff" },
	{ "name": "shoulder4", "bone": "arm_2", "color": "000000ff" },
	{ "name": "thigh", "bone": "thigh_1", "color": "000000ff", "attachment": "thigh" },
	{ "name": "thigh3", "bone": "thigh_2", "color": "000000ff", "attachment": "thigh" },
	{ "name": "thigh2", "bone": "leg_1", "color": "000000ff", "attachment": "thigh" },
	{ "name": "thigh4", "bone": "leg_2", "color": "000000ff", "attachment": "thigh" },
	{ "name": "head", "bone": "head", "attachment": "head" },
	{ "name": "hair", "bone": "hair_1" },
	{ "name": "Emoji", "bone": "emoji" },
	{ "name": "feeling_3", "bone": "feeling_3", "color": "000000ff" },
	{ "name": "feeling_5", "bone": "feeling_5" },
	{ "name": "feeling_4", "bone": "feeling_4" },
	{ "name": "feeling_1", "bone": "feeling_1" },
	{ "name": "feeling_2", "bone": "feeling_2" },
	{ "name": "item_tay", "bone": "item_tay" }
],
"ik": [
	{
		"name": "foot_1",
		"bones": [ "thigh_1", "leg_1" ],
		"target": "foot_2",
		"mix": 0,
		"stretch": true
	},
	{
		"name": "foot_2",
		"order": 1,
		"bones": [ "thigh_2", "leg_2" ],
		"target": "foot_3",
		"mix": 0,
		"stretch": true
	}
],
"skins": [
	{
		"name": "default",
		"attachments": {
			"body": {
				"body": {
					"type": "mesh",
					"uvs": [ 1, 1, 0, 1, 0, 0.875, 0, 0.75, 0, 0.625, 0, 0.5, 0, 0.375, 0, 0.25, 0, 0.125, 0, 0, 1, 0, 1, 0.125, 1, 0.25, 1, 0.375, 1, 0.5, 1, 0.625, 1, 0.75, 1, 0.875 ],
					"triangles": [ 8, 9, 10, 11, 8, 10, 7, 8, 11, 12, 7, 11, 6, 7, 12, 13, 6, 12, 5, 6, 13, 14, 5, 13, 4, 5, 14, 15, 4, 14, 3, 4, 15, 16, 3, 15, 2, 3, 16, 17, 2, 16, 1, 2, 17, 0, 1, 17 ],
					"vertices": [ 1, 4, -1.7, -5.5, 1, 1, 4, -1.7, 5.5, 1, 2, 4, 25.68, 5.5, 0.70301, 5, -1.29, 5.5, 0.29699, 2, 5, 26.08, 5.5, 0.65569, 6, -0.88, 5.5, 0.34431, 2, 6, 26.49, 5.5, 0.55905, 7, -0.48, 5.5, 0.44095, 2, 7, 26.9, 5.5, 0.51367, 8, -0.07, 5.5, 0.48633, 2, 8, 27.3, 5.5, 0.41705, 9, 0.33, 5.5, 0.58295, 2, 9, 27.71, 5.5, 0.38565, 10, 0.74, 5.5, 0.61435, 2, 10, 28.11, 5.5, 0.36868, 11, 1.14, 5.5, 0.63132, 1, 11, 28.52, 5.5, 1, 1, 11, 28.52, -5.5, 1, 2, 10, 28.11, -5.5, 0.3064, 11, 1.14, -5.5, 0.6936, 2, 9, 27.71, -5.5, 0.40945, 10, 0.74, -5.5, 0.59055, 2, 8, 27.3, -5.5, 0.44404, 9, 0.33, -5.5, 0.55596, 2, 7, 26.9, -5.5, 0.52991, 8, -0.07, -5.5, 0.47009, 2, 6, 26.49, -5.5, 0.58474, 7, -0.48, -5.5, 0.41526, 2, 5, 26.08, -5.5, 0.62061, 6, -0.88, -5.5, 0.37939, 2, 4, 25.68, -5.5, 0.65664, 5, -1.29, -5.5, 0.34336 ],
					"hull": 18
				}
			},
			"Emoji": {
				"Emoji/emo_42": { "width": 90, "height": 74 },
				"Emoji/emo_57": { "y": 0.5, "width": 101, "height": 101 },
				"Emoji/new/emo_31_b": { "x": 0.5, "y": 0.5, "width": 78, "height": 83 },
				"Emoji/new/emo_56": { "width": 90, "height": 102 }
			},
			"feeling_1": {
				"cauco": { "y": 0.5, "width": 50, "height": 45 },
				"mo_hoi": { "x": 0.5, "y": 0.5, "width": 19, "height": 41 },
				"rung": { "x": 0.5, "rotation": 13.67, "width": 18, "height": 51 }
			},
			"feeling_2": {
				"giat_minh": { "x": 0.5, "y": 0.5, "width": 70, "height": 66 }
			},
			"feeling_3": {
				"scare": { "width": 80, "height": 83 }
			},
			"feeling_4": {
				"giat_minh": { "width": 70, "height": 66 }
			},
			"feeling_5": {
				"cham_than": { "x": 0.5, "y": 0.5, "rotation": -270, "width": 17, "height": 57 },
				"scare": { "y": 0.5, "width": 80, "height": 83 }
			},
			"hair": {
				"hair/man/mu_canh_sat": { "width": 184, "height": 96 }
			},
			"head": {
				"head": { "x": 68.85, "rotation": -89.87, "width": 144, "height": 144 }
			},
			"shoulder1": {
				"shoulder": { "x": 49.22, "rotation": -90, "width": 15, "height": 105 }
			},
			"shoulder2": {
				"shoulder": { "x": 49.22, "rotation": -90, "width": 15, "height": 105 }
			},
			"shoulder3": {
				"shoulder": { "x": 49.22, "rotation": -90, "width": 15, "height": 105 }
			},
			"shoulder4": {
				"shoulder": { "x": 50.57, "rotation": -90, "width": 15, "height": 105 }
			},
			"thigh": {
				"thigh": { "x": 66.01, "rotation": -90, "width": 14, "height": 137 }
			},
			"thigh2": {
				"thigh": { "x": 66.01, "rotation": -90, "width": 14, "height": 137 }
			},
			"thigh3": {
				"thigh": { "x": 66.01, "rotation": -90, "width": 14, "height": 137 }
			},
			"thigh4": {
				"thigh": { "x": 66.01, "rotation": -90, "width": 14, "height": 137 }
			}
		}
	}
],
"animations": {
	"t_89_1_be": {
		"slots": {
			"body": {
				"rgba": [
					{ "color": "000000ff", "curve": "stepped" },
					{ "time": 0.0333, "color": "000000ff" }
				]
			},
			"Emoji": {
				"rgba": [
					{ "color": "ffffffff", "curve": "stepped" },
					{ "time": 0.0333, "color": "ffffffff" }
				],
				"attachment": [
					{ "name": "Emoji/new/emo_31_b" },
					{ "time": 0.0333, "name": "Emoji/new/emo_31_b" }
				]
			},
			"feeling_1": {
				"attachment": [
					{},
					{ "time": 0.0333 }
				]
			},
			"feeling_2": {
				"attachment": [
					{},
					{ "time": 0.0333 }
				]
			},
			"feeling_3": {
				"rgba": [
					{ "color": "ffffffff", "curve": "stepped" },
					{ "time": 0.0333, "color": "ffffffff" }
				],
				"attachment": [
					{},
					{ "time": 0.0333 }
				]
			},
			"feeling_4": {
				"attachment": [
					{ "name": "giat_minh" },
					{ "time": 0.0333, "name": "giat_minh" }
				]
			},
			"feeling_5": {
				"rgba": [
					{ "color": "fffc00ff", "curve": "stepped" },
					{ "time": 0.0333, "color": "fffc00ff" }
				],
				"attachment": [
					{},
					{ "time": 0.0333 }
				]
			},
			"hair": {
				"attachment": [
					{},
					{ "time": 0.0333 }
				]
			},
			"head": {
				"rgba": [
					{ "color": "ffffffff", "curve": "stepped" },
					{ "time": 0.0333, "color": "ffffffff" }
				],
				"attachment": [
					{ "name": "head" },
					{ "time": 0.0333, "name": "head" }
				]
			},
			"shoulder1": {
				"rgba": [
					{ "color": "000000ff", "curve": "stepped" },
					{ "time": 0.0333, "color": "000000ff" }
				],
				"attachment": [
					{ "name": "shoulder" },
					{ "time": 0.0333, "name": "shoulder" }
				]
			},
			"shoulder2": {
				"rgba": [
					{ "color": "000000ff", "curve": "stepped" },
					{ "time": 0.0333, "color": "000000ff" }
				],
				"attachment": [
					{ "name": "shoulder" },
					{ "time": 0.0333, "name": "shoulder" }
				]
			},
			"shoulder3": {
				"rgba": [
					{ "color": "000000ff", "curve": "stepped" },
					{ "time": 0.0333, "color": "000000ff" }
				],
				"attachment": [
					{},
					{ "time": 0.0333 }
				]
			},
			"shoulder4": {
				"rgba": [
					{ "color": "000000ff", "curve": "stepped" },
					{ "time": 0.0333, "color": "000000ff" }
				],
				"attachment": [
					{},
					{ "time": 0.0333 }
				]
			},
			"thigh": {
				"rgba": [
					{ "color": "000000ff", "curve": "stepped" },
					{ "time": 0.0333, "color": "000000ff" }
				]
			},
			"thigh2": {
				"rgba": [
					{ "color": "000000ff", "curve": "stepped" },
					{ "time": 0.0333, "color": "000000ff" }
				]
			},
			"thigh3": {
				"rgba": [
					{ "color": "000000ff", "curve": "stepped" },
					{ "time": 0.0333, "color": "000000ff" }
				]
			},
			"thigh4": {
				"rgba": [
					{ "color": "000000ff", "curve": "stepped" },
					{ "time": 0.0333, "color": "000000ff" }
				]
			}
		},
		"bones": {
			"head": {
				"rotate": [
					{ "value": -1.69, "curve": "stepped" },
					{ "time": 0.0333, "value": -1.69 }
				],
				"translate": [
					{ "x": -19.38, "y": 6.54, "curve": "stepped" },
					{ "time": 0.0333, "x": -19.38, "y": 6.54 }
				],
				"scale": [
					{ "curve": "stepped" },
					{ "time": 0.0333 }
				]
			},
			"root": {
				"rotate": [
					{ "curve": "stepped" },
					{ "time": 0.0333 }
				],
				"translate": [
					{ "curve": "stepped" },
					{ "time": 0.0333 }
				]
			},
			"main": {
				"rotate": [
					{ "value": -4.11, "curve": "stepped" },
					{ "time": 0.0333, "value": -4.11 }
				],
				"translate": [
					{ "x": 5.21, "y": -14.19, "curve": "stepped" },
					{ "time": 0.0333, "x": 5.21, "y": -14.19 }
				]
			},
			"hip": {
				"rotate": [
					{ "curve": "stepped" },
					{ "time": 0.0333 }
				],
				"translate": [
					{ "curve": "stepped" },
					{ "time": 0.0333 }
				]
			},
			"feeling_3": {
				"rotate": [
					{ "value": -97.71, "curve": "stepped" },
					{ "time": 0.0333, "value": -97.71 }
				],
				"translate": [
					{ "x": -89.18, "y": -17.44, "curve": "stepped" },
					{ "time": 0.0333, "x": -89.18, "y": -17.44 }
				],
				"scale": [
					{ "x": 1.154, "y": 1.045, "curve": "stepped" },
					{ "time": 0.0333, "x": 1.154, "y": 1.045 }
				]
			},
			"emoji": {
				"rotate": [
					{ "value": -3.73, "curve": "stepped" },
					{ "time": 0.0333, "value": -3.73 }
				],
				"translate": [
					{ "x": 0.04, "y": 5.75, "curve": "stepped" },
					{ "time": 0.0333, "x": 0.04, "y": 5.75 }
				],
				"scale": [
					{ "x": 1.131, "y": 1.303, "curve": "stepped" },
					{ "time": 0.0333, "x": 1.131, "y": 1.303 }
				]
			},
			"shouder_1": {
				"rotate": [
					{ "value": -63.18, "curve": "stepped" },
					{ "time": 0.0333, "value": -63.18 }
				],
				"translate": [
					{ "x": 4.75, "y": -3.1, "curve": "stepped" },
					{ "time": 0.0333, "x": 4.75, "y": -3.1 }
				],
				"scale": [
					{ "curve": "stepped" },
					{ "time": 0.0333 }
				],
				"shear": [
					{ "curve": "stepped" },
					{ "time": 0.0333 }
				]
			},
			"arm_1": {
				"rotate": [
					{ "value": -33.7, "curve": "stepped" },
					{ "time": 0.0333, "value": -33.7 }
				],
				"translate": [
					{ "x": 2.02, "y": 0.08, "curve": "stepped" },
					{ "time": 0.0333, "x": 2.02, "y": 0.08 }
				],
				"scale": [
					{ "curve": "stepped" },
					{ "time": 0.0333 }
				]
			},
			"shouder_2": {
				"rotate": [
					{ "value": 41.08, "curve": "stepped" },
					{ "time": 0.0333, "value": 41.08 }
				],
				"translate": [
					{ "x": 31.28, "y": -4.8, "curve": "stepped" },
					{ "time": 0.0333, "x": 31.28, "y": -4.8 }
				],
				"scale": [
					{ "curve": "stepped" },
					{ "time": 0.0333 }
				]
			},
			"arm_2": {
				"rotate": [
					{ "value": 19.67, "curve": "stepped" },
					{ "time": 0.0333, "value": 19.67 }
				],
				"translate": [
					{ "x": 6.07, "y": 1.06, "curve": "stepped" },
					{ "time": 0.0333, "x": 6.07, "y": 1.06 }
				],
				"scale": [
					{ "x": 1.239, "curve": "stepped" },
					{ "time": 0.0333, "x": 1.239 }
				]
			},
			"thigh_1": {
				"rotate": [
					{ "value": -44.84, "curve": "stepped" },
					{ "time": 0.0333, "value": -44.84 }
				],
				"scale": [
					{ "curve": "stepped" },
					{ "time": 0.0333 }
				]
			},
			"leg_1": {
				"rotate": [
					{ "value": 45.63, "curve": "stepped" },
					{ "time": 0.0333, "value": 45.63 }
				],
				"translate": [
					{ "curve": "stepped" },
					{ "time": 0.0333 }
				],
				"scale": [
					{ "curve": "stepped" },
					{ "time": 0.0333 }
				]
			},
			"thigh_2": {
				"rotate": [
					{ "value": -37.54, "curve": "stepped" },
					{ "time": 0.0333, "value": -37.54 }
				],
				"scale": [
					{ "curve": "stepped" },
					{ "time": 0.0333 }
				]
			},
			"leg_2": {
				"rotate": [
					{ "value": 38.6, "curve": "stepped" },
					{ "time": 0.0333, "value": 38.6 }
				],
				"translate": [
					{ "curve": "stepped" },
					{ "time": 0.0333 }
				],
				"scale": [
					{ "curve": "stepped" },
					{ "time": 0.0333 }
				]
			},
			"foot_2": {
				"rotate": [
					{ "value": -1.35, "curve": "stepped" },
					{ "time": 0.0333, "value": -1.35 }
				],
				"translate": [
					{ "x": 75.47, "y": 3.81, "curve": "stepped" },
					{ "time": 0.0333, "x": 75.47, "y": 3.81 }
				]
			},
			"foot_3": {
				"rotate": [
					{ "curve": "stepped" },
					{ "time": 0.0333 }
				],
				"translate": [
					{ "x": -16.53, "y": -0.41, "curve": "stepped" },
					{ "time": 0.0333, "x": -16.53, "y": -0.41 }
				]
			},
			"feeling_5": {
				"rotate": [
					{ "value": 45.82, "curve": "stepped" },
					{ "time": 0.0333, "value": 45.82 }
				],
				"translate": [
					{ "x": -49.13, "y": 324.11, "curve": "stepped" },
					{ "time": 0.0333, "x": -49.13, "y": 324.11 }
				],
				"scale": [
					{ "x": 1.008, "y": 0.583, "curve": "stepped" },
					{ "time": 0.0333, "x": 1.008, "y": 0.583 }
				],
				"shear": [
					{ "curve": "stepped" },
					{ "time": 0.0333 }
				]
			},
			"move": {
				"translate": [
					{ "x": 119.99, "curve": "stepped" },
					{ "time": 0.0333, "x": 119.99 }
				],
				"scale": [
					{ "x": -1, "curve": "stepped" },
					{ "time": 0.0333, "x": -1 }
				]
			},
			"feeling_1": {
				"rotate": [
					{ "value": 15.46, "curve": "stepped" },
					{ "time": 0.0333, "value": 15.46 }
				],
				"translate": [
					{ "x": -11.71, "y": -12.98, "curve": "stepped" },
					{ "time": 0.0333, "x": -11.71, "y": -12.98 }
				],
				"scale": [
					{ "x": 1.3, "y": 1.3, "curve": "stepped" },
					{ "time": 0.0333, "x": 1.3, "y": 1.3 }
				]
			},
			"feeling_2": {
				"rotate": [
					{ "value": 153.24, "curve": "stepped" },
					{ "time": 0.0333, "value": 153.24 }
				],
				"translate": [
					{ "x": 42.59, "y": 13.23, "curve": "stepped" },
					{ "time": 0.0333, "x": 42.59, "y": 13.23 }
				],
				"scale": [
					{ "x": -0.901, "y": 1.386, "curve": "stepped" },
					{ "time": 0.0333, "x": -0.901, "y": 1.386 }
				]
			},
			"body": {
				"rotate": [
					{ "value": 1.82, "curve": "stepped" },
					{ "time": 0.0333, "value": 1.82 }
				]
			},
			"body2": {
				"rotate": [
					{ "value": 1.82, "curve": "stepped" },
					{ "time": 0.0333, "value": 1.82 }
				]
			},
			"body3": {
				"rotate": [
					{ "value": 1.82, "curve": "stepped" },
					{ "time": 0.0333, "value": 1.82 }
				]
			},
			"body4": {
				"rotate": [
					{ "value": 1.82, "curve": "stepped" },
					{ "time": 0.0333, "value": 1.82 }
				]
			},
			"body5": {
				"rotate": [
					{ "value": 1.82, "curve": "stepped" },
					{ "time": 0.0333, "value": 1.82 }
				]
			},
			"body6": {
				"rotate": [
					{ "value": 1.82, "curve": "stepped" },
					{ "time": 0.0333, "value": 1.82 }
				]
			},
			"body7": {
				"rotate": [
					{ "value": 1.82, "curve": "stepped" },
					{ "time": 0.0333, "value": 1.82 }
				]
			},
			"body8": {
				"rotate": [
					{ "value": 1.82, "curve": "stepped" },
					{ "time": 0.0333, "value": 1.82 }
				]
			},
			"hair_1": {
				"rotate": [
					{ "value": 10.09, "curve": "stepped" },
					{ "time": 0.0333, "value": 10.09 }
				],
				"translate": [
					{ "x": 219.72, "y": 519.41, "curve": "stepped" },
					{ "time": 0.0333, "x": 219.72, "y": 519.41 }
				],
				"scale": [
					{ "x": -1.351, "y": 1.351, "curve": "stepped" },
					{ "time": 0.0333, "x": -1.351, "y": 1.351 }
				]
			},
			"feeling_4": {
				"rotate": [
					{ "value": 36.32, "curve": "stepped" },
					{ "time": 0.0333, "value": 36.32 }
				],
				"translate": [
					{ "x": -0.42, "y": 124.86, "curve": "stepped" },
					{ "time": 0.0333, "x": -0.42, "y": 124.86 }
				],
				"scale": [
					{ "x": 0.536, "y": 0.536, "curve": "stepped" },
					{ "time": 0.0333, "x": 0.536, "y": 0.536 }
				]
			}
		},
		"ik": {
			"foot_1": [
				{
					"bendPositive": false,
					"stretch": true,
					"curve": [ 0.008, 1, 0.025, 1, 0.008, 0, 0.025, 0 ]
				},
				{ "time": 0.0333, "bendPositive": false, "stretch": true }
			],
			"foot_2": [
				{
					"stretch": true,
					"curve": [ 0.008, 1, 0.025, 1, 0.008, 0, 0.025, 0 ]
				},
				{ "time": 0.0333, "stretch": true }
			]
		},
		"drawOrder": [
			{
				"offsets": [
					{ "slot": "shoulder1", "offset": 4 },
					{ "slot": "shoulder2", "offset": 3 },
					{ "slot": "shoulder4", "offset": 7 },
					{ "slot": "feeling_5", "offset": 3 },
					{ "slot": "feeling_1", "offset": -5 }
				]
			},
			{
				"time": 0.0333,
				"offsets": [
					{ "slot": "shoulder1", "offset": 4 },
					{ "slot": "shoulder2", "offset": 3 },
					{ "slot": "shoulder4", "offset": 7 },
					{ "slot": "feeling_5", "offset": 3 },
					{ "slot": "feeling_1", "offset": -5 }
				]
			}
		]
	},
	"t_89_1_lose": {
		"slots": {
			"body": {
				"rgba": [
					{ "color": "000000ff", "curve": "stepped" },
					{ "time": 0.6667, "color": "000000ff" }
				]
			},
			"Emoji": {
				"rgba": [
					{ "color": "ffffffff", "curve": "stepped" },
					{ "time": 0.6667, "color": "ffffffff" }
				],
				"attachment": [
					{ "name": "Emoji/emo_57" },
					{ "time": 0.6667, "name": "Emoji/emo_57" }
				]
			},
			"feeling_1": {
				"attachment": [
					{ "name": "mo_hoi" },
					{ "time": 0.6667, "name": "mo_hoi" }
				]
			},
			"feeling_2": {
				"attachment": [
					{},
					{ "time": 0.6667 }
				]
			},
			"feeling_3": {
				"rgba": [
					{ "color": "ffffffff", "curve": "stepped" },
					{ "time": 0.6667, "color": "ffffffff" }
				],
				"attachment": [
					{ "name": "scare" },
					{ "time": 0.6667, "name": "scare" }
				]
			},
			"feeling_4": {
				"attachment": [
					{},
					{ "time": 0.6667 }
				]
			},
			"feeling_5": {
				"attachment": [
					{ "name": "cham_than" },
					{ "time": 0.6667, "name": "cham_than" }
				]
			},
			"hair": {
				"attachment": [
					{},
					{ "time": 0.6667 }
				]
			},
			"head": {
				"rgba": [
					{ "color": "ffffffff", "curve": "stepped" },
					{ "time": 0.6667, "color": "ffffffff" }
				],
				"attachment": [
					{ "name": "head" },
					{ "time": 0.6667, "name": "head" }
				]
			},
			"shoulder1": {
				"rgba": [
					{ "color": "000000ff", "curve": "stepped" },
					{ "time": 0.6667, "color": "000000ff" }
				],
				"attachment": [
					{ "name": "shoulder" },
					{ "time": 0.6667, "name": "shoulder" }
				]
			},
			"shoulder2": {
				"rgba": [
					{ "color": "000000ff", "curve": "stepped" },
					{ "time": 0.6667, "color": "000000ff" }
				],
				"attachment": [
					{ "name": "shoulder" },
					{ "time": 0.6667, "name": "shoulder" }
				]
			},
			"shoulder3": {
				"rgba": [
					{ "color": "000000ff", "curve": "stepped" },
					{ "time": 0.6667, "color": "000000ff" }
				],
				"attachment": [
					{ "name": "shoulder" },
					{ "time": 0.6667, "name": "shoulder" }
				]
			},
			"shoulder4": {
				"rgba": [
					{ "color": "000000ff", "curve": "stepped" },
					{ "time": 0.6667, "color": "000000ff" }
				],
				"attachment": [
					{ "name": "shoulder" },
					{ "time": 0.6667, "name": "shoulder" }
				]
			},
			"thigh": {
				"rgba": [
					{ "color": "000000ff", "curve": "stepped" },
					{ "time": 0.6667, "color": "000000ff" }
				]
			},
			"thigh2": {
				"rgba": [
					{ "color": "000000ff", "curve": "stepped" },
					{ "time": 0.6667, "color": "000000ff" }
				]
			},
			"thigh3": {
				"rgba": [
					{ "color": "000000ff", "curve": "stepped" },
					{ "time": 0.6667, "color": "000000ff" }
				]
			},
			"thigh4": {
				"rgba": [
					{ "color": "000000ff", "curve": "stepped" },
					{ "time": 0.6667, "color": "000000ff" }
				]
			}
		},
		"bones": {
			"head": {
				"rotate": [
					{ "value": -13.68, "curve": "stepped" },
					{ "time": 0.6667, "value": -13.68 }
				],
				"translate": [
					{ "x": -5.58, "y": 9.34, "curve": "stepped" },
					{ "time": 0.6667, "x": -5.58, "y": 9.34 }
				],
				"scale": [
					{ "x": 1.15, "curve": "stepped" },
					{ "time": 0.6667, "x": 1.15 }
				]
			},
			"root": {
				"rotate": [
					{ "curve": "stepped" },
					{ "time": 0.6667 }
				],
				"translate": [
					{ "curve": "stepped" },
					{ "time": 0.6667 }
				]
			},
			"main": {
				"rotate": [
					{ "value": 23.03, "curve": "stepped" },
					{ "time": 0.6667, "value": 23.03 }
				],
				"translate": [
					{ "x": -9.27, "y": -52.62, "curve": "stepped" },
					{ "time": 0.6667, "x": -9.27, "y": -52.62 }
				]
			},
			"hip": {
				"rotate": [
					{ "curve": "stepped" },
					{ "time": 0.6667 }
				],
				"translate": [
					{ "curve": "stepped" },
					{ "time": 0.6667 }
				]
			},
			"body": {
				"rotate": [
					{ "value": -2.24, "curve": "stepped" },
					{ "time": 0.6667, "value": -2.24 }
				],
				"translate": [
					{ "curve": "stepped" },
					{ "time": 0.6667 }
				],
				"scale": [
					{ "curve": "stepped" },
					{ "time": 0.6667 }
				]
			},
			"body2": {
				"rotate": [
					{ "value": -2.24, "curve": "stepped" },
					{ "time": 0.6667, "value": -2.24 }
				],
				"translate": [
					{ "curve": "stepped" },
					{ "time": 0.6667 }
				],
				"scale": [
					{ "curve": "stepped" },
					{ "time": 0.6667 }
				]
			},
			"body3": {
				"rotate": [
					{ "value": -2.24, "curve": "stepped" },
					{ "time": 0.6667, "value": -2.24 }
				],
				"translate": [
					{ "curve": "stepped" },
					{ "time": 0.6667 }
				],
				"scale": [
					{ "curve": "stepped" },
					{ "time": 0.6667 }
				]
			},
			"body4": {
				"rotate": [
					{ "value": -2.24, "curve": "stepped" },
					{ "time": 0.6667, "value": -2.24 }
				],
				"translate": [
					{ "curve": "stepped" },
					{ "time": 0.6667 }
				],
				"scale": [
					{ "curve": "stepped" },
					{ "time": 0.6667 }
				]
			},
			"body5": {
				"rotate": [
					{ "value": -2.24, "curve": "stepped" },
					{ "time": 0.6667, "value": -2.24 }
				],
				"translate": [
					{ "curve": "stepped" },
					{ "time": 0.6667 }
				],
				"scale": [
					{ "curve": "stepped" },
					{ "time": 0.6667 }
				]
			},
			"body6": {
				"rotate": [
					{ "value": -2.24, "curve": "stepped" },
					{ "time": 0.6667, "value": -2.24 }
				],
				"translate": [
					{ "curve": "stepped" },
					{ "time": 0.6667 }
				],
				"scale": [
					{ "curve": "stepped" },
					{ "time": 0.6667 }
				]
			},
			"body7": {
				"rotate": [
					{ "value": -2.24, "curve": "stepped" },
					{ "time": 0.6667, "value": -2.24 }
				],
				"translate": [
					{ "curve": "stepped" },
					{ "time": 0.6667 }
				],
				"scale": [
					{ "curve": "stepped" },
					{ "time": 0.6667 }
				]
			},
			"body8": {
				"rotate": [
					{ "value": -2.24, "curve": "stepped" },
					{ "time": 0.6667, "value": -2.24 }
				],
				"translate": [
					{ "curve": "stepped" },
					{ "time": 0.6667 }
				],
				"scale": [
					{ "curve": "stepped" },
					{ "time": 0.6667 }
				]
			},
			"feeling_3": {
				"rotate": [
					{ "value": 25.71, "curve": "stepped" },
					{ "time": 0.6667, "value": 25.71 }
				],
				"translate": [
					{ "x": 30.34, "y": 79.88, "curve": "stepped" },
					{ "time": 0.6667, "x": 30.34, "y": 79.88 }
				],
				"scale": [
					{ "x": 1.111, "y": 1.111 },
					{ "time": 0.0667, "x": 1.919, "y": 1.919 },
					{ "time": 0.1333, "x": 1.111, "y": 1.111, "curve": "stepped" },
					{ "time": 0.2333, "x": 1.111, "y": 1.111 },
					{ "time": 0.3, "x": 1.919, "y": 1.919 },
					{ "time": 0.3667, "x": 1.111, "y": 1.111, "curve": "stepped" },
					{ "time": 0.4333, "x": 1.111, "y": 1.111 },
					{ "time": 0.5, "x": 1.919, "y": 1.919 },
					{ "time": 0.5667, "x": 1.111, "y": 1.111 }
				]
			},
			"emoji": {
				"rotate": [
					{ "value": 13.12, "curve": "stepped" },
					{ "time": 0.6667, "value": 13.12 }
				],
				"translate": [
					{ "x": -2.45, "y": -17.23, "curve": "stepped" },
					{ "time": 0.6667, "x": -2.45, "y": -17.23 }
				],
				"scale": [
					{ "x": -1.028, "y": 1.028, "curve": "stepped" },
					{ "time": 0.6667, "x": -1.028, "y": 1.028 }
				]
			},
			"shouder_1": {
				"rotate": [
					{ "value": -59.48, "curve": "stepped" },
					{ "time": 0.6667, "value": -59.48 }
				],
				"translate": [
					{ "x": 31.07, "y": -0.17, "curve": "stepped" },
					{ "time": 0.6667, "x": 31.07, "y": -0.17 }
				],
				"scale": [
					{ "curve": "stepped" },
					{ "time": 0.6667 }
				]
			},
			"arm_1": {
				"rotate": [
					{ "value": -29.31, "curve": "stepped" },
					{ "time": 0.6667, "value": -29.31 }
				],
				"translate": [
					{ "x": 2.02, "y": 0.08, "curve": "stepped" },
					{ "time": 0.6667, "x": 2.02, "y": 0.08 }
				],
				"scale": [
					{ "curve": "stepped" },
					{ "time": 0.6667 }
				]
			},
			"shouder_2": {
				"rotate": [
					{ "value": 116.65, "curve": "stepped" },
					{ "time": 0.6667, "value": 116.65 }
				],
				"translate": [
					{ "x": 29.12, "y": -4.8, "curve": "stepped" },
					{ "time": 0.6667, "x": 29.12, "y": -4.8 }
				],
				"scale": [
					{ "curve": "stepped" },
					{ "time": 0.6667 }
				]
			},
			"arm_2": {
				"rotate": [
					{ "value": -22.14, "curve": "stepped" },
					{ "time": 0.6667, "value": -22.14 }
				],
				"translate": [
					{ "curve": "stepped" },
					{ "time": 0.6667 }
				],
				"scale": [
					{ "curve": "stepped" },
					{ "time": 0.6667 }
				]
			},
			"thigh_1": {
				"rotate": [
					{ "value": 24.72, "curve": "stepped" },
					{ "time": 0.6667, "value": 24.72 }
				],
				"translate": [
					{ "curve": "stepped" },
					{ "time": 0.6667 }
				],
				"scale": [
					{ "curve": "stepped" },
					{ "time": 0.6667 }
				]
			},
			"leg_1": {
				"rotate": [
					{ "curve": "stepped" },
					{ "time": 0.6667 }
				],
				"translate": [
					{ "curve": "stepped" },
					{ "time": 0.6667 }
				]
			},
			"thigh_2": {
				"rotate": [
					{ "value": 39.21, "curve": "stepped" },
					{ "time": 0.6667, "value": 39.21 }
				],
				"translate": [
					{ "curve": "stepped" },
					{ "time": 0.6667 }
				],
				"scale": [
					{ "curve": "stepped" },
					{ "time": 0.6667 }
				]
			},
			"leg_2": {
				"rotate": [
					{ "value": 18.14, "curve": "stepped" },
					{ "time": 0.6667, "value": 18.14 }
				],
				"translate": [
					{ "curve": "stepped" },
					{ "time": 0.6667 }
				]
			},
			"foot_2": {
				"rotate": [
					{ "curve": "stepped" },
					{ "time": 0.6667 }
				],
				"translate": [
					{ "x": -68.92, "y": 3.54, "curve": "stepped" },
					{ "time": 0.6667, "x": -68.92, "y": 3.54 }
				]
			},
			"foot_3": {
				"rotate": [
					{ "curve": "stepped" },
					{ "time": 0.6667 }
				],
				"translate": [
					{ "x": 17.76, "y": 1.45, "curve": "stepped" },
					{ "time": 0.6667, "x": 17.76, "y": 1.45 }
				]
			},
			"feeling_5": {
				"rotate": [
					{ "value": 179.24, "curve": "stepped" },
					{ "time": 0.6667, "value": 179.24 }
				],
				"translate": [
					{ "x": 73.39, "y": 115.25, "curve": "stepped" },
					{ "time": 0.6667, "x": 73.39, "y": 115.25 }
				],
				"scale": [
					{ "x": 0.835, "y": 0.835, "curve": "stepped" },
					{ "time": 0.6667, "x": 0.835, "y": 0.835 }
				]
			},
			"item_1": {
				"rotate": [
					{ "value": 4.93, "curve": "stepped" },
					{ "time": 0.6667, "value": 4.93 }
				]
			},
			"move": {
				"translate": [
					{ "x": 119.99, "curve": "stepped" },
					{ "time": 0.6667, "x": 119.99 }
				],
				"scale": [
					{ "curve": "stepped" },
					{ "time": 0.6667 }
				]
			},
			"feeling_2": {
				"rotate": [
					{ "value": 28.64, "curve": "stepped" },
					{ "time": 0.6667, "value": 28.64 }
				],
				"translate": [
					{ "x": 74.47, "y": -93.69, "curve": "stepped" },
					{ "time": 0.6667, "x": 74.47, "y": -93.69 }
				],
				"scale": [
					{ "x": -1.46, "y": 1.46, "curve": "stepped" },
					{ "time": 0.6667, "x": -1.46, "y": 1.46 }
				]
			},
			"hair_1": {
				"rotate": [
					{ "value": -23.67, "curve": "stepped" },
					{ "time": 0.6667, "value": -23.67 }
				],
				"translate": [
					{ "x": 192.49, "y": 544.31, "curve": "stepped" },
					{ "time": 0.6667, "x": 192.49, "y": 544.31 }
				],
				"scale": [
					{ "x": 0.937, "y": 0.937, "curve": "stepped" },
					{ "time": 0.6667, "x": 0.937, "y": 0.937 }
				]
			},
			"feeling_1": {
				"rotate": [
					{ "value": -38.99, "curve": "stepped" },
					{ "time": 0.6667, "value": -38.99 }
				],
				"translate": [
					{ "x": -39.96, "y": -100.35, "curve": "stepped" },
					{ "time": 0.6667, "x": -39.96, "y": -100.35 }
				],
				"scale": [
					{ "x": 0.993, "y": 0.993, "curve": "stepped" },
					{ "time": 0.6667, "x": 0.993, "y": 0.993 }
				]
			},
			"feeling_4": {
				"translate": [
					{ "x": -15.34, "y": 122.36, "curve": "stepped" },
					{ "time": 0.6667, "x": -15.34, "y": 122.36 }
				]
			}
		},
		"ik": {
			"foot_1": [
				{
					"stretch": true,
					"curve": [ 0.167, 1, 0.5, 1, 0.167, 0, 0.5, 0 ]
				},
				{ "time": 0.6667, "stretch": true }
			],
			"foot_2": [
				{
					"stretch": true,
					"curve": [ 0.167, 1, 0.5, 1, 0.167, 0, 0.5, 0 ]
				},
				{ "time": 0.6667, "stretch": true }
			]
		},
		"drawOrder": [
			{
				"offsets": [
					{ "slot": "shoulder2", "offset": 8 },
					{ "slot": "shoulder4", "offset": -3 }
				]
			},
			{
				"time": 0.6667,
				"offsets": [
					{ "slot": "shoulder2", "offset": 8 },
					{ "slot": "shoulder4", "offset": -3 }
				]
			}
		]
	},
	"t_89_1_win": {
		"slots": {
			"body": {
				"rgba": [
					{ "color": "000000ff", "curve": "stepped" },
					{ "time": 0.0333, "color": "000000ff" }
				]
			},
			"Emoji": {
				"attachment": [
					{ "name": "Emoji/new/emo_56" },
					{ "time": 0.0333, "name": "Emoji/new/emo_56" }
				]
			},
			"feeling_1": {
				"attachment": [
					{ "name": "rung" },
					{ "time": 0.0333, "name": "rung" }
				]
			},
			"feeling_2": {
				"attachment": [
					{},
					{ "time": 0.0333 }
				]
			},
			"feeling_3": {
				"attachment": [
					{},
					{ "time": 0.0333 }
				]
			},
			"feeling_5": {
				"attachment": [
					{},
					{ "time": 0.0333 }
				]
			},
			"head": {
				"rgba": [
					{ "color": "ffffffff", "curve": "stepped" },
					{ "time": 0.0333, "color": "ffffffff" }
				],
				"attachment": [
					{ "name": "head" },
					{ "time": 0.0333, "name": "head" }
				]
			},
			"shoulder1": {
				"rgba": [
					{ "color": "000000ff", "curve": "stepped" },
					{ "time": 0.0333, "color": "000000ff" }
				],
				"attachment": [
					{ "name": "shoulder" },
					{ "time": 0.0333, "name": "shoulder" }
				]
			},
			"shoulder2": {
				"rgba": [
					{ "color": "000000ff", "curve": "stepped" },
					{ "time": 0.0333, "color": "000000ff" }
				],
				"attachment": [
					{ "name": "shoulder" },
					{ "time": 0.0333, "name": "shoulder" }
				]
			},
			"shoulder3": {
				"rgba": [
					{ "color": "000000ff", "curve": "stepped" },
					{ "time": 0.0333, "color": "000000ff" }
				],
				"attachment": [
					{ "name": "shoulder" },
					{ "time": 0.0333, "name": "shoulder" }
				]
			},
			"shoulder4": {
				"rgba": [
					{ "color": "000000ff", "curve": "stepped" },
					{ "time": 0.0333, "color": "000000ff" }
				],
				"attachment": [
					{ "name": "shoulder" },
					{ "time": 0.0333, "name": "shoulder" }
				]
			},
			"thigh": {
				"rgba": [
					{ "color": "000000ff", "curve": "stepped" },
					{ "time": 0.0333, "color": "000000ff" }
				]
			},
			"thigh2": {
				"rgba": [
					{ "color": "000000ff", "curve": "stepped" },
					{ "time": 0.0333, "color": "000000ff" }
				]
			},
			"thigh3": {
				"rgba": [
					{ "color": "000000ff", "curve": "stepped" },
					{ "time": 0.0333, "color": "000000ff" }
				]
			},
			"thigh4": {
				"rgba": [
					{ "color": "000000ff", "curve": "stepped" },
					{ "time": 0.0333, "color": "000000ff" }
				]
			}
		},
		"bones": {
			"head": {
				"rotate": [
					{ "value": 4.56, "curve": "stepped" },
					{ "time": 0.0333, "value": 4.56 }
				],
				"translate": [
					{ "x": -21.71, "y": 12.25, "curve": "stepped" },
					{ "time": 0.0333, "x": -21.71, "y": 12.25 }
				],
				"scale": [
					{ "curve": "stepped" },
					{ "time": 0.0333 }
				]
			},
			"root": {
				"rotate": [
					{ "curve": "stepped" },
					{ "time": 0.0333 }
				],
				"translate": [
					{ "curve": "stepped" },
					{ "time": 0.0333 }
				]
			},
			"main": {
				"rotate": [
					{ "value": -2.78, "curve": "stepped" },
					{ "time": 0.0333, "value": -2.78 }
				],
				"translate": [
					{ "x": -2.95, "y": -32.45, "curve": "stepped" },
					{ "time": 0.0333, "x": -2.95, "y": -32.45 }
				]
			},
			"hip": {
				"rotate": [
					{ "curve": "stepped" },
					{ "time": 0.0333 }
				],
				"translate": [
					{ "curve": "stepped" },
					{ "time": 0.0333 }
				]
			},
			"body": {
				"rotate": [
					{ "value": 7.56, "curve": "stepped" },
					{ "time": 0.0333, "value": 7.56 }
				],
				"translate": [
					{ "curve": "stepped" },
					{ "time": 0.0333 }
				]
			},
			"body2": {
				"rotate": [
					{ "value": 1.01, "curve": "stepped" },
					{ "time": 0.0333, "value": 1.01 }
				],
				"translate": [
					{ "curve": "stepped" },
					{ "time": 0.0333 }
				]
			},
			"body3": {
				"rotate": [
					{ "value": 1.01, "curve": "stepped" },
					{ "time": 0.0333, "value": 1.01 }
				],
				"translate": [
					{ "curve": "stepped" },
					{ "time": 0.0333 }
				]
			},
			"body4": {
				"rotate": [
					{ "value": 0.1, "curve": "stepped" },
					{ "time": 0.0333, "value": 0.1 }
				],
				"translate": [
					{ "curve": "stepped" },
					{ "time": 0.0333 }
				]
			},
			"body5": {
				"rotate": [
					{ "value": -1.97, "curve": "stepped" },
					{ "time": 0.0333, "value": -1.97 }
				],
				"translate": [
					{ "curve": "stepped" },
					{ "time": 0.0333 }
				]
			},
			"body6": {
				"rotate": [
					{ "value": 1.59, "curve": "stepped" },
					{ "time": 0.0333, "value": 1.59 }
				],
				"translate": [
					{ "curve": "stepped" },
					{ "time": 0.0333 }
				]
			},
			"body7": {
				"rotate": [
					{ "value": 1.01, "curve": "stepped" },
					{ "time": 0.0333, "value": 1.01 }
				],
				"translate": [
					{ "curve": "stepped" },
					{ "time": 0.0333 }
				]
			},
			"body8": {
				"rotate": [
					{ "value": 1.01, "curve": "stepped" },
					{ "time": 0.0333, "value": 1.01 }
				],
				"translate": [
					{ "curve": "stepped" },
					{ "time": 0.0333 }
				]
			},
			"feeling_3": {
				"rotate": [
					{ "value": 173.61, "curve": "stepped" },
					{ "time": 0.0333, "value": 173.61 }
				],
				"translate": [
					{ "x": 48.28, "y": -116.63, "curve": "stepped" },
					{ "time": 0.0333, "x": 48.28, "y": -116.63 }
				],
				"scale": [
					{ "x": -1.786, "y": 1.786, "curve": "stepped" },
					{ "time": 0.0333, "x": -1.786, "y": 1.786 }
				]
			},
			"emoji": {
				"rotate": [
					{ "value": -4.07, "curve": "stepped" },
					{ "time": 0.0333, "value": -4.07 }
				],
				"translate": [
					{ "x": -14.58, "y": 15.51, "curve": "stepped" },
					{ "time": 0.0333, "x": -14.58, "y": 15.51 }
				],
				"scale": [
					{ "x": -1, "curve": "stepped" },
					{ "time": 0.0333, "x": -1 }
				]
			},
			"shouder_1": {
				"rotate": [
					{ "value": -115.33, "curve": "stepped" },
					{ "time": 0.0333, "value": -115.33 }
				],
				"translate": [
					{ "x": 21.05, "y": 1, "curve": "stepped" },
					{ "time": 0.0333, "x": 21.05, "y": 1 }
				],
				"scale": [
					{ "curve": "stepped" },
					{ "time": 0.0333 }
				],
				"shear": [
					{ "y": 1, "curve": "stepped" },
					{ "time": 0.0333, "y": 1 }
				]
			},
			"arm_1": {
				"rotate": [
					{ "value": -91.9, "curve": "stepped" },
					{ "time": 0.0333, "value": -91.9 }
				],
				"translate": [
					{ "x": 2.02, "y": 0.08, "curve": "stepped" },
					{ "time": 0.0333, "x": 2.02, "y": 0.08 }
				],
				"scale": [
					{ "curve": "stepped" },
					{ "time": 0.0333 }
				]
			},
			"shouder_2": {
				"rotate": [
					{ "value": 109.2, "curve": "stepped" },
					{ "time": 0.0333, "value": 109.2 }
				],
				"translate": [
					{ "x": 24.9, "y": -1.15, "curve": "stepped" },
					{ "time": 0.0333, "x": 24.9, "y": -1.15 }
				],
				"scale": [
					{ "x": 0.965, "curve": "stepped" },
					{ "time": 0.0333, "x": 0.965 }
				]
			},
			"arm_2": {
				"rotate": [
					{ "value": -39.29, "curve": "stepped" },
					{ "time": 0.0333, "value": -39.29 }
				],
				"scale": [
					{ "curve": "stepped" },
					{ "time": 0.0333 }
				]
			},
			"thigh_1": {
				"rotate": [
					{ "value": -6.18, "curve": "stepped" },
					{ "time": 0.0333, "value": -6.18 }
				],
				"translate": [
					{ "curve": "stepped" },
					{ "time": 0.0333 }
				],
				"scale": [
					{ "x": 0.94, "curve": "stepped" },
					{ "time": 0.0333, "x": 0.94 }
				]
			},
			"leg_1": {
				"rotate": [
					{ "value": 5.22, "curve": "stepped" },
					{ "time": 0.0333, "value": 5.22 }
				],
				"translate": [
					{ "curve": "stepped" },
					{ "time": 0.0333 }
				]
			},
			"thigh_2": {
				"rotate": [
					{ "value": 2.51, "curve": "stepped" },
					{ "time": 0.0333, "value": 2.51 }
				],
				"translate": [
					{ "curve": "stepped" },
					{ "time": 0.0333 }
				],
				"scale": [
					{ "curve": "stepped" },
					{ "time": 0.0333 }
				]
			},
			"leg_2": {
				"rotate": [
					{ "value": 3.66, "curve": "stepped" },
					{ "time": 0.0333, "value": 3.66 }
				],
				"translate": [
					{ "curve": "stepped" },
					{ "time": 0.0333 }
				]
			},
			"foot_2": {
				"rotate": [
					{ "curve": "stepped" },
					{ "time": 0.0333 }
				],
				"translate": [
					{ "x": -65.5, "y": -3.66, "curve": "stepped" },
					{ "time": 0.0333, "x": -65.5, "y": -3.66 }
				]
			},
			"foot_3": {
				"rotate": [
					{ "value": 4.17, "curve": "stepped" },
					{ "time": 0.0333, "value": 4.17 }
				],
				"translate": [
					{ "x": 71.33, "y": -1.89, "curve": "stepped" },
					{ "time": 0.0333, "x": 71.33, "y": -1.89 }
				]
			},
			"feeling_5": {
				"rotate": [
					{ "value": -139.56, "curve": "stepped" },
					{ "time": 0.0333, "value": -139.56 }
				],
				"translate": [
					{ "x": 49.13, "y": 82.12, "curve": "stepped" },
					{ "time": 0.0333, "x": 49.13, "y": 82.12 }
				],
				"scale": [
					{ "x": 0.531, "y": 0.531, "curve": "stepped" },
					{ "time": 0.0333, "x": 0.531, "y": 0.531 }
				]
			},
			"feeling_1": {
				"rotate": [
					{ "value": 100.74, "curve": "stepped" },
					{ "time": 0.0333, "value": 100.74 }
				],
				"translate": [
					{ "x": -200.42, "y": -218.43, "curve": "stepped" },
					{ "time": 0.0333, "x": -200.42, "y": -218.43 }
				],
				"scale": [
					{ "x": -0.837, "y": 0.837, "curve": "stepped" },
					{ "time": 0.0333, "x": -0.837, "y": 0.837 }
				]
			},
			"feeling_2": {
				"rotate": [
					{ "curve": "stepped" },
					{ "time": 0.0333 }
				],
				"translate": [
					{ "curve": "stepped" },
					{ "time": 0.0333 }
				],
				"scale": [
					{ "curve": "stepped" },
					{ "time": 0.0333 }
				]
			},
			"item_1": {
				"translate": [
					{ "x": -23.15, "y": -318.71, "curve": "stepped" },
					{ "time": 0.0333, "x": -23.15, "y": -318.71 }
				],
				"scale": [
					{ "x": -0.88, "y": 0.88, "curve": "stepped" },
					{ "time": 0.0333, "x": -0.88, "y": 0.88 }
				]
			},
			"move": {
				"translate": [
					{ "x": 119.99, "y": -0.41, "curve": "stepped" },
					{ "time": 0.0333, "x": 119.99, "y": -0.41 }
				]
			}
		},
		"ik": {
			"foot_1": [
				{
					"stretch": true,
					"curve": [ 0.008, 1, 0.025, 1, 0.008, 0, 0.025, 0 ]
				},
				{ "time": 0.0333, "stretch": true }
			],
			"foot_2": [
				{
					"stretch": true,
					"curve": [ 0.008, 1, 0.025, 1, 0.008, 0, 0.025, 0 ]
				},
				{ "time": 0.0333, "stretch": true }
			]
		},
		"drawOrder": [
			{
				"offsets": [
					{ "slot": "item", "offset": 6 },
					{ "slot": "shoulder4", "offset": 12 },
					{ "slot": "thigh4", "offset": -4 }
				]
			},
			{
				"time": 0.0333,
				"offsets": [
					{ "slot": "item", "offset": 6 },
					{ "slot": "shoulder4", "offset": 12 },
					{ "slot": "thigh4", "offset": -4 }
				]
			}
		]
	},
	"t_89_2_lose": {
		"slots": {
			"body": {
				"rgba": [
					{ "color": "000000ff", "curve": "stepped" },
					{ "time": 0.9333, "color": "000000ff" }
				]
			},
			"Emoji": {
				"attachment": [
					{ "name": "Emoji/emo_42" },
					{ "time": 0.9333, "name": "Emoji/emo_42" }
				]
			},
			"feeling_1": {
				"attachment": [
					{ "name": "cauco" },
					{ "time": 0.9333, "name": "cauco" }
				]
			},
			"feeling_2": {
				"attachment": [
					{ "name": "giat_minh" },
					{ "time": 0.9333, "name": "giat_minh" }
				]
			},
			"feeling_3": {
				"rgba": [
					{ "color": "ffffffff", "curve": "stepped" },
					{ "time": 0.9333, "color": "ffffffff" }
				],
				"attachment": [
					{},
					{ "time": 0.9333 }
				]
			},
			"feeling_5": {
				"attachment": [
					{ "name": "scare" },
					{ "time": 0.9333, "name": "scare" }
				]
			},
			"hair": {
				"attachment": [
					{ "name": "hair/man/mu_canh_sat" },
					{ "time": 0.9333, "name": "hair/man/mu_canh_sat" }
				]
			},
			"head": {
				"rgba": [
					{ "color": "ffa6a6ff", "curve": "stepped" },
					{ "time": 0.9333, "color": "ffa6a6ff" }
				],
				"attachment": [
					{ "name": "head" },
					{ "time": 0.9333, "name": "head" }
				]
			},
			"shoulder1": {
				"rgba": [
					{ "color": "000000ff", "curve": "stepped" },
					{ "time": 0.9333, "color": "000000ff" }
				],
				"attachment": [
					{ "name": "shoulder" },
					{ "time": 0.9333, "name": "shoulder" }
				]
			},
			"shoulder2": {
				"rgba": [
					{ "color": "000000ff", "curve": "stepped" },
					{ "time": 0.9333, "color": "000000ff" }
				],
				"attachment": [
					{ "name": "shoulder" },
					{ "time": 0.9333, "name": "shoulder" }
				]
			},
			"shoulder3": {
				"rgba": [
					{ "color": "000000ff", "curve": "stepped" },
					{ "time": 0.9333, "color": "000000ff" }
				],
				"attachment": [
					{ "name": "shoulder" },
					{ "time": 0.9333, "name": "shoulder" }
				]
			},
			"shoulder4": {
				"rgba": [
					{ "color": "000000ff", "curve": "stepped" },
					{ "time": 0.9333, "color": "000000ff" }
				],
				"attachment": [
					{ "name": "shoulder" },
					{ "time": 0.9333, "name": "shoulder" }
				]
			},
			"thigh": {
				"rgba": [
					{ "color": "000000ff", "curve": "stepped" },
					{ "time": 0.9333, "color": "000000ff" }
				]
			},
			"thigh2": {
				"rgba": [
					{ "color": "000000ff", "curve": "stepped" },
					{ "time": 0.9333, "color": "000000ff" }
				]
			},
			"thigh3": {
				"rgba": [
					{ "color": "000000ff", "curve": "stepped" },
					{ "time": 0.9333, "color": "000000ff" }
				]
			},
			"thigh4": {
				"rgba": [
					{ "color": "000000ff", "curve": "stepped" },
					{ "time": 0.9333, "color": "000000ff" }
				]
			}
		},
		"bones": {
			"head": {
				"rotate": [
					{ "value": -20.02, "curve": "stepped" },
					{ "time": 0.9333, "value": -20.02 }
				],
				"translate": [
					{ "x": -14.84, "y": 35.3, "curve": "stepped" },
					{ "time": 0.9333, "x": -14.84, "y": 35.3 }
				],
				"scale": [
					{ "curve": "stepped" },
					{ "time": 0.9333 }
				]
			},
			"root": {
				"rotate": [
					{ "curve": "stepped" },
					{ "time": 0.9333 }
				],
				"translate": [
					{ "curve": "stepped" },
					{ "time": 0.9333 }
				]
			},
			"main": {
				"rotate": [
					{ "value": -2.02, "curve": "stepped" },
					{ "time": 0.9333, "value": -2.02 }
				],
				"translate": [
					{ "x": -44.74, "y": -68.74, "curve": "stepped" },
					{ "time": 0.9333, "x": -44.74, "y": -68.74 }
				]
			},
			"hip": {
				"rotate": [
					{ "curve": "stepped" },
					{ "time": 0.9333 }
				],
				"translate": [
					{ "curve": "stepped" },
					{ "time": 0.9333 }
				]
			},
			"body": {
				"rotate": [
					{ "value": 2.29, "curve": "stepped" },
					{ "time": 0.9333, "value": 2.29 }
				],
				"translate": [
					{ "curve": "stepped" },
					{ "time": 0.9333 }
				],
				"scale": [
					{ "curve": "stepped" },
					{ "time": 0.9333 }
				]
			},
			"body2": {
				"rotate": [
					{ "value": 2.29, "curve": "stepped" },
					{ "time": 0.9333, "value": 2.29 }
				],
				"translate": [
					{ "curve": "stepped" },
					{ "time": 0.9333 }
				],
				"scale": [
					{ "curve": "stepped" },
					{ "time": 0.9333 }
				]
			},
			"body3": {
				"rotate": [
					{ "value": 2.29, "curve": "stepped" },
					{ "time": 0.9333, "value": 2.29 }
				],
				"translate": [
					{ "curve": "stepped" },
					{ "time": 0.9333 }
				],
				"scale": [
					{ "curve": "stepped" },
					{ "time": 0.9333 }
				]
			},
			"body4": {
				"rotate": [
					{ "value": 2.29, "curve": "stepped" },
					{ "time": 0.9333, "value": 2.29 }
				],
				"translate": [
					{ "curve": "stepped" },
					{ "time": 0.9333 }
				],
				"scale": [
					{ "curve": "stepped" },
					{ "time": 0.9333 }
				]
			},
			"body5": {
				"rotate": [
					{ "value": 2.29, "curve": "stepped" },
					{ "time": 0.9333, "value": 2.29 }
				],
				"translate": [
					{ "curve": "stepped" },
					{ "time": 0.9333 }
				],
				"scale": [
					{ "curve": "stepped" },
					{ "time": 0.9333 }
				]
			},
			"body6": {
				"rotate": [
					{ "value": 2.29, "curve": "stepped" },
					{ "time": 0.9333, "value": 2.29 }
				],
				"translate": [
					{ "curve": "stepped" },
					{ "time": 0.9333 }
				],
				"scale": [
					{ "curve": "stepped" },
					{ "time": 0.9333 }
				]
			},
			"body7": {
				"rotate": [
					{ "value": 2.29, "curve": "stepped" },
					{ "time": 0.9333, "value": 2.29 }
				],
				"translate": [
					{ "curve": "stepped" },
					{ "time": 0.9333 }
				],
				"scale": [
					{ "curve": "stepped" },
					{ "time": 0.9333 }
				]
			},
			"body8": {
				"rotate": [
					{ "value": 2.29, "curve": "stepped" },
					{ "time": 0.9333, "value": 2.29 }
				],
				"translate": [
					{ "curve": "stepped" },
					{ "time": 0.9333 }
				],
				"scale": [
					{ "curve": "stepped" },
					{ "time": 0.9333 }
				]
			},
			"feeling_3": {
				"rotate": [
					{ "value": 175.48, "curve": "stepped" },
					{ "time": 0.9333, "value": 175.48 }
				],
				"translate": [
					{ "x": 91.59, "y": 61.28, "curve": "stepped" },
					{ "time": 0.9333, "x": 91.59, "y": 61.28 }
				],
				"scale": [
					{ "x": -1.375, "y": 1.375, "curve": "stepped" },
					{ "time": 0.9333, "x": -1.375, "y": 1.375 }
				]
			},
			"emoji": {
				"rotate": [
					{ "value": 10.26, "curve": "stepped" },
					{ "time": 0.9333, "value": 10.26 }
				],
				"translate": [
					{ "x": -2.72, "y": 9.5, "curve": "stepped" },
					{ "time": 0.9333, "x": -2.72, "y": 9.5 }
				],
				"scale": [
					{ "curve": "stepped" },
					{ "time": 0.9333 }
				]
			},
			"shouder_1": {
				"rotate": [
					{ "value": -138.91, "curve": "stepped" },
					{ "time": 0.9333, "value": -138.91 }
				],
				"translate": [
					{ "x": 14.35, "y": 0.6, "curve": "stepped" },
					{ "time": 0.9333, "x": 14.35, "y": 0.6 }
				],
				"scale": [
					{ "curve": "stepped" },
					{ "time": 0.9333 }
				]
			},
			"arm_1": {
				"rotate": [
					{ "value": -21.84, "curve": "stepped" },
					{ "time": 0.9333, "value": -21.84 }
				],
				"translate": [
					{ "x": 2.02, "y": 0.08, "curve": "stepped" },
					{ "time": 0.9333, "x": 2.02, "y": 0.08 }
				],
				"scale": [
					{ "curve": "stepped" },
					{ "time": 0.9333 }
				]
			},
			"shouder_2": {
				"rotate": [
					{ "value": 35.87, "curve": "stepped" },
					{ "time": 0.9333, "value": 35.87 }
				],
				"translate": [
					{ "x": 18.49, "y": -1.86, "curve": "stepped" },
					{ "time": 0.9333, "x": 18.49, "y": -1.86 }
				],
				"scale": [
					{ "curve": "stepped" },
					{ "time": 0.9333 }
				]
			},
			"arm_2": {
				"rotate": [
					{ "value": -11, "curve": "stepped" },
					{ "time": 0.9333, "value": -11 }
				],
				"translate": [
					{ "curve": "stepped" },
					{ "time": 0.9333 }
				],
				"scale": [
					{ "curve": "stepped" },
					{ "time": 0.9333 }
				]
			},
			"thigh_1": {
				"rotate": [
					{ "value": 24.72, "curve": "stepped" },
					{ "time": 0.9333, "value": 24.72 }
				],
				"translate": [
					{ "curve": "stepped" },
					{ "time": 0.9333 }
				],
				"scale": [
					{ "curve": "stepped" },
					{ "time": 0.9333 }
				]
			},
			"leg_1": {
				"rotate": [
					{ "curve": "stepped" },
					{ "time": 0.9333 }
				],
				"translate": [
					{ "curve": "stepped" },
					{ "time": 0.9333 }
				]
			},
			"thigh_2": {
				"rotate": [
					{ "value": 39.21, "curve": "stepped" },
					{ "time": 0.9333, "value": 39.21 }
				],
				"translate": [
					{ "curve": "stepped" },
					{ "time": 0.9333 }
				],
				"scale": [
					{ "curve": "stepped" },
					{ "time": 0.9333 }
				]
			},
			"leg_2": {
				"rotate": [
					{ "value": 18.14, "curve": "stepped" },
					{ "time": 0.9333, "value": 18.14 }
				],
				"translate": [
					{ "curve": "stepped" },
					{ "time": 0.9333 }
				]
			},
			"foot_2": {
				"rotate": [
					{ "curve": "stepped" },
					{ "time": 0.9333 }
				],
				"translate": [
					{ "x": -138.52, "y": -5.75, "curve": "stepped" },
					{ "time": 0.9333, "x": -138.52, "y": -5.75 }
				]
			},
			"foot_3": {
				"rotate": [
					{ "curve": "stepped" },
					{ "time": 0.9333 }
				],
				"translate": [
					{ "x": 42.22, "y": -2.39, "curve": "stepped" },
					{ "time": 0.9333, "x": 42.22, "y": -2.39 }
				]
			},
			"feeling_5": {
				"rotate": [
					{ "value": -37.39, "curve": "stepped" },
					{ "time": 0.9333, "value": -37.39 }
				],
				"translate": [
					{ "x": -225.89, "y": 142.69, "curve": "stepped" },
					{ "time": 0.9333, "x": -225.89, "y": 142.69 }
				],
				"scale": [
					{ "x": 0.745, "y": 0.815, "curve": "stepped" },
					{
						"time": 0.1667,
						"x": 0.745,
						"y": 0.815,
						"curve": [ 0.198, 0.891, 0.232, 1.071, 0.198, 0.975, 0.232, 1.173 ]
					},
					{
						"time": 0.2667,
						"x": 1.275,
						"y": 1.395,
						"curve": [ 0.301, 1.082, 0.342, 0.745, 0.301, 1.184, 0.342, 0.815 ]
					},
					{ "time": 0.3667, "x": 0.745, "y": 0.815, "curve": "stepped" },
					{
						"time": 0.5333,
						"x": 0.745,
						"y": 0.815,
						"curve": [ 0.565, 0.891, 0.599, 1.071, 0.565, 0.975, 0.599, 1.173 ]
					},
					{
						"time": 0.6333,
						"x": 1.275,
						"y": 1.395,
						"curve": [ 0.667, 1.082, 0.709, 0.745, 0.667, 1.184, 0.709, 0.815 ]
					},
					{ "time": 0.7333, "x": 0.745, "y": 0.815, "curve": "stepped" },
					{ "time": 0.9333, "x": 0.745, "y": 0.815 }
				]
			},
			"item_1": {
				"rotate": [
					{ "value": 3.74, "curve": "stepped" },
					{ "time": 0.9333, "value": 3.74 }
				],
				"translate": [
					{ "x": -105.06, "y": 66.67, "curve": "stepped" },
					{ "time": 0.9333, "x": -105.06, "y": 66.67 }
				],
				"scale": [
					{ "x": 0.865, "y": 0.865, "curve": "stepped" },
					{ "time": 0.9333, "x": 0.865, "y": 0.865 }
				]
			},
			"move": {
				"translate": [
					{ "x": 119.99, "curve": "stepped" },
					{ "time": 0.9333, "x": 119.99 }
				],
				"scale": [
					{ "curve": "stepped" },
					{ "time": 0.9333 }
				]
			},
			"feeling_1": {
				"rotate": [
					{ "value": -27.31, "curve": "stepped" },
					{ "time": 0.9333, "value": -27.31 }
				],
				"translate": [
					{ "x": -88.99, "y": -113.73, "curve": "stepped" },
					{ "time": 0.9333, "x": -88.99, "y": -113.73 }
				],
				"scale": [
					{ "x": 0.841, "y": 0.841, "curve": "stepped" },
					{ "time": 0.9333, "x": 0.841, "y": 0.841 }
				]
			},
			"feeling_2": {
				"rotate": [
					{ "value": 168.38, "curve": "stepped" },
					{ "time": 0.9333, "value": 168.38 }
				],
				"translate": [
					{ "x": -235.28, "y": -149.39, "curve": "stepped" },
					{ "time": 0.9333, "x": -235.28, "y": -149.39 }
				],
				"scale": [
					{ "x": 1.006, "y": 1.006, "curve": "stepped" },
					{ "time": 0.9333, "x": 1.006, "y": 1.006 }
				]
			},
			"hair_1": {
				"rotate": [
					{ "value": -2.02, "curve": "stepped" },
					{ "time": 0.9333, "value": -2.02 }
				],
				"translate": [
					{ "x": 48.84, "y": 579.68, "curve": "stepped" },
					{ "time": 0.9333, "x": 48.84, "y": 579.68 }
				],
				"scale": [
					{ "x": 0.868, "y": 0.868, "curve": "stepped" },
					{ "time": 0.9333, "x": 0.868, "y": 0.868 }
				]
			}
		},
		"ik": {
			"foot_1": [
				{
					"stretch": true,
					"curve": [ 0.233, 1, 0.7, 1, 0.233, 0, 0.7, 0 ]
				},
				{ "time": 0.9333, "stretch": true }
			],
			"foot_2": [
				{
					"stretch": true,
					"curve": [ 0.233, 1, 0.7, 1, 0.233, 0, 0.7, 0 ]
				},
				{ "time": 0.9333, "stretch": true }
			]
		},
		"drawOrder": [
			{
				"offsets": [
					{ "slot": "item", "offset": 14 },
					{ "slot": "shoulder1", "offset": 13 },
					{ "slot": "shoulder3", "offset": -1 },
					{ "slot": "shoulder2", "offset": 12 },
					{ "slot": "feeling_5", "offset": 3 }
				]
			},
			{
				"time": 0.9333,
				"offsets": [
					{ "slot": "item", "offset": 14 },
					{ "slot": "shoulder1", "offset": 13 },
					{ "slot": "shoulder3", "offset": -1 },
					{ "slot": "shoulder2", "offset": 12 },
					{ "slot": "feeling_5", "offset": 3 }
				]
			}
		]
	}
}
}