{"frames": [

{
	"filename": "beo",
	"frame": {"x":1,"y":1,"w":188,"h":84},
	"rotated": false,
	"trimmed": true,
	"spriteSourceSize": {"x":7,"y":7,"w":188,"h":84},
	"sourceSize": {"w":202,"h":98}
},
{
	"filename": "beo_hot",
	"frame": {"x":190,"y":1,"w":200,"h":97},
	"rotated": false,
	"trimmed": true,
	"spriteSourceSize": {"x":0,"y":0,"w":200,"h":97},
	"sourceSize": {"w":202,"h":98}
},
{
	"filename": "con_vit copy",
	"frame": {"x":391,"y":1,"w":140,"h":148},
	"rotated": false,
	"trimmed": false,
	"spriteSourceSize": {"x":0,"y":0,"w":140,"h":148},
	"sourceSize": {"w":140,"h":148}
},
{
	"filename": "Layer 64 copy",
	"frame": {"x":1,"y":150,"w":871,"h":330},
	"rotated": false,
	"trimmed": false,
	"spriteSourceSize": {"x":0,"y":0,"w":871,"h":330},
	"sourceSize": {"w":871,"h":330}
}],
"meta": {
	"app": "https://www.codeandweb.com/texturepacker",
	"version": "1.0",
	"image": "props.png",
	"format": "RGBA8888",
	"size": {"w":873,"h":481},
	"scale": "1",
	"smartupdate": "$TexturePacker:SmartUpdate:0fd0ed8327cc5a3955d04e401236c7e3:10b15baaa9562ef5af44fd3ce14c58ad:f4c39b94f5b79b4c461da96ae5609d50$"
}
}
