{
"skeleton": { "hash": "z8Slv3WaVy8", "spine": "4.1.24", "x": -388.28, "y": -425.09, "width": 724.41, "height": 1282.48 },
"bones": [
	{ "name": "root", "rotation": 0.2 },
	{ "name": "move", "parent": "root", "x": -119.99, "scaleX": -1 },
	{ "name": "main", "parent": "move", "y": 256.6 },
	{ "name": "hip", "parent": "main" },
	{ "name": "body", "parent": "hip", "length": 26.97, "rotation": 90 },
	{ "name": "body2", "parent": "body", "length": 26.97, "x": 26.97 },
	{ "name": "body3", "parent": "body2", "length": 26.97, "x": 26.97 },
	{ "name": "body4", "parent": "body3", "length": 26.97, "rotation": -0.06, "x": 26.97 },
	{ "name": "body5", "parent": "body4", "length": 26.97, "x": 26.97 },
	{ "name": "body6", "parent": "body5", "length": 26.97, "x": 26.97 },
	{ "name": "body7", "parent": "body6", "length": 26.97, "x": 26.97 },
	{ "name": "body8", "parent": "body7", "length": 26.97, "x": 26.97 },
	{ "name": "head", "parent": "body8", "length": 135.67, "x": 24.75 },
	{ "name": "feeling_3", "parent": "head", "rotation": -0.18, "x": 87.53, "y": 30.96 },
	{ "name": "emoji", "parent": "head", "rotation": -90, "x": 62, "y": 1.49 },
	{ "name": "shouder_1", "parent": "body7", "length": 100.06, "rotation": -90, "x": 15.39, "y": 0.02 },
	{ "name": "arm_1", "parent": "shouder_1", "length": 100.06, "x": 94.79 },
	{ "name": "shouder_2", "parent": "body7", "length": 100.06, "rotation": 90, "x": 15.39, "y": 0.02 },
	{ "name": "arm_2", "parent": "shouder_2", "length": 100.06, "x": 94.79 },
	{ "name": "thigh_1", "parent": "main", "length": 134.15, "rotation": -90, "x": -0.54, "y": 4.23 },
	{ "name": "leg_1", "parent": "thigh_1", "length": 134.15, "x": 128.14 },
	{ "name": "thigh_2", "parent": "main", "length": 134.15, "rotation": -90, "x": -0.1, "y": 4.23 },
	{ "name": "leg_2", "parent": "thigh_2", "length": 134.15, "x": 128.14 },
	{ "name": "foot_2", "parent": "move", "x": 0.16, "y": -2.18 },
	{ "name": "foot_3", "parent": "move", "x": 0.1, "y": -2.12 },
	{
		"name": "feeling_5",
		"parent": "head",
		"rotation": -0.18,
		"x": 87.53,
		"y": -25.11,
		"scaleX": 2,
		"scaleY": 2
	},
	{ "name": "item_1", "parent": "move", "x": -1.93, "y": 450.24 },
	{ "name": "feeling_1", "parent": "main", "rotation": -20.17, "x": 72.35, "y": 376.02 },
	{ "name": "feeling_2", "parent": "main", "rotation": -20.17, "x": 72.35, "y": 376.02 },
	{ "name": "hair_1", "parent": "main", "rotation": 0.07, "x": -120, "y": -254.77 },
	{
		"name": "feeling_4",
		"parent": "head",
		"rotation": -0.18,
		"x": 87.53,
		"y": -25.11,
		"scaleX": 2,
		"scaleY": 2
	},
	{ "name": "item_tay", "parent": "arm_2", "x": 101.01, "y": -1.25 }
],
"slots": [
	{ "name": "bg_gane_play", "bone": "root", "color": "ffffff4f" },
	{ "name": "item", "bone": "item_1" },
	{ "name": "body", "bone": "hip", "color": "000000ff", "attachment": "body" },
	{ "name": "shoulder1", "bone": "shouder_1", "color": "000000ff" },
	{ "name": "shoulder3", "bone": "shouder_2", "color": "000000ff" },
	{ "name": "shoulder2", "bone": "arm_1", "color": "000000ff" },
	{ "name": "shoulder4", "bone": "arm_2", "color": "000000ff" },
	{ "name": "thigh", "bone": "thigh_1", "color": "000000ff", "attachment": "thigh" },
	{ "name": "thigh3", "bone": "thigh_2", "color": "000000ff", "attachment": "thigh" },
	{ "name": "thigh2", "bone": "leg_1", "color": "000000ff", "attachment": "thigh" },
	{ "name": "thigh4", "bone": "leg_2", "color": "000000ff", "attachment": "thigh" },
	{ "name": "head", "bone": "head", "attachment": "head" },
	{ "name": "hair", "bone": "hair_1" },
	{ "name": "Emoji", "bone": "emoji" },
	{ "name": "feeling_3", "bone": "feeling_3", "color": "000000ff" },
	{ "name": "feeling_5", "bone": "feeling_5" },
	{ "name": "feeling_4", "bone": "feeling_4" },
	{ "name": "feeling_1", "bone": "feeling_1" },
	{ "name": "feeling_2", "bone": "feeling_2" },
	{ "name": "item_tay", "bone": "item_tay" }
],
"ik": [
	{
		"name": "foot_1",
		"bones": [ "thigh_1", "leg_1" ],
		"target": "foot_2",
		"mix": 0,
		"stretch": true
	},
	{
		"name": "foot_2",
		"order": 1,
		"bones": [ "thigh_2", "leg_2" ],
		"target": "foot_3",
		"mix": 0,
		"stretch": true
	}
],
"skins": [
	{
		"name": "default",
		"attachments": {
			"body": {
				"body": {
					"type": "mesh",
					"uvs": [ 1, 1, 0, 1, 0, 0.875, 0, 0.75, 0, 0.625, 0, 0.5, 0, 0.375, 0, 0.25, 0, 0.125, 0, 0, 1, 0, 1, 0.125, 1, 0.25, 1, 0.375, 1, 0.5, 1, 0.625, 1, 0.75, 1, 0.875 ],
					"triangles": [ 7, 8, 11, 11, 8, 10, 8, 9, 10, 12, 7, 11, 13, 6, 12, 6, 7, 12, 14, 5, 13, 5, 6, 13, 15, 4, 14, 4, 5, 14, 16, 3, 15, 3, 4, 15, 2, 3, 16, 0, 1, 17, 1, 2, 17, 17, 2, 16 ],
					"vertices": [ 1, 4, -1.7, -5.5, 1, 1, 4, -1.7, 5.5, 1, 2, 4, 25.68, 5.5, 0.70301, 5, -1.29, 5.5, 0.29699, 2, 5, 26.08, 5.5, 0.65569, 6, -0.88, 5.5, 0.34431, 2, 6, 26.49, 5.5, 0.55905, 7, -0.48, 5.5, 0.44095, 2, 7, 26.9, 5.5, 0.51367, 8, -0.07, 5.5, 0.48633, 2, 8, 27.3, 5.5, 0.41705, 9, 0.33, 5.5, 0.58295, 2, 9, 27.71, 5.5, 0.38565, 10, 0.74, 5.5, 0.61435, 2, 10, 28.11, 5.5, 0.36868, 11, 1.14, 5.5, 0.63132, 1, 11, 28.52, 5.5, 1, 1, 11, 28.52, -5.5, 1, 2, 10, 28.11, -5.5, 0.3064, 11, 1.14, -5.5, 0.6936, 2, 9, 27.71, -5.5, 0.40945, 10, 0.74, -5.5, 0.59055, 2, 8, 27.3, -5.5, 0.44404, 9, 0.33, -5.5, 0.55596, 2, 7, 26.9, -5.5, 0.52991, 8, -0.07, -5.5, 0.47009, 2, 6, 26.49, -5.5, 0.58474, 7, -0.48, -5.5, 0.41526, 2, 5, 26.08, -5.5, 0.62061, 6, -0.88, -5.5, 0.37939, 2, 4, 25.68, -5.5, 0.65664, 5, -1.29, -5.5, 0.34336 ],
					"hull": 18
				}
			},
			"Emoji": {
				"Emoji/emo_18b": { "x": 0.5, "width": 87, "height": 64 },
				"Emoji/emo_57_c": { "x": 0.5, "y": 0.5, "width": 101, "height": 101 },
				"Emoji/emo_68b": { "width": 110, "height": 142 },
				"Emoji/emo_92": { "y": 0.5, "width": 92, "height": 97 },
				"Emoji/new/emo_6": { "y": 0.5, "width": 124, "height": 103 },
				"Emoji/new/emo_18": { "width": 80, "height": 116 }
			},
			"feeling_1": {
				"Emoji/hoi_cham": { "scaleX": 1.6014, "scaleY": 1.3256, "width": 30, "height": 52 },
				"giat_minh": { "width": 70, "height": 66 },
				"scare": { "scaleX": 1.3955, "scaleY": 1.3955, "rotation": 19.99, "width": 80, "height": 83 }
			},
			"feeling_2": {
				"Emoji/hoi_cham": { "width": 30, "height": 52 },
				"water_mouth": { "x": -5.86, "y": -13.64, "rotation": -33.97, "width": 23, "height": 50 }
			},
			"feeling_3": {
				"cauco": { "width": 50, "height": 45 },
				"cham_than": { "x": -18.07, "y": -0.4, "rotation": -96.51, "width": 17, "height": 57 },
				"mo_hoi": { "x": -18.07, "y": -0.4, "rotation": -96.51, "width": 19, "height": 41 }
			},
			"feeling_4": {
				"giat_minh": { "width": 70, "height": 66 }
			},
			"feeling_5": {
				"choang": { "x": -5.59, "y": -33.04, "rotation": -109.99, "width": 212, "height": 68 },
				"scare": { "y": 0.5, "width": 80, "height": 83 }
			},
			"hair": {
				"hair/man/toc_2": { "x": 0.5, "y": 0.5, "width": 161, "height": 91 }
			},
			"head": {
				"head": { "x": 68.85, "rotation": -89.87, "width": 144, "height": 144 }
			},
			"shoulder1": {
				"shoulder": { "x": 49.22, "rotation": -90, "width": 15, "height": 105 }
			},
			"shoulder2": {
				"shoulder": { "x": 49.22, "rotation": -90, "width": 15, "height": 105 }
			},
			"shoulder3": {
				"shoulder": { "x": 49.22, "rotation": -90, "width": 15, "height": 105 }
			},
			"shoulder4": {
				"shoulder": { "x": 50.57, "rotation": -90, "width": 15, "height": 105 }
			},
			"thigh": {
				"thigh": { "x": 66.01, "rotation": -90, "width": 14, "height": 137 }
			},
			"thigh2": {
				"thigh": { "x": 66.01, "rotation": -90, "width": 14, "height": 137 }
			},
			"thigh3": {
				"thigh": { "x": 66.01, "rotation": -90, "width": 14, "height": 137 }
			},
			"thigh4": {
				"thigh": { "x": 66.01, "rotation": -90, "width": 14, "height": 137 }
			}
		}
	}
],
"animations": {
	"t_371_1_be": {
		"slots": {
			"body": {
				"rgba": [
					{ "color": "000000ff" }
				]
			},
			"Emoji": {
				"attachment": [
					{ "name": "Emoji/new/emo_6" }
				]
			},
			"feeling_1": {
				"rgba": [
					{ "color": "ff6565ff" }
				],
				"attachment": [
					{}
				]
			},
			"feeling_2": {
				"rgba": [
					{ "color": "ff6565ff" }
				],
				"attachment": [
					{}
				]
			},
			"feeling_3": {
				"rgba": [
					{ "color": "ffffffff" }
				],
				"attachment": [
					{}
				]
			},
			"feeling_5": {
				"rgba": [
					{ "color": "faff00ff" }
				],
				"attachment": [
					{}
				]
			},
			"hair": {
				"attachment": [
					{}
				]
			},
			"shoulder1": {
				"rgba": [
					{ "color": "000000ff" }
				],
				"attachment": [
					{}
				]
			},
			"shoulder2": {
				"rgba": [
					{ "color": "000000ff" }
				],
				"attachment": [
					{}
				]
			},
			"shoulder3": {
				"rgba": [
					{ "color": "000000ff" }
				],
				"attachment": [
					{ "name": "shoulder" }
				]
			},
			"shoulder4": {
				"rgba": [
					{ "color": "000000ff" }
				],
				"attachment": [
					{ "name": "shoulder" }
				]
			},
			"thigh": {
				"rgba": [
					{ "color": "000000ff" }
				]
			},
			"thigh2": {
				"rgba": [
					{ "color": "000000ff" }
				]
			},
			"thigh3": {
				"rgba": [
					{ "color": "000000ff" }
				]
			},
			"thigh4": {
				"rgba": [
					{ "color": "000000ff" }
				]
			}
		},
		"bones": {
			"body": {
				"rotate": [
					{ "value": 16.79 }
				]
			},
			"body2": {
				"rotate": [
					{ "value": -2.04 }
				]
			},
			"body3": {
				"rotate": [
					{ "value": 0.33 }
				]
			},
			"body4": {
				"rotate": [
					{ "value": 0.27 }
				]
			},
			"body5": {
				"rotate": [
					{ "value": -2 }
				]
			},
			"body6": {
				"rotate": [
					{ "value": -1.6 }
				]
			},
			"body7": {
				"rotate": [
					{ "value": -0.02 }
				]
			},
			"body8": {
				"rotate": [
					{ "value": -4.63 }
				],
				"translate": [
					{ "x": 10.92, "y": -0.52 }
				]
			},
			"thigh_1": {
				"rotate": [
					{ "value": 26.16 }
				]
			},
			"leg_1": {
				"rotate": [
					{ "value": 72.18 }
				],
				"scale": [
					{ "x": 1.074 }
				]
			},
			"main": {
				"rotate": [
					{ "value": -14.81 }
				],
				"translate": [
					{ "x": 7.06, "y": -67.47 }
				]
			},
			"head": {
				"rotate": [
					{ "value": -171.48 }
				],
				"translate": [
					{ "x": -4.95, "y": 2.29 }
				],
				"scale": [
					{ "x": -1 }
				]
			},
			"shouder_1": {
				"rotate": [
					{ "value": -138.39 }
				],
				"translate": [
					{ "x": 16.45, "y": 2.25 }
				],
				"scale": [
					{}
				]
			},
			"arm_1": {
				"rotate": [
					{ "value": -27.69 }
				]
			},
			"shouder_2": {
				"rotate": [
					{ "value": 118.32 }
				],
				"translate": [
					{ "x": 45.79, "y": -5.81 }
				],
				"scale": [
					{}
				]
			},
			"arm_2": {
				"rotate": [
					{ "value": -52.44 }
				],
				"scale": [
					{}
				]
			},
			"thigh_2": {
				"rotate": [
					{ "value": -82.1 }
				],
				"scale": [
					{}
				]
			},
			"leg_2": {
				"rotate": [
					{ "value": 49.36 }
				],
				"scale": [
					{}
				]
			},
			"emoji": {
				"rotate": [
					{ "value": -1.24 }
				],
				"translate": [
					{ "x": 1.05, "y": -3.28 }
				],
				"scale": [
					{ "x": -0.854, "y": 0.854 }
				]
			},
			"feeling_3": {
				"rotate": [
					{ "value": -0.26 }
				],
				"translate": [
					{ "x": 70.64, "y": 83.23 }
				],
				"scale": [
					{ "x": 2.415, "y": 2.415 }
				]
			},
			"feeling_5": {
				"rotate": [
					{ "value": -57.25 }
				],
				"translate": [
					{ "x": -179.64, "y": -399.89 }
				],
				"scale": [
					{ "x": 1.167, "y": 0.56 }
				]
			},
			"move": {
				"translate": [
					{ "x": 119.99 }
				],
				"scale": [
					{}
				]
			},
			"feeling_1": {
				"rotate": [
					{ "value": -29.14 }
				],
				"translate": [
					{ "x": -265, "y": -75.39 }
				],
				"scale": [
					{ "x": 0.739, "y": 0.739 }
				]
			},
			"feeling_2": {
				"rotate": [
					{ "value": -96.86 }
				],
				"translate": [
					{ "x": -162.77, "y": -66.62 }
				],
				"scale": [
					{ "x": 0.873, "y": 0.873 }
				]
			},
			"foot_2": {
				"rotate": [
					{ "value": -13.59 }
				],
				"translate": [
					{ "x": -57.91, "y": 0.76 }
				]
			},
			"foot_3": {
				"rotate": [
					{ "value": 4.81 }
				],
				"translate": [
					{ "x": 63.11, "y": 3.46 }
				]
			},
			"hair_1": {
				"rotate": [
					{ "value": 22.86 }
				],
				"translate": [
					{ "x": 38.8, "y": 525.87 }
				],
				"scale": [
					{ "x": 1.497, "y": 1.497 }
				]
			}
		},
		"ik": {
			"foot_1": [
				{ "stretch": true }
			],
			"foot_2": [
				{ "bendPositive": false, "stretch": true }
			]
		}
	},
	"t_371_1_lose": {
		"slots": {
			"body": {
				"rgba": [
					{ "color": "000000ff", "curve": "stepped" },
					{ "time": 0.0333, "color": "000000ff" }
				]
			},
			"Emoji": {
				"rgba": [
					{ "color": "ffafafff", "curve": "stepped" },
					{ "time": 0.0333, "color": "ffafafff" }
				],
				"attachment": [
					{ "name": "Emoji/emo_57_c" },
					{ "time": 0.0333, "name": "Emoji/emo_57_c" }
				]
			},
			"feeling_1": {
				"rgba": [
					{ "color": "fff600ff", "curve": "stepped" },
					{ "time": 0.0333, "color": "fff600ff" }
				],
				"attachment": [
					{ "name": "scare" },
					{ "time": 0.0333, "name": "scare" }
				]
			},
			"feeling_2": {
				"rgba": [
					{ "color": "ffffffff", "curve": "stepped" },
					{ "time": 0.0333, "color": "ffffffff" }
				],
				"attachment": [
					{ "name": "water_mouth" },
					{ "time": 0.0333, "name": "water_mouth" }
				]
			},
			"feeling_3": {
				"rgba": [
					{ "color": "ffffffff", "curve": "stepped" },
					{ "time": 0.0333, "color": "ffffffff" }
				],
				"attachment": [
					{ "name": "mo_hoi" },
					{ "time": 0.0333, "name": "mo_hoi" }
				]
			},
			"feeling_5": {
				"attachment": [
					{ "name": "choang" },
					{ "time": 0.0333, "name": "choang" }
				]
			},
			"head": {
				"rgba": [
					{ "color": "ffffffff", "curve": "stepped" },
					{ "time": 0.0333, "color": "ffffffff" }
				],
				"attachment": [
					{ "name": "head" },
					{ "time": 0.0333, "name": "head" }
				]
			},
			"shoulder1": {
				"rgba": [
					{ "color": "000000ff", "curve": "stepped" },
					{ "time": 0.0333, "color": "000000ff" }
				],
				"attachment": [
					{ "name": "shoulder" },
					{ "time": 0.0333, "name": "shoulder" }
				]
			},
			"shoulder2": {
				"rgba": [
					{ "color": "000000ff", "curve": "stepped" },
					{ "time": 0.0333, "color": "000000ff" }
				],
				"attachment": [
					{ "name": "shoulder" },
					{ "time": 0.0333, "name": "shoulder" }
				]
			},
			"shoulder3": {
				"rgba": [
					{ "color": "000000ff", "curve": "stepped" },
					{ "time": 0.0333, "color": "000000ff" }
				],
				"attachment": [
					{ "name": "shoulder" },
					{ "time": 0.0333, "name": "shoulder" }
				]
			},
			"shoulder4": {
				"rgba": [
					{ "color": "000000ff", "curve": "stepped" },
					{ "time": 0.0333, "color": "000000ff" }
				],
				"attachment": [
					{ "name": "shoulder" },
					{ "time": 0.0333, "name": "shoulder" }
				]
			},
			"thigh": {
				"rgba": [
					{ "color": "000000ff", "curve": "stepped" },
					{ "time": 0.0333, "color": "000000ff" }
				]
			},
			"thigh2": {
				"rgba": [
					{ "color": "000000ff", "curve": "stepped" },
					{ "time": 0.0333, "color": "000000ff" }
				]
			},
			"thigh3": {
				"rgba": [
					{ "color": "000000ff", "curve": "stepped" },
					{ "time": 0.0333, "color": "000000ff" }
				]
			},
			"thigh4": {
				"rgba": [
					{ "color": "000000ff", "curve": "stepped" },
					{ "time": 0.0333, "color": "000000ff" }
				]
			}
		},
		"bones": {
			"head": {
				"rotate": [
					{ "value": -52.57, "curve": "stepped" },
					{ "time": 0.0333, "value": -52.57 }
				],
				"translate": [
					{ "x": 18.36, "y": 31.33, "curve": "stepped" },
					{ "time": 0.0333, "x": 18.36, "y": 31.33 }
				],
				"scale": [
					{ "x": 1.321, "curve": "stepped" },
					{ "time": 0.0333, "x": 1.321 }
				]
			},
			"root": {
				"rotate": [
					{ "curve": "stepped" },
					{ "time": 0.0333 }
				],
				"translate": [
					{ "curve": "stepped" },
					{ "time": 0.0333 }
				]
			},
			"main": {
				"rotate": [
					{ "value": -3.12, "curve": "stepped" },
					{ "time": 0.0333, "value": -3.12 }
				],
				"translate": [
					{ "x": 93.76, "y": -90.93, "curve": "stepped" },
					{ "time": 0.0333, "x": 93.76, "y": -90.93 }
				]
			},
			"hip": {
				"rotate": [
					{ "curve": "stepped" },
					{ "time": 0.0333 }
				],
				"translate": [
					{ "curve": "stepped" },
					{ "time": 0.0333 }
				]
			},
			"body": {
				"rotate": [
					{ "value": 4.34, "curve": "stepped" },
					{ "time": 0.0333, "value": 4.34 }
				],
				"translate": [
					{ "curve": "stepped" },
					{ "time": 0.0333 }
				]
			},
			"body2": {
				"rotate": [
					{ "value": 4.34, "curve": "stepped" },
					{ "time": 0.0333, "value": 4.34 }
				],
				"translate": [
					{ "curve": "stepped" },
					{ "time": 0.0333 }
				]
			},
			"body3": {
				"rotate": [
					{ "value": 4.34, "curve": "stepped" },
					{ "time": 0.0333, "value": 4.34 }
				],
				"translate": [
					{ "curve": "stepped" },
					{ "time": 0.0333 }
				]
			},
			"body4": {
				"rotate": [
					{ "value": 4.34, "curve": "stepped" },
					{ "time": 0.0333, "value": 4.34 }
				],
				"translate": [
					{ "curve": "stepped" },
					{ "time": 0.0333 }
				]
			},
			"body5": {
				"rotate": [
					{ "value": 4.34, "curve": "stepped" },
					{ "time": 0.0333, "value": 4.34 }
				],
				"translate": [
					{ "curve": "stepped" },
					{ "time": 0.0333 }
				]
			},
			"body6": {
				"rotate": [
					{ "value": 4.34, "curve": "stepped" },
					{ "time": 0.0333, "value": 4.34 }
				],
				"translate": [
					{ "curve": "stepped" },
					{ "time": 0.0333 }
				]
			},
			"body7": {
				"rotate": [
					{ "value": 4.34, "curve": "stepped" },
					{ "time": 0.0333, "value": 4.34 }
				],
				"translate": [
					{ "curve": "stepped" },
					{ "time": 0.0333 }
				]
			},
			"body8": {
				"rotate": [
					{ "value": 4.34, "curve": "stepped" },
					{ "time": 0.0333, "value": 4.34 }
				],
				"translate": [
					{ "curve": "stepped" },
					{ "time": 0.0333 }
				]
			},
			"feeling_3": {
				"rotate": [
					{ "value": -59.23, "curve": "stepped" },
					{ "time": 0.0333, "value": -59.23 }
				],
				"translate": [
					{ "x": 62.37, "y": -13.62, "curve": "stepped" },
					{ "time": 0.0333, "x": 62.37, "y": -13.62 }
				],
				"scale": [
					{ "x": 1.076, "y": 0.865, "curve": "stepped" },
					{ "time": 0.0333, "x": 1.076, "y": 0.865 }
				]
			},
			"emoji": {
				"rotate": [
					{ "value": -9.7, "curve": "stepped" },
					{ "time": 0.0333, "value": -9.7 }
				],
				"translate": [
					{ "x": 42.92, "y": -30.52, "curve": "stepped" },
					{ "time": 0.0333, "x": 42.92, "y": -30.52 }
				],
				"scale": [
					{ "x": 1.35, "y": 1.513, "curve": "stepped" },
					{ "time": 0.0333, "x": 1.35, "y": 1.513 }
				]
			},
			"shouder_1": {
				"rotate": [
					{ "value": 174.71, "curve": "stepped" },
					{ "time": 0.0333, "value": 174.71 }
				],
				"translate": [
					{ "x": 33.62, "y": 0.05, "curve": "stepped" },
					{ "time": 0.0333, "x": 33.62, "y": 0.05 }
				],
				"scale": [
					{ "curve": "stepped" },
					{ "time": 0.0333 }
				],
				"shear": [
					{ "curve": "stepped" },
					{ "time": 0.0333 }
				]
			},
			"arm_1": {
				"rotate": [
					{ "value": -1.66, "curve": "stepped" },
					{ "time": 0.0333, "value": -1.66 }
				],
				"translate": [
					{ "x": 2.02, "y": 0.08, "curve": "stepped" },
					{ "time": 0.0333, "x": 2.02, "y": 0.08 }
				],
				"scale": [
					{ "curve": "stepped" },
					{ "time": 0.0333 }
				]
			},
			"shouder_2": {
				"rotate": [
					{ "value": 4.92, "curve": "stepped" },
					{ "time": 0.0333, "value": 4.92 }
				],
				"translate": [
					{ "x": 26.86, "y": 1.44, "curve": "stepped" },
					{ "time": 0.0333, "x": 26.86, "y": 1.44 }
				],
				"scale": [
					{ "curve": "stepped" },
					{ "time": 0.0333 }
				]
			},
			"arm_2": {
				"rotate": [
					{ "value": -1.49, "curve": "stepped" },
					{ "time": 0.0333, "value": -1.49 }
				],
				"translate": [
					{ "curve": "stepped" },
					{ "time": 0.0333 }
				],
				"scale": [
					{ "curve": "stepped" },
					{ "time": 0.0333 }
				]
			},
			"thigh_1": {
				"rotate": [
					{ "value": 24.72, "curve": "stepped" },
					{ "time": 0.0333, "value": 24.72 }
				],
				"translate": [
					{ "curve": "stepped" },
					{ "time": 0.0333 }
				],
				"scale": [
					{ "curve": "stepped" },
					{ "time": 0.0333 }
				]
			},
			"leg_1": {
				"rotate": [
					{ "curve": "stepped" },
					{ "time": 0.0333 }
				],
				"translate": [
					{ "curve": "stepped" },
					{ "time": 0.0333 }
				],
				"scale": [
					{ "curve": "stepped" },
					{ "time": 0.0333 }
				]
			},
			"thigh_2": {
				"rotate": [
					{ "value": 39.21, "curve": "stepped" },
					{ "time": 0.0333, "value": 39.21 }
				],
				"translate": [
					{ "curve": "stepped" },
					{ "time": 0.0333 }
				],
				"scale": [
					{ "curve": "stepped" },
					{ "time": 0.0333 }
				]
			},
			"leg_2": {
				"rotate": [
					{ "value": 18.14, "curve": "stepped" },
					{ "time": 0.0333, "value": 18.14 }
				],
				"translate": [
					{ "curve": "stepped" },
					{ "time": 0.0333 }
				],
				"scale": [
					{ "curve": "stepped" },
					{ "time": 0.0333 }
				]
			},
			"foot_2": {
				"rotate": [
					{ "value": 1.87, "curve": "stepped" },
					{ "time": 0.0333, "value": 1.87 }
				],
				"translate": [
					{ "x": -137.02, "y": 14.61, "curve": "stepped" },
					{ "time": 0.0333, "x": -137.02, "y": 14.61 }
				]
			},
			"foot_3": {
				"rotate": [
					{ "value": -17.54, "curve": "stepped" },
					{ "time": 0.0333, "value": -17.54 }
				],
				"translate": [
					{ "x": -156.15, "y": 59.31, "curve": "stepped" },
					{ "time": 0.0333, "x": -156.15, "y": 59.31 }
				]
			},
			"feeling_5": {
				"rotate": [
					{ "value": -6.39, "curve": "stepped" },
					{ "time": 0.0333, "value": -6.39 }
				],
				"translate": [
					{ "x": 116.62, "y": 1.01, "curve": "stepped" },
					{ "time": 0.0333, "x": 116.62, "y": 1.01 }
				],
				"scale": [
					{ "x": 0.525, "y": 0.525, "curve": "stepped" },
					{ "time": 0.0333, "x": 0.525, "y": 0.525 }
				]
			},
			"feeling_1": {
				"rotate": [
					{ "value": 21.08, "curve": "stepped" },
					{ "time": 0.0333, "value": 21.08 }
				],
				"translate": [
					{ "x": -215.95, "y": -105.08, "curve": "stepped" },
					{ "time": 0.0333, "x": -215.95, "y": -105.08 }
				],
				"scale": [
					{ "x": 1.279, "y": 1.653, "curve": "stepped" },
					{ "time": 0.0333, "x": 1.279, "y": 1.653 }
				]
			},
			"feeling_2": {
				"rotate": [
					{ "value": -81.72, "curve": "stepped" },
					{ "time": 0.0333, "value": -81.72 }
				],
				"translate": [
					{ "x": -144.54, "y": -118.54, "curve": "stepped" },
					{ "time": 0.0333, "x": -144.54, "y": -118.54 }
				],
				"scale": [
					{ "x": 1.705, "y": 2.784, "curve": "stepped" },
					{ "time": 0.0333, "x": 1.705, "y": 2.784 }
				]
			},
			"move": {
				"translate": [
					{ "x": 119.98, "y": 6.9, "curve": "stepped" },
					{ "time": 0.0333, "x": 119.98, "y": 6.9 }
				],
				"scale": [
					{ "curve": "stepped" },
					{ "time": 0.0333 }
				]
			}
		},
		"ik": {
			"foot_1": [
				{
					"stretch": true,
					"curve": [ 0.008, 1, 0.025, 1, 0.008, 0, 0.025, 0 ]
				},
				{ "time": 0.0333, "stretch": true }
			],
			"foot_2": [
				{
					"stretch": true,
					"curve": [ 0.008, 1, 0.025, 1, 0.008, 0, 0.025, 0 ]
				},
				{ "time": 0.0333, "stretch": true }
			]
		},
		"drawOrder": [
			{
				"offsets": [
					{ "slot": "shoulder2", "offset": 8 },
					{ "slot": "shoulder4", "offset": -3 }
				]
			},
			{
				"time": 0.0333,
				"offsets": [
					{ "slot": "shoulder2", "offset": 8 },
					{ "slot": "shoulder4", "offset": -3 }
				]
			}
		]
	},
	"t_371_1_win": {
		"slots": {
			"body": {
				"rgba": [
					{ "color": "000000ff" }
				]
			},
			"Emoji": {
				"attachment": [
					{ "name": "Emoji/emo_92" }
				]
			},
			"feeling_1": {
				"attachment": [
					{}
				]
			},
			"feeling_2": {
				"attachment": [
					{}
				]
			},
			"feeling_3": {
				"rgba": [
					{ "color": "ffffffff" }
				],
				"attachment": [
					{}
				]
			},
			"feeling_5": {
				"attachment": [
					{}
				]
			},
			"hair": {
				"attachment": [
					{}
				]
			},
			"head": {
				"attachment": [
					{ "name": "head" }
				]
			},
			"shoulder1": {
				"rgba": [
					{ "color": "000000ff" }
				],
				"attachment": [
					{ "name": "shoulder" }
				]
			},
			"shoulder2": {
				"rgba": [
					{ "color": "000000ff" }
				],
				"attachment": [
					{ "name": "shoulder" }
				]
			},
			"shoulder3": {
				"rgba": [
					{ "color": "000000ff" }
				],
				"attachment": [
					{ "name": "shoulder" }
				]
			},
			"shoulder4": {
				"rgba": [
					{ "color": "000000ff" }
				],
				"attachment": [
					{ "name": "shoulder" }
				]
			},
			"thigh": {
				"rgba": [
					{ "color": "000000ff" }
				]
			},
			"thigh2": {
				"rgba": [
					{ "color": "000000ff" }
				]
			},
			"thigh3": {
				"rgba": [
					{ "color": "000000ff" }
				]
			},
			"thigh4": {
				"rgba": [
					{ "color": "000000ff" }
				]
			}
		},
		"bones": {
			"body": {
				"rotate": [
					{ "value": 18.7 }
				]
			},
			"body2": {
				"rotate": [
					{ "value": -0.12 }
				]
			},
			"body3": {
				"rotate": [
					{ "value": 2.24 }
				]
			},
			"body4": {
				"rotate": [
					{ "value": 2.18 }
				]
			},
			"body5": {
				"rotate": [
					{ "value": -0.09 }
				]
			},
			"body6": {
				"rotate": [
					{ "value": 0.32 }
				]
			},
			"body7": {
				"rotate": [
					{ "value": 1.89 }
				]
			},
			"body8": {
				"rotate": [
					{ "value": -2.71 }
				],
				"translate": [
					{ "x": 10.92, "y": -0.52 }
				]
			},
			"thigh_1": {
				"rotate": [
					{ "value": 26.16 }
				]
			},
			"leg_1": {
				"rotate": [
					{ "value": 72.18 }
				],
				"scale": [
					{ "x": 1.074 }
				]
			},
			"main": {
				"rotate": [
					{ "value": -1.57 }
				],
				"translate": [
					{ "x": 65.77, "y": -46.86 }
				]
			},
			"head": {
				"rotate": [
					{ "value": 172.51 }
				],
				"translate": [
					{ "x": -16.31, "y": -6.39 }
				],
				"scale": [
					{ "x": -1 }
				]
			},
			"shouder_1": {
				"rotate": [
					{ "value": -146.76 }
				],
				"translate": [
					{ "x": 26.93, "y": -5.95 }
				],
				"scale": [
					{}
				]
			},
			"arm_1": {
				"rotate": [
					{ "value": -32.31 }
				]
			},
			"shouder_2": {
				"rotate": [
					{ "value": 40.59 }
				],
				"translate": [
					{ "x": 19.61, "y": -3.73 }
				],
				"scale": [
					{}
				]
			},
			"arm_2": {
				"rotate": [
					{ "value": -47.16 }
				],
				"scale": [
					{}
				]
			},
			"thigh_2": {
				"rotate": [
					{ "value": -82.1 }
				],
				"scale": [
					{}
				]
			},
			"leg_2": {
				"rotate": [
					{ "value": 49.36 }
				],
				"scale": [
					{}
				]
			},
			"emoji": {
				"rotate": [
					{ "value": 15.19 }
				],
				"translate": [
					{ "x": 0.43, "y": -7.44 }
				],
				"scale": [
					{ "x": -1 }
				]
			},
			"feeling_3": {
				"rotate": [
					{ "value": 11.38 }
				],
				"translate": [
					{ "x": -32.05, "y": -108.63 }
				],
				"scale": [
					{ "x": 0.932, "y": 0.932 }
				]
			},
			"feeling_5": {
				"rotate": [
					{ "value": -84.16 }
				],
				"translate": [
					{ "x": -22.98, "y": -27.73 }
				],
				"scale": [
					{ "x": 0.435, "y": 0.435 }
				]
			},
			"move": {
				"translate": [
					{ "x": 119.99 }
				],
				"scale": [
					{ "x": -1 }
				]
			},
			"feeling_1": {
				"rotate": [
					{ "value": 4.32 }
				],
				"translate": [
					{ "x": -62.58, "y": -89.73 }
				],
				"scale": [
					{}
				]
			},
			"feeling_2": {
				"rotate": [
					{ "value": 21.29 }
				],
				"translate": [
					{ "x": -88.77, "y": -19.48 }
				],
				"scale": [
					{ "x": 2.029, "y": 2.029 }
				]
			},
			"foot_2": {
				"rotate": [
					{ "value": -13.59 }
				],
				"translate": [
					{ "x": -114.86, "y": 37.73 }
				]
			},
			"foot_3": {
				"rotate": [
					{ "value": 4.81 }
				],
				"translate": [
					{ "x": 247.91, "y": 90.31 }
				]
			},
			"hair_1": {
				"rotate": [
					{ "value": 10.35 }
				],
				"translate": [
					{ "x": -1.71, "y": 571.64 }
				]
			},
			"item_1": {
				"scale": [
					{ "x": -1 }
				]
			}
		},
		"ik": {
			"foot_1": [
				{ "stretch": true }
			],
			"foot_2": [
				{ "stretch": true }
			]
		}
	},
	"t_371_2_be": {
		"slots": {
			"body": {
				"rgba": [
					{ "color": "000000ff" }
				]
			},
			"Emoji": {
				"attachment": [
					{ "name": "Emoji/emo_18b" }
				]
			},
			"feeling_1": {
				"attachment": [
					{ "name": "Emoji/hoi_cham" }
				]
			},
			"feeling_2": {
				"attachment": [
					{ "name": "Emoji/hoi_cham" }
				]
			},
			"feeling_3": {
				"attachment": [
					{}
				]
			},
			"feeling_5": {
				"attachment": [
					{}
				]
			},
			"hair": {
				"attachment": [
					{ "name": "hair/man/toc_2" }
				]
			},
			"head": {
				"rgba": [
					{ "color": "ffffffff" }
				],
				"attachment": [
					{ "name": "head" }
				]
			},
			"shoulder1": {
				"rgba": [
					{ "color": "000000ff" }
				],
				"attachment": [
					{ "name": "shoulder" }
				]
			},
			"shoulder2": {
				"rgba": [
					{ "color": "000000ff" }
				],
				"attachment": [
					{ "name": "shoulder" }
				]
			},
			"shoulder3": {
				"rgba": [
					{ "color": "000000ff" }
				],
				"attachment": [
					{ "name": "shoulder" }
				]
			},
			"shoulder4": {
				"rgba": [
					{ "color": "000000ff" }
				],
				"attachment": [
					{ "name": "shoulder" }
				]
			},
			"thigh": {
				"rgba": [
					{ "color": "000000ff" }
				]
			},
			"thigh2": {
				"rgba": [
					{ "color": "000000ff" }
				]
			},
			"thigh3": {
				"rgba": [
					{ "color": "000000ff" }
				]
			},
			"thigh4": {
				"rgba": [
					{ "color": "000000ff" }
				]
			}
		},
		"bones": {
			"head": {
				"rotate": [
					{ "value": 9.03 }
				],
				"translate": [
					{ "x": -5.27, "y": -2.61 }
				],
				"scale": [
					{}
				]
			},
			"root": {
				"rotate": [
					{}
				],
				"translate": [
					{}
				]
			},
			"main": {
				"rotate": [
					{ "value": -4.09 }
				],
				"translate": [
					{ "x": -2.38, "y": -17.64 }
				]
			},
			"hip": {
				"rotate": [
					{}
				],
				"translate": [
					{}
				]
			},
			"body": {
				"rotate": [
					{ "value": 1.18 }
				],
				"translate": [
					{}
				],
				"scale": [
					{}
				]
			},
			"body2": {
				"rotate": [
					{ "value": 1.18 }
				],
				"translate": [
					{}
				],
				"scale": [
					{}
				]
			},
			"body3": {
				"rotate": [
					{ "value": 1.18 }
				],
				"translate": [
					{}
				],
				"scale": [
					{}
				]
			},
			"body4": {
				"rotate": [
					{ "value": 1.18 }
				],
				"translate": [
					{}
				],
				"scale": [
					{}
				]
			},
			"body5": {
				"rotate": [
					{ "value": 1.18 }
				],
				"translate": [
					{}
				],
				"scale": [
					{}
				]
			},
			"body6": {
				"rotate": [
					{ "value": 1.18 }
				],
				"translate": [
					{}
				],
				"scale": [
					{}
				]
			},
			"body7": {
				"rotate": [
					{ "value": 1.18 }
				],
				"translate": [
					{}
				],
				"scale": [
					{}
				]
			},
			"body8": {
				"rotate": [
					{ "value": 1.18 }
				],
				"translate": [
					{}
				],
				"scale": [
					{}
				]
			},
			"feeling_3": {
				"rotate": [
					{}
				],
				"translate": [
					{}
				]
			},
			"emoji": {
				"rotate": [
					{ "value": -15.21 }
				],
				"translate": [
					{ "x": 1.71, "y": 13.84 }
				],
				"scale": [
					{ "x": 1.004, "y": 1.004 }
				]
			},
			"shouder_1": {
				"rotate": [
					{ "value": -121.22 }
				],
				"translate": [
					{ "x": 33.57, "y": -2.87 }
				],
				"scale": [
					{}
				]
			},
			"arm_1": {
				"rotate": [
					{ "value": 133.96 }
				],
				"translate": [
					{ "x": 2.02, "y": 0.08 }
				],
				"scale": [
					{}
				]
			},
			"shouder_2": {
				"rotate": [
					{ "value": 120.44 }
				],
				"translate": [
					{ "x": 34.61, "y": -0.22 }
				],
				"scale": [
					{}
				]
			},
			"arm_2": {
				"rotate": [
					{ "value": -131.94 }
				],
				"translate": [
					{}
				],
				"scale": [
					{}
				]
			},
			"thigh_1": {
				"rotate": [
					{ "value": 24.72 }
				],
				"translate": [
					{}
				],
				"scale": [
					{}
				]
			},
			"leg_1": {
				"rotate": [
					{}
				],
				"translate": [
					{}
				],
				"scale": [
					{}
				]
			},
			"thigh_2": {
				"rotate": [
					{ "value": 39.21 }
				],
				"translate": [
					{}
				],
				"scale": [
					{}
				]
			},
			"leg_2": {
				"rotate": [
					{ "value": 18.14 }
				],
				"translate": [
					{}
				]
			},
			"foot_2": {
				"rotate": [
					{}
				],
				"translate": [
					{ "x": -45.21, "y": 2.71 }
				]
			},
			"foot_3": {
				"rotate": [
					{}
				],
				"translate": [
					{ "x": 39.64, "y": 1.96 }
				]
			},
			"feeling_5": {
				"rotate": [
					{ "value": 8.88 }
				],
				"translate": [
					{ "x": 2.8, "y": -19.34 }
				],
				"scale": [
					{ "x": 0.448, "y": 0.448 }
				]
			},
			"item_1": {
				"translate": [
					{ "y": -245.53 }
				],
				"scale": [
					{ "x": 1.369, "y": 1.369 }
				]
			},
			"feeling_1": {
				"rotate": [
					{ "value": 25.67 }
				],
				"translate": [
					{ "x": -210.69, "y": -170.78 }
				],
				"scale": [
					{ "x": 0.582, "y": 0.582 }
				]
			},
			"move": {
				"translate": [
					{ "x": 119.99, "y": 0.12 }
				],
				"scale": [
					{ "x": -1 }
				]
			},
			"feeling_2": {
				"rotate": [
					{ "value": 17.98 }
				],
				"translate": [
					{ "x": -4.56, "y": -75.13 }
				],
				"scale": [
					{ "x": 0.689, "y": 0.689 }
				]
			},
			"hair_1": {
				"rotate": [
					{ "value": -3.81 }
				],
				"translate": [
					{ "x": 80.82, "y": 596.5 }
				],
				"scale": [
					{ "x": 0.845, "y": 0.845 }
				]
			}
		},
		"ik": {
			"foot_1": [
				{ "stretch": true }
			],
			"foot_2": [
				{ "bendPositive": false, "stretch": true }
			]
		}
	},
	"t_371_2_lose": {
		"slots": {
			"body": {
				"rgba": [
					{ "color": "000000ff", "curve": "stepped" },
					{ "time": 0.8333, "color": "000000ff" }
				]
			},
			"Emoji": {
				"attachment": [
					{ "name": "Emoji/emo_68b" },
					{ "time": 0.8333, "name": "Emoji/emo_68b" }
				]
			},
			"feeling_1": {
				"attachment": [
					{},
					{ "time": 0.8333 }
				]
			},
			"feeling_2": {
				"attachment": [
					{},
					{ "time": 0.8333 }
				]
			},
			"feeling_3": {
				"attachment": [
					{ "name": "cauco" },
					{ "time": 0.8333, "name": "cauco" }
				]
			},
			"feeling_4": {
				"attachment": [
					{ "name": "giat_minh" },
					{ "time": 0.8333, "name": "giat_minh" }
				]
			},
			"feeling_5": {
				"rgba": [
					{ "color": "ffde00ff", "curve": "stepped" },
					{ "time": 0.8333, "color": "ffde00ff" }
				],
				"attachment": [
					{ "name": "scare" },
					{ "time": 0.8333, "name": "scare" }
				]
			},
			"hair": {
				"attachment": [
					{ "name": "hair/man/toc_2" },
					{ "time": 0.8333, "name": "hair/man/toc_2" }
				]
			},
			"head": {
				"rgba": [
					{ "color": "ffffffff", "curve": "stepped" },
					{ "time": 0.8333, "color": "ffffffff" }
				],
				"attachment": [
					{ "name": "head" },
					{ "time": 0.8333, "name": "head" }
				]
			},
			"shoulder1": {
				"rgba": [
					{ "color": "000000ff", "curve": "stepped" },
					{ "time": 0.8333, "color": "000000ff" }
				],
				"attachment": [
					{ "name": "shoulder" },
					{ "time": 0.8333, "name": "shoulder" }
				]
			},
			"shoulder2": {
				"rgba": [
					{ "color": "000000ff", "curve": "stepped" },
					{ "time": 0.8333, "color": "000000ff" }
				],
				"attachment": [
					{ "name": "shoulder" },
					{ "time": 0.8333, "name": "shoulder" }
				]
			},
			"shoulder3": {
				"rgba": [
					{ "color": "000000ff", "curve": "stepped" },
					{ "time": 0.8333, "color": "000000ff" }
				],
				"attachment": [
					{ "name": "shoulder" },
					{ "time": 0.8333, "name": "shoulder" }
				]
			},
			"shoulder4": {
				"rgba": [
					{ "color": "000000ff", "curve": "stepped" },
					{ "time": 0.8333, "color": "000000ff" }
				],
				"attachment": [
					{ "name": "shoulder" },
					{ "time": 0.8333, "name": "shoulder" }
				]
			},
			"thigh": {
				"rgba": [
					{ "color": "000000ff", "curve": "stepped" },
					{ "time": 0.8333, "color": "000000ff" }
				]
			},
			"thigh2": {
				"rgba": [
					{ "color": "000000ff", "curve": "stepped" },
					{ "time": 0.8333, "color": "000000ff" }
				]
			},
			"thigh3": {
				"rgba": [
					{ "color": "000000ff", "curve": "stepped" },
					{ "time": 0.8333, "color": "000000ff" }
				]
			},
			"thigh4": {
				"rgba": [
					{ "color": "000000ff", "curve": "stepped" },
					{ "time": 0.8333, "color": "000000ff" }
				]
			}
		},
		"bones": {
			"head": {
				"rotate": [
					{ "value": 16.69, "curve": "stepped" },
					{ "time": 0.8333, "value": 16.69 }
				],
				"translate": [
					{ "x": -9.08, "y": 1.5, "curve": "stepped" },
					{ "time": 0.8333, "x": -9.08, "y": 1.5 }
				],
				"scale": [
					{ "curve": "stepped" },
					{ "time": 0.8333 }
				]
			},
			"root": {
				"rotate": [
					{ "curve": "stepped" },
					{ "time": 0.8333 }
				],
				"translate": [
					{ "curve": "stepped" },
					{ "time": 0.8333 }
				]
			},
			"main": {
				"rotate": [
					{ "value": -22.9, "curve": "stepped" },
					{ "time": 0.8333, "value": -22.9 }
				],
				"translate": [
					{ "x": -10.04, "y": -10.62, "curve": "stepped" },
					{ "time": 0.8333, "x": -10.04, "y": -10.62 }
				]
			},
			"hip": {
				"rotate": [
					{ "curve": "stepped" },
					{ "time": 0.8333 }
				],
				"translate": [
					{ "curve": "stepped" },
					{ "time": 0.8333 }
				]
			},
			"body": {
				"rotate": [
					{ "value": 3.18, "curve": "stepped" },
					{ "time": 0.8333, "value": 3.18 }
				],
				"translate": [
					{ "curve": "stepped" },
					{ "time": 0.8333 }
				],
				"scale": [
					{ "curve": "stepped" },
					{ "time": 0.8333 }
				]
			},
			"body2": {
				"rotate": [
					{ "value": 3.18, "curve": "stepped" },
					{ "time": 0.8333, "value": 3.18 }
				],
				"translate": [
					{ "curve": "stepped" },
					{ "time": 0.8333 }
				],
				"scale": [
					{ "curve": "stepped" },
					{ "time": 0.8333 }
				]
			},
			"body3": {
				"rotate": [
					{ "value": 3.18, "curve": "stepped" },
					{ "time": 0.8333, "value": 3.18 }
				],
				"translate": [
					{ "curve": "stepped" },
					{ "time": 0.8333 }
				],
				"scale": [
					{ "curve": "stepped" },
					{ "time": 0.8333 }
				]
			},
			"body4": {
				"rotate": [
					{ "value": 3.18, "curve": "stepped" },
					{ "time": 0.8333, "value": 3.18 }
				],
				"translate": [
					{ "curve": "stepped" },
					{ "time": 0.8333 }
				],
				"scale": [
					{ "curve": "stepped" },
					{ "time": 0.8333 }
				]
			},
			"body5": {
				"rotate": [
					{ "value": 3.18, "curve": "stepped" },
					{ "time": 0.8333, "value": 3.18 }
				],
				"translate": [
					{ "curve": "stepped" },
					{ "time": 0.8333 }
				],
				"scale": [
					{ "curve": "stepped" },
					{ "time": 0.8333 }
				]
			},
			"body6": {
				"rotate": [
					{ "value": 3.18, "curve": "stepped" },
					{ "time": 0.8333, "value": 3.18 }
				],
				"translate": [
					{ "curve": "stepped" },
					{ "time": 0.8333 }
				],
				"scale": [
					{ "curve": "stepped" },
					{ "time": 0.8333 }
				]
			},
			"body7": {
				"rotate": [
					{ "value": 3.18, "curve": "stepped" },
					{ "time": 0.8333, "value": 3.18 }
				],
				"translate": [
					{ "curve": "stepped" },
					{ "time": 0.8333 }
				],
				"scale": [
					{ "curve": "stepped" },
					{ "time": 0.8333 }
				]
			},
			"body8": {
				"rotate": [
					{ "value": 3.18, "curve": "stepped" },
					{ "time": 0.8333, "value": 3.18 }
				],
				"translate": [
					{ "curve": "stepped" },
					{ "time": 0.8333 }
				],
				"scale": [
					{ "curve": "stepped" },
					{ "time": 0.8333 }
				]
			},
			"feeling_3": {
				"rotate": [
					{ "value": -24.4, "curve": "stepped" },
					{ "time": 0.8333, "value": -24.4 }
				],
				"translate": [
					{ "x": 31.7, "y": -95.91, "curve": "stepped" },
					{ "time": 0.8333, "x": 31.7, "y": -95.91 }
				],
				"scale": [
					{ "x": 1.266, "y": 1.266, "curve": "stepped" },
					{ "time": 0.8333, "x": 1.266, "y": 1.266 }
				]
			},
			"emoji": {
				"rotate": [
					{ "value": -0.52, "curve": "stepped" },
					{ "time": 0.8333, "value": -0.52 }
				],
				"translate": [
					{ "x": 16.58, "y": 14.96, "curve": "stepped" },
					{ "time": 0.8333, "x": 16.58, "y": 14.96 }
				],
				"scale": [
					{ "x": -1.011, "y": 1.011, "curve": "stepped" },
					{ "time": 0.8333, "x": -1.011, "y": 1.011 }
				]
			},
			"shouder_1": {
				"rotate": [
					{ "value": -151.75, "curve": "stepped" },
					{ "time": 0.8333, "value": -151.75 }
				],
				"translate": [
					{ "x": 14.41, "y": -1.24, "curve": "stepped" },
					{ "time": 0.8333, "x": 14.41, "y": -1.24 }
				],
				"scale": [
					{ "curve": "stepped" },
					{ "time": 0.8333 }
				]
			},
			"arm_1": {
				"rotate": [
					{ "value": -19.01, "curve": "stepped" },
					{ "time": 0.8333, "value": -19.01 }
				],
				"translate": [
					{ "x": 2.02, "y": 0.08, "curve": "stepped" },
					{ "time": 0.8333, "x": 2.02, "y": 0.08 }
				],
				"scale": [
					{ "curve": "stepped" },
					{ "time": 0.8333 }
				]
			},
			"shouder_2": {
				"rotate": [
					{ "value": -165.34, "curve": "stepped" },
					{ "time": 0.8333, "value": -165.34 }
				],
				"translate": [
					{ "x": 11.42, "y": -1.41, "curve": "stepped" },
					{ "time": 0.8333, "x": 11.42, "y": -1.41 }
				],
				"scale": [
					{ "curve": "stepped" },
					{ "time": 0.8333 }
				]
			},
			"arm_2": {
				"rotate": [
					{ "value": -35.66, "curve": "stepped" },
					{ "time": 0.8333, "value": -35.66 }
				],
				"translate": [
					{ "curve": "stepped" },
					{ "time": 0.8333 }
				],
				"scale": [
					{ "curve": "stepped" },
					{ "time": 0.8333 }
				]
			},
			"thigh_1": {
				"rotate": [
					{ "value": 24.72, "curve": "stepped" },
					{ "time": 0.8333, "value": 24.72 }
				],
				"translate": [
					{ "curve": "stepped" },
					{ "time": 0.8333 }
				],
				"scale": [
					{ "curve": "stepped" },
					{ "time": 0.8333 }
				]
			},
			"leg_1": {
				"rotate": [
					{ "curve": "stepped" },
					{ "time": 0.8333 }
				],
				"translate": [
					{ "curve": "stepped" },
					{ "time": 0.8333 }
				],
				"scale": [
					{ "curve": "stepped" },
					{ "time": 0.8333 }
				]
			},
			"thigh_2": {
				"rotate": [
					{ "value": 39.21, "curve": "stepped" },
					{ "time": 0.8333, "value": 39.21 }
				],
				"translate": [
					{ "curve": "stepped" },
					{ "time": 0.8333 }
				],
				"scale": [
					{ "curve": "stepped" },
					{ "time": 0.8333 }
				]
			},
			"leg_2": {
				"rotate": [
					{ "value": 18.14, "curve": "stepped" },
					{ "time": 0.8333, "value": 18.14 }
				],
				"translate": [
					{ "curve": "stepped" },
					{ "time": 0.8333 }
				]
			},
			"foot_2": {
				"rotate": [
					{ "curve": "stepped" },
					{ "time": 0.8333 }
				],
				"translate": [
					{ "x": -269.84, "y": 242.51, "curve": "stepped" },
					{ "time": 0.8333, "x": -269.84, "y": 242.51 }
				]
			},
			"foot_3": {
				"rotate": [
					{ "curve": "stepped" },
					{ "time": 0.8333 }
				],
				"translate": [
					{ "x": 160.8, "y": 233.1, "curve": "stepped" },
					{ "time": 0.8333, "x": 160.8, "y": 233.1 }
				]
			},
			"feeling_5": {
				"rotate": [
					{ "value": -57.74, "curve": "stepped" },
					{ "time": 0.0667, "value": -101.85, "curve": "stepped" },
					{ "time": 0.1333, "value": -57.74, "curve": "stepped" },
					{ "time": 0.2, "value": -57.74, "curve": "stepped" },
					{ "time": 0.2667, "value": -101.85, "curve": "stepped" },
					{ "time": 0.3333, "value": -57.74, "curve": "stepped" },
					{ "time": 0.4333, "value": -57.74, "curve": "stepped" },
					{ "time": 0.5, "value": -101.85, "curve": "stepped" },
					{ "time": 0.5667, "value": -57.74, "curve": "stepped" },
					{ "time": 0.6333, "value": -57.74, "curve": "stepped" },
					{ "time": 0.7, "value": -101.85, "curve": "stepped" },
					{ "time": 0.7667, "value": -57.74, "curve": "stepped" },
					{ "time": 0.8333, "value": -57.74 }
				],
				"translate": [
					{ "x": -183.33, "y": 370.93, "curve": "stepped" },
					{ "time": 0.0667, "x": -170.81, "y": 391.88, "curve": "stepped" },
					{ "time": 0.1333, "x": -183.33, "y": 370.93, "curve": "stepped" },
					{ "time": 0.2, "x": -183.33, "y": 370.93, "curve": "stepped" },
					{ "time": 0.2667, "x": -170.81, "y": 391.88, "curve": "stepped" },
					{ "time": 0.3333, "x": -183.33, "y": 370.93, "curve": "stepped" },
					{ "time": 0.4333, "x": -183.33, "y": 370.93, "curve": "stepped" },
					{ "time": 0.5, "x": -170.81, "y": 391.88, "curve": "stepped" },
					{ "time": 0.5667, "x": -183.33, "y": 370.93, "curve": "stepped" },
					{ "time": 0.6333, "x": -183.33, "y": 370.93, "curve": "stepped" },
					{ "time": 0.7, "x": -170.81, "y": 391.88, "curve": "stepped" },
					{ "time": 0.7667, "x": -183.33, "y": 370.93, "curve": "stepped" },
					{ "time": 0.8333, "x": -183.33, "y": 370.93 }
				],
				"scale": [
					{ "x": 0.41, "y": 0.41, "curve": "stepped" },
					{ "time": 0.0667, "x": 1.339, "y": 1.339, "curve": "stepped" },
					{ "time": 0.1333, "x": 0.41, "y": 0.41, "curve": "stepped" },
					{ "time": 0.2, "x": 0.41, "y": 0.41, "curve": "stepped" },
					{ "time": 0.2667, "x": 1.339, "y": 1.339, "curve": "stepped" },
					{ "time": 0.3333, "x": 0.41, "y": 0.41, "curve": "stepped" },
					{ "time": 0.4333, "x": 0.41, "y": 0.41, "curve": "stepped" },
					{ "time": 0.5, "x": 1.339, "y": 1.339, "curve": "stepped" },
					{ "time": 0.5667, "x": 0.41, "y": 0.41, "curve": "stepped" },
					{ "time": 0.6333, "x": 0.41, "y": 0.41, "curve": "stepped" },
					{ "time": 0.7, "x": 1.339, "y": 1.339, "curve": "stepped" },
					{ "time": 0.7667, "x": 0.41, "y": 0.41, "curve": "stepped" },
					{ "time": 0.8333, "x": 0.41, "y": 0.41 }
				]
			},
			"item_1": {
				"rotate": [
					{ "value": 1.78, "curve": "stepped" },
					{ "time": 0.8333, "value": 1.78 }
				],
				"translate": [
					{ "x": -26.83, "y": 119.53, "curve": "stepped" },
					{ "time": 0.8333, "x": -26.83, "y": 119.53 }
				],
				"scale": [
					{ "x": 1.145, "y": 1.145, "curve": "stepped" },
					{ "time": 0.8333, "x": 1.145, "y": 1.145 }
				]
			},
			"feeling_1": {
				"rotate": [
					{ "value": 24.55, "curve": "stepped" },
					{ "time": 0.8333, "value": 24.55 }
				],
				"translate": [
					{ "x": -220.41, "y": -201.02, "curve": "stepped" },
					{ "time": 0.8333, "x": -220.41, "y": -201.02 }
				],
				"scale": [
					{ "x": -0.433, "y": 0.433, "curve": "stepped" },
					{ "time": 0.8333, "x": -0.433, "y": 0.433 }
				]
			},
			"move": {
				"translate": [
					{ "x": 119.99, "y": 0.12, "curve": "stepped" },
					{ "time": 0.8333, "x": 119.99, "y": 0.12 }
				],
				"scale": [
					{ "x": -1, "curve": "stepped" },
					{ "time": 0.8333, "x": -1 }
				]
			},
			"feeling_2": {
				"rotate": [
					{ "value": 16.31, "curve": "stepped" },
					{ "time": 0.8333, "value": 16.31 }
				],
				"translate": [
					{ "x": -324.28, "y": -230.73, "curve": "stepped" },
					{ "time": 0.8333, "x": -324.28, "y": -230.73 }
				],
				"scale": [
					{ "x": 0.876, "y": 0.876, "curve": "stepped" },
					{ "time": 0.8333, "x": 0.876, "y": 0.876 }
				]
			},
			"hair_1": {
				"rotate": [
					{ "value": 29.24, "curve": "stepped" },
					{ "time": 0.8333, "value": 29.24 }
				],
				"translate": [
					{ "x": -31.3, "y": 561.49, "curve": "stepped" },
					{ "time": 0.8333, "x": -31.3, "y": 561.49 }
				],
				"scale": [
					{ "x": 0.965, "y": 0.965, "curve": "stepped" },
					{ "time": 0.8333, "x": 0.965, "y": 0.965 }
				]
			},
			"feeling_4": {
				"rotate": [
					{ "value": 50.88, "curve": "stepped" },
					{ "time": 0.8333, "value": 50.88 }
				],
				"translate": [
					{ "x": -19.91, "y": 127.7, "curve": "stepped" },
					{ "time": 0.8333, "x": -19.91, "y": 127.7 }
				],
				"scale": [
					{ "x": 0.461, "y": 0.461, "curve": "stepped" },
					{ "time": 0.8333, "x": 0.461, "y": 0.461 }
				]
			}
		},
		"ik": {
			"foot_1": [
				{
					"stretch": true,
					"curve": [ 0.208, 1, 0.625, 1, 0.208, 0, 0.625, 0 ]
				},
				{ "time": 0.8333, "stretch": true }
			],
			"foot_2": [
				{
					"stretch": true,
					"curve": [ 0.208, 1, 0.625, 1, 0.208, 0, 0.625, 0 ]
				},
				{ "time": 0.8333, "stretch": true }
			]
		},
		"drawOrder": [
			{
				"offsets": [
					{ "slot": "item", "offset": 16 },
					{ "slot": "feeling_5", "offset": 3 }
				]
			},
			{
				"time": 0.8333,
				"offsets": [
					{ "slot": "item", "offset": 16 },
					{ "slot": "feeling_5", "offset": 3 }
				]
			}
		]
	},
	"t_371_2_win": {
		"slots": {
			"body": {
				"rgba": [
					{ "color": "000000ff", "curve": "stepped" },
					{ "time": 1.2333, "color": "000000ff" }
				]
			},
			"Emoji": {
				"attachment": [
					{ "name": "Emoji/new/emo_18" },
					{ "time": 1.2333, "name": "Emoji/new/emo_18" }
				]
			},
			"feeling_1": {
				"attachment": [
					{ "name": "giat_minh" },
					{ "time": 1.2333, "name": "giat_minh" }
				]
			},
			"feeling_2": {
				"rgba": [
					{ "color": "000000ff", "curve": "stepped" },
					{ "time": 1.2333, "color": "000000ff" }
				],
				"attachment": [
					{},
					{ "time": 1.2333 }
				]
			},
			"feeling_3": {
				"rgba": [
					{ "color": "ffffffff", "curve": "stepped" },
					{ "time": 1.2333, "color": "ffffffff" }
				],
				"attachment": [
					{ "name": "cham_than" },
					{ "time": 1.2333, "name": "cham_than" }
				]
			},
			"feeling_5": {
				"rgba": [
					{ "color": "ffffffff", "curve": "stepped" },
					{ "time": 1.2333, "color": "ffffffff" }
				],
				"attachment": [
					{ "name": "scare" },
					{ "time": 1.2333, "name": "scare" }
				]
			},
			"hair": {
				"attachment": [
					{ "name": "hair/man/toc_2" },
					{ "time": 1.2333, "name": "hair/man/toc_2" }
				]
			},
			"head": {
				"rgba": [
					{ "color": "ffffffff", "curve": "stepped" },
					{ "time": 1.2333, "color": "ffffffff" }
				],
				"attachment": [
					{ "name": "head" },
					{ "time": 1.2333, "name": "head" }
				]
			},
			"shoulder1": {
				"rgba": [
					{ "color": "000000ff", "curve": "stepped" },
					{ "time": 1.2333, "color": "000000ff" }
				],
				"attachment": [
					{ "name": "shoulder" },
					{ "time": 1.2333, "name": "shoulder" }
				]
			},
			"shoulder2": {
				"rgba": [
					{ "color": "000000ff", "curve": "stepped" },
					{ "time": 1.2333, "color": "000000ff" }
				],
				"attachment": [
					{ "name": "shoulder" },
					{ "time": 1.2333, "name": "shoulder" }
				]
			},
			"shoulder3": {
				"rgba": [
					{ "color": "000000ff", "curve": "stepped" },
					{ "time": 1.2333, "color": "000000ff" }
				],
				"attachment": [
					{ "name": "shoulder" },
					{ "time": 1.2333, "name": "shoulder" }
				]
			},
			"shoulder4": {
				"rgba": [
					{ "color": "000000ff", "curve": "stepped" },
					{ "time": 1.2333, "color": "000000ff" }
				],
				"attachment": [
					{ "name": "shoulder" },
					{ "time": 1.2333, "name": "shoulder" }
				]
			},
			"thigh": {
				"rgba": [
					{ "color": "000000ff", "curve": "stepped" },
					{ "time": 1.2333, "color": "000000ff" }
				]
			},
			"thigh2": {
				"rgba": [
					{ "color": "000000ff", "curve": "stepped" },
					{ "time": 1.2333, "color": "000000ff" }
				]
			},
			"thigh3": {
				"rgba": [
					{ "color": "000000ff", "curve": "stepped" },
					{ "time": 1.2333, "color": "000000ff" }
				]
			},
			"thigh4": {
				"rgba": [
					{ "color": "000000ff", "curve": "stepped" },
					{ "time": 1.2333, "color": "000000ff" }
				]
			}
		},
		"bones": {
			"head": {
				"rotate": [
					{ "value": -17.33, "curve": "stepped" },
					{ "time": 1.2333, "value": -17.33 }
				],
				"translate": [
					{ "x": -19.93, "y": 9.25, "curve": "stepped" },
					{ "time": 1.2333, "x": -19.93, "y": 9.25 }
				],
				"scale": [
					{ "curve": "stepped" },
					{ "time": 1.2333 }
				]
			},
			"root": {
				"rotate": [
					{ "curve": "stepped" },
					{ "time": 1.2333 }
				],
				"translate": [
					{ "curve": "stepped" },
					{ "time": 1.2333 }
				]
			},
			"main": {
				"rotate": [
					{ "value": 0.25, "curve": "stepped" },
					{ "time": 1.2333, "value": 0.25 }
				],
				"translate": [
					{ "x": -6.61, "y": -41.29, "curve": "stepped" },
					{ "time": 1.2333, "x": -6.61, "y": -41.29 }
				]
			},
			"hip": {
				"rotate": [
					{ "curve": "stepped" },
					{ "time": 1.2333 }
				],
				"translate": [
					{ "curve": "stepped" },
					{ "time": 1.2333 }
				]
			},
			"body": {
				"rotate": [
					{ "value": 1.05, "curve": "stepped" },
					{ "time": 1.2333, "value": 1.05 }
				],
				"translate": [
					{ "curve": "stepped" },
					{ "time": 1.2333 }
				],
				"scale": [
					{ "curve": "stepped" },
					{ "time": 1.2333 }
				]
			},
			"body2": {
				"rotate": [
					{ "value": 1.05, "curve": "stepped" },
					{ "time": 1.2333, "value": 1.05 }
				],
				"translate": [
					{ "curve": "stepped" },
					{ "time": 1.2333 }
				],
				"scale": [
					{ "curve": "stepped" },
					{ "time": 1.2333 }
				]
			},
			"body3": {
				"rotate": [
					{ "value": 1.05, "curve": "stepped" },
					{ "time": 1.2333, "value": 1.05 }
				],
				"translate": [
					{ "curve": "stepped" },
					{ "time": 1.2333 }
				],
				"scale": [
					{ "curve": "stepped" },
					{ "time": 1.2333 }
				]
			},
			"body4": {
				"rotate": [
					{ "value": 1.05, "curve": "stepped" },
					{ "time": 1.2333, "value": 1.05 }
				],
				"translate": [
					{ "curve": "stepped" },
					{ "time": 1.2333 }
				],
				"scale": [
					{ "curve": "stepped" },
					{ "time": 1.2333 }
				]
			},
			"body5": {
				"rotate": [
					{ "value": 1.05, "curve": "stepped" },
					{ "time": 1.2333, "value": 1.05 }
				],
				"translate": [
					{ "curve": "stepped" },
					{ "time": 1.2333 }
				],
				"scale": [
					{ "curve": "stepped" },
					{ "time": 1.2333 }
				]
			},
			"body6": {
				"rotate": [
					{ "value": 1.05, "curve": "stepped" },
					{ "time": 1.2333, "value": 1.05 }
				],
				"translate": [
					{ "curve": "stepped" },
					{ "time": 1.2333 }
				],
				"scale": [
					{ "curve": "stepped" },
					{ "time": 1.2333 }
				]
			},
			"body7": {
				"rotate": [
					{ "value": 1.05, "curve": "stepped" },
					{ "time": 1.2333, "value": 1.05 }
				],
				"translate": [
					{ "curve": "stepped" },
					{ "time": 1.2333 }
				],
				"scale": [
					{ "curve": "stepped" },
					{ "time": 1.2333 }
				]
			},
			"body8": {
				"rotate": [
					{ "value": 1.05, "curve": "stepped" },
					{ "time": 1.2333, "value": 1.05 }
				],
				"translate": [
					{ "curve": "stepped" },
					{ "time": 1.2333 }
				],
				"scale": [
					{ "curve": "stepped" },
					{ "time": 1.2333 }
				]
			},
			"feeling_3": {
				"rotate": [
					{ "value": -17.34, "curve": "stepped" },
					{ "time": 1.2333, "value": -17.34 }
				],
				"translate": [
					{ "x": 126.63, "y": -171.21, "curve": "stepped" },
					{ "time": 1.2333, "x": 126.63, "y": -171.21 }
				],
				"scale": [
					{ "x": 1.625, "y": -1.625, "curve": "stepped" },
					{ "time": 1.2333, "x": 1.625, "y": -1.625 }
				]
			},
			"emoji": {
				"rotate": [
					{ "value": 10.42, "curve": "stepped" },
					{ "time": 1.2333, "value": 10.42 }
				],
				"translate": [
					{ "x": 9.88, "y": -1.68, "curve": "stepped" },
					{ "time": 1.2333, "x": 9.88, "y": -1.68 }
				],
				"scale": [
					{ "x": 1.036, "y": 1.036, "curve": "stepped" },
					{ "time": 1.2333, "x": 1.036, "y": 1.036 }
				]
			},
			"shouder_1": {
				"rotate": [
					{ "value": -139.82, "curve": "stepped" },
					{ "time": 1.2333, "value": -139.82 }
				],
				"translate": [
					{ "x": 17.49, "y": 3.57, "curve": "stepped" },
					{ "time": 1.2333, "x": 17.49, "y": 3.57 }
				],
				"scale": [
					{ "curve": "stepped" },
					{ "time": 1.2333 }
				]
			},
			"arm_1": {
				"rotate": [
					{ "value": 59.87, "curve": "stepped" },
					{ "time": 1.2333, "value": 59.87 }
				],
				"translate": [
					{ "x": 2.02, "y": 0.08, "curve": "stepped" },
					{ "time": 1.2333, "x": 2.02, "y": 0.08 }
				],
				"scale": [
					{ "curve": "stepped" },
					{ "time": 1.2333 }
				]
			},
			"shouder_2": {
				"rotate": [
					{ "value": 115.15, "curve": "stepped" },
					{ "time": 1.2333, "value": 115.15 }
				],
				"translate": [
					{ "x": 20.48, "y": 1.33, "curve": "stepped" },
					{ "time": 1.2333, "x": 20.48, "y": 1.33 }
				],
				"scale": [
					{ "curve": "stepped" },
					{ "time": 1.2333 }
				]
			},
			"arm_2": {
				"rotate": [
					{ "value": -21.4, "curve": "stepped" },
					{ "time": 1.2333, "value": -21.4 }
				],
				"scale": [
					{ "curve": "stepped" },
					{ "time": 1.2333 }
				]
			},
			"thigh_1": {
				"rotate": [
					{ "value": 24.72, "curve": "stepped" },
					{ "time": 1.2333, "value": 24.72 }
				],
				"translate": [
					{ "curve": "stepped" },
					{ "time": 1.2333 }
				],
				"scale": [
					{ "curve": "stepped" },
					{ "time": 1.2333 }
				]
			},
			"leg_1": {
				"rotate": [
					{ "curve": "stepped" },
					{ "time": 1.2333 }
				],
				"translate": [
					{ "curve": "stepped" },
					{ "time": 1.2333 }
				]
			},
			"thigh_2": {
				"rotate": [
					{ "value": 39.21, "curve": "stepped" },
					{ "time": 1.2333, "value": 39.21 }
				],
				"translate": [
					{ "curve": "stepped" },
					{ "time": 1.2333 }
				],
				"scale": [
					{ "x": 1.027, "curve": "stepped" },
					{ "time": 1.2333, "x": 1.027 }
				]
			},
			"leg_2": {
				"rotate": [
					{ "value": 18.14, "curve": "stepped" },
					{ "time": 1.2333, "value": 18.14 }
				],
				"translate": [
					{ "curve": "stepped" },
					{ "time": 1.2333 }
				]
			},
			"foot_2": {
				"rotate": [
					{ "curve": "stepped" },
					{ "time": 1.2333 }
				],
				"translate": [
					{ "x": 86.4, "y": -6.21, "curve": "stepped" },
					{ "time": 1.2333, "x": 86.4, "y": -6.21 }
				]
			},
			"foot_3": {
				"rotate": [
					{ "value": 5.34, "curve": "stepped" },
					{ "time": 1.2333, "value": 5.34 }
				],
				"translate": [
					{ "x": -78.76, "y": 2.41, "curve": "stepped" },
					{ "time": 1.2333, "x": -78.76, "y": 2.41 }
				]
			},
			"feeling_5": {
				"rotate": [
					{ "value": 146.49, "curve": "stepped" },
					{ "time": 1.2333, "value": 146.49 }
				],
				"translate": [
					{ "x": 50.29, "y": -79.69, "curve": "stepped" },
					{ "time": 1.2333, "x": 50.29, "y": -79.69 }
				],
				"scale": [
					{ "x": 0.611, "y": 0.611, "curve": "stepped" },
					{
						"time": 0.1667,
						"x": 0.611,
						"y": 0.611,
						"curve": [ 0.192, 0.611, 0.242, 1.742, 0.192, 0.611, 0.242, 1.742 ]
					},
					{ "time": 0.2667, "x": 1.742, "y": 1.742 },
					{ "time": 0.3667, "x": 0.611, "y": 0.611, "curve": "stepped" },
					{
						"time": 0.5,
						"x": 0.611,
						"y": 0.611,
						"curve": [ 0.525, 0.611, 0.575, 1.742, 0.525, 0.611, 0.575, 1.742 ]
					},
					{ "time": 0.6, "x": 1.742, "y": 1.742 },
					{ "time": 0.7, "x": 0.611, "y": 0.611, "curve": "stepped" },
					{
						"time": 0.8333,
						"x": 0.611,
						"y": 0.611,
						"curve": [ 0.858, 0.611, 0.908, 1.742, 0.858, 0.611, 0.908, 1.742 ]
					},
					{ "time": 0.9333, "x": 1.742, "y": 1.742 },
					{ "time": 1.0333, "x": 0.611, "y": 0.611, "curve": "stepped" },
					{ "time": 1.2333, "x": 0.611, "y": 0.611 }
				],
				"shear": [
					{ "curve": "stepped" },
					{ "time": 1.2333 }
				]
			},
			"feeling_1": {
				"rotate": [
					{ "value": 15.52, "curve": "stepped" },
					{ "time": 1.2333, "value": 15.52 }
				],
				"translate": [
					{ "x": -157.06, "y": -9.78, "curve": "stepped" },
					{ "time": 1.2333, "x": -157.06, "y": -9.78 }
				],
				"scale": [
					{ "x": -0.991, "y": 0.991, "curve": "stepped" },
					{ "time": 1.2333, "x": -0.991, "y": 0.991 }
				]
			},
			"feeling_2": {
				"rotate": [
					{ "value": -154.13, "curve": "stepped" },
					{ "time": 1.2333, "value": -154.13 }
				],
				"translate": [
					{ "x": -110.82, "y": 31.69, "curve": "stepped" },
					{ "time": 1.2333, "x": -110.82, "y": 31.69 }
				],
				"scale": [
					{ "x": -2.356, "y": -2.356, "curve": "stepped" },
					{ "time": 1.2333, "x": -2.356, "y": -2.356 }
				]
			},
			"move": {
				"translate": [
					{ "x": 119.99, "curve": "stepped" },
					{ "time": 1.2333, "x": 119.99 }
				],
				"scale": [
					{ "curve": "stepped" },
					{ "time": 1.2333 }
				]
			},
			"hair_1": {
				"rotate": [
					{ "value": 6.29, "curve": "stepped" },
					{ "time": 1.2333, "value": 6.29 }
				],
				"translate": [
					{ "x": 107.61, "y": 590.38, "curve": "stepped" },
					{ "time": 1.2333, "x": 107.61, "y": 590.38 }
				],
				"scale": [
					{ "x": -0.82, "y": 0.819, "curve": "stepped" },
					{ "time": 1.2333, "x": -0.82, "y": 0.819 }
				]
			}
		},
		"ik": {
			"foot_1": [
				{
					"bendPositive": false,
					"stretch": true,
					"curve": [ 0.308, 1, 0.925, 1, 0.308, 0, 0.925, 0 ]
				},
				{ "time": 1.2333, "bendPositive": false, "stretch": true }
			],
			"foot_2": [
				{
					"stretch": true,
					"curve": [ 0.308, 1, 0.925, 1, 0.308, 0, 0.925, 0 ]
				},
				{ "time": 1.2333, "stretch": true }
			]
		},
		"drawOrder": [
			{
				"offsets": [
					{ "slot": "shoulder4", "offset": -3 },
					{ "slot": "feeling_3", "offset": 2 }
				]
			},
			{
				"time": 1.2333,
				"offsets": [
					{ "slot": "shoulder4", "offset": -3 },
					{ "slot": "feeling_3", "offset": 2 }
				]
			}
		]
	}
}
}