{
"skeleton": { "hash": "I0lNYZ9MCAY", "spine": "4.1.24", "x": -388.28, "y": -425.09, "width": 724.41, "height": 1282.48 },
"bones": [
	{ "name": "root", "rotation": 0.2 },
	{ "name": "move", "parent": "root", "x": -119.99, "scaleX": -1 },
	{ "name": "main", "parent": "move", "y": 256.6 },
	{ "name": "hip", "parent": "main" },
	{ "name": "body", "parent": "hip", "length": 26.97, "rotation": 90 },
	{ "name": "body2", "parent": "body", "length": 26.97, "x": 26.97 },
	{ "name": "body3", "parent": "body2", "length": 26.97, "x": 26.97 },
	{ "name": "body4", "parent": "body3", "length": 26.97, "rotation": -0.06, "x": 26.97 },
	{ "name": "body5", "parent": "body4", "length": 26.97, "x": 26.97 },
	{ "name": "body6", "parent": "body5", "length": 26.97, "x": 26.97 },
	{ "name": "body7", "parent": "body6", "length": 26.97, "x": 26.97 },
	{ "name": "body8", "parent": "body7", "length": 26.97, "x": 26.97 },
	{ "name": "head", "parent": "body8", "length": 135.67, "x": 24.75 },
	{ "name": "feeling_3", "parent": "head", "rotation": -0.18, "x": 87.53, "y": 30.96 },
	{ "name": "emoji", "parent": "head", "rotation": -90, "x": 62, "y": 1.49 },
	{ "name": "shouder_1", "parent": "body7", "length": 100.06, "rotation": -90, "x": 15.39, "y": 0.02 },
	{ "name": "arm_1", "parent": "shouder_1", "length": 100.06, "x": 94.79 },
	{ "name": "shouder_2", "parent": "body7", "length": 100.06, "rotation": 90, "x": 15.39, "y": 0.02 },
	{ "name": "arm_2", "parent": "shouder_2", "length": 100.06, "x": 94.79 },
	{ "name": "thigh_1", "parent": "main", "length": 134.15, "rotation": -90, "x": -0.54, "y": 4.23 },
	{ "name": "leg_1", "parent": "thigh_1", "length": 134.15, "x": 128.14 },
	{ "name": "thigh_2", "parent": "main", "length": 134.15, "rotation": -90, "x": -0.1, "y": 4.23 },
	{ "name": "leg_2", "parent": "thigh_2", "length": 134.15, "x": 128.14 },
	{ "name": "foot_2", "parent": "move", "x": 0.16, "y": -2.18 },
	{ "name": "foot_3", "parent": "move", "x": 0.1, "y": -2.12 },
	{
		"name": "feeling_5",
		"parent": "head",
		"rotation": -0.18,
		"x": 87.53,
		"y": -25.11,
		"scaleX": 2,
		"scaleY": 2
	},
	{ "name": "item_1", "parent": "move", "x": -1.93, "y": 450.24 },
	{ "name": "feeling_1", "parent": "main", "rotation": -20.17, "x": 72.35, "y": 376.02 },
	{ "name": "feeling_2", "parent": "main", "rotation": -20.17, "x": 72.35, "y": 376.02 },
	{ "name": "hair_1", "parent": "main", "rotation": 0.07, "x": -120, "y": -254.77 },
	{
		"name": "feeling_4",
		"parent": "head",
		"rotation": -0.18,
		"x": 87.53,
		"y": -25.11,
		"scaleX": 2,
		"scaleY": 2
	},
	{ "name": "item_tay", "parent": "arm_2", "x": 101.01, "y": -1.25 }
],
"slots": [
	{ "name": "bg_gane_play", "bone": "root", "color": "ffffff4f" },
	{ "name": "item", "bone": "item_1" },
	{ "name": "body", "bone": "hip", "color": "000000ff", "attachment": "body" },
	{ "name": "shoulder1", "bone": "shouder_1", "color": "000000ff" },
	{ "name": "shoulder3", "bone": "shouder_2", "color": "000000ff" },
	{ "name": "shoulder2", "bone": "arm_1", "color": "000000ff" },
	{ "name": "shoulder4", "bone": "arm_2", "color": "000000ff" },
	{ "name": "thigh", "bone": "thigh_1", "color": "000000ff", "attachment": "thigh" },
	{ "name": "thigh3", "bone": "thigh_2", "color": "000000ff", "attachment": "thigh" },
	{ "name": "thigh2", "bone": "leg_1", "color": "000000ff", "attachment": "thigh" },
	{ "name": "thigh4", "bone": "leg_2", "color": "000000ff", "attachment": "thigh" },
	{ "name": "head", "bone": "head", "attachment": "head" },
	{ "name": "hair", "bone": "hair_1" },
	{ "name": "Emoji", "bone": "emoji" },
	{ "name": "feeling_3", "bone": "feeling_3", "color": "000000ff" },
	{ "name": "feeling_5", "bone": "feeling_5" },
	{ "name": "feeling_4", "bone": "feeling_4" },
	{ "name": "feeling_1", "bone": "feeling_1" },
	{ "name": "feeling_2", "bone": "feeling_2" },
	{ "name": "item_tay", "bone": "item_tay" }
],
"ik": [
	{
		"name": "foot_1",
		"bones": [ "thigh_1", "leg_1" ],
		"target": "foot_2",
		"mix": 0,
		"stretch": true
	},
	{
		"name": "foot_2",
		"order": 1,
		"bones": [ "thigh_2", "leg_2" ],
		"target": "foot_3",
		"mix": 0,
		"stretch": true
	}
],
"skins": [
	{
		"name": "default",
		"attachments": {
			"body": {
				"body": {
					"type": "mesh",
					"uvs": [ 1, 1, 0, 1, 0, 0.875, 0, 0.75, 0, 0.625, 0, 0.5, 0, 0.375, 0, 0.25, 0, 0.125, 0, 0, 1, 0, 1, 0.125, 1, 0.25, 1, 0.375, 1, 0.5, 1, 0.625, 1, 0.75, 1, 0.875 ],
					"triangles": [ 8, 9, 10, 11, 8, 10, 7, 8, 11, 12, 7, 11, 6, 7, 12, 13, 6, 12, 5, 6, 13, 14, 5, 13, 4, 5, 14, 15, 4, 14, 3, 4, 15, 16, 3, 15, 2, 3, 16, 17, 2, 16, 1, 2, 17, 0, 1, 17 ],
					"vertices": [ 1, 4, -1.7, -5.5, 1, 1, 4, -1.7, 5.5, 1, 2, 4, 25.68, 5.5, 0.70301, 5, -1.29, 5.5, 0.29699, 2, 5, 26.08, 5.5, 0.65569, 6, -0.88, 5.5, 0.34431, 2, 6, 26.49, 5.5, 0.55905, 7, -0.48, 5.5, 0.44095, 2, 7, 26.9, 5.5, 0.51367, 8, -0.07, 5.5, 0.48633, 2, 8, 27.3, 5.5, 0.41705, 9, 0.33, 5.5, 0.58295, 2, 9, 27.71, 5.5, 0.38565, 10, 0.74, 5.5, 0.61435, 2, 10, 28.11, 5.5, 0.36868, 11, 1.14, 5.5, 0.63132, 1, 11, 28.52, 5.5, 1, 1, 11, 28.52, -5.5, 1, 2, 10, 28.11, -5.5, 0.3064, 11, 1.14, -5.5, 0.6936, 2, 9, 27.71, -5.5, 0.40945, 10, 0.74, -5.5, 0.59055, 2, 8, 27.3, -5.5, 0.44404, 9, 0.33, -5.5, 0.55596, 2, 7, 26.9, -5.5, 0.52991, 8, -0.07, -5.5, 0.47009, 2, 6, 26.49, -5.5, 0.58474, 7, -0.48, -5.5, 0.41526, 2, 5, 26.08, -5.5, 0.62061, 6, -0.88, -5.5, 0.37939, 2, 4, 25.68, -5.5, 0.65664, 5, -1.29, -5.5, 0.34336 ],
					"hull": 18
				}
			},
			"Emoji": {
				"Emoji/emo_57_c": { "x": 0.5, "y": 0.5, "width": 101, "height": 101 },
				"Emoji/emo_90": { "y": 0.5, "width": 86, "height": 91 },
				"Emoji/new/emo_26": { "x": 0.5, "width": 99, "height": 66 }
			},
			"feeling_1": {
				"scare": { "scaleX": 1.3955, "scaleY": 1.3955, "rotation": 19.99, "width": 80, "height": 83 }
			},
			"feeling_2": {
				"water_mouth": { "x": -5.86, "y": -13.64, "rotation": -33.97, "width": 23, "height": 50 }
			},
			"feeling_3": {
				"mo_hoi": { "x": -18.07, "y": -0.4, "rotation": -96.51, "width": 19, "height": 41 }
			},
			"feeling_5": {
				"choang": { "x": -5.59, "y": -33.04, "rotation": -109.99, "width": 212, "height": 68 }
			},
			"head": {
				"head": { "x": 68.85, "rotation": -89.87, "width": 144, "height": 144 },
				"head_7": { "x": 65.26, "y": -3.78, "rotation": -89.46, "width": 144, "height": 144 }
			},
			"shoulder1": {
				"shoulder": { "x": 49.22, "rotation": -90, "width": 15, "height": 105 }
			},
			"shoulder2": {
				"shoulder": { "x": 49.22, "rotation": -90, "width": 15, "height": 105 }
			},
			"shoulder3": {
				"shoulder": { "x": 49.22, "rotation": -90, "width": 15, "height": 105 }
			},
			"shoulder4": {
				"shoulder": { "x": 50.57, "rotation": -90, "width": 15, "height": 105 }
			},
			"thigh": {
				"thigh": { "x": 66.01, "rotation": -90, "width": 14, "height": 137 }
			},
			"thigh2": {
				"thigh": { "x": 66.01, "rotation": -90, "width": 14, "height": 137 }
			},
			"thigh3": {
				"thigh": { "x": 66.01, "rotation": -90, "width": 14, "height": 137 }
			},
			"thigh4": {
				"thigh": { "x": 66.01, "rotation": -90, "width": 14, "height": 137 }
			}
		}
	}
],
"animations": {
	"t_88_1_be": {
		"slots": {
			"body": {
				"rgba": [
					{ "color": "000000ff", "curve": "stepped" },
					{ "time": 0.0333, "color": "000000ff" }
				]
			},
			"Emoji": {
				"rgba": [
					{ "color": "ffffffff", "curve": "stepped" },
					{ "time": 0.0333, "color": "ffffffff" }
				],
				"attachment": [
					{ "name": "Emoji/new/emo_26" },
					{ "time": 0.0333, "name": "Emoji/new/emo_26" }
				]
			},
			"feeling_1": {
				"attachment": [
					{},
					{ "time": 0.0333 }
				]
			},
			"feeling_2": {
				"attachment": [
					{},
					{ "time": 0.0333 }
				]
			},
			"feeling_3": {
				"rgba": [
					{ "color": "ffffffff", "curve": "stepped" },
					{ "time": 0.0333, "color": "ffffffff" }
				],
				"attachment": [
					{},
					{ "time": 0.0333 }
				]
			},
			"feeling_5": {
				"rgba": [
					{ "color": "fffc00ff", "curve": "stepped" },
					{ "time": 0.0333, "color": "fffc00ff" }
				],
				"attachment": [
					{},
					{ "time": 0.0333 }
				]
			},
			"hair": {
				"attachment": [
					{},
					{ "time": 0.0333 }
				]
			},
			"head": {
				"rgba": [
					{ "color": "ffffffff", "curve": "stepped" },
					{ "time": 0.0333, "color": "ffffffff" }
				],
				"attachment": [
					{ "name": "head" },
					{ "time": 0.0333, "name": "head" }
				]
			},
			"shoulder1": {
				"rgba": [
					{ "color": "000000ff", "curve": "stepped" },
					{ "time": 0.0333, "color": "000000ff" }
				],
				"attachment": [
					{ "name": "shoulder" },
					{ "time": 0.0333, "name": "shoulder" }
				]
			},
			"shoulder2": {
				"rgba": [
					{ "color": "000000ff", "curve": "stepped" },
					{ "time": 0.0333, "color": "000000ff" }
				],
				"attachment": [
					{ "name": "shoulder" },
					{ "time": 0.0333, "name": "shoulder" }
				]
			},
			"shoulder3": {
				"rgba": [
					{ "color": "000000ff", "curve": "stepped" },
					{ "time": 0.0333, "color": "000000ff" }
				],
				"attachment": [
					{},
					{ "time": 0.0333 }
				]
			},
			"shoulder4": {
				"rgba": [
					{ "color": "000000ff", "curve": "stepped" },
					{ "time": 0.0333, "color": "000000ff" }
				],
				"attachment": [
					{},
					{ "time": 0.0333 }
				]
			},
			"thigh": {
				"rgba": [
					{ "color": "000000ff", "curve": "stepped" },
					{ "time": 0.0333, "color": "000000ff" }
				]
			},
			"thigh2": {
				"rgba": [
					{ "color": "000000ff", "curve": "stepped" },
					{ "time": 0.0333, "color": "000000ff" }
				]
			},
			"thigh3": {
				"rgba": [
					{ "color": "000000ff", "curve": "stepped" },
					{ "time": 0.0333, "color": "000000ff" }
				]
			},
			"thigh4": {
				"rgba": [
					{ "color": "000000ff", "curve": "stepped" },
					{ "time": 0.0333, "color": "000000ff" }
				]
			}
		},
		"bones": {
			"head": {
				"rotate": [
					{ "value": -1.69, "curve": "stepped" },
					{ "time": 0.0333, "value": -1.69 }
				],
				"translate": [
					{ "x": -45.73, "y": 3.1, "curve": "stepped" },
					{ "time": 0.0333, "x": -45.73, "y": 3.1 }
				],
				"scale": [
					{ "curve": "stepped" },
					{ "time": 0.0333 }
				]
			},
			"root": {
				"rotate": [
					{ "curve": "stepped" },
					{ "time": 0.0333 }
				],
				"translate": [
					{ "curve": "stepped" },
					{ "time": 0.0333 }
				]
			},
			"main": {
				"rotate": [
					{ "value": -2.45, "curve": "stepped" },
					{ "time": 0.0333, "value": -2.45 }
				],
				"translate": [
					{ "x": -1.94, "y": -14.17, "curve": "stepped" },
					{ "time": 0.0333, "x": -1.94, "y": -14.17 }
				]
			},
			"hip": {
				"rotate": [
					{ "curve": "stepped" },
					{ "time": 0.0333 }
				],
				"translate": [
					{ "curve": "stepped" },
					{ "time": 0.0333 }
				]
			},
			"feeling_3": {
				"rotate": [
					{ "value": -97.71, "curve": "stepped" },
					{ "time": 0.0333, "value": -97.71 }
				],
				"translate": [
					{ "x": -89.18, "y": -17.44, "curve": "stepped" },
					{ "time": 0.0333, "x": -89.18, "y": -17.44 }
				],
				"scale": [
					{ "x": 1.154, "y": 1.045, "curve": "stepped" },
					{ "time": 0.0333, "x": 1.154, "y": 1.045 }
				]
			},
			"emoji": {
				"rotate": [
					{ "value": -0.81, "curve": "stepped" },
					{ "time": 0.0333, "value": -0.81 }
				],
				"translate": [
					{ "x": -3.02, "y": -0.95, "curve": "stepped" },
					{ "time": 0.0333, "x": -3.02, "y": -0.95 }
				],
				"scale": [
					{ "x": 0.967, "y": 1.115, "curve": "stepped" },
					{ "time": 0.0333, "x": 0.967, "y": 1.115 }
				]
			},
			"shouder_1": {
				"rotate": [
					{ "value": -49.65, "curve": "stepped" },
					{ "time": 0.0333, "value": -49.65 }
				],
				"translate": [
					{ "x": 10.32, "y": -2.15, "curve": "stepped" },
					{ "time": 0.0333, "x": 10.32, "y": -2.15 }
				],
				"scale": [
					{ "curve": "stepped" },
					{ "time": 0.0333 }
				],
				"shear": [
					{ "curve": "stepped" },
					{ "time": 0.0333 }
				]
			},
			"arm_1": {
				"rotate": [
					{ "value": -84.51, "curve": "stepped" },
					{ "time": 0.0333, "value": -84.51 }
				],
				"translate": [
					{ "x": 2.02, "y": 0.08, "curve": "stepped" },
					{ "time": 0.0333, "x": 2.02, "y": 0.08 }
				],
				"scale": [
					{ "curve": "stepped" },
					{ "time": 0.0333 }
				]
			},
			"shouder_2": {
				"rotate": [
					{ "value": 41.08, "curve": "stepped" },
					{ "time": 0.0333, "value": 41.08 }
				],
				"translate": [
					{ "x": 31.28, "y": -4.8, "curve": "stepped" },
					{ "time": 0.0333, "x": 31.28, "y": -4.8 }
				],
				"scale": [
					{ "curve": "stepped" },
					{ "time": 0.0333 }
				]
			},
			"arm_2": {
				"rotate": [
					{ "value": 19.67, "curve": "stepped" },
					{ "time": 0.0333, "value": 19.67 }
				],
				"translate": [
					{ "x": 6.07, "y": 1.06, "curve": "stepped" },
					{ "time": 0.0333, "x": 6.07, "y": 1.06 }
				],
				"scale": [
					{ "x": 1.239, "curve": "stepped" },
					{ "time": 0.0333, "x": 1.239 }
				]
			},
			"thigh_1": {
				"rotate": [
					{ "value": -44.84, "curve": "stepped" },
					{ "time": 0.0333, "value": -44.84 }
				],
				"scale": [
					{ "curve": "stepped" },
					{ "time": 0.0333 }
				]
			},
			"leg_1": {
				"rotate": [
					{ "value": 45.63, "curve": "stepped" },
					{ "time": 0.0333, "value": 45.63 }
				],
				"translate": [
					{ "curve": "stepped" },
					{ "time": 0.0333 }
				],
				"scale": [
					{ "curve": "stepped" },
					{ "time": 0.0333 }
				]
			},
			"thigh_2": {
				"rotate": [
					{ "value": -37.54, "curve": "stepped" },
					{ "time": 0.0333, "value": -37.54 }
				],
				"scale": [
					{ "curve": "stepped" },
					{ "time": 0.0333 }
				]
			},
			"leg_2": {
				"rotate": [
					{ "value": 38.6, "curve": "stepped" },
					{ "time": 0.0333, "value": 38.6 }
				],
				"translate": [
					{ "curve": "stepped" },
					{ "time": 0.0333 }
				],
				"scale": [
					{ "curve": "stepped" },
					{ "time": 0.0333 }
				]
			},
			"foot_2": {
				"rotate": [
					{ "value": -1.35, "curve": "stepped" },
					{ "time": 0.0333, "value": -1.35 }
				],
				"translate": [
					{ "x": 23.64, "y": 3.99, "curve": "stepped" },
					{ "time": 0.0333, "x": 23.64, "y": 3.99 }
				]
			},
			"foot_3": {
				"rotate": [
					{ "curve": "stepped" },
					{ "time": 0.0333 }
				],
				"translate": [
					{ "x": -16.53, "y": -0.41, "curve": "stepped" },
					{ "time": 0.0333, "x": -16.53, "y": -0.41 }
				]
			},
			"feeling_5": {
				"rotate": [
					{ "value": 45.82, "curve": "stepped" },
					{ "time": 0.0333, "value": 45.82 }
				],
				"translate": [
					{ "x": -49.13, "y": 324.11, "curve": "stepped" },
					{ "time": 0.0333, "x": -49.13, "y": 324.11 }
				],
				"scale": [
					{ "x": 1.008, "y": 0.583, "curve": "stepped" },
					{ "time": 0.0333, "x": 1.008, "y": 0.583 }
				],
				"shear": [
					{ "curve": "stepped" },
					{ "time": 0.0333 }
				]
			},
			"move": {
				"translate": [
					{ "x": 119.99, "curve": "stepped" },
					{ "time": 0.0333, "x": 119.99 }
				],
				"scale": [
					{ "x": -1, "curve": "stepped" },
					{ "time": 0.0333, "x": -1 }
				]
			},
			"feeling_1": {
				"rotate": [
					{ "value": 15.46, "curve": "stepped" },
					{ "time": 0.0333, "value": 15.46 }
				],
				"translate": [
					{ "x": -11.71, "y": -12.98, "curve": "stepped" },
					{ "time": 0.0333, "x": -11.71, "y": -12.98 }
				],
				"scale": [
					{ "x": 1.3, "y": 1.3, "curve": "stepped" },
					{ "time": 0.0333, "x": 1.3, "y": 1.3 }
				]
			},
			"feeling_2": {
				"rotate": [
					{ "value": 153.24, "curve": "stepped" },
					{ "time": 0.0333, "value": 153.24 }
				],
				"translate": [
					{ "x": 42.59, "y": 13.23, "curve": "stepped" },
					{ "time": 0.0333, "x": 42.59, "y": 13.23 }
				],
				"scale": [
					{ "x": -0.901, "y": 1.386, "curve": "stepped" },
					{ "time": 0.0333, "x": -0.901, "y": 1.386 }
				]
			},
			"body": {
				"rotate": [
					{ "value": 0.48, "curve": "stepped" },
					{ "time": 0.0333, "value": 0.48 }
				]
			},
			"body2": {
				"rotate": [
					{ "value": 0.48, "curve": "stepped" },
					{ "time": 0.0333, "value": 0.48 }
				]
			},
			"body3": {
				"rotate": [
					{ "value": 0.48, "curve": "stepped" },
					{ "time": 0.0333, "value": 0.48 }
				]
			},
			"body4": {
				"rotate": [
					{ "value": 0.48, "curve": "stepped" },
					{ "time": 0.0333, "value": 0.48 }
				]
			},
			"body5": {
				"rotate": [
					{ "value": 0.48, "curve": "stepped" },
					{ "time": 0.0333, "value": 0.48 }
				]
			},
			"body6": {
				"rotate": [
					{ "value": 0.48, "curve": "stepped" },
					{ "time": 0.0333, "value": 0.48 }
				]
			},
			"body7": {
				"rotate": [
					{ "value": 0.48, "curve": "stepped" },
					{ "time": 0.0333, "value": 0.48 }
				]
			},
			"body8": {
				"rotate": [
					{ "value": 0.48, "curve": "stepped" },
					{ "time": 0.0333, "value": 0.48 }
				]
			},
			"hair_1": {
				"rotate": [
					{ "value": 10.09, "curve": "stepped" },
					{ "time": 0.0333, "value": 10.09 }
				],
				"translate": [
					{ "x": 219.72, "y": 519.41, "curve": "stepped" },
					{ "time": 0.0333, "x": 219.72, "y": 519.41 }
				],
				"scale": [
					{ "x": -1.351, "y": 1.351, "curve": "stepped" },
					{ "time": 0.0333, "x": -1.351, "y": 1.351 }
				]
			}
		},
		"ik": {
			"foot_1": [
				{
					"bendPositive": false,
					"stretch": true,
					"curve": [ 0.008, 1, 0.025, 1, 0.008, 0, 0.025, 0 ]
				},
				{ "time": 0.0333, "bendPositive": false, "stretch": true }
			],
			"foot_2": [
				{
					"stretch": true,
					"curve": [ 0.008, 1, 0.025, 1, 0.008, 0, 0.025, 0 ]
				},
				{ "time": 0.0333, "stretch": true }
			]
		},
		"drawOrder": [
			{
				"offsets": [
					{ "slot": "shoulder1", "offset": 4 },
					{ "slot": "shoulder2", "offset": 3 },
					{ "slot": "shoulder4", "offset": 7 },
					{ "slot": "feeling_5", "offset": 3 },
					{ "slot": "feeling_1", "offset": -5 }
				]
			},
			{
				"time": 0.0333,
				"offsets": [
					{ "slot": "shoulder1", "offset": 4 },
					{ "slot": "shoulder2", "offset": 3 },
					{ "slot": "shoulder4", "offset": 7 },
					{ "slot": "feeling_5", "offset": 3 },
					{ "slot": "feeling_1", "offset": -5 }
				]
			}
		]
	},
	"t_88_1_lose": {
		"slots": {
			"body": {
				"rgba": [
					{ "color": "000000ff", "curve": "stepped" },
					{ "time": 0.0333, "color": "000000ff" }
				]
			},
			"Emoji": {
				"rgba": [
					{ "color": "ff7777ff", "curve": "stepped" },
					{ "time": 0.0333, "color": "ff7777ff" }
				],
				"attachment": [
					{ "name": "Emoji/emo_57_c" },
					{ "time": 0.0333, "name": "Emoji/emo_57_c" }
				]
			},
			"feeling_1": {
				"rgba": [
					{ "color": "fff041ff", "curve": "stepped" },
					{ "time": 0.0333, "color": "fff041ff" }
				],
				"attachment": [
					{ "name": "scare" },
					{ "time": 0.0333, "name": "scare" }
				]
			},
			"feeling_2": {
				"attachment": [
					{ "name": "water_mouth" },
					{ "time": 0.0333, "name": "water_mouth" }
				]
			},
			"feeling_3": {
				"rgba": [
					{ "color": "ffffffff", "curve": "stepped" },
					{ "time": 0.0333, "color": "ffffffff" }
				],
				"attachment": [
					{ "name": "mo_hoi" },
					{ "time": 0.0333, "name": "mo_hoi" }
				]
			},
			"feeling_5": {
				"attachment": [
					{ "name": "choang" },
					{ "time": 0.0333, "name": "choang" }
				]
			},
			"head": {
				"rgba": [
					{ "color": "ffffffff", "curve": "stepped" },
					{ "time": 0.0333, "color": "ffffffff" }
				],
				"attachment": [
					{ "name": "head_7" },
					{ "time": 0.0333, "name": "head_7" }
				]
			},
			"shoulder1": {
				"rgba": [
					{ "color": "000000ff", "curve": "stepped" },
					{ "time": 0.0333, "color": "000000ff" }
				],
				"attachment": [
					{ "name": "shoulder" },
					{ "time": 0.0333, "name": "shoulder" }
				]
			},
			"shoulder2": {
				"rgba": [
					{ "color": "000000ff", "curve": "stepped" },
					{ "time": 0.0333, "color": "000000ff" }
				],
				"attachment": [
					{ "name": "shoulder" },
					{ "time": 0.0333, "name": "shoulder" }
				]
			},
			"shoulder3": {
				"rgba": [
					{ "color": "000000ff", "curve": "stepped" },
					{ "time": 0.0333, "color": "000000ff" }
				],
				"attachment": [
					{ "name": "shoulder" },
					{ "time": 0.0333, "name": "shoulder" }
				]
			},
			"shoulder4": {
				"rgba": [
					{ "color": "000000ff", "curve": "stepped" },
					{ "time": 0.0333, "color": "000000ff" }
				],
				"attachment": [
					{ "name": "shoulder" },
					{ "time": 0.0333, "name": "shoulder" }
				]
			},
			"thigh": {
				"rgba": [
					{ "color": "000000ff", "curve": "stepped" },
					{ "time": 0.0333, "color": "000000ff" }
				]
			},
			"thigh2": {
				"rgba": [
					{ "color": "000000ff", "curve": "stepped" },
					{ "time": 0.0333, "color": "000000ff" }
				]
			},
			"thigh3": {
				"rgba": [
					{ "color": "000000ff", "curve": "stepped" },
					{ "time": 0.0333, "color": "000000ff" }
				]
			},
			"thigh4": {
				"rgba": [
					{ "color": "000000ff", "curve": "stepped" },
					{ "time": 0.0333, "color": "000000ff" }
				]
			}
		},
		"bones": {
			"head": {
				"rotate": [
					{ "value": 4.64, "curve": "stepped" },
					{ "time": 0.0333, "value": 4.64 }
				],
				"translate": [
					{ "x": -0.92, "y": 2.28, "curve": "stepped" },
					{ "time": 0.0333, "x": -0.92, "y": 2.28 }
				],
				"scale": [
					{ "x": 1.252, "y": 0.887, "curve": "stepped" },
					{ "time": 0.0333, "x": 1.252, "y": 0.887 }
				]
			},
			"root": {
				"rotate": [
					{ "curve": "stepped" },
					{ "time": 0.0333 }
				],
				"translate": [
					{ "curve": "stepped" },
					{ "time": 0.0333 }
				]
			},
			"main": {
				"rotate": [
					{ "value": 1.27, "curve": "stepped" },
					{ "time": 0.0333, "value": 1.27 }
				],
				"translate": [
					{ "x": -1.36, "y": -20.31, "curve": "stepped" },
					{ "time": 0.0333, "x": -1.36, "y": -20.31 }
				]
			},
			"hip": {
				"rotate": [
					{ "curve": "stepped" },
					{ "time": 0.0333 }
				],
				"translate": [
					{ "curve": "stepped" },
					{ "time": 0.0333 }
				]
			},
			"body": {
				"rotate": [
					{ "value": -2.02, "curve": "stepped" },
					{ "time": 0.0333, "value": -2.02 }
				],
				"translate": [
					{ "curve": "stepped" },
					{ "time": 0.0333 }
				],
				"scale": [
					{ "curve": "stepped" },
					{ "time": 0.0333 }
				]
			},
			"body2": {
				"rotate": [
					{ "value": -2.02, "curve": "stepped" },
					{ "time": 0.0333, "value": -2.02 }
				],
				"translate": [
					{ "curve": "stepped" },
					{ "time": 0.0333 }
				],
				"scale": [
					{ "curve": "stepped" },
					{ "time": 0.0333 }
				]
			},
			"body3": {
				"rotate": [
					{ "value": -2.02, "curve": "stepped" },
					{ "time": 0.0333, "value": -2.02 }
				],
				"translate": [
					{ "curve": "stepped" },
					{ "time": 0.0333 }
				],
				"scale": [
					{ "curve": "stepped" },
					{ "time": 0.0333 }
				]
			},
			"body4": {
				"rotate": [
					{ "value": -2.02, "curve": "stepped" },
					{ "time": 0.0333, "value": -2.02 }
				],
				"translate": [
					{ "curve": "stepped" },
					{ "time": 0.0333 }
				],
				"scale": [
					{ "curve": "stepped" },
					{ "time": 0.0333 }
				]
			},
			"body5": {
				"rotate": [
					{ "value": -2.02, "curve": "stepped" },
					{ "time": 0.0333, "value": -2.02 }
				],
				"translate": [
					{ "x": -9.8, "y": 0.08, "curve": "stepped" },
					{ "time": 0.0333, "x": -9.8, "y": 0.08 }
				],
				"scale": [
					{ "curve": "stepped" },
					{ "time": 0.0333 }
				]
			},
			"body6": {
				"rotate": [
					{ "value": -2.02, "curve": "stepped" },
					{ "time": 0.0333, "value": -2.02 }
				],
				"translate": [
					{ "curve": "stepped" },
					{ "time": 0.0333 }
				],
				"scale": [
					{ "curve": "stepped" },
					{ "time": 0.0333 }
				]
			},
			"body7": {
				"rotate": [
					{ "value": -2.02, "curve": "stepped" },
					{ "time": 0.0333, "value": -2.02 }
				],
				"translate": [
					{ "curve": "stepped" },
					{ "time": 0.0333 }
				],
				"scale": [
					{ "curve": "stepped" },
					{ "time": 0.0333 }
				]
			},
			"body8": {
				"rotate": [
					{ "value": -2.02, "curve": "stepped" },
					{ "time": 0.0333, "value": -2.02 }
				],
				"translate": [
					{ "curve": "stepped" },
					{ "time": 0.0333 }
				],
				"scale": [
					{ "curve": "stepped" },
					{ "time": 0.0333 }
				]
			},
			"feeling_3": {
				"rotate": [
					{ "value": -136.51, "curve": "stepped" },
					{ "time": 0.0333, "value": -136.51 }
				],
				"translate": [
					{ "x": 57.61, "y": 28.4, "curve": "stepped" },
					{ "time": 0.0333, "x": 57.61, "y": 28.4 }
				]
			},
			"emoji": {
				"rotate": [
					{ "value": -7.56, "curve": "stepped" },
					{ "time": 0.0333, "value": -7.56 }
				],
				"translate": [
					{ "x": 54.1, "y": -0.27, "curve": "stepped" },
					{ "time": 0.0333, "x": 54.1, "y": -0.27 }
				],
				"scale": [
					{ "x": 1.335, "y": 1.322, "curve": "stepped" },
					{ "time": 0.0333, "x": 1.335, "y": 1.322 }
				]
			},
			"shouder_1": {
				"rotate": [
					{ "value": -57.32, "curve": "stepped" },
					{ "time": 0.0333, "value": -57.32 }
				],
				"translate": [
					{ "x": 30.06, "y": 2.64, "curve": "stepped" },
					{ "time": 0.0333, "x": 30.06, "y": 2.64 }
				],
				"scale": [
					{ "curve": "stepped" },
					{ "time": 0.0333 }
				]
			},
			"arm_1": {
				"rotate": [
					{ "value": -11.65, "curve": "stepped" },
					{ "time": 0.0333, "value": -11.65 }
				],
				"translate": [
					{ "x": 2.02, "y": 0.08, "curve": "stepped" },
					{ "time": 0.0333, "x": 2.02, "y": 0.08 }
				],
				"scale": [
					{ "curve": "stepped" },
					{ "time": 0.0333 }
				]
			},
			"shouder_2": {
				"rotate": [
					{ "value": 67.11, "curve": "stepped" },
					{ "time": 0.0333, "value": 67.11 }
				],
				"translate": [
					{ "x": 24.87, "y": 0.28, "curve": "stepped" },
					{ "time": 0.0333, "x": 24.87, "y": 0.28 }
				],
				"scale": [
					{ "curve": "stepped" },
					{ "time": 0.0333 }
				]
			},
			"arm_2": {
				"rotate": [
					{ "value": 0.25, "curve": "stepped" },
					{ "time": 0.0333, "value": 0.25 }
				],
				"translate": [
					{ "curve": "stepped" },
					{ "time": 0.0333 }
				],
				"scale": [
					{ "x": 0.891, "curve": "stepped" },
					{ "time": 0.0333, "x": 0.891 }
				]
			},
			"thigh_1": {
				"rotate": [
					{ "value": 24.72, "curve": "stepped" },
					{ "time": 0.0333, "value": 24.72 }
				],
				"translate": [
					{ "curve": "stepped" },
					{ "time": 0.0333 }
				],
				"scale": [
					{ "x": 0.938, "curve": "stepped" },
					{ "time": 0.0333, "x": 0.938 }
				]
			},
			"leg_1": {
				"rotate": [
					{ "curve": "stepped" },
					{ "time": 0.0333 }
				],
				"translate": [
					{ "curve": "stepped" },
					{ "time": 0.0333 }
				],
				"scale": [
					{ "x": 1.063, "curve": "stepped" },
					{ "time": 0.0333, "x": 1.063 }
				]
			},
			"thigh_2": {
				"rotate": [
					{ "value": 39.21, "curve": "stepped" },
					{ "time": 0.0333, "value": 39.21 }
				],
				"translate": [
					{ "curve": "stepped" },
					{ "time": 0.0333 }
				],
				"scale": [
					{ "x": 0.922, "curve": "stepped" },
					{ "time": 0.0333, "x": 0.922 }
				]
			},
			"leg_2": {
				"rotate": [
					{ "value": 18.14, "curve": "stepped" },
					{ "time": 0.0333, "value": 18.14 }
				],
				"translate": [
					{ "curve": "stepped" },
					{ "time": 0.0333 }
				],
				"scale": [
					{ "x": 1.155, "curve": "stepped" },
					{ "time": 0.0333, "x": 1.155 }
				]
			},
			"foot_2": {
				"rotate": [
					{ "curve": "stepped" },
					{ "time": 0.0333 }
				],
				"translate": [
					{ "x": -53.91, "y": 2.84, "curve": "stepped" },
					{ "time": 0.0333, "x": -53.91, "y": 2.84 }
				]
			},
			"foot_3": {
				"rotate": [
					{ "curve": "stepped" },
					{ "time": 0.0333 }
				],
				"translate": [
					{ "x": 65.47, "y": 0.19, "curve": "stepped" },
					{ "time": 0.0333, "x": 65.47, "y": 0.19 }
				]
			},
			"feeling_5": {
				"rotate": [
					{ "value": 2.85, "curve": "stepped" },
					{ "time": 0.0333, "value": 2.85 }
				],
				"translate": [
					{ "x": 119.56, "y": 0.12, "curve": "stepped" },
					{ "time": 0.0333, "x": 119.56, "y": 0.12 }
				],
				"scale": [
					{ "x": 0.411, "y": 0.411, "curve": "stepped" },
					{ "time": 0.0333, "x": 0.411, "y": 0.411 }
				]
			},
			"move": {
				"translate": [
					{ "x": 119.99, "curve": "stepped" },
					{ "time": 0.0333, "x": 119.99 }
				]
			},
			"feeling_2": {
				"rotate": [
					{ "value": -76.39, "curve": "stepped" },
					{ "time": 0.0333, "value": -76.39 }
				],
				"translate": [
					{ "x": -31.58, "y": -56.59, "curve": "stepped" },
					{ "time": 0.0333, "x": -31.58, "y": -56.59 }
				],
				"scale": [
					{ "x": 2.173, "y": 2.173, "curve": "stepped" },
					{ "time": 0.0333, "x": 2.173, "y": 2.173 }
				]
			},
			"feeling_1": {
				"rotate": [
					{ "value": 107.61, "curve": "stepped" },
					{ "time": 0.0333, "value": 107.61 }
				],
				"translate": [
					{ "x": -55.37, "y": -126.69, "curve": "stepped" },
					{ "time": 0.0333, "x": -55.37, "y": -126.69 }
				],
				"scale": [
					{ "x": -1.197, "y": 2.043, "curve": "stepped" },
					{ "time": 0.0333, "x": -1.197, "y": 2.043 }
				]
			}
		},
		"ik": {
			"foot_1": [
				{
					"stretch": true,
					"curve": [ 0.008, 1, 0.025, 1, 0.008, 0, 0.025, 0 ]
				},
				{ "time": 0.0333, "stretch": true }
			],
			"foot_2": [
				{
					"bendPositive": false,
					"stretch": true,
					"curve": [ 0.008, 1, 0.025, 1, 0.008, 0, 0.025, 0 ]
				},
				{ "time": 0.0333, "bendPositive": false, "stretch": true }
			]
		},
		"drawOrder": [
			{
				"offsets": [
					{ "slot": "shoulder4", "offset": -3 },
					{ "slot": "feeling_2", "offset": -5 }
				]
			},
			{
				"time": 0.0333,
				"offsets": [
					{ "slot": "shoulder4", "offset": -3 },
					{ "slot": "feeling_2", "offset": -5 }
				]
			}
		]
	},
	"t_88_1_win": {
		"slots": {
			"body": {
				"rgba": [
					{ "color": "000000ff", "curve": "stepped" },
					{ "time": 0.0333, "color": "000000ff" }
				]
			},
			"Emoji": {
				"attachment": [
					{ "name": "Emoji/emo_90" },
					{ "time": 0.0333, "name": "Emoji/emo_90" }
				]
			},
			"feeling_1": {
				"attachment": [
					{},
					{ "time": 0.0333 }
				]
			},
			"feeling_2": {
				"attachment": [
					{},
					{ "time": 0.0333 }
				]
			},
			"feeling_3": {
				"rgba": [
					{ "color": "ffffffff", "curve": "stepped" },
					{ "time": 0.0333, "color": "ffffffff" }
				],
				"attachment": [
					{},
					{ "time": 0.0333 }
				]
			},
			"feeling_5": {
				"attachment": [
					{},
					{ "time": 0.0333 }
				]
			},
			"hair": {
				"attachment": [
					{},
					{ "time": 0.0333 }
				]
			},
			"shoulder1": {
				"rgba": [
					{ "color": "000000ff", "curve": "stepped" },
					{ "time": 0.0333, "color": "000000ff" }
				],
				"attachment": [
					{ "name": "shoulder" },
					{ "time": 0.0333, "name": "shoulder" }
				]
			},
			"shoulder2": {
				"rgba": [
					{ "color": "000000ff", "curve": "stepped" },
					{ "time": 0.0333, "color": "000000ff" }
				],
				"attachment": [
					{ "name": "shoulder" },
					{ "time": 0.0333, "name": "shoulder" }
				]
			},
			"shoulder3": {
				"rgba": [
					{ "color": "000000ff", "curve": "stepped" },
					{ "time": 0.0333, "color": "000000ff" }
				],
				"attachment": [
					{ "name": "shoulder" },
					{ "time": 0.0333, "name": "shoulder" }
				]
			},
			"shoulder4": {
				"rgba": [
					{ "color": "000000ff", "curve": "stepped" },
					{ "time": 0.0333, "color": "000000ff" }
				],
				"attachment": [
					{ "name": "shoulder" },
					{ "time": 0.0333, "name": "shoulder" }
				]
			},
			"thigh": {
				"rgba": [
					{ "color": "000000ff", "curve": "stepped" },
					{ "time": 0.0333, "color": "000000ff" }
				]
			},
			"thigh2": {
				"rgba": [
					{ "color": "000000ff", "curve": "stepped" },
					{ "time": 0.0333, "color": "000000ff" }
				]
			},
			"thigh3": {
				"rgba": [
					{ "color": "000000ff", "curve": "stepped" },
					{ "time": 0.0333, "color": "000000ff" }
				]
			},
			"thigh4": {
				"rgba": [
					{ "color": "000000ff", "curve": "stepped" },
					{ "time": 0.0333, "color": "000000ff" }
				]
			}
		},
		"bones": {
			"body": {
				"rotate": [
					{ "value": 18.7, "curve": "stepped" },
					{ "time": 0.0333, "value": 18.7 }
				]
			},
			"body2": {
				"rotate": [
					{ "value": -0.12, "curve": "stepped" },
					{ "time": 0.0333, "value": -0.12 }
				]
			},
			"body3": {
				"rotate": [
					{ "value": 2.24, "curve": "stepped" },
					{ "time": 0.0333, "value": 2.24 }
				]
			},
			"body4": {
				"rotate": [
					{ "value": 2.18, "curve": "stepped" },
					{ "time": 0.0333, "value": 2.18 }
				]
			},
			"body5": {
				"rotate": [
					{ "value": -0.09, "curve": "stepped" },
					{ "time": 0.0333, "value": -0.09 }
				]
			},
			"body6": {
				"rotate": [
					{ "value": 0.32, "curve": "stepped" },
					{ "time": 0.0333, "value": 0.32 }
				]
			},
			"body7": {
				"rotate": [
					{ "value": 1.89, "curve": "stepped" },
					{ "time": 0.0333, "value": 1.89 }
				]
			},
			"body8": {
				"rotate": [
					{ "value": -2.71, "curve": "stepped" },
					{ "time": 0.0333, "value": -2.71 }
				],
				"translate": [
					{ "x": 10.92, "y": -0.52, "curve": "stepped" },
					{ "time": 0.0333, "x": 10.92, "y": -0.52 }
				]
			},
			"thigh_1": {
				"rotate": [
					{ "value": 26.16, "curve": "stepped" },
					{ "time": 0.0333, "value": 26.16 }
				]
			},
			"leg_1": {
				"rotate": [
					{ "value": 72.18, "curve": "stepped" },
					{ "time": 0.0333, "value": 72.18 }
				],
				"scale": [
					{ "x": 1.074, "curve": "stepped" },
					{ "time": 0.0333, "x": 1.074 }
				]
			},
			"main": {
				"rotate": [
					{ "value": -1.57, "curve": "stepped" },
					{ "time": 0.0333, "value": -1.57 }
				],
				"translate": [
					{ "x": 65.77, "y": -46.86, "curve": "stepped" },
					{ "time": 0.0333, "x": 65.77, "y": -46.86 }
				]
			},
			"head": {
				"rotate": [
					{ "value": 170.44, "curve": "stepped" },
					{ "time": 0.0333, "value": 170.44 }
				],
				"translate": [
					{ "x": -18.33, "y": 2.46, "curve": "stepped" },
					{ "time": 0.0333, "x": -18.33, "y": 2.46 }
				],
				"scale": [
					{ "x": -1, "curve": "stepped" },
					{ "time": 0.0333, "x": -1 }
				]
			},
			"shouder_1": {
				"rotate": [
					{ "value": -171.44, "curve": "stepped" },
					{ "time": 0.0333, "value": -171.44 }
				],
				"translate": [
					{ "x": 29.26, "y": 0.29, "curve": "stepped" },
					{ "time": 0.0333, "x": 29.26, "y": 0.29 }
				],
				"scale": [
					{ "curve": "stepped" },
					{ "time": 0.0333 }
				]
			},
			"arm_1": {
				"rotate": [
					{ "value": -62.2, "curve": "stepped" },
					{ "time": 0.0333, "value": -62.2 }
				]
			},
			"shouder_2": {
				"rotate": [
					{ "value": 142.73, "curve": "stepped" },
					{ "time": 0.0333, "value": 142.73 }
				],
				"translate": [
					{ "x": 26.93, "y": 1.83, "curve": "stepped" },
					{ "time": 0.0333, "x": 26.93, "y": 1.83 }
				],
				"scale": [
					{ "curve": "stepped" },
					{ "time": 0.0333 }
				]
			},
			"arm_2": {
				"rotate": [
					{ "value": -34.61, "curve": "stepped" },
					{ "time": 0.0333, "value": -34.61 }
				],
				"scale": [
					{ "curve": "stepped" },
					{ "time": 0.0333 }
				]
			},
			"thigh_2": {
				"rotate": [
					{ "value": -82.1, "curve": "stepped" },
					{ "time": 0.0333, "value": -82.1 }
				],
				"scale": [
					{ "curve": "stepped" },
					{ "time": 0.0333 }
				]
			},
			"leg_2": {
				"rotate": [
					{ "value": 49.36, "curve": "stepped" },
					{ "time": 0.0333, "value": 49.36 }
				],
				"scale": [
					{ "curve": "stepped" },
					{ "time": 0.0333 }
				]
			},
			"emoji": {
				"rotate": [
					{ "value": -0.05, "curve": "stepped" },
					{ "time": 0.0333, "value": -0.05 }
				],
				"translate": [
					{ "x": 3.58, "y": -18.76, "curve": "stepped" },
					{ "time": 0.0333, "x": 3.58, "y": -18.76 }
				],
				"scale": [
					{ "x": 1.073, "y": 1.073, "curve": "stepped" },
					{ "time": 0.0333, "x": 1.073, "y": 1.073 }
				]
			},
			"feeling_3": {
				"rotate": [
					{ "value": 11.38, "curve": "stepped" },
					{ "time": 0.0333, "value": 11.38 }
				],
				"translate": [
					{ "x": -32.05, "y": -108.63, "curve": "stepped" },
					{ "time": 0.0333, "x": -32.05, "y": -108.63 }
				],
				"scale": [
					{ "x": 0.932, "y": 0.932, "curve": "stepped" },
					{ "time": 0.0333, "x": 0.932, "y": 0.932 }
				]
			},
			"feeling_5": {
				"rotate": [
					{ "value": -84.16, "curve": "stepped" },
					{ "time": 0.0333, "value": -84.16 }
				],
				"translate": [
					{ "x": -22.98, "y": -27.73, "curve": "stepped" },
					{ "time": 0.0333, "x": -22.98, "y": -27.73 }
				],
				"scale": [
					{ "x": 0.435, "y": 0.435, "curve": "stepped" },
					{ "time": 0.0333, "x": 0.435, "y": 0.435 }
				]
			},
			"move": {
				"translate": [
					{ "x": 119.99, "curve": "stepped" },
					{ "time": 0.0333, "x": 119.99 }
				],
				"scale": [
					{ "curve": "stepped" },
					{ "time": 0.0333 }
				]
			},
			"feeling_1": {
				"rotate": [
					{ "value": 4.32, "curve": "stepped" },
					{ "time": 0.0333, "value": 4.32 }
				],
				"translate": [
					{ "x": -62.58, "y": -89.73, "curve": "stepped" },
					{ "time": 0.0333, "x": -62.58, "y": -89.73 }
				],
				"scale": [
					{ "curve": "stepped" },
					{ "time": 0.0333 }
				]
			},
			"feeling_2": {
				"rotate": [
					{ "value": 32.67, "curve": "stepped" },
					{ "time": 0.0333, "value": 32.67 }
				],
				"translate": [
					{ "x": -51.43, "y": -11.48, "curve": "stepped" },
					{ "time": 0.0333, "x": -51.43, "y": -11.48 }
				],
				"scale": [
					{ "x": -2.11, "y": 2.11, "curve": "stepped" },
					{ "time": 0.0333, "x": -2.11, "y": 2.11 }
				]
			},
			"foot_2": {
				"rotate": [
					{ "value": -13.59, "curve": "stepped" },
					{ "time": 0.0333, "value": -13.59 }
				],
				"translate": [
					{ "x": -122.25, "y": 39.32, "curve": "stepped" },
					{ "time": 0.0333, "x": -122.25, "y": 39.32 }
				]
			},
			"foot_3": {
				"rotate": [
					{ "value": 4.81, "curve": "stepped" },
					{ "time": 0.0333, "value": 4.81 }
				],
				"translate": [
					{ "x": 247.64, "y": 168, "curve": "stepped" },
					{ "time": 0.0333, "x": 247.64, "y": 168 }
				]
			},
			"hair_1": {
				"rotate": [
					{ "value": 22.86, "curve": "stepped" },
					{ "time": 0.0333, "value": 22.86 }
				],
				"translate": [
					{ "x": 38.8, "y": 525.87, "curve": "stepped" },
					{ "time": 0.0333, "x": 38.8, "y": 525.87 }
				],
				"scale": [
					{ "x": 1.497, "y": 1.497, "curve": "stepped" },
					{ "time": 0.0333, "x": 1.497, "y": 1.497 }
				]
			}
		},
		"ik": {
			"foot_1": [
				{
					"stretch": true,
					"curve": [ 0.008, 1, 0.025, 1, 0.008, 0, 0.025, 0 ]
				},
				{ "time": 0.0333, "stretch": true }
			],
			"foot_2": [
				{
					"stretch": true,
					"curve": [ 0.008, 1, 0.025, 1, 0.008, 0, 0.025, 0 ]
				},
				{ "time": 0.0333, "stretch": true }
			]
		}
	}
}
}