{"frames": [

{
	"filename": "38. Cho ngu",
	"frame": {"x":692,"y":280,"w":227,"h":147},
	"rotated": false,
	"trimmed": false,
	"spriteSourceSize": {"x":0,"y":0,"w":227,"h":147},
	"sourceSize": {"w":227,"h":147}
},
{
	"filename": "bg",
	"frame": {"x":1,"y":1,"w":94,"h":1196},
	"rotated": false,
	"trimmed": false,
	"spriteSourceSize": {"x":0,"y":0,"w":94,"h":1196},
	"sourceSize": {"w":94,"h":1196}
},
{
	"filename": "cho2_sua",
	"frame": {"x":678,"y":428,"w":244,"h":138},
	"rotated": false,
	"trimmed": false,
	"spriteSourceSize": {"x":0,"y":0,"w":244,"h":138},
	"sourceSize": {"w":244,"h":138}
},
{
	"filename": "con_chim",
	"frame": {"x":606,"y":26,"w":90,"h":101},
	"rotated": false,
	"trimmed": false,
	"spriteSourceSize": {"x":0,"y":0,"w":90,"h":101},
	"sourceSize": {"w":90,"h":101}
},
{
	"filename": "cot_go",
	"frame": {"x":592,"y":567,"w":155,"h":478},
	"rotated": false,
	"trimmed": false,
	"spriteSourceSize": {"x":0,"y":0,"w":155,"h":478},
	"sourceSize": {"w":155,"h":478}
},
{
	"filename": "day_buoc",
	"frame": {"x":748,"y":832,"w":145,"h":241},
	"rotated": false,
	"trimmed": false,
	"spriteSourceSize": {"x":0,"y":0,"w":145,"h":241},
	"sourceSize": {"w":145,"h":241}
},
{
	"filename": "diem_neo_den",
	"frame": {"x":606,"y":394,"w":71,"h":168},
	"rotated": false,
	"trimmed": true,
	"spriteSourceSize": {"x":7,"y":7,"w":71,"h":168},
	"sourceSize": {"w":85,"h":182}
},
{
	"filename": "diem_neo_den_hot",
	"frame": {"x":606,"y":128,"w":85,"h":182},
	"rotated": false,
	"trimmed": false,
	"spriteSourceSize": {"x":0,"y":0,"w":85,"h":182},
	"sourceSize": {"w":85,"h":182}
},
{
	"filename": "ghe",
	"frame": {"x":96,"y":515,"w":495,"h":474},
	"rotated": false,
	"trimmed": true,
	"spriteSourceSize": {"x":7,"y":7,"w":495,"h":474},
	"sourceSize": {"w":509,"h":488}
},
{
	"filename": "ghe_hot",
	"frame": {"x":96,"y":26,"w":509,"h":488},
	"rotated": false,
	"trimmed": false,
	"spriteSourceSize": {"x":0,"y":0,"w":509,"h":488},
	"sourceSize": {"w":509,"h":488}
},
{
	"filename": "long_chim_khong_cua",
	"frame": {"x":96,"y":990,"w":135,"h":197},
	"rotated": false,
	"trimmed": false,
	"spriteSourceSize": {"x":0,"y":0,"w":135,"h":197},
	"sourceSize": {"w":135,"h":197}
},
{
	"filename": "o_dien_bi_ho_dien",
	"frame": {"x":606,"y":311,"w":81,"h":82},
	"rotated": false,
	"trimmed": false,
	"spriteSourceSize": {"x":0,"y":0,"w":81,"h":82},
	"sourceSize": {"w":81,"h":82}
},
{
	"filename": "Rounded Rectangle 17",
	"frame": {"x":232,"y":990,"w":250,"h":180},
	"rotated": false,
	"trimmed": false,
	"spriteSourceSize": {"x":0,"y":0,"w":250,"h":180},
	"sourceSize": {"w":250,"h":180}
},
{
	"filename": "tuong_ngan_crop",
	"frame": {"x":96,"y":1,"w":605,"h":24},
	"rotated": false,
	"trimmed": false,
	"spriteSourceSize": {"x":0,"y":0,"w":605,"h":24},
	"sourceSize": {"w":605,"h":24}
},
{
	"filename": "TV",
	"frame": {"x":748,"y":567,"w":177,"h":264},
	"rotated": false,
	"trimmed": true,
	"spriteSourceSize": {"x":7,"y":7,"w":177,"h":264},
	"sourceSize": {"w":191,"h":278}
},
{
	"filename": "TV_hot",
	"frame": {"x":702,"y":1,"w":191,"h":278},
	"rotated": false,
	"trimmed": false,
	"spriteSourceSize": {"x":0,"y":0,"w":191,"h":278},
	"sourceSize": {"w":191,"h":278}
}],
"meta": {
	"app": "https://www.codeandweb.com/texturepacker",
	"version": "1.0",
	"image": "props.png",
	"format": "RGBA8888",
	"size": {"w":926,"h":1198},
	"scale": "1",
	"smartupdate": "$TexturePacker:SmartUpdate:e95d10d8345b8a2b071084ef615872c3:c9660b0dd45bbe019d589e771c02ace8:f4c39b94f5b79b4c461da96ae5609d50$"
}
}
