{"animation":{"version":4,"name":"stand","duration":0.0333333,"nodes":[{"name":"Dummy001","defaults":{"p":[0,0,-5.33245e-07],"r":[7.62939e-06,0,0],"s":[1,1,1]},"keys":[{"t":0},{"t":0.0333333}]},{"name":"base-pilarluz","defaults":{"p":[0,-4.2881,8.23615e-07],"r":[0,-0,0],"s":[0.00118761,0.00118761,0.00118761]},"keys":[{"t":0},{"t":0.0333333}]},{"name":"head-pilarluz","defaults":{"p":[0,2663.7,-0.00031726],"r":[0,-0,0],"s":[1,1,1]},"keys":[{"t":0},{"t":0.0333333}]},{"name":"Dummy004","defaults":{"p":[0,5.98957,0],"r":[0,-0,0],"s":[0.206984,0.206984,0.206984]},"keys":[{"t":0},{"t":0.0333333}]},{"name":"ring1-in","defaults":{"p":[0,8.68767e-14,5.33245e-07],"r":[-90,0,0],"s":[0.832123,0.832123,1]},"keys":[{"t":0},{"t":0.0333333}]},{"name":"Dummy010","defaults":{"p":[0,18.5569,0],"r":[0,-0,0],"s":[0.070343,0.070343,0.070343]},"keys":[{"t":0},{"t":0.0333333}]},{"name":"ring1-out","defaults":{"p":[0,8.68767e-14,5.33245e-07],"r":[-90,0,0],"s":[1.08664,1.08664,1]},"keys":[{"t":0},{"t":0.0333333}]},{"name":"Dummy009","defaults":{"p":[18.2239,0,0],"r":[0,-0,0],"s":[0.0523243,0.0523243,0.0523242]},"keys":[{"t":0},{"t":0.0333333}]},{"name":"ring2-in","defaults":{"p":[0,8.68767e-14,5.33245e-07],"r":[-90,0,0],"s":[1,1,1]},"keys":[{"t":0},{"t":0.0333333}]},{"name":"Dummy012","defaults":{"p":[-23.1787,0,0],"r":[0,-0,0],"s":[0.0450296,0.0450296,0.0450296]},"keys":[{"t":0},{"t":0.0333333}]},{"name":"ring2-out","defaults":{"p":[0,8.68767e-14,5.33245e-07],"r":[-90,0,0],"s":[1,1,1]},"keys":[{"t":0},{"t":0.0333333}]},{"name":"Dummy014","defaults":{"p":[0,-30.9283,0],"r":[0,-0,0],"s":[0.0337075,0.0337075,0.0337075]},"keys":[{"t":0},{"t":0.0333333}]},{"name":"nota","defaults":{"p":[0,0.119962,5.21541e-07],"r":[0,-0,0],"s":[1,1,1]},"keys":[{"t":0},{"t":0.0333333}]},{"name":"Dummy006","defaults":{"p":[0,-8.6808,9.53674e-07],"r":[0,-0,0],"s":[0.092669,0.092669,0.092669]},"keys":[{"t":0},{"t":0.0333333}]},{"name":"tile-base","defaults":{"p":[0,0,0],"r":[-90,0,0],"s":[1,1,1]},"keys":[{"t":0},{"t":0.0333333}]},{"name":"tile-glows","defaults":{"p":[0,0,0],"r":[-90,0,0],"s":[1,1,1]},"keys":[{"t":0},{"t":0.0333333}]},{"name":"Dummy016","defaults":{"p":[0,4.78505,-4.76837e-07],"r":[0,-0,0],"s":[0.824504,0.824504,0.824504]},"keys":[{"t":0},{"t":0.0333333}]}]}}