{"frames": [

{
	"filename": "bg_full",
	"frame": {"x":1,"y":1,"w":1024,"h":505},
	"rotated": false,
	"trimmed": false,
	"spriteSourceSize": {"x":0,"y":0,"w":1024,"h":505},
	"sourceSize": {"w":1024,"h":505}
},
{
	"filename": "gay",
	"frame": {"x":1026,"y":1,"w":36,"h":272},
	"rotated": false,
	"trimmed": false,
	"spriteSourceSize": {"x":0,"y":0,"w":36,"h":272},
	"sourceSize": {"w":36,"h":272}
},
{
	"filename": "giay_truot",
	"frame": {"x":1290,"y":438,"w":65,"h":45},
	"rotated": false,
	"trimmed": false,
	"spriteSourceSize": {"x":0,"y":0,"w":65,"h":45},
	"sourceSize": {"w":65,"h":45}
},
{
	"filename": "item_kinh",
	"frame": {"x":1480,"y":237,"w":140,"h":72},
	"rotated": false,
	"trimmed": false,
	"spriteSourceSize": {"x":0,"y":0,"w":140,"h":72},
	"sourceSize": {"w":140,"h":72}
},
{
	"filename": "qua_cau_tuyet_1",
	"frame": {"x":1318,"y":1,"w":328,"h":235},
	"rotated": false,
	"trimmed": false,
	"spriteSourceSize": {"x":0,"y":0,"w":328,"h":235},
	"sourceSize": {"w":328,"h":235}
},
{
	"filename": "qua_tuyet",
	"frame": {"x":1063,"y":1,"w":254,"h":252},
	"rotated": false,
	"trimmed": false,
	"spriteSourceSize": {"x":0,"y":0,"w":254,"h":252},
	"sourceSize": {"w":254,"h":252}
},
{
	"filename": "Square",
	"frame": {"x":1026,"y":496,"w":4,"h":4},
	"rotated": false,
	"trimmed": false,
	"spriteSourceSize": {"x":0,"y":0,"w":4,"h":4},
	"sourceSize": {"w":4,"h":4}
},
{
	"filename": "thang",
	"frame": {"x":1026,"y":274,"w":66,"h":189},
	"rotated": false,
	"trimmed": false,
	"spriteSourceSize": {"x":0,"y":0,"w":66,"h":189},
	"sourceSize": {"w":66,"h":189}
},
{
	"filename": "truc_thang",
	"frame": {"x":1093,"y":254,"w":386,"h":183},
	"rotated": false,
	"trimmed": false,
	"spriteSourceSize": {"x":0,"y":0,"w":386,"h":183},
	"sourceSize": {"w":386,"h":183}
},
{
	"filename": "van_truot",
	"frame": {"x":1026,"y":464,"w":263,"h":31},
	"rotated": false,
	"trimmed": false,
	"spriteSourceSize": {"x":0,"y":0,"w":263,"h":31},
	"sourceSize": {"w":263,"h":31}
},
{
	"filename": "vet_do",
	"frame": {"x":1480,"y":310,"w":103,"h":181},
	"rotated": false,
	"trimmed": false,
	"spriteSourceSize": {"x":0,"y":0,"w":103,"h":181},
	"sourceSize": {"w":103,"h":181}
}],
"meta": {
	"app": "https://www.codeandweb.com/texturepacker",
	"version": "1.0",
	"image": "props.png",
	"format": "RGBA8888",
	"size": {"w":1647,"h":507},
	"scale": "1",
	"smartupdate": "$TexturePacker:SmartUpdate:717ea1aa48885d130853f4ecf215585a:61ccde081466975df2ac3a0f95467f73:f4c39b94f5b79b4c461da96ae5609d50$"
}
}
