{
"skeleton": { "hash": "asQ6IEPMe9I", "spine": "4.1.24", "x": -388.28, "y": -425.09, "width": 724.41, "height": 1282.48 },
"bones": [
	{ "name": "root", "rotation": 0.2 },
	{ "name": "move", "parent": "root", "x": -119.99, "scaleX": -1 },
	{ "name": "main", "parent": "move", "y": 256.6 },
	{ "name": "hip", "parent": "main" },
	{ "name": "body", "parent": "hip", "length": 26.97, "rotation": 90 },
	{ "name": "body2", "parent": "body", "length": 26.97, "x": 26.97 },
	{ "name": "body3", "parent": "body2", "length": 26.97, "x": 26.97 },
	{ "name": "body4", "parent": "body3", "length": 26.97, "rotation": -0.06, "x": 26.97 },
	{ "name": "body5", "parent": "body4", "length": 26.97, "x": 26.97 },
	{ "name": "body6", "parent": "body5", "length": 26.97, "x": 26.97 },
	{ "name": "body7", "parent": "body6", "length": 26.97, "x": 26.97 },
	{ "name": "body8", "parent": "body7", "length": 26.97, "x": 26.97 },
	{ "name": "head", "parent": "body8", "length": 135.67, "x": 24.75 },
	{ "name": "feeling_3", "parent": "head", "rotation": -0.18, "x": 87.53, "y": 30.96 },
	{ "name": "emoji", "parent": "head", "rotation": -90, "x": 62, "y": 1.49 },
	{ "name": "shouder_1", "parent": "body7", "length": 100.06, "rotation": -90, "x": 15.39, "y": 0.02 },
	{ "name": "arm_1", "parent": "shouder_1", "length": 100.06, "x": 94.79 },
	{ "name": "shouder_2", "parent": "body7", "length": 100.06, "rotation": 90, "x": 15.39, "y": 0.02 },
	{ "name": "arm_2", "parent": "shouder_2", "length": 100.06, "x": 94.79 },
	{ "name": "thigh_1", "parent": "main", "length": 134.15, "rotation": -90, "x": -0.54, "y": 4.23 },
	{ "name": "leg_1", "parent": "thigh_1", "length": 134.15, "x": 128.14 },
	{ "name": "thigh_2", "parent": "main", "length": 134.15, "rotation": -90, "x": -0.1, "y": 4.23 },
	{ "name": "leg_2", "parent": "thigh_2", "length": 134.15, "x": 128.14 },
	{ "name": "foot_2", "parent": "move", "x": 0.16, "y": -2.18 },
	{ "name": "foot_3", "parent": "move", "x": 0.1, "y": -2.12 },
	{
		"name": "feeling_5",
		"parent": "head",
		"rotation": -0.18,
		"x": 87.53,
		"y": -25.11,
		"scaleX": 2,
		"scaleY": 2
	},
	{ "name": "item_1", "parent": "move", "x": -1.93, "y": 450.24 },
	{ "name": "feeling_1", "parent": "main", "rotation": -20.17, "x": 72.35, "y": 376.02 },
	{ "name": "feeling_2", "parent": "main", "rotation": -20.17, "x": 72.35, "y": 376.02 },
	{ "name": "hair_1", "parent": "main", "rotation": 0.07, "x": -120, "y": -254.77 },
	{
		"name": "feeling_4",
		"parent": "head",
		"rotation": -0.18,
		"x": 87.53,
		"y": -25.11,
		"scaleX": 2,
		"scaleY": 2
	},
	{ "name": "item_tay", "parent": "arm_2", "x": 101.01, "y": -1.25 }
],
"slots": [
	{ "name": "bg_gane_play", "bone": "root", "color": "ffffff4f" },
	{ "name": "item", "bone": "item_1" },
	{ "name": "body", "bone": "hip", "color": "000000ff", "attachment": "body" },
	{ "name": "shoulder1", "bone": "shouder_1", "color": "000000ff" },
	{ "name": "shoulder3", "bone": "shouder_2", "color": "000000ff" },
	{ "name": "shoulder2", "bone": "arm_1", "color": "000000ff" },
	{ "name": "shoulder4", "bone": "arm_2", "color": "000000ff" },
	{ "name": "thigh", "bone": "thigh_1", "color": "000000ff", "attachment": "thigh" },
	{ "name": "thigh3", "bone": "thigh_2", "color": "000000ff", "attachment": "thigh" },
	{ "name": "thigh2", "bone": "leg_1", "color": "000000ff", "attachment": "thigh" },
	{ "name": "thigh4", "bone": "leg_2", "color": "000000ff", "attachment": "thigh" },
	{ "name": "head", "bone": "head", "attachment": "head" },
	{ "name": "hair", "bone": "hair_1" },
	{ "name": "Emoji", "bone": "emoji" },
	{ "name": "feeling_3", "bone": "feeling_3", "color": "000000ff" },
	{ "name": "feeling_5", "bone": "feeling_5" },
	{ "name": "feeling_4", "bone": "feeling_4" },
	{ "name": "feeling_1", "bone": "feeling_1" },
	{ "name": "feeling_2", "bone": "feeling_2" },
	{ "name": "item_tay", "bone": "item_tay" }
],
"ik": [
	{
		"name": "foot_1",
		"bones": [ "thigh_1", "leg_1" ],
		"target": "foot_2",
		"mix": 0,
		"stretch": true
	},
	{
		"name": "foot_2",
		"order": 1,
		"bones": [ "thigh_2", "leg_2" ],
		"target": "foot_3",
		"mix": 0,
		"stretch": true
	}
],
"skins": [
	{
		"name": "default",
		"attachments": {
			"body": {
				"body": {
					"type": "mesh",
					"uvs": [ 1, 1, 0, 1, 0, 0.875, 0, 0.75, 0, 0.625, 0, 0.5, 0, 0.375, 0, 0.25, 0, 0.125, 0, 0, 1, 0, 1, 0.125, 1, 0.25, 1, 0.375, 1, 0.5, 1, 0.625, 1, 0.75, 1, 0.875 ],
					"triangles": [ 8, 9, 10, 11, 8, 10, 7, 8, 11, 12, 7, 11, 6, 7, 12, 13, 6, 12, 5, 6, 13, 14, 5, 13, 4, 5, 14, 15, 4, 14, 3, 4, 15, 16, 3, 15, 2, 3, 16, 17, 2, 16, 1, 2, 17, 0, 1, 17 ],
					"vertices": [ 1, 4, -1.7, -5.5, 1, 1, 4, -1.7, 5.5, 1, 2, 4, 25.68, 5.5, 0.70301, 5, -1.29, 5.5, 0.29699, 2, 5, 26.08, 5.5, 0.65569, 6, -0.88, 5.5, 0.34431, 2, 6, 26.49, 5.5, 0.55905, 7, -0.48, 5.5, 0.44095, 2, 7, 26.9, 5.5, 0.51367, 8, -0.07, 5.5, 0.48633, 2, 8, 27.3, 5.5, 0.41705, 9, 0.33, 5.5, 0.58295, 2, 9, 27.71, 5.5, 0.38565, 10, 0.74, 5.5, 0.61435, 2, 10, 28.11, 5.5, 0.36868, 11, 1.14, 5.5, 0.63132, 1, 11, 28.52, 5.5, 1, 1, 11, 28.52, -5.5, 1, 2, 10, 28.11, -5.5, 0.3064, 11, 1.14, -5.5, 0.6936, 2, 9, 27.71, -5.5, 0.40945, 10, 0.74, -5.5, 0.59055, 2, 8, 27.3, -5.5, 0.44404, 9, 0.33, -5.5, 0.55596, 2, 7, 26.9, -5.5, 0.52991, 8, -0.07, -5.5, 0.47009, 2, 6, 26.49, -5.5, 0.58474, 7, -0.48, -5.5, 0.41526, 2, 5, 26.08, -5.5, 0.62061, 6, -0.88, -5.5, 0.37939, 2, 4, 25.68, -5.5, 0.65664, 5, -1.29, -5.5, 0.34336 ],
					"hull": 18
				}
			},
			"Emoji": {
				"Emoji/emo_15": { "y": 0.5, "width": 118, "height": 119 },
				"Emoji/new/emo_15": { "x": 0.5, "y": 0.5, "width": 107, "height": 73 }
			},
			"feeling_1": {
				"run": { "rotation": 20.55, "width": 13, "height": 27 }
			},
			"feeling_2": {
				"ba_cham": { "x": 0.5, "y": 0.5, "width": 41, "height": 9 },
				"giat_minh": { "x": 0.5, "y": 0.5, "width": 70, "height": 66 }
			},
			"feeling_5": {
				"run": { "x": -0.36, "y": 7.5, "rotation": -89.44, "width": 13, "height": 27 },
				"scare": { "y": 0.5, "width": 80, "height": 83 }
			},
			"head": {
				"head": { "x": 68.85, "rotation": -89.87, "width": 144, "height": 144 }
			},
			"shoulder1": {
				"shoulder": { "x": 49.22, "rotation": -90, "width": 15, "height": 105 }
			},
			"shoulder2": {
				"shoulder": { "x": 49.22, "rotation": -90, "width": 15, "height": 105 }
			},
			"shoulder3": {
				"shoulder": { "x": 49.22, "rotation": -90, "width": 15, "height": 105 }
			},
			"shoulder4": {
				"shoulder": { "x": 50.57, "rotation": -90, "width": 15, "height": 105 }
			},
			"thigh": {
				"thigh": { "x": 66.01, "rotation": -90, "width": 14, "height": 137 }
			},
			"thigh2": {
				"thigh": { "x": 66.01, "rotation": -90, "width": 14, "height": 137 }
			},
			"thigh3": {
				"thigh": { "x": 66.01, "rotation": -90, "width": 14, "height": 137 }
			},
			"thigh4": {
				"thigh": { "x": 66.01, "rotation": -90, "width": 14, "height": 137 }
			}
		}
	}
],
"animations": {
	"t_128_1_be": {
		"slots": {
			"body": {
				"rgba": [
					{ "color": "000000ff" }
				]
			},
			"Emoji": {
				"attachment": [
					{ "name": "Emoji/emo_15" }
				]
			},
			"feeling_1": {
				"attachment": [
					{}
				]
			},
			"feeling_2": {
				"attachment": [
					{}
				]
			},
			"feeling_3": {
				"attachment": [
					{}
				]
			},
			"feeling_5": {
				"attachment": [
					{ "name": "scare" }
				]
			},
			"hair": {
				"attachment": [
					{}
				]
			},
			"head": {
				"rgba": [
					{ "color": "ffffffff" }
				],
				"attachment": [
					{ "name": "head" }
				]
			},
			"shoulder1": {
				"rgba": [
					{ "color": "000000ff" }
				],
				"attachment": [
					{}
				]
			},
			"shoulder2": {
				"rgba": [
					{ "color": "000000ff" }
				],
				"attachment": [
					{}
				]
			},
			"shoulder3": {
				"rgba": [
					{ "color": "000000ff" }
				],
				"attachment": [
					{ "name": "shoulder" }
				]
			},
			"shoulder4": {
				"rgba": [
					{ "color": "000000ff" }
				],
				"attachment": [
					{ "name": "shoulder" }
				]
			},
			"thigh": {
				"rgba": [
					{ "color": "000000ff" }
				]
			},
			"thigh2": {
				"rgba": [
					{ "color": "000000ff" }
				]
			},
			"thigh3": {
				"rgba": [
					{ "color": "000000ff" }
				]
			},
			"thigh4": {
				"rgba": [
					{ "color": "000000ff" }
				]
			}
		},
		"bones": {
			"head": {
				"rotate": [
					{ "value": 13.29 }
				],
				"translate": [
					{ "x": -37.18, "y": 0.09 }
				],
				"scale": [
					{}
				]
			},
			"root": {
				"rotate": [
					{}
				],
				"translate": [
					{ "x": 6.99, "y": -55.9 }
				]
			},
			"main": {
				"rotate": [
					{ "value": 60.07 }
				],
				"translate": [
					{ "x": 36.04, "y": 15.23 }
				]
			},
			"hip": {
				"rotate": [
					{}
				],
				"translate": [
					{}
				]
			},
			"body": {
				"rotate": [
					{ "value": -4.33 }
				],
				"translate": [
					{}
				],
				"scale": [
					{}
				]
			},
			"body2": {
				"rotate": [
					{ "value": -4.33 }
				],
				"translate": [
					{}
				],
				"scale": [
					{}
				]
			},
			"body3": {
				"rotate": [
					{ "value": -4.33 }
				],
				"translate": [
					{}
				],
				"scale": [
					{}
				]
			},
			"body4": {
				"rotate": [
					{ "value": -4.33 }
				],
				"translate": [
					{}
				],
				"scale": [
					{}
				]
			},
			"body5": {
				"rotate": [
					{ "value": -4.33 }
				],
				"translate": [
					{}
				],
				"scale": [
					{}
				]
			},
			"body6": {
				"rotate": [
					{ "value": -4.33 }
				],
				"translate": [
					{}
				],
				"scale": [
					{}
				]
			},
			"body7": {
				"rotate": [
					{ "value": -4.33 }
				],
				"translate": [
					{}
				],
				"scale": [
					{}
				]
			},
			"body8": {
				"rotate": [
					{ "value": -4.33 }
				],
				"translate": [
					{}
				],
				"scale": [
					{}
				]
			},
			"feeling_3": {
				"rotate": [
					{}
				],
				"translate": [
					{}
				]
			},
			"emoji": {
				"rotate": [
					{ "value": 6.73 }
				],
				"translate": [
					{ "x": 32.62, "y": -35.66 }
				],
				"scale": [
					{ "x": -1.234, "y": 1.56 }
				]
			},
			"shouder_1": {
				"rotate": [
					{ "value": -104.98 }
				],
				"translate": [
					{ "x": 14.41, "y": -1.24 }
				],
				"scale": [
					{}
				]
			},
			"arm_1": {
				"rotate": [
					{ "value": -35.03 }
				],
				"translate": [
					{ "x": 2.02, "y": 0.08 }
				],
				"scale": [
					{}
				]
			},
			"shouder_2": {
				"rotate": [
					{ "value": 136.46 }
				],
				"translate": [
					{ "x": 2.44, "y": -1.67 }
				],
				"scale": [
					{}
				]
			},
			"arm_2": {
				"rotate": [
					{ "value": -51.78 }
				],
				"translate": [
					{}
				],
				"scale": [
					{}
				]
			},
			"thigh_1": {
				"rotate": [
					{ "value": 24.72 }
				],
				"translate": [
					{}
				],
				"scale": [
					{}
				]
			},
			"leg_1": {
				"rotate": [
					{}
				],
				"translate": [
					{}
				],
				"scale": [
					{}
				]
			},
			"thigh_2": {
				"rotate": [
					{ "value": 39.21 }
				],
				"translate": [
					{}
				],
				"scale": [
					{}
				]
			},
			"leg_2": {
				"rotate": [
					{ "value": 18.14 }
				],
				"translate": [
					{}
				]
			},
			"foot_2": {
				"rotate": [
					{}
				],
				"translate": [
					{ "x": 135.02, "y": 98.74 }
				]
			},
			"foot_3": {
				"rotate": [
					{}
				],
				"translate": [
					{ "x": 250.06, "y": 272.48 }
				]
			},
			"feeling_5": {
				"rotate": [
					{ "value": 8.88 }
				],
				"translate": [
					{ "x": 54.65, "y": 81.6 }
				],
				"scale": [
					{ "x": 0.603, "y": 0.603 }
				]
			},
			"item_1": {
				"rotate": [
					{ "value": 1.78 }
				],
				"translate": [
					{ "x": -26.83, "y": 119.53 }
				],
				"scale": [
					{ "x": 1.145, "y": 1.145 }
				]
			},
			"feeling_1": {
				"rotate": [
					{ "value": 15.46 }
				],
				"translate": [
					{ "x": -323.18, "y": -1.79 }
				],
				"scale": [
					{ "x": 1.664, "y": 1.664 }
				]
			},
			"move": {
				"translate": [
					{ "x": 119.99, "y": 0.12 }
				],
				"scale": [
					{}
				]
			},
			"feeling_2": {
				"rotate": [
					{ "value": -6.82 }
				],
				"translate": [
					{ "x": -150.75, "y": -187.73 }
				],
				"scale": [
					{ "x": -1.15, "y": 1.15 }
				]
			},
			"hair_1": {
				"translate": [
					{ "x": 99.06, "y": 504.74 }
				],
				"scale": [
					{ "x": 1.416, "y": 1.416 }
				]
			}
		},
		"ik": {
			"foot_1": [
				{ "stretch": true }
			],
			"foot_2": [
				{ "stretch": true }
			]
		},
		"drawOrder": [
			{
				"offsets": [
					{ "slot": "item", "offset": 16 },
					{ "slot": "feeling_5", "offset": 3 }
				]
			}
		]
	},
	"t_128_1_lose": {
		"slots": {
			"body": {
				"rgba": [
					{ "color": "000000ff" }
				],
				"attachment": [
					{}
				]
			},
			"Emoji": {
				"attachment": [
					{}
				]
			},
			"feeling_1": {
				"attachment": [
					{ "name": "run" }
				]
			},
			"feeling_2": {
				"attachment": [
					{ "name": "ba_cham" }
				]
			},
			"feeling_3": {
				"attachment": [
					{}
				]
			},
			"feeling_5": {
				"attachment": [
					{ "name": "run" }
				]
			},
			"hair": {
				"attachment": [
					{}
				]
			},
			"head": {
				"rgba": [
					{ "color": "ffffffff" }
				],
				"attachment": [
					{}
				]
			},
			"shoulder1": {
				"rgba": [
					{ "color": "000000ff" }
				],
				"attachment": [
					{}
				]
			},
			"shoulder2": {
				"rgba": [
					{ "color": "000000ff" }
				],
				"attachment": [
					{}
				]
			},
			"shoulder3": {
				"rgba": [
					{ "color": "000000ff" }
				],
				"attachment": [
					{}
				]
			},
			"shoulder4": {
				"rgba": [
					{ "color": "000000ff" }
				],
				"attachment": [
					{}
				]
			},
			"thigh": {
				"rgba": [
					{ "color": "000000ff" }
				]
			},
			"thigh2": {
				"rgba": [
					{ "color": "000000ff" }
				]
			},
			"thigh3": {
				"rgba": [
					{ "color": "000000ff" }
				]
			},
			"thigh4": {
				"rgba": [
					{ "color": "000000ff" }
				]
			}
		},
		"bones": {
			"head": {
				"rotate": [
					{ "value": 13.29 }
				],
				"translate": [
					{ "x": -37.18, "y": 0.09 }
				],
				"scale": [
					{}
				]
			},
			"root": {
				"rotate": [
					{}
				],
				"translate": [
					{}
				]
			},
			"main": {
				"rotate": [
					{ "value": 60.07 }
				],
				"translate": [
					{ "x": -5.85, "y": -257.28 }
				]
			},
			"hip": {
				"rotate": [
					{}
				],
				"translate": [
					{}
				]
			},
			"body": {
				"rotate": [
					{ "value": -4.33 }
				],
				"translate": [
					{}
				],
				"scale": [
					{}
				]
			},
			"body2": {
				"rotate": [
					{ "value": -4.33 }
				],
				"translate": [
					{}
				],
				"scale": [
					{}
				]
			},
			"body3": {
				"rotate": [
					{ "value": -4.33 }
				],
				"translate": [
					{}
				],
				"scale": [
					{}
				]
			},
			"body4": {
				"rotate": [
					{ "value": -4.33 }
				],
				"translate": [
					{}
				],
				"scale": [
					{}
				]
			},
			"body5": {
				"rotate": [
					{ "value": -4.33 }
				],
				"translate": [
					{}
				],
				"scale": [
					{}
				]
			},
			"body6": {
				"rotate": [
					{ "value": -4.33 }
				],
				"translate": [
					{}
				],
				"scale": [
					{}
				]
			},
			"body7": {
				"rotate": [
					{ "value": -4.33 }
				],
				"translate": [
					{}
				],
				"scale": [
					{}
				]
			},
			"body8": {
				"rotate": [
					{ "value": -4.33 }
				],
				"translate": [
					{}
				],
				"scale": [
					{}
				]
			},
			"feeling_3": {
				"rotate": [
					{}
				],
				"translate": [
					{}
				]
			},
			"emoji": {
				"rotate": [
					{ "value": 6.73 }
				],
				"translate": [
					{ "x": 32.62, "y": -35.66 }
				],
				"scale": [
					{ "x": -1.234, "y": 1.56 }
				]
			},
			"shouder_1": {
				"rotate": [
					{ "value": -104.98 }
				],
				"translate": [
					{ "x": 14.41, "y": -1.24 }
				],
				"scale": [
					{}
				]
			},
			"arm_1": {
				"rotate": [
					{ "value": -35.03 }
				],
				"translate": [
					{ "x": 2.02, "y": 0.08 }
				],
				"scale": [
					{}
				]
			},
			"shouder_2": {
				"rotate": [
					{ "value": 136.46 }
				],
				"translate": [
					{ "x": 2.44, "y": -1.67 }
				],
				"scale": [
					{}
				]
			},
			"arm_2": {
				"rotate": [
					{ "value": -51.78 }
				],
				"translate": [
					{}
				],
				"scale": [
					{}
				]
			},
			"thigh_1": {
				"rotate": [
					{ "value": 24.72 }
				],
				"translate": [
					{}
				],
				"scale": [
					{}
				]
			},
			"leg_1": {
				"rotate": [
					{}
				],
				"translate": [
					{}
				],
				"scale": [
					{}
				]
			},
			"thigh_2": {
				"rotate": [
					{ "value": 39.21 }
				],
				"translate": [
					{}
				],
				"scale": [
					{}
				]
			},
			"leg_2": {
				"rotate": [
					{ "value": 18.14 }
				],
				"translate": [
					{}
				]
			},
			"foot_2": {
				"rotate": [
					{}
				],
				"translate": [
					{ "x": 12.97, "y": 221.65 }
				]
			},
			"foot_3": {
				"rotate": [
					{}
				],
				"translate": [
					{ "x": -128.22, "y": 185.52 }
				]
			},
			"feeling_5": {
				"rotate": [
					{ "value": 15.91 }
				],
				"translate": [
					{ "x": -55.33, "y": -2.35 }
				],
				"scale": [
					{ "x": 0.899, "y": 0.899 }
				]
			},
			"item_1": {
				"rotate": [
					{ "value": 1.78 }
				],
				"translate": [
					{ "x": -26.83, "y": 119.53 }
				],
				"scale": [
					{ "x": 1.145, "y": 1.145 }
				]
			},
			"feeling_1": {
				"rotate": [
					{ "value": 103.2 }
				],
				"translate": [
					{ "x": 69.73, "y": -414.57 }
				],
				"scale": [
					{ "x": 2.529, "y": 1.593 }
				]
			},
			"move": {
				"translate": [
					{ "x": 119.99, "y": 0.12 }
				],
				"scale": [
					{}
				]
			},
			"feeling_2": {
				"rotate": [
					{ "value": -34.92 }
				],
				"translate": [
					{ "x": -72.85, "y": -272.04 }
				],
				"scale": [
					{ "x": -1.678, "y": 1.678 }
				]
			},
			"hair_1": {
				"translate": [
					{ "x": 99.06, "y": 504.74 }
				],
				"scale": [
					{ "x": 1.416, "y": 1.416 }
				]
			}
		},
		"ik": {
			"foot_1": [
				{ "stretch": true }
			],
			"foot_2": [
				{ "stretch": true }
			]
		},
		"drawOrder": [
			{
				"offsets": [
					{ "slot": "item", "offset": 16 },
					{ "slot": "feeling_5", "offset": 3 }
				]
			}
		]
	},
	"t_128_1_win": {
		"slots": {
			"body": {
				"rgba": [
					{ "color": "000000ff" }
				]
			},
			"Emoji": {
				"attachment": [
					{ "name": "Emoji/new/emo_15" }
				]
			},
			"feeling_1": {
				"rgba": [
					{ "color": "ffffffff" }
				],
				"attachment": [
					{}
				]
			},
			"feeling_2": {
				"attachment": [
					{ "name": "giat_minh" }
				]
			},
			"feeling_3": {
				"rgba": [
					{ "color": "ffffffff" }
				],
				"attachment": [
					{}
				]
			},
			"feeling_5": {
				"attachment": [
					{}
				]
			},
			"hair": {
				"attachment": [
					{}
				]
			},
			"head": {
				"rgba": [
					{ "color": "ffffffff" }
				]
			},
			"shoulder1": {
				"rgba": [
					{ "color": "000000ff" }
				],
				"attachment": [
					{ "name": "shoulder" }
				]
			},
			"shoulder2": {
				"rgba": [
					{ "color": "000000ff" }
				],
				"attachment": [
					{ "name": "shoulder" }
				]
			},
			"shoulder3": {
				"rgba": [
					{ "color": "000000ff" }
				],
				"attachment": [
					{ "name": "shoulder" }
				]
			},
			"shoulder4": {
				"rgba": [
					{ "color": "000000ff" }
				],
				"attachment": [
					{ "name": "shoulder" }
				]
			},
			"thigh": {
				"rgba": [
					{ "color": "000000ff" }
				]
			},
			"thigh2": {
				"rgba": [
					{ "color": "000000ff" }
				]
			},
			"thigh3": {
				"rgba": [
					{ "color": "000000ff" }
				]
			},
			"thigh4": {
				"rgba": [
					{ "color": "000000ff" }
				]
			}
		},
		"bones": {
			"head": {
				"rotate": [
					{ "value": 10.46 }
				],
				"translate": [
					{ "x": -52.08, "y": 1.24 }
				],
				"scale": [
					{}
				]
			},
			"root": {
				"rotate": [
					{}
				],
				"translate": [
					{}
				]
			},
			"main": {
				"rotate": [
					{ "value": 5.82 }
				],
				"translate": [
					{ "x": -7.25, "y": -17.83 }
				]
			},
			"hip": {
				"rotate": [
					{ "value": -9.38 }
				],
				"translate": [
					{}
				]
			},
			"body": {
				"rotate": [
					{ "value": 2.06 }
				],
				"translate": [
					{}
				]
			},
			"body2": {
				"rotate": [
					{ "value": 2.06 }
				],
				"translate": [
					{}
				]
			},
			"body3": {
				"rotate": [
					{ "value": 2.06 }
				],
				"translate": [
					{}
				]
			},
			"body4": {
				"rotate": [
					{ "value": 2.06 }
				],
				"translate": [
					{}
				]
			},
			"body5": {
				"rotate": [
					{ "value": 2.06 }
				],
				"translate": [
					{}
				]
			},
			"body6": {
				"rotate": [
					{ "value": 2.06 }
				],
				"translate": [
					{}
				]
			},
			"body7": {
				"rotate": [
					{ "value": 2.06 }
				],
				"translate": [
					{}
				]
			},
			"body8": {
				"rotate": [
					{ "value": 2.06 }
				],
				"translate": [
					{}
				]
			},
			"feeling_3": {
				"rotate": [
					{ "value": 97.39 }
				],
				"translate": [
					{ "x": -61.16, "y": 96.33 }
				],
				"scale": [
					{ "x": -0.808, "y": -0.808 }
				]
			},
			"emoji": {
				"rotate": [
					{ "value": -5.3 }
				],
				"translate": [
					{ "x": -11.35, "y": 11.69 }
				],
				"scale": [
					{ "x": -1.073, "y": 1.073 }
				]
			},
			"shouder_1": {
				"rotate": [
					{ "value": 56.19 }
				],
				"translate": [
					{ "x": 18.77, "y": -1.91 }
				],
				"scale": [
					{}
				],
				"shear": [
					{}
				]
			},
			"arm_1": {
				"rotate": [
					{ "value": 34.25 }
				],
				"translate": [
					{ "x": 2.02, "y": 0.08 }
				],
				"scale": [
					{}
				]
			},
			"shouder_2": {
				"rotate": [
					{ "value": 66.18 }
				],
				"translate": [
					{ "x": 20.11, "y": -1.18 }
				],
				"scale": [
					{}
				]
			},
			"arm_2": {
				"rotate": [
					{ "value": 11.99 }
				],
				"translate": [
					{}
				],
				"scale": [
					{}
				]
			},
			"thigh_1": {
				"rotate": [
					{}
				],
				"translate": [
					{}
				]
			},
			"leg_1": {
				"rotate": [
					{}
				],
				"translate": [
					{}
				]
			},
			"thigh_2": {
				"rotate": [
					{}
				],
				"translate": [
					{}
				]
			},
			"leg_2": {
				"rotate": [
					{}
				],
				"translate": [
					{}
				]
			},
			"foot_2": {
				"rotate": [
					{}
				],
				"translate": [
					{ "x": -7.64, "y": -17.21 }
				]
			},
			"foot_3": {
				"rotate": [
					{}
				],
				"translate": [
					{ "x": -52.25, "y": 35.32 }
				]
			},
			"feeling_5": {
				"rotate": [
					{ "value": -107.82 }
				],
				"translate": [
					{ "x": 110.18, "y": 76.03 }
				],
				"scale": [
					{ "x": 0.859, "y": 0.859 }
				]
			},
			"feeling_1": {
				"rotate": [
					{ "value": 15.2 }
				],
				"translate": [
					{ "x": -133.2, "y": -12.73 }
				],
				"scale": [
					{ "x": 0.797, "y": 0.797 }
				]
			},
			"feeling_2": {
				"rotate": [
					{ "value": -156.79 }
				],
				"translate": [
					{ "x": -161.73, "y": -216.81 }
				],
				"scale": [
					{ "x": 0.87, "y": 0.87 }
				]
			},
			"move": {
				"translate": [
					{ "x": 119.99 }
				],
				"scale": [
					{ "x": -1 }
				]
			},
			"hair_1": {
				"rotate": [
					{ "value": 18.22 }
				],
				"translate": [
					{ "x": 142.98, "y": 554.53 }
				],
				"scale": [
					{ "x": -1.168, "y": 1.168 }
				]
			}
		},
		"ik": {
			"foot_1": [
				{ "stretch": true }
			],
			"foot_2": [
				{ "bendPositive": false, "stretch": true }
			]
		},
		"drawOrder": [
			{
				"offsets": [
					{ "slot": "shoulder2", "offset": 11 },
					{ "slot": "shoulder4", "offset": -3 }
				]
			}
		]
	}
}
}