{"frames": [

{
	"filename": "bg",
	"frame": {"x":1,"y":1,"w":1080,"h":1198},
	"rotated": false,
	"trimmed": false,
	"spriteSourceSize": {"x":0,"y":0,"w":1080,"h":1198},
	"sourceSize": {"w":1080,"h":1198}
},
{
	"filename": "bg_vuong_mien",
	"frame": {"x":511,"y":1384,"w":185,"h":112},
	"rotated": false,
	"trimmed": false,
	"spriteSourceSize": {"x":0,"y":0,"w":185,"h":112},
	"sourceSize": {"w":185,"h":112}
},
{
	"filename": "giap",
	"frame": {"x":178,"y":1200,"w":162,"h":401},
	"rotated": false,
	"trimmed": true,
	"spriteSourceSize": {"x":7,"y":7,"w":162,"h":401},
	"sourceSize": {"w":176,"h":415}
},
{
	"filename": "giap_hot",
	"frame": {"x":1,"y":1200,"w":176,"h":414},
	"rotated": false,
	"trimmed": true,
	"spriteSourceSize": {"x":0,"y":0,"w":176,"h":414},
	"sourceSize": {"w":176,"h":415}
},
{
	"filename": "la_co",
	"frame": {"x":341,"y":1384,"w":169,"h":169},
	"rotated": false,
	"trimmed": true,
	"spriteSourceSize": {"x":7,"y":7,"w":169,"h":169},
	"sourceSize": {"w":183,"h":183}
},
{
	"filename": "la_co_hot",
	"frame": {"x":341,"y":1200,"w":183,"h":183},
	"rotated": false,
	"trimmed": false,
	"spriteSourceSize": {"x":0,"y":0,"w":183,"h":183},
	"sourceSize": {"w":183,"h":183}
},
{
	"filename": "lua",
	"frame": {"x":651,"y":1497,"w":76,"h":83},
	"rotated": false,
	"trimmed": false,
	"spriteSourceSize": {"x":0,"y":0,"w":76,"h":83},
	"sourceSize": {"w":76,"h":83}
},
{
	"filename": "vuongmien",
	"frame": {"x":511,"y":1497,"w":139,"h":99},
	"rotated": false,
	"trimmed": false,
	"spriteSourceSize": {"x":0,"y":0,"w":139,"h":99},
	"sourceSize": {"w":139,"h":99}
}],
"meta": {
	"app": "https://www.codeandweb.com/texturepacker",
	"version": "1.0",
	"image": "props.png",
	"format": "RGBA8888",
	"size": {"w":1082,"h":1615},
	"scale": "1",
	"smartupdate": "$TexturePacker:SmartUpdate:4132156db5c786eb34170cdf126f0023:eb8357a40e2f94922a58b710fb214190:f4c39b94f5b79b4c461da96ae5609d50$"
}
}
