{
"skeleton": { "hash": "JTAbxPOYEEw", "spine": "4.1.24", "x": -388.28, "y": -425.09, "width": 724.41, "height": 1282.48 },
"bones": [
	{ "name": "root", "rotation": 0.2 },
	{ "name": "move", "parent": "root", "x": -119.99, "scaleX": -1 },
	{ "name": "main", "parent": "move", "y": 256.6 },
	{ "name": "hip", "parent": "main" },
	{ "name": "body", "parent": "hip", "length": 26.97, "rotation": 90 },
	{ "name": "body2", "parent": "body", "length": 26.97, "x": 26.97 },
	{ "name": "body3", "parent": "body2", "length": 26.97, "x": 26.97 },
	{ "name": "body4", "parent": "body3", "length": 26.97, "rotation": -0.06, "x": 26.97 },
	{ "name": "body5", "parent": "body4", "length": 26.97, "x": 26.97 },
	{ "name": "body6", "parent": "body5", "length": 26.97, "x": 26.97 },
	{ "name": "body7", "parent": "body6", "length": 26.97, "x": 26.97 },
	{ "name": "body8", "parent": "body7", "length": 26.97, "x": 26.97 },
	{ "name": "head", "parent": "body8", "length": 135.67, "x": 24.75 },
	{ "name": "feeling_3", "parent": "head", "rotation": -0.18, "x": 87.53, "y": 30.96 },
	{ "name": "emoji", "parent": "head", "rotation": -90, "x": 62, "y": 1.49 },
	{ "name": "shouder_1", "parent": "body7", "length": 100.06, "rotation": -90, "x": 15.39, "y": 0.02 },
	{ "name": "arm_1", "parent": "shouder_1", "length": 100.06, "x": 94.79 },
	{ "name": "shouder_2", "parent": "body7", "length": 100.06, "rotation": 90, "x": 15.39, "y": 0.02 },
	{ "name": "arm_2", "parent": "shouder_2", "length": 100.06, "x": 94.79 },
	{ "name": "thigh_1", "parent": "main", "length": 134.15, "rotation": -90, "x": -0.54, "y": 4.23 },
	{ "name": "leg_1", "parent": "thigh_1", "length": 134.15, "x": 128.14 },
	{ "name": "thigh_2", "parent": "main", "length": 134.15, "rotation": -90, "x": -0.1, "y": 4.23 },
	{ "name": "leg_2", "parent": "thigh_2", "length": 134.15, "x": 128.14 },
	{ "name": "foot_2", "parent": "move", "x": 0.16, "y": -2.18 },
	{ "name": "foot_3", "parent": "move", "x": 0.1, "y": -2.12 },
	{
		"name": "feeling_5",
		"parent": "head",
		"rotation": -0.18,
		"x": 87.53,
		"y": -25.11,
		"scaleX": 2,
		"scaleY": 2
	},
	{ "name": "item_1", "parent": "move", "x": -1.93, "y": 450.24 },
	{ "name": "feeling_1", "parent": "main", "rotation": -20.17, "x": 72.35, "y": 376.02 },
	{ "name": "feeling_2", "parent": "main", "rotation": -20.17, "x": 72.35, "y": 376.02 },
	{ "name": "hair_1", "parent": "main", "rotation": 0.07, "x": -120, "y": -254.77 },
	{
		"name": "feeling_4",
		"parent": "head",
		"rotation": -0.18,
		"x": 87.53,
		"y": -25.11,
		"scaleX": 2,
		"scaleY": 2
	},
	{ "name": "item_tay", "parent": "arm_2", "x": 101.01, "y": -1.25 }
],
"slots": [
	{ "name": "bg_gane_play", "bone": "root", "color": "ffffff4f" },
	{ "name": "item", "bone": "item_1" },
	{ "name": "body", "bone": "hip", "color": "000000ff", "attachment": "body" },
	{ "name": "shoulder1", "bone": "shouder_1", "color": "000000ff" },
	{ "name": "shoulder3", "bone": "shouder_2", "color": "000000ff" },
	{ "name": "shoulder2", "bone": "arm_1", "color": "000000ff" },
	{ "name": "shoulder4", "bone": "arm_2", "color": "000000ff" },
	{ "name": "thigh", "bone": "thigh_1", "color": "000000ff", "attachment": "thigh" },
	{ "name": "thigh3", "bone": "thigh_2", "color": "000000ff", "attachment": "thigh" },
	{ "name": "thigh2", "bone": "leg_1", "color": "000000ff", "attachment": "thigh" },
	{ "name": "thigh4", "bone": "leg_2", "color": "000000ff", "attachment": "thigh" },
	{ "name": "head", "bone": "head", "attachment": "head" },
	{ "name": "hair", "bone": "hair_1" },
	{ "name": "Emoji", "bone": "emoji" },
	{ "name": "feeling_3", "bone": "feeling_3", "color": "000000ff" },
	{ "name": "feeling_5", "bone": "feeling_5" },
	{ "name": "feeling_4", "bone": "feeling_4" },
	{ "name": "feeling_1", "bone": "feeling_1" },
	{ "name": "feeling_2", "bone": "feeling_2" },
	{ "name": "item_tay", "bone": "item_tay" }
],
"ik": [
	{
		"name": "foot_1",
		"bones": [ "thigh_1", "leg_1" ],
		"target": "foot_2",
		"mix": 0,
		"stretch": true
	},
	{
		"name": "foot_2",
		"order": 1,
		"bones": [ "thigh_2", "leg_2" ],
		"target": "foot_3",
		"mix": 0,
		"stretch": true
	}
],
"skins": [
	{
		"name": "default",
		"attachments": {
			"body": {
				"body": {
					"type": "mesh",
					"uvs": [ 1, 1, 0, 1, 0, 0.875, 0, 0.75, 0, 0.625, 0, 0.5, 0, 0.375, 0, 0.25, 0, 0.125, 0, 0, 1, 0, 1, 0.125, 1, 0.25, 1, 0.375, 1, 0.5, 1, 0.625, 1, 0.75, 1, 0.875 ],
					"triangles": [ 8, 9, 10, 11, 8, 10, 7, 8, 11, 12, 7, 11, 6, 7, 12, 13, 6, 12, 5, 6, 13, 14, 5, 13, 4, 5, 14, 15, 4, 14, 3, 4, 15, 16, 3, 15, 2, 3, 16, 17, 2, 16, 1, 2, 17, 0, 1, 17 ],
					"vertices": [ 1, 4, -1.7, -5.5, 1, 1, 4, -1.7, 5.5, 1, 2, 4, 25.68, 5.5, 0.70301, 5, -1.29, 5.5, 0.29699, 2, 5, 26.08, 5.5, 0.65569, 6, -0.88, 5.5, 0.34431, 2, 6, 26.49, 5.5, 0.55905, 7, -0.48, 5.5, 0.44095, 2, 7, 26.9, 5.5, 0.51367, 8, -0.07, 5.5, 0.48633, 2, 8, 27.3, 5.5, 0.41705, 9, 0.33, 5.5, 0.58295, 2, 9, 27.71, 5.5, 0.38565, 10, 0.74, 5.5, 0.61435, 2, 10, 28.11, 5.5, 0.36868, 11, 1.14, 5.5, 0.63132, 1, 11, 28.52, 5.5, 1, 1, 11, 28.52, -5.5, 1, 2, 10, 28.11, -5.5, 0.3064, 11, 1.14, -5.5, 0.6936, 2, 9, 27.71, -5.5, 0.40945, 10, 0.74, -5.5, 0.59055, 2, 8, 27.3, -5.5, 0.44404, 9, 0.33, -5.5, 0.55596, 2, 7, 26.9, -5.5, 0.52991, 8, -0.07, -5.5, 0.47009, 2, 6, 26.49, -5.5, 0.58474, 7, -0.48, -5.5, 0.41526, 2, 5, 26.08, -5.5, 0.62061, 6, -0.88, -5.5, 0.37939, 2, 4, 25.68, -5.5, 0.65664, 5, -1.29, -5.5, 0.34336 ],
					"hull": 18
				}
			},
			"Emoji": {
				"Emoji/emo_17": { "x": 0.5, "y": 0.5, "width": 87, "height": 73 },
				"Emoji/emo_27": { "x": 0.5, "y": 0.5, "width": 111, "height": 89 },
				"Emoji/emo_57_c": { "x": 0.5, "y": 0.5, "width": 101, "height": 101 },
				"Emoji/emo_70": { "y": 0.5, "width": 118, "height": 119 },
				"Emoji/emo_75": { "x": 0.5, "y": 16.29, "scaleX": 0.9134, "scaleY": 0.9134, "width": 133, "height": 138 },
				"Emoji/emo_90": { "y": 0.5, "width": 86, "height": 91 },
				"Emoji/emo_97": { "y": 0.5, "width": 90, "height": 97 },
				"Emoji/emo_100": { "x": 0.51, "y": 12.13, "width": 133, "height": 152 },
				"Emoji/new/emo_22": { "width": 98, "height": 106 },
				"Emoji/new/emo_62c": { "width": 112, "height": 105 }
			},
			"feeling_1": {
				"cham_than": { "x": 0.5, "y": 0.5, "width": 17, "height": 57 },
				"Emoji/hoi_cham": { "scaleX": 1.6014, "scaleY": 1.3256, "width": 30, "height": 52 },
				"giat_minh": { "width": 70, "height": 66 },
				"mo_hoi": { "x": 0.5, "y": 0.5, "width": 19, "height": 41 },
				"scare": { "scaleX": 1.3955, "scaleY": 1.3955, "rotation": 19.99, "width": 80, "height": 83 }
			},
			"feeling_2": {
				"cauco": { "y": 0.5, "width": 50, "height": 45 },
				"cham_than": { "x": 0.5, "y": 0.5, "width": 17, "height": 57 },
				"rung": { "x": 0.5, "scaleX": -1, "rotation": 20.07, "width": 18, "height": 51 }
			},
			"feeling_3": {
				"Emoji/hoi_cham": { "width": 30, "height": 52 },
				"giat_minh": { "rotation": -96.51, "width": 70, "height": 66 },
				"run": { "rotation": -89.44, "width": 13, "height": 27 }
			},
			"feeling_4": {
				"giat_minh": { "width": 70, "height": 66 },
				"mo_hoi": { "width": 19, "height": 41 },
				"scare": { "y": 0.5, "width": 80, "height": 83 }
			},
			"feeling_5": {
				"cauco": { "y": 0.5, "width": 50, "height": 45 },
				"giat_minh": { "width": 70, "height": 66 },
				"mo_hoi": { "width": 19, "height": 41 },
				"run": { "x": -0.36, "y": 7.5, "rotation": -89.44, "width": 13, "height": 27 },
				"scare": { "y": 0.5, "width": 80, "height": 83 }
			},
			"hair": {
				"hair/man/toc_8": { "x": 0.5, "width": 133, "height": 84 },
				"hair/man/toc_8_sau": { "x": 0.5, "width": 139, "height": 105 }
			},
			"head": {
				"head": { "x": 68.85, "rotation": -89.87, "width": 144, "height": 144 },
				"head_7": { "x": 65.26, "y": -3.78, "rotation": -89.46, "width": 144, "height": 144 }
			},
			"shoulder1": {
				"shoulder": { "x": 49.22, "rotation": -90, "width": 15, "height": 105 }
			},
			"shoulder2": {
				"shoulder": { "x": 49.22, "rotation": -90, "width": 15, "height": 105 }
			},
			"shoulder3": {
				"shoulder": { "x": 49.22, "rotation": -90, "width": 15, "height": 105 }
			},
			"shoulder4": {
				"shoulder": { "x": 50.57, "rotation": -90, "width": 15, "height": 105 }
			},
			"thigh": {
				"thigh": { "x": 66.01, "rotation": -90, "width": 14, "height": 137 }
			},
			"thigh2": {
				"thigh": { "x": 66.01, "rotation": -90, "width": 14, "height": 137 }
			},
			"thigh3": {
				"thigh": { "x": 66.01, "rotation": -90, "width": 14, "height": 137 }
			},
			"thigh4": {
				"thigh": { "x": 66.01, "rotation": -90, "width": 14, "height": 137 }
			}
		}
	}
],
"animations": {
	"t_313_1_be": {
		"slots": {
			"body": {
				"rgba": [
					{ "color": "000000ff" }
				]
			},
			"Emoji": {
				"attachment": [
					{ "name": "Emoji/emo_75" }
				]
			},
			"feeling_1": {
				"attachment": [
					{ "name": "giat_minh" }
				]
			},
			"feeling_2": {
				"rgba": [
					{ "color": "ffffffff" }
				],
				"attachment": [
					{}
				]
			},
			"feeling_3": {
				"rgba": [
					{ "color": "ffffffff" }
				],
				"attachment": [
					{}
				]
			},
			"feeling_5": {
				"rgba": [
					{ "color": "ffffffff" }
				],
				"attachment": [
					{ "name": "cauco" }
				]
			},
			"hair": {
				"attachment": [
					{}
				]
			},
			"head": {
				"rgba": [
					{ "color": "ffb4b4ff" }
				],
				"attachment": [
					{ "name": "head" }
				]
			},
			"shoulder1": {
				"rgba": [
					{ "color": "000000ff" }
				],
				"attachment": [
					{ "name": "shoulder" }
				]
			},
			"shoulder2": {
				"rgba": [
					{ "color": "000000ff" }
				],
				"attachment": [
					{ "name": "shoulder" }
				]
			},
			"shoulder3": {
				"rgba": [
					{ "color": "000000ff" }
				],
				"attachment": [
					{}
				]
			},
			"shoulder4": {
				"rgba": [
					{ "color": "000000ff" }
				],
				"attachment": [
					{}
				]
			},
			"thigh": {
				"rgba": [
					{ "color": "000000ff" }
				]
			},
			"thigh2": {
				"rgba": [
					{ "color": "000000ff" }
				]
			},
			"thigh3": {
				"rgba": [
					{ "color": "000000ff" }
				]
			},
			"thigh4": {
				"rgba": [
					{ "color": "000000ff" }
				]
			}
		},
		"bones": {
			"head": {
				"rotate": [
					{ "value": -1.22 }
				],
				"translate": [
					{ "x": -52.83, "y": 2.21 }
				],
				"scale": [
					{}
				]
			},
			"root": {
				"rotate": [
					{}
				],
				"translate": [
					{}
				]
			},
			"main": {
				"rotate": [
					{ "value": 1.02 }
				],
				"translate": [
					{ "x": 0.01, "y": -50.58 }
				]
			},
			"hip": {
				"rotate": [
					{}
				],
				"translate": [
					{}
				]
			},
			"body": {
				"rotate": [
					{ "value": -0.42 }
				],
				"translate": [
					{}
				],
				"scale": [
					{}
				]
			},
			"body2": {
				"rotate": [
					{ "value": -0.42 }
				],
				"translate": [
					{}
				],
				"scale": [
					{}
				]
			},
			"body3": {
				"rotate": [
					{ "value": -0.42 }
				],
				"translate": [
					{}
				],
				"scale": [
					{}
				]
			},
			"body4": {
				"rotate": [
					{ "value": -0.42 }
				],
				"translate": [
					{}
				],
				"scale": [
					{}
				]
			},
			"body5": {
				"rotate": [
					{ "value": -0.42 }
				],
				"translate": [
					{}
				],
				"scale": [
					{}
				]
			},
			"body6": {
				"rotate": [
					{ "value": -0.42 }
				],
				"translate": [
					{}
				],
				"scale": [
					{}
				]
			},
			"body7": {
				"rotate": [
					{ "value": -0.42 }
				],
				"translate": [
					{}
				],
				"scale": [
					{}
				]
			},
			"body8": {
				"rotate": [
					{ "value": -0.42 }
				],
				"translate": [
					{}
				],
				"scale": [
					{}
				]
			},
			"feeling_3": {
				"rotate": [
					{ "value": 3.08 }
				],
				"translate": [
					{ "x": 37.87, "y": -9.6 }
				]
			},
			"emoji": {
				"rotate": [
					{ "value": 1.92 }
				],
				"translate": [
					{ "x": -3.05, "y": -2.51 }
				],
				"scale": [
					{ "x": 1.062, "y": 1.062 }
				]
			},
			"shouder_1": {
				"rotate": [
					{ "value": -124.18 }
				],
				"translate": [
					{ "x": 19.68, "y": -2.05 }
				],
				"scale": [
					{}
				]
			},
			"arm_1": {
				"rotate": [
					{ "value": 21.43 }
				],
				"translate": [
					{ "x": 2.02, "y": 0.08 }
				],
				"scale": [
					{ "x": 1.141 }
				]
			},
			"shouder_2": {
				"rotate": [
					{ "value": 134.33 }
				],
				"translate": [
					{ "x": 20.8, "y": 4.16 }
				],
				"scale": [
					{}
				]
			},
			"arm_2": {
				"rotate": [
					{ "value": -24.76 }
				],
				"scale": [
					{}
				]
			},
			"thigh_1": {
				"rotate": [
					{ "value": 24.72 }
				],
				"translate": [
					{}
				],
				"scale": [
					{}
				]
			},
			"leg_1": {
				"rotate": [
					{}
				],
				"translate": [
					{}
				]
			},
			"thigh_2": {
				"rotate": [
					{ "value": 39.21 }
				],
				"translate": [
					{}
				],
				"scale": [
					{}
				]
			},
			"leg_2": {
				"rotate": [
					{ "value": 18.14 }
				],
				"translate": [
					{}
				]
			},
			"foot_2": {
				"rotate": [
					{}
				],
				"translate": [
					{ "x": -90.95, "y": 0.04 }
				]
			},
			"foot_3": {
				"rotate": [
					{ "value": 2.33 }
				],
				"translate": [
					{ "x": 120.19, "y": 0.04 }
				]
			},
			"feeling_5": {
				"rotate": [
					{ "value": 157.35 }
				],
				"translate": [
					{ "x": 25.62, "y": -51.29 }
				],
				"scale": [
					{ "x": 0.536, "y": 0.536 }
				],
				"shear": [
					{}
				]
			},
			"feeling_1": {
				"rotate": [
					{ "value": 68.32 }
				],
				"translate": [
					{ "x": -72.03, "y": -38.74 }
				],
				"scale": [
					{ "x": 0.882, "y": 1.182 }
				]
			},
			"feeling_2": {
				"rotate": [
					{ "value": 41.15 }
				],
				"translate": [
					{ "x": -151.86, "y": -35.71 }
				],
				"scale": [
					{ "x": -0.996, "y": 0.996 }
				]
			},
			"move": {
				"translate": [
					{ "x": 119.99, "y": 0.3 }
				],
				"scale": [
					{}
				]
			},
			"item_1": {
				"rotate": [
					{ "value": -26.82 }
				],
				"translate": [
					{ "x": 78.31, "y": 126.47 }
				],
				"scale": [
					{ "x": 0.92, "y": 0.92 }
				]
			},
			"hair_1": {
				"rotate": [
					{ "value": 5.28 }
				],
				"translate": [
					{ "x": 104.73, "y": 603.88 }
				],
				"scale": [
					{ "x": -0.811, "y": 0.811 }
				]
			}
		},
		"ik": {
			"foot_1": [
				{ "stretch": true }
			],
			"foot_2": [
				{ "bendPositive": false, "stretch": true }
			]
		},
		"drawOrder": [
			{
				"offsets": [
					{ "slot": "item", "offset": 14 },
					{ "slot": "shoulder2", "offset": 12 },
					{ "slot": "shoulder4", "offset": -4 },
					{ "slot": "Emoji", "offset": 5 },
					{ "slot": "feeling_3", "offset": -1 }
				]
			}
		]
	},
	"t_313_1_lose": {
		"slots": {
			"body": {
				"rgba": [
					{ "color": "000000ff", "curve": "stepped" },
					{ "time": 0.2, "color": "000000ff", "curve": "stepped" },
					{ "time": 0.4, "color": "000000ff" }
				]
			},
			"Emoji": {
				"attachment": [
					{ "name": "Emoji/new/emo_22" },
					{ "time": 0.2, "name": "Emoji/new/emo_22" },
					{ "time": 0.4, "name": "Emoji/new/emo_22" }
				]
			},
			"feeling_1": {
				"rgba": [
					{ "color": "ffffffff", "curve": "stepped" },
					{ "time": 0.4, "color": "ffffffff" }
				],
				"attachment": [
					{ "name": "cham_than" },
					{ "time": 0.4, "name": "cham_than" }
				]
			},
			"feeling_2": {
				"attachment": [
					{},
					{ "time": 0.2 },
					{ "time": 0.4 }
				]
			},
			"feeling_3": {
				"rgba": [
					{ "color": "ffffffff", "curve": "stepped" },
					{ "time": 0.2, "color": "ffffffff", "curve": "stepped" },
					{ "time": 0.4, "color": "ffffffff" }
				],
				"attachment": [
					{ "name": "giat_minh" },
					{ "time": 0.2, "name": "giat_minh" },
					{ "time": 0.4, "name": "giat_minh" }
				]
			},
			"feeling_4": {
				"rgba": [
					{ "color": "ffef00ff", "curve": "stepped" },
					{ "time": 0.2, "color": "ffef00ff", "curve": "stepped" },
					{ "time": 0.4, "color": "ffef00ff" }
				],
				"attachment": [
					{ "name": "scare" },
					{ "time": 0.2, "name": "scare" },
					{ "time": 0.4, "name": "scare" }
				]
			},
			"feeling_5": {
				"attachment": [
					{},
					{ "time": 0.2 },
					{ "time": 0.4 }
				]
			},
			"head": {
				"rgba": [
					{ "color": "ffffffff", "curve": "stepped" },
					{ "time": 0.2, "color": "ffffffff", "curve": "stepped" },
					{ "time": 0.4, "color": "ffffffff" }
				]
			},
			"shoulder1": {
				"rgba": [
					{ "color": "000000ff", "curve": "stepped" },
					{ "time": 0.2, "color": "000000ff", "curve": "stepped" },
					{ "time": 0.4, "color": "000000ff" }
				],
				"attachment": [
					{ "name": "shoulder" },
					{ "time": 0.2, "name": "shoulder" },
					{ "time": 0.4, "name": "shoulder" }
				]
			},
			"shoulder2": {
				"rgba": [
					{ "color": "ff0202ff", "curve": "stepped" },
					{ "time": 0.2, "color": "ff0202ff", "curve": "stepped" },
					{ "time": 0.4, "color": "ff0202ff" }
				],
				"attachment": [
					{ "name": "shoulder" },
					{ "time": 0.2, "name": "shoulder" },
					{ "time": 0.4, "name": "shoulder" }
				]
			},
			"shoulder3": {
				"rgba": [
					{ "color": "000000ff", "curve": "stepped" },
					{ "time": 0.2, "color": "000000ff", "curve": "stepped" },
					{ "time": 0.4, "color": "000000ff" }
				],
				"attachment": [
					{ "name": "shoulder" },
					{ "time": 0.2, "name": "shoulder" },
					{ "time": 0.4, "name": "shoulder" }
				]
			},
			"shoulder4": {
				"rgba": [
					{ "color": "000000ff", "curve": "stepped" },
					{ "time": 0.4, "color": "000000ff" }
				],
				"attachment": [
					{ "name": "shoulder" },
					{ "time": 0.4, "name": "shoulder" }
				]
			},
			"thigh": {
				"rgba": [
					{ "color": "000000ff", "curve": "stepped" },
					{ "time": 0.2, "color": "000000ff", "curve": "stepped" },
					{ "time": 0.4, "color": "000000ff" }
				]
			},
			"thigh2": {
				"rgba": [
					{ "color": "000000ff", "curve": "stepped" },
					{ "time": 0.2, "color": "000000ff", "curve": "stepped" },
					{ "time": 0.4, "color": "000000ff" }
				]
			},
			"thigh3": {
				"rgba": [
					{ "color": "000000ff", "curve": "stepped" },
					{ "time": 0.2, "color": "000000ff", "curve": "stepped" },
					{ "time": 0.4, "color": "000000ff" }
				]
			},
			"thigh4": {
				"rgba": [
					{ "color": "000000ff", "curve": "stepped" },
					{ "time": 0.2, "color": "000000ff", "curve": "stepped" },
					{ "time": 0.4, "color": "000000ff" }
				]
			}
		},
		"bones": {
			"head": {
				"rotate": [
					{ "value": -24, "curve": "stepped" },
					{ "time": 0.2, "value": -24, "curve": "stepped" },
					{ "time": 0.4, "value": -24 }
				],
				"translate": [
					{ "x": -5.31, "y": -4.4, "curve": "stepped" },
					{ "time": 0.2, "x": -5.31, "y": -4.4, "curve": "stepped" },
					{ "time": 0.4, "x": -5.31, "y": -4.4 }
				],
				"scale": [
					{ "curve": "stepped" },
					{ "time": 0.2, "curve": "stepped" },
					{ "time": 0.4 }
				]
			},
			"root": {
				"rotate": [
					{ "curve": "stepped" },
					{ "time": 0.2, "curve": "stepped" },
					{ "time": 0.4 }
				],
				"translate": [
					{ "curve": "stepped" },
					{ "time": 0.2, "curve": "stepped" },
					{ "time": 0.4 }
				]
			},
			"main": {
				"rotate": [
					{ "value": 2.38, "curve": "stepped" },
					{ "time": 0.2, "value": 2.38, "curve": "stepped" },
					{ "time": 0.4, "value": 2.38 }
				],
				"translate": [
					{ "x": 2.12, "y": -65.74, "curve": "stepped" },
					{ "time": 0.2, "x": 2.12, "y": -65.74, "curve": "stepped" },
					{ "time": 0.4, "x": 2.12, "y": -65.74 }
				]
			},
			"hip": {
				"rotate": [
					{ "value": -9.38, "curve": "stepped" },
					{ "time": 0.2, "value": -9.38, "curve": "stepped" },
					{ "time": 0.4, "value": -9.38 }
				],
				"translate": [
					{ "curve": "stepped" },
					{ "time": 0.2, "curve": "stepped" },
					{ "time": 0.4 }
				]
			},
			"body": {
				"rotate": [
					{ "value": 1.59, "curve": "stepped" },
					{ "time": 0.2, "value": 1.59, "curve": "stepped" },
					{ "time": 0.4, "value": 1.59 }
				],
				"translate": [
					{ "curve": "stepped" },
					{ "time": 0.2, "curve": "stepped" },
					{ "time": 0.4 }
				]
			},
			"body2": {
				"rotate": [
					{ "value": 1.59, "curve": "stepped" },
					{ "time": 0.2, "value": 1.59, "curve": "stepped" },
					{ "time": 0.4, "value": 1.59 }
				],
				"translate": [
					{ "curve": "stepped" },
					{ "time": 0.2, "curve": "stepped" },
					{ "time": 0.4 }
				]
			},
			"body3": {
				"rotate": [
					{ "value": 1.59, "curve": "stepped" },
					{ "time": 0.2, "value": 1.59, "curve": "stepped" },
					{ "time": 0.4, "value": 1.59 }
				],
				"translate": [
					{ "curve": "stepped" },
					{ "time": 0.2, "curve": "stepped" },
					{ "time": 0.4 }
				]
			},
			"body4": {
				"rotate": [
					{ "value": 1.59, "curve": "stepped" },
					{ "time": 0.2, "value": 1.59, "curve": "stepped" },
					{ "time": 0.4, "value": 1.59 }
				],
				"translate": [
					{ "curve": "stepped" },
					{ "time": 0.2, "curve": "stepped" },
					{ "time": 0.4 }
				]
			},
			"body5": {
				"rotate": [
					{ "value": 1.59, "curve": "stepped" },
					{ "time": 0.2, "value": 1.59, "curve": "stepped" },
					{ "time": 0.4, "value": 1.59 }
				],
				"translate": [
					{ "curve": "stepped" },
					{ "time": 0.2, "curve": "stepped" },
					{ "time": 0.4 }
				]
			},
			"body6": {
				"rotate": [
					{ "value": 1.59, "curve": "stepped" },
					{ "time": 0.2, "value": 1.59, "curve": "stepped" },
					{ "time": 0.4, "value": 1.59 }
				],
				"translate": [
					{ "curve": "stepped" },
					{ "time": 0.2, "curve": "stepped" },
					{ "time": 0.4 }
				]
			},
			"body7": {
				"rotate": [
					{ "value": 1.59, "curve": "stepped" },
					{ "time": 0.2, "value": 1.59, "curve": "stepped" },
					{ "time": 0.4, "value": 1.59 }
				],
				"translate": [
					{ "curve": "stepped" },
					{ "time": 0.2, "curve": "stepped" },
					{ "time": 0.4 }
				]
			},
			"body8": {
				"rotate": [
					{ "value": 1.59, "curve": "stepped" },
					{ "time": 0.2, "value": 1.59, "curve": "stepped" },
					{ "time": 0.4, "value": 1.59 }
				],
				"translate": [
					{ "curve": "stepped" },
					{ "time": 0.2, "curve": "stepped" },
					{ "time": 0.4 }
				]
			},
			"feeling_3": {
				"rotate": [
					{ "value": 28.92, "curve": "stepped" },
					{ "time": 0.2, "value": 28.92, "curve": "stepped" },
					{ "time": 0.4, "value": 28.92 }
				],
				"translate": [
					{ "x": -5.58, "y": 71.76, "curve": "stepped" },
					{ "time": 0.2, "x": -5.58, "y": 71.76, "curve": "stepped" },
					{ "time": 0.4, "x": -5.58, "y": 71.76 }
				],
				"scale": [
					{ "x": 0.857, "y": -0.857, "curve": "stepped" },
					{ "time": 0.2, "x": 0.857, "y": -0.857, "curve": "stepped" },
					{ "time": 0.4, "x": 0.857, "y": -0.857 }
				]
			},
			"emoji": {
				"rotate": [
					{ "value": -11.74, "curve": "stepped" },
					{ "time": 0.2, "value": -11.74, "curve": "stepped" },
					{ "time": 0.4, "value": -11.74 }
				],
				"translate": [
					{ "x": 12.2, "y": 0.43, "curve": "stepped" },
					{ "time": 0.2, "x": 12.2, "y": 0.43, "curve": "stepped" },
					{ "time": 0.4, "x": 12.2, "y": 0.43 }
				],
				"scale": [
					{ "x": 1.073, "y": 1.214, "curve": "stepped" },
					{ "time": 0.2, "x": 1.073, "y": 1.214, "curve": "stepped" },
					{ "time": 0.4, "x": 1.073, "y": 1.214 }
				]
			},
			"shouder_1": {
				"rotate": [
					{ "value": 166.82, "curve": "stepped" },
					{ "time": 0.2, "value": 166.82, "curve": "stepped" },
					{ "time": 0.4, "value": 166.82 }
				],
				"translate": [
					{ "x": 28.37, "y": -1.2, "curve": "stepped" },
					{ "time": 0.2, "x": 28.37, "y": -1.2, "curve": "stepped" },
					{ "time": 0.4, "x": 28.37, "y": -1.2 }
				],
				"scale": [
					{ "x": 1.217, "y": 1.217, "curve": "stepped" },
					{ "time": 0.2, "x": 1.217, "y": 1.217, "curve": "stepped" },
					{ "time": 0.4, "x": 1.217, "y": 1.217 }
				],
				"shear": [
					{ "curve": "stepped" },
					{ "time": 0.2, "curve": "stepped" },
					{ "time": 0.4 }
				]
			},
			"arm_1": {
				"rotate": [
					{ "value": -48.06, "curve": "stepped" },
					{ "time": 0.2, "value": -48.06, "curve": "stepped" },
					{ "time": 0.4, "value": -48.06 }
				],
				"translate": [
					{ "x": 2.02, "y": 0.08, "curve": "stepped" },
					{ "time": 0.2, "x": 2.02, "y": 0.08, "curve": "stepped" },
					{ "time": 0.4, "x": 2.02, "y": 0.08 }
				],
				"scale": [
					{ "curve": "stepped" },
					{ "time": 0.2, "curve": "stepped" },
					{ "time": 0.4 }
				]
			},
			"shouder_2": {
				"rotate": [
					{ "value": 119.62, "curve": "stepped" },
					{ "time": 0.2, "value": 119.62, "curve": "stepped" },
					{ "time": 0.4, "value": 119.62 }
				],
				"translate": [
					{ "x": 29.72, "y": -0.47, "curve": "stepped" },
					{ "time": 0.2, "x": 29.72, "y": -0.47, "curve": "stepped" },
					{ "time": 0.4, "x": 29.72, "y": -0.47 }
				],
				"scale": [
					{ "curve": "stepped" },
					{ "time": 0.2, "curve": "stepped" },
					{ "time": 0.4 }
				]
			},
			"arm_2": {
				"rotate": [
					{ "value": -131.21, "curve": "stepped" },
					{ "time": 0.4, "value": -131.21 }
				],
				"translate": [
					{ "curve": "stepped" },
					{ "time": 0.4 }
				],
				"scale": [
					{ "curve": "stepped" },
					{ "time": 0.4 }
				]
			},
			"thigh_1": {
				"rotate": [
					{ "curve": "stepped" },
					{
						"time": 0.2,
						"curve": [ 0.25, 0, 0.35, -63.03 ]
					},
					{ "time": 0.4, "value": -63.03 }
				],
				"translate": [
					{ "curve": "stepped" },
					{ "time": 0.2, "curve": "stepped" },
					{ "time": 0.4 }
				]
			},
			"leg_1": {
				"rotate": [
					{ "curve": "stepped" },
					{
						"time": 0.2,
						"curve": [ 0.25, 0, 0.35, 60.04 ]
					},
					{ "time": 0.4, "value": 60.04 }
				],
				"translate": [
					{ "curve": "stepped" },
					{ "time": 0.2, "curve": "stepped" },
					{ "time": 0.4 }
				]
			},
			"thigh_2": {
				"rotate": [
					{ "curve": "stepped" },
					{
						"time": 0.2,
						"curve": [ 0.25, 0, 0.35, -4.15 ]
					},
					{ "time": 0.4, "value": -4.15 }
				],
				"translate": [
					{ "curve": "stepped" },
					{ "time": 0.2, "curve": "stepped" },
					{ "time": 0.4 }
				]
			},
			"leg_2": {
				"rotate": [
					{ "curve": "stepped" },
					{
						"time": 0.2,
						"curve": [ 0.25, 0, 0.35, 62.28 ]
					},
					{ "time": 0.4, "value": 62.28 }
				],
				"translate": [
					{ "curve": "stepped" },
					{ "time": 0.2, "curve": "stepped" },
					{ "time": 0.4 }
				]
			},
			"foot_2": {
				"rotate": [
					{ "curve": "stepped" },
					{ "time": 0.2, "curve": "stepped" },
					{ "time": 0.4 }
				],
				"translate": [
					{ "x": -111.85, "y": 0.27, "curve": "stepped" },
					{ "time": 0.2, "x": -111.85, "y": 0.27, "curve": "stepped" },
					{ "time": 0.4, "x": -111.85, "y": 0.27 }
				]
			},
			"foot_3": {
				"rotate": [
					{ "curve": "stepped" },
					{ "time": 0.2, "curve": "stepped" },
					{ "time": 0.4 }
				],
				"translate": [
					{ "x": 114.57, "y": 3.09, "curve": "stepped" },
					{ "time": 0.2, "x": 114.57, "y": 3.09, "curve": "stepped" },
					{ "time": 0.4, "x": 114.57, "y": 3.09 }
				]
			},
			"feeling_5": {
				"rotate": [
					{ "value": -93.58, "curve": "stepped" },
					{ "time": 0.2, "value": -93.58, "curve": "stepped" },
					{ "time": 0.4, "value": -93.58 }
				],
				"translate": [
					{ "x": -49.02, "y": 22.93, "curve": "stepped" },
					{ "time": 0.2, "x": -49.02, "y": 22.93, "curve": "stepped" },
					{ "time": 0.4, "x": -49.02, "y": 22.93 }
				],
				"scale": [
					{ "x": 0.228, "y": 0.228, "curve": "stepped" },
					{ "time": 0.2, "x": 0.228, "y": 0.228, "curve": "stepped" },
					{ "time": 0.4, "x": 0.228, "y": 0.228 }
				]
			},
			"feeling_1": {
				"rotate": [
					{ "value": -17.7, "curve": "stepped" },
					{ "time": 0.4, "value": -17.7 }
				],
				"translate": [
					{ "x": 68.26, "y": -70.34, "curve": "stepped" },
					{ "time": 0.4, "x": 68.26, "y": -70.34 }
				],
				"scale": [
					{ "x": 1.455, "y": 1.455, "curve": "stepped" },
					{ "time": 0.4, "x": 1.455, "y": 1.455 }
				]
			},
			"feeling_2": {
				"rotate": [
					{ "value": 42.03, "curve": "stepped" },
					{ "time": 0.2, "value": 42.03, "curve": "stepped" },
					{ "time": 0.4, "value": 42.03 }
				],
				"translate": [
					{ "x": -16.69, "y": -92.78, "curve": "stepped" },
					{ "time": 0.2, "x": -16.69, "y": -92.78, "curve": "stepped" },
					{ "time": 0.4, "x": -16.69, "y": -92.78 }
				],
				"scale": [
					{ "x": 0.705, "y": 0.705, "curve": "stepped" },
					{ "time": 0.2, "x": 0.705, "y": 0.705, "curve": "stepped" },
					{ "time": 0.4, "x": 0.705, "y": 0.705 }
				]
			},
			"move": {
				"translate": [
					{ "x": 119.99, "curve": "stepped" },
					{ "time": 0.4, "x": 119.99 }
				],
				"scale": [
					{ "x": -1, "curve": "stepped" },
					{ "time": 0.4, "x": -1 }
				]
			},
			"feeling_4": {
				"translate": [
					{ "x": -106.79, "y": 142.16, "curve": "stepped" },
					{ "time": 0.2, "x": -106.79, "y": 142.16, "curve": "stepped" },
					{ "time": 0.4, "x": -106.79, "y": 142.16 }
				],
				"scale": [
					{ "x": 0.628, "y": 0.628, "curve": "stepped" },
					{ "time": 0.1, "x": 0.982, "y": 0.982, "curve": "stepped" },
					{ "time": 0.2, "x": 0.628, "y": 0.628, "curve": "stepped" },
					{ "time": 0.3, "x": 0.982, "y": 0.982, "curve": "stepped" },
					{ "time": 0.4, "x": 0.628, "y": 0.628 }
				]
			}
		},
		"ik": {
			"foot_1": [
				{
					"stretch": true,
					"curve": [ 0.05, 1, 0.15, 1, 0.05, 0, 0.15, 0 ]
				},
				{
					"time": 0.2,
					"stretch": true,
					"curve": [ 0.25, 1, 0.35, 1, 0.25, 0, 0.35, 0 ]
				},
				{ "time": 0.4, "stretch": true }
			],
			"foot_2": [
				{
					"stretch": true,
					"curve": [ 0.05, 1, 0.15, 1, 0.05, 0, 0.15, 0 ]
				},
				{
					"time": 0.2,
					"stretch": true,
					"curve": [ 0.25, 1, 0.35, 1, 0.25, 0, 0.35, 0 ]
				},
				{ "time": 0.4, "stretch": true }
			]
		},
		"drawOrder": [
			{
				"offsets": [
					{ "slot": "shoulder2", "offset": 10 },
					{ "slot": "shoulder4", "offset": -3 },
					{ "slot": "feeling_4", "offset": 2 }
				]
			},
			{
				"time": 0.2,
				"offsets": [
					{ "slot": "shoulder2", "offset": 10 },
					{ "slot": "shoulder4", "offset": -3 },
					{ "slot": "feeling_4", "offset": 2 }
				]
			},
			{
				"time": 0.4,
				"offsets": [
					{ "slot": "shoulder2", "offset": 10 },
					{ "slot": "shoulder4", "offset": -3 },
					{ "slot": "feeling_4", "offset": 2 }
				]
			}
		]
	},
	"t_313_1_lose2": {
		"slots": {
			"body": {
				"rgba": [
					{ "color": "000000ff", "curve": "stepped" },
					{ "time": 0.5, "color": "000000ff" }
				]
			},
			"Emoji": {
				"attachment": [
					{ "name": "Emoji/emo_70" },
					{ "time": 0.5, "name": "Emoji/emo_70" }
				]
			},
			"feeling_1": {
				"attachment": [
					{ "name": "scare" },
					{ "time": 0.5, "name": "scare" }
				]
			},
			"feeling_2": {
				"attachment": [
					{ "name": "cham_than" },
					{ "time": 0.5, "name": "cham_than" }
				]
			},
			"feeling_3": {
				"attachment": [
					{ "name": "run" },
					{ "time": 0.5, "name": "run" }
				]
			},
			"feeling_4": {
				"attachment": [
					{ "name": "mo_hoi" },
					{ "time": 0.5, "name": "mo_hoi" }
				]
			},
			"feeling_5": {
				"attachment": [
					{ "name": "giat_minh" },
					{ "time": 0.5, "name": "giat_minh" }
				]
			},
			"head": {
				"rgba": [
					{ "color": "ffffffff", "curve": "stepped" },
					{ "time": 0.5, "color": "ffffffff" }
				],
				"attachment": [
					{ "name": "head" },
					{ "time": 0.5, "name": "head" }
				]
			},
			"shoulder1": {
				"rgba": [
					{ "color": "000000ff", "curve": "stepped" },
					{ "time": 0.5, "color": "000000ff" }
				],
				"attachment": [
					{ "name": "shoulder" },
					{ "time": 0.5, "name": "shoulder" }
				]
			},
			"shoulder2": {
				"rgba": [
					{ "color": "000000ff", "curve": "stepped" },
					{ "time": 0.5, "color": "000000ff" }
				],
				"attachment": [
					{ "name": "shoulder" },
					{ "time": 0.5, "name": "shoulder" }
				]
			},
			"shoulder3": {
				"rgba": [
					{ "color": "000000ff", "curve": "stepped" },
					{ "time": 0.5, "color": "000000ff" }
				],
				"attachment": [
					{ "name": "shoulder" },
					{ "time": 0.5, "name": "shoulder" }
				]
			},
			"shoulder4": {
				"rgba": [
					{ "color": "000000ff", "curve": "stepped" },
					{ "time": 0.5, "color": "000000ff" }
				],
				"attachment": [
					{ "name": "shoulder" },
					{ "time": 0.5, "name": "shoulder" }
				]
			},
			"thigh": {
				"rgba": [
					{ "color": "000000ff", "curve": "stepped" },
					{ "time": 0.5, "color": "000000ff" }
				]
			},
			"thigh2": {
				"rgba": [
					{ "color": "000000ff", "curve": "stepped" },
					{ "time": 0.5, "color": "000000ff" }
				]
			},
			"thigh3": {
				"rgba": [
					{ "color": "000000ff", "curve": "stepped" },
					{ "time": 0.5, "color": "000000ff" }
				]
			},
			"thigh4": {
				"rgba": [
					{ "color": "000000ff", "curve": "stepped" },
					{ "time": 0.5, "color": "000000ff" }
				]
			}
		},
		"bones": {
			"head": {
				"rotate": [
					{ "value": -6.45, "curve": "stepped" },
					{ "time": 0.5, "value": -6.45 }
				],
				"translate": [
					{ "x": -7.91, "y": -1.83, "curve": "stepped" },
					{ "time": 0.5, "x": -7.91, "y": -1.83 }
				],
				"scale": [
					{ "x": 1.284, "curve": "stepped" },
					{ "time": 0.5, "x": 1.284 }
				]
			},
			"root": {
				"rotate": [
					{ "curve": "stepped" },
					{ "time": 0.5 }
				],
				"translate": [
					{ "curve": "stepped" },
					{ "time": 0.5 }
				]
			},
			"main": {
				"rotate": [
					{ "value": -13.87, "curve": "stepped" },
					{ "time": 0.5, "value": -13.87 }
				],
				"translate": [
					{ "x": -11.05, "y": 17.17, "curve": "stepped" },
					{ "time": 0.5, "x": -11.05, "y": 17.17 }
				]
			},
			"hip": {
				"rotate": [
					{ "curve": "stepped" },
					{ "time": 0.5 }
				],
				"translate": [
					{ "curve": "stepped" },
					{ "time": 0.5 }
				]
			},
			"body": {
				"rotate": [
					{ "value": 7, "curve": "stepped" },
					{ "time": 0.5, "value": 7 }
				],
				"translate": [
					{ "curve": "stepped" },
					{ "time": 0.5 }
				]
			},
			"body2": {
				"rotate": [
					{ "value": 0.45, "curve": "stepped" },
					{ "time": 0.5, "value": 0.45 }
				],
				"translate": [
					{ "curve": "stepped" },
					{ "time": 0.5 }
				]
			},
			"body3": {
				"rotate": [
					{ "value": 0.45, "curve": "stepped" },
					{ "time": 0.5, "value": 0.45 }
				],
				"translate": [
					{ "curve": "stepped" },
					{ "time": 0.5 }
				]
			},
			"body4": {
				"rotate": [
					{ "value": -0.46, "curve": "stepped" },
					{ "time": 0.5, "value": -0.46 }
				],
				"translate": [
					{ "curve": "stepped" },
					{ "time": 0.5 }
				]
			},
			"body5": {
				"rotate": [
					{ "value": -2.53, "curve": "stepped" },
					{ "time": 0.5, "value": -2.53 }
				],
				"translate": [
					{ "curve": "stepped" },
					{ "time": 0.5 }
				]
			},
			"body6": {
				"rotate": [
					{ "value": 1.03, "curve": "stepped" },
					{ "time": 0.5, "value": 1.03 }
				],
				"translate": [
					{ "curve": "stepped" },
					{ "time": 0.5 }
				]
			},
			"body7": {
				"rotate": [
					{ "value": 0.45, "curve": "stepped" },
					{ "time": 0.5, "value": 0.45 }
				],
				"translate": [
					{ "curve": "stepped" },
					{ "time": 0.5 }
				]
			},
			"body8": {
				"rotate": [
					{ "value": 0.45, "curve": "stepped" },
					{ "time": 0.5, "value": 0.45 }
				],
				"translate": [
					{ "curve": "stepped" },
					{ "time": 0.5 }
				]
			},
			"feeling_3": {
				"rotate": [
					{ "value": 7.79, "curve": "stepped" },
					{ "time": 0.5, "value": 7.79 }
				],
				"translate": [
					{ "x": -11.74, "y": 54.63, "curve": "stepped" },
					{ "time": 0.5, "x": -11.74, "y": 54.63 }
				],
				"scale": [
					{ "x": -1.786, "y": 1.786, "curve": "stepped" },
					{ "time": 0.5, "x": -1.786, "y": 1.786 }
				]
			},
			"emoji": {
				"rotate": [
					{ "value": 4.43, "curve": "stepped" },
					{ "time": 0.5, "value": 4.43 }
				],
				"translate": [
					{ "x": 3.28, "y": -4.87, "curve": "stepped" },
					{ "time": 0.5, "x": 3.28, "y": -4.87 }
				],
				"scale": [
					{ "x": -1.106, "y": 1.106, "curve": "stepped" },
					{ "time": 0.5, "x": -1.106, "y": 1.106 }
				]
			},
			"shouder_1": {
				"rotate": [
					{ "value": -71.71, "curve": "stepped" },
					{ "time": 0.5, "value": -71.71 }
				],
				"translate": [
					{ "x": 27.03, "y": -6.53, "curve": "stepped" },
					{ "time": 0.5, "x": 27.03, "y": -6.53 }
				],
				"scale": [
					{ "curve": "stepped" },
					{ "time": 0.5 }
				],
				"shear": [
					{ "y": 1, "curve": "stepped" },
					{ "time": 0.5, "y": 1 }
				]
			},
			"arm_1": {
				"rotate": [
					{ "value": 1.94, "curve": "stepped" },
					{ "time": 0.5, "value": 1.94 }
				],
				"translate": [
					{ "x": 2.02, "y": 0.08, "curve": "stepped" },
					{ "time": 0.5, "x": 2.02, "y": 0.08 }
				],
				"scale": [
					{ "curve": "stepped" },
					{ "time": 0.5 }
				]
			},
			"shouder_2": {
				"rotate": [
					{ "value": 74.53, "curve": "stepped" },
					{ "time": 0.5, "value": 74.53 }
				],
				"translate": [
					{ "x": 28.12, "y": 6.27, "curve": "stepped" },
					{ "time": 0.5, "x": 28.12, "y": 6.27 }
				],
				"scale": [
					{ "x": 0.965, "curve": "stepped" },
					{ "time": 0.5, "x": 0.965 }
				]
			},
			"arm_2": {
				"rotate": [
					{ "value": 5.26, "curve": "stepped" },
					{ "time": 0.5, "value": 5.26 }
				],
				"scale": [
					{ "curve": "stepped" },
					{ "time": 0.5 }
				]
			},
			"thigh_1": {
				"rotate": [
					{ "value": -6.18, "curve": "stepped" },
					{ "time": 0.5, "value": -6.18 }
				],
				"translate": [
					{ "curve": "stepped" },
					{ "time": 0.5 }
				],
				"scale": [
					{ "curve": "stepped" },
					{ "time": 0.5 }
				]
			},
			"leg_1": {
				"rotate": [
					{ "value": 5.22, "curve": "stepped" },
					{ "time": 0.5, "value": 5.22 }
				],
				"translate": [
					{ "curve": "stepped" },
					{ "time": 0.5 }
				]
			},
			"thigh_2": {
				"rotate": [
					{ "value": 2.51, "curve": "stepped" },
					{ "time": 0.5, "value": 2.51 }
				],
				"translate": [
					{ "curve": "stepped" },
					{ "time": 0.5 }
				],
				"scale": [
					{ "curve": "stepped" },
					{ "time": 0.5 }
				]
			},
			"leg_2": {
				"rotate": [
					{ "value": 3.66, "curve": "stepped" },
					{ "time": 0.5, "value": 3.66 }
				],
				"translate": [
					{ "curve": "stepped" },
					{ "time": 0.5 }
				]
			},
			"foot_2": {
				"rotate": [
					{ "curve": "stepped" },
					{ "time": 0.5 }
				],
				"translate": [
					{ "x": -73.35, "y": 17.83, "curve": "stepped" },
					{ "time": 0.5, "x": -73.35, "y": 17.83 }
				]
			},
			"foot_3": {
				"rotate": [
					{ "value": 4.17, "curve": "stepped" },
					{ "time": 0.5, "value": 4.17 }
				],
				"translate": [
					{ "x": 47.33, "y": 16.76, "curve": "stepped" },
					{ "time": 0.5, "x": 47.33, "y": 16.76 }
				]
			},
			"feeling_5": {
				"rotate": [
					{ "value": -36.67, "curve": "stepped" },
					{ "time": 0.5, "value": -36.67 }
				],
				"translate": [
					{ "x": 80.34, "y": 36.64, "curve": "stepped" },
					{ "time": 0.5, "x": 80.34, "y": 36.64 }
				],
				"scale": [
					{ "x": 0.558, "y": 0.558, "curve": "stepped" },
					{ "time": 0.5, "x": 0.558, "y": 0.558 }
				]
			},
			"feeling_1": {
				"rotate": [
					{ "value": -27.54, "curve": "stepped" },
					{ "time": 0.5, "value": -27.54 }
				],
				"translate": [
					{ "x": 31.71, "y": 11.74, "curve": "stepped" },
					{ "time": 0.5, "x": 31.71, "y": 11.74 }
				],
				"scale": [
					{
						"x": -1.324,
						"y": 1.324,
						"curve": [ 0.028, -1.324, 0.063, -1.585, 0.028, 1.324, 0.063, 1.585 ]
					},
					{
						"time": 0.1,
						"x": -2.004,
						"y": 2.004,
						"curve": [ 0.132, -1.81, 0.176, -1.324, 0.132, 1.81, 0.176, 1.324 ]
					},
					{ "time": 0.2, "x": -1.324, "y": 1.324, "curve": "stepped" },
					{
						"time": 0.3,
						"x": -1.324,
						"y": 1.324,
						"curve": [ 0.328, -1.324, 0.363, -1.585, 0.328, 1.324, 0.363, 1.585 ]
					},
					{
						"time": 0.4,
						"x": -2.004,
						"y": 2.004,
						"curve": [ 0.432, -1.81, 0.476, -1.324, 0.432, 1.81, 0.476, 1.324 ]
					},
					{ "time": 0.5, "x": -1.324, "y": 1.324 }
				]
			},
			"feeling_2": {
				"rotate": [
					{ "value": 11.98, "curve": "stepped" },
					{ "time": 0.5, "value": 11.98 }
				],
				"translate": [
					{ "x": 16.77, "y": 60.62, "curve": "stepped" },
					{ "time": 0.5, "x": 16.77, "y": 60.62 }
				],
				"scale": [
					{ "x": 1.895, "y": 1.895, "curve": "stepped" },
					{ "time": 0.5, "x": 1.895, "y": 1.895 }
				]
			},
			"item_1": {
				"translate": [
					{ "x": -23.15, "y": -318.71, "curve": "stepped" },
					{ "time": 0.5, "x": -23.15, "y": -318.71 }
				],
				"scale": [
					{ "x": -0.88, "y": 0.88, "curve": "stepped" },
					{ "time": 0.5, "x": -0.88, "y": 0.88 }
				]
			},
			"move": {
				"translate": [
					{ "x": 119.99, "y": -0.41, "curve": "stepped" },
					{ "time": 0.5, "x": 119.99, "y": -0.41 }
				]
			},
			"feeling_4": {
				"rotate": [
					{ "value": -42.26, "curve": "stepped" },
					{ "time": 0.5, "value": -42.26 }
				],
				"translate": [
					{ "x": -22.71, "y": -32.44, "curve": "stepped" },
					{ "time": 0.5, "x": -22.71, "y": -32.44 }
				],
				"scale": [
					{ "x": 0.479, "y": 0.479, "curve": "stepped" },
					{ "time": 0.5, "x": 0.479, "y": 0.479 }
				]
			}
		},
		"ik": {
			"foot_1": [
				{
					"stretch": true,
					"curve": [ 0.125, 1, 0.375, 1, 0.125, 0, 0.375, 0 ]
				},
				{ "time": 0.5, "stretch": true }
			],
			"foot_2": [
				{
					"bendPositive": false,
					"stretch": true,
					"curve": [ 0.125, 1, 0.375, 1, 0.125, 0, 0.375, 0 ]
				},
				{ "time": 0.5, "bendPositive": false, "stretch": true }
			]
		},
		"drawOrder": [
			{
				"offsets": [
					{ "slot": "item", "offset": 6 },
					{ "slot": "shoulder4", "offset": 12 },
					{ "slot": "thigh4", "offset": -4 }
				]
			},
			{
				"time": 0.5,
				"offsets": [
					{ "slot": "item", "offset": 6 },
					{ "slot": "shoulder4", "offset": 12 },
					{ "slot": "thigh4", "offset": -4 }
				]
			}
		]
	},
	"t_313_1_win": {
		"slots": {
			"body": {
				"rgba": [
					{ "color": "000000ff" }
				]
			},
			"Emoji": {
				"attachment": [
					{ "name": "Emoji/emo_17" }
				]
			},
			"feeling_3": {
				"rgba": [
					{ "color": "ffffffff" }
				],
				"attachment": [
					{}
				]
			},
			"feeling_4": {
				"attachment": [
					{}
				]
			},
			"feeling_5": {
				"rgba": [
					{ "color": "ffffffff" }
				],
				"attachment": [
					{}
				]
			},
			"head": {
				"rgba": [
					{ "color": "ffffffff" }
				],
				"attachment": [
					{ "name": "head" }
				]
			},
			"item": {
				"attachment": [
					{}
				]
			},
			"shoulder1": {
				"rgba": [
					{ "color": "000000ff" }
				],
				"attachment": [
					{ "name": "shoulder" }
				]
			},
			"shoulder2": {
				"rgba": [
					{ "color": "000000ff" }
				],
				"attachment": [
					{ "name": "shoulder" }
				]
			},
			"shoulder3": {
				"rgba": [
					{ "color": "000000ff" }
				],
				"attachment": [
					{ "name": "shoulder" }
				]
			},
			"shoulder4": {
				"rgba": [
					{ "color": "000000ff" }
				],
				"attachment": [
					{ "name": "shoulder" }
				]
			},
			"thigh": {
				"rgba": [
					{ "color": "000000ff" }
				]
			},
			"thigh2": {
				"rgba": [
					{ "color": "000000ff" }
				]
			},
			"thigh3": {
				"rgba": [
					{ "color": "000000ff" }
				]
			},
			"thigh4": {
				"rgba": [
					{ "color": "000000ff" }
				]
			}
		},
		"bones": {
			"head": {
				"rotate": [
					{ "value": 15.25 }
				],
				"translate": [
					{ "x": -12.36, "y": -25.71 }
				],
				"scale": [
					{}
				]
			},
			"root": {
				"rotate": [
					{}
				],
				"translate": [
					{}
				]
			},
			"main": {
				"rotate": [
					{ "value": -3.66 }
				],
				"translate": [
					{ "x": -6.25, "y": 1.29 }
				]
			},
			"hip": {
				"rotate": [
					{}
				],
				"translate": [
					{}
				]
			},
			"body": {
				"rotate": [
					{ "value": 0.86 }
				],
				"translate": [
					{}
				],
				"scale": [
					{}
				]
			},
			"body2": {
				"rotate": [
					{ "value": 0.86 }
				],
				"translate": [
					{}
				],
				"scale": [
					{}
				]
			},
			"body3": {
				"rotate": [
					{ "value": 0.86 }
				],
				"translate": [
					{}
				],
				"scale": [
					{}
				]
			},
			"body4": {
				"rotate": [
					{ "value": 0.86 }
				],
				"translate": [
					{}
				],
				"scale": [
					{}
				]
			},
			"body5": {
				"rotate": [
					{ "value": 0.86 }
				],
				"translate": [
					{}
				],
				"scale": [
					{}
				]
			},
			"body6": {
				"rotate": [
					{ "value": 0.86 }
				],
				"translate": [
					{}
				],
				"scale": [
					{}
				]
			},
			"body7": {
				"rotate": [
					{ "value": 0.86 }
				],
				"translate": [
					{}
				],
				"scale": [
					{}
				]
			},
			"body8": {
				"rotate": [
					{ "value": 0.86 }
				],
				"translate": [
					{}
				],
				"scale": [
					{}
				]
			},
			"feeling_3": {
				"rotate": [
					{ "value": 159.17 }
				],
				"translate": [
					{ "x": 80.89, "y": 61.39 }
				],
				"scale": [
					{ "x": -1.657, "y": -1.657 }
				]
			},
			"emoji": {
				"rotate": [
					{ "value": -4.37 }
				],
				"translate": [
					{ "x": 5.55, "y": -13.34 }
				],
				"scale": [
					{ "x": -1.119, "y": 1.119 }
				]
			},
			"shouder_1": {
				"rotate": [
					{ "value": -29.14 }
				],
				"translate": [
					{ "x": 19.02, "y": -2.15 }
				],
				"scale": [
					{}
				]
			},
			"arm_1": {
				"rotate": [
					{ "value": 49.63 }
				],
				"translate": [
					{ "x": 2.02, "y": 0.08 }
				],
				"scale": [
					{ "x": 0.84 }
				]
			},
			"shouder_2": {
				"rotate": [
					{ "value": 52.28 }
				],
				"translate": [
					{ "x": 15.95, "y": -0.85 }
				],
				"scale": [
					{}
				]
			},
			"arm_2": {
				"rotate": [
					{ "value": 69.15 }
				],
				"scale": [
					{}
				]
			},
			"thigh_1": {
				"rotate": [
					{ "value": 24.72 }
				],
				"translate": [
					{}
				],
				"scale": [
					{}
				]
			},
			"leg_1": {
				"rotate": [
					{}
				],
				"translate": [
					{}
				]
			},
			"thigh_2": {
				"rotate": [
					{ "value": 39.21 }
				],
				"translate": [
					{}
				],
				"scale": [
					{}
				]
			},
			"leg_2": {
				"rotate": [
					{ "value": 18.14 }
				],
				"translate": [
					{}
				]
			},
			"foot_2": {
				"rotate": [
					{}
				],
				"translate": [
					{ "x": 35.45, "y": 2.92 }
				]
			},
			"foot_3": {
				"rotate": [
					{ "value": 12.32 }
				],
				"translate": [
					{ "x": -44.7, "y": -1.55 }
				]
			},
			"feeling_5": {
				"rotate": [
					{ "value": 0.63 }
				],
				"translate": [
					{ "x": -20.56, "y": 23.39 }
				],
				"scale": [
					{ "x": 0.971, "y": 0.971 }
				],
				"shear": [
					{}
				]
			},
			"feeling_1": {
				"rotate": [
					{ "value": 23.53 }
				],
				"translate": [
					{ "x": -4.37, "y": -22.06 }
				],
				"scale": [
					{ "x": 1.617, "y": 1.617 }
				]
			},
			"move": {
				"rotate": [
					{ "value": 0.12 }
				],
				"translate": [
					{ "x": 119.99 }
				],
				"scale": [
					{ "x": -1 }
				]
			},
			"feeling_2": {
				"rotate": [
					{ "value": 124.72 }
				],
				"translate": [
					{ "x": -170.03, "y": -52.66 }
				],
				"scale": [
					{ "x": 0.805, "y": 0.805 }
				]
			},
			"item_1": {
				"rotate": [
					{ "value": 2.74 }
				],
				"translate": [
					{ "x": -100.66, "y": -82.5 }
				],
				"scale": [
					{ "x": -1 }
				]
			},
			"feeling_4": {
				"rotate": [
					{ "value": -100.07 }
				],
				"translate": [
					{ "x": -78.8, "y": 0.44 }
				],
				"scale": [
					{ "x": 0.499, "y": 0.499 }
				]
			}
		},
		"ik": {
			"foot_1": [
				{ "bendPositive": false, "stretch": true }
			],
			"foot_2": [
				{ "bendPositive": false, "stretch": true }
			]
		},
		"drawOrder": [
			{
				"offsets": [
					{ "slot": "item", "offset": 6 },
					{ "slot": "shoulder2", "offset": 3 },
					{ "slot": "shoulder4", "offset": -1 },
					{ "slot": "thigh", "offset": 2 },
					{ "slot": "feeling_3", "offset": 2 }
				]
			}
		]
	},
	"t_313_2_be": {
		"slots": {
			"body": {
				"rgba": [
					{ "color": "000000ff" }
				]
			},
			"Emoji": {
				"attachment": [
					{ "name": "Emoji/emo_27" }
				]
			},
			"feeling_1": {
				"attachment": [
					{}
				]
			},
			"feeling_2": {
				"attachment": [
					{ "name": "rung" }
				]
			},
			"feeling_3": {
				"rgba": [
					{ "color": "ffffffff" }
				],
				"attachment": [
					{}
				]
			},
			"feeling_5": {
				"attachment": [
					{}
				]
			},
			"hair": {
				"attachment": [
					{ "name": "hair/man/toc_8" }
				]
			},
			"head": {
				"rgba": [
					{ "color": "ffffffff" }
				]
			},
			"shoulder1": {
				"rgba": [
					{ "color": "000000ff" }
				],
				"attachment": [
					{ "name": "shoulder" }
				]
			},
			"shoulder2": {
				"rgba": [
					{ "color": "000000ff" }
				],
				"attachment": [
					{ "name": "shoulder" }
				]
			},
			"shoulder3": {
				"rgba": [
					{ "color": "000000ff" }
				],
				"attachment": [
					{ "name": "shoulder" }
				]
			},
			"shoulder4": {
				"rgba": [
					{ "color": "000000ff" }
				],
				"attachment": [
					{ "name": "shoulder" }
				]
			},
			"thigh": {
				"rgba": [
					{ "color": "000000ff" }
				]
			},
			"thigh2": {
				"rgba": [
					{ "color": "000000ff" }
				]
			},
			"thigh3": {
				"rgba": [
					{ "color": "000000ff" }
				]
			},
			"thigh4": {
				"rgba": [
					{ "color": "000000ff" }
				]
			}
		},
		"bones": {
			"head": {
				"rotate": [
					{ "value": 5.04 }
				],
				"translate": [
					{ "x": -15.62, "y": -5.24 }
				],
				"scale": [
					{ "y": -1 }
				]
			},
			"root": {
				"rotate": [
					{}
				],
				"translate": [
					{}
				]
			},
			"main": {
				"rotate": [
					{ "value": -26.28 }
				],
				"translate": [
					{ "x": 2.97, "y": -24.19 }
				]
			},
			"hip": {
				"rotate": [
					{}
				],
				"translate": [
					{}
				]
			},
			"body": {
				"rotate": [
					{ "value": 2.79 }
				],
				"translate": [
					{}
				]
			},
			"body2": {
				"rotate": [
					{ "value": 2.79 }
				],
				"translate": [
					{}
				]
			},
			"body3": {
				"rotate": [
					{ "value": 2.79 }
				],
				"translate": [
					{}
				]
			},
			"body4": {
				"rotate": [
					{ "value": 2.79 }
				],
				"translate": [
					{}
				]
			},
			"body5": {
				"rotate": [
					{ "value": 2.79 }
				],
				"translate": [
					{}
				]
			},
			"body6": {
				"rotate": [
					{ "value": 2.79 }
				],
				"translate": [
					{}
				]
			},
			"body7": {
				"rotate": [
					{ "value": 2.79 }
				],
				"translate": [
					{}
				]
			},
			"body8": {
				"rotate": [
					{ "value": 2.79 }
				],
				"translate": [
					{}
				]
			},
			"feeling_3": {
				"rotate": [
					{ "value": -0.47 }
				],
				"translate": [
					{ "x": -19.61, "y": -86.45 }
				],
				"scale": [
					{ "x": 0.921, "y": 0.921 }
				]
			},
			"emoji": {
				"rotate": [
					{ "value": 8.52 }
				],
				"translate": [
					{ "x": 7.61, "y": -1.72 }
				],
				"scale": [
					{ "x": -0.958, "y": 0.958 }
				]
			},
			"shouder_1": {
				"rotate": [
					{ "value": -150.62 }
				],
				"translate": [
					{ "x": 21.31, "y": -1.14 }
				],
				"scale": [
					{}
				],
				"shear": [
					{}
				]
			},
			"arm_1": {
				"rotate": [
					{ "value": 29.18 }
				],
				"translate": [
					{ "x": 2.02, "y": 0.08 }
				],
				"scale": [
					{}
				]
			},
			"shouder_2": {
				"rotate": [
					{ "value": 145.06 }
				],
				"translate": [
					{ "x": 23.94, "y": -1.65 }
				],
				"scale": [
					{}
				]
			},
			"arm_2": {
				"rotate": [
					{ "value": 31.61 }
				],
				"translate": [
					{}
				],
				"scale": [
					{}
				]
			},
			"thigh_1": {
				"rotate": [
					{}
				],
				"translate": [
					{}
				],
				"scale": [
					{ "x": 1.103 }
				]
			},
			"leg_1": {
				"rotate": [
					{}
				],
				"translate": [
					{}
				]
			},
			"thigh_2": {
				"rotate": [
					{}
				],
				"translate": [
					{}
				]
			},
			"leg_2": {
				"rotate": [
					{}
				],
				"translate": [
					{}
				]
			},
			"foot_2": {
				"rotate": [
					{}
				],
				"translate": [
					{ "x": -204.01, "y": 123.5 }
				]
			},
			"foot_3": {
				"rotate": [
					{}
				],
				"translate": [
					{ "x": 163.26, "y": 43.45 }
				]
			},
			"feeling_5": {
				"rotate": [
					{ "value": -87.52 }
				],
				"translate": [
					{ "x": 120.13, "y": 153.88 }
				],
				"scale": [
					{ "x": 1.017, "y": 1.017 }
				]
			},
			"feeling_1": {
				"rotate": [
					{ "value": -20.1 }
				],
				"translate": [
					{ "x": -80.21, "y": -96.69 }
				],
				"scale": [
					{ "x": 0.888, "y": 0.888 }
				]
			},
			"feeling_2": {
				"rotate": [
					{ "value": 153.62 }
				],
				"translate": [
					{ "x": -200.29, "y": -247.66 }
				],
				"scale": [
					{ "x": 1.05, "y": 1.05 }
				]
			},
			"move": {
				"translate": [
					{ "x": 119.99 }
				],
				"scale": [
					{}
				]
			},
			"hair_1": {
				"rotate": [
					{ "value": 22.81 }
				],
				"translate": [
					{ "x": 36.25, "y": 573.45 }
				],
				"scale": [
					{ "x": -1.146, "y": 1.146 }
				]
			}
		},
		"ik": {
			"foot_1": [
				{ "bendPositive": false, "stretch": true }
			],
			"foot_2": [
				{ "bendPositive": false, "stretch": true }
			]
		},
		"drawOrder": [
			{
				"offsets": [
					{ "slot": "shoulder4", "offset": -3 }
				]
			}
		]
	},
	"t_313_2_lose": {
		"slots": {
			"body": {
				"rgba": [
					{ "color": "000000ff" }
				]
			},
			"Emoji": {
				"attachment": [
					{ "name": "Emoji/emo_100" }
				]
			},
			"feeling_1": {
				"attachment": [
					{ "name": "scare" }
				]
			},
			"feeling_2": {
				"rgba": [
					{ "color": "ffffffff" }
				],
				"attachment": [
					{ "name": "cauco" }
				]
			},
			"feeling_3": {
				"rgba": [
					{ "color": "ffffffff" }
				],
				"attachment": [
					{}
				]
			},
			"feeling_5": {
				"rgba": [
					{ "color": "ffffffff" }
				],
				"attachment": [
					{}
				]
			},
			"hair": {
				"attachment": [
					{ "name": "hair/man/toc_8_sau" }
				]
			},
			"head": {
				"rgba": [
					{ "color": "ffacacff" }
				],
				"attachment": [
					{ "name": "head" }
				]
			},
			"shoulder1": {
				"rgba": [
					{ "color": "000000ff" }
				],
				"attachment": [
					{ "name": "shoulder" }
				]
			},
			"shoulder2": {
				"rgba": [
					{ "color": "000000ff" }
				],
				"attachment": [
					{ "name": "shoulder" }
				]
			},
			"shoulder3": {
				"rgba": [
					{ "color": "000000ff" }
				],
				"attachment": [
					{ "name": "shoulder" }
				]
			},
			"shoulder4": {
				"rgba": [
					{ "color": "000000ff" }
				],
				"attachment": [
					{ "name": "shoulder" }
				]
			},
			"thigh": {
				"rgba": [
					{ "color": "000000ff" }
				]
			},
			"thigh2": {
				"rgba": [
					{ "color": "000000ff" }
				]
			},
			"thigh3": {
				"rgba": [
					{ "color": "000000ff" }
				]
			},
			"thigh4": {
				"rgba": [
					{ "color": "000000ff" }
				]
			}
		},
		"bones": {
			"head": {
				"rotate": [
					{ "value": 22.9 }
				],
				"translate": [
					{ "x": -21.12, "y": -10.58 }
				],
				"scale": [
					{}
				]
			},
			"root": {
				"rotate": [
					{}
				],
				"translate": [
					{}
				]
			},
			"main": {
				"rotate": [
					{ "value": 0.77 }
				],
				"translate": [
					{ "x": -1.34, "y": -14.75 }
				]
			},
			"hip": {
				"rotate": [
					{}
				],
				"translate": [
					{}
				]
			},
			"body": {
				"rotate": [
					{ "value": 0.34 }
				],
				"translate": [
					{}
				],
				"scale": [
					{}
				]
			},
			"body2": {
				"rotate": [
					{ "value": 0.34 }
				],
				"translate": [
					{}
				],
				"scale": [
					{}
				]
			},
			"body3": {
				"rotate": [
					{ "value": 0.34 }
				],
				"translate": [
					{}
				],
				"scale": [
					{}
				]
			},
			"body4": {
				"rotate": [
					{ "value": 0.34 }
				],
				"translate": [
					{}
				],
				"scale": [
					{}
				]
			},
			"body5": {
				"rotate": [
					{ "value": 0.34 }
				],
				"translate": [
					{}
				],
				"scale": [
					{}
				]
			},
			"body6": {
				"rotate": [
					{ "value": 0.34 }
				],
				"translate": [
					{}
				],
				"scale": [
					{}
				]
			},
			"body7": {
				"rotate": [
					{ "value": 0.34 }
				],
				"translate": [
					{}
				],
				"scale": [
					{}
				]
			},
			"body8": {
				"rotate": [
					{ "value": 0.34 }
				],
				"translate": [
					{}
				],
				"scale": [
					{}
				]
			},
			"feeling_3": {
				"rotate": [
					{ "value": 3.08 }
				],
				"translate": [
					{ "x": 37.87, "y": -9.6 }
				]
			},
			"emoji": {
				"rotate": [
					{ "value": -4.63 }
				],
				"translate": [
					{ "x": 50.31, "y": -11.03 }
				],
				"scale": [
					{ "x": -1.096, "y": 1.164 }
				]
			},
			"shouder_1": {
				"rotate": [
					{ "value": 44.22 }
				],
				"translate": [
					{ "x": 11.06, "y": 1.17 }
				],
				"scale": [
					{}
				]
			},
			"arm_1": {
				"rotate": [
					{ "value": 22.71 }
				],
				"translate": [
					{ "x": 2.02, "y": 0.08 }
				],
				"scale": [
					{}
				]
			},
			"shouder_2": {
				"rotate": [
					{ "value": 49.93 }
				],
				"translate": [
					{ "x": 16.44, "y": -4.3 }
				],
				"scale": [
					{}
				]
			},
			"arm_2": {
				"rotate": [
					{ "value": 31.57 }
				]
			},
			"thigh_1": {
				"rotate": [
					{ "value": 24.72 }
				],
				"translate": [
					{}
				],
				"scale": [
					{}
				]
			},
			"leg_1": {
				"rotate": [
					{}
				],
				"translate": [
					{}
				]
			},
			"thigh_2": {
				"rotate": [
					{ "value": 39.21 }
				],
				"translate": [
					{}
				],
				"scale": [
					{}
				]
			},
			"leg_2": {
				"rotate": [
					{ "value": 18.14 }
				],
				"translate": [
					{}
				]
			},
			"foot_2": {
				"rotate": [
					{}
				],
				"translate": [
					{ "x": 80.21, "y": 110.03 }
				]
			},
			"foot_3": {
				"rotate": [
					{ "value": 2.33 }
				],
				"translate": [
					{ "x": -65.87, "y": 1.36 }
				]
			},
			"feeling_5": {
				"rotate": [
					{ "value": 5.22 }
				],
				"translate": [
					{ "x": -2.3, "y": 63.43 }
				],
				"scale": [
					{ "x": 0.516, "y": 0.516 }
				],
				"shear": [
					{}
				]
			},
			"feeling_1": {
				"rotate": [
					{ "value": 15.48 }
				],
				"translate": [
					{ "x": -216.73, "y": -125.2 }
				],
				"scale": [
					{ "x": 1.025, "y": 1.025 }
				]
			},
			"feeling_2": {
				"rotate": [
					{ "value": 86.19 }
				],
				"translate": [
					{ "x": -78.5, "y": -93.24 }
				],
				"scale": [
					{ "x": 0.947, "y": 0.947 }
				]
			},
			"move": {
				"translate": [
					{ "x": 119.99, "y": 0.3 }
				],
				"scale": [
					{ "x": -1 }
				]
			},
			"hair_1": {
				"rotate": [
					{ "value": 15.95 }
				],
				"translate": [
					{ "x": 87.66, "y": 531.13 }
				],
				"scale": [
					{ "x": 1.094, "y": 1.094 }
				]
			}
		},
		"ik": {
			"foot_1": [
				{ "bendPositive": false, "stretch": true }
			],
			"foot_2": [
				{ "stretch": true }
			]
		},
		"drawOrder": [
			{
				"offsets": [
					{ "slot": "shoulder4", "offset": -3 },
					{ "slot": "Emoji", "offset": -2 },
					{ "slot": "feeling_3", "offset": 2 }
				]
			}
		]
	},
	"t_313_2_win": {
		"slots": {
			"body": {
				"rgba": [
					{ "color": "000000ff" }
				]
			},
			"Emoji": {
				"attachment": [
					{ "name": "Emoji/new/emo_62c" }
				]
			},
			"feeling_1": {
				"attachment": [
					{ "name": "Emoji/hoi_cham" }
				]
			},
			"feeling_2": {
				"attachment": [
					{}
				]
			},
			"feeling_3": {
				"attachment": [
					{ "name": "Emoji/hoi_cham" }
				]
			},
			"feeling_4": {
				"attachment": [
					{ "name": "giat_minh" }
				]
			},
			"feeling_5": {
				"attachment": [
					{ "name": "mo_hoi" }
				]
			},
			"hair": {
				"attachment": [
					{ "name": "hair/man/toc_8" }
				]
			},
			"head": {
				"rgba": [
					{ "color": "ffffffff" }
				],
				"attachment": [
					{ "name": "head" }
				]
			},
			"shoulder1": {
				"rgba": [
					{ "color": "000000ff" }
				],
				"attachment": [
					{ "name": "shoulder" }
				]
			},
			"shoulder2": {
				"rgba": [
					{ "color": "000000ff" }
				],
				"attachment": [
					{ "name": "shoulder" }
				]
			},
			"shoulder3": {
				"rgba": [
					{ "color": "000000ff" }
				],
				"attachment": [
					{ "name": "shoulder" }
				]
			},
			"shoulder4": {
				"rgba": [
					{ "color": "000000ff" }
				],
				"attachment": [
					{ "name": "shoulder" }
				]
			},
			"thigh": {
				"rgba": [
					{ "color": "000000ff" }
				]
			},
			"thigh2": {
				"rgba": [
					{ "color": "000000ff" }
				]
			},
			"thigh3": {
				"rgba": [
					{ "color": "000000ff" }
				]
			},
			"thigh4": {
				"rgba": [
					{ "color": "000000ff" }
				]
			}
		},
		"bones": {
			"head": {
				"rotate": [
					{ "value": 2.07 }
				],
				"translate": [
					{ "x": -27.53, "y": 10 }
				],
				"scale": [
					{}
				]
			},
			"root": {
				"rotate": [
					{}
				],
				"translate": [
					{}
				]
			},
			"main": {
				"rotate": [
					{ "value": -7.72 }
				],
				"translate": [
					{ "x": 21.52, "y": -53.04 }
				]
			},
			"hip": {
				"rotate": [
					{}
				],
				"translate": [
					{}
				]
			},
			"body": {
				"rotate": [
					{ "value": 9.11 }
				],
				"translate": [
					{}
				]
			},
			"body2": {
				"rotate": [
					{ "value": 2.56 }
				],
				"translate": [
					{}
				]
			},
			"body3": {
				"rotate": [
					{ "value": 2.56 }
				],
				"translate": [
					{}
				]
			},
			"body4": {
				"rotate": [
					{ "value": 1.65 }
				],
				"translate": [
					{}
				]
			},
			"body5": {
				"rotate": [
					{ "value": 1.11 }
				],
				"translate": [
					{}
				]
			},
			"body6": {
				"rotate": [
					{ "value": 3.14 }
				],
				"translate": [
					{}
				]
			},
			"body7": {
				"rotate": [
					{ "value": 2.56 }
				],
				"translate": [
					{}
				]
			},
			"body8": {
				"rotate": [
					{ "value": 2.56 }
				],
				"translate": [
					{}
				]
			},
			"feeling_3": {
				"rotate": [
					{ "value": -108.29 }
				],
				"translate": [
					{ "x": -10.66, "y": -135.53 }
				],
				"scale": [
					{ "x": 0.849, "y": 0.849 }
				]
			},
			"emoji": {
				"rotate": [
					{ "value": 2.33 }
				],
				"translate": [
					{ "x": -0.06, "y": 10.29 }
				],
				"scale": [
					{ "x": -1 }
				]
			},
			"shouder_1": {
				"rotate": [
					{ "value": -129.45 }
				],
				"translate": [
					{ "x": 11.2, "y": -0.28 }
				],
				"scale": [
					{}
				],
				"shear": [
					{ "y": 1 }
				]
			},
			"arm_1": {
				"rotate": [
					{ "value": -60.31 }
				],
				"translate": [
					{ "x": 2.6, "y": 0.99 }
				],
				"scale": [
					{ "x": 0.963 }
				]
			},
			"shouder_2": {
				"rotate": [
					{ "value": 125.67 }
				],
				"translate": [
					{ "x": 9.15, "y": 2.08 }
				],
				"scale": [
					{ "y": 0.924 }
				]
			},
			"arm_2": {
				"rotate": [
					{ "value": -27.57 }
				],
				"translate": [
					{ "x": 0.99, "y": 1.82 }
				],
				"scale": [
					{ "x": 1.029 }
				]
			},
			"thigh_1": {
				"rotate": [
					{ "value": -6.18 }
				],
				"translate": [
					{}
				],
				"scale": [
					{}
				]
			},
			"leg_1": {
				"rotate": [
					{ "value": 5.22 }
				],
				"translate": [
					{}
				],
				"scale": [
					{}
				]
			},
			"thigh_2": {
				"rotate": [
					{ "value": 2.51 }
				],
				"translate": [
					{}
				],
				"scale": [
					{}
				]
			},
			"leg_2": {
				"rotate": [
					{ "value": 3.66 }
				],
				"translate": [
					{}
				],
				"scale": [
					{}
				]
			},
			"foot_2": {
				"rotate": [
					{}
				],
				"translate": [
					{ "x": 101.28, "y": -1.81 }
				]
			},
			"foot_3": {
				"rotate": [
					{ "value": -4.37 }
				],
				"translate": [
					{ "x": -113.48, "y": 1.34 }
				]
			},
			"feeling_5": {
				"rotate": [
					{ "value": -92.97 }
				],
				"translate": [
					{ "x": -21.34, "y": -31.47 }
				],
				"scale": [
					{ "x": 0.405, "y": 0.405 }
				]
			},
			"feeling_1": {
				"rotate": [
					{ "value": 32.64 }
				],
				"translate": [
					{ "x": -300.09, "y": -173.9 }
				],
				"scale": [
					{ "x": 0.633, "y": 0.633 }
				]
			},
			"feeling_2": {
				"rotate": [
					{ "value": -134.92 }
				],
				"translate": [
					{ "x": 22.2, "y": -18.76 }
				],
				"scale": [
					{}
				]
			},
			"move": {
				"translate": [
					{ "x": 119.99 }
				],
				"scale": [
					{ "x": -1 }
				]
			},
			"hair_1": {
				"rotate": [
					{ "value": 29.34 }
				],
				"translate": [
					{ "x": -10.61, "y": 540.66 }
				],
				"scale": [
					{ "x": 1.222, "y": 1.222 }
				]
			},
			"feeling_4": {
				"rotate": [
					{ "value": -41.75 }
				],
				"translate": [
					{ "x": -85.57, "y": 165.27 }
				],
				"scale": [
					{ "x": 0.438, "y": 0.438 }
				]
			},
			"item_tay": {
				"rotate": [
					{ "value": 9.5 }
				]
			}
		},
		"ik": {
			"foot_1": [
				{ "stretch": true }
			],
			"foot_2": [
				{ "stretch": true }
			]
		},
		"drawOrder": [
			{
				"offsets": [
					{ "slot": "shoulder4", "offset": 6 }
				]
			}
		]
	},
	"t_314_1_be": {
		"slots": {
			"body": {
				"rgba": [
					{ "color": "000000ff" }
				]
			},
			"Emoji": {
				"rgba": [
					{ "color": "ffffffff" }
				],
				"attachment": [
					{ "name": "Emoji/emo_97" }
				]
			},
			"feeling_1": {
				"attachment": [
					{ "name": "mo_hoi" }
				]
			},
			"feeling_2": {
				"attachment": [
					{}
				]
			},
			"feeling_3": {
				"attachment": [
					{ "name": "run" }
				]
			},
			"feeling_5": {
				"attachment": [
					{ "name": "run" }
				]
			},
			"hair": {
				"attachment": [
					{}
				]
			},
			"head": {
				"rgba": [
					{ "color": "ffffffff" }
				],
				"attachment": [
					{ "name": "head" }
				]
			},
			"shoulder1": {
				"rgba": [
					{ "color": "000000ff" }
				],
				"attachment": [
					{ "name": "shoulder" }
				]
			},
			"shoulder2": {
				"rgba": [
					{ "color": "000000ff" }
				],
				"attachment": [
					{ "name": "shoulder" }
				]
			},
			"shoulder3": {
				"rgba": [
					{ "color": "000000ff" }
				],
				"attachment": [
					{}
				]
			},
			"shoulder4": {
				"rgba": [
					{ "color": "000000ff" }
				],
				"attachment": [
					{}
				]
			},
			"thigh": {
				"rgba": [
					{ "color": "000000ff" }
				]
			},
			"thigh2": {
				"rgba": [
					{ "color": "000000ff" }
				]
			},
			"thigh3": {
				"rgba": [
					{ "color": "000000ff" }
				]
			},
			"thigh4": {
				"rgba": [
					{ "color": "000000ff" }
				]
			}
		},
		"bones": {
			"head": {
				"rotate": [
					{ "value": -43.27 }
				],
				"translate": [
					{ "x": -13.88, "y": 42.18 }
				],
				"scale": [
					{}
				]
			},
			"root": {
				"rotate": [
					{}
				],
				"translate": [
					{}
				]
			},
			"main": {
				"rotate": [
					{ "value": -28.82 }
				],
				"translate": [
					{ "x": 0.78, "y": -38.84 }
				]
			},
			"hip": {
				"rotate": [
					{}
				],
				"translate": [
					{}
				]
			},
			"body": {
				"rotate": [
					{ "value": 24.27 }
				],
				"translate": [
					{}
				]
			},
			"body2": {
				"rotate": [
					{ "value": 5.18 }
				],
				"translate": [
					{}
				]
			},
			"body3": {
				"rotate": [
					{ "value": 5.18 }
				],
				"translate": [
					{}
				]
			},
			"body4": {
				"rotate": [
					{ "value": 4.27 }
				],
				"translate": [
					{}
				]
			},
			"body5": {
				"rotate": [
					{ "value": 2.21 }
				],
				"translate": [
					{}
				]
			},
			"body6": {
				"rotate": [
					{ "value": 5.76 }
				],
				"translate": [
					{}
				]
			},
			"body7": {
				"rotate": [
					{ "value": 5.18 }
				],
				"translate": [
					{}
				]
			},
			"body8": {
				"rotate": [
					{ "value": 5.18 }
				],
				"translate": [
					{}
				]
			},
			"feeling_3": {
				"rotate": [
					{}
				],
				"translate": [
					{ "x": -355.1, "y": -68.55 }
				],
				"scale": [
					{ "x": 1.685, "y": 1.685 }
				]
			},
			"emoji": {
				"rotate": [
					{ "value": -2.18 }
				],
				"translate": [
					{ "x": 5.36, "y": 13.88 }
				],
				"scale": [
					{ "x": -1.12, "y": 1.12 }
				]
			},
			"shouder_1": {
				"rotate": [
					{ "value": -75.47 }
				],
				"translate": [
					{ "x": 4.1, "y": -4.33 }
				],
				"scale": [
					{}
				],
				"shear": [
					{}
				]
			},
			"arm_1": {
				"rotate": [
					{ "value": -28.22 }
				],
				"translate": [
					{ "x": 2.02, "y": 0.08 }
				],
				"scale": [
					{}
				]
			},
			"shouder_2": {
				"rotate": [
					{ "value": 22.09 }
				],
				"translate": [
					{ "x": 8.6, "y": 1.43 }
				],
				"scale": [
					{}
				]
			},
			"arm_2": {
				"rotate": [
					{ "value": -18.28 }
				],
				"scale": [
					{}
				]
			},
			"thigh_1": {
				"rotate": [
					{ "value": -44.84 }
				],
				"translate": [
					{}
				],
				"scale": [
					{}
				]
			},
			"leg_1": {
				"rotate": [
					{ "value": 45.63 }
				],
				"translate": [
					{}
				]
			},
			"thigh_2": {
				"rotate": [
					{ "value": -37.54 }
				],
				"translate": [
					{}
				],
				"scale": [
					{}
				]
			},
			"leg_2": {
				"rotate": [
					{ "value": 38.6 }
				],
				"translate": [
					{}
				]
			},
			"foot_2": {
				"rotate": [
					{}
				],
				"translate": [
					{ "x": -50.49, "y": -0.91 }
				]
			},
			"foot_3": {
				"rotate": [
					{}
				],
				"translate": [
					{ "x": 101.18, "y": -1.78 }
				]
			},
			"feeling_5": {
				"rotate": [
					{ "value": 177.18 }
				],
				"translate": [
					{ "x": -11.44, "y": -47.25 }
				],
				"scale": [
					{ "x": 0.871, "y": 0.871 }
				]
			},
			"move": {
				"translate": [
					{ "x": 119.99 }
				],
				"scale": [
					{}
				]
			},
			"feeling_1": {
				"rotate": [
					{ "value": 51.7 }
				],
				"translate": [
					{ "x": -188.3, "y": -164.08 }
				],
				"scale": [
					{ "x": -0.652, "y": 0.652 }
				]
			},
			"feeling_2": {
				"rotate": [
					{ "value": 15.19 }
				],
				"translate": [
					{ "x": -187.39, "y": -208.24 }
				],
				"scale": [
					{ "x": 0.712, "y": 0.712 }
				]
			},
			"hair_1": {
				"rotate": [
					{ "value": 6.75 }
				],
				"translate": [
					{ "x": -44.95, "y": 525.6 }
				],
				"scale": [
					{ "x": 0.811, "y": 0.811 }
				]
			}
		},
		"ik": {
			"foot_1": [
				{ "stretch": true }
			],
			"foot_2": [
				{ "stretch": true }
			]
		},
		"drawOrder": [
			{
				"offsets": [
					{ "slot": "shoulder4", "offset": -3 }
				]
			}
		]
	},
	"t_314_1_lose": {
		"slots": {
			"body": {
				"rgba": [
					{ "color": "000000ff" }
				]
			},
			"Emoji": {
				"rgba": [
					{ "color": "ff8484ff" }
				],
				"attachment": [
					{ "name": "Emoji/emo_57_c" }
				]
			},
			"feeling_1": {
				"attachment": [
					{ "name": "mo_hoi" }
				]
			},
			"feeling_2": {
				"attachment": [
					{}
				]
			},
			"feeling_3": {
				"rgba": [
					{ "color": "ffffffff" }
				],
				"attachment": [
					{ "name": "giat_minh" }
				]
			},
			"feeling_5": {
				"rgba": [
					{ "color": "fff200ff", "curve": "stepped" },
					{ "time": 0.5667, "color": "fff200ff" }
				],
				"attachment": [
					{ "name": "scare" },
					{ "time": 0.5667, "name": "scare" }
				]
			},
			"hair": {
				"attachment": [
					{}
				]
			},
			"head": {
				"rgba": [
					{ "color": "ffbcbcff" }
				],
				"attachment": [
					{ "name": "head_7" }
				]
			},
			"item": {
				"attachment": [
					{}
				]
			},
			"shoulder1": {
				"rgba": [
					{ "color": "000000ff" }
				],
				"attachment": [
					{ "name": "shoulder" }
				]
			},
			"shoulder2": {
				"rgba": [
					{ "color": "000000ff" }
				],
				"attachment": [
					{ "name": "shoulder" }
				]
			},
			"shoulder3": {
				"rgba": [
					{ "color": "000000ff" }
				],
				"attachment": [
					{ "name": "shoulder" }
				]
			},
			"shoulder4": {
				"rgba": [
					{ "color": "ff0000ff" }
				],
				"attachment": [
					{ "name": "shoulder" }
				]
			},
			"thigh": {
				"rgba": [
					{ "color": "000000ff" }
				]
			},
			"thigh2": {
				"rgba": [
					{ "color": "000000ff" }
				]
			},
			"thigh3": {
				"rgba": [
					{ "color": "000000ff" }
				]
			},
			"thigh4": {
				"rgba": [
					{ "color": "000000ff" }
				]
			}
		},
		"bones": {
			"head": {
				"rotate": [
					{ "value": -13.87 }
				],
				"translate": [
					{ "x": -18.98, "y": -7.06 }
				],
				"scale": [
					{ "x": 1.374 }
				]
			},
			"root": {
				"rotate": [
					{}
				],
				"translate": [
					{}
				]
			},
			"main": {
				"rotate": [
					{ "value": 10.82 }
				],
				"translate": [
					{ "x": 4.15, "y": -42.07 }
				]
			},
			"hip": {
				"rotate": [
					{}
				],
				"translate": [
					{}
				]
			},
			"body": {
				"rotate": [
					{ "value": -0.99 }
				],
				"translate": [
					{}
				]
			},
			"body2": {
				"rotate": [
					{ "value": -0.99 }
				],
				"translate": [
					{}
				]
			},
			"body3": {
				"rotate": [
					{ "value": -0.99 }
				],
				"translate": [
					{}
				]
			},
			"body4": {
				"rotate": [
					{ "value": -1.9 }
				],
				"translate": [
					{}
				]
			},
			"body5": {
				"rotate": [
					{ "value": -3.97 }
				],
				"translate": [
					{}
				]
			},
			"body6": {
				"rotate": [
					{ "value": -0.41 }
				],
				"translate": [
					{}
				]
			},
			"body7": {
				"rotate": [
					{ "value": -0.99 }
				],
				"translate": [
					{}
				]
			},
			"body8": {
				"rotate": [
					{ "value": -0.99 }
				],
				"translate": [
					{}
				]
			},
			"feeling_3": {
				"rotate": [
					{ "value": 116.16 }
				],
				"translate": [
					{ "x": 102.06, "y": -22.42 }
				],
				"scale": [
					{ "x": -1.025, "y": 1.024 }
				]
			},
			"emoji": {
				"rotate": [
					{ "value": -10.57 }
				],
				"translate": [
					{ "x": 27.04, "y": 26.16 }
				],
				"scale": [
					{ "x": 0.999, "y": 1.371 }
				]
			},
			"shouder_1": {
				"rotate": [
					{ "value": -63.16 }
				],
				"translate": [
					{ "x": 8.81, "y": 1.96 }
				],
				"scale": [
					{ "x": 1.037 }
				],
				"shear": [
					{}
				]
			},
			"arm_1": {
				"rotate": [
					{ "value": -157.46 }
				],
				"translate": [
					{ "x": 2.02, "y": 0.08 }
				],
				"scale": [
					{ "x": 1.115, "y": 1.115 }
				]
			},
			"shouder_2": {
				"rotate": [
					{ "value": -12.68 }
				],
				"translate": [
					{ "x": 7.78, "y": -0.12 }
				],
				"scale": [
					{ "x": 1.037 }
				]
			},
			"arm_2": {
				"rotate": [
					{ "value": -29.64 }
				],
				"translate": [
					{}
				],
				"scale": [
					{ "x": 1.368 }
				]
			},
			"thigh_1": {
				"rotate": [
					{ "value": -44.84 }
				],
				"translate": [
					{}
				]
			},
			"leg_1": {
				"rotate": [
					{ "value": 45.63 }
				],
				"translate": [
					{}
				]
			},
			"thigh_2": {
				"rotate": [
					{ "value": -37.54 }
				],
				"translate": [
					{}
				],
				"scale": [
					{}
				]
			},
			"leg_2": {
				"rotate": [
					{ "value": 38.6 }
				],
				"translate": [
					{}
				]
			},
			"foot_2": {
				"rotate": [
					{ "value": -1.35 }
				],
				"translate": [
					{ "x": -138.59, "y": 16.63 }
				]
			},
			"foot_3": {
				"rotate": [
					{}
				],
				"translate": [
					{ "x": 209.19, "y": 160.58 }
				]
			},
			"feeling_5": {
				"rotate": [
					{ "value": 172.1, "curve": "stepped" },
					{ "time": 0.5667, "value": 172.1 }
				],
				"translate": [
					{ "x": -84.91, "y": 160.64, "curve": "stepped" },
					{ "time": 0.5667, "x": -84.91, "y": 160.64 }
				],
				"scale": [
					{ "x": 0.708, "y": 0.708, "curve": "stepped" },
					{ "time": 0.1, "x": 0.212, "y": 0.212, "curve": "stepped" },
					{ "time": 0.1667, "x": 0.708, "y": 0.708, "curve": "stepped" },
					{ "time": 0.2667, "x": 0.212, "y": 0.212, "curve": "stepped" },
					{ "time": 0.3333, "x": 0.708, "y": 0.708, "curve": "stepped" },
					{ "time": 0.4, "x": 0.708, "y": 0.708, "curve": "stepped" },
					{ "time": 0.5, "x": 0.212, "y": 0.212, "curve": "stepped" },
					{ "time": 0.5667, "x": 0.708, "y": 0.708 }
				]
			},
			"move": {
				"rotate": [
					{ "value": 0.03 }
				],
				"translate": [
					{ "x": 119.99, "y": -0.27 }
				],
				"scale": [
					{}
				]
			},
			"feeling_1": {
				"rotate": [
					{ "value": 18.99 }
				],
				"translate": [
					{ "x": 29.25, "y": -75.57 }
				],
				"scale": [
					{ "x": 0.698, "y": 1.261 }
				]
			},
			"feeling_2": {
				"rotate": [
					{ "value": -152.89 }
				],
				"translate": [
					{ "x": -11.12, "y": 45.47 }
				],
				"scale": [
					{ "x": 0.886, "y": 0.886 }
				]
			},
			"item_1": {
				"rotate": [
					{ "value": 152.31 }
				],
				"translate": [
					{ "x": -106.85, "y": -271.79 }
				]
			},
			"hair_1": {
				"rotate": [
					{ "value": -62.65 }
				],
				"translate": [
					{ "x": 281.28, "y": 654.63 }
				],
				"scale": [
					{ "x": 0.934, "y": 1.287 }
				]
			}
		},
		"ik": {
			"foot_1": [
				{ "stretch": true }
			],
			"foot_2": [
				{ "stretch": true }
			]
		},
		"drawOrder": [
			{
				"offsets": [
					{ "slot": "shoulder2", "offset": 13 },
					{ "slot": "feeling_5", "offset": -3 }
				]
			},
			{
				"time": 0.5667,
				"offsets": [
					{ "slot": "shoulder2", "offset": 13 },
					{ "slot": "feeling_5", "offset": -3 }
				]
			}
		]
	},
	"t_314_1_win": {
		"slots": {
			"body": {
				"rgba": [
					{ "color": "000000ff" }
				]
			},
			"Emoji": {
				"attachment": [
					{ "name": "Emoji/emo_90" }
				]
			},
			"feeling_1": {
				"attachment": [
					{}
				]
			},
			"feeling_2": {
				"attachment": [
					{}
				]
			},
			"feeling_3": {
				"rgba": [
					{ "color": "ffffffff" }
				],
				"attachment": [
					{ "name": "giat_minh" }
				]
			},
			"feeling_5": {
				"attachment": [
					{}
				]
			},
			"hair": {
				"attachment": [
					{}
				]
			},
			"shoulder1": {
				"rgba": [
					{ "color": "000000ff" }
				],
				"attachment": [
					{ "name": "shoulder" }
				]
			},
			"shoulder2": {
				"rgba": [
					{ "color": "000000ff" }
				],
				"attachment": [
					{ "name": "shoulder" }
				]
			},
			"shoulder3": {
				"rgba": [
					{ "color": "000000ff" }
				],
				"attachment": [
					{ "name": "shoulder" }
				]
			},
			"shoulder4": {
				"rgba": [
					{ "color": "000000ff" }
				],
				"attachment": [
					{ "name": "shoulder" }
				]
			},
			"thigh": {
				"rgba": [
					{ "color": "000000ff" }
				]
			},
			"thigh2": {
				"rgba": [
					{ "color": "000000ff" }
				]
			},
			"thigh3": {
				"rgba": [
					{ "color": "000000ff" }
				]
			},
			"thigh4": {
				"rgba": [
					{ "color": "000000ff" }
				]
			}
		},
		"bones": {
			"body": {
				"rotate": [
					{ "value": 16.18 }
				]
			},
			"body2": {
				"rotate": [
					{ "value": -2.64 }
				]
			},
			"body3": {
				"rotate": [
					{ "value": -0.28 }
				]
			},
			"body4": {
				"rotate": [
					{ "value": -0.34 }
				]
			},
			"body5": {
				"rotate": [
					{ "value": -2.61 }
				]
			},
			"body6": {
				"rotate": [
					{ "value": -2.2 }
				]
			},
			"body7": {
				"rotate": [
					{ "value": -0.63 }
				]
			},
			"body8": {
				"rotate": [
					{ "value": -5.23 }
				],
				"translate": [
					{ "x": 10.92, "y": -0.52 }
				]
			},
			"thigh_1": {
				"rotate": [
					{ "value": 26.16 }
				]
			},
			"leg_1": {
				"rotate": [
					{ "value": 72.18 }
				],
				"scale": [
					{ "x": 1.074 }
				]
			},
			"main": {
				"rotate": [
					{ "value": 13.22 }
				],
				"translate": [
					{ "x": 65.77, "y": -46.86 }
				]
			},
			"head": {
				"rotate": [
					{ "value": 163.86 }
				],
				"translate": [
					{ "x": -23.32, "y": 17.64 }
				],
				"scale": [
					{ "x": -1 }
				]
			},
			"shouder_1": {
				"rotate": [
					{ "value": -41.43 }
				],
				"translate": [
					{ "x": 15.9, "y": -4.15 }
				],
				"scale": [
					{}
				]
			},
			"arm_1": {
				"rotate": [
					{ "value": -36.41 }
				]
			},
			"shouder_2": {
				"rotate": [
					{ "value": 14.18 }
				],
				"translate": [
					{ "x": 23.31, "y": 2.49 }
				],
				"scale": [
					{}
				]
			},
			"arm_2": {
				"rotate": [
					{ "value": -53.17 }
				],
				"scale": [
					{}
				]
			},
			"thigh_2": {
				"rotate": [
					{ "value": -82.1 }
				],
				"scale": [
					{}
				]
			},
			"leg_2": {
				"rotate": [
					{ "value": 49.36 }
				],
				"scale": [
					{}
				]
			},
			"emoji": {
				"rotate": [
					{ "value": -9.95 }
				],
				"translate": [
					{ "x": -10.13, "y": -15.6 }
				],
				"scale": [
					{ "x": 1.073, "y": 1.073 }
				]
			},
			"feeling_3": {
				"rotate": [
					{ "value": -10.43 }
				],
				"translate": [
					{ "x": 30.2, "y": -121.78 }
				],
				"scale": [
					{ "x": 0.932, "y": 0.932 }
				]
			},
			"feeling_5": {
				"rotate": [
					{ "value": -84.16 }
				],
				"translate": [
					{ "x": -22.98, "y": -27.73 }
				],
				"scale": [
					{ "x": 0.435, "y": 0.435 }
				]
			},
			"move": {
				"translate": [
					{ "x": 119.99 }
				],
				"scale": [
					{}
				]
			},
			"feeling_1": {
				"rotate": [
					{ "value": 4.32 }
				],
				"translate": [
					{ "x": -62.58, "y": -89.73 }
				],
				"scale": [
					{}
				]
			},
			"feeling_2": {
				"rotate": [
					{ "value": -11.56 }
				],
				"translate": [
					{ "x": 4.58, "y": -40.25 }
				],
				"scale": [
					{ "x": 1.236, "y": 1.236 }
				]
			},
			"foot_2": {
				"rotate": [
					{ "value": -13.59 }
				],
				"translate": [
					{ "x": -122.25, "y": 39.32 }
				]
			},
			"foot_3": {
				"rotate": [
					{ "value": 4.81 }
				],
				"translate": [
					{ "x": 247.64, "y": 168 }
				]
			},
			"hair_1": {
				"rotate": [
					{ "value": 22.86 }
				],
				"translate": [
					{ "x": 38.8, "y": 525.87 }
				],
				"scale": [
					{ "x": 1.497, "y": 1.497 }
				]
			}
		},
		"ik": {
			"foot_1": [
				{ "stretch": true }
			],
			"foot_2": [
				{ "stretch": true }
			]
		}
	}
}
}