{"frames": [

{
	"filename": "bep",
	"frame": {"x":1,"y":1656,"w":973,"h":311},
	"rotated": false,
	"trimmed": true,
	"spriteSourceSize": {"x":7,"y":7,"w":973,"h":311},
	"sourceSize": {"w":987,"h":325}
},
{
	"filename": "bep_hot",
	"frame": {"x":1,"y":1331,"w":987,"h":324},
	"rotated": false,
	"trimmed": true,
	"spriteSourceSize": {"x":0,"y":1,"w":987,"h":324},
	"sourceSize": {"w":987,"h":325}
},
{
	"filename": "bg",
	"frame": {"x":1,"y":1,"w":52,"h":1329},
	"rotated": false,
	"trimmed": false,
	"spriteSourceSize": {"x":0,"y":0,"w":52,"h":1329},
	"sourceSize": {"w":52,"h":1329}
},
{
	"filename": "chuot (1)",
	"frame": {"x":651,"y":943,"w":90,"h":85},
	"rotated": false,
	"trimmed": false,
	"spriteSourceSize": {"x":0,"y":0,"w":90,"h":85},
	"sourceSize": {"w":90,"h":85}
},
{
	"filename": "con_meo",
	"frame": {"x":54,"y":977,"w":126,"h":140},
	"rotated": false,
	"trimmed": false,
	"spriteSourceSize": {"x":0,"y":0,"w":126,"h":140},
	"sourceSize": {"w":126,"h":140}
},
{
	"filename": "den_chum",
	"frame": {"x":423,"y":653,"w":164,"h":165},
	"rotated": false,
	"trimmed": false,
	"spriteSourceSize": {"x":0,"y":0,"w":164,"h":165},
	"sourceSize": {"w":164,"h":165}
},
{
	"filename": "ke bep",
	"frame": {"x":423,"y":819,"w":356,"h":123},
	"rotated": false,
	"trimmed": false,
	"spriteSourceSize": {"x":0,"y":0,"w":356,"h":123},
	"sourceSize": {"w":356,"h":123}
},
{
	"filename": "ke khan",
	"frame": {"x":181,"y":977,"w":213,"h":100},
	"rotated": false,
	"trimmed": true,
	"spriteSourceSize": {"x":7,"y":7,"w":213,"h":100},
	"sourceSize": {"w":227,"h":114}
},
{
	"filename": "ke khan_hot",
	"frame": {"x":423,"y":943,"w":227,"h":112},
	"rotated": false,
	"trimmed": true,
	"spriteSourceSize": {"x":0,"y":1,"w":227,"h":112},
	"sourceSize": {"w":227,"h":114}
},
{
	"filename": "long_khoa",
	"frame": {"x":54,"y":1,"w":370,"h":325},
	"rotated": false,
	"trimmed": true,
	"spriteSourceSize": {"x":1,"y":39,"w":370,"h":325},
	"sourceSize": {"w":372,"h":365}
},
{
	"filename": "long_mo",
	"frame": {"x":54,"y":327,"w":370,"h":325},
	"rotated": false,
	"trimmed": true,
	"spriteSourceSize": {"x":1,"y":39,"w":370,"h":325},
	"sourceSize": {"w":372,"h":365}
},
{
	"filename": "long_nhot_meo",
	"frame": {"x":54,"y":653,"w":368,"h":323},
	"rotated": false,
	"trimmed": false,
	"spriteSourceSize": {"x":0,"y":0,"w":368,"h":323},
	"sourceSize": {"w":368,"h":323}
}],
"meta": {
	"app": "https://www.codeandweb.com/texturepacker",
	"version": "1.0",
	"image": "props.png",
	"format": "RGBA8888",
	"size": {"w":989,"h":1968},
	"scale": "1",
	"smartupdate": "$TexturePacker:SmartUpdate:dcb646dda43f497388cd0589ae3f3ada:e6b89ab77321e53515435cc6d09d2aa9:f4c39b94f5b79b4c461da96ae5609d50$"
}
}
