{"frames": [

{
	"filename": "ban",
	"frame": {"x":1,"y":278,"w":448,"h":156},
	"rotated": false,
	"trimmed": false,
	"spriteSourceSize": {"x":0,"y":0,"w":448,"h":156},
	"sourceSize": {"w":448,"h":156}
},
{
	"filename": "bg",
	"frame": {"x":1145,"y":1,"w":36,"h":1172},
	"rotated": false,
	"trimmed": false,
	"spriteSourceSize": {"x":0,"y":0,"w":36,"h":1172},
	"sourceSize": {"w":36,"h":1172}
},
{
	"filename": "bg_ghe_sofa",
	"frame": {"x":1,"y":1,"w":622,"h":276},
	"rotated": false,
	"trimmed": false,
	"spriteSourceSize": {"x":0,"y":0,"w":622,"h":276},
	"sourceSize": {"w":622,"h":276}
},
{
	"filename": "ca_fe",
	"frame": {"x":450,"y":278,"w":78,"h":73},
	"rotated": false,
	"trimmed": false,
	"spriteSourceSize": {"x":0,"y":0,"w":78,"h":73},
	"sourceSize": {"w":78,"h":73}
},
{
	"filename": "canh_quat",
	"frame": {"x":1,"y":435,"w":374,"h":51},
	"rotated": false,
	"trimmed": false,
	"spriteSourceSize": {"x":0,"y":0,"w":374,"h":51},
	"sourceSize": {"w":374,"h":51}
},
{
	"filename": "chau_cay",
	"frame": {"x":281,"y":656,"w":177,"h":320},
	"rotated": false,
	"trimmed": true,
	"spriteSourceSize": {"x":7,"y":7,"w":177,"h":320},
	"sourceSize": {"w":191,"h":334}
},
{
	"filename": "chau_cay_hot",
	"frame": {"x":857,"y":1,"w":191,"h":333},
	"rotated": false,
	"trimmed": true,
	"spriteSourceSize": {"x":0,"y":1,"w":191,"h":333},
	"sourceSize": {"w":191,"h":334}
},
{
	"filename": "cua",
	"frame": {"x":624,"y":1,"w":232,"h":545},
	"rotated": false,
	"trimmed": false,
	"spriteSourceSize": {"x":0,"y":0,"w":232,"h":545},
	"sourceSize": {"w":232,"h":545}
},
{
	"filename": "de_quat",
	"frame": {"x":376,"y":435,"w":197,"h":92},
	"rotated": false,
	"trimmed": false,
	"spriteSourceSize": {"x":0,"y":0,"w":197,"h":92},
	"sourceSize": {"w":197,"h":92}
},
{
	"filename": "diem_neo_day_den",
	"frame": {"x":1,"y":1104,"w":1082,"h":95},
	"rotated": false,
	"trimmed": true,
	"spriteSourceSize": {"x":7,"y":7,"w":1082,"h":95},
	"sourceSize": {"w":1096,"h":109}
},
{
	"filename": "diem_neo_day_den_hot",
	"frame": {"x":1,"y":547,"w":1096,"h":108},
	"rotated": false,
	"trimmed": true,
	"spriteSourceSize": {"x":0,"y":0,"w":1096,"h":108},
	"sourceSize": {"w":1096,"h":109}
},
{
	"filename": "vach",
	"frame": {"x":1098,"y":1,"w":46,"h":1102},
	"rotated": false,
	"trimmed": false,
	"spriteSourceSize": {"x":0,"y":0,"w":46,"h":1102},
	"sourceSize": {"w":46,"h":1102}
},
{
	"filename": "vali",
	"frame": {"x":1,"y":656,"w":279,"h":236},
	"rotated": false,
	"trimmed": false,
	"spriteSourceSize": {"x":0,"y":0,"w":279,"h":236},
	"sourceSize": {"w":279,"h":236}
}],
"meta": {
	"app": "https://www.codeandweb.com/texturepacker",
	"version": "1.0",
	"image": "props.png",
	"format": "RGBA8888",
	"size": {"w":1182,"h":1200},
	"scale": "1",
	"smartupdate": "$TexturePacker:SmartUpdate:f43b48be498c7740460b0dc95eeee347:02ff237a236c5572ee23a9c6243943f3:f4c39b94f5b79b4c461da96ae5609d50$"
}
}
