{
"skeleton": { "hash": "C6YkaIZ0qAc", "spine": "4.1.24", "x": -388.28, "y": -425.09, "width": 724.41, "height": 1282.48 },
"bones": [
	{ "name": "root", "rotation": 0.2 },
	{ "name": "move", "parent": "root", "x": -119.99, "scaleX": -1 },
	{ "name": "main", "parent": "move", "y": 256.6 },
	{ "name": "hip", "parent": "main" },
	{ "name": "body", "parent": "hip", "length": 26.97, "rotation": 90 },
	{ "name": "body2", "parent": "body", "length": 26.97, "x": 26.97 },
	{ "name": "body3", "parent": "body2", "length": 26.97, "x": 26.97 },
	{ "name": "body4", "parent": "body3", "length": 26.97, "rotation": -0.06, "x": 26.97 },
	{ "name": "body5", "parent": "body4", "length": 26.97, "x": 26.97 },
	{ "name": "body6", "parent": "body5", "length": 26.97, "x": 26.97 },
	{ "name": "body7", "parent": "body6", "length": 26.97, "x": 26.97 },
	{ "name": "body8", "parent": "body7", "length": 26.97, "x": 26.97 },
	{ "name": "head", "parent": "body8", "length": 135.67, "x": 24.75 },
	{ "name": "feeling_3", "parent": "head", "rotation": -0.18, "x": 87.53, "y": 30.96 },
	{ "name": "emoji", "parent": "head", "rotation": -90, "x": 62, "y": 1.49 },
	{ "name": "shouder_1", "parent": "body7", "length": 100.06, "rotation": -90, "x": 15.39, "y": 0.02 },
	{ "name": "arm_1", "parent": "shouder_1", "length": 100.06, "x": 94.79 },
	{ "name": "shouder_2", "parent": "body7", "length": 100.06, "rotation": 90, "x": 15.39, "y": 0.02 },
	{ "name": "arm_2", "parent": "shouder_2", "length": 100.06, "x": 94.79 },
	{ "name": "thigh_1", "parent": "main", "length": 134.15, "rotation": -90, "x": -0.54, "y": 4.23 },
	{ "name": "leg_1", "parent": "thigh_1", "length": 134.15, "x": 128.14 },
	{ "name": "thigh_2", "parent": "main", "length": 134.15, "rotation": -90, "x": -0.1, "y": 4.23 },
	{ "name": "leg_2", "parent": "thigh_2", "length": 134.15, "x": 128.14 },
	{ "name": "foot_2", "parent": "move", "x": 0.16, "y": -2.18 },
	{ "name": "foot_3", "parent": "move", "x": 0.1, "y": -2.12 },
	{
		"name": "feeling_5",
		"parent": "head",
		"rotation": -0.18,
		"x": 87.53,
		"y": -25.11,
		"scaleX": 2,
		"scaleY": 2
	},
	{ "name": "item_1", "parent": "move", "x": -1.93, "y": 450.24 },
	{ "name": "feeling_1", "parent": "main", "rotation": -20.17, "x": 72.35, "y": 376.02 },
	{ "name": "feeling_2", "parent": "main", "rotation": -20.17, "x": 72.35, "y": 376.02 },
	{ "name": "hair_1", "parent": "main", "rotation": 0.07, "x": -120, "y": -254.77 },
	{
		"name": "feeling_4",
		"parent": "head",
		"rotation": -0.18,
		"x": 87.53,
		"y": -25.11,
		"scaleX": 2,
		"scaleY": 2
	},
	{ "name": "item_tay", "parent": "arm_2", "x": 101.01, "y": -1.25 }
],
"slots": [
	{ "name": "bg_gane_play", "bone": "root", "color": "ffffff4f" },
	{ "name": "item", "bone": "item_1" },
	{ "name": "body", "bone": "hip", "color": "000000ff", "attachment": "body" },
	{ "name": "shoulder1", "bone": "shouder_1", "color": "000000ff" },
	{ "name": "shoulder3", "bone": "shouder_2", "color": "000000ff" },
	{ "name": "shoulder2", "bone": "arm_1", "color": "000000ff" },
	{ "name": "shoulder4", "bone": "arm_2", "color": "000000ff" },
	{ "name": "thigh", "bone": "thigh_1", "color": "000000ff", "attachment": "thigh" },
	{ "name": "thigh3", "bone": "thigh_2", "color": "000000ff", "attachment": "thigh" },
	{ "name": "thigh2", "bone": "leg_1", "color": "000000ff", "attachment": "thigh" },
	{ "name": "thigh4", "bone": "leg_2", "color": "000000ff", "attachment": "thigh" },
	{ "name": "head", "bone": "head", "attachment": "head" },
	{ "name": "hair", "bone": "hair_1" },
	{ "name": "Emoji", "bone": "emoji" },
	{ "name": "feeling_3", "bone": "feeling_3", "color": "000000ff" },
	{ "name": "feeling_5", "bone": "feeling_5" },
	{ "name": "feeling_4", "bone": "feeling_4" },
	{ "name": "feeling_1", "bone": "feeling_1" },
	{ "name": "feeling_2", "bone": "feeling_2" },
	{ "name": "item_tay", "bone": "item_tay" }
],
"ik": [
	{
		"name": "foot_1",
		"bones": [ "thigh_1", "leg_1" ],
		"target": "foot_2",
		"mix": 0,
		"stretch": true
	},
	{
		"name": "foot_2",
		"order": 1,
		"bones": [ "thigh_2", "leg_2" ],
		"target": "foot_3",
		"mix": 0,
		"stretch": true
	}
],
"skins": [
	{
		"name": "default",
		"attachments": {
			"body": {
				"body": {
					"type": "mesh",
					"uvs": [ 1, 1, 0, 1, 0, 0.875, 0, 0.75, 0, 0.625, 0, 0.5, 0, 0.375, 0, 0.25, 0, 0.125, 0, 0, 1, 0, 1, 0.125, 1, 0.25, 1, 0.375, 1, 0.5, 1, 0.625, 1, 0.75, 1, 0.875 ],
					"triangles": [ 8, 9, 10, 11, 8, 10, 7, 8, 11, 12, 7, 11, 6, 7, 12, 13, 6, 12, 5, 6, 13, 14, 5, 13, 4, 5, 14, 15, 4, 14, 3, 4, 15, 16, 3, 15, 2, 3, 16, 17, 2, 16, 1, 2, 17, 0, 1, 17 ],
					"vertices": [ 1, 4, -1.7, -5.5, 1, 1, 4, -1.7, 5.5, 1, 2, 4, 25.68, 5.5, 0.70301, 5, -1.29, 5.5, 0.29699, 2, 5, 26.08, 5.5, 0.65569, 6, -0.88, 5.5, 0.34431, 2, 6, 26.49, 5.5, 0.55905, 7, -0.48, 5.5, 0.44095, 2, 7, 26.9, 5.5, 0.51367, 8, -0.07, 5.5, 0.48633, 2, 8, 27.3, 5.5, 0.41705, 9, 0.33, 5.5, 0.58295, 2, 9, 27.71, 5.5, 0.38565, 10, 0.74, 5.5, 0.61435, 2, 10, 28.11, 5.5, 0.36868, 11, 1.14, 5.5, 0.63132, 1, 11, 28.52, 5.5, 1, 1, 11, 28.52, -5.5, 1, 2, 10, 28.11, -5.5, 0.3064, 11, 1.14, -5.5, 0.6936, 2, 9, 27.71, -5.5, 0.40945, 10, 0.74, -5.5, 0.59055, 2, 8, 27.3, -5.5, 0.44404, 9, 0.33, -5.5, 0.55596, 2, 7, 26.9, -5.5, 0.52991, 8, -0.07, -5.5, 0.47009, 2, 6, 26.49, -5.5, 0.58474, 7, -0.48, -5.5, 0.41526, 2, 5, 26.08, -5.5, 0.62061, 6, -0.88, -5.5, 0.37939, 2, 4, 25.68, -5.5, 0.65664, 5, -1.29, -5.5, 0.34336 ],
					"hull": 18
				}
			},
			"Emoji": {
				"Emoji/emo_17": { "x": 0.5, "y": 0.5, "width": 87, "height": 73 },
				"Emoji/emo_57_c": { "x": 0.5, "y": 0.5, "width": 101, "height": 101 },
				"Emoji/emo_68b": { "width": 110, "height": 142 },
				"Emoji/emo_90": { "y": 0.5, "width": 86, "height": 91 },
				"Emoji/new/emo_31_b": { "x": 0.5, "y": 0.5, "width": 78, "height": 83 },
				"Emoji/new/emo_40": { "width": 84, "height": 108 },
				"Emoji/new/emo_62c": { "width": 112, "height": 105 }
			},
			"feeling_1": {
				"cauco": { "y": 0.5, "width": 50, "height": 45 },
				"Emoji/hoi_cham": { "scaleX": 1.6014, "scaleY": 1.3256, "width": 30, "height": 52 },
				"giat_minh": { "width": 70, "height": 66 }
			},
			"feeling_2": {
				"Emoji/hoi_cham": { "width": 30, "height": 52 },
				"mo_hoi": { "x": 0.5, "y": 0.5, "width": 19, "height": 41 }
			},
			"feeling_3": {
				"cham_than": { "x": -18.07, "y": -0.4, "rotation": -96.51, "width": 17, "height": 57 },
				"giat_minh": { "rotation": -96.51, "width": 70, "height": 66 }
			},
			"feeling_4": {
				"scare": { "y": 0.5, "width": 80, "height": 83 }
			},
			"feeling_5": {
				"scare": { "y": 0.5, "width": 80, "height": 83 }
			},
			"hair": {
				"hair/man/toc_8": { "x": 0.5, "width": 133, "height": 84 }
			},
			"head": {
				"head": { "x": 68.85, "rotation": -89.87, "width": 144, "height": 144 },
				"head_7": { "x": 65.26, "y": -3.78, "rotation": -89.46, "width": 144, "height": 144 }
			},
			"shoulder1": {
				"shoulder": { "x": 49.22, "rotation": -90, "width": 15, "height": 105 }
			},
			"shoulder2": {
				"shoulder": { "x": 49.22, "rotation": -90, "width": 15, "height": 105 }
			},
			"shoulder3": {
				"shoulder": { "x": 49.22, "rotation": -90, "width": 15, "height": 105 }
			},
			"shoulder4": {
				"shoulder": { "x": 50.57, "rotation": -90, "width": 15, "height": 105 }
			},
			"thigh": {
				"thigh": { "x": 66.01, "rotation": -90, "width": 14, "height": 137 }
			},
			"thigh2": {
				"thigh": { "x": 66.01, "rotation": -90, "width": 14, "height": 137 }
			},
			"thigh3": {
				"thigh": { "x": 66.01, "rotation": -90, "width": 14, "height": 137 }
			},
			"thigh4": {
				"thigh": { "x": 66.01, "rotation": -90, "width": 14, "height": 137 }
			}
		}
	}
],
"animations": {
	"t_81_1_be": {
		"slots": {
			"body": {
				"rgba": [
					{ "color": "000000ff", "curve": "stepped" },
					{ "time": 0.0333, "color": "000000ff" }
				]
			},
			"Emoji": {
				"attachment": [
					{ "name": "Emoji/new/emo_31_b" },
					{ "time": 0.0333, "name": "Emoji/new/emo_31_b" }
				]
			},
			"feeling_1": {
				"attachment": [
					{},
					{ "time": 0.0333 }
				]
			},
			"feeling_2": {
				"rgba": [
					{ "color": "ffffffff", "curve": "stepped" },
					{ "time": 0.0333, "color": "ffffffff" }
				],
				"attachment": [
					{ "name": "mo_hoi" },
					{ "time": 0.0333, "name": "mo_hoi" }
				]
			},
			"feeling_3": {
				"attachment": [
					{ "name": "giat_minh" },
					{ "time": 0.0333, "name": "giat_minh" }
				]
			},
			"feeling_5": {
				"attachment": [
					{},
					{ "time": 0.0333 }
				]
			},
			"hair": {
				"attachment": [
					{},
					{ "time": 0.0333 }
				]
			},
			"head": {
				"rgba": [
					{ "color": "ffffffff", "curve": "stepped" },
					{ "time": 0.0333, "color": "ffffffff" }
				],
				"attachment": [
					{ "name": "head" },
					{ "time": 0.0333, "name": "head" }
				]
			},
			"shoulder1": {
				"rgba": [
					{ "color": "000000ff", "curve": "stepped" },
					{ "time": 0.0333, "color": "000000ff" }
				],
				"attachment": [
					{},
					{ "time": 0.0333 }
				]
			},
			"shoulder2": {
				"rgba": [
					{ "color": "000000ff", "curve": "stepped" },
					{ "time": 0.0333, "color": "000000ff" }
				],
				"attachment": [
					{},
					{ "time": 0.0333 }
				]
			},
			"shoulder3": {
				"rgba": [
					{ "color": "000000ff", "curve": "stepped" },
					{ "time": 0.0333, "color": "000000ff" }
				],
				"attachment": [
					{ "name": "shoulder" },
					{ "time": 0.0333, "name": "shoulder" }
				]
			},
			"shoulder4": {
				"rgba": [
					{ "color": "000000ff", "curve": "stepped" },
					{ "time": 0.0333, "color": "000000ff" }
				],
				"attachment": [
					{ "name": "shoulder" },
					{ "time": 0.0333, "name": "shoulder" }
				]
			},
			"thigh": {
				"rgba": [
					{ "color": "000000ff", "curve": "stepped" },
					{ "time": 0.0333, "color": "000000ff" }
				]
			},
			"thigh2": {
				"rgba": [
					{ "color": "000000ff", "curve": "stepped" },
					{ "time": 0.0333, "color": "000000ff" }
				]
			},
			"thigh3": {
				"rgba": [
					{ "color": "000000ff", "curve": "stepped" },
					{ "time": 0.0333, "color": "000000ff" }
				]
			},
			"thigh4": {
				"rgba": [
					{ "color": "000000ff", "curve": "stepped" },
					{ "time": 0.0333, "color": "000000ff" }
				]
			}
		},
		"bones": {
			"head": {
				"rotate": [
					{ "value": -5.5, "curve": "stepped" },
					{ "time": 0.0333, "value": -5.5 }
				],
				"translate": [
					{ "x": -23.81, "y": 15.45, "curve": "stepped" },
					{ "time": 0.0333, "x": -23.81, "y": 15.45 }
				],
				"scale": [
					{ "curve": "stepped" },
					{ "time": 0.0333 }
				]
			},
			"root": {
				"rotate": [
					{ "curve": "stepped" },
					{ "time": 0.0333 }
				],
				"translate": [
					{ "curve": "stepped" },
					{ "time": 0.0333 }
				]
			},
			"main": {
				"rotate": [
					{ "value": 0.74, "curve": "stepped" },
					{ "time": 0.0333, "value": 0.74 }
				],
				"translate": [
					{ "x": -26.08, "y": -39.43, "curve": "stepped" },
					{ "time": 0.0333, "x": -26.08, "y": -39.43 }
				]
			},
			"hip": {
				"rotate": [
					{ "curve": "stepped" },
					{ "time": 0.0333 }
				],
				"translate": [
					{ "curve": "stepped" },
					{ "time": 0.0333 }
				]
			},
			"body": {
				"rotate": [
					{ "value": 0.82, "curve": "stepped" },
					{ "time": 0.0333, "value": 0.82 }
				],
				"translate": [
					{ "curve": "stepped" },
					{ "time": 0.0333 }
				]
			},
			"body2": {
				"rotate": [
					{ "value": 0.82, "curve": "stepped" },
					{ "time": 0.0333, "value": 0.82 }
				],
				"translate": [
					{ "curve": "stepped" },
					{ "time": 0.0333 }
				]
			},
			"body3": {
				"rotate": [
					{ "value": 0.82, "curve": "stepped" },
					{ "time": 0.0333, "value": 0.82 }
				],
				"translate": [
					{ "curve": "stepped" },
					{ "time": 0.0333 }
				]
			},
			"body4": {
				"rotate": [
					{ "value": 0.82, "curve": "stepped" },
					{ "time": 0.0333, "value": 0.82 }
				],
				"translate": [
					{ "curve": "stepped" },
					{ "time": 0.0333 }
				]
			},
			"body5": {
				"rotate": [
					{ "value": 0.82, "curve": "stepped" },
					{ "time": 0.0333, "value": 0.82 }
				],
				"translate": [
					{ "curve": "stepped" },
					{ "time": 0.0333 }
				]
			},
			"body6": {
				"rotate": [
					{ "value": 0.82, "curve": "stepped" },
					{ "time": 0.0333, "value": 0.82 }
				],
				"translate": [
					{ "curve": "stepped" },
					{ "time": 0.0333 }
				]
			},
			"body7": {
				"rotate": [
					{ "value": 0.82, "curve": "stepped" },
					{ "time": 0.0333, "value": 0.82 }
				],
				"translate": [
					{ "curve": "stepped" },
					{ "time": 0.0333 }
				]
			},
			"body8": {
				"rotate": [
					{ "value": 0.82, "curve": "stepped" },
					{ "time": 0.0333, "value": 0.82 }
				],
				"translate": [
					{ "curve": "stepped" },
					{ "time": 0.0333 }
				]
			},
			"feeling_3": {
				"rotate": [
					{ "value": 138.96, "curve": "stepped" },
					{ "time": 0.0333, "value": 138.96 }
				],
				"translate": [
					{ "x": -9.53, "y": 64.58, "curve": "stepped" },
					{ "time": 0.0333, "x": -9.53, "y": 64.58 }
				]
			},
			"emoji": {
				"rotate": [
					{ "value": 2.15, "curve": "stepped" },
					{ "time": 0.0333, "value": 2.15 }
				],
				"translate": [
					{ "x": -4.56, "y": 14.61, "curve": "stepped" },
					{ "time": 0.0333, "x": -4.56, "y": 14.61 }
				],
				"scale": [
					{ "x": 1.272, "y": 1.272, "curve": "stepped" },
					{ "time": 0.0333, "x": 1.272, "y": 1.272 }
				]
			},
			"shouder_1": {
				"rotate": [
					{ "value": -70.28, "curve": "stepped" },
					{ "time": 0.0333, "value": -70.28 }
				],
				"translate": [
					{ "x": 5.2, "y": -1.15, "curve": "stepped" },
					{ "time": 0.0333, "x": 5.2, "y": -1.15 }
				],
				"scale": [
					{ "curve": "stepped" },
					{ "time": 0.0333 }
				],
				"shear": [
					{ "curve": "stepped" },
					{ "time": 0.0333 }
				]
			},
			"arm_1": {
				"rotate": [
					{ "value": -18.66, "curve": "stepped" },
					{ "time": 0.0333, "value": -18.66 }
				],
				"translate": [
					{ "x": 2.02, "y": 0.08, "curve": "stepped" },
					{ "time": 0.0333, "x": 2.02, "y": 0.08 }
				],
				"scale": [
					{ "curve": "stepped" },
					{ "time": 0.0333 }
				]
			},
			"shouder_2": {
				"rotate": [
					{ "value": 118.18, "curve": "stepped" },
					{ "time": 0.0333, "value": 118.18 }
				],
				"translate": [
					{ "x": 7.54, "y": -1.95, "curve": "stepped" },
					{ "time": 0.0333, "x": 7.54, "y": -1.95 }
				],
				"scale": [
					{ "curve": "stepped" },
					{ "time": 0.0333 }
				]
			},
			"arm_2": {
				"rotate": [
					{ "value": -22.8, "curve": "stepped" },
					{ "time": 0.0333, "value": -22.8 }
				],
				"translate": [
					{ "curve": "stepped" },
					{ "time": 0.0333 }
				],
				"scale": [
					{ "curve": "stepped" },
					{ "time": 0.0333 }
				]
			},
			"thigh_1": {
				"rotate": [
					{ "value": -2.77, "curve": "stepped" },
					{ "time": 0.0333, "value": -2.77 }
				],
				"translate": [
					{ "curve": "stepped" },
					{ "time": 0.0333 }
				],
				"scale": [
					{ "curve": "stepped" },
					{ "time": 0.0333 }
				]
			},
			"leg_1": {
				"rotate": [
					{ "value": 20.35, "curve": "stepped" },
					{ "time": 0.0333, "value": 20.35 }
				],
				"translate": [
					{ "curve": "stepped" },
					{ "time": 0.0333 }
				],
				"scale": [
					{ "curve": "stepped" },
					{ "time": 0.0333 }
				]
			},
			"thigh_2": {
				"rotate": [
					{ "value": -23.37, "curve": "stepped" },
					{ "time": 0.0333, "value": -23.37 }
				],
				"translate": [
					{ "curve": "stepped" },
					{ "time": 0.0333 }
				],
				"scale": [
					{ "curve": "stepped" },
					{ "time": 0.0333 }
				]
			},
			"leg_2": {
				"rotate": [
					{ "value": 30.46, "curve": "stepped" },
					{ "time": 0.0333, "value": 30.46 }
				],
				"translate": [
					{ "curve": "stepped" },
					{ "time": 0.0333 }
				],
				"scale": [
					{ "curve": "stepped" },
					{ "time": 0.0333 }
				]
			},
			"foot_2": {
				"rotate": [
					{ "curve": "stepped" },
					{ "time": 0.0333 }
				],
				"translate": [
					{ "x": 90.11, "y": -1.24, "curve": "stepped" },
					{ "time": 0.0333, "x": 90.11, "y": -1.24 }
				]
			},
			"foot_3": {
				"rotate": [
					{ "curve": "stepped" },
					{ "time": 0.0333 }
				],
				"translate": [
					{ "x": -53.17, "y": 2.68, "curve": "stepped" },
					{ "time": 0.0333, "x": -53.17, "y": 2.68 }
				]
			},
			"feeling_5": {
				"rotate": [
					{ "curve": "stepped" },
					{ "time": 0.0333 }
				],
				"translate": [
					{ "curve": "stepped" },
					{ "time": 0.0333 }
				]
			},
			"feeling_1": {
				"rotate": [
					{ "value": 23.46, "curve": "stepped" },
					{ "time": 0.0333, "value": 23.46 }
				],
				"translate": [
					{ "x": -97.94, "y": -122.49, "curve": "stepped" },
					{ "time": 0.0333, "x": -97.94, "y": -122.49 }
				],
				"scale": [
					{ "x": -1.101, "y": 1.101, "curve": "stepped" },
					{ "time": 0.0333, "x": -1.101, "y": 1.101 }
				]
			},
			"feeling_2": {
				"rotate": [
					{ "value": 13.26, "curve": "stepped" },
					{ "time": 0.0333, "value": 13.26 }
				],
				"translate": [
					{ "x": -41.19, "y": -129.59, "curve": "stepped" },
					{ "time": 0.0333, "x": -41.19, "y": -129.59 }
				],
				"scale": [
					{ "x": 1.022, "y": 1.022, "curve": "stepped" },
					{ "time": 0.0333, "x": 1.022, "y": 1.022 }
				]
			},
			"move": {
				"translate": [
					{ "x": 119.99, "curve": "stepped" },
					{ "time": 0.0333, "x": 119.99 }
				],
				"scale": [
					{ "curve": "stepped" },
					{ "time": 0.0333 }
				]
			},
			"item_1": {
				"translate": [
					{ "x": -5.96, "y": 99.1, "curve": "stepped" },
					{ "time": 0.0333, "x": -5.96, "y": 99.1 }
				],
				"scale": [
					{ "x": -1, "curve": "stepped" },
					{ "time": 0.0333, "x": -1 }
				]
			},
			"hair_1": {
				"rotate": [
					{ "value": -6.94, "curve": "stepped" },
					{ "time": 0.0333, "value": -6.94 }
				],
				"translate": [
					{ "x": 114.08, "y": 591.7, "curve": "stepped" },
					{ "time": 0.0333, "x": 114.08, "y": 591.7 }
				],
				"scale": [
					{ "x": 0.94, "y": 0.94, "curve": "stepped" },
					{ "time": 0.0333, "x": 0.94, "y": 0.94 }
				]
			}
		},
		"ik": {
			"foot_1": [
				{
					"bendPositive": false,
					"stretch": true,
					"curve": [ 0.008, 1, 0.025, 1, 0.008, 0, 0.025, 0 ]
				},
				{ "time": 0.0333, "bendPositive": false, "stretch": true }
			],
			"foot_2": [
				{
					"stretch": true,
					"curve": [ 0.008, 1, 0.025, 1, 0.008, 0, 0.025, 0 ]
				},
				{ "time": 0.0333, "stretch": true }
			]
		},
		"drawOrder": [
			{
				"offsets": [
					{ "slot": "item", "offset": 17 },
					{ "slot": "shoulder2", "offset": 5 },
					{ "slot": "shoulder4", "offset": 11 },
					{ "slot": "Emoji", "offset": 2 }
				]
			},
			{
				"time": 0.0333,
				"offsets": [
					{ "slot": "item", "offset": 17 },
					{ "slot": "shoulder2", "offset": 5 },
					{ "slot": "shoulder4", "offset": 11 },
					{ "slot": "Emoji", "offset": 2 }
				]
			}
		]
	},
	"t_81_1_lose": {
		"slots": {
			"body": {
				"rgba": [
					{ "color": "000000ff", "curve": "stepped" },
					{ "time": 1.2333, "color": "000000ff" }
				]
			},
			"Emoji": {
				"attachment": [
					{ "name": "Emoji/new/emo_40" },
					{ "time": 1.2333, "name": "Emoji/new/emo_40" }
				]
			},
			"feeling_1": {
				"attachment": [
					{ "name": "giat_minh" },
					{ "time": 1.2333, "name": "giat_minh" }
				]
			},
			"feeling_2": {
				"rgba": [
					{ "color": "000000ff", "curve": "stepped" },
					{ "time": 1.2333, "color": "000000ff" }
				],
				"attachment": [
					{},
					{ "time": 1.2333 }
				]
			},
			"feeling_3": {
				"rgba": [
					{ "color": "ffffffff", "curve": "stepped" },
					{ "time": 1.2333, "color": "ffffffff" }
				],
				"attachment": [
					{ "name": "cham_than" },
					{ "time": 1.2333, "name": "cham_than" }
				]
			},
			"feeling_5": {
				"rgba": [
					{ "color": "ffffffff", "curve": "stepped" },
					{ "time": 1.2333, "color": "ffffffff" }
				],
				"attachment": [
					{ "name": "scare" },
					{ "time": 1.2333, "name": "scare" }
				]
			},
			"hair": {
				"attachment": [
					{},
					{ "time": 1.2333 }
				]
			},
			"head": {
				"rgba": [
					{ "color": "ffffffff", "curve": "stepped" },
					{ "time": 1.2333, "color": "ffffffff" }
				],
				"attachment": [
					{ "name": "head" },
					{ "time": 1.2333, "name": "head" }
				]
			},
			"shoulder1": {
				"rgba": [
					{ "color": "000000ff", "curve": "stepped" },
					{ "time": 1.2333, "color": "000000ff" }
				],
				"attachment": [
					{ "name": "shoulder" },
					{ "time": 1.2333, "name": "shoulder" }
				]
			},
			"shoulder2": {
				"rgba": [
					{ "color": "000000ff", "curve": "stepped" },
					{ "time": 1.2333, "color": "000000ff" }
				],
				"attachment": [
					{ "name": "shoulder" },
					{ "time": 1.2333, "name": "shoulder" }
				]
			},
			"shoulder3": {
				"rgba": [
					{ "color": "000000ff", "curve": "stepped" },
					{ "time": 1.2333, "color": "000000ff" }
				],
				"attachment": [
					{ "name": "shoulder" },
					{ "time": 1.2333, "name": "shoulder" }
				]
			},
			"shoulder4": {
				"rgba": [
					{ "color": "000000ff", "curve": "stepped" },
					{ "time": 1.2333, "color": "000000ff" }
				],
				"attachment": [
					{ "name": "shoulder" },
					{ "time": 1.2333, "name": "shoulder" }
				]
			},
			"thigh": {
				"rgba": [
					{ "color": "000000ff", "curve": "stepped" },
					{ "time": 1.2333, "color": "000000ff" }
				]
			},
			"thigh2": {
				"rgba": [
					{ "color": "000000ff", "curve": "stepped" },
					{ "time": 1.2333, "color": "000000ff" }
				]
			},
			"thigh3": {
				"rgba": [
					{ "color": "000000ff", "curve": "stepped" },
					{ "time": 1.2333, "color": "000000ff" }
				]
			},
			"thigh4": {
				"rgba": [
					{ "color": "000000ff", "curve": "stepped" },
					{ "time": 1.2333, "color": "000000ff" }
				]
			}
		},
		"bones": {
			"head": {
				"rotate": [
					{ "value": -16.2, "curve": "stepped" },
					{ "time": 1.2333, "value": -16.2 }
				],
				"translate": [
					{ "x": -14.78, "y": 30.9, "curve": "stepped" },
					{ "time": 1.2333, "x": -14.78, "y": 30.9 }
				],
				"scale": [
					{ "curve": "stepped" },
					{ "time": 1.2333 }
				]
			},
			"root": {
				"rotate": [
					{ "curve": "stepped" },
					{ "time": 1.2333 }
				],
				"translate": [
					{ "curve": "stepped" },
					{ "time": 1.2333 }
				]
			},
			"main": {
				"rotate": [
					{ "value": 0.25, "curve": "stepped" },
					{ "time": 1.2333, "value": 0.25 }
				],
				"translate": [
					{ "x": -4.45, "y": -32.55, "curve": "stepped" },
					{ "time": 1.2333, "x": -4.45, "y": -32.55 }
				]
			},
			"hip": {
				"rotate": [
					{ "curve": "stepped" },
					{ "time": 1.2333 }
				],
				"translate": [
					{ "curve": "stepped" },
					{ "time": 1.2333 }
				]
			},
			"body": {
				"rotate": [
					{ "value": 1.05, "curve": "stepped" },
					{ "time": 1.2333, "value": 1.05 }
				],
				"translate": [
					{ "curve": "stepped" },
					{ "time": 1.2333 }
				],
				"scale": [
					{ "curve": "stepped" },
					{ "time": 1.2333 }
				]
			},
			"body2": {
				"rotate": [
					{ "value": 1.05, "curve": "stepped" },
					{ "time": 1.2333, "value": 1.05 }
				],
				"translate": [
					{ "curve": "stepped" },
					{ "time": 1.2333 }
				],
				"scale": [
					{ "curve": "stepped" },
					{ "time": 1.2333 }
				]
			},
			"body3": {
				"rotate": [
					{ "value": 1.05, "curve": "stepped" },
					{ "time": 1.2333, "value": 1.05 }
				],
				"translate": [
					{ "curve": "stepped" },
					{ "time": 1.2333 }
				],
				"scale": [
					{ "curve": "stepped" },
					{ "time": 1.2333 }
				]
			},
			"body4": {
				"rotate": [
					{ "value": 1.05, "curve": "stepped" },
					{ "time": 1.2333, "value": 1.05 }
				],
				"translate": [
					{ "curve": "stepped" },
					{ "time": 1.2333 }
				],
				"scale": [
					{ "curve": "stepped" },
					{ "time": 1.2333 }
				]
			},
			"body5": {
				"rotate": [
					{ "value": 1.05, "curve": "stepped" },
					{ "time": 1.2333, "value": 1.05 }
				],
				"translate": [
					{ "curve": "stepped" },
					{ "time": 1.2333 }
				],
				"scale": [
					{ "curve": "stepped" },
					{ "time": 1.2333 }
				]
			},
			"body6": {
				"rotate": [
					{ "value": 1.05, "curve": "stepped" },
					{ "time": 1.2333, "value": 1.05 }
				],
				"translate": [
					{ "curve": "stepped" },
					{ "time": 1.2333 }
				],
				"scale": [
					{ "curve": "stepped" },
					{ "time": 1.2333 }
				]
			},
			"body7": {
				"rotate": [
					{ "value": 1.05, "curve": "stepped" },
					{ "time": 1.2333, "value": 1.05 }
				],
				"translate": [
					{ "curve": "stepped" },
					{ "time": 1.2333 }
				],
				"scale": [
					{ "curve": "stepped" },
					{ "time": 1.2333 }
				]
			},
			"body8": {
				"rotate": [
					{ "value": 1.05, "curve": "stepped" },
					{ "time": 1.2333, "value": 1.05 }
				],
				"translate": [
					{ "curve": "stepped" },
					{ "time": 1.2333 }
				],
				"scale": [
					{ "curve": "stepped" },
					{ "time": 1.2333 }
				]
			},
			"feeling_3": {
				"rotate": [
					{ "value": -17.34, "curve": "stepped" },
					{ "time": 1.2333, "value": -17.34 }
				],
				"translate": [
					{ "x": 126.63, "y": -171.21, "curve": "stepped" },
					{ "time": 1.2333, "x": 126.63, "y": -171.21 }
				],
				"scale": [
					{ "x": 1.625, "y": -1.625, "curve": "stepped" },
					{ "time": 1.2333, "x": 1.625, "y": -1.625 }
				]
			},
			"emoji": {
				"rotate": [
					{ "value": 5.81, "curve": "stepped" },
					{ "time": 1.2333, "value": 5.81 }
				],
				"translate": [
					{ "x": -1.67, "y": 16.4, "curve": "stepped" },
					{ "time": 1.2333, "x": -1.67, "y": 16.4 }
				],
				"scale": [
					{ "curve": "stepped" },
					{ "time": 1.2333 }
				]
			},
			"shouder_1": {
				"rotate": [
					{ "value": -122.89, "curve": "stepped" },
					{ "time": 1.2333, "value": -122.89 }
				],
				"translate": [
					{ "x": 17.49, "y": 3.57, "curve": "stepped" },
					{ "time": 1.2333, "x": 17.49, "y": 3.57 }
				],
				"scale": [
					{ "curve": "stepped" },
					{ "time": 1.2333 }
				]
			},
			"arm_1": {
				"rotate": [
					{ "value": -45.19, "curve": "stepped" },
					{ "time": 1.2333, "value": -45.19 }
				],
				"translate": [
					{ "x": 2.02, "y": 0.08, "curve": "stepped" },
					{ "time": 1.2333, "x": 2.02, "y": 0.08 }
				],
				"scale": [
					{ "curve": "stepped" },
					{ "time": 1.2333 }
				]
			},
			"shouder_2": {
				"rotate": [
					{ "value": 131.86, "curve": "stepped" },
					{ "time": 1.2333, "value": 131.86 }
				],
				"translate": [
					{ "x": 20.48, "y": 1.33, "curve": "stepped" },
					{ "time": 1.2333, "x": 20.48, "y": 1.33 }
				],
				"scale": [
					{ "curve": "stepped" },
					{ "time": 1.2333 }
				]
			},
			"arm_2": {
				"rotate": [
					{ "value": -21.4, "curve": "stepped" },
					{ "time": 1.2333, "value": -21.4 }
				],
				"scale": [
					{ "curve": "stepped" },
					{ "time": 1.2333 }
				]
			},
			"thigh_1": {
				"rotate": [
					{ "value": 24.72, "curve": "stepped" },
					{ "time": 1.2333, "value": 24.72 }
				],
				"translate": [
					{ "curve": "stepped" },
					{ "time": 1.2333 }
				],
				"scale": [
					{ "curve": "stepped" },
					{ "time": 1.2333 }
				]
			},
			"leg_1": {
				"rotate": [
					{ "curve": "stepped" },
					{ "time": 1.2333 }
				],
				"translate": [
					{ "curve": "stepped" },
					{ "time": 1.2333 }
				]
			},
			"thigh_2": {
				"rotate": [
					{ "value": 39.21, "curve": "stepped" },
					{ "time": 1.2333, "value": 39.21 }
				],
				"translate": [
					{ "curve": "stepped" },
					{ "time": 1.2333 }
				],
				"scale": [
					{ "x": 1.027, "curve": "stepped" },
					{ "time": 1.2333, "x": 1.027 }
				]
			},
			"leg_2": {
				"rotate": [
					{ "value": 18.14, "curve": "stepped" },
					{ "time": 1.2333, "value": 18.14 }
				],
				"translate": [
					{ "curve": "stepped" },
					{ "time": 1.2333 }
				]
			},
			"foot_2": {
				"rotate": [
					{ "curve": "stepped" },
					{ "time": 1.2333 }
				],
				"translate": [
					{ "x": 86.4, "y": -6.21, "curve": "stepped" },
					{ "time": 1.2333, "x": 86.4, "y": -6.21 }
				]
			},
			"foot_3": {
				"rotate": [
					{ "value": 5.34, "curve": "stepped" },
					{ "time": 1.2333, "value": 5.34 }
				],
				"translate": [
					{ "x": -78.76, "y": 2.41, "curve": "stepped" },
					{ "time": 1.2333, "x": -78.76, "y": 2.41 }
				]
			},
			"feeling_5": {
				"rotate": [
					{ "value": 146.49, "curve": "stepped" },
					{ "time": 1.2333, "value": 146.49 }
				],
				"translate": [
					{ "x": 50.29, "y": -79.69, "curve": "stepped" },
					{ "time": 1.2333, "x": 50.29, "y": -79.69 }
				],
				"scale": [
					{ "x": 0.943, "y": 0.943, "curve": "stepped" },
					{
						"time": 0.1667,
						"x": 0.943,
						"y": 0.943,
						"curve": [ 0.192, 0.943, 0.242, 1.742, 0.192, 0.943, 0.242, 1.742 ]
					},
					{ "time": 0.2667, "x": 1.742, "y": 1.742 },
					{ "time": 0.3667, "x": 0.943, "y": 0.943, "curve": "stepped" },
					{
						"time": 0.5,
						"x": 0.943,
						"y": 0.943,
						"curve": [ 0.525, 0.943, 0.575, 1.742, 0.525, 0.943, 0.575, 1.742 ]
					},
					{ "time": 0.6, "x": 1.742, "y": 1.742 },
					{ "time": 0.7, "x": 0.943, "y": 0.943, "curve": "stepped" },
					{
						"time": 0.8333,
						"x": 0.943,
						"y": 0.943,
						"curve": [ 0.858, 0.943, 0.908, 1.742, 0.858, 0.943, 0.908, 1.742 ]
					},
					{ "time": 0.9333, "x": 1.742, "y": 1.742 },
					{ "time": 1.0333, "x": 0.943, "y": 0.943, "curve": "stepped" },
					{ "time": 1.2333, "x": 0.943, "y": 0.943 }
				],
				"shear": [
					{ "curve": "stepped" },
					{ "time": 1.2333 }
				]
			},
			"feeling_1": {
				"rotate": [
					{ "value": 75.87, "curve": "stepped" },
					{ "time": 1.2333, "value": 75.87 }
				],
				"translate": [
					{ "x": -212.17, "y": -133.37, "curve": "stepped" },
					{ "time": 1.2333, "x": -212.17, "y": -133.37 }
				],
				"scale": [
					{ "x": -0.991, "y": 0.991, "curve": "stepped" },
					{ "time": 1.2333, "x": -0.991, "y": 0.991 }
				]
			},
			"feeling_2": {
				"rotate": [
					{ "value": -154.13, "curve": "stepped" },
					{ "time": 1.2333, "value": -154.13 }
				],
				"translate": [
					{ "x": -110.82, "y": 31.69, "curve": "stepped" },
					{ "time": 1.2333, "x": -110.82, "y": 31.69 }
				],
				"scale": [
					{ "x": -2.356, "y": -2.356, "curve": "stepped" },
					{ "time": 1.2333, "x": -2.356, "y": -2.356 }
				]
			},
			"move": {
				"translate": [
					{ "x": 119.99, "curve": "stepped" },
					{ "time": 1.2333, "x": 119.99 }
				],
				"scale": [
					{ "curve": "stepped" },
					{ "time": 1.2333 }
				]
			},
			"hair_1": {
				"rotate": [
					{ "value": -22.98, "curve": "stepped" },
					{ "time": 1.2333, "value": -22.98 }
				],
				"translate": [
					{ "x": 76.66, "y": 623.76, "curve": "stepped" },
					{ "time": 1.2333, "x": 76.66, "y": 623.76 }
				],
				"scale": [
					{ "x": 1.185, "y": 1.185, "curve": "stepped" },
					{ "time": 1.2333, "x": 1.185, "y": 1.185 }
				]
			}
		},
		"ik": {
			"foot_1": [
				{
					"bendPositive": false,
					"stretch": true,
					"curve": [ 0.308, 1, 0.925, 1, 0.308, 0, 0.925, 0 ]
				},
				{ "time": 1.2333, "bendPositive": false, "stretch": true }
			],
			"foot_2": [
				{
					"stretch": true,
					"curve": [ 0.308, 1, 0.925, 1, 0.308, 0, 0.925, 0 ]
				},
				{ "time": 1.2333, "stretch": true }
			]
		},
		"drawOrder": [
			{
				"offsets": [
					{ "slot": "shoulder4", "offset": -3 },
					{ "slot": "feeling_3", "offset": 2 }
				]
			},
			{
				"time": 1.2333,
				"offsets": [
					{ "slot": "shoulder4", "offset": -3 },
					{ "slot": "feeling_3", "offset": 2 }
				]
			}
		]
	},
	"t_81_1_lose2": {
		"slots": {
			"body": {
				"rgba": [
					{ "color": "000000ff", "curve": "stepped" },
					{ "time": 1.1667, "color": "000000ff" }
				]
			},
			"Emoji": {
				"rgba": [
					{ "color": "ff6b6bff", "curve": "stepped" },
					{ "time": 1.1667, "color": "ff6b6bff" }
				],
				"attachment": [
					{ "name": "Emoji/emo_57_c" },
					{ "time": 1.1667, "name": "Emoji/emo_57_c" }
				]
			},
			"feeling_1": {
				"attachment": [
					{ "name": "giat_minh" },
					{ "time": 1.1667, "name": "giat_minh" }
				]
			},
			"feeling_2": {
				"attachment": [
					{ "name": "mo_hoi" },
					{ "time": 1.1667, "name": "mo_hoi" }
				]
			},
			"feeling_3": {
				"rgba": [
					{ "color": "ff7575ff", "curve": "stepped" },
					{ "time": 1.1667, "color": "ff7575ff" }
				],
				"attachment": [
					{ "name": "cham_than" },
					{ "time": 1.1667, "name": "cham_than" }
				]
			},
			"feeling_5": {
				"rgba": [
					{ "color": "fffc00ff", "curve": "stepped" },
					{ "time": 1.1667, "color": "fffc00ff" }
				],
				"attachment": [
					{ "name": "scare" },
					{ "time": 1.1667, "name": "scare" }
				]
			},
			"hair": {
				"attachment": [
					{},
					{ "time": 1.1667 }
				]
			},
			"head": {
				"rgba": [
					{ "color": "ffffffff", "curve": "stepped" },
					{ "time": 1.1667, "color": "ffffffff" }
				],
				"attachment": [
					{ "name": "head_7" },
					{ "time": 1.1667, "name": "head_7" }
				]
			},
			"item": {
				"attachment": [
					{},
					{ "time": 1.1667 }
				]
			},
			"shoulder1": {
				"rgba": [
					{ "color": "000000ff", "curve": "stepped" },
					{ "time": 1.1667, "color": "000000ff" }
				],
				"attachment": [
					{ "name": "shoulder" },
					{ "time": 1.1667, "name": "shoulder" }
				]
			},
			"shoulder2": {
				"rgba": [
					{ "color": "000000ff", "curve": "stepped" },
					{ "time": 1.1667, "color": "000000ff" }
				],
				"attachment": [
					{ "name": "shoulder" },
					{ "time": 1.1667, "name": "shoulder" }
				]
			},
			"shoulder3": {
				"rgba": [
					{ "color": "000000ff", "curve": "stepped" },
					{ "time": 1.1667, "color": "000000ff" }
				],
				"attachment": [
					{ "name": "shoulder" },
					{ "time": 1.1667, "name": "shoulder" }
				]
			},
			"shoulder4": {
				"rgba": [
					{ "color": "ff0000ff", "curve": "stepped" },
					{ "time": 1.1667, "color": "ff0000ff" }
				],
				"attachment": [
					{ "name": "shoulder" },
					{ "time": 1.1667, "name": "shoulder" }
				]
			},
			"thigh": {
				"rgba": [
					{ "color": "000000ff", "curve": "stepped" },
					{ "time": 1.1667, "color": "000000ff" }
				]
			},
			"thigh2": {
				"rgba": [
					{ "color": "000000ff", "curve": "stepped" },
					{ "time": 1.1667, "color": "000000ff" }
				]
			},
			"thigh3": {
				"rgba": [
					{ "color": "000000ff", "curve": "stepped" },
					{ "time": 1.1667, "color": "000000ff" }
				]
			},
			"thigh4": {
				"rgba": [
					{ "color": "000000ff", "curve": "stepped" },
					{ "time": 1.1667, "color": "000000ff" }
				]
			}
		},
		"bones": {
			"head": {
				"rotate": [
					{ "value": 9.41, "curve": "stepped" },
					{ "time": 1.1667, "value": 9.41 }
				],
				"translate": [
					{ "x": -21.55, "y": 7, "curve": "stepped" },
					{ "time": 1.1667, "x": -21.55, "y": 7 }
				],
				"scale": [
					{ "x": 1.16, "y": 0.929, "curve": "stepped" },
					{ "time": 1.1667, "x": 1.16, "y": 0.929 }
				]
			},
			"root": {
				"rotate": [
					{ "curve": "stepped" },
					{ "time": 1.1667 }
				],
				"translate": [
					{ "curve": "stepped" },
					{ "time": 1.1667 }
				]
			},
			"main": {
				"rotate": [
					{ "value": 1.58, "curve": "stepped" },
					{ "time": 1.1667, "value": 1.58 }
				],
				"translate": [
					{ "x": 10.92, "y": -29.83, "curve": "stepped" },
					{ "time": 1.1667, "x": 10.92, "y": -29.83 }
				]
			},
			"hip": {
				"rotate": [
					{ "curve": "stepped" },
					{ "time": 1.1667 }
				],
				"translate": [
					{ "curve": "stepped" },
					{ "time": 1.1667 }
				]
			},
			"body": {
				"rotate": [
					{ "value": 0.95, "curve": "stepped" },
					{ "time": 1.1667, "value": 0.95 }
				],
				"translate": [
					{ "curve": "stepped" },
					{ "time": 1.1667 }
				],
				"scale": [
					{ "curve": "stepped" },
					{ "time": 1.1667 }
				]
			},
			"body2": {
				"rotate": [
					{ "value": 0.95, "curve": "stepped" },
					{ "time": 1.1667, "value": 0.95 }
				],
				"translate": [
					{ "curve": "stepped" },
					{ "time": 1.1667 }
				],
				"scale": [
					{ "curve": "stepped" },
					{ "time": 1.1667 }
				]
			},
			"body3": {
				"rotate": [
					{ "value": 0.95, "curve": "stepped" },
					{ "time": 1.1667, "value": 0.95 }
				],
				"translate": [
					{ "curve": "stepped" },
					{ "time": 1.1667 }
				],
				"scale": [
					{ "curve": "stepped" },
					{ "time": 1.1667 }
				]
			},
			"body4": {
				"rotate": [
					{ "value": 0.95, "curve": "stepped" },
					{ "time": 1.1667, "value": 0.95 }
				],
				"translate": [
					{ "curve": "stepped" },
					{ "time": 1.1667 }
				],
				"scale": [
					{ "curve": "stepped" },
					{ "time": 1.1667 }
				]
			},
			"body5": {
				"rotate": [
					{ "value": 0.95, "curve": "stepped" },
					{ "time": 1.1667, "value": 0.95 }
				],
				"translate": [
					{ "curve": "stepped" },
					{ "time": 1.1667 }
				],
				"scale": [
					{ "curve": "stepped" },
					{ "time": 1.1667 }
				]
			},
			"body6": {
				"rotate": [
					{ "value": 0.95, "curve": "stepped" },
					{ "time": 1.1667, "value": 0.95 }
				],
				"translate": [
					{ "curve": "stepped" },
					{ "time": 1.1667 }
				],
				"scale": [
					{ "curve": "stepped" },
					{ "time": 1.1667 }
				]
			},
			"body7": {
				"rotate": [
					{ "value": 0.95, "curve": "stepped" },
					{ "time": 1.1667, "value": 0.95 }
				],
				"translate": [
					{ "curve": "stepped" },
					{ "time": 1.1667 }
				],
				"scale": [
					{ "curve": "stepped" },
					{ "time": 1.1667 }
				]
			},
			"body8": {
				"rotate": [
					{ "value": 0.95, "curve": "stepped" },
					{ "time": 1.1667, "value": 0.95 }
				],
				"translate": [
					{ "curve": "stepped" },
					{ "time": 1.1667 }
				],
				"scale": [
					{ "curve": "stepped" },
					{ "time": 1.1667 }
				]
			},
			"feeling_3": {
				"rotate": [
					{ "value": 9.14, "curve": "stepped" },
					{ "time": 1.1667, "value": 9.14 }
				],
				"translate": [
					{ "x": 82.95, "y": 58.47, "curve": "stepped" },
					{ "time": 1.1667, "x": 82.95, "y": 58.47 }
				],
				"scale": [
					{ "x": 1.433, "y": 1.433, "curve": "stepped" },
					{ "time": 1.1667, "x": 1.433, "y": 1.433 }
				]
			},
			"emoji": {
				"rotate": [
					{ "value": 3.81, "curve": "stepped" },
					{ "time": 1.1667, "value": 3.81 }
				],
				"translate": [
					{ "x": 33.75, "y": -37.88, "curve": "stepped" },
					{ "time": 1.1667, "x": 33.75, "y": -37.88 }
				],
				"scale": [
					{ "x": 1.142, "y": 1.316, "curve": "stepped" },
					{ "time": 1.1667, "x": 1.142, "y": 1.316 }
				]
			},
			"shouder_1": {
				"rotate": [
					{ "value": -103.3, "curve": "stepped" },
					{ "time": 1.1667, "value": -103.3 }
				],
				"translate": [
					{ "x": 14.41, "y": -1.24, "curve": "stepped" },
					{ "time": 1.1667, "x": 14.41, "y": -1.24 }
				],
				"scale": [
					{ "curve": "stepped" },
					{ "time": 1.1667 }
				]
			},
			"arm_1": {
				"rotate": [
					{ "value": 126.73, "curve": "stepped" },
					{ "time": 1.1667, "value": 126.73 }
				],
				"translate": [
					{ "x": 2.02, "y": 0.08, "curve": "stepped" },
					{ "time": 1.1667, "x": 2.02, "y": 0.08 }
				],
				"scale": [
					{ "curve": "stepped" },
					{ "time": 1.1667 }
				]
			},
			"shouder_2": {
				"rotate": [
					{ "value": -174.64, "curve": "stepped" },
					{ "time": 1.1667, "value": -174.64 }
				],
				"translate": [
					{ "x": 5.96, "y": 0.39, "curve": "stepped" },
					{ "time": 1.1667, "x": 5.96, "y": 0.39 }
				],
				"scale": [
					{ "curve": "stepped" },
					{ "time": 1.1667 }
				]
			},
			"arm_2": {
				"rotate": [
					{ "value": 24.84, "curve": "stepped" },
					{ "time": 1.1667, "value": 24.84 }
				],
				"translate": [
					{ "curve": "stepped" },
					{ "time": 1.1667 }
				],
				"scale": [
					{ "x": 1.413, "y": 1.154, "curve": "stepped" },
					{ "time": 1.1667, "x": 1.413, "y": 1.154 }
				]
			},
			"thigh_1": {
				"rotate": [
					{ "value": 24.72, "curve": "stepped" },
					{ "time": 1.1667, "value": 24.72 }
				],
				"translate": [
					{ "curve": "stepped" },
					{ "time": 1.1667 }
				],
				"scale": [
					{ "curve": "stepped" },
					{ "time": 1.1667 }
				]
			},
			"leg_1": {
				"rotate": [
					{ "curve": "stepped" },
					{ "time": 1.1667 }
				],
				"translate": [
					{ "curve": "stepped" },
					{ "time": 1.1667 }
				],
				"scale": [
					{ "curve": "stepped" },
					{ "time": 1.1667 }
				]
			},
			"thigh_2": {
				"rotate": [
					{ "value": 39.21, "curve": "stepped" },
					{ "time": 1.1667, "value": 39.21 }
				],
				"translate": [
					{ "curve": "stepped" },
					{ "time": 1.1667 }
				],
				"scale": [
					{ "curve": "stepped" },
					{ "time": 1.1667 }
				]
			},
			"leg_2": {
				"rotate": [
					{ "value": 18.14, "curve": "stepped" },
					{ "time": 1.1667, "value": 18.14 }
				],
				"translate": [
					{ "curve": "stepped" },
					{ "time": 1.1667 }
				]
			},
			"foot_2": {
				"rotate": [
					{ "curve": "stepped" },
					{ "time": 1.1667 }
				],
				"translate": [
					{ "x": -73.15, "y": 2.77, "curve": "stepped" },
					{ "time": 1.1667, "x": -73.15, "y": 2.77 }
				]
			},
			"foot_3": {
				"rotate": [
					{ "curve": "stepped" },
					{ "time": 1.1667 }
				],
				"translate": [
					{ "x": 76.54, "y": 0.62, "curve": "stepped" },
					{ "time": 1.1667, "x": 76.54, "y": 0.62 }
				]
			},
			"feeling_5": {
				"rotate": [
					{ "value": -3.44, "curve": "stepped" },
					{ "time": 0.0667, "value": -3.44, "curve": "stepped" },
					{ "time": 0.1667, "value": -55.14, "curve": "stepped" },
					{ "time": 0.2667, "value": -3.44, "curve": "stepped" },
					{ "time": 0.4, "value": -3.44, "curve": "stepped" },
					{ "time": 0.5, "value": -55.14, "curve": "stepped" },
					{ "time": 0.6, "value": -3.44, "curve": "stepped" },
					{ "time": 0.8, "value": -3.44, "curve": "stepped" },
					{ "time": 0.9, "value": -55.14, "curve": "stepped" },
					{ "time": 1, "value": -3.44, "curve": "stepped" },
					{ "time": 1.1667, "value": -3.44 }
				],
				"translate": [
					{ "x": -93.63, "y": -109.53, "curve": "stepped" },
					{ "time": 1.1667, "x": -93.63, "y": -109.53 }
				],
				"scale": [
					{ "x": 0.943, "y": 0.943, "curve": "stepped" },
					{ "time": 0.0667, "x": 0.943, "y": 0.943, "curve": "stepped" },
					{ "time": 0.1667, "x": 1.789, "y": 1.789, "curve": "stepped" },
					{ "time": 0.2667, "x": 0.943, "y": 0.943, "curve": "stepped" },
					{ "time": 0.4, "x": 0.943, "y": 0.943, "curve": "stepped" },
					{ "time": 0.5, "x": 1.789, "y": 1.789, "curve": "stepped" },
					{ "time": 0.6, "x": 0.943, "y": 0.943, "curve": "stepped" },
					{ "time": 0.8, "x": 0.943, "y": 0.943, "curve": "stepped" },
					{ "time": 0.9, "x": 1.789, "y": 1.789, "curve": "stepped" },
					{ "time": 1, "x": 0.943, "y": 0.943, "curve": "stepped" },
					{ "time": 1.1667, "x": 0.943, "y": 0.943 }
				],
				"shear": [
					{ "curve": "stepped" },
					{ "time": 1.1667 }
				]
			},
			"item_1": {
				"rotate": [
					{ "value": 22.94, "curve": "stepped" },
					{ "time": 1.1667, "value": 22.94 }
				],
				"translate": [
					{ "x": -26.83, "y": 119.53, "curve": "stepped" },
					{ "time": 1.1667, "x": -26.83, "y": 119.53 }
				],
				"scale": [
					{ "x": 1.145, "y": 1.145, "curve": "stepped" },
					{ "time": 1.1667, "x": 1.145, "y": 1.145 }
				]
			},
			"feeling_1": {
				"rotate": [
					{ "value": 0.39, "curve": "stepped" },
					{ "time": 1.1667, "value": 0.39 }
				],
				"translate": [
					{ "x": -9.99, "y": -57.21, "curve": "stepped" },
					{ "time": 1.1667, "x": -9.99, "y": -57.21 }
				],
				"scale": [
					{ "x": 1.057, "y": 1.057, "curve": "stepped" },
					{ "time": 1.1667, "x": 1.057, "y": 1.057 }
				]
			},
			"move": {
				"translate": [
					{ "x": 119.99, "y": 0.12, "curve": "stepped" },
					{ "time": 1.1667, "x": 119.99, "y": 0.12 }
				],
				"scale": [
					{ "x": -1, "curve": "stepped" },
					{ "time": 1.1667, "x": -1 }
				]
			},
			"feeling_2": {
				"rotate": [
					{ "value": 164.49, "curve": "stepped" },
					{ "time": 1.1667, "value": 164.49 }
				],
				"translate": [
					{ "x": -50.91, "y": 8.53, "curve": "stepped" },
					{ "time": 1.1667, "x": -50.91, "y": 8.53 }
				],
				"scale": [
					{ "x": -0.7, "y": 1.167, "curve": "stepped" },
					{ "time": 1.1667, "x": -0.7, "y": 1.167 }
				]
			},
			"hair_1": {
				"rotate": [
					{ "value": -7.06, "curve": "stepped" },
					{ "time": 1.1667, "value": -7.06 }
				],
				"translate": [
					{ "x": 138.93, "y": 567.53, "curve": "stepped" },
					{ "time": 1.1667, "x": 138.93, "y": 567.53 }
				],
				"scale": [
					{ "x": -1.226, "y": 1.226, "curve": "stepped" },
					{ "time": 1.1667, "x": -1.226, "y": 1.226 }
				]
			}
		},
		"ik": {
			"foot_1": [
				{
					"stretch": true,
					"curve": [ 0.292, 1, 0.875, 1, 0.292, 0, 0.875, 0 ]
				},
				{ "time": 1.1667, "stretch": true }
			],
			"foot_2": [
				{
					"bendPositive": false,
					"stretch": true,
					"curve": [ 0.292, 1, 0.875, 1, 0.292, 0, 0.875, 0 ]
				},
				{ "time": 1.1667, "bendPositive": false, "stretch": true }
			]
		},
		"drawOrder": [
			{
				"offsets": [
					{ "slot": "shoulder1", "offset": 4 },
					{ "slot": "shoulder2", "offset": 12 },
					{ "slot": "shoulder4", "offset": 6 },
					{ "slot": "feeling_5", "offset": 3 },
					{ "slot": "feeling_1", "offset": -6 }
				]
			},
			{
				"time": 1.1667,
				"offsets": [
					{ "slot": "shoulder1", "offset": 4 },
					{ "slot": "shoulder2", "offset": 12 },
					{ "slot": "shoulder4", "offset": 6 },
					{ "slot": "feeling_5", "offset": 3 },
					{ "slot": "feeling_1", "offset": -6 }
				]
			}
		]
	},
	"t_81_1_win": {
		"slots": {
			"body": {
				"rgba": [
					{ "color": "000000ff", "curve": "stepped" },
					{ "time": 0.0333, "color": "000000ff" }
				]
			},
			"Emoji": {
				"attachment": [
					{ "name": "Emoji/emo_90" },
					{ "time": 0.0333, "name": "Emoji/emo_90" }
				]
			},
			"feeling_1": {
				"attachment": [
					{},
					{ "time": 0.0333 }
				]
			},
			"feeling_2": {
				"attachment": [
					{},
					{ "time": 0.0333 }
				]
			},
			"feeling_3": {
				"rgba": [
					{ "color": "ffffffff", "curve": "stepped" },
					{ "time": 0.0333, "color": "ffffffff" }
				],
				"attachment": [
					{},
					{ "time": 0.0333 }
				]
			},
			"feeling_5": {
				"attachment": [
					{},
					{ "time": 0.0333 }
				]
			},
			"hair": {
				"attachment": [
					{},
					{ "time": 0.0333 }
				]
			},
			"shoulder1": {
				"rgba": [
					{ "color": "000000ff", "curve": "stepped" },
					{ "time": 0.0333, "color": "000000ff" }
				],
				"attachment": [
					{ "name": "shoulder" },
					{ "time": 0.0333, "name": "shoulder" }
				]
			},
			"shoulder2": {
				"rgba": [
					{ "color": "000000ff", "curve": "stepped" },
					{ "time": 0.0333, "color": "000000ff" }
				],
				"attachment": [
					{ "name": "shoulder" },
					{ "time": 0.0333, "name": "shoulder" }
				]
			},
			"shoulder3": {
				"rgba": [
					{ "color": "000000ff", "curve": "stepped" },
					{ "time": 0.0333, "color": "000000ff" }
				],
				"attachment": [
					{ "name": "shoulder" },
					{ "time": 0.0333, "name": "shoulder" }
				]
			},
			"shoulder4": {
				"rgba": [
					{ "color": "000000ff", "curve": "stepped" },
					{ "time": 0.0333, "color": "000000ff" }
				],
				"attachment": [
					{ "name": "shoulder" },
					{ "time": 0.0333, "name": "shoulder" }
				]
			},
			"thigh": {
				"rgba": [
					{ "color": "000000ff", "curve": "stepped" },
					{ "time": 0.0333, "color": "000000ff" }
				]
			},
			"thigh2": {
				"rgba": [
					{ "color": "000000ff", "curve": "stepped" },
					{ "time": 0.0333, "color": "000000ff" }
				]
			},
			"thigh3": {
				"rgba": [
					{ "color": "000000ff", "curve": "stepped" },
					{ "time": 0.0333, "color": "000000ff" }
				]
			},
			"thigh4": {
				"rgba": [
					{ "color": "000000ff", "curve": "stepped" },
					{ "time": 0.0333, "color": "000000ff" }
				]
			}
		},
		"bones": {
			"body": {
				"rotate": [
					{ "value": 22.05, "curve": "stepped" },
					{ "time": 0.0333, "value": 22.05 }
				]
			},
			"body2": {
				"rotate": [
					{ "value": 3.23, "curve": "stepped" },
					{ "time": 0.0333, "value": 3.23 }
				]
			},
			"body3": {
				"rotate": [
					{ "value": 5.59, "curve": "stepped" },
					{ "time": 0.0333, "value": 5.59 }
				]
			},
			"body4": {
				"rotate": [
					{ "value": 5.53, "curve": "stepped" },
					{ "time": 0.0333, "value": 5.53 }
				]
			},
			"body5": {
				"rotate": [
					{ "value": 3.26, "curve": "stepped" },
					{ "time": 0.0333, "value": 3.26 }
				]
			},
			"body6": {
				"rotate": [
					{ "value": 3.67, "curve": "stepped" },
					{ "time": 0.0333, "value": 3.67 }
				]
			},
			"body7": {
				"rotate": [
					{ "value": 5.24, "curve": "stepped" },
					{ "time": 0.0333, "value": 5.24 }
				]
			},
			"body8": {
				"rotate": [
					{ "value": 0.64, "curve": "stepped" },
					{ "time": 0.0333, "value": 0.64 }
				],
				"translate": [
					{ "x": 10.92, "y": -0.52, "curve": "stepped" },
					{ "time": 0.0333, "x": 10.92, "y": -0.52 }
				]
			},
			"thigh_1": {
				"rotate": [
					{ "value": 26.16, "curve": "stepped" },
					{ "time": 0.0333, "value": 26.16 }
				]
			},
			"leg_1": {
				"rotate": [
					{ "value": 72.18, "curve": "stepped" },
					{ "time": 0.0333, "value": 72.18 }
				],
				"scale": [
					{ "curve": "stepped" },
					{ "time": 0.0333 }
				]
			},
			"main": {
				"rotate": [
					{ "value": -19.85, "curve": "stepped" },
					{ "time": 0.0333, "value": -19.85 }
				],
				"translate": [
					{ "x": 12.45, "y": -67.54, "curve": "stepped" },
					{ "time": 0.0333, "x": 12.45, "y": -67.54 }
				]
			},
			"head": {
				"rotate": [
					{ "value": 163.72, "curve": "stepped" },
					{ "time": 0.0333, "value": 163.72 }
				],
				"translate": [
					{ "x": -22.66, "y": 24.14, "curve": "stepped" },
					{ "time": 0.0333, "x": -22.66, "y": 24.14 }
				],
				"scale": [
					{ "x": -1, "curve": "stepped" },
					{ "time": 0.0333, "x": -1 }
				]
			},
			"shouder_1": {
				"rotate": [
					{ "value": -103.89, "curve": "stepped" },
					{ "time": 0.0333, "value": -103.89 }
				],
				"translate": [
					{ "x": 12.21, "y": 2.21, "curve": "stepped" },
					{ "time": 0.0333, "x": 12.21, "y": 2.21 }
				],
				"scale": [
					{ "curve": "stepped" },
					{ "time": 0.0333 }
				]
			},
			"arm_1": {
				"rotate": [
					{ "value": -49.75, "curve": "stepped" },
					{ "time": 0.0333, "value": -49.75 }
				]
			},
			"shouder_2": {
				"rotate": [
					{ "value": 39.27, "curve": "stepped" },
					{ "time": 0.0333, "value": 39.27 }
				],
				"translate": [
					{ "x": 16.8, "y": 4.91, "curve": "stepped" },
					{ "time": 0.0333, "x": 16.8, "y": 4.91 }
				],
				"scale": [
					{ "curve": "stepped" },
					{ "time": 0.0333 }
				]
			},
			"arm_2": {
				"rotate": [
					{ "value": 22.78, "curve": "stepped" },
					{ "time": 0.0333, "value": 22.78 }
				],
				"scale": [
					{ "curve": "stepped" },
					{ "time": 0.0333 }
				]
			},
			"thigh_2": {
				"rotate": [
					{ "value": -82.1, "curve": "stepped" },
					{ "time": 0.0333, "value": -82.1 }
				],
				"scale": [
					{ "curve": "stepped" },
					{ "time": 0.0333 }
				]
			},
			"leg_2": {
				"rotate": [
					{ "value": 49.36, "curve": "stepped" },
					{ "time": 0.0333, "value": 49.36 }
				],
				"scale": [
					{ "curve": "stepped" },
					{ "time": 0.0333 }
				]
			},
			"emoji": {
				"rotate": [
					{ "value": -9.95, "curve": "stepped" },
					{ "time": 0.0333, "value": -9.95 }
				],
				"translate": [
					{ "x": -10.13, "y": -15.6, "curve": "stepped" },
					{ "time": 0.0333, "x": -10.13, "y": -15.6 }
				],
				"scale": [
					{ "x": 1.073, "y": 1.073, "curve": "stepped" },
					{ "time": 0.0333, "x": 1.073, "y": 1.073 }
				]
			},
			"feeling_3": {
				"rotate": [
					{ "value": 11.38, "curve": "stepped" },
					{ "time": 0.0333, "value": 11.38 }
				],
				"translate": [
					{ "x": -32.05, "y": -108.63, "curve": "stepped" },
					{ "time": 0.0333, "x": -32.05, "y": -108.63 }
				],
				"scale": [
					{ "x": 0.932, "y": 0.932, "curve": "stepped" },
					{ "time": 0.0333, "x": 0.932, "y": 0.932 }
				]
			},
			"feeling_5": {
				"rotate": [
					{ "value": -84.16, "curve": "stepped" },
					{ "time": 0.0333, "value": -84.16 }
				],
				"translate": [
					{ "x": -22.98, "y": -27.73, "curve": "stepped" },
					{ "time": 0.0333, "x": -22.98, "y": -27.73 }
				],
				"scale": [
					{ "x": 0.435, "y": 0.435, "curve": "stepped" },
					{ "time": 0.0333, "x": 0.435, "y": 0.435 }
				]
			},
			"move": {
				"translate": [
					{ "x": 119.99, "curve": "stepped" },
					{ "time": 0.0333, "x": 119.99 }
				],
				"scale": [
					{ "x": -1, "curve": "stepped" },
					{ "time": 0.0333, "x": -1 }
				]
			},
			"feeling_1": {
				"rotate": [
					{ "value": 4.32, "curve": "stepped" },
					{ "time": 0.0333, "value": 4.32 }
				],
				"translate": [
					{ "x": -62.58, "y": -89.73, "curve": "stepped" },
					{ "time": 0.0333, "x": -62.58, "y": -89.73 }
				],
				"scale": [
					{ "curve": "stepped" },
					{ "time": 0.0333 }
				]
			},
			"feeling_2": {
				"rotate": [
					{ "value": 22.96, "curve": "stepped" },
					{ "time": 0.0333, "value": 22.96 }
				],
				"translate": [
					{ "x": -223.58, "y": -46.16, "curve": "stepped" },
					{ "time": 0.0333, "x": -223.58, "y": -46.16 }
				],
				"scale": [
					{ "x": 1.236, "y": 1.236, "curve": "stepped" },
					{ "time": 0.0333, "x": 1.236, "y": 1.236 }
				]
			},
			"foot_2": {
				"rotate": [
					{ "value": -13.59, "curve": "stepped" },
					{ "time": 0.0333, "value": -13.59 }
				],
				"translate": [
					{ "x": -136.63, "y": 2.7, "curve": "stepped" },
					{ "time": 0.0333, "x": -136.63, "y": 2.7 }
				]
			},
			"foot_3": {
				"rotate": [
					{ "value": 4.81, "curve": "stepped" },
					{ "time": 0.0333, "value": 4.81 }
				],
				"translate": [
					{ "x": 147.26, "y": 3.35, "curve": "stepped" },
					{ "time": 0.0333, "x": 147.26, "y": 3.35 }
				]
			},
			"hair_1": {
				"rotate": [
					{ "value": 43.69, "curve": "stepped" },
					{ "time": 0.0333, "value": 43.69 }
				],
				"translate": [
					{ "x": -43.14, "y": 496.6, "curve": "stepped" },
					{ "time": 0.0333, "x": -43.14, "y": 496.6 }
				],
				"scale": [
					{ "x": 1.392, "y": 1.392, "curve": "stepped" },
					{ "time": 0.0333, "x": 1.392, "y": 1.392 }
				]
			}
		},
		"ik": {
			"foot_1": [
				{
					"stretch": true,
					"curve": [ 0.008, 1, 0.025, 1, 0.008, 0, 0.025, 0 ]
				},
				{ "time": 0.0333, "stretch": true }
			],
			"foot_2": [
				{
					"stretch": true,
					"curve": [ 0.008, 1, 0.025, 1, 0.008, 0, 0.025, 0 ]
				},
				{ "time": 0.0333, "stretch": true }
			]
		}
	},
	"t_81_2_be": {
		"slots": {
			"body": {
				"rgba": [
					{ "color": "000000ff", "curve": "stepped" },
					{ "time": 0.0333, "color": "000000ff" }
				]
			},
			"Emoji": {
				"attachment": [
					{ "name": "Emoji/emo_17" },
					{ "time": 0.0333, "name": "Emoji/emo_17" }
				]
			},
			"feeling_1": {
				"attachment": [
					{},
					{ "time": 0.0333 }
				]
			},
			"feeling_2": {
				"attachment": [
					{},
					{ "time": 0.0333 }
				]
			},
			"feeling_3": {
				"rgba": [
					{ "color": "ffffffff", "curve": "stepped" },
					{ "time": 0.0333, "color": "ffffffff" }
				],
				"attachment": [
					{},
					{ "time": 0.0333 }
				]
			},
			"feeling_5": {
				"attachment": [
					{},
					{ "time": 0.0333 }
				]
			},
			"hair": {
				"attachment": [
					{ "name": "hair/man/toc_8" },
					{ "time": 0.0333, "name": "hair/man/toc_8" }
				]
			},
			"head": {
				"rgba": [
					{ "color": "ffffffff", "curve": "stepped" },
					{ "time": 0.0333, "color": "ffffffff" }
				],
				"attachment": [
					{ "name": "head" },
					{ "time": 0.0333, "name": "head" }
				]
			},
			"shoulder1": {
				"rgba": [
					{ "color": "000000ff", "curve": "stepped" },
					{ "time": 0.0333, "color": "000000ff" }
				],
				"attachment": [
					{ "name": "shoulder" },
					{ "time": 0.0333, "name": "shoulder" }
				]
			},
			"shoulder2": {
				"rgba": [
					{ "color": "000000ff", "curve": "stepped" },
					{ "time": 0.0333, "color": "000000ff" }
				],
				"attachment": [
					{ "name": "shoulder" },
					{ "time": 0.0333, "name": "shoulder" }
				]
			},
			"shoulder3": {
				"rgba": [
					{ "color": "000000ff", "curve": "stepped" },
					{ "time": 0.0333, "color": "000000ff" }
				],
				"attachment": [
					{ "name": "shoulder" },
					{ "time": 0.0333, "name": "shoulder" }
				]
			},
			"shoulder4": {
				"rgba": [
					{ "color": "000000ff", "curve": "stepped" },
					{ "time": 0.0333, "color": "000000ff" }
				],
				"attachment": [
					{ "name": "shoulder" },
					{ "time": 0.0333, "name": "shoulder" }
				]
			},
			"thigh": {
				"rgba": [
					{ "color": "000000ff", "curve": "stepped" },
					{ "time": 0.0333, "color": "000000ff" }
				]
			},
			"thigh2": {
				"rgba": [
					{ "color": "000000ff", "curve": "stepped" },
					{ "time": 0.0333, "color": "000000ff" }
				]
			},
			"thigh3": {
				"rgba": [
					{ "color": "000000ff", "curve": "stepped" },
					{ "time": 0.0333, "color": "000000ff" }
				]
			},
			"thigh4": {
				"rgba": [
					{ "color": "000000ff", "curve": "stepped" },
					{ "time": 0.0333, "color": "000000ff" }
				]
			}
		},
		"bones": {
			"head": {
				"rotate": [
					{ "value": -21.8, "curve": "stepped" },
					{ "time": 0.0333, "value": -21.8 }
				],
				"translate": [
					{ "x": -10.76, "y": 7.95, "curve": "stepped" },
					{ "time": 0.0333, "x": -10.76, "y": 7.95 }
				],
				"scale": [
					{ "curve": "stepped" },
					{ "time": 0.0333 }
				]
			},
			"root": {
				"rotate": [
					{ "curve": "stepped" },
					{ "time": 0.0333 }
				],
				"translate": [
					{ "curve": "stepped" },
					{ "time": 0.0333 }
				]
			},
			"main": {
				"rotate": [
					{ "value": -23.67, "curve": "stepped" },
					{ "time": 0.0333, "value": -23.67 }
				],
				"translate": [
					{ "x": 7.3, "y": -75.33, "curve": "stepped" },
					{ "time": 0.0333, "x": 7.3, "y": -75.33 }
				]
			},
			"hip": {
				"rotate": [
					{ "curve": "stepped" },
					{ "time": 0.0333 }
				],
				"translate": [
					{ "curve": "stepped" },
					{ "time": 0.0333 }
				]
			},
			"body": {
				"rotate": [
					{ "value": 2.85, "curve": "stepped" },
					{ "time": 0.0333, "value": 2.85 }
				],
				"translate": [
					{ "curve": "stepped" },
					{ "time": 0.0333 }
				],
				"scale": [
					{ "curve": "stepped" },
					{ "time": 0.0333 }
				]
			},
			"body2": {
				"rotate": [
					{ "value": 2.85, "curve": "stepped" },
					{ "time": 0.0333, "value": 2.85 }
				],
				"translate": [
					{ "curve": "stepped" },
					{ "time": 0.0333 }
				],
				"scale": [
					{ "curve": "stepped" },
					{ "time": 0.0333 }
				]
			},
			"body3": {
				"rotate": [
					{ "value": 2.85, "curve": "stepped" },
					{ "time": 0.0333, "value": 2.85 }
				],
				"translate": [
					{ "curve": "stepped" },
					{ "time": 0.0333 }
				],
				"scale": [
					{ "curve": "stepped" },
					{ "time": 0.0333 }
				]
			},
			"body4": {
				"rotate": [
					{ "value": 2.85, "curve": "stepped" },
					{ "time": 0.0333, "value": 2.85 }
				],
				"translate": [
					{ "curve": "stepped" },
					{ "time": 0.0333 }
				],
				"scale": [
					{ "curve": "stepped" },
					{ "time": 0.0333 }
				]
			},
			"body5": {
				"rotate": [
					{ "value": 2.85, "curve": "stepped" },
					{ "time": 0.0333, "value": 2.85 }
				],
				"translate": [
					{ "curve": "stepped" },
					{ "time": 0.0333 }
				],
				"scale": [
					{ "curve": "stepped" },
					{ "time": 0.0333 }
				]
			},
			"body6": {
				"rotate": [
					{ "value": 2.85, "curve": "stepped" },
					{ "time": 0.0333, "value": 2.85 }
				],
				"translate": [
					{ "curve": "stepped" },
					{ "time": 0.0333 }
				],
				"scale": [
					{ "curve": "stepped" },
					{ "time": 0.0333 }
				]
			},
			"body7": {
				"rotate": [
					{ "value": 2.85, "curve": "stepped" },
					{ "time": 0.0333, "value": 2.85 }
				],
				"translate": [
					{ "curve": "stepped" },
					{ "time": 0.0333 }
				],
				"scale": [
					{ "curve": "stepped" },
					{ "time": 0.0333 }
				]
			},
			"body8": {
				"rotate": [
					{ "value": 2.85, "curve": "stepped" },
					{ "time": 0.0333, "value": 2.85 }
				],
				"translate": [
					{ "curve": "stepped" },
					{ "time": 0.0333 }
				],
				"scale": [
					{ "curve": "stepped" },
					{ "time": 0.0333 }
				]
			},
			"feeling_3": {
				"rotate": [
					{ "value": 117.07, "curve": "stepped" },
					{ "time": 0.0333, "value": 117.07 }
				],
				"translate": [
					{ "x": 42.99, "y": -122.78, "curve": "stepped" },
					{ "time": 0.0333, "x": 42.99, "y": -122.78 }
				],
				"scale": [
					{ "x": 1.463, "y": 1.463, "curve": "stepped" },
					{ "time": 0.0333, "x": 1.463, "y": 1.463 }
				]
			},
			"emoji": {
				"rotate": [
					{ "value": -7.01, "curve": "stepped" },
					{ "time": 0.0333, "value": -7.01 }
				],
				"translate": [
					{ "x": 9.62, "y": 14.44, "curve": "stepped" },
					{ "time": 0.0333, "x": 9.62, "y": 14.44 }
				],
				"scale": [
					{ "curve": "stepped" },
					{ "time": 0.0333 }
				]
			},
			"shouder_1": {
				"rotate": [
					{ "value": -18.2, "curve": "stepped" },
					{ "time": 0.0333, "value": -18.2 }
				],
				"translate": [
					{ "x": 22.46, "y": -0.2, "curve": "stepped" },
					{ "time": 0.0333, "x": 22.46, "y": -0.2 }
				],
				"scale": [
					{ "curve": "stepped" },
					{ "time": 0.0333 }
				]
			},
			"arm_1": {
				"rotate": [
					{ "value": -62.48, "curve": "stepped" },
					{ "time": 0.0333, "value": -62.48 }
				],
				"translate": [
					{ "x": 2.02, "y": 0.08, "curve": "stepped" },
					{ "time": 0.0333, "x": 2.02, "y": 0.08 }
				],
				"scale": [
					{ "curve": "stepped" },
					{ "time": 0.0333 }
				]
			},
			"shouder_2": {
				"rotate": [
					{ "value": 21.75, "curve": "stepped" },
					{ "time": 0.0333, "value": 21.75 }
				],
				"translate": [
					{ "x": 21.99, "y": 1.63, "curve": "stepped" },
					{ "time": 0.0333, "x": 21.99, "y": 1.63 }
				],
				"scale": [
					{ "curve": "stepped" },
					{ "time": 0.0333 }
				]
			},
			"arm_2": {
				"rotate": [
					{ "value": 57.33, "curve": "stepped" },
					{ "time": 0.0333, "value": 57.33 }
				],
				"translate": [
					{ "curve": "stepped" },
					{ "time": 0.0333 }
				],
				"scale": [
					{ "curve": "stepped" },
					{ "time": 0.0333 }
				]
			},
			"thigh_1": {
				"rotate": [
					{ "value": 24.72, "curve": "stepped" },
					{ "time": 0.0333, "value": 24.72 }
				],
				"translate": [
					{ "curve": "stepped" },
					{ "time": 0.0333 }
				],
				"scale": [
					{ "x": 0.865, "curve": "stepped" },
					{ "time": 0.0333, "x": 0.865 }
				]
			},
			"leg_1": {
				"rotate": [
					{ "curve": "stepped" },
					{ "time": 0.0333 }
				],
				"translate": [
					{ "curve": "stepped" },
					{ "time": 0.0333 }
				],
				"scale": [
					{ "x": 1.27, "curve": "stepped" },
					{ "time": 0.0333, "x": 1.27 }
				]
			},
			"thigh_2": {
				"rotate": [
					{ "value": 39.21, "curve": "stepped" },
					{ "time": 0.0333, "value": 39.21 }
				],
				"translate": [
					{ "curve": "stepped" },
					{ "time": 0.0333 }
				],
				"scale": [
					{ "x": 0.828, "curve": "stepped" },
					{ "time": 0.0333, "x": 0.828 }
				]
			},
			"leg_2": {
				"rotate": [
					{ "value": 18.14, "curve": "stepped" },
					{ "time": 0.0333, "value": 18.14 }
				],
				"translate": [
					{ "curve": "stepped" },
					{ "time": 0.0333 }
				],
				"scale": [
					{ "x": 1.211, "curve": "stepped" },
					{ "time": 0.0333, "x": 1.211 }
				]
			},
			"foot_2": {
				"rotate": [
					{ "value": -52.56, "curve": "stepped" },
					{ "time": 0.0333, "value": -52.56 }
				],
				"translate": [
					{ "x": -131.09, "y": 1.71, "curve": "stepped" },
					{ "time": 0.0333, "x": -131.09, "y": 1.71 }
				]
			},
			"foot_3": {
				"rotate": [
					{ "curve": "stepped" },
					{ "time": 0.0333 }
				],
				"translate": [
					{ "x": 90.19, "y": 5.44, "curve": "stepped" },
					{ "time": 0.0333, "x": 90.19, "y": 5.44 }
				]
			},
			"feeling_5": {
				"rotate": [
					{ "value": -101.26, "curve": "stepped" },
					{ "time": 0.0333, "value": -101.26 }
				],
				"translate": [
					{ "x": -22.67, "y": -24.6, "curve": "stepped" },
					{ "time": 0.0333, "x": -22.67, "y": -24.6 }
				],
				"scale": [
					{ "x": 0.512, "y": 0.512, "curve": "stepped" },
					{ "time": 0.0333, "x": 0.512, "y": 0.512 }
				]
			},
			"item_1": {
				"translate": [
					{ "y": -245.53, "curve": "stepped" },
					{ "time": 0.0333, "y": -245.53 }
				],
				"scale": [
					{ "x": 1.369, "y": 1.369, "curve": "stepped" },
					{ "time": 0.0333, "x": 1.369, "y": 1.369 }
				]
			},
			"feeling_1": {
				"rotate": [
					{ "value": 34.69, "curve": "stepped" },
					{ "time": 0.0333, "value": 34.69 }
				],
				"translate": [
					{ "x": -264.03, "y": -47.06, "curve": "stepped" },
					{ "time": 0.0333, "x": -264.03, "y": -47.06 }
				],
				"scale": [
					{ "x": 1.936, "y": 1.936, "curve": "stepped" },
					{ "time": 0.0333, "x": 1.936, "y": 1.936 }
				]
			},
			"move": {
				"translate": [
					{ "x": 119.99, "curve": "stepped" },
					{ "time": 0.0333, "x": 119.99 }
				],
				"scale": [
					{ "x": -1, "curve": "stepped" },
					{ "time": 0.0333, "x": -1 }
				]
			},
			"feeling_2": {
				"rotate": [
					{ "value": 7.43, "curve": "stepped" },
					{ "time": 0.0333, "value": 7.43 }
				],
				"translate": [
					{ "x": -10.37, "y": -3.54, "curve": "stepped" },
					{ "time": 0.0333, "x": -10.37, "y": -3.54 }
				]
			},
			"hair_1": {
				"rotate": [
					{ "value": -4.31, "curve": "stepped" },
					{ "time": 0.0333, "value": -4.31 }
				],
				"translate": [
					{ "x": 67.95, "y": 580.49, "curve": "stepped" },
					{ "time": 0.0333, "x": 67.95, "y": 580.49 }
				],
				"scale": [
					{ "x": 1.033, "y": 1.033, "curve": "stepped" },
					{ "time": 0.0333, "x": 1.033, "y": 1.033 }
				]
			}
		},
		"ik": {
			"foot_1": [
				{
					"stretch": true,
					"curve": [ 0.008, 1, 0.025, 1, 0.008, 0, 0.025, 0 ]
				},
				{ "time": 0.0333, "stretch": true }
			],
			"foot_2": [
				{
					"bendPositive": false,
					"stretch": true,
					"curve": [ 0.008, 1, 0.025, 1, 0.008, 0, 0.025, 0 ]
				},
				{ "time": 0.0333, "bendPositive": false, "stretch": true }
			]
		},
		"drawOrder": [
			{
				"offsets": [
					{ "slot": "shoulder4", "offset": -3 }
				]
			},
			{
				"time": 0.0333,
				"offsets": [
					{ "slot": "shoulder4", "offset": -3 }
				]
			}
		]
	},
	"t_81_2_lose": {
		"slots": {
			"body": {
				"rgba": [
					{ "color": "000000ff", "curve": "stepped" },
					{ "time": 0.0333, "color": "000000ff" }
				]
			},
			"Emoji": {
				"attachment": [
					{ "name": "Emoji/emo_68b" },
					{ "time": 0.0333, "name": "Emoji/emo_68b" }
				]
			},
			"feeling_1": {
				"attachment": [
					{ "name": "cauco" },
					{ "time": 0.0333, "name": "cauco" }
				]
			},
			"feeling_2": {
				"attachment": [
					{},
					{ "time": 0.0333 }
				]
			},
			"feeling_3": {
				"rgba": [
					{ "color": "ffffffff", "curve": "stepped" },
					{ "time": 0.0333, "color": "ffffffff" }
				],
				"attachment": [
					{ "name": "giat_minh" },
					{ "time": 0.0333, "name": "giat_minh" }
				]
			},
			"feeling_5": {
				"attachment": [
					{},
					{ "time": 0.0333 }
				]
			},
			"hair": {
				"attachment": [
					{ "name": "hair/man/toc_8" },
					{ "time": 0.0333, "name": "hair/man/toc_8" }
				]
			},
			"head": {
				"rgba": [
					{ "color": "ffb3b3ff", "curve": "stepped" },
					{ "time": 0.0333, "color": "ffb3b3ff" }
				],
				"attachment": [
					{ "name": "head" },
					{ "time": 0.0333, "name": "head" }
				]
			},
			"shoulder1": {
				"rgba": [
					{ "color": "000000ff", "curve": "stepped" },
					{ "time": 0.0333, "color": "000000ff" }
				],
				"attachment": [
					{ "name": "shoulder" },
					{ "time": 0.0333, "name": "shoulder" }
				]
			},
			"shoulder2": {
				"rgba": [
					{ "color": "000000ff", "curve": "stepped" },
					{ "time": 0.0333, "color": "000000ff" }
				],
				"attachment": [
					{ "name": "shoulder" },
					{ "time": 0.0333, "name": "shoulder" }
				]
			},
			"shoulder3": {
				"rgba": [
					{ "color": "000000ff", "curve": "stepped" },
					{ "time": 0.0333, "color": "000000ff" }
				],
				"attachment": [
					{ "name": "shoulder" },
					{ "time": 0.0333, "name": "shoulder" }
				]
			},
			"shoulder4": {
				"rgba": [
					{ "color": "000000ff", "curve": "stepped" },
					{ "time": 0.0333, "color": "000000ff" }
				],
				"attachment": [
					{ "name": "shoulder" },
					{ "time": 0.0333, "name": "shoulder" }
				]
			},
			"thigh": {
				"rgba": [
					{ "color": "000000ff", "curve": "stepped" },
					{ "time": 0.0333, "color": "000000ff" }
				]
			},
			"thigh2": {
				"rgba": [
					{ "color": "000000ff", "curve": "stepped" },
					{ "time": 0.0333, "color": "000000ff" }
				]
			},
			"thigh3": {
				"rgba": [
					{ "color": "000000ff", "curve": "stepped" },
					{ "time": 0.0333, "color": "000000ff" }
				]
			},
			"thigh4": {
				"rgba": [
					{ "color": "000000ff", "curve": "stepped" },
					{ "time": 0.0333, "color": "000000ff" }
				]
			}
		},
		"bones": {
			"head": {
				"rotate": [
					{ "value": -21.8, "curve": "stepped" },
					{ "time": 0.0333, "value": -21.8 }
				],
				"translate": [
					{ "x": -15.36, "y": 23.72, "curve": "stepped" },
					{ "time": 0.0333, "x": -15.36, "y": 23.72 }
				],
				"scale": [
					{ "curve": "stepped" },
					{ "time": 0.0333 }
				]
			},
			"root": {
				"rotate": [
					{ "curve": "stepped" },
					{ "time": 0.0333 }
				],
				"translate": [
					{ "curve": "stepped" },
					{ "time": 0.0333 }
				]
			},
			"main": {
				"rotate": [
					{ "value": 5.83, "curve": "stepped" },
					{ "time": 0.0333, "value": 5.83 }
				],
				"translate": [
					{ "x": -39.41, "y": -75.17, "curve": "stepped" },
					{ "time": 0.0333, "x": -39.41, "y": -75.17 }
				]
			},
			"hip": {
				"rotate": [
					{ "curve": "stepped" },
					{ "time": 0.0333 }
				],
				"translate": [
					{ "curve": "stepped" },
					{ "time": 0.0333 }
				]
			},
			"body": {
				"rotate": [
					{ "value": 2.85, "curve": "stepped" },
					{ "time": 0.0333, "value": 2.85 }
				],
				"translate": [
					{ "curve": "stepped" },
					{ "time": 0.0333 }
				],
				"scale": [
					{ "curve": "stepped" },
					{ "time": 0.0333 }
				]
			},
			"body2": {
				"rotate": [
					{ "value": 2.85, "curve": "stepped" },
					{ "time": 0.0333, "value": 2.85 }
				],
				"translate": [
					{ "curve": "stepped" },
					{ "time": 0.0333 }
				],
				"scale": [
					{ "curve": "stepped" },
					{ "time": 0.0333 }
				]
			},
			"body3": {
				"rotate": [
					{ "value": 2.85, "curve": "stepped" },
					{ "time": 0.0333, "value": 2.85 }
				],
				"translate": [
					{ "curve": "stepped" },
					{ "time": 0.0333 }
				],
				"scale": [
					{ "curve": "stepped" },
					{ "time": 0.0333 }
				]
			},
			"body4": {
				"rotate": [
					{ "value": 2.85, "curve": "stepped" },
					{ "time": 0.0333, "value": 2.85 }
				],
				"translate": [
					{ "curve": "stepped" },
					{ "time": 0.0333 }
				],
				"scale": [
					{ "curve": "stepped" },
					{ "time": 0.0333 }
				]
			},
			"body5": {
				"rotate": [
					{ "value": 2.85, "curve": "stepped" },
					{ "time": 0.0333, "value": 2.85 }
				],
				"translate": [
					{ "curve": "stepped" },
					{ "time": 0.0333 }
				],
				"scale": [
					{ "curve": "stepped" },
					{ "time": 0.0333 }
				]
			},
			"body6": {
				"rotate": [
					{ "value": 2.85, "curve": "stepped" },
					{ "time": 0.0333, "value": 2.85 }
				],
				"translate": [
					{ "curve": "stepped" },
					{ "time": 0.0333 }
				],
				"scale": [
					{ "curve": "stepped" },
					{ "time": 0.0333 }
				]
			},
			"body7": {
				"rotate": [
					{ "value": 2.85, "curve": "stepped" },
					{ "time": 0.0333, "value": 2.85 }
				],
				"translate": [
					{ "curve": "stepped" },
					{ "time": 0.0333 }
				],
				"scale": [
					{ "curve": "stepped" },
					{ "time": 0.0333 }
				]
			},
			"body8": {
				"rotate": [
					{ "value": 2.85, "curve": "stepped" },
					{ "time": 0.0333, "value": 2.85 }
				],
				"translate": [
					{ "curve": "stepped" },
					{ "time": 0.0333 }
				],
				"scale": [
					{ "curve": "stepped" },
					{ "time": 0.0333 }
				]
			},
			"feeling_3": {
				"rotate": [
					{ "value": 141.86, "curve": "stepped" },
					{ "time": 0.0333, "value": 141.86 }
				],
				"translate": [
					{ "x": -27.84, "y": 83.85, "curve": "stepped" },
					{ "time": 0.0333, "x": -27.84, "y": 83.85 }
				],
				"scale": [
					{ "x": 1.038, "y": 1.038, "curve": "stepped" },
					{ "time": 0.0333, "x": 1.038, "y": 1.038 }
				]
			},
			"emoji": {
				"rotate": [
					{ "value": -7.01, "curve": "stepped" },
					{ "time": 0.0333, "value": -7.01 }
				],
				"translate": [
					{ "x": 20.67, "y": 21.27, "curve": "stepped" },
					{ "time": 0.0333, "x": 20.67, "y": 21.27 }
				],
				"scale": [
					{ "x": -1, "curve": "stepped" },
					{ "time": 0.0333, "x": -1 }
				]
			},
			"shouder_1": {
				"rotate": [
					{ "value": -61.62, "curve": "stepped" },
					{ "time": 0.0333, "value": -61.62 }
				],
				"translate": [
					{ "x": 9.89, "y": -4.56, "curve": "stepped" },
					{ "time": 0.0333, "x": 9.89, "y": -4.56 }
				],
				"scale": [
					{ "curve": "stepped" },
					{ "time": 0.0333 }
				]
			},
			"arm_1": {
				"rotate": [
					{ "value": -35.4, "curve": "stepped" },
					{ "time": 0.0333, "value": -35.4 }
				],
				"translate": [
					{ "x": 2.02, "y": 0.08, "curve": "stepped" },
					{ "time": 0.0333, "x": 2.02, "y": 0.08 }
				],
				"scale": [
					{ "curve": "stepped" },
					{ "time": 0.0333 }
				]
			},
			"shouder_2": {
				"rotate": [
					{ "value": -12.26, "curve": "stepped" },
					{ "time": 0.0333, "value": -12.26 }
				],
				"translate": [
					{ "x": 16.14, "y": -1.8, "curve": "stepped" },
					{ "time": 0.0333, "x": 16.14, "y": -1.8 }
				],
				"scale": [
					{ "curve": "stepped" },
					{ "time": 0.0333 }
				]
			},
			"arm_2": {
				"rotate": [
					{ "value": -14.17, "curve": "stepped" },
					{ "time": 0.0333, "value": -14.17 }
				],
				"translate": [
					{ "curve": "stepped" },
					{ "time": 0.0333 }
				],
				"scale": [
					{ "curve": "stepped" },
					{ "time": 0.0333 }
				]
			},
			"thigh_1": {
				"rotate": [
					{ "value": 24.72, "curve": "stepped" },
					{ "time": 0.0333, "value": 24.72 }
				],
				"translate": [
					{ "curve": "stepped" },
					{ "time": 0.0333 }
				],
				"scale": [
					{ "x": 0.865, "curve": "stepped" },
					{ "time": 0.0333, "x": 0.865 }
				]
			},
			"leg_1": {
				"rotate": [
					{ "curve": "stepped" },
					{ "time": 0.0333 }
				],
				"translate": [
					{ "curve": "stepped" },
					{ "time": 0.0333 }
				],
				"scale": [
					{ "x": 1.27, "curve": "stepped" },
					{ "time": 0.0333, "x": 1.27 }
				]
			},
			"thigh_2": {
				"rotate": [
					{ "value": 39.21, "curve": "stepped" },
					{ "time": 0.0333, "value": 39.21 }
				],
				"translate": [
					{ "curve": "stepped" },
					{ "time": 0.0333 }
				],
				"scale": [
					{ "x": 0.828, "curve": "stepped" },
					{ "time": 0.0333, "x": 0.828 }
				]
			},
			"leg_2": {
				"rotate": [
					{ "value": 18.14, "curve": "stepped" },
					{ "time": 0.0333, "value": 18.14 }
				],
				"translate": [
					{ "curve": "stepped" },
					{ "time": 0.0333 }
				],
				"scale": [
					{ "x": 1.211, "curve": "stepped" },
					{ "time": 0.0333, "x": 1.211 }
				]
			},
			"foot_2": {
				"rotate": [
					{ "value": -52.56, "curve": "stepped" },
					{ "time": 0.0333, "value": -52.56 }
				],
				"translate": [
					{ "x": -131.09, "y": 1.71, "curve": "stepped" },
					{ "time": 0.0333, "x": -131.09, "y": 1.71 }
				]
			},
			"foot_3": {
				"rotate": [
					{ "curve": "stepped" },
					{ "time": 0.0333 }
				],
				"translate": [
					{ "x": 90.19, "y": 5.44, "curve": "stepped" },
					{ "time": 0.0333, "x": 90.19, "y": 5.44 }
				]
			},
			"feeling_5": {
				"rotate": [
					{ "value": -101.26, "curve": "stepped" },
					{ "time": 0.0333, "value": -101.26 }
				],
				"translate": [
					{ "x": -22.67, "y": -24.6, "curve": "stepped" },
					{ "time": 0.0333, "x": -22.67, "y": -24.6 }
				],
				"scale": [
					{ "x": 0.512, "y": 0.512, "curve": "stepped" },
					{ "time": 0.0333, "x": 0.512, "y": 0.512 }
				]
			},
			"item_1": {
				"translate": [
					{ "y": -245.53, "curve": "stepped" },
					{ "time": 0.0333, "y": -245.53 }
				],
				"scale": [
					{ "x": 1.369, "y": 1.369, "curve": "stepped" },
					{ "time": 0.0333, "x": 1.369, "y": 1.369 }
				]
			},
			"feeling_1": {
				"rotate": [
					{ "value": 54.76, "curve": "stepped" },
					{ "time": 0.0333, "value": 54.76 }
				],
				"translate": [
					{ "x": -43.94, "y": -98.04, "curve": "stepped" },
					{ "time": 0.0333, "x": -43.94, "y": -98.04 }
				],
				"scale": [
					{ "x": 1.048, "y": 1.048, "curve": "stepped" },
					{ "time": 0.0333, "x": 1.048, "y": 1.048 }
				]
			},
			"move": {
				"translate": [
					{ "x": 119.99, "curve": "stepped" },
					{ "time": 0.0333, "x": 119.99 }
				],
				"scale": [
					{ "x": -1, "curve": "stepped" },
					{ "time": 0.0333, "x": -1 }
				]
			},
			"feeling_2": {
				"rotate": [
					{ "value": 7.43, "curve": "stepped" },
					{ "time": 0.0333, "value": 7.43 }
				],
				"translate": [
					{ "x": -10.37, "y": -3.54, "curve": "stepped" },
					{ "time": 0.0333, "x": -10.37, "y": -3.54 }
				]
			},
			"hair_1": {
				"rotate": [
					{ "value": 1.57, "curve": "stepped" },
					{ "time": 0.0333, "value": 1.57 }
				],
				"translate": [
					{ "x": 50.1, "y": 574.54, "curve": "stepped" },
					{ "time": 0.0333, "x": 50.1, "y": 574.54 }
				],
				"scale": [
					{ "x": 1.033, "y": 1.033, "curve": "stepped" },
					{ "time": 0.0333, "x": 1.033, "y": 1.033 }
				]
			}
		},
		"ik": {
			"foot_1": [
				{
					"stretch": true,
					"curve": [ 0.008, 1, 0.025, 1, 0.008, 0, 0.025, 0 ]
				},
				{ "time": 0.0333, "stretch": true }
			],
			"foot_2": [
				{
					"bendPositive": false,
					"stretch": true,
					"curve": [ 0.008, 1, 0.025, 1, 0.008, 0, 0.025, 0 ]
				},
				{ "time": 0.0333, "bendPositive": false, "stretch": true }
			]
		},
		"drawOrder": [
			{
				"offsets": [
					{ "slot": "shoulder4", "offset": -3 }
				]
			},
			{
				"time": 0.0333,
				"offsets": [
					{ "slot": "shoulder4", "offset": -3 }
				]
			}
		]
	},
	"t_81_2_win": {
		"slots": {
			"body": {
				"rgba": [
					{ "color": "000000ff", "curve": "stepped" },
					{ "time": 0.0333, "color": "000000ff" }
				]
			},
			"Emoji": {
				"attachment": [
					{ "name": "Emoji/new/emo_62c" },
					{ "time": 0.0333, "name": "Emoji/new/emo_62c" }
				]
			},
			"feeling_1": {
				"attachment": [
					{ "name": "Emoji/hoi_cham" },
					{ "time": 0.0333, "name": "Emoji/hoi_cham" }
				]
			},
			"feeling_2": {
				"attachment": [
					{ "name": "Emoji/hoi_cham" },
					{ "time": 0.0333, "name": "Emoji/hoi_cham" }
				]
			},
			"feeling_3": {
				"rgba": [
					{ "color": "ffffffff", "curve": "stepped" },
					{ "time": 0.0333, "color": "ffffffff" }
				],
				"attachment": [
					{ "name": "giat_minh" },
					{ "time": 0.0333, "name": "giat_minh" }
				]
			},
			"feeling_4": {
				"attachment": [
					{ "name": "scare" },
					{ "time": 0.0333, "name": "scare" }
				]
			},
			"feeling_5": {
				"attachment": [
					{},
					{ "time": 0.0333 }
				]
			},
			"hair": {
				"attachment": [
					{ "name": "hair/man/toc_8" },
					{ "time": 0.0333, "name": "hair/man/toc_8" }
				]
			},
			"head": {
				"rgba": [
					{ "color": "ffffffff", "curve": "stepped" },
					{ "time": 0.0333, "color": "ffffffff" }
				],
				"attachment": [
					{ "name": "head" },
					{ "time": 0.0333, "name": "head" }
				]
			},
			"shoulder1": {
				"rgba": [
					{ "color": "000000ff", "curve": "stepped" },
					{ "time": 0.0333, "color": "000000ff" }
				],
				"attachment": [
					{ "name": "shoulder" },
					{ "time": 0.0333, "name": "shoulder" }
				]
			},
			"shoulder2": {
				"rgba": [
					{ "color": "000000ff", "curve": "stepped" },
					{ "time": 0.0333, "color": "000000ff" }
				],
				"attachment": [
					{ "name": "shoulder" },
					{ "time": 0.0333, "name": "shoulder" }
				]
			},
			"shoulder3": {
				"rgba": [
					{ "color": "000000ff", "curve": "stepped" },
					{ "time": 0.0333, "color": "000000ff" }
				],
				"attachment": [
					{ "name": "shoulder" },
					{ "time": 0.0333, "name": "shoulder" }
				]
			},
			"shoulder4": {
				"rgba": [
					{ "color": "000000ff", "curve": "stepped" },
					{ "time": 0.0333, "color": "000000ff" }
				],
				"attachment": [
					{ "name": "shoulder" },
					{ "time": 0.0333, "name": "shoulder" }
				]
			},
			"thigh": {
				"rgba": [
					{ "color": "000000ff", "curve": "stepped" },
					{ "time": 0.0333, "color": "000000ff" }
				]
			},
			"thigh2": {
				"rgba": [
					{ "color": "000000ff", "curve": "stepped" },
					{ "time": 0.0333, "color": "000000ff" }
				]
			},
			"thigh3": {
				"rgba": [
					{ "color": "000000ff", "curve": "stepped" },
					{ "time": 0.0333, "color": "000000ff" }
				]
			},
			"thigh4": {
				"rgba": [
					{ "color": "000000ff", "curve": "stepped" },
					{ "time": 0.0333, "color": "000000ff" }
				]
			}
		},
		"bones": {
			"head": {
				"rotate": [
					{ "value": 1.9, "curve": "stepped" },
					{ "time": 0.0333, "value": 1.9 }
				],
				"translate": [
					{ "x": -26.97, "y": -10.52, "curve": "stepped" },
					{ "time": 0.0333, "x": -26.97, "y": -10.52 }
				],
				"scale": [
					{ "curve": "stepped" },
					{ "time": 0.0333 }
				]
			},
			"root": {
				"rotate": [
					{ "curve": "stepped" },
					{ "time": 0.0333 }
				],
				"translate": [
					{ "curve": "stepped" },
					{ "time": 0.0333 }
				]
			},
			"main": {
				"rotate": [
					{ "value": -6.65, "curve": "stepped" },
					{ "time": 0.0333, "value": -6.65 }
				],
				"translate": [
					{ "x": 7.3, "y": -75.33, "curve": "stepped" },
					{ "time": 0.0333, "x": 7.3, "y": -75.33 }
				]
			},
			"hip": {
				"rotate": [
					{ "curve": "stepped" },
					{ "time": 0.0333 }
				],
				"translate": [
					{ "curve": "stepped" },
					{ "time": 0.0333 }
				]
			},
			"body": {
				"rotate": [
					{ "value": -1.49, "curve": "stepped" },
					{ "time": 0.0333, "value": -1.49 }
				],
				"translate": [
					{ "curve": "stepped" },
					{ "time": 0.0333 }
				],
				"scale": [
					{ "curve": "stepped" },
					{ "time": 0.0333 }
				]
			},
			"body2": {
				"rotate": [
					{ "value": -1.49, "curve": "stepped" },
					{ "time": 0.0333, "value": -1.49 }
				],
				"translate": [
					{ "curve": "stepped" },
					{ "time": 0.0333 }
				],
				"scale": [
					{ "curve": "stepped" },
					{ "time": 0.0333 }
				]
			},
			"body3": {
				"rotate": [
					{ "value": -1.49, "curve": "stepped" },
					{ "time": 0.0333, "value": -1.49 }
				],
				"translate": [
					{ "curve": "stepped" },
					{ "time": 0.0333 }
				],
				"scale": [
					{ "curve": "stepped" },
					{ "time": 0.0333 }
				]
			},
			"body4": {
				"rotate": [
					{ "value": -1.49, "curve": "stepped" },
					{ "time": 0.0333, "value": -1.49 }
				],
				"translate": [
					{ "curve": "stepped" },
					{ "time": 0.0333 }
				],
				"scale": [
					{ "curve": "stepped" },
					{ "time": 0.0333 }
				]
			},
			"body5": {
				"rotate": [
					{ "value": -1.49, "curve": "stepped" },
					{ "time": 0.0333, "value": -1.49 }
				],
				"translate": [
					{ "curve": "stepped" },
					{ "time": 0.0333 }
				],
				"scale": [
					{ "curve": "stepped" },
					{ "time": 0.0333 }
				]
			},
			"body6": {
				"rotate": [
					{ "value": -1.49, "curve": "stepped" },
					{ "time": 0.0333, "value": -1.49 }
				],
				"translate": [
					{ "curve": "stepped" },
					{ "time": 0.0333 }
				],
				"scale": [
					{ "curve": "stepped" },
					{ "time": 0.0333 }
				]
			},
			"body7": {
				"rotate": [
					{ "value": -1.49, "curve": "stepped" },
					{ "time": 0.0333, "value": -1.49 }
				],
				"translate": [
					{ "curve": "stepped" },
					{ "time": 0.0333 }
				],
				"scale": [
					{ "curve": "stepped" },
					{ "time": 0.0333 }
				]
			},
			"body8": {
				"rotate": [
					{ "value": -1.49, "curve": "stepped" },
					{ "time": 0.0333, "value": -1.49 }
				],
				"translate": [
					{ "curve": "stepped" },
					{ "time": 0.0333 }
				],
				"scale": [
					{ "curve": "stepped" },
					{ "time": 0.0333 }
				]
			},
			"feeling_3": {
				"rotate": [
					{ "value": -21.13, "curve": "stepped" },
					{ "time": 0.0333, "value": -21.13 }
				],
				"translate": [
					{ "x": 7.75, "y": -136.5, "curve": "stepped" },
					{ "time": 0.0333, "x": 7.75, "y": -136.5 }
				],
				"scale": [
					{ "x": 1.04, "y": 1.04, "curve": "stepped" },
					{ "time": 0.0333, "x": 1.04, "y": 1.04 }
				]
			},
			"emoji": {
				"rotate": [
					{ "value": 5.16, "curve": "stepped" },
					{ "time": 0.0333, "value": 5.16 }
				],
				"translate": [
					{ "x": 4.63, "y": -13.13, "curve": "stepped" },
					{ "time": 0.0333, "x": 4.63, "y": -13.13 }
				],
				"scale": [
					{ "x": 1.101, "y": 1.101, "curve": "stepped" },
					{ "time": 0.0333, "x": 1.101, "y": 1.101 }
				]
			},
			"shouder_1": {
				"rotate": [
					{ "value": -59.57, "curve": "stepped" },
					{ "time": 0.0333, "value": -59.57 }
				],
				"translate": [
					{ "x": 22.46, "y": -0.2, "curve": "stepped" },
					{ "time": 0.0333, "x": 22.46, "y": -0.2 }
				],
				"scale": [
					{ "curve": "stepped" },
					{ "time": 0.0333 }
				]
			},
			"arm_1": {
				"rotate": [
					{ "value": -77.17, "curve": "stepped" },
					{ "time": 0.0333, "value": -77.17 }
				],
				"translate": [
					{ "x": 2.02, "y": 0.08, "curve": "stepped" },
					{ "time": 0.0333, "x": 2.02, "y": 0.08 }
				],
				"scale": [
					{ "curve": "stepped" },
					{ "time": 0.0333 }
				]
			},
			"shouder_2": {
				"rotate": [
					{ "value": 53.2, "curve": "stepped" },
					{ "time": 0.0333, "value": 53.2 }
				],
				"translate": [
					{ "x": 21.99, "y": 1.63, "curve": "stepped" },
					{ "time": 0.0333, "x": 21.99, "y": 1.63 }
				],
				"scale": [
					{ "curve": "stepped" },
					{ "time": 0.0333 }
				]
			},
			"arm_2": {
				"rotate": [
					{ "value": 26.1, "curve": "stepped" },
					{ "time": 0.0333, "value": 26.1 }
				],
				"translate": [
					{ "curve": "stepped" },
					{ "time": 0.0333 }
				],
				"scale": [
					{ "curve": "stepped" },
					{ "time": 0.0333 }
				]
			},
			"thigh_1": {
				"rotate": [
					{ "value": 24.72, "curve": "stepped" },
					{ "time": 0.0333, "value": 24.72 }
				],
				"translate": [
					{ "curve": "stepped" },
					{ "time": 0.0333 }
				],
				"scale": [
					{ "x": 0.865, "curve": "stepped" },
					{ "time": 0.0333, "x": 0.865 }
				]
			},
			"leg_1": {
				"rotate": [
					{ "curve": "stepped" },
					{ "time": 0.0333 }
				],
				"translate": [
					{ "curve": "stepped" },
					{ "time": 0.0333 }
				],
				"scale": [
					{ "x": 1.27, "curve": "stepped" },
					{ "time": 0.0333, "x": 1.27 }
				]
			},
			"thigh_2": {
				"rotate": [
					{ "value": 39.21, "curve": "stepped" },
					{ "time": 0.0333, "value": 39.21 }
				],
				"translate": [
					{ "curve": "stepped" },
					{ "time": 0.0333 }
				],
				"scale": [
					{ "x": 0.828, "curve": "stepped" },
					{ "time": 0.0333, "x": 0.828 }
				]
			},
			"leg_2": {
				"rotate": [
					{ "value": 18.14, "curve": "stepped" },
					{ "time": 0.0333, "value": 18.14 }
				],
				"translate": [
					{ "curve": "stepped" },
					{ "time": 0.0333 }
				],
				"scale": [
					{ "x": 1.211, "curve": "stepped" },
					{ "time": 0.0333, "x": 1.211 }
				]
			},
			"foot_2": {
				"rotate": [
					{ "value": -52.56, "curve": "stepped" },
					{ "time": 0.0333, "value": -52.56 }
				],
				"translate": [
					{ "x": -131.09, "y": 1.71, "curve": "stepped" },
					{ "time": 0.0333, "x": -131.09, "y": 1.71 }
				]
			},
			"foot_3": {
				"rotate": [
					{ "curve": "stepped" },
					{ "time": 0.0333 }
				],
				"translate": [
					{ "x": 90.19, "y": 5.44, "curve": "stepped" },
					{ "time": 0.0333, "x": 90.19, "y": 5.44 }
				]
			},
			"feeling_5": {
				"rotate": [
					{ "value": -101.26, "curve": "stepped" },
					{ "time": 0.0333, "value": -101.26 }
				],
				"translate": [
					{ "x": -22.67, "y": -24.6, "curve": "stepped" },
					{ "time": 0.0333, "x": -22.67, "y": -24.6 }
				],
				"scale": [
					{ "x": 0.512, "y": 0.512, "curve": "stepped" },
					{ "time": 0.0333, "x": 0.512, "y": 0.512 }
				]
			},
			"item_1": {
				"translate": [
					{ "y": -245.53, "curve": "stepped" },
					{ "time": 0.0333, "y": -245.53 }
				],
				"scale": [
					{ "x": 1.369, "y": 1.369, "curve": "stepped" },
					{ "time": 0.0333, "x": 1.369, "y": 1.369 }
				]
			},
			"feeling_1": {
				"rotate": [
					{ "value": 17.89, "curve": "stepped" },
					{ "time": 0.0333, "value": 17.89 }
				],
				"translate": [
					{ "x": -134.08, "y": -160.32, "curve": "stepped" },
					{ "time": 0.0333, "x": -134.08, "y": -160.32 }
				],
				"scale": [
					{ "x": 0.579, "y": 0.579, "curve": "stepped" },
					{ "time": 0.0333, "x": 0.579, "y": 0.579 }
				]
			},
			"move": {
				"translate": [
					{ "x": 119.99, "curve": "stepped" },
					{ "time": 0.0333, "x": 119.99 }
				],
				"scale": [
					{ "x": -1, "curve": "stepped" },
					{ "time": 0.0333, "x": -1 }
				]
			},
			"feeling_2": {
				"rotate": [
					{ "value": 21.06, "curve": "stepped" },
					{ "time": 0.0333, "value": 21.06 }
				],
				"translate": [
					{ "x": 76.6, "y": -12.88, "curve": "stepped" },
					{ "time": 0.0333, "x": 76.6, "y": -12.88 }
				],
				"scale": [
					{ "x": 1.122, "y": 1.122, "curve": "stepped" },
					{ "time": 0.0333, "x": 1.122, "y": 1.122 }
				]
			},
			"feeling_4": {
				"rotate": [
					{ "value": -129.43, "curve": "stepped" },
					{ "time": 0.0333, "value": -129.43 }
				],
				"translate": [
					{ "x": 53.71, "y": 127.31, "curve": "stepped" },
					{ "time": 0.0333, "x": 53.71, "y": 127.31 }
				],
				"scale": [
					{ "x": 0.806, "y": 0.806, "curve": "stepped" },
					{ "time": 0.0333, "x": 0.806, "y": 0.806 }
				]
			},
			"hair_1": {
				"rotate": [
					{ "value": -8.8, "curve": "stepped" },
					{ "time": 0.0333, "value": -8.8 }
				],
				"translate": [
					{ "x": 174.02, "y": 569.08, "curve": "stepped" },
					{ "time": 0.0333, "x": 174.02, "y": 569.08 }
				],
				"scale": [
					{ "x": -1, "curve": "stepped" },
					{ "time": 0.0333, "x": -1 }
				]
			}
		},
		"ik": {
			"foot_1": [
				{
					"stretch": true,
					"curve": [ 0.008, 1, 0.025, 1, 0.008, 0, 0.025, 0 ]
				},
				{ "time": 0.0333, "stretch": true }
			],
			"foot_2": [
				{
					"bendPositive": false,
					"stretch": true,
					"curve": [ 0.008, 1, 0.025, 1, 0.008, 0, 0.025, 0 ]
				},
				{ "time": 0.0333, "bendPositive": false, "stretch": true }
			]
		},
		"drawOrder": [
			{
				"offsets": [
					{ "slot": "shoulder4", "offset": -3 }
				]
			},
			{
				"time": 0.0333,
				"offsets": [
					{ "slot": "shoulder4", "offset": -3 }
				]
			}
		]
	}
}
}