{"frames": [

{
	"filename": "bang_cong_tac",
	"frame": {"x":1082,"y":1,"w":119,"h":152},
	"rotated": false,
	"trimmed": false,
	"spriteSourceSize": {"x":0,"y":0,"w":119,"h":152},
	"sourceSize": {"w":119,"h":152}
},
{
	"filename": "bg",
	"frame": {"x":1,"y":1237,"w":583,"h":675},
	"rotated": false,
	"trimmed": false,
	"spriteSourceSize": {"x":0,"y":0,"w":583,"h":675},
	"sourceSize": {"w":583,"h":675}
},
{
	"filename": "bg2",
	"frame": {"x":1,"y":1,"w":1080,"h":1235},
	"rotated": false,
	"trimmed": false,
	"spriteSourceSize": {"x":0,"y":0,"w":1080,"h":1235},
	"sourceSize": {"w":1080,"h":1235}
},
{
	"filename": "cua",
	"frame": {"x":585,"y":1237,"w":540,"h":676},
	"rotated": false,
	"trimmed": false,
	"spriteSourceSize": {"x":0,"y":0,"w":540,"h":676},
	"sourceSize": {"w":540,"h":676}
},
{
	"filename": "diem_neo_dong_ho",
	"frame": {"x":130,"y":1913,"w":114,"h":114},
	"rotated": false,
	"trimmed": true,
	"spriteSourceSize": {"x":7,"y":7,"w":114,"h":114},
	"sourceSize": {"w":128,"h":128}
},
{
	"filename": "diem_neo_dong_ho_hot",
	"frame": {"x":1,"y":1913,"w":128,"h":128},
	"rotated": false,
	"trimmed": false,
	"spriteSourceSize": {"x":0,"y":0,"w":128,"h":128},
	"sourceSize": {"w":128,"h":128}
}],
"meta": {
	"app": "https://www.codeandweb.com/texturepacker",
	"version": "1.0",
	"image": "props.png",
	"format": "RGBA8888",
	"size": {"w":1202,"h":2042},
	"scale": "1",
	"smartupdate": "$TexturePacker:SmartUpdate:aa15e4d9b545c0d6c2cc9cd4aa131993:1467713e5a9d7f03cde1a3169536fe85:f4c39b94f5b79b4c461da96ae5609d50$"
}
}
