{
"skeleton": { "hash": "vFICiZ9tuuE", "spine": "4.1.24", "x": -388.28, "y": -425.09, "width": 724.41, "height": 1282.48 },
"bones": [
	{ "name": "root", "rotation": 0.2 },
	{ "name": "move", "parent": "root", "x": -119.99, "scaleX": -1 },
	{ "name": "main", "parent": "move", "y": 256.6 },
	{ "name": "hip", "parent": "main" },
	{ "name": "body", "parent": "hip", "length": 26.97, "rotation": 90 },
	{ "name": "body2", "parent": "body", "length": 26.97, "x": 26.97 },
	{ "name": "body3", "parent": "body2", "length": 26.97, "x": 26.97 },
	{ "name": "body4", "parent": "body3", "length": 26.97, "rotation": -0.06, "x": 26.97 },
	{ "name": "body5", "parent": "body4", "length": 26.97, "x": 26.97 },
	{ "name": "body6", "parent": "body5", "length": 26.97, "x": 26.97 },
	{ "name": "body7", "parent": "body6", "length": 26.97, "x": 26.97 },
	{ "name": "body8", "parent": "body7", "length": 26.97, "x": 26.97 },
	{ "name": "head", "parent": "body8", "length": 135.67, "x": 24.75 },
	{ "name": "feeling_3", "parent": "head", "rotation": -0.18, "x": 87.53, "y": 30.96 },
	{ "name": "emoji", "parent": "head", "rotation": -90, "x": 62, "y": 1.49 },
	{ "name": "shouder_1", "parent": "body7", "length": 100.06, "rotation": -90, "x": 15.39, "y": 0.02 },
	{ "name": "arm_1", "parent": "shouder_1", "length": 100.06, "x": 94.79 },
	{ "name": "shouder_2", "parent": "body7", "length": 100.06, "rotation": 90, "x": 15.39, "y": 0.02 },
	{ "name": "arm_2", "parent": "shouder_2", "length": 100.06, "x": 94.79 },
	{ "name": "thigh_1", "parent": "main", "length": 134.15, "rotation": -90, "x": -0.54, "y": 4.23 },
	{ "name": "leg_1", "parent": "thigh_1", "length": 134.15, "x": 128.14 },
	{ "name": "thigh_2", "parent": "main", "length": 134.15, "rotation": -90, "x": -0.1, "y": 4.23 },
	{ "name": "leg_2", "parent": "thigh_2", "length": 134.15, "x": 128.14 },
	{ "name": "foot_2", "parent": "move", "x": 0.16, "y": -2.18 },
	{ "name": "foot_3", "parent": "move", "x": 0.1, "y": -2.12 },
	{
		"name": "feeling_5",
		"parent": "head",
		"rotation": -0.18,
		"x": 87.53,
		"y": -25.11,
		"scaleX": 2,
		"scaleY": 2
	},
	{ "name": "item_1", "parent": "move", "x": -1.93, "y": 450.24 },
	{ "name": "feeling_1", "parent": "main", "rotation": -20.17, "x": 72.35, "y": 376.02 },
	{ "name": "feeling_2", "parent": "main", "rotation": -20.17, "x": 72.35, "y": 376.02 },
	{ "name": "hair_1", "parent": "main", "rotation": 0.07, "x": -120, "y": -254.77 },
	{
		"name": "feeling_4",
		"parent": "head",
		"rotation": -0.18,
		"x": 87.53,
		"y": -25.11,
		"scaleX": 2,
		"scaleY": 2
	},
	{ "name": "item_tay", "parent": "arm_2", "x": 101.01, "y": -1.25 }
],
"slots": [
	{ "name": "bg_gane_play", "bone": "root", "color": "ffffff4f" },
	{ "name": "item", "bone": "item_1" },
	{ "name": "body", "bone": "hip", "color": "000000ff", "attachment": "body" },
	{ "name": "shoulder1", "bone": "shouder_1", "color": "000000ff" },
	{ "name": "shoulder3", "bone": "shouder_2", "color": "000000ff" },
	{ "name": "shoulder2", "bone": "arm_1", "color": "000000ff" },
	{ "name": "shoulder4", "bone": "arm_2", "color": "000000ff" },
	{ "name": "thigh", "bone": "thigh_1", "color": "000000ff", "attachment": "thigh" },
	{ "name": "thigh3", "bone": "thigh_2", "color": "000000ff", "attachment": "thigh" },
	{ "name": "thigh2", "bone": "leg_1", "color": "000000ff", "attachment": "thigh" },
	{ "name": "thigh4", "bone": "leg_2", "color": "000000ff", "attachment": "thigh" },
	{ "name": "head", "bone": "head", "attachment": "head" },
	{ "name": "hair", "bone": "hair_1" },
	{ "name": "Emoji", "bone": "emoji" },
	{ "name": "feeling_3", "bone": "feeling_3", "color": "000000ff" },
	{ "name": "feeling_5", "bone": "feeling_5" },
	{ "name": "feeling_4", "bone": "feeling_4" },
	{ "name": "feeling_1", "bone": "feeling_1" },
	{ "name": "feeling_2", "bone": "feeling_2" },
	{ "name": "item_tay", "bone": "item_tay" }
],
"ik": [
	{
		"name": "foot_1",
		"bones": [ "thigh_1", "leg_1" ],
		"target": "foot_2",
		"mix": 0,
		"stretch": true
	},
	{
		"name": "foot_2",
		"order": 1,
		"bones": [ "thigh_2", "leg_2" ],
		"target": "foot_3",
		"mix": 0,
		"stretch": true
	}
],
"skins": [
	{
		"name": "default",
		"attachments": {
			"body": {
				"body": {
					"type": "mesh",
					"uvs": [ 1, 1, 0, 1, 0, 0.875, 0, 0.75, 0, 0.625, 0, 0.5, 0, 0.375, 0, 0.25, 0, 0.125, 0, 0, 1, 0, 1, 0.125, 1, 0.25, 1, 0.375, 1, 0.5, 1, 0.625, 1, 0.75, 1, 0.875 ],
					"triangles": [ 8, 9, 10, 11, 8, 10, 7, 8, 11, 12, 7, 11, 6, 7, 12, 13, 6, 12, 5, 6, 13, 14, 5, 13, 4, 5, 14, 15, 4, 14, 3, 4, 15, 16, 3, 15, 2, 3, 16, 17, 2, 16, 1, 2, 17, 0, 1, 17 ],
					"vertices": [ 1, 4, -1.7, -5.5, 1, 1, 4, -1.7, 5.5, 1, 2, 4, 25.68, 5.5, 0.70301, 5, -1.29, 5.5, 0.29699, 2, 5, 26.08, 5.5, 0.65569, 6, -0.88, 5.5, 0.34431, 2, 6, 26.49, 5.5, 0.55905, 7, -0.48, 5.5, 0.44095, 2, 7, 26.9, 5.5, 0.51367, 8, -0.07, 5.5, 0.48633, 2, 8, 27.3, 5.5, 0.41705, 9, 0.33, 5.5, 0.58295, 2, 9, 27.71, 5.5, 0.38565, 10, 0.74, 5.5, 0.61435, 2, 10, 28.11, 5.5, 0.36868, 11, 1.14, 5.5, 0.63132, 1, 11, 28.52, 5.5, 1, 1, 11, 28.52, -5.5, 1, 2, 10, 28.11, -5.5, 0.3064, 11, 1.14, -5.5, 0.6936, 2, 9, 27.71, -5.5, 0.40945, 10, 0.74, -5.5, 0.59055, 2, 8, 27.3, -5.5, 0.44404, 9, 0.33, -5.5, 0.55596, 2, 7, 26.9, -5.5, 0.52991, 8, -0.07, -5.5, 0.47009, 2, 6, 26.49, -5.5, 0.58474, 7, -0.48, -5.5, 0.41526, 2, 5, 26.08, -5.5, 0.62061, 6, -0.88, -5.5, 0.37939, 2, 4, 25.68, -5.5, 0.65664, 5, -1.29, -5.5, 0.34336 ],
					"hull": 18
				}
			},
			"Emoji": {
				"Emoji/emo_1": { "x": 0.5, "y": 0.5, "width": 113, "height": 87 },
				"Emoji/emo_27": { "x": 0.5, "y": 0.5, "width": 111, "height": 89 },
				"Emoji/emo_30": { "x": 0.5, "y": 0.5, "width": 141, "height": 117 },
				"Emoji/emo_57_d": { "x": 0.5, "y": 0.5, "width": 101, "height": 44 },
				"Emoji/emo_100": { "x": 0.51, "y": 12.13, "width": 133, "height": 152 },
				"Emoji/new/emo_61": { "x": 0.5, "y": 0.5, "scaleX": -1, "width": 69, "height": 73 }
			},
			"feeling_1": {
				"cauco": { "y": 0.5, "width": 50, "height": 45 },
				"late": { "x": 0.5, "scaleX": -1, "rotation": -340.01, "width": 115, "height": 46 },
				"mo_hoi": { "x": 0.5, "y": 0.5, "width": 19, "height": 41 },
				"run": { "rotation": 20.55, "width": 13, "height": 27 },
				"rung": { "x": 0.5, "rotation": 13.67, "width": 18, "height": 51 }
			},
			"feeling_2": {
				"cham_than": { "x": 0.5, "y": 0.5, "width": 17, "height": 57 },
				"giat_minh": { "x": 0.5, "y": 0.5, "width": 70, "height": 66 },
				"mo_hoi": { "x": 0.5, "y": 0.5, "width": 19, "height": 41 },
				"run": { "rotation": 20.55, "width": 13, "height": 27 }
			},
			"feeling_3": {
				"mo_hoi": { "x": -18.07, "y": -0.4, "rotation": -96.51, "width": 19, "height": 41 },
				"scare": { "width": 80, "height": 83 }
			},
			"feeling_4": {
				"choang": { "x": -5.59, "y": -33.04, "rotation": -109.99, "width": 212, "height": 68 },
				"run": { "x": -0.36, "y": 7.5, "rotation": -89.44, "width": 13, "height": 27 }
			},
			"feeling_5": {
				"giat_minh": { "width": 70, "height": 66 },
				"mo_hoi": { "width": 19, "height": 41 },
				"rung": { "x": 0.5, "width": 18, "height": 51 }
			},
			"hair": {
				"hair/man/toc_8": { "x": 0.5, "width": 133, "height": 84 },
				"hair/man/toc_8_sau": { "x": 0.5, "width": 139, "height": 105 }
			},
			"head": {
				"head": { "x": 68.85, "rotation": -89.87, "width": 144, "height": 144 },
				"head_7": { "x": 65.26, "y": -3.78, "rotation": -89.46, "width": 144, "height": 144 }
			},
			"shoulder1": {
				"shoulder": { "x": 49.22, "rotation": -90, "width": 15, "height": 105 }
			},
			"shoulder2": {
				"shoulder": { "x": 49.22, "rotation": -90, "width": 15, "height": 105 }
			},
			"shoulder3": {
				"shoulder": { "x": 49.22, "rotation": -90, "width": 15, "height": 105 }
			},
			"shoulder4": {
				"shoulder": { "x": 50.57, "rotation": -90, "width": 15, "height": 105 }
			},
			"thigh": {
				"thigh": { "x": 66.01, "rotation": -90, "width": 14, "height": 137 }
			},
			"thigh2": {
				"thigh": { "x": 66.01, "rotation": -90, "width": 14, "height": 137 }
			},
			"thigh3": {
				"thigh": { "x": 66.01, "rotation": -90, "width": 14, "height": 137 }
			},
			"thigh4": {
				"thigh": { "x": 66.01, "rotation": -90, "width": 14, "height": 137 }
			}
		}
	}
],
"animations": {
	"t_158_1_be": {
		"slots": {
			"body": {
				"rgba": [
					{ "color": "000000ff" }
				]
			},
			"Emoji": {
				"attachment": [
					{ "name": "Emoji/emo_27" }
				]
			},
			"feeling_1": {
				"attachment": [
					{}
				]
			},
			"feeling_3": {
				"attachment": [
					{}
				]
			},
			"feeling_5": {
				"attachment": [
					{}
				]
			},
			"head": {
				"rgba": [
					{ "color": "ffffffff" }
				],
				"attachment": [
					{ "name": "head" }
				]
			},
			"shoulder1": {
				"rgba": [
					{ "color": "000000ff" }
				],
				"attachment": [
					{ "name": "shoulder" }
				]
			},
			"shoulder2": {
				"rgba": [
					{ "color": "000000ff" }
				],
				"attachment": [
					{ "name": "shoulder" }
				]
			},
			"shoulder3": {
				"rgba": [
					{ "color": "000000ff" }
				],
				"attachment": [
					{}
				]
			},
			"shoulder4": {
				"rgba": [
					{ "color": "000000ff" }
				],
				"attachment": [
					{}
				]
			},
			"thigh": {
				"rgba": [
					{ "color": "000000ff" }
				]
			},
			"thigh2": {
				"rgba": [
					{ "color": "000000ff" }
				]
			},
			"thigh3": {
				"rgba": [
					{ "color": "000000ff" }
				]
			},
			"thigh4": {
				"rgba": [
					{ "color": "000000ff" }
				]
			}
		},
		"bones": {
			"head": {
				"rotate": [
					{ "value": -8.6 }
				],
				"translate": [
					{ "x": -7.2, "y": 9.85 }
				],
				"scale": [
					{}
				]
			},
			"root": {
				"rotate": [
					{}
				],
				"translate": [
					{}
				]
			},
			"main": {
				"rotate": [
					{ "value": 24.64 }
				],
				"translate": [
					{ "x": -21.05, "y": -42.1 }
				]
			},
			"hip": {
				"rotate": [
					{}
				],
				"translate": [
					{}
				]
			},
			"body": {
				"rotate": [
					{ "value": -1.73 }
				],
				"translate": [
					{}
				],
				"scale": [
					{}
				]
			},
			"body2": {
				"rotate": [
					{ "value": -1.73 }
				],
				"translate": [
					{}
				],
				"scale": [
					{}
				]
			},
			"body3": {
				"rotate": [
					{ "value": -1.73 }
				],
				"translate": [
					{}
				],
				"scale": [
					{}
				]
			},
			"body4": {
				"rotate": [
					{ "value": -1.73 }
				],
				"translate": [
					{}
				],
				"scale": [
					{}
				]
			},
			"body5": {
				"rotate": [
					{ "value": -1.73 }
				],
				"translate": [
					{}
				],
				"scale": [
					{}
				]
			},
			"body6": {
				"rotate": [
					{ "value": -1.73 }
				],
				"translate": [
					{}
				],
				"scale": [
					{}
				]
			},
			"body7": {
				"rotate": [
					{ "value": -1.73 }
				],
				"translate": [
					{}
				],
				"scale": [
					{}
				]
			},
			"body8": {
				"rotate": [
					{ "value": -1.73 }
				],
				"translate": [
					{}
				],
				"scale": [
					{}
				]
			},
			"feeling_3": {
				"rotate": [
					{}
				],
				"translate": [
					{}
				]
			},
			"emoji": {
				"rotate": [
					{ "value": -11.67 }
				],
				"translate": [
					{ "x": 14.27, "y": 13.24 }
				],
				"scale": [
					{ "x": 1.009, "y": 1.009 }
				]
			},
			"shouder_1": {
				"rotate": [
					{ "value": -49.76 }
				],
				"translate": [
					{ "x": 21.96, "y": -2.9 }
				],
				"scale": [
					{}
				]
			},
			"arm_1": {
				"rotate": [
					{ "value": -74 }
				],
				"translate": [
					{ "x": 2.02, "y": 0.08 }
				],
				"scale": [
					{}
				]
			},
			"shouder_2": {
				"rotate": [
					{ "value": 60.83 }
				],
				"translate": [
					{ "x": -4.69, "y": -1.29 }
				],
				"scale": [
					{}
				]
			},
			"arm_2": {
				"rotate": [
					{ "value": -15.89 }
				],
				"translate": [
					{}
				],
				"scale": [
					{}
				]
			},
			"thigh_1": {
				"rotate": [
					{ "value": 24.72 }
				],
				"translate": [
					{}
				],
				"scale": [
					{ "x": 1.019 }
				]
			},
			"leg_1": {
				"rotate": [
					{}
				],
				"translate": [
					{}
				]
			},
			"thigh_2": {
				"rotate": [
					{ "value": 39.21 }
				],
				"translate": [
					{}
				],
				"scale": [
					{}
				]
			},
			"leg_2": {
				"rotate": [
					{ "value": 18.14 }
				],
				"translate": [
					{}
				]
			},
			"foot_2": {
				"rotate": [
					{}
				],
				"translate": [
					{ "x": -72.9, "y": 2.91 }
				]
			},
			"foot_3": {
				"rotate": [
					{}
				],
				"translate": [
					{ "x": 44.46, "y": -0.25 }
				]
			},
			"feeling_5": {
				"rotate": [
					{}
				],
				"translate": [
					{}
				]
			},
			"feeling_1": {
				"rotate": [
					{ "value": -4.82 }
				],
				"translate": [
					{ "x": 113.93, "y": -91.84 }
				],
				"scale": [
					{ "x": 1.943, "y": 1.943 }
				]
			},
			"move": {
				"rotate": [
					{ "value": 0.3 }
				],
				"translate": [
					{ "x": 119.99, "y": -0.41 }
				],
				"scale": [
					{}
				]
			}
		},
		"ik": {
			"foot_1": [
				{ "stretch": true }
			],
			"foot_2": [
				{ "stretch": true }
			]
		},
		"drawOrder": [
			{
				"offsets": [
					{ "slot": "shoulder1", "offset": 10 },
					{ "slot": "shoulder3", "offset": 0 },
					{ "slot": "shoulder2", "offset": 9 }
				]
			}
		]
	},
	"t_158_1_lose": {
		"slots": {
			"body": {
				"rgba": [
					{ "color": "000000ff" }
				]
			},
			"Emoji": {
				"attachment": [
					{ "name": "Emoji/new/emo_61" }
				]
			},
			"feeling_1": {
				"rgba": [
					{ "color": "ffffffff" }
				],
				"attachment": [
					{ "name": "run" }
				]
			},
			"feeling_2": {
				"attachment": [
					{ "name": "run" }
				]
			},
			"feeling_3": {
				"rgba": [
					{ "color": "ffffffff" }
				],
				"attachment": [
					{ "name": "mo_hoi" }
				]
			},
			"feeling_4": {
				"attachment": [
					{ "name": "run" }
				]
			},
			"feeling_5": {
				"rgba": [
					{ "color": "ffffffff" }
				],
				"attachment": [
					{ "name": "mo_hoi" }
				]
			},
			"head": {
				"rgba": [
					{ "color": "ffffffff" }
				],
				"attachment": [
					{ "name": "head" }
				]
			},
			"shoulder1": {
				"rgba": [
					{ "color": "000000ff" }
				],
				"attachment": [
					{ "name": "shoulder" }
				]
			},
			"shoulder2": {
				"rgba": [
					{ "color": "000000ff" }
				],
				"attachment": [
					{ "name": "shoulder" }
				]
			},
			"shoulder3": {
				"rgba": [
					{ "color": "000000ff" }
				],
				"attachment": [
					{ "name": "shoulder" }
				]
			},
			"shoulder4": {
				"rgba": [
					{ "color": "000000ff" }
				],
				"attachment": [
					{ "name": "shoulder" }
				]
			},
			"thigh": {
				"rgba": [
					{ "color": "000000ff" }
				]
			},
			"thigh2": {
				"rgba": [
					{ "color": "000000ff" }
				]
			},
			"thigh3": {
				"rgba": [
					{ "color": "000000ff" }
				]
			},
			"thigh4": {
				"rgba": [
					{ "color": "000000ff" }
				]
			}
		},
		"bones": {
			"head": {
				"rotate": [
					{ "value": 3.02 }
				],
				"translate": [
					{ "x": -31.41, "y": 0.1 }
				],
				"scale": [
					{}
				]
			},
			"root": {
				"rotate": [
					{}
				],
				"translate": [
					{}
				]
			},
			"main": {
				"rotate": [
					{ "value": 2.87 }
				],
				"translate": [
					{ "x": -5.21, "y": -49.3 }
				]
			},
			"hip": {
				"rotate": [
					{}
				],
				"translate": [
					{}
				]
			},
			"body": {
				"rotate": [
					{ "value": 2.33 }
				],
				"translate": [
					{}
				],
				"scale": [
					{}
				]
			},
			"body2": {
				"rotate": [
					{ "value": 2.33 }
				],
				"translate": [
					{}
				],
				"scale": [
					{}
				]
			},
			"body3": {
				"rotate": [
					{ "value": 2.33 }
				],
				"translate": [
					{}
				],
				"scale": [
					{}
				]
			},
			"body4": {
				"rotate": [
					{ "value": 2.33 }
				],
				"translate": [
					{}
				],
				"scale": [
					{}
				]
			},
			"body5": {
				"rotate": [
					{ "value": 2.33 }
				],
				"translate": [
					{}
				],
				"scale": [
					{}
				]
			},
			"body6": {
				"rotate": [
					{ "value": 2.33 }
				],
				"translate": [
					{}
				],
				"scale": [
					{}
				]
			},
			"body7": {
				"rotate": [
					{ "value": 2.33 }
				],
				"translate": [
					{}
				],
				"scale": [
					{}
				]
			},
			"body8": {
				"rotate": [
					{ "value": 2.33 }
				],
				"translate": [
					{}
				],
				"scale": [
					{}
				]
			},
			"feeling_3": {
				"rotate": [
					{ "value": -14.39 }
				],
				"translate": [
					{ "x": -65.77, "y": -79.62 }
				],
				"scale": [
					{ "x": 0.755, "y": 0.755 }
				]
			},
			"emoji": {
				"rotate": [
					{ "value": -13.51 }
				],
				"translate": [
					{ "x": 11.73, "y": -13.14 }
				],
				"scale": [
					{ "x": -1.324, "y": 1.324 }
				]
			},
			"shouder_1": {
				"rotate": [
					{ "value": -109.97 }
				],
				"translate": [
					{ "x": 7.68, "y": -5.73 }
				],
				"scale": [
					{}
				]
			},
			"arm_1": {
				"rotate": [
					{ "value": -14.63 }
				],
				"translate": [
					{ "x": 2.02, "y": 0.08 }
				],
				"scale": [
					{}
				]
			},
			"shouder_2": {
				"rotate": [
					{ "value": 107.45 }
				],
				"translate": [
					{ "x": 6.11, "y": -0.71 }
				],
				"scale": [
					{}
				]
			},
			"arm_2": {
				"rotate": [
					{ "value": -32.51 }
				],
				"translate": [
					{}
				],
				"scale": [
					{}
				]
			},
			"thigh_1": {
				"rotate": [
					{ "value": -40.55 }
				],
				"translate": [
					{}
				],
				"scale": [
					{ "x": 1.019 }
				]
			},
			"leg_1": {
				"rotate": [
					{ "value": 24.09 }
				],
				"translate": [
					{}
				]
			},
			"thigh_2": {
				"rotate": [
					{ "value": -2.68 }
				],
				"translate": [
					{}
				],
				"scale": [
					{}
				]
			},
			"leg_2": {
				"rotate": [
					{ "value": 38.96 }
				],
				"translate": [
					{}
				]
			},
			"foot_2": {
				"rotate": [
					{}
				],
				"translate": [
					{ "x": -101.58, "y": -2.27 }
				]
			},
			"foot_3": {
				"rotate": [
					{}
				],
				"translate": [
					{ "x": 99.17, "y": 1.07 }
				]
			},
			"feeling_5": {
				"rotate": [
					{ "value": -117.22 }
				],
				"translate": [
					{ "x": 9.45, "y": 76.4 }
				],
				"scale": [
					{ "x": 0.445, "y": 0.445 }
				],
				"shear": [
					{}
				]
			},
			"feeling_1": {
				"rotate": [
					{ "value": -24.14 }
				],
				"translate": [
					{ "x": -146.49, "y": -363.61 }
				],
				"scale": [
					{ "x": 1.718, "y": 1.718 }
				]
			},
			"feeling_2": {
				"rotate": [
					{ "value": 24.5 }
				],
				"translate": [
					{ "x": -89.66, "y": -514.4 }
				],
				"scale": [
					{ "x": 1.399, "y": 1.399 }
				]
			},
			"move": {
				"translate": [
					{ "x": 119.99, "y": -0.41 }
				],
				"scale": [
					{ "x": -1 }
				]
			},
			"feeling_4": {
				"rotate": [
					{ "value": 174.33 }
				],
				"translate": [
					{ "x": -5.16, "y": -50.77 }
				],
				"scale": [
					{ "x": 0.81, "y": 0.81 }
				]
			}
		},
		"ik": {
			"foot_1": [
				{ "stretch": true }
			],
			"foot_2": [
				{ "stretch": true }
			]
		},
		"drawOrder": [
			{
				"offsets": [
					{ "slot": "shoulder1", "offset": 6 },
					{ "slot": "shoulder3", "offset": 0 },
					{ "slot": "shoulder2", "offset": 5 }
				]
			}
		]
	},
	"t_158_1_win": {
		"slots": {
			"body": {
				"rgba": [
					{ "color": "000000ff" }
				]
			},
			"Emoji": {
				"attachment": [
					{ "name": "Emoji/emo_1" }
				]
			},
			"feeling_1": {
				"attachment": [
					{ "name": "rung" }
				]
			},
			"feeling_2": {
				"attachment": [
					{}
				]
			},
			"feeling_3": {
				"rgba": [
					{ "color": "ffffffff" }
				],
				"attachment": [
					{}
				]
			},
			"feeling_4": {
				"attachment": [
					{}
				]
			},
			"feeling_5": {
				"rgba": [
					{ "color": "ffffffff" }
				],
				"attachment": [
					{ "name": "rung" }
				]
			},
			"hair": {
				"attachment": [
					{}
				]
			},
			"head": {
				"rgba": [
					{ "color": "ffffffff" }
				],
				"attachment": [
					{ "name": "head" }
				]
			},
			"item": {
				"attachment": [
					{}
				]
			},
			"shoulder1": {
				"rgba": [
					{ "color": "000000ff" }
				],
				"attachment": [
					{ "name": "shoulder" }
				]
			},
			"shoulder2": {
				"rgba": [
					{ "color": "000000ff" }
				],
				"attachment": [
					{ "name": "shoulder" }
				]
			},
			"shoulder3": {
				"rgba": [
					{ "color": "000000ff" }
				],
				"attachment": [
					{ "name": "shoulder" }
				]
			},
			"shoulder4": {
				"rgba": [
					{ "color": "000000ff" }
				],
				"attachment": [
					{ "name": "shoulder" }
				]
			},
			"thigh": {
				"rgba": [
					{ "color": "000000ff" }
				]
			},
			"thigh2": {
				"rgba": [
					{ "color": "000000ff" }
				]
			},
			"thigh3": {
				"rgba": [
					{ "color": "000000ff" }
				]
			},
			"thigh4": {
				"rgba": [
					{ "color": "000000ff" }
				]
			}
		},
		"bones": {
			"head": {
				"rotate": [
					{ "value": -0.89 }
				],
				"translate": [
					{ "x": -15.78, "y": -8.2 }
				],
				"scale": [
					{}
				]
			},
			"root": {
				"rotate": [
					{}
				],
				"translate": [
					{}
				]
			},
			"main": {
				"rotate": [
					{ "value": 0.07 }
				],
				"translate": [
					{ "x": -8.45, "y": -28.84 }
				]
			},
			"hip": {
				"rotate": [
					{}
				],
				"translate": [
					{}
				]
			},
			"body": {
				"rotate": [
					{ "value": -1.91 }
				],
				"translate": [
					{}
				],
				"scale": [
					{}
				]
			},
			"body2": {
				"rotate": [
					{ "value": -1.91 }
				],
				"translate": [
					{}
				],
				"scale": [
					{}
				]
			},
			"body3": {
				"rotate": [
					{ "value": -1.91 }
				],
				"translate": [
					{}
				],
				"scale": [
					{}
				]
			},
			"body4": {
				"rotate": [
					{ "value": -1.91 }
				],
				"translate": [
					{ "x": -9.13, "y": 0.12 }
				],
				"scale": [
					{}
				]
			},
			"body5": {
				"rotate": [
					{ "value": -1.91 }
				],
				"translate": [
					{ "x": -8.48, "y": 0.12 }
				],
				"scale": [
					{}
				]
			},
			"body6": {
				"rotate": [
					{ "value": -1.91 }
				],
				"translate": [
					{ "x": -11.08, "y": 0.19 }
				],
				"scale": [
					{}
				]
			},
			"body7": {
				"rotate": [
					{ "value": -1.91 }
				],
				"translate": [
					{}
				],
				"scale": [
					{}
				]
			},
			"body8": {
				"rotate": [
					{ "value": -1.91 }
				],
				"translate": [
					{}
				],
				"scale": [
					{}
				]
			},
			"feeling_3": {
				"rotate": [
					{ "value": -15.28 }
				],
				"translate": [
					{ "x": -69.69, "y": -62.8 }
				],
				"scale": [
					{ "x": 0.617, "y": -0.617 }
				]
			},
			"emoji": {
				"rotate": [
					{ "value": 6.87 }
				],
				"translate": [
					{ "x": -5.73, "y": -3 }
				],
				"scale": [
					{ "x": -1.039, "y": 1.039 }
				]
			},
			"shouder_1": {
				"rotate": [
					{ "value": -51.55 }
				],
				"translate": [
					{ "x": 19.26, "y": 2.47 }
				],
				"scale": [
					{}
				]
			},
			"arm_1": {
				"rotate": [
					{ "value": -89.37 }
				],
				"translate": [
					{ "x": 2.02, "y": 0.08 }
				],
				"scale": [
					{}
				]
			},
			"shouder_2": {
				"rotate": [
					{ "value": 57.58 }
				],
				"translate": [
					{ "x": 21.37, "y": 4.04 }
				],
				"scale": [
					{}
				]
			},
			"arm_2": {
				"rotate": [
					{ "value": 87.92 }
				],
				"scale": [
					{}
				]
			},
			"thigh_1": {
				"rotate": [
					{ "value": 24.72 }
				],
				"translate": [
					{}
				],
				"scale": [
					{}
				]
			},
			"leg_1": {
				"rotate": [
					{}
				],
				"translate": [
					{}
				]
			},
			"thigh_2": {
				"rotate": [
					{ "value": 39.21 }
				],
				"translate": [
					{}
				],
				"scale": [
					{}
				]
			},
			"leg_2": {
				"rotate": [
					{ "value": 18.14 }
				],
				"translate": [
					{}
				]
			},
			"foot_2": {
				"rotate": [
					{ "value": 5.31 }
				],
				"translate": [
					{ "x": 37.53, "y": 1.44 }
				]
			},
			"foot_3": {
				"rotate": [
					{ "value": 12.32 }
				],
				"translate": [
					{ "x": -62.49, "y": 69.85 }
				]
			},
			"feeling_5": {
				"rotate": [
					{ "value": -57.83 }
				],
				"translate": [
					{ "x": 34.4, "y": -47.15 }
				],
				"scale": [
					{ "x": -0.59, "y": 0.59 }
				],
				"shear": [
					{}
				]
			},
			"feeling_1": {
				"rotate": [
					{ "value": -156.26 }
				],
				"translate": [
					{ "x": -138.99, "y": -276.13 }
				],
				"scale": [
					{ "x": -0.77, "y": 0.77 }
				]
			},
			"move": {
				"translate": [
					{ "x": 119.99 }
				],
				"scale": [
					{ "x": -1 }
				]
			},
			"feeling_2": {
				"rotate": [
					{ "value": 139.42 }
				],
				"translate": [
					{ "x": -235.06, "y": -81.03 }
				],
				"scale": [
					{ "x": 0.879, "y": 0.879 }
				]
			},
			"item_1": {
				"rotate": [
					{ "value": 13.1 }
				],
				"translate": [
					{ "x": -153.54, "y": -4.83 }
				]
			},
			"feeling_4": {
				"rotate": [
					{ "value": -85.13 }
				],
				"translate": [
					{ "x": -5.91, "y": 167.89 }
				],
				"scale": [
					{ "x": 0.793, "y": 0.793 }
				]
			},
			"hair_1": {
				"rotate": [
					{ "value": 2.23 }
				],
				"translate": [
					{ "x": 188.71, "y": 531 }
				],
				"scale": [
					{ "x": 1.403, "y": 1.403 }
				]
			}
		},
		"ik": {
			"foot_1": [
				{ "bendPositive": false, "stretch": true }
			],
			"foot_2": [
				{ "stretch": true }
			]
		},
		"drawOrder": [
			{
				"offsets": [
					{ "slot": "item", "offset": 17 },
					{ "slot": "shoulder2", "offset": 5 },
					{ "slot": "shoulder4", "offset": -4 },
					{ "slot": "feeling_3", "offset": 1 }
				]
			}
		]
	},
	"t_158_2_be": {
		"slots": {
			"body": {
				"rgba": [
					{ "color": "000000ff" }
				]
			},
			"Emoji": {
				"attachment": [
					{ "name": "Emoji/emo_30" }
				]
			},
			"feeling_1": {
				"attachment": [
					{ "name": "late" }
				]
			},
			"feeling_2": {
				"attachment": [
					{ "name": "mo_hoi" }
				]
			},
			"feeling_3": {
				"rgba": [
					{ "color": "ffffffff" }
				],
				"attachment": [
					{ "name": "mo_hoi" }
				]
			},
			"feeling_5": {
				"attachment": [
					{ "name": "giat_minh" }
				]
			},
			"hair": {
				"attachment": [
					{ "name": "hair/man/toc_8" }
				]
			},
			"item": {
				"attachment": [
					{}
				]
			},
			"shoulder1": {
				"rgba": [
					{ "color": "000000ff" }
				],
				"attachment": [
					{ "name": "shoulder" }
				]
			},
			"shoulder2": {
				"rgba": [
					{ "color": "000000ff" }
				],
				"attachment": [
					{ "name": "shoulder" }
				]
			},
			"shoulder3": {
				"rgba": [
					{ "color": "000000ff" }
				],
				"attachment": [
					{ "name": "shoulder" }
				]
			},
			"shoulder4": {
				"rgba": [
					{ "color": "000000ff" }
				],
				"attachment": [
					{ "name": "shoulder" }
				]
			},
			"thigh": {
				"rgba": [
					{ "color": "000000ff" }
				]
			},
			"thigh2": {
				"rgba": [
					{ "color": "000000ff" }
				]
			},
			"thigh3": {
				"rgba": [
					{ "color": "000000ff" }
				]
			},
			"thigh4": {
				"rgba": [
					{ "color": "000000ff" }
				]
			}
		},
		"bones": {
			"body": {
				"rotate": [
					{ "value": 16.23 }
				]
			},
			"body2": {
				"rotate": [
					{ "value": -2.59 }
				]
			},
			"body3": {
				"rotate": [
					{ "value": -0.22 }
				]
			},
			"body4": {
				"rotate": [
					{ "value": -0.29 }
				]
			},
			"body5": {
				"rotate": [
					{ "value": -2.56 }
				]
			},
			"body6": {
				"rotate": [
					{ "value": -2.15 }
				]
			},
			"body7": {
				"rotate": [
					{ "value": -0.58 }
				]
			},
			"body8": {
				"rotate": [
					{ "value": -5.18 }
				],
				"translate": [
					{ "x": 10.92, "y": -0.52 }
				]
			},
			"thigh_1": {
				"rotate": [
					{ "value": 26.16 }
				]
			},
			"leg_1": {
				"rotate": [
					{ "value": 72.18 }
				],
				"scale": [
					{}
				]
			},
			"main": {
				"rotate": [
					{ "value": -7.58 }
				],
				"translate": [
					{ "x": 8.18, "y": -45.69 }
				]
			},
			"head": {
				"rotate": [
					{ "value": -6.75 }
				],
				"translate": [
					{ "x": -7.05, "y": 15.08 }
				],
				"scale": [
					{ "y": -1 }
				]
			},
			"shouder_1": {
				"rotate": [
					{ "value": -168.81 }
				],
				"translate": [
					{ "x": 31.08, "y": -0.97 }
				],
				"scale": [
					{}
				]
			},
			"arm_1": {
				"rotate": [
					{ "value": -25.93 }
				]
			},
			"shouder_2": {
				"rotate": [
					{ "value": 162.63 }
				],
				"translate": [
					{ "x": 31.25, "y": -3.74 }
				],
				"scale": [
					{}
				]
			},
			"arm_2": {
				"rotate": [
					{ "value": -18.59 }
				]
			},
			"thigh_2": {
				"rotate": [
					{ "value": -82.1 }
				],
				"scale": [
					{}
				]
			},
			"leg_2": {
				"rotate": [
					{ "value": 49.36 }
				],
				"scale": [
					{}
				]
			},
			"emoji": {
				"rotate": [
					{ "value": -12.82 }
				],
				"translate": [
					{ "x": 3.02, "y": -13.92 }
				],
				"scale": [
					{}
				]
			},
			"feeling_3": {
				"rotate": [
					{ "value": -76.74 }
				],
				"translate": [
					{ "x": 21.9, "y": 18.57 }
				],
				"scale": [
					{ "x": 0.931, "y": 0.868 }
				]
			},
			"feeling_5": {
				"rotate": [
					{ "value": -138.86 }
				],
				"translate": [
					{ "x": -6.67, "y": -103.15 }
				],
				"scale": [
					{ "x": 0.537, "y": 0.537 }
				]
			},
			"move": {
				"translate": [
					{ "x": 119.99, "y": 0.12 }
				],
				"scale": [
					{}
				]
			},
			"feeling_1": {
				"rotate": [
					{ "value": 0.14 }
				],
				"translate": [
					{ "x": -10.06, "y": 23.31 }
				],
				"scale": [
					{ "x": 0.806, "y": 0.806 }
				]
			},
			"feeling_2": {
				"rotate": [
					{ "value": 58.69 }
				],
				"translate": [
					{ "x": -21.68, "y": -96.82 }
				],
				"scale": [
					{ "x": 0.654, "y": 0.654 }
				]
			},
			"foot_3": {
				"rotate": [
					{ "value": -9.29 }
				],
				"translate": [
					{ "x": -159.18, "y": 30.52 }
				]
			},
			"foot_2": {
				"translate": [
					{ "x": 202.75, "y": 123.12 }
				]
			},
			"item_1": {
				"rotate": [
					{ "value": -16.46 }
				],
				"translate": [
					{ "x": -250.95, "y": -25.98 }
				],
				"scale": [
					{ "x": 0.776, "y": 0.776 }
				]
			},
			"hair_1": {
				"rotate": [
					{ "value": 6.45 }
				],
				"translate": [
					{ "x": 56.64, "y": 598.27 }
				],
				"scale": [
					{ "x": 1.082, "y": 1.082 }
				]
			}
		},
		"ik": {
			"foot_1": [
				{ "stretch": true }
			],
			"foot_2": [
				{ "stretch": true }
			]
		}
	},
	"t_158_2_lose": {
		"slots": {
			"body": {
				"rgba": [
					{ "color": "000000ff" }
				]
			},
			"Emoji": {
				"attachment": [
					{ "name": "Emoji/emo_100" }
				]
			},
			"feeling_1": {
				"attachment": [
					{ "name": "cauco" }
				]
			},
			"feeling_2": {
				"attachment": [
					{ "name": "giat_minh" }
				]
			},
			"feeling_3": {
				"attachment": [
					{}
				]
			},
			"feeling_5": {
				"attachment": [
					{}
				]
			},
			"hair": {
				"attachment": [
					{ "name": "hair/man/toc_8" }
				]
			},
			"head": {
				"rgba": [
					{ "color": "ffa9a9ff" }
				],
				"attachment": [
					{ "name": "head" }
				]
			},
			"shoulder1": {
				"rgba": [
					{ "color": "000000ff" }
				],
				"attachment": [
					{ "name": "shoulder" }
				]
			},
			"shoulder2": {
				"rgba": [
					{ "color": "000000ff" }
				],
				"attachment": [
					{ "name": "shoulder" }
				]
			},
			"shoulder3": {
				"rgba": [
					{ "color": "000000ff" }
				],
				"attachment": [
					{ "name": "shoulder" }
				]
			},
			"shoulder4": {
				"rgba": [
					{ "color": "000000ff" }
				],
				"attachment": [
					{ "name": "shoulder" }
				]
			},
			"thigh": {
				"rgba": [
					{ "color": "000000ff" }
				]
			},
			"thigh2": {
				"rgba": [
					{ "color": "000000ff" }
				]
			},
			"thigh3": {
				"rgba": [
					{ "color": "000000ff" }
				]
			},
			"thigh4": {
				"rgba": [
					{ "color": "000000ff" }
				]
			}
		},
		"bones": {
			"head": {
				"rotate": [
					{ "value": -4.03 }
				],
				"translate": [
					{ "x": -30.32, "y": 1.66 }
				],
				"scale": [
					{}
				]
			},
			"root": {
				"rotate": [
					{}
				],
				"translate": [
					{}
				]
			},
			"main": {
				"rotate": [
					{ "value": -3.38 }
				],
				"translate": [
					{ "x": -0.51, "y": 18.83 }
				]
			},
			"hip": {
				"rotate": [
					{}
				],
				"translate": [
					{}
				]
			},
			"body": {
				"rotate": [
					{ "value": 1.07 }
				],
				"translate": [
					{}
				]
			},
			"body2": {
				"rotate": [
					{ "value": 1.07 }
				],
				"translate": [
					{}
				]
			},
			"body3": {
				"rotate": [
					{ "value": 1.07 }
				],
				"translate": [
					{}
				]
			},
			"body4": {
				"rotate": [
					{ "value": 1.07 }
				],
				"translate": [
					{}
				]
			},
			"body5": {
				"rotate": [
					{ "value": 1.07 }
				],
				"translate": [
					{}
				]
			},
			"body6": {
				"rotate": [
					{ "value": -2.14 }
				],
				"translate": [
					{}
				]
			},
			"body7": {
				"rotate": [
					{ "value": 1.24 }
				],
				"translate": [
					{}
				]
			},
			"body8": {
				"rotate": [
					{ "value": 1.07 }
				],
				"translate": [
					{}
				]
			},
			"feeling_3": {
				"rotate": [
					{}
				],
				"translate": [
					{}
				]
			},
			"emoji": {
				"rotate": [
					{ "value": 2.38 }
				],
				"translate": [
					{ "x": -2.57, "y": -3.53 }
				],
				"scale": [
					{ "x": -0.943, "y": 0.943 }
				]
			},
			"shouder_1": {
				"rotate": [
					{ "value": -8.99 }
				],
				"translate": [
					{ "x": 29.77, "y": -4.3 }
				],
				"scale": [
					{}
				]
			},
			"arm_1": {
				"rotate": [
					{ "value": 70.55 }
				],
				"translate": [
					{ "x": 2.02, "y": 0.08 }
				],
				"scale": [
					{}
				]
			},
			"shouder_2": {
				"rotate": [
					{ "value": 43.75 }
				],
				"translate": [
					{ "x": 30.67, "y": 1.94 }
				],
				"scale": [
					{}
				]
			},
			"arm_2": {
				"rotate": [
					{ "value": 42.13 }
				],
				"translate": [
					{}
				]
			},
			"thigh_1": {
				"rotate": [
					{}
				],
				"scale": [
					{}
				]
			},
			"leg_1": {
				"rotate": [
					{}
				],
				"translate": [
					{}
				],
				"scale": [
					{}
				]
			},
			"thigh_2": {
				"rotate": [
					{}
				],
				"translate": [
					{}
				]
			},
			"leg_2": {
				"rotate": [
					{}
				],
				"translate": [
					{}
				]
			},
			"foot_2": {
				"rotate": [
					{}
				],
				"translate": [
					{ "x": -48.9, "y": 21.82 }
				]
			},
			"foot_3": {
				"rotate": [
					{}
				],
				"translate": [
					{ "x": 47.11, "y": 22.52 }
				]
			},
			"feeling_5": {
				"rotate": [
					{}
				],
				"translate": [
					{}
				]
			},
			"feeling_1": {
				"rotate": [
					{ "value": -20.57 }
				],
				"translate": [
					{ "x": -185.35, "y": -77.7 }
				],
				"scale": [
					{ "x": 1.18, "y": 1.18 }
				]
			},
			"move": {
				"translate": [
					{ "x": 119.91, "y": -23.02 }
				],
				"scale": [
					{}
				]
			},
			"feeling_2": {
				"rotate": [
					{ "value": 74.64 }
				],
				"translate": [
					{ "x": -99.97, "y": -3.86 }
				],
				"scale": [
					{ "x": 1.12, "y": 1.12 }
				]
			},
			"hair_1": {
				"rotate": [
					{ "value": -3.29 }
				],
				"translate": [
					{ "x": 117.3, "y": 570.7 }
				],
				"scale": [
					{ "x": -1.042, "y": 1.042 }
				]
			}
		},
		"ik": {
			"foot_1": [
				{ "stretch": true }
			],
			"foot_2": [
				{ "bendPositive": false, "stretch": true }
			]
		},
		"drawOrder": [
			{
				"offsets": [
					{ "slot": "shoulder4", "offset": -3 }
				]
			}
		]
	},
	"t_158_2_win": {
		"slots": {
			"body": {
				"rgba": [
					{ "color": "000000ff", "curve": "stepped" },
					{ "time": 0.7667, "color": "000000ff" }
				]
			},
			"Emoji": {
				"rgba": [
					{ "color": "ff8181ff", "curve": "stepped" },
					{ "time": 0.7667, "color": "ff8181ff" }
				],
				"attachment": [
					{ "name": "Emoji/emo_57_d" },
					{ "time": 0.7667, "name": "Emoji/emo_57_d" }
				]
			},
			"feeling_1": {
				"attachment": [
					{ "name": "mo_hoi" },
					{ "time": 0.7667, "name": "mo_hoi" }
				]
			},
			"feeling_2": {
				"attachment": [
					{ "name": "cham_than" },
					{ "time": 0.7667, "name": "cham_than" }
				]
			},
			"feeling_3": {
				"rgba": [
					{ "color": "fff90cff", "curve": "stepped" },
					{ "time": 0.7667, "color": "fff90cff" }
				],
				"attachment": [
					{ "name": "scare" },
					{ "time": 0.7667, "name": "scare" }
				]
			},
			"feeling_4": {
				"attachment": [
					{ "name": "choang" },
					{ "time": 0.7667, "name": "choang" }
				]
			},
			"feeling_5": {
				"rgba": [
					{ "color": "ffffffff", "curve": "stepped" },
					{ "time": 0.7667, "color": "ffffffff" }
				],
				"attachment": [
					{},
					{ "time": 0.7667 }
				]
			},
			"hair": {
				"attachment": [
					{ "name": "hair/man/toc_8_sau" },
					{ "time": 0.7667, "name": "hair/man/toc_8_sau" }
				]
			},
			"head": {
				"rgba": [
					{ "color": "ffffffff", "curve": "stepped" },
					{ "time": 0.7667, "color": "ffffffff" }
				],
				"attachment": [
					{ "name": "head_7" },
					{ "time": 0.7667, "name": "head_7" }
				]
			},
			"item": {
				"attachment": [
					{},
					{ "time": 0.7667 }
				]
			},
			"shoulder1": {
				"rgba": [
					{ "color": "000000ff", "curve": "stepped" },
					{ "time": 0.7667, "color": "000000ff" }
				],
				"attachment": [
					{ "name": "shoulder" },
					{ "time": 0.7667, "name": "shoulder" }
				]
			},
			"shoulder2": {
				"rgba": [
					{ "color": "000000ff", "curve": "stepped" },
					{ "time": 0.7667, "color": "000000ff" }
				],
				"attachment": [
					{ "name": "shoulder" },
					{ "time": 0.7667, "name": "shoulder" }
				]
			},
			"shoulder3": {
				"rgba": [
					{ "color": "000000ff", "curve": "stepped" },
					{ "time": 0.7667, "color": "000000ff" }
				],
				"attachment": [
					{ "name": "shoulder" },
					{ "time": 0.7667, "name": "shoulder" }
				]
			},
			"shoulder4": {
				"rgba": [
					{ "color": "000000ff", "curve": "stepped" },
					{ "time": 0.7667, "color": "000000ff" }
				],
				"attachment": [
					{ "name": "shoulder" },
					{ "time": 0.7667, "name": "shoulder" }
				]
			},
			"thigh": {
				"rgba": [
					{ "color": "000000ff", "curve": "stepped" },
					{ "time": 0.7667, "color": "000000ff" }
				]
			},
			"thigh2": {
				"rgba": [
					{ "color": "000000ff", "curve": "stepped" },
					{ "time": 0.7667, "color": "000000ff" }
				]
			},
			"thigh3": {
				"rgba": [
					{ "color": "000000ff", "curve": "stepped" },
					{ "time": 0.7667, "color": "000000ff" }
				]
			},
			"thigh4": {
				"rgba": [
					{ "color": "000000ff", "curve": "stepped" },
					{ "time": 0.7667, "color": "000000ff" }
				]
			}
		},
		"bones": {
			"head": {
				"rotate": [
					{ "value": -13.27, "curve": "stepped" },
					{ "time": 0.7667, "value": -13.27 }
				],
				"translate": [
					{ "x": -14.78, "y": 2.43, "curve": "stepped" },
					{ "time": 0.7667, "x": -14.78, "y": 2.43 }
				],
				"scale": [
					{ "x": 1.188, "y": 0.892, "curve": "stepped" },
					{ "time": 0.7667, "x": 1.188, "y": 0.892 }
				]
			},
			"root": {
				"rotate": [
					{ "curve": "stepped" },
					{ "time": 0.7667 }
				],
				"translate": [
					{ "curve": "stepped" },
					{ "time": 0.7667 }
				]
			},
			"main": {
				"rotate": [
					{ "value": -0.99, "curve": "stepped" },
					{ "time": 0.7667, "value": -0.99 }
				],
				"translate": [
					{ "x": -4.76, "y": -1.72, "curve": "stepped" },
					{ "time": 0.7667, "x": -4.76, "y": -1.72 }
				]
			},
			"hip": {
				"rotate": [
					{ "curve": "stepped" },
					{ "time": 0.7667 }
				],
				"translate": [
					{ "curve": "stepped" },
					{ "time": 0.7667 }
				]
			},
			"body": {
				"rotate": [
					{ "value": 0.63, "curve": "stepped" },
					{ "time": 0.7667, "value": 0.63 }
				],
				"translate": [
					{ "curve": "stepped" },
					{ "time": 0.7667 }
				],
				"scale": [
					{ "curve": "stepped" },
					{ "time": 0.7667 }
				]
			},
			"body2": {
				"rotate": [
					{ "value": 0.63, "curve": "stepped" },
					{ "time": 0.7667, "value": 0.63 }
				],
				"translate": [
					{ "curve": "stepped" },
					{ "time": 0.7667 }
				],
				"scale": [
					{ "curve": "stepped" },
					{ "time": 0.7667 }
				]
			},
			"body3": {
				"rotate": [
					{ "value": 0.63, "curve": "stepped" },
					{ "time": 0.7667, "value": 0.63 }
				],
				"translate": [
					{ "curve": "stepped" },
					{ "time": 0.7667 }
				],
				"scale": [
					{ "curve": "stepped" },
					{ "time": 0.7667 }
				]
			},
			"body4": {
				"rotate": [
					{ "value": 0.63, "curve": "stepped" },
					{ "time": 0.7667, "value": 0.63 }
				],
				"translate": [
					{ "curve": "stepped" },
					{ "time": 0.7667 }
				],
				"scale": [
					{ "curve": "stepped" },
					{ "time": 0.7667 }
				]
			},
			"body5": {
				"rotate": [
					{ "value": 0.63, "curve": "stepped" },
					{ "time": 0.7667, "value": 0.63 }
				],
				"translate": [
					{ "curve": "stepped" },
					{ "time": 0.7667 }
				],
				"scale": [
					{ "curve": "stepped" },
					{ "time": 0.7667 }
				]
			},
			"body6": {
				"rotate": [
					{ "value": 0.63, "curve": "stepped" },
					{ "time": 0.7667, "value": 0.63 }
				],
				"translate": [
					{ "curve": "stepped" },
					{ "time": 0.7667 }
				],
				"scale": [
					{ "curve": "stepped" },
					{ "time": 0.7667 }
				]
			},
			"body7": {
				"rotate": [
					{ "value": 0.63, "curve": "stepped" },
					{ "time": 0.7667, "value": 0.63 }
				],
				"translate": [
					{ "curve": "stepped" },
					{ "time": 0.7667 }
				],
				"scale": [
					{ "curve": "stepped" },
					{ "time": 0.7667 }
				]
			},
			"body8": {
				"rotate": [
					{ "value": 0.63, "curve": "stepped" },
					{ "time": 0.7667, "value": 0.63 }
				],
				"translate": [
					{ "curve": "stepped" },
					{ "time": 0.7667 }
				],
				"scale": [
					{ "curve": "stepped" },
					{ "time": 0.7667 }
				]
			},
			"feeling_3": {
				"rotate": [
					{ "value": 6.76, "curve": "stepped" },
					{ "time": 0.7667, "value": 6.76 }
				],
				"translate": [
					{ "x": 5.91, "y": -28.52, "curve": "stepped" },
					{ "time": 0.7667, "x": 5.91, "y": -28.52 }
				],
				"scale": [
					{ "x": 2.216, "y": -3.396, "curve": "stepped" },
					{ "time": 0.1, "x": 1.108, "y": -1.269, "curve": "stepped" },
					{ "time": 0.2, "x": 2.216, "y": -3.396, "curve": "stepped" },
					{ "time": 0.2667, "x": 2.216, "y": -3.396, "curve": "stepped" },
					{ "time": 0.3667, "x": 1.108, "y": -1.269, "curve": "stepped" },
					{ "time": 0.4667, "x": 2.216, "y": -3.396, "curve": "stepped" },
					{ "time": 0.5667, "x": 2.216, "y": -3.396, "curve": "stepped" },
					{ "time": 0.6667, "x": 1.108, "y": -1.269, "curve": "stepped" },
					{ "time": 0.7667, "x": 2.216, "y": -3.396 }
				]
			},
			"emoji": {
				"rotate": [
					{ "value": -5.42, "curve": "stepped" },
					{ "time": 0.7667, "value": -5.42 }
				],
				"translate": [
					{ "x": 71.38, "y": -4.12, "curve": "stepped" },
					{ "time": 0.7667, "x": 71.38, "y": -4.12 }
				],
				"scale": [
					{ "x": 1.177, "y": 1.549, "curve": "stepped" },
					{ "time": 0.7667, "x": 1.177, "y": 1.549 }
				]
			},
			"shouder_1": {
				"rotate": [
					{ "value": 153.38, "curve": "stepped" },
					{ "time": 0.7667, "value": 153.38 }
				],
				"translate": [
					{ "x": 14.46, "y": -1.99, "curve": "stepped" },
					{ "time": 0.7667, "x": 14.46, "y": -1.99 }
				],
				"scale": [
					{ "curve": "stepped" },
					{ "time": 0.7667 }
				]
			},
			"arm_1": {
				"rotate": [
					{ "value": -25.86, "curve": "stepped" },
					{ "time": 0.7667, "value": -25.86 }
				],
				"translate": [
					{ "x": 2.02, "y": 0.08, "curve": "stepped" },
					{ "time": 0.7667, "x": 2.02, "y": 0.08 }
				],
				"scale": [
					{ "curve": "stepped" },
					{ "time": 0.7667 }
				]
			},
			"shouder_2": {
				"rotate": [
					{ "value": 138.84, "curve": "stepped" },
					{ "time": 0.7667, "value": 138.84 }
				],
				"translate": [
					{ "x": 16.26, "y": -1.97, "curve": "stepped" },
					{ "time": 0.7667, "x": 16.26, "y": -1.97 }
				],
				"scale": [
					{ "curve": "stepped" },
					{ "time": 0.7667 }
				]
			},
			"arm_2": {
				"rotate": [
					{ "value": 76.33, "curve": "stepped" },
					{ "time": 0.7667, "value": 76.33 }
				],
				"scale": [
					{ "curve": "stepped" },
					{ "time": 0.7667 }
				]
			},
			"thigh_1": {
				"rotate": [
					{ "value": 37.93 },
					{ "time": 0.7667, "value": 58.44 }
				],
				"translate": [
					{ "curve": "stepped" },
					{ "time": 0.7667 }
				],
				"scale": [
					{ "curve": "stepped" },
					{ "time": 0.7667 }
				]
			},
			"leg_1": {
				"rotate": [
					{ "value": -61.31 },
					{ "time": 0.7667, "value": -36.35 }
				],
				"translate": [
					{ "curve": "stepped" },
					{ "time": 0.7667 }
				],
				"scale": [
					{ "curve": "stepped" },
					{ "time": 0.7667 }
				]
			},
			"thigh_2": {
				"rotate": [
					{ "value": -82.73 },
					{ "time": 0.7667, "value": -56.34 }
				],
				"translate": [
					{ "curve": "stepped" },
					{ "time": 0.7667 }
				],
				"scale": [
					{ "curve": "stepped" },
					{ "time": 0.7667 }
				]
			},
			"leg_2": {
				"rotate": [
					{ "value": 95.94 },
					{ "time": 0.7667, "value": 61.19 }
				],
				"translate": [
					{ "curve": "stepped" },
					{ "time": 0.7667 }
				],
				"scale": [
					{ "curve": "stepped" },
					{ "time": 0.7667 }
				]
			},
			"foot_2": {
				"rotate": [
					{ "curve": "stepped" },
					{ "time": 0.7667 }
				],
				"translate": [
					{ "x": 150.92, "y": 67.19, "curve": "stepped" },
					{ "time": 0.7667, "x": 150.92, "y": 67.19 }
				]
			},
			"foot_3": {
				"rotate": [
					{ "value": 12.32, "curve": "stepped" },
					{ "time": 0.7667, "value": 12.32 }
				],
				"translate": [
					{ "x": -103.76, "y": 58.22, "curve": "stepped" },
					{ "time": 0.7667, "x": -103.76, "y": 58.22 }
				]
			},
			"feeling_5": {
				"rotate": [
					{ "value": 7.13, "curve": "stepped" },
					{ "time": 0.7667, "value": 7.13 }
				],
				"translate": [
					{ "x": -20.56, "y": 23.39, "curve": "stepped" },
					{ "time": 0.7667, "x": -20.56, "y": 23.39 }
				],
				"scale": [
					{ "x": 0.971, "y": 0.971, "curve": "stepped" },
					{ "time": 0.7667, "x": 0.971, "y": 0.971 }
				],
				"shear": [
					{ "curve": "stepped" },
					{ "time": 0.7667 }
				]
			},
			"feeling_1": {
				"rotate": [
					{ "value": 172.81, "curve": "stepped" },
					{ "time": 0.7667, "value": 172.81 }
				],
				"translate": [
					{ "x": -2.73, "y": 36.78, "curve": "stepped" },
					{ "time": 0.7667, "x": -2.73, "y": 36.78 }
				],
				"scale": [
					{ "x": 0.757, "y": 1.288, "curve": "stepped" },
					{ "time": 0.7667, "x": 0.757, "y": 1.288 }
				]
			},
			"move": {
				"translate": [
					{ "x": 119.99, "curve": "stepped" },
					{ "time": 0.7667, "x": 119.99 }
				],
				"scale": [
					{ "curve": "stepped" },
					{ "time": 0.7667 }
				]
			},
			"feeling_2": {
				"rotate": [
					{ "value": 1.83, "curve": "stepped" },
					{ "time": 0.7667, "value": 1.83 }
				],
				"translate": [
					{ "x": 86.34, "y": 11.33, "curve": "stepped" },
					{ "time": 0.7667, "x": 86.34, "y": 11.33 }
				],
				"scale": [
					{ "x": 1.472, "y": 1.643, "curve": "stepped" },
					{ "time": 0.7667, "x": 1.472, "y": 1.643 }
				]
			},
			"hair_1": {
				"rotate": [
					{ "value": -11.13, "curve": "stepped" },
					{ "time": 0.7667, "value": -11.13 }
				],
				"translate": [
					{ "x": 128.96, "y": 565.69, "curve": "stepped" },
					{ "time": 0.7667, "x": 128.96, "y": 565.69 }
				],
				"scale": [
					{ "x": 0.878, "y": 1.012, "curve": "stepped" },
					{ "time": 0.7667, "x": 0.878, "y": 1.012 }
				]
			},
			"item_1": {
				"rotate": [
					{ "value": -22.42, "curve": "stepped" },
					{ "time": 0.7667, "value": -22.42 }
				],
				"translate": [
					{ "x": -179.46, "y": 94.3, "curve": "stepped" },
					{ "time": 0.7667, "x": -179.46, "y": 94.3 }
				]
			},
			"feeling_4": {
				"rotate": [
					{ "value": 10.35, "curve": "stepped" },
					{ "time": 0.7667, "value": 10.35 }
				],
				"translate": [
					{ "x": 115.2, "y": 60.45, "curve": "stepped" },
					{ "time": 0.7667, "x": 115.2, "y": 60.45 }
				],
				"scale": [
					{ "x": 0.545, "y": 0.545, "curve": "stepped" },
					{ "time": 0.7667, "x": 0.545, "y": 0.545 }
				]
			}
		},
		"ik": {
			"foot_1": [
				{
					"bendPositive": false,
					"stretch": true,
					"curve": [ 0.192, 1, 0.575, 1, 0.192, 0, 0.575, 0 ]
				},
				{ "time": 0.7667, "bendPositive": false, "stretch": true }
			],
			"foot_2": [
				{
					"stretch": true,
					"curve": [ 0.192, 1, 0.575, 1, 0.192, 0, 0.575, 0 ]
				},
				{ "time": 0.7667, "stretch": true }
			]
		},
		"drawOrder": [
			{
				"offsets": [
					{ "slot": "item", "offset": 17 },
					{ "slot": "shoulder4", "offset": -3 },
					{ "slot": "Emoji", "offset": -9 },
					{ "slot": "feeling_3", "offset": -12 },
					{ "slot": "feeling_2", "offset": -4 }
				]
			},
			{
				"time": 0.7667,
				"offsets": [
					{ "slot": "item", "offset": 17 },
					{ "slot": "shoulder4", "offset": -3 },
					{ "slot": "Emoji", "offset": -9 },
					{ "slot": "feeling_3", "offset": -12 },
					{ "slot": "feeling_2", "offset": -4 }
				]
			}
		]
	}
}
}