{"frames": [

{
	"filename": "bg",
	"frame": {"x":1,"y":1,"w":21,"h":1194},
	"rotated": false,
	"trimmed": false,
	"spriteSourceSize": {"x":0,"y":0,"w":21,"h":1194},
	"sourceSize": {"w":21,"h":1194}
},
{
	"filename": "buc_thu",
	"frame": {"x":801,"y":895,"w":122,"h":86},
	"rotated": false,
	"trimmed": false,
	"spriteSourceSize": {"x":0,"y":0,"w":122,"h":86},
	"sourceSize": {"w":122,"h":86}
},
{
	"filename": "cho_bf",
	"frame": {"x":412,"y":1186,"w":283,"h":96},
	"rotated": false,
	"trimmed": false,
	"spriteSourceSize": {"x":0,"y":0,"w":283,"h":96},
	"sourceSize": {"w":283,"h":96}
},
{
	"filename": "cho_lose",
	"frame": {"x":801,"y":982,"w":114,"h":63},
	"rotated": false,
	"trimmed": false,
	"spriteSourceSize": {"x":0,"y":0,"w":114,"h":63},
	"sourceSize": {"w":114,"h":63}
},
{
	"filename": "cua_so_1",
	"frame": {"x":23,"y":326,"w":398,"h":310},
	"rotated": false,
	"trimmed": true,
	"spriteSourceSize": {"x":7,"y":7,"w":398,"h":310},
	"sourceSize": {"w":412,"h":324}
},
{
	"filename": "cua_so_1_hot",
	"frame": {"x":23,"y":1,"w":412,"h":324},
	"rotated": false,
	"trimmed": false,
	"spriteSourceSize": {"x":0,"y":0,"w":412,"h":324},
	"sourceSize": {"w":412,"h":324}
},
{
	"filename": "cua_so_2",
	"frame": {"x":23,"y":637,"w":396,"h":306},
	"rotated": false,
	"trimmed": false,
	"spriteSourceSize": {"x":0,"y":0,"w":396,"h":306},
	"sourceSize": {"w":396,"h":306}
},
{
	"filename": "cua_so_mo",
	"frame": {"x":833,"y":1,"w":86,"h":263},
	"rotated": false,
	"trimmed": false,
	"spriteSourceSize": {"x":0,"y":0,"w":86,"h":263},
	"sourceSize": {"w":86,"h":263}
},
{
	"filename": "Layer 70 copy",
	"frame": {"x":23,"y":944,"w":388,"h":298},
	"rotated": false,
	"trimmed": false,
	"spriteSourceSize": {"x":0,"y":0,"w":388,"h":298},
	"sourceSize": {"w":388,"h":298}
},
{
	"filename": "nen_do",
	"frame": {"x":436,"y":310,"w":380,"h":291},
	"rotated": false,
	"trimmed": false,
	"spriteSourceSize": {"x":0,"y":0,"w":380,"h":291},
	"sourceSize": {"w":380,"h":291}
},
{
	"filename": "nen_hong",
	"frame": {"x":422,"y":602,"w":380,"h":291},
	"rotated": false,
	"trimmed": false,
	"spriteSourceSize": {"x":0,"y":0,"w":380,"h":291},
	"sourceSize": {"w":380,"h":291}
},
{
	"filename": "nen_tim",
	"frame": {"x":420,"y":894,"w":380,"h":291},
	"rotated": false,
	"trimmed": false,
	"spriteSourceSize": {"x":0,"y":0,"w":380,"h":291},
	"sourceSize": {"w":380,"h":291}
},
{
	"filename": "Shape 2",
	"frame": {"x":803,"y":602,"w":185,"h":292},
	"rotated": false,
	"trimmed": false,
	"spriteSourceSize": {"x":0,"y":0,"w":185,"h":292},
	"sourceSize": {"w":185,"h":292}
},
{
	"filename": "vien_cua_so",
	"frame": {"x":436,"y":1,"w":396,"h":308},
	"rotated": false,
	"trimmed": false,
	"spriteSourceSize": {"x":0,"y":0,"w":396,"h":308},
	"sourceSize": {"w":396,"h":308}
}],
"meta": {
	"app": "https://www.codeandweb.com/texturepacker",
	"version": "1.0",
	"image": "props.png",
	"format": "RGBA8888",
	"size": {"w":989,"h":1283},
	"scale": "1",
	"smartupdate": "$TexturePacker:SmartUpdate:534b7687547d6c78e0f1737148fa0d42:ff563a49e829e4eba329fcc6cc8df9c6:f4c39b94f5b79b4c461da96ae5609d50$"
}
}
