{"frames": [

{
	"filename": "bg",
	"frame": {"x":1,"y":21,"w":39,"h":1196},
	"rotated": false,
	"trimmed": false,
	"spriteSourceSize": {"x":0,"y":0,"w":39,"h":1196},
	"sourceSize": {"w":39,"h":1196}
},
{
	"filename": "bg_ghe_sofa",
	"frame": {"x":41,"y":21,"w":622,"h":276},
	"rotated": false,
	"trimmed": false,
	"spriteSourceSize": {"x":0,"y":0,"w":622,"h":276},
	"sourceSize": {"w":622,"h":276}
},
{
	"filename": "canh_quat",
	"frame": {"x":664,"y":21,"w":374,"h":51},
	"rotated": false,
	"trimmed": false,
	"spriteSourceSize": {"x":0,"y":0,"w":374,"h":51},
	"sourceSize": {"w":374,"h":51}
},
{
	"filename": "de_quat",
	"frame": {"x":153,"y":475,"w":197,"h":92},
	"rotated": false,
	"trimmed": false,
	"spriteSourceSize": {"x":0,"y":0,"w":197,"h":92},
	"sourceSize": {"w":197,"h":92}
},
{
	"filename": "diem_neo_den_dung",
	"frame": {"x":489,"y":298,"w":129,"h":520},
	"rotated": false,
	"trimmed": true,
	"spriteSourceSize": {"x":7,"y":7,"w":129,"h":520},
	"sourceSize": {"w":143,"h":534}
},
{
	"filename": "diem_neo_den_dung_hot",
	"frame": {"x":906,"y":73,"w":143,"h":534},
	"rotated": false,
	"trimmed": false,
	"spriteSourceSize": {"x":0,"y":0,"w":143,"h":534},
	"sourceSize": {"w":143,"h":534}
},
{
	"filename": "diem_neo_dinh_treo_tranh",
	"frame": {"x":489,"y":819,"w":227,"h":387},
	"rotated": false,
	"trimmed": true,
	"spriteSourceSize": {"x":7,"y":7,"w":227,"h":387},
	"sourceSize": {"w":241,"h":401}
},
{
	"filename": "diem_neo_dinh_treo_tranh_hot",
	"frame": {"x":664,"y":73,"w":241,"h":401},
	"rotated": false,
	"trimmed": false,
	"spriteSourceSize": {"x":0,"y":0,"w":241,"h":401},
	"sourceSize": {"w":241,"h":401}
},
{
	"filename": "diem_neo_lo_hoa",
	"frame": {"x":151,"y":298,"w":96,"h":152},
	"rotated": false,
	"trimmed": true,
	"spriteSourceSize": {"x":7,"y":7,"w":96,"h":152},
	"sourceSize": {"w":110,"h":166}
},
{
	"filename": "diem_neo_lo_hoa_hot",
	"frame": {"x":41,"y":298,"w":109,"h":165},
	"rotated": false,
	"trimmed": true,
	"spriteSourceSize": {"x":1,"y":1,"w":109,"h":165},
	"sourceSize": {"w":110,"h":166}
},
{
	"filename": "ietm_banh_ngot",
	"frame": {"x":41,"y":475,"w":111,"h":105},
	"rotated": false,
	"trimmed": false,
	"spriteSourceSize": {"x":0,"y":0,"w":111,"h":105},
	"sourceSize": {"w":111,"h":105}
},
{
	"filename": "tu",
	"frame": {"x":41,"y":608,"w":447,"h":550},
	"rotated": false,
	"trimmed": false,
	"spriteSourceSize": {"x":0,"y":0,"w":447,"h":550},
	"sourceSize": {"w":447,"h":550}
},
{
	"filename": "vach",
	"frame": {"x":1,"y":1,"w":1080,"h":19},
	"rotated": false,
	"trimmed": false,
	"spriteSourceSize": {"x":0,"y":0,"w":1080,"h":19},
	"sourceSize": {"w":1080,"h":19}
}],
"meta": {
	"app": "https://www.codeandweb.com/texturepacker",
	"version": "1.0",
	"image": "props.png",
	"format": "RGBA8888",
	"size": {"w":1082,"h":1218},
	"scale": "1",
	"smartupdate": "$TexturePacker:SmartUpdate:3af461ffde97ba7364c4f026d8c8068c:a9ef6433daf1ba57ef330c96095ac6f8:f4c39b94f5b79b4c461da96ae5609d50$"
}
}
