{"frames": [

{
	"filename": "bang_dieu_khien",
	"frame": {"x":177,"y":888,"w":134,"h":223},
	"rotated": false,
	"trimmed": false,
	"spriteSourceSize": {"x":0,"y":0,"w":134,"h":223},
	"sourceSize": {"w":134,"h":223}
},
{
	"filename": "bg",
	"frame": {"x":1,"y":279,"w":75,"h":1185},
	"rotated": false,
	"trimmed": false,
	"spriteSourceSize": {"x":0,"y":0,"w":75,"h":1185},
	"sourceSize": {"w":75,"h":1185}
},
{
	"filename": "bg_dat",
	"frame": {"x":77,"y":651,"w":239,"h":73},
	"rotated": false,
	"trimmed": false,
	"spriteSourceSize": {"x":0,"y":0,"w":239,"h":73},
	"sourceSize": {"w":239,"h":73}
},
{
	"filename": "de_cot_den",
	"frame": {"x":77,"y":938,"w":99,"h":513},
	"rotated": false,
	"trimmed": true,
	"spriteSourceSize": {"x":7,"y":7,"w":99,"h":513},
	"sourceSize": {"w":113,"h":527}
},
{
	"filename": "de_cot_den_hot",
	"frame": {"x":332,"y":410,"w":112,"h":527},
	"rotated": false,
	"trimmed": true,
	"spriteSourceSize": {"x":1,"y":0,"w":112,"h":527},
	"sourceSize": {"w":113,"h":527}
},
{
	"filename": "diem_neo_ngoi_mo",
	"frame": {"x":177,"y":725,"w":154,"h":162},
	"rotated": false,
	"trimmed": true,
	"spriteSourceSize": {"x":7,"y":7,"w":154,"h":162},
	"sourceSize": {"w":168,"h":176}
},
{
	"filename": "diem_neo_ngoi_mo_hot",
	"frame": {"x":177,"y":1112,"w":168,"h":175},
	"rotated": false,
	"trimmed": true,
	"spriteSourceSize": {"x":0,"y":1,"w":168,"h":175},
	"sourceSize": {"w":168,"h":176}
},
{
	"filename": "lon_nuoc",
	"frame": {"x":77,"y":888,"w":77,"h":42},
	"rotated": false,
	"trimmed": false,
	"spriteSourceSize": {"x":0,"y":0,"w":77,"h":42},
	"sourceSize": {"w":77,"h":42}
},
{
	"filename": "May ban hang tu dong",
	"frame": {"x":77,"y":279,"w":254,"h":371},
	"rotated": false,
	"trimmed": false,
	"spriteSourceSize": {"x":0,"y":0,"w":254,"h":371},
	"sourceSize": {"w":254,"h":371}
},
{
	"filename": "tay_zombie",
	"frame": {"x":332,"y":279,"w":114,"h":130},
	"rotated": false,
	"trimmed": false,
	"spriteSourceSize": {"x":0,"y":0,"w":114,"h":130},
	"sourceSize": {"w":114,"h":130}
},
{
	"filename": "tay_zombie_nam",
	"frame": {"x":77,"y":725,"w":74,"h":111},
	"rotated": false,
	"trimmed": false,
	"spriteSourceSize": {"x":0,"y":0,"w":74,"h":111},
	"sourceSize": {"w":74,"h":111}
},
{
	"filename": "thap_lon_after",
	"frame": {"x":1,"y":1,"w":451,"h":277},
	"rotated": false,
	"trimmed": false,
	"spriteSourceSize": {"x":0,"y":0,"w":451,"h":277},
	"sourceSize": {"w":451,"h":277}
}],
"meta": {
	"app": "https://www.codeandweb.com/texturepacker",
	"version": "1.0",
	"image": "props.png",
	"format": "RGBA8888",
	"size": {"w":453,"h":1465},
	"scale": "1",
	"smartupdate": "$TexturePacker:SmartUpdate:c7f407d880649cef0e6b85ba24751d3b:67b4cf84d0ff14f50947be3e3ed75b3a:f4c39b94f5b79b4c461da96ae5609d50$"
}
}
