{
"skeleton": { "hash": "hdW8GE+b0mo", "spine": "4.1.24", "x": -388.28, "y": -425.09, "width": 724.41, "height": 1282.48 },
"bones": [
	{ "name": "root", "rotation": 0.2 },
	{ "name": "move", "parent": "root", "x": -119.99, "scaleX": -1 },
	{ "name": "main", "parent": "move", "y": 256.6 },
	{ "name": "hip", "parent": "main" },
	{ "name": "body", "parent": "hip", "length": 26.97, "rotation": 90 },
	{ "name": "body2", "parent": "body", "length": 26.97, "x": 26.97 },
	{ "name": "body3", "parent": "body2", "length": 26.97, "x": 26.97 },
	{ "name": "body4", "parent": "body3", "length": 26.97, "rotation": -0.06, "x": 26.97 },
	{ "name": "body5", "parent": "body4", "length": 26.97, "x": 26.97 },
	{ "name": "body6", "parent": "body5", "length": 26.97, "x": 26.97 },
	{ "name": "body7", "parent": "body6", "length": 26.97, "x": 26.97 },
	{ "name": "body8", "parent": "body7", "length": 26.97, "x": 26.97 },
	{ "name": "head", "parent": "body8", "length": 135.67, "x": 24.75 },
	{ "name": "feeling_3", "parent": "head", "rotation": -0.18, "x": 87.53, "y": 30.96 },
	{ "name": "emoji", "parent": "head", "rotation": -90, "x": 62, "y": 1.49 },
	{ "name": "shouder_1", "parent": "body7", "length": 100.06, "rotation": -90, "x": 15.39, "y": 0.02 },
	{ "name": "arm_1", "parent": "shouder_1", "length": 100.06, "x": 94.79 },
	{ "name": "shouder_2", "parent": "body7", "length": 100.06, "rotation": 90, "x": 15.39, "y": 0.02 },
	{ "name": "arm_2", "parent": "shouder_2", "length": 100.06, "x": 94.79 },
	{ "name": "thigh_1", "parent": "main", "length": 134.15, "rotation": -90, "x": -0.54, "y": 4.23 },
	{ "name": "leg_1", "parent": "thigh_1", "length": 134.15, "x": 128.14 },
	{ "name": "thigh_2", "parent": "main", "length": 134.15, "rotation": -90, "x": -0.1, "y": 4.23 },
	{ "name": "leg_2", "parent": "thigh_2", "length": 134.15, "x": 128.14 },
	{ "name": "foot_2", "parent": "move", "x": 0.16, "y": -2.18 },
	{ "name": "foot_3", "parent": "move", "x": 0.1, "y": -2.12 },
	{
		"name": "feeling_5",
		"parent": "head",
		"rotation": -0.18,
		"x": 87.53,
		"y": -25.11,
		"scaleX": 2,
		"scaleY": 2
	},
	{ "name": "item_1", "parent": "move", "x": -1.93, "y": 450.24 },
	{ "name": "feeling_1", "parent": "main", "rotation": -20.17, "x": 72.35, "y": 376.02 },
	{ "name": "feeling_2", "parent": "main", "rotation": -20.17, "x": 72.35, "y": 376.02 },
	{ "name": "hair_1", "parent": "main", "rotation": 0.07, "x": -120, "y": -254.77 },
	{
		"name": "feeling_4",
		"parent": "head",
		"rotation": -0.18,
		"x": 87.53,
		"y": -25.11,
		"scaleX": 2,
		"scaleY": 2
	},
	{ "name": "item_tay", "parent": "arm_2", "x": 101.01, "y": -1.25 }
],
"slots": [
	{ "name": "bg_gane_play", "bone": "root", "color": "ffffff4f" },
	{ "name": "item", "bone": "item_1" },
	{ "name": "body", "bone": "hip", "color": "000000ff", "attachment": "body" },
	{ "name": "shoulder1", "bone": "shouder_1", "color": "000000ff" },
	{ "name": "shoulder3", "bone": "shouder_2", "color": "000000ff" },
	{ "name": "shoulder2", "bone": "arm_1", "color": "000000ff" },
	{ "name": "shoulder4", "bone": "arm_2", "color": "000000ff" },
	{ "name": "thigh", "bone": "thigh_1", "color": "000000ff", "attachment": "thigh" },
	{ "name": "thigh3", "bone": "thigh_2", "color": "000000ff", "attachment": "thigh" },
	{ "name": "thigh2", "bone": "leg_1", "color": "000000ff", "attachment": "thigh" },
	{ "name": "thigh4", "bone": "leg_2", "color": "000000ff", "attachment": "thigh" },
	{ "name": "head", "bone": "head", "attachment": "head" },
	{ "name": "hair", "bone": "hair_1" },
	{ "name": "Emoji", "bone": "emoji" },
	{ "name": "feeling_3", "bone": "feeling_3", "color": "000000ff" },
	{ "name": "feeling_5", "bone": "feeling_5" },
	{ "name": "feeling_4", "bone": "feeling_4" },
	{ "name": "feeling_1", "bone": "feeling_1" },
	{ "name": "feeling_2", "bone": "feeling_2" },
	{ "name": "item_tay", "bone": "item_tay" }
],
"ik": [
	{
		"name": "foot_1",
		"bones": [ "thigh_1", "leg_1" ],
		"target": "foot_2",
		"mix": 0,
		"stretch": true
	},
	{
		"name": "foot_2",
		"order": 1,
		"bones": [ "thigh_2", "leg_2" ],
		"target": "foot_3",
		"mix": 0,
		"stretch": true
	}
],
"skins": [
	{
		"name": "default",
		"attachments": {
			"body": {
				"body": {
					"type": "mesh",
					"uvs": [ 1, 1, 0, 1, 0, 0.875, 0, 0.75, 0, 0.625, 0, 0.5, 0, 0.375, 0, 0.25, 0, 0.125, 0, 0, 1, 0, 1, 0.125, 1, 0.25, 1, 0.375, 1, 0.5, 1, 0.625, 1, 0.75, 1, 0.875 ],
					"triangles": [ 8, 9, 10, 11, 8, 10, 7, 8, 11, 12, 7, 11, 6, 7, 12, 13, 6, 12, 5, 6, 13, 14, 5, 13, 4, 5, 14, 15, 4, 14, 3, 4, 15, 16, 3, 15, 2, 3, 16, 17, 2, 16, 1, 2, 17, 0, 1, 17 ],
					"vertices": [ 1, 4, -1.7, -5.5, 1, 1, 4, -1.7, 5.5, 1, 2, 4, 25.68, 5.5, 0.70301, 5, -1.29, 5.5, 0.29699, 2, 5, 26.08, 5.5, 0.65569, 6, -0.88, 5.5, 0.34431, 2, 6, 26.49, 5.5, 0.55905, 7, -0.48, 5.5, 0.44095, 2, 7, 26.9, 5.5, 0.51367, 8, -0.07, 5.5, 0.48633, 2, 8, 27.3, 5.5, 0.41705, 9, 0.33, 5.5, 0.58295, 2, 9, 27.71, 5.5, 0.38565, 10, 0.74, 5.5, 0.61435, 2, 10, 28.11, 5.5, 0.36868, 11, 1.14, 5.5, 0.63132, 1, 11, 28.52, 5.5, 1, 1, 11, 28.52, -5.5, 1, 2, 10, 28.11, -5.5, 0.3064, 11, 1.14, -5.5, 0.6936, 2, 9, 27.71, -5.5, 0.40945, 10, 0.74, -5.5, 0.59055, 2, 8, 27.3, -5.5, 0.44404, 9, 0.33, -5.5, 0.55596, 2, 7, 26.9, -5.5, 0.52991, 8, -0.07, -5.5, 0.47009, 2, 6, 26.49, -5.5, 0.58474, 7, -0.48, -5.5, 0.41526, 2, 5, 26.08, -5.5, 0.62061, 6, -0.88, -5.5, 0.37939, 2, 4, 25.68, -5.5, 0.65664, 5, -1.29, -5.5, 0.34336 ],
					"hull": 18
				}
			},
			"Emoji": {
				"Emoji/emo_1": { "x": 0.5, "y": 0.5, "width": 113, "height": 87 },
				"Emoji/emo_38": { "y": 0.5, "width": 106, "height": 89 },
				"Emoji/emo_42": { "width": 90, "height": 74 },
				"Emoji/emo_52": { "x": 0.5, "y": 0.5, "width": 131, "height": 121 },
				"Emoji/emo_57": { "y": 0.5, "width": 101, "height": 101 },
				"Emoji/emo_57_c": { "x": 0.5, "y": 0.5, "width": 101, "height": 101 },
				"Emoji/emo_68b": { "width": 110, "height": 142 }
			},
			"feeling_1": {
				"cauco": { "y": 0.5, "width": 50, "height": 45 },
				"giat_minh": { "width": 70, "height": 66 },
				"mo_hoi": { "x": 0.5, "y": 0.5, "width": 19, "height": 41 },
				"rung": { "x": 0.5, "rotation": 13.67, "width": 18, "height": 51 },
				"scare": { "scaleX": 1.3955, "scaleY": 1.3955, "rotation": 19.99, "width": 80, "height": 83 }
			},
			"feeling_2": {
				"mo_hoi": { "x": 0.5, "y": 0.5, "width": 19, "height": 41 },
				"water_mouth": { "x": -5.86, "y": -13.64, "rotation": -33.97, "width": 23, "height": 50 }
			},
			"feeling_3": {
				"cham_than": { "x": -18.07, "y": -0.4, "rotation": -96.51, "width": 17, "height": 57 },
				"khoi": { "width": 153, "height": 107 },
				"mo_hoi": { "x": -18.07, "y": -0.4, "rotation": -96.51, "width": 19, "height": 41 },
				"rung": { "x": 1, "y": -1.54, "width": 18, "height": 51 }
			},
			"feeling_4": {
				"khoi": { "y": 0.5, "width": 153, "height": 107 },
				"scare": { "y": 0.5, "width": 80, "height": 83 }
			},
			"feeling_5": {
				"cauco": { "y": 0.5, "width": 50, "height": 45 },
				"rung": { "x": 0.5, "width": 18, "height": 51 },
				"scare": { "y": 0.5, "width": 80, "height": 83 }
			},
			"hair": {
				"hair/man/mu_canh_sat": { "width": 184, "height": 96 },
				"hair/man/toc_8": { "x": 0.5, "width": 133, "height": 84 },
				"hair/man/toc_8_sau": { "x": 0.5, "width": 139, "height": 105 }
			},
			"head": {
				"head": { "x": 68.85, "rotation": -89.87, "width": 144, "height": 144 },
				"head_7": { "x": 65.26, "y": -3.78, "rotation": -89.46, "width": 144, "height": 144 }
			},
			"shoulder1": {
				"shoulder": { "x": 49.22, "rotation": -90, "width": 15, "height": 105 }
			},
			"shoulder2": {
				"shoulder": { "x": 49.22, "rotation": -90, "width": 15, "height": 105 }
			},
			"shoulder3": {
				"shoulder": { "x": 49.22, "rotation": -90, "width": 15, "height": 105 }
			},
			"shoulder4": {
				"shoulder": { "x": 50.57, "rotation": -90, "width": 15, "height": 105 }
			},
			"thigh": {
				"thigh": { "x": 66.01, "rotation": -90, "width": 14, "height": 137 }
			},
			"thigh2": {
				"thigh": { "x": 66.01, "rotation": -90, "width": 14, "height": 137 }
			},
			"thigh3": {
				"thigh": { "x": 66.01, "rotation": -90, "width": 14, "height": 137 }
			},
			"thigh4": {
				"thigh": { "x": 66.01, "rotation": -90, "width": 14, "height": 137 }
			}
		}
	}
],
"animations": {
	"t_219_1_be": {
		"slots": {
			"body": {
				"rgba": [
					{ "color": "000000ff" }
				]
			},
			"Emoji": {
				"attachment": [
					{ "name": "Emoji/emo_38" }
				]
			},
			"feeling_1": {
				"rgba": [
					{ "color": "ffffffff" }
				],
				"attachment": [
					{}
				]
			},
			"feeling_2": {
				"rgba": [
					{ "color": "ffffffff" }
				],
				"attachment": [
					{ "name": "mo_hoi" }
				]
			},
			"feeling_3": {
				"attachment": [
					{}
				]
			},
			"feeling_5": {
				"attachment": [
					{}
				]
			},
			"head": {
				"rgba": [
					{ "color": "ffffffff" }
				],
				"attachment": [
					{ "name": "head" }
				]
			},
			"shoulder1": {
				"rgba": [
					{ "color": "000000ff" }
				],
				"attachment": [
					{ "name": "shoulder" }
				]
			},
			"shoulder2": {
				"rgba": [
					{ "color": "000000ff" }
				],
				"attachment": [
					{ "name": "shoulder" }
				]
			},
			"shoulder3": {
				"rgba": [
					{ "color": "000000ff" }
				],
				"attachment": [
					{}
				]
			},
			"shoulder4": {
				"rgba": [
					{ "color": "000000ff" }
				],
				"attachment": [
					{}
				]
			},
			"thigh": {
				"rgba": [
					{ "color": "000000ff" }
				]
			},
			"thigh2": {
				"rgba": [
					{ "color": "000000ff" }
				]
			},
			"thigh3": {
				"rgba": [
					{ "color": "000000ff" }
				]
			},
			"thigh4": {
				"rgba": [
					{ "color": "000000ff" }
				]
			}
		},
		"bones": {
			"head": {
				"rotate": [
					{ "value": 6.52 }
				],
				"translate": [
					{ "x": -6.84, "y": 4.15 }
				],
				"scale": [
					{}
				]
			},
			"root": {
				"rotate": [
					{}
				],
				"translate": [
					{}
				]
			},
			"main": {
				"rotate": [
					{ "value": 4.28 }
				],
				"translate": [
					{ "x": -4.43, "y": -33.44 }
				]
			},
			"hip": {
				"rotate": [
					{}
				],
				"translate": [
					{}
				]
			},
			"body": {
				"rotate": [
					{ "value": 0.49 }
				],
				"translate": [
					{}
				],
				"scale": [
					{}
				]
			},
			"body2": {
				"rotate": [
					{ "value": 0.49 }
				],
				"translate": [
					{}
				],
				"scale": [
					{}
				]
			},
			"body3": {
				"rotate": [
					{ "value": 0.49 }
				],
				"translate": [
					{}
				],
				"scale": [
					{}
				]
			},
			"body4": {
				"rotate": [
					{ "value": 0.49 }
				],
				"translate": [
					{}
				],
				"scale": [
					{}
				]
			},
			"body5": {
				"rotate": [
					{ "value": 0.49 }
				],
				"translate": [
					{}
				],
				"scale": [
					{}
				]
			},
			"body6": {
				"rotate": [
					{ "value": 0.49 }
				],
				"translate": [
					{}
				],
				"scale": [
					{}
				]
			},
			"body7": {
				"rotate": [
					{ "value": 0.49 }
				],
				"translate": [
					{}
				],
				"scale": [
					{}
				]
			},
			"body8": {
				"rotate": [
					{ "value": 0.49 }
				],
				"translate": [
					{}
				],
				"scale": [
					{}
				]
			},
			"feeling_3": {
				"rotate": [
					{}
				],
				"translate": [
					{}
				]
			},
			"emoji": {
				"rotate": [
					{ "value": -33.25 }
				],
				"translate": [
					{ "x": 25.62, "y": 22.1 }
				],
				"scale": [
					{}
				]
			},
			"shouder_1": {
				"rotate": [
					{ "value": -56.96 }
				],
				"translate": [
					{ "x": 28.3, "y": -0.56 }
				],
				"scale": [
					{}
				]
			},
			"arm_1": {
				"rotate": [
					{ "value": -21.21 }
				],
				"translate": [
					{ "x": 2.02, "y": 0.08 }
				],
				"scale": [
					{}
				]
			},
			"shouder_2": {
				"rotate": [
					{ "value": 33.02 }
				],
				"translate": [
					{ "x": 26.2, "y": -0.49 }
				],
				"scale": [
					{}
				]
			},
			"arm_2": {
				"rotate": [
					{ "value": 69.81 }
				],
				"translate": [
					{}
				],
				"scale": [
					{ "x": 0.945 }
				]
			},
			"thigh_1": {
				"rotate": [
					{ "value": 24.72 }
				],
				"translate": [
					{}
				],
				"scale": [
					{}
				]
			},
			"leg_1": {
				"rotate": [
					{}
				],
				"translate": [
					{}
				],
				"scale": [
					{}
				]
			},
			"thigh_2": {
				"rotate": [
					{ "value": 39.21 }
				],
				"translate": [
					{}
				],
				"scale": [
					{}
				]
			},
			"leg_2": {
				"rotate": [
					{ "value": 18.14 }
				],
				"translate": [
					{}
				],
				"scale": [
					{}
				]
			},
			"foot_2": {
				"rotate": [
					{}
				],
				"translate": [
					{ "x": -59.06, "y": 2.5 }
				]
			},
			"foot_3": {
				"rotate": [
					{}
				],
				"translate": [
					{ "x": 117.61, "y": 2.21 }
				]
			},
			"feeling_5": {
				"rotate": [
					{}
				],
				"translate": [
					{}
				]
			},
			"move": {
				"translate": [
					{ "x": 119.99 }
				]
			},
			"feeling_1": {
				"rotate": [
					{ "value": 27.76 }
				],
				"translate": [
					{ "x": -33.69, "y": -91.57 }
				],
				"scale": [
					{ "x": -1.032, "y": 0.989 }
				]
			},
			"feeling_2": {
				"rotate": [
					{ "value": 23.89 }
				],
				"translate": [
					{ "x": -39.07, "y": -109.48 }
				],
				"scale": [
					{ "x": -0.732, "y": 0.732 }
				]
			},
			"item_1": {
				"translate": [
					{ "x": 7.63, "y": 15.4 }
				]
			}
		},
		"ik": {
			"foot_1": [
				{ "stretch": true }
			],
			"foot_2": [
				{ "bendPositive": false, "stretch": true }
			]
		},
		"drawOrder": [
			{
				"offsets": [
					{ "slot": "shoulder4", "offset": -3 },
					{ "slot": "feeling_1", "offset": 1 }
				]
			}
		]
	},
	"t_219_1_lose": {
		"slots": {
			"body": {
				"rgba": [
					{ "color": "000000ff", "curve": "stepped" },
					{ "time": 0.5, "color": "000000ff" }
				]
			},
			"Emoji": {
				"rgba": [
					{ "color": "ffffffff", "curve": "stepped" },
					{ "time": 0.5, "color": "ffffffff" }
				],
				"attachment": [
					{ "name": "Emoji/emo_52" },
					{ "time": 0.5, "name": "Emoji/emo_52" }
				]
			},
			"feeling_1": {
				"rgba": [
					{ "color": "fff600ff", "curve": "stepped" },
					{ "time": 0.5, "color": "fff600ff" }
				],
				"attachment": [
					{ "name": "scare" },
					{ "time": 0.5, "name": "scare" }
				]
			},
			"feeling_2": {
				"rgba": [
					{ "color": "ffffffff", "curve": "stepped" },
					{ "time": 0.5, "color": "ffffffff" }
				],
				"attachment": [
					{ "name": "water_mouth" },
					{ "time": 0.5, "name": "water_mouth" }
				]
			},
			"feeling_3": {
				"rgba": [
					{ "color": "ffffffff", "curve": "stepped" },
					{ "time": 0.5, "color": "ffffffff" }
				],
				"attachment": [
					{ "name": "mo_hoi" },
					{ "time": 0.5, "name": "mo_hoi" }
				]
			},
			"feeling_5": {
				"attachment": [
					{},
					{ "time": 0.5 }
				]
			},
			"hair": {
				"attachment": [
					{},
					{ "time": 0.5 }
				]
			},
			"head": {
				"rgba": [
					{ "color": "ffffffff", "curve": "stepped" },
					{ "time": 0.5, "color": "ffffffff" }
				],
				"attachment": [
					{ "name": "head_7" },
					{ "time": 0.5, "name": "head_7" }
				]
			},
			"shoulder1": {
				"rgba": [
					{ "color": "000000ff", "curve": "stepped" },
					{ "time": 0.5, "color": "000000ff" }
				],
				"attachment": [
					{ "name": "shoulder" },
					{ "time": 0.5, "name": "shoulder" }
				]
			},
			"shoulder2": {
				"rgba": [
					{ "color": "000000ff", "curve": "stepped" },
					{ "time": 0.5, "color": "000000ff" }
				],
				"attachment": [
					{ "name": "shoulder" },
					{ "time": 0.5, "name": "shoulder" }
				]
			},
			"shoulder3": {
				"rgba": [
					{ "color": "000000ff", "curve": "stepped" },
					{ "time": 0.5, "color": "000000ff" }
				],
				"attachment": [
					{ "name": "shoulder" },
					{ "time": 0.5, "name": "shoulder" }
				]
			},
			"shoulder4": {
				"rgba": [
					{ "color": "000000ff", "curve": "stepped" },
					{ "time": 0.5, "color": "000000ff" }
				],
				"attachment": [
					{ "name": "shoulder" },
					{ "time": 0.5, "name": "shoulder" }
				]
			},
			"thigh": {
				"rgba": [
					{ "color": "000000ff", "curve": "stepped" },
					{ "time": 0.5, "color": "000000ff" }
				]
			},
			"thigh2": {
				"rgba": [
					{ "color": "000000ff", "curve": "stepped" },
					{ "time": 0.5, "color": "000000ff" }
				]
			},
			"thigh3": {
				"rgba": [
					{ "color": "000000ff", "curve": "stepped" },
					{ "time": 0.5, "color": "000000ff" }
				]
			},
			"thigh4": {
				"rgba": [
					{ "color": "000000ff", "curve": "stepped" },
					{ "time": 0.5, "color": "000000ff" }
				]
			}
		},
		"bones": {
			"head": {
				"rotate": [
					{ "value": 0.23, "curve": "stepped" },
					{ "time": 0.5, "value": 0.23 }
				],
				"translate": [
					{ "x": -18.15, "y": 0.84, "curve": "stepped" },
					{ "time": 0.5, "x": -18.15, "y": 0.84 }
				],
				"scale": [
					{ "x": 1.321, "curve": "stepped" },
					{ "time": 0.5, "x": 1.321 }
				]
			},
			"root": {
				"rotate": [
					{ "curve": "stepped" },
					{ "time": 0.5 }
				],
				"translate": [
					{ "curve": "stepped" },
					{ "time": 0.5 }
				]
			},
			"main": {
				"rotate": [
					{ "value": -0.56, "curve": "stepped" },
					{ "time": 0.5, "value": -0.56 }
				],
				"translate": [
					{ "x": 29.15, "y": -76.6, "curve": "stepped" },
					{ "time": 0.5, "x": 29.15, "y": -76.6 }
				]
			},
			"hip": {
				"rotate": [
					{ "curve": "stepped" },
					{ "time": 0.5 }
				],
				"translate": [
					{ "curve": "stepped" },
					{ "time": 0.5 }
				]
			},
			"body": {
				"rotate": [
					{ "value": -3.12, "curve": "stepped" },
					{ "time": 0.5, "value": -3.12 }
				],
				"translate": [
					{ "curve": "stepped" },
					{ "time": 0.5 }
				]
			},
			"body2": {
				"rotate": [
					{ "value": -3.12, "curve": "stepped" },
					{ "time": 0.5, "value": -3.12 }
				],
				"translate": [
					{ "curve": "stepped" },
					{ "time": 0.5 }
				]
			},
			"body3": {
				"rotate": [
					{ "value": -3.12, "curve": "stepped" },
					{ "time": 0.5, "value": -3.12 }
				],
				"translate": [
					{ "curve": "stepped" },
					{ "time": 0.5 }
				]
			},
			"body4": {
				"rotate": [
					{ "value": -3.12, "curve": "stepped" },
					{ "time": 0.5, "value": -3.12 }
				],
				"translate": [
					{ "curve": "stepped" },
					{ "time": 0.5 }
				]
			},
			"body5": {
				"rotate": [
					{ "value": -3.12, "curve": "stepped" },
					{ "time": 0.5, "value": -3.12 }
				],
				"translate": [
					{ "curve": "stepped" },
					{ "time": 0.5 }
				]
			},
			"body6": {
				"rotate": [
					{ "value": -3.12, "curve": "stepped" },
					{ "time": 0.5, "value": -3.12 }
				],
				"translate": [
					{ "curve": "stepped" },
					{ "time": 0.5 }
				]
			},
			"body7": {
				"rotate": [
					{ "value": -3.12, "curve": "stepped" },
					{ "time": 0.5, "value": -3.12 }
				],
				"translate": [
					{ "curve": "stepped" },
					{ "time": 0.5 }
				]
			},
			"body8": {
				"rotate": [
					{ "value": -3.12, "curve": "stepped" },
					{ "time": 0.5, "value": -3.12 }
				],
				"translate": [
					{ "curve": "stepped" },
					{ "time": 0.5 }
				]
			},
			"feeling_3": {
				"rotate": [
					{ "value": 111.22, "curve": "stepped" },
					{ "time": 0.5, "value": 111.22 }
				],
				"translate": [
					{ "x": 40.93, "y": -109.7, "curve": "stepped" },
					{ "time": 0.5, "x": 40.93, "y": -109.7 }
				],
				"scale": [
					{ "x": 1.076, "y": 0.865, "curve": "stepped" },
					{ "time": 0.5, "x": 1.076, "y": 0.865 }
				]
			},
			"emoji": {
				"rotate": [
					{ "value": 7.12, "curve": "stepped" },
					{ "time": 0.5, "value": 7.12 }
				],
				"translate": [
					{ "x": 28.34, "y": -36.1, "curve": "stepped" },
					{ "time": 0.5, "x": 28.34, "y": -36.1 }
				],
				"scale": [
					{ "x": 1.226, "y": 1.374, "curve": "stepped" },
					{ "time": 0.5, "x": 1.226, "y": 1.374 }
				]
			},
			"shouder_1": {
				"rotate": [
					{ "value": -114.87, "curve": "stepped" },
					{ "time": 0.5, "value": -114.87 }
				],
				"translate": [
					{ "x": 33.62, "y": 0.05, "curve": "stepped" },
					{ "time": 0.5, "x": 33.62, "y": 0.05 }
				],
				"scale": [
					{ "curve": "stepped" },
					{ "time": 0.5 }
				],
				"shear": [
					{ "curve": "stepped" },
					{ "time": 0.5 }
				]
			},
			"arm_1": {
				"rotate": [
					{ "value": -19.45, "curve": "stepped" },
					{ "time": 0.5, "value": -19.45 }
				],
				"translate": [
					{ "x": 2.02, "y": 0.08, "curve": "stepped" },
					{ "time": 0.5, "x": 2.02, "y": 0.08 }
				],
				"scale": [
					{ "curve": "stepped" },
					{ "time": 0.5 }
				]
			},
			"shouder_2": {
				"rotate": [
					{ "value": 42.71, "curve": "stepped" },
					{ "time": 0.5, "value": 42.71 }
				],
				"translate": [
					{ "x": 26.86, "y": 1.44, "curve": "stepped" },
					{ "time": 0.5, "x": 26.86, "y": 1.44 }
				],
				"scale": [
					{ "curve": "stepped" },
					{ "time": 0.5 }
				]
			},
			"arm_2": {
				"rotate": [
					{ "value": -24.74, "curve": "stepped" },
					{ "time": 0.5, "value": -24.74 }
				],
				"translate": [
					{ "curve": "stepped" },
					{ "time": 0.5 }
				],
				"scale": [
					{ "curve": "stepped" },
					{ "time": 0.5 }
				]
			},
			"thigh_1": {
				"rotate": [
					{ "value": 24.72, "curve": "stepped" },
					{ "time": 0.5, "value": 24.72 }
				],
				"translate": [
					{ "curve": "stepped" },
					{ "time": 0.5 }
				],
				"scale": [
					{ "curve": "stepped" },
					{ "time": 0.5 }
				]
			},
			"leg_1": {
				"rotate": [
					{ "curve": "stepped" },
					{ "time": 0.5 }
				],
				"translate": [
					{ "curve": "stepped" },
					{ "time": 0.5 }
				],
				"scale": [
					{ "curve": "stepped" },
					{ "time": 0.5 }
				]
			},
			"thigh_2": {
				"rotate": [
					{ "value": 39.21, "curve": "stepped" },
					{ "time": 0.5, "value": 39.21 }
				],
				"translate": [
					{ "curve": "stepped" },
					{ "time": 0.5 }
				],
				"scale": [
					{ "curve": "stepped" },
					{ "time": 0.5 }
				]
			},
			"leg_2": {
				"rotate": [
					{ "value": 18.14, "curve": "stepped" },
					{ "time": 0.5, "value": 18.14 }
				],
				"translate": [
					{ "curve": "stepped" },
					{ "time": 0.5 }
				],
				"scale": [
					{ "curve": "stepped" },
					{ "time": 0.5 }
				]
			},
			"foot_2": {
				"rotate": [
					{ "value": 3.38, "curve": "stepped" },
					{ "time": 0.5, "value": 3.38 }
				],
				"translate": [
					{ "x": 115.52, "y": -8.46, "curve": "stepped" },
					{ "time": 0.5, "x": 115.52, "y": -8.46 }
				]
			},
			"foot_3": {
				"rotate": [
					{ "value": -16.03, "curve": "stepped" },
					{ "time": 0.5, "value": -16.03 }
				],
				"translate": [
					{ "x": -86.82, "y": -16.3, "curve": "stepped" },
					{ "time": 0.5, "x": -86.82, "y": -16.3 }
				]
			},
			"feeling_5": {
				"rotate": [
					{ "value": -1.53, "curve": "stepped" },
					{ "time": 0.5, "value": -1.53 }
				],
				"translate": [
					{ "x": 83.54, "y": 0.86, "curve": "stepped" },
					{ "time": 0.5, "x": 83.54, "y": 0.86 }
				],
				"scale": [
					{ "x": 0.403, "y": 0.403, "curve": "stepped" },
					{ "time": 0.5, "x": 0.403, "y": 0.403 }
				]
			},
			"feeling_1": {
				"rotate": [
					{ "value": 8.07, "curve": "stepped" },
					{ "time": 0.5, "value": 8.07 }
				],
				"translate": [
					{ "x": -50.92, "y": -87.18, "curve": "stepped" },
					{ "time": 0.5, "x": -50.92, "y": -87.18 }
				],
				"scale": [
					{
						"x": 0.776,
						"y": 1.581,
						"curve": [ 0.019, 0.776, 0.042, 1.04, 0.019, 1.581, 0.042, 2.119 ]
					},
					{
						"time": 0.0667,
						"x": 1.463,
						"y": 2.981,
						"curve": [ 0.083, 1.463, 0.117, 0.619, 0.083, 2.981, 0.117, 1.26 ]
					},
					{ "time": 0.1333, "x": 0.619, "y": 1.26, "curve": "stepped" },
					{
						"time": 0.3667,
						"x": 0.619,
						"y": 1.26,
						"curve": [ 0.383, 0.619, 0.417, 1.463, 0.383, 1.26, 0.417, 2.981 ]
					},
					{
						"time": 0.4333,
						"x": 1.463,
						"y": 2.981,
						"curve": [ 0.45, 1.463, 0.483, 0.776, 0.45, 2.981, 0.483, 1.581 ]
					},
					{ "time": 0.5, "x": 0.776, "y": 1.581 }
				]
			},
			"feeling_2": {
				"rotate": [
					{ "value": 94.09, "curve": "stepped" },
					{ "time": 0.5, "value": 94.09 }
				],
				"translate": [
					{ "x": 65.49, "y": -146, "curve": "stepped" },
					{ "time": 0.5, "x": 65.49, "y": -146 }
				],
				"scale": [
					{ "x": 1.315, "y": 2.148, "curve": "stepped" },
					{ "time": 0.5, "x": 1.315, "y": 2.148 }
				]
			},
			"move": {
				"translate": [
					{ "x": 119.98, "y": 6.9, "curve": "stepped" },
					{ "time": 0.5, "x": 119.98, "y": 6.9 }
				],
				"scale": [
					{ "curve": "stepped" },
					{ "time": 0.5 }
				]
			},
			"hair_1": {
				"rotate": [
					{ "value": -25.2, "curve": "stepped" },
					{ "time": 0.5, "value": -25.2 }
				],
				"translate": [
					{ "x": 116.09, "y": 594.53, "curve": "stepped" },
					{ "time": 0.5, "x": 116.09, "y": 594.53 }
				]
			}
		},
		"ik": {
			"foot_1": [
				{
					"stretch": true,
					"curve": [ 0.125, 1, 0.375, 1, 0.125, 0, 0.375, 0 ]
				},
				{ "time": 0.5, "stretch": true }
			],
			"foot_2": [
				{
					"stretch": true,
					"curve": [ 0.125, 1, 0.375, 1, 0.125, 0, 0.375, 0 ]
				},
				{ "time": 0.5, "stretch": true }
			]
		},
		"drawOrder": [
			{
				"offsets": [
					{ "slot": "shoulder2", "offset": 9 },
					{ "slot": "shoulder4", "offset": -3 },
					{ "slot": "feeling_2", "offset": -7 }
				]
			},
			{
				"time": 0.5,
				"offsets": [
					{ "slot": "shoulder2", "offset": 9 },
					{ "slot": "shoulder4", "offset": -3 },
					{ "slot": "feeling_2", "offset": -7 }
				]
			}
		]
	},
	"t_219_1_lose2": {
		"slots": {
			"body": {
				"rgba": [
					{ "color": "000000ff", "curve": "stepped" },
					{ "time": 1.1667, "color": "000000ff" }
				]
			},
			"Emoji": {
				"rgba": [
					{ "color": "ff6b6bff", "curve": "stepped" },
					{ "time": 1.1667, "color": "ff6b6bff" }
				],
				"attachment": [
					{ "name": "Emoji/emo_57_c" },
					{ "time": 1.1667, "name": "Emoji/emo_57_c" }
				]
			},
			"feeling_1": {
				"attachment": [
					{ "name": "giat_minh" },
					{ "time": 1.1667, "name": "giat_minh" }
				]
			},
			"feeling_2": {
				"attachment": [
					{ "name": "mo_hoi" },
					{ "time": 1.1667, "name": "mo_hoi" }
				]
			},
			"feeling_3": {
				"rgba": [
					{ "color": "ff7575ff", "curve": "stepped" },
					{ "time": 1.1667, "color": "ff7575ff" }
				],
				"attachment": [
					{ "name": "cham_than" },
					{ "time": 1.1667, "name": "cham_than" }
				]
			},
			"feeling_5": {
				"rgba": [
					{ "color": "fffc00ff", "curve": "stepped" },
					{ "time": 1.1667, "color": "fffc00ff" }
				],
				"attachment": [
					{ "name": "scare" },
					{ "time": 1.1667, "name": "scare" }
				]
			},
			"hair": {
				"attachment": [
					{},
					{ "time": 1.1667 }
				]
			},
			"head": {
				"rgba": [
					{ "color": "ffffffff", "curve": "stepped" },
					{ "time": 1.1667, "color": "ffffffff" }
				],
				"attachment": [
					{ "name": "head_7" },
					{ "time": 1.1667, "name": "head_7" }
				]
			},
			"item": {
				"attachment": [
					{},
					{ "time": 1.1667 }
				]
			},
			"shoulder1": {
				"rgba": [
					{ "color": "000000ff", "curve": "stepped" },
					{ "time": 1.1667, "color": "000000ff" }
				],
				"attachment": [
					{ "name": "shoulder" },
					{ "time": 1.1667, "name": "shoulder" }
				]
			},
			"shoulder2": {
				"rgba": [
					{ "color": "000000ff", "curve": "stepped" },
					{ "time": 1.1667, "color": "000000ff" }
				],
				"attachment": [
					{ "name": "shoulder" },
					{ "time": 1.1667, "name": "shoulder" }
				]
			},
			"shoulder3": {
				"rgba": [
					{ "color": "000000ff", "curve": "stepped" },
					{ "time": 1.1667, "color": "000000ff" }
				],
				"attachment": [
					{ "name": "shoulder" },
					{ "time": 1.1667, "name": "shoulder" }
				]
			},
			"shoulder4": {
				"rgba": [
					{ "color": "ff0000ff", "curve": "stepped" },
					{ "time": 1.1667, "color": "ff0000ff" }
				],
				"attachment": [
					{ "name": "shoulder" },
					{ "time": 1.1667, "name": "shoulder" }
				]
			},
			"thigh": {
				"rgba": [
					{ "color": "000000ff", "curve": "stepped" },
					{ "time": 1.1667, "color": "000000ff" }
				]
			},
			"thigh2": {
				"rgba": [
					{ "color": "000000ff", "curve": "stepped" },
					{ "time": 1.1667, "color": "000000ff" }
				]
			},
			"thigh3": {
				"rgba": [
					{ "color": "000000ff", "curve": "stepped" },
					{ "time": 1.1667, "color": "000000ff" }
				]
			},
			"thigh4": {
				"rgba": [
					{ "color": "000000ff", "curve": "stepped" },
					{ "time": 1.1667, "color": "000000ff" }
				]
			}
		},
		"bones": {
			"head": {
				"rotate": [
					{ "value": 9.41, "curve": "stepped" },
					{ "time": 1.1667, "value": 9.41 }
				],
				"translate": [
					{ "x": -21.55, "y": 7, "curve": "stepped" },
					{ "time": 1.1667, "x": -21.55, "y": 7 }
				],
				"scale": [
					{ "x": 1.16, "y": 0.929, "curve": "stepped" },
					{ "time": 1.1667, "x": 1.16, "y": 0.929 }
				]
			},
			"root": {
				"rotate": [
					{ "curve": "stepped" },
					{ "time": 1.1667 }
				],
				"translate": [
					{ "curve": "stepped" },
					{ "time": 1.1667 }
				]
			},
			"main": {
				"rotate": [
					{ "value": 1.58, "curve": "stepped" },
					{ "time": 1.1667, "value": 1.58 }
				],
				"translate": [
					{ "x": 10.92, "y": -29.83, "curve": "stepped" },
					{ "time": 1.1667, "x": 10.92, "y": -29.83 }
				]
			},
			"hip": {
				"rotate": [
					{ "curve": "stepped" },
					{ "time": 1.1667 }
				],
				"translate": [
					{ "curve": "stepped" },
					{ "time": 1.1667 }
				]
			},
			"body": {
				"rotate": [
					{ "value": 0.95, "curve": "stepped" },
					{ "time": 1.1667, "value": 0.95 }
				],
				"translate": [
					{ "curve": "stepped" },
					{ "time": 1.1667 }
				],
				"scale": [
					{ "curve": "stepped" },
					{ "time": 1.1667 }
				]
			},
			"body2": {
				"rotate": [
					{ "value": 0.95, "curve": "stepped" },
					{ "time": 1.1667, "value": 0.95 }
				],
				"translate": [
					{ "curve": "stepped" },
					{ "time": 1.1667 }
				],
				"scale": [
					{ "curve": "stepped" },
					{ "time": 1.1667 }
				]
			},
			"body3": {
				"rotate": [
					{ "value": 0.95, "curve": "stepped" },
					{ "time": 1.1667, "value": 0.95 }
				],
				"translate": [
					{ "curve": "stepped" },
					{ "time": 1.1667 }
				],
				"scale": [
					{ "curve": "stepped" },
					{ "time": 1.1667 }
				]
			},
			"body4": {
				"rotate": [
					{ "value": 0.95, "curve": "stepped" },
					{ "time": 1.1667, "value": 0.95 }
				],
				"translate": [
					{ "curve": "stepped" },
					{ "time": 1.1667 }
				],
				"scale": [
					{ "curve": "stepped" },
					{ "time": 1.1667 }
				]
			},
			"body5": {
				"rotate": [
					{ "value": 0.95, "curve": "stepped" },
					{ "time": 1.1667, "value": 0.95 }
				],
				"translate": [
					{ "curve": "stepped" },
					{ "time": 1.1667 }
				],
				"scale": [
					{ "curve": "stepped" },
					{ "time": 1.1667 }
				]
			},
			"body6": {
				"rotate": [
					{ "value": 0.95, "curve": "stepped" },
					{ "time": 1.1667, "value": 0.95 }
				],
				"translate": [
					{ "curve": "stepped" },
					{ "time": 1.1667 }
				],
				"scale": [
					{ "curve": "stepped" },
					{ "time": 1.1667 }
				]
			},
			"body7": {
				"rotate": [
					{ "value": 0.95, "curve": "stepped" },
					{ "time": 1.1667, "value": 0.95 }
				],
				"translate": [
					{ "curve": "stepped" },
					{ "time": 1.1667 }
				],
				"scale": [
					{ "curve": "stepped" },
					{ "time": 1.1667 }
				]
			},
			"body8": {
				"rotate": [
					{ "value": 0.95, "curve": "stepped" },
					{ "time": 1.1667, "value": 0.95 }
				],
				"translate": [
					{ "curve": "stepped" },
					{ "time": 1.1667 }
				],
				"scale": [
					{ "curve": "stepped" },
					{ "time": 1.1667 }
				]
			},
			"feeling_3": {
				"rotate": [
					{ "value": 13.23, "curve": "stepped" },
					{ "time": 1.1667, "value": 13.23 }
				],
				"translate": [
					{ "x": 60.31, "y": 36.72, "curve": "stepped" },
					{ "time": 1.1667, "x": 60.31, "y": 36.72 }
				],
				"scale": [
					{ "x": 1.433, "y": 1.433, "curve": "stepped" },
					{ "time": 1.1667, "x": 1.433, "y": 1.433 }
				]
			},
			"emoji": {
				"rotate": [
					{ "value": 3.81, "curve": "stepped" },
					{ "time": 1.1667, "value": 3.81 }
				],
				"translate": [
					{ "x": 33.75, "y": -37.88, "curve": "stepped" },
					{ "time": 1.1667, "x": 33.75, "y": -37.88 }
				],
				"scale": [
					{ "x": 1.142, "y": 1.316, "curve": "stepped" },
					{ "time": 1.1667, "x": 1.142, "y": 1.316 }
				]
			},
			"shouder_1": {
				"rotate": [
					{ "value": -127.9, "curve": "stepped" },
					{ "time": 1.1667, "value": -127.9 }
				],
				"translate": [
					{ "x": 14.41, "y": -1.24, "curve": "stepped" },
					{ "time": 1.1667, "x": 14.41, "y": -1.24 }
				],
				"scale": [
					{ "curve": "stepped" },
					{ "time": 1.1667 }
				]
			},
			"arm_1": {
				"rotate": [
					{ "value": -26.88, "curve": "stepped" },
					{ "time": 1.1667, "value": -26.88 }
				],
				"translate": [
					{ "x": 2.02, "y": 0.08, "curve": "stepped" },
					{ "time": 1.1667, "x": 2.02, "y": 0.08 }
				],
				"scale": [
					{ "curve": "stepped" },
					{ "time": 1.1667 }
				]
			},
			"shouder_2": {
				"rotate": [
					{ "value": -174.64, "curve": "stepped" },
					{ "time": 1.1667, "value": -174.64 }
				],
				"translate": [
					{ "x": 5.96, "y": 0.39, "curve": "stepped" },
					{ "time": 1.1667, "x": 5.96, "y": 0.39 }
				],
				"scale": [
					{ "curve": "stepped" },
					{ "time": 1.1667 }
				]
			},
			"arm_2": {
				"rotate": [
					{ "value": 24.84, "curve": "stepped" },
					{ "time": 1.1667, "value": 24.84 }
				],
				"translate": [
					{ "curve": "stepped" },
					{ "time": 1.1667 }
				],
				"scale": [
					{ "x": 1.413, "y": 1.154, "curve": "stepped" },
					{ "time": 1.1667, "x": 1.413, "y": 1.154 }
				]
			},
			"thigh_1": {
				"rotate": [
					{ "value": 24.72, "curve": "stepped" },
					{ "time": 1.1667, "value": 24.72 }
				],
				"translate": [
					{ "curve": "stepped" },
					{ "time": 1.1667 }
				],
				"scale": [
					{ "curve": "stepped" },
					{ "time": 1.1667 }
				]
			},
			"leg_1": {
				"rotate": [
					{ "curve": "stepped" },
					{ "time": 1.1667 }
				],
				"translate": [
					{ "curve": "stepped" },
					{ "time": 1.1667 }
				],
				"scale": [
					{ "curve": "stepped" },
					{ "time": 1.1667 }
				]
			},
			"thigh_2": {
				"rotate": [
					{ "value": 39.21, "curve": "stepped" },
					{ "time": 1.1667, "value": 39.21 }
				],
				"translate": [
					{ "curve": "stepped" },
					{ "time": 1.1667 }
				],
				"scale": [
					{ "curve": "stepped" },
					{ "time": 1.1667 }
				]
			},
			"leg_2": {
				"rotate": [
					{ "value": 18.14, "curve": "stepped" },
					{ "time": 1.1667, "value": 18.14 }
				],
				"translate": [
					{ "curve": "stepped" },
					{ "time": 1.1667 }
				]
			},
			"foot_2": {
				"rotate": [
					{ "curve": "stepped" },
					{ "time": 1.1667 }
				],
				"translate": [
					{ "x": -73.15, "y": 2.77, "curve": "stepped" },
					{ "time": 1.1667, "x": -73.15, "y": 2.77 }
				]
			},
			"foot_3": {
				"rotate": [
					{ "curve": "stepped" },
					{ "time": 1.1667 }
				],
				"translate": [
					{ "x": 76.54, "y": 0.62, "curve": "stepped" },
					{ "time": 1.1667, "x": 76.54, "y": 0.62 }
				]
			},
			"feeling_5": {
				"rotate": [
					{ "value": -3.44, "curve": "stepped" },
					{ "time": 0.0667, "value": -3.44, "curve": "stepped" },
					{ "time": 0.1667, "value": -55.14, "curve": "stepped" },
					{ "time": 0.2667, "value": -3.44, "curve": "stepped" },
					{ "time": 0.4, "value": -3.44, "curve": "stepped" },
					{ "time": 0.5, "value": -55.14, "curve": "stepped" },
					{ "time": 0.6, "value": -3.44, "curve": "stepped" },
					{ "time": 0.8, "value": -3.44, "curve": "stepped" },
					{ "time": 0.9, "value": -55.14, "curve": "stepped" },
					{ "time": 1, "value": -3.44, "curve": "stepped" },
					{ "time": 1.1667, "value": -3.44 }
				],
				"translate": [
					{ "x": -93.63, "y": -109.53, "curve": "stepped" },
					{ "time": 1.1667, "x": -93.63, "y": -109.53 }
				],
				"scale": [
					{ "x": 0.943, "y": 0.943, "curve": "stepped" },
					{ "time": 0.0667, "x": 0.943, "y": 0.943, "curve": "stepped" },
					{ "time": 0.1667, "x": 1.789, "y": 1.789, "curve": "stepped" },
					{ "time": 0.2667, "x": 0.943, "y": 0.943, "curve": "stepped" },
					{ "time": 0.4, "x": 0.943, "y": 0.943, "curve": "stepped" },
					{ "time": 0.5, "x": 1.789, "y": 1.789, "curve": "stepped" },
					{ "time": 0.6, "x": 0.943, "y": 0.943, "curve": "stepped" },
					{ "time": 0.8, "x": 0.943, "y": 0.943, "curve": "stepped" },
					{ "time": 0.9, "x": 1.789, "y": 1.789, "curve": "stepped" },
					{ "time": 1, "x": 0.943, "y": 0.943 }
				],
				"shear": [
					{ "curve": "stepped" },
					{ "time": 1.1667 }
				]
			},
			"item_1": {
				"rotate": [
					{ "value": 22.94, "curve": "stepped" },
					{ "time": 1.1667, "value": 22.94 }
				],
				"translate": [
					{ "x": -26.83, "y": 119.53, "curve": "stepped" },
					{ "time": 1.1667, "x": -26.83, "y": 119.53 }
				],
				"scale": [
					{ "x": 1.145, "y": 1.145, "curve": "stepped" },
					{ "time": 1.1667, "x": 1.145, "y": 1.145 }
				]
			},
			"feeling_1": {
				"rotate": [
					{ "value": 0.39, "curve": "stepped" },
					{ "time": 1.1667, "value": 0.39 }
				],
				"translate": [
					{ "x": -9.99, "y": -57.21, "curve": "stepped" },
					{ "time": 1.1667, "x": -9.99, "y": -57.21 }
				],
				"scale": [
					{ "x": 1.057, "y": 1.057, "curve": "stepped" },
					{ "time": 1.1667, "x": 1.057, "y": 1.057 }
				]
			},
			"move": {
				"translate": [
					{ "x": 119.99, "y": 0.12, "curve": "stepped" },
					{ "time": 1.1667, "x": 119.99, "y": 0.12 }
				],
				"scale": [
					{ "x": -1, "curve": "stepped" },
					{ "time": 1.1667, "x": -1 }
				]
			},
			"feeling_2": {
				"rotate": [
					{ "value": 164.49, "curve": "stepped" },
					{ "time": 1.1667, "value": 164.49 }
				],
				"translate": [
					{ "x": -50.91, "y": 8.53, "curve": "stepped" },
					{ "time": 1.1667, "x": -50.91, "y": 8.53 }
				],
				"scale": [
					{ "x": -0.7, "y": 1.167, "curve": "stepped" },
					{ "time": 1.1667, "x": -0.7, "y": 1.167 }
				]
			},
			"hair_1": {
				"rotate": [
					{ "value": -7.06, "curve": "stepped" },
					{ "time": 1.1667, "value": -7.06 }
				],
				"translate": [
					{ "x": 138.93, "y": 567.53, "curve": "stepped" },
					{ "time": 1.1667, "x": 138.93, "y": 567.53 }
				],
				"scale": [
					{ "x": -1.226, "y": 1.226, "curve": "stepped" },
					{ "time": 1.1667, "x": -1.226, "y": 1.226 }
				]
			}
		},
		"ik": {
			"foot_1": [
				{
					"stretch": true,
					"curve": [ 0.292, 1, 0.875, 1, 0.292, 0, 0.875, 0 ]
				},
				{ "time": 1.1667, "stretch": true }
			],
			"foot_2": [
				{
					"bendPositive": false,
					"stretch": true,
					"curve": [ 0.292, 1, 0.875, 1, 0.292, 0, 0.875, 0 ]
				},
				{ "time": 1.1667, "bendPositive": false, "stretch": true }
			]
		},
		"drawOrder": [
			{
				"offsets": [
					{ "slot": "shoulder1", "offset": 4 },
					{ "slot": "shoulder2", "offset": 12 },
					{ "slot": "shoulder4", "offset": 6 },
					{ "slot": "feeling_5", "offset": 3 },
					{ "slot": "feeling_1", "offset": -6 }
				]
			},
			{
				"time": 1.1667,
				"offsets": [
					{ "slot": "shoulder1", "offset": 4 },
					{ "slot": "shoulder2", "offset": 12 },
					{ "slot": "shoulder4", "offset": 6 },
					{ "slot": "feeling_5", "offset": 3 },
					{ "slot": "feeling_1", "offset": -6 }
				]
			}
		]
	},
	"t_219_1_win": {
		"slots": {
			"body": {
				"rgba": [
					{ "color": "000000ff" }
				]
			},
			"Emoji": {
				"attachment": [
					{ "name": "Emoji/emo_1" }
				]
			},
			"feeling_1": {
				"attachment": [
					{ "name": "rung" }
				]
			},
			"feeling_2": {
				"attachment": [
					{}
				]
			},
			"feeling_3": {
				"attachment": [
					{ "name": "rung" }
				]
			},
			"feeling_5": {
				"attachment": [
					{ "name": "rung" }
				]
			},
			"hair": {
				"attachment": [
					{}
				]
			},
			"head": {
				"rgba": [
					{ "color": "ffffffff" }
				],
				"attachment": [
					{ "name": "head" }
				]
			},
			"shoulder1": {
				"rgba": [
					{ "color": "000000ff" }
				],
				"attachment": [
					{ "name": "shoulder" }
				]
			},
			"shoulder2": {
				"rgba": [
					{ "color": "000000ff" }
				],
				"attachment": [
					{ "name": "shoulder" }
				]
			},
			"shoulder3": {
				"rgba": [
					{ "color": "000000ff" }
				],
				"attachment": [
					{ "name": "shoulder" }
				]
			},
			"shoulder4": {
				"rgba": [
					{ "color": "000000ff" }
				],
				"attachment": [
					{ "name": "shoulder" }
				]
			},
			"thigh": {
				"rgba": [
					{ "color": "000000ff" }
				]
			},
			"thigh2": {
				"rgba": [
					{ "color": "000000ff" }
				]
			},
			"thigh3": {
				"rgba": [
					{ "color": "000000ff" }
				]
			},
			"thigh4": {
				"rgba": [
					{ "color": "000000ff" }
				]
			}
		},
		"bones": {
			"head": {
				"rotate": [
					{ "value": -5.89 }
				],
				"translate": [
					{ "x": -37.01, "y": -14.39 }
				],
				"scale": [
					{}
				]
			},
			"root": {
				"rotate": [
					{}
				],
				"translate": [
					{}
				]
			},
			"main": {
				"rotate": [
					{ "value": 3.27 }
				],
				"translate": [
					{ "x": 2.06, "y": -33.52 }
				]
			},
			"hip": {
				"rotate": [
					{}
				],
				"translate": [
					{}
				]
			},
			"body": {
				"rotate": [
					{ "value": -2.24 }
				],
				"translate": [
					{ "x": -2.12, "y": 0.67 }
				],
				"scale": [
					{}
				]
			},
			"body2": {
				"rotate": [
					{ "value": -2.24 }
				],
				"translate": [
					{}
				],
				"scale": [
					{}
				]
			},
			"body3": {
				"rotate": [
					{ "value": -2.24 }
				],
				"translate": [
					{}
				],
				"scale": [
					{}
				]
			},
			"body4": {
				"rotate": [
					{ "value": -2.24 }
				],
				"translate": [
					{}
				],
				"scale": [
					{}
				]
			},
			"body5": {
				"rotate": [
					{ "value": -2.24 }
				],
				"translate": [
					{}
				],
				"scale": [
					{}
				]
			},
			"body6": {
				"rotate": [
					{ "value": -2.24 }
				],
				"translate": [
					{}
				],
				"scale": [
					{}
				]
			},
			"body7": {
				"rotate": [
					{ "value": -2.24 }
				],
				"translate": [
					{}
				],
				"scale": [
					{}
				]
			},
			"body8": {
				"rotate": [
					{ "value": -2.24 }
				],
				"translate": [
					{}
				],
				"scale": [
					{}
				]
			},
			"feeling_3": {
				"rotate": [
					{ "value": 75.19 }
				],
				"translate": [
					{ "x": -47.35, "y": -118.09 }
				]
			},
			"emoji": {
				"rotate": [
					{ "value": 9.58 }
				],
				"translate": [
					{ "x": -1.91, "y": -18.23 }
				],
				"scale": [
					{ "x": 0.983, "y": 0.983 }
				]
			},
			"shouder_1": {
				"rotate": [
					{ "value": -104.43 }
				],
				"translate": [
					{ "x": 8.23, "y": 0.92 }
				],
				"scale": [
					{}
				]
			},
			"arm_1": {
				"rotate": [
					{ "value": 61.06 }
				],
				"translate": [
					{ "x": 2.02, "y": 0.08 }
				],
				"scale": [
					{}
				]
			},
			"shouder_2": {
				"rotate": [
					{ "value": 107.1 }
				],
				"translate": [
					{ "x": 1.21, "y": -6.65 }
				],
				"scale": [
					{}
				]
			},
			"arm_2": {
				"rotate": [
					{ "value": 67.55 }
				],
				"translate": [
					{}
				],
				"scale": [
					{}
				]
			},
			"thigh_1": {
				"rotate": [
					{ "value": 24.72 }
				],
				"translate": [
					{ "x": -2.06, "y": 0.12 }
				],
				"scale": [
					{}
				]
			},
			"leg_1": {
				"rotate": [
					{}
				],
				"translate": [
					{}
				]
			},
			"thigh_2": {
				"rotate": [
					{ "value": 39.21 }
				],
				"translate": [
					{ "x": -2.06, "y": 0.12 }
				],
				"scale": [
					{}
				]
			},
			"leg_2": {
				"rotate": [
					{ "value": 18.14 }
				],
				"translate": [
					{}
				]
			},
			"foot_2": {
				"rotate": [
					{}
				],
				"translate": [
					{ "x": -66.11, "y": -3.04 }
				]
			},
			"foot_3": {
				"rotate": [
					{}
				],
				"translate": [
					{ "x": 61.2, "y": -1.17 }
				]
			},
			"feeling_5": {
				"rotate": [
					{ "value": -61.89 }
				],
				"translate": [
					{ "x": -264.72, "y": 10.92 }
				],
				"scale": [
					{ "x": 0.466, "y": 0.466 }
				]
			},
			"item_1": {
				"rotate": [
					{ "value": 4.93 }
				]
			},
			"move": {
				"translate": [
					{ "x": 119.99 }
				],
				"scale": [
					{ "x": -1 }
				]
			},
			"feeling_2": {
				"rotate": [
					{ "value": 8.37 }
				],
				"translate": [
					{ "x": 73.75, "y": -70.66 }
				],
				"scale": [
					{ "x": 1.917, "y": 1.917 }
				]
			},
			"feeling_1": {
				"rotate": [
					{ "value": -17.16 }
				],
				"translate": [
					{ "x": -87.49, "y": -102.59 }
				],
				"scale": [
					{ "x": 1.065, "y": 1.065 }
				]
			},
			"hair_1": {
				"rotate": [
					{ "value": 5.05 }
				],
				"translate": [
					{ "x": 63.07, "y": 534.97 }
				],
				"scale": [
					{ "x": -1.462, "y": 1.462 }
				]
			}
		},
		"ik": {
			"foot_1": [
				{ "bendPositive": false, "stretch": true }
			],
			"foot_2": [
				{ "bendPositive": false, "stretch": true }
			]
		},
		"drawOrder": [
			{
				"offsets": [
					{ "slot": "shoulder4", "offset": -3 }
				]
			}
		]
	},
	"t_219_2_be": {
		"slots": {
			"body": {
				"rgba": [
					{ "color": "000000ff" }
				]
			},
			"Emoji": {
				"attachment": [
					{}
				]
			},
			"feeling_1": {
				"attachment": [
					{}
				]
			},
			"feeling_2": {
				"attachment": [
					{}
				]
			},
			"feeling_3": {
				"rgba": [
					{ "color": "ffffffff" }
				],
				"attachment": [
					{}
				]
			},
			"feeling_4": {
				"attachment": [
					{}
				]
			},
			"feeling_5": {
				"rgba": [
					{ "color": "ffffffff" }
				],
				"attachment": [
					{}
				]
			},
			"hair": {
				"attachment": [
					{ "name": "hair/man/toc_8_sau" }
				]
			},
			"head": {
				"rgba": [
					{ "color": "ffffffff" }
				],
				"attachment": [
					{ "name": "head" }
				]
			},
			"item": {
				"attachment": [
					{}
				]
			},
			"shoulder1": {
				"rgba": [
					{ "color": "000000ff" }
				],
				"attachment": [
					{ "name": "shoulder" }
				]
			},
			"shoulder2": {
				"rgba": [
					{ "color": "000000ff" }
				],
				"attachment": [
					{ "name": "shoulder" }
				]
			},
			"shoulder3": {
				"rgba": [
					{ "color": "000000ff" }
				],
				"attachment": [
					{ "name": "shoulder" }
				]
			},
			"shoulder4": {
				"rgba": [
					{ "color": "000000ff" }
				],
				"attachment": [
					{ "name": "shoulder" }
				]
			},
			"thigh": {
				"rgba": [
					{ "color": "000000ff" }
				]
			},
			"thigh2": {
				"rgba": [
					{ "color": "000000ff" }
				]
			},
			"thigh3": {
				"rgba": [
					{ "color": "000000ff" }
				]
			},
			"thigh4": {
				"rgba": [
					{ "color": "000000ff" }
				]
			}
		},
		"bones": {
			"head": {
				"rotate": [
					{ "value": -9.71 }
				],
				"translate": [
					{ "x": -23.05, "y": -1.93 }
				],
				"scale": [
					{}
				]
			},
			"root": {
				"rotate": [
					{}
				],
				"translate": [
					{}
				]
			},
			"main": {
				"rotate": [
					{}
				],
				"translate": [
					{ "x": 2.58, "y": -31.44 }
				]
			},
			"hip": {
				"rotate": [
					{}
				],
				"translate": [
					{}
				]
			},
			"body": {
				"rotate": [
					{ "value": -1.5 }
				],
				"translate": [
					{}
				],
				"scale": [
					{}
				]
			},
			"body2": {
				"rotate": [
					{ "value": -1.5 }
				],
				"translate": [
					{}
				],
				"scale": [
					{}
				]
			},
			"body3": {
				"rotate": [
					{ "value": -1.5 }
				],
				"translate": [
					{}
				],
				"scale": [
					{}
				]
			},
			"body4": {
				"rotate": [
					{ "value": -1.5 }
				],
				"translate": [
					{}
				],
				"scale": [
					{}
				]
			},
			"body5": {
				"rotate": [
					{ "value": -1.5 }
				],
				"translate": [
					{}
				],
				"scale": [
					{}
				]
			},
			"body6": {
				"rotate": [
					{ "value": -1.5 }
				],
				"translate": [
					{}
				],
				"scale": [
					{}
				]
			},
			"body7": {
				"rotate": [
					{ "value": -1.5 }
				],
				"translate": [
					{}
				],
				"scale": [
					{}
				]
			},
			"body8": {
				"rotate": [
					{ "value": -1.5 }
				],
				"translate": [
					{}
				],
				"scale": [
					{}
				]
			},
			"feeling_3": {
				"rotate": [
					{ "value": -171.65 }
				],
				"translate": [
					{ "x": 27.77, "y": 94.7 }
				],
				"scale": [
					{ "x": -2.111, "y": -2.111 }
				]
			},
			"emoji": {
				"rotate": [
					{ "value": 9.08 }
				],
				"translate": [
					{ "x": -3.52, "y": 13.84 }
				],
				"scale": [
					{ "x": 0.884, "y": 0.884 }
				]
			},
			"shouder_1": {
				"rotate": [
					{ "value": -42.41 }
				],
				"translate": [
					{ "x": 19.02, "y": -2.15 }
				],
				"scale": [
					{}
				]
			},
			"arm_1": {
				"rotate": [
					{ "value": 47.27 }
				],
				"translate": [
					{ "x": 2.02, "y": 0.08 }
				],
				"scale": [
					{ "x": 1.079 }
				]
			},
			"shouder_2": {
				"rotate": [
					{ "value": 64.15 }
				],
				"translate": [
					{ "x": 21.84, "y": 2.27 }
				],
				"scale": [
					{}
				]
			},
			"arm_2": {
				"rotate": [
					{ "value": 58.35 }
				],
				"scale": [
					{}
				]
			},
			"thigh_1": {
				"rotate": [
					{ "value": 24.72 }
				],
				"translate": [
					{}
				],
				"scale": [
					{}
				]
			},
			"leg_1": {
				"rotate": [
					{}
				],
				"translate": [
					{}
				]
			},
			"thigh_2": {
				"rotate": [
					{ "value": 39.21 }
				],
				"translate": [
					{}
				],
				"scale": [
					{}
				]
			},
			"leg_2": {
				"rotate": [
					{ "value": 18.14 }
				],
				"translate": [
					{}
				]
			},
			"foot_2": {
				"rotate": [
					{}
				],
				"translate": [
					{ "x": 74.32, "y": 2.71 }
				]
			},
			"foot_3": {
				"rotate": [
					{ "value": 12.32 }
				],
				"translate": [
					{ "x": -55.35, "y": -3.11 }
				]
			},
			"feeling_5": {
				"rotate": [
					{ "value": -93.94 }
				],
				"translate": [
					{ "x": -4.75, "y": -94.41 }
				],
				"scale": [
					{ "x": 0.47, "y": 0.47 }
				],
				"shear": [
					{}
				]
			},
			"feeling_1": {
				"rotate": [
					{ "value": 53.17 }
				],
				"translate": [
					{ "x": -102.54, "y": -31.03 }
				],
				"scale": [
					{ "x": 1.042, "y": 1.042 }
				]
			},
			"move": {
				"rotate": [
					{ "value": 0.12 }
				],
				"translate": [
					{ "x": 119.99 }
				],
				"scale": [
					{ "x": -1 }
				]
			},
			"feeling_2": {
				"rotate": [
					{ "value": 58.19 }
				],
				"translate": [
					{ "x": -51.55, "y": -16.79 }
				],
				"scale": [
					{ "x": 0.805, "y": 0.805 }
				]
			},
			"item_1": {
				"rotate": [
					{ "value": 2.74 }
				],
				"translate": [
					{ "x": -100.66, "y": -82.5 }
				],
				"scale": [
					{ "x": -1 }
				]
			},
			"feeling_4": {
				"rotate": [
					{ "value": -100.07 }
				],
				"translate": [
					{ "x": -78.8, "y": 0.44 }
				],
				"scale": [
					{ "x": 0.499, "y": 0.499 }
				]
			},
			"hair_1": {
				"rotate": [
					{ "value": -16.95 }
				],
				"translate": [
					{ "x": 180.23, "y": 533.01 }
				],
				"scale": [
					{}
				]
			}
		},
		"ik": {
			"foot_1": [
				{ "bendPositive": false, "stretch": true }
			],
			"foot_2": [
				{ "stretch": true }
			]
		},
		"drawOrder": [
			{
				"offsets": [
					{ "slot": "item", "offset": 6 },
					{ "slot": "shoulder2", "offset": 11 },
					{ "slot": "shoulder4", "offset": -1 },
					{ "slot": "thigh", "offset": 1 },
					{ "slot": "feeling_3", "offset": 1 },
					{ "slot": "feeling_1", "offset": 1 }
				]
			}
		]
	},
	"t_219_2_lose": {
		"slots": {
			"body": {
				"rgba": [
					{ "color": "000000ff" }
				]
			},
			"Emoji": {
				"attachment": [
					{ "name": "Emoji/emo_42" }
				]
			},
			"feeling_1": {
				"attachment": [
					{}
				]
			},
			"feeling_3": {
				"rgba": [
					{ "color": "ff3a3ac7" }
				],
				"attachment": [
					{ "name": "khoi" }
				]
			},
			"feeling_4": {
				"rgba": [
					{ "color": "ff3a3ac7" }
				],
				"attachment": [
					{ "name": "khoi" }
				]
			},
			"feeling_5": {
				"attachment": [
					{ "name": "cauco" }
				]
			},
			"hair": {
				"attachment": [
					{ "name": "hair/man/toc_8" }
				]
			},
			"head": {
				"rgba": [
					{ "color": "ffb0b0ff" }
				],
				"attachment": [
					{ "name": "head" }
				]
			},
			"shoulder1": {
				"rgba": [
					{ "color": "000000ff" }
				],
				"attachment": [
					{ "name": "shoulder" }
				]
			},
			"shoulder2": {
				"rgba": [
					{ "color": "000000ff" }
				],
				"attachment": [
					{ "name": "shoulder" }
				]
			},
			"shoulder3": {
				"rgba": [
					{ "color": "000000ff" }
				],
				"attachment": [
					{ "name": "shoulder" }
				]
			},
			"shoulder4": {
				"rgba": [
					{ "color": "000000ff" }
				],
				"attachment": [
					{ "name": "shoulder" }
				]
			},
			"thigh": {
				"rgba": [
					{ "color": "000000ff" }
				]
			},
			"thigh2": {
				"rgba": [
					{ "color": "000000ff" }
				]
			},
			"thigh3": {
				"rgba": [
					{ "color": "000000ff" }
				]
			},
			"thigh4": {
				"rgba": [
					{ "color": "000000ff" }
				]
			}
		},
		"bones": {
			"head": {
				"rotate": [
					{ "value": -15.12 }
				],
				"translate": [
					{ "x": -104.83, "y": 37.43 }
				],
				"scale": [
					{ "x": 1.066, "y": 1.066 }
				]
			},
			"root": {
				"rotate": [
					{}
				],
				"translate": [
					{}
				]
			},
			"main": {
				"rotate": [
					{ "value": 10.61 }
				],
				"translate": [
					{ "x": 22.29, "y": -37.42 }
				]
			},
			"hip": {
				"rotate": [
					{}
				],
				"translate": [
					{}
				]
			},
			"body": {
				"rotate": [
					{ "value": 1.03 }
				],
				"translate": [
					{}
				],
				"scale": [
					{}
				]
			},
			"body2": {
				"rotate": [
					{ "value": 1.03 }
				],
				"translate": [
					{}
				],
				"scale": [
					{}
				]
			},
			"body3": {
				"rotate": [
					{ "value": 1.03 }
				],
				"translate": [
					{}
				],
				"scale": [
					{}
				]
			},
			"body4": {
				"rotate": [
					{ "value": 1.03 }
				],
				"translate": [
					{}
				],
				"scale": [
					{}
				]
			},
			"body5": {
				"rotate": [
					{ "value": 1.03 }
				],
				"translate": [
					{}
				],
				"scale": [
					{}
				]
			},
			"body6": {
				"rotate": [
					{ "value": 1.03 }
				],
				"translate": [
					{}
				],
				"scale": [
					{}
				]
			},
			"body7": {
				"rotate": [
					{ "value": 1.03 }
				],
				"translate": [
					{}
				],
				"scale": [
					{}
				]
			},
			"body8": {
				"rotate": [
					{ "value": 1.03 }
				],
				"translate": [
					{}
				],
				"scale": [
					{}
				]
			},
			"feeling_3": {
				"rotate": [
					{ "value": 145.96 }
				],
				"translate": [
					{ "x": 70.73, "y": -108.89 }
				],
				"scale": [
					{ "x": 0.913, "y": 0.913 }
				]
			},
			"emoji": {
				"rotate": [
					{ "value": 10.43 }
				],
				"translate": [
					{ "x": -7.94, "y": 2.15 }
				],
				"scale": [
					{ "x": 1.035, "y": 1.035 }
				]
			},
			"shouder_1": {
				"rotate": [
					{ "value": 25.41 }
				],
				"translate": [
					{ "x": -22.5, "y": -1.12 }
				],
				"scale": [
					{}
				]
			},
			"arm_1": {
				"rotate": [
					{ "value": -13.28 }
				],
				"translate": [
					{ "x": 2.02, "y": 0.08 }
				],
				"scale": [
					{}
				]
			},
			"shouder_2": {
				"rotate": [
					{ "value": 75.02 }
				],
				"translate": [
					{ "x": -16.05, "y": 8.89 }
				],
				"scale": [
					{ "x": 0.768 }
				]
			},
			"arm_2": {
				"rotate": [
					{ "value": 78.6 }
				],
				"translate": [
					{}
				],
				"scale": [
					{ "x": 1.25, "y": 1.416 }
				]
			},
			"thigh_1": {
				"rotate": [
					{ "value": 24.72 }
				],
				"translate": [
					{}
				],
				"scale": [
					{ "x": 0.718 }
				]
			},
			"leg_1": {
				"rotate": [
					{}
				],
				"translate": [
					{}
				],
				"scale": [
					{ "x": 1.455, "y": 1.26 }
				]
			},
			"thigh_2": {
				"rotate": [
					{ "value": 39.21 }
				],
				"translate": [
					{}
				],
				"scale": [
					{ "x": 0.956 }
				]
			},
			"leg_2": {
				"rotate": [
					{ "value": 18.14 }
				],
				"translate": [
					{}
				]
			},
			"foot_2": {
				"rotate": [
					{}
				],
				"translate": [
					{ "x": -51.46, "y": -12.94 }
				]
			},
			"foot_3": {
				"rotate": [
					{}
				],
				"translate": [
					{ "x": 122.04, "y": 1.44 }
				]
			},
			"feeling_5": {
				"rotate": [
					{}
				],
				"translate": [
					{ "x": -10.13, "y": -24.42 }
				],
				"scale": [
					{ "x": 0.436, "y": 0.436 }
				]
			},
			"item_1": {
				"translate": [
					{ "y": -245.53 }
				],
				"scale": [
					{ "x": 1.369, "y": 1.369 }
				]
			},
			"feeling_1": {
				"rotate": [
					{ "value": 20.25 }
				],
				"translate": [
					{ "x": -19.17, "y": -19.27 }
				],
				"scale": [
					{ "x": -1.87, "y": 1.87 }
				]
			},
			"move": {
				"translate": [
					{ "x": 119.99 }
				],
				"scale": [
					{ "x": -1 }
				]
			},
			"feeling_2": {
				"rotate": [
					{ "value": 98.23 }
				],
				"translate": [
					{ "x": -151.68, "y": -67.99 }
				]
			},
			"feeling_4": {
				"rotate": [
					{ "value": -128.57 }
				],
				"translate": [
					{ "x": 63.67, "y": 83.95 }
				],
				"scale": [
					{ "x": 0.402, "y": 0.402 }
				]
			},
			"hair_1": {
				"rotate": [
					{ "value": 4.11 }
				],
				"translate": [
					{ "x": 88.71, "y": 494.53 }
				]
			}
		},
		"ik": {
			"foot_1": [
				{ "stretch": true }
			],
			"foot_2": [
				{ "bendPositive": false, "stretch": true }
			]
		},
		"drawOrder": [
			{
				"offsets": [
					{ "slot": "shoulder4", "offset": -3 }
				]
			}
		]
	},
	"t_219_2_win": {
		"slots": {
			"body": {
				"rgba": [
					{ "color": "000000ff" }
				]
			},
			"Emoji": {
				"attachment": [
					{ "name": "Emoji/emo_57" }
				]
			},
			"feeling_1": {
				"attachment": [
					{ "name": "mo_hoi" }
				]
			},
			"feeling_2": {
				"attachment": [
					{}
				]
			},
			"feeling_3": {
				"attachment": [
					{ "name": "cham_than" }
				]
			},
			"feeling_4": {
				"attachment": [
					{ "name": "scare" }
				]
			},
			"feeling_5": {
				"attachment": [
					{}
				]
			},
			"hair": {
				"attachment": [
					{ "name": "hair/man/toc_8" }
				]
			},
			"head": {
				"rgba": [
					{ "color": "ffffffff" }
				],
				"attachment": [
					{ "name": "head_7" }
				]
			},
			"shoulder1": {
				"rgba": [
					{ "color": "000000ff" }
				],
				"attachment": [
					{ "name": "shoulder" }
				]
			},
			"shoulder2": {
				"rgba": [
					{ "color": "000000ff" }
				],
				"attachment": [
					{ "name": "shoulder" }
				]
			},
			"shoulder3": {
				"rgba": [
					{ "color": "000000ff" }
				],
				"attachment": [
					{ "name": "shoulder" }
				]
			},
			"shoulder4": {
				"rgba": [
					{ "color": "000000ff" }
				],
				"attachment": [
					{ "name": "shoulder" }
				]
			},
			"thigh": {
				"rgba": [
					{ "color": "000000ff" }
				]
			},
			"thigh2": {
				"rgba": [
					{ "color": "000000ff" }
				]
			},
			"thigh3": {
				"rgba": [
					{ "color": "000000ff" }
				]
			},
			"thigh4": {
				"rgba": [
					{ "color": "000000ff" }
				]
			}
		},
		"bones": {
			"head": {
				"rotate": [
					{ "value": -13.68 }
				],
				"translate": [
					{ "x": -2.92, "y": 13.69 }
				],
				"scale": [
					{ "x": 1.136 }
				]
			},
			"root": {
				"rotate": [
					{}
				],
				"translate": [
					{}
				]
			},
			"main": {
				"rotate": [
					{ "value": 11.82 }
				],
				"translate": [
					{ "x": 6.92, "y": -58.08 }
				]
			},
			"hip": {
				"rotate": [
					{}
				],
				"translate": [
					{}
				]
			},
			"body": {
				"rotate": [
					{ "value": 0.63 }
				],
				"translate": [
					{}
				],
				"scale": [
					{}
				]
			},
			"body2": {
				"rotate": [
					{ "value": 0.63 }
				],
				"translate": [
					{}
				],
				"scale": [
					{}
				]
			},
			"body3": {
				"rotate": [
					{ "value": 0.63 }
				],
				"translate": [
					{}
				],
				"scale": [
					{}
				]
			},
			"body4": {
				"rotate": [
					{ "value": 0.63 }
				],
				"translate": [
					{}
				],
				"scale": [
					{}
				]
			},
			"body5": {
				"rotate": [
					{ "value": 0.63 }
				],
				"translate": [
					{}
				],
				"scale": [
					{}
				]
			},
			"body6": {
				"rotate": [
					{ "value": 0.63 }
				],
				"translate": [
					{}
				],
				"scale": [
					{}
				]
			},
			"body7": {
				"rotate": [
					{ "value": 0.63 }
				],
				"translate": [
					{}
				],
				"scale": [
					{}
				]
			},
			"body8": {
				"rotate": [
					{ "value": 0.63 }
				],
				"translate": [
					{}
				],
				"scale": [
					{}
				]
			},
			"feeling_3": {
				"rotate": [
					{ "value": 10.58 }
				],
				"translate": [
					{ "x": 137.9, "y": 105.45 }
				],
				"scale": [
					{ "x": 1.622, "y": 1.622 }
				]
			},
			"emoji": {
				"rotate": [
					{ "value": -1.52 }
				],
				"translate": [
					{ "x": -9.75, "y": -37.95 }
				],
				"scale": [
					{ "x": -0.975, "y": 1.27 }
				]
			},
			"shouder_1": {
				"rotate": [
					{ "value": -68.48 }
				],
				"translate": [
					{ "x": 31.07, "y": -0.17 }
				],
				"scale": [
					{}
				]
			},
			"arm_1": {
				"rotate": [
					{ "value": -29.31 }
				],
				"translate": [
					{ "x": 2.02, "y": 0.08 }
				],
				"scale": [
					{}
				]
			},
			"shouder_2": {
				"rotate": [
					{ "value": 107.65 }
				],
				"translate": [
					{ "x": 29.12, "y": -4.8 }
				],
				"scale": [
					{}
				]
			},
			"arm_2": {
				"rotate": [
					{ "value": -22.14 }
				],
				"translate": [
					{}
				],
				"scale": [
					{}
				]
			},
			"thigh_1": {
				"rotate": [
					{ "value": 24.72 }
				],
				"translate": [
					{}
				],
				"scale": [
					{}
				]
			},
			"leg_1": {
				"rotate": [
					{}
				],
				"translate": [
					{}
				]
			},
			"thigh_2": {
				"rotate": [
					{ "value": 39.21 }
				],
				"translate": [
					{}
				],
				"scale": [
					{}
				]
			},
			"leg_2": {
				"rotate": [
					{ "value": 18.14 }
				],
				"translate": [
					{}
				]
			},
			"foot_2": {
				"rotate": [
					{}
				],
				"translate": [
					{ "x": -68.92, "y": 3.54 }
				]
			},
			"foot_3": {
				"rotate": [
					{}
				],
				"translate": [
					{ "x": 113.24, "y": 10.13 }
				]
			},
			"feeling_5": {
				"rotate": [
					{ "value": -1.83 }
				],
				"translate": [
					{ "x": -2.47, "y": 11.62 }
				],
				"scale": [
					{ "x": -0.934, "y": -0.934 }
				]
			},
			"item_1": {
				"rotate": [
					{ "value": 4.93 }
				]
			},
			"move": {
				"translate": [
					{ "x": 119.99 }
				],
				"scale": [
					{ "x": -1 }
				]
			},
			"feeling_2": {
				"rotate": [
					{ "value": 28.64 }
				],
				"translate": [
					{ "x": 74.47, "y": -93.69 }
				],
				"scale": [
					{ "x": -1.46, "y": 1.46 }
				]
			},
			"hair_1": {
				"rotate": [
					{ "value": -17.29 }
				],
				"translate": [
					{ "x": 139.84, "y": 605.48 }
				],
				"scale": [
					{ "x": -1.084, "y": 1.084 }
				]
			},
			"feeling_1": {
				"rotate": [
					{ "value": -21.33 }
				],
				"translate": [
					{ "x": -92.07, "y": -94.07 }
				],
				"scale": [
					{ "x": 0.924, "y": 0.924 }
				]
			},
			"feeling_4": {
				"rotate": [
					{ "value": -179.94 }
				],
				"translate": [
					{ "x": 62.8, "y": 141.23 }
				]
			}
		},
		"ik": {
			"foot_1": [
				{ "stretch": true }
			],
			"foot_2": [
				{ "stretch": true }
			]
		},
		"drawOrder": [
			{
				"offsets": [
					{ "slot": "shoulder2", "offset": 10 },
					{ "slot": "shoulder4", "offset": -3 },
					{ "slot": "feeling_5", "offset": -2 },
					{ "slot": "feeling_4", "offset": -4 }
				]
			}
		]
	},
	"t_219_3_win": {
		"slots": {
			"body": {
				"rgba": [
					{ "color": "000000ff", "curve": "stepped" },
					{ "time": 0.5333, "color": "000000ff" }
				]
			},
			"Emoji": {
				"attachment": [
					{ "name": "Emoji/emo_68b" },
					{ "time": 0.5333, "name": "Emoji/emo_68b" }
				]
			},
			"feeling_1": {
				"attachment": [
					{ "name": "cauco" },
					{ "time": 0.5333, "name": "cauco" }
				]
			},
			"feeling_2": {
				"attachment": [
					{},
					{ "time": 0.5333 }
				]
			},
			"feeling_3": {
				"rgba": [
					{ "color": "ffffffff", "curve": "stepped" },
					{ "time": 0.5333, "color": "ffffffff" }
				],
				"attachment": [
					{},
					{ "time": 0.5333 }
				]
			},
			"feeling_5": {
				"rgba": [
					{ "color": "dfff00ff", "curve": "stepped" },
					{ "time": 0.5333, "color": "dfff00ff" }
				],
				"attachment": [
					{ "name": "scare" },
					{ "time": 0.5333, "name": "scare" }
				]
			},
			"hair": {
				"attachment": [
					{ "name": "hair/man/mu_canh_sat" },
					{ "time": 0.5333, "name": "hair/man/mu_canh_sat" }
				]
			},
			"head": {
				"rgba": [
					{ "color": "ffa6a6ff", "curve": "stepped" },
					{ "time": 0.5333, "color": "ffa6a6ff" }
				],
				"attachment": [
					{ "name": "head" },
					{ "time": 0.5333, "name": "head" }
				]
			},
			"shoulder1": {
				"rgba": [
					{ "color": "000000ff", "curve": "stepped" },
					{ "time": 0.5333, "color": "000000ff" }
				],
				"attachment": [
					{ "name": "shoulder" },
					{ "time": 0.5333, "name": "shoulder" }
				]
			},
			"shoulder2": {
				"rgba": [
					{ "color": "000000ff", "curve": "stepped" },
					{ "time": 0.5333, "color": "000000ff" }
				],
				"attachment": [
					{ "name": "shoulder" },
					{ "time": 0.5333, "name": "shoulder" }
				]
			},
			"shoulder3": {
				"rgba": [
					{ "color": "000000ff", "curve": "stepped" },
					{ "time": 0.5333, "color": "000000ff" }
				],
				"attachment": [
					{ "name": "shoulder" },
					{ "time": 0.5333, "name": "shoulder" }
				]
			},
			"shoulder4": {
				"rgba": [
					{ "color": "000000ff", "curve": "stepped" },
					{ "time": 0.5333, "color": "000000ff" }
				],
				"attachment": [
					{ "name": "shoulder" },
					{ "time": 0.5333, "name": "shoulder" }
				]
			},
			"thigh": {
				"rgba": [
					{ "color": "000000ff", "curve": "stepped" },
					{ "time": 0.5333, "color": "000000ff" }
				]
			},
			"thigh2": {
				"rgba": [
					{ "color": "000000ff", "curve": "stepped" },
					{ "time": 0.5333, "color": "000000ff" }
				]
			},
			"thigh3": {
				"rgba": [
					{ "color": "000000ff", "curve": "stepped" },
					{ "time": 0.5333, "color": "000000ff" }
				]
			},
			"thigh4": {
				"rgba": [
					{ "color": "000000ff", "curve": "stepped" },
					{ "time": 0.5333, "color": "000000ff" }
				]
			}
		},
		"bones": {
			"head": {
				"rotate": [
					{ "value": -20.02, "curve": "stepped" },
					{ "time": 0.5333, "value": -20.02 }
				],
				"translate": [
					{ "x": -14.84, "y": 35.3, "curve": "stepped" },
					{ "time": 0.5333, "x": -14.84, "y": 35.3 }
				],
				"scale": [
					{ "curve": "stepped" },
					{ "time": 0.5333 }
				]
			},
			"root": {
				"rotate": [
					{ "curve": "stepped" },
					{ "time": 0.5333 }
				],
				"translate": [
					{ "curve": "stepped" },
					{ "time": 0.5333 }
				]
			},
			"main": {
				"rotate": [
					{ "value": -2.02, "curve": "stepped" },
					{ "time": 0.5333, "value": -2.02 }
				],
				"translate": [
					{ "x": -44.74, "y": -68.74, "curve": "stepped" },
					{ "time": 0.5333, "x": -44.74, "y": -68.74 }
				]
			},
			"hip": {
				"rotate": [
					{ "curve": "stepped" },
					{ "time": 0.5333 }
				],
				"translate": [
					{ "curve": "stepped" },
					{ "time": 0.5333 }
				]
			},
			"body": {
				"rotate": [
					{ "value": 2.29, "curve": "stepped" },
					{ "time": 0.5333, "value": 2.29 }
				],
				"translate": [
					{ "curve": "stepped" },
					{ "time": 0.5333 }
				],
				"scale": [
					{ "curve": "stepped" },
					{ "time": 0.5333 }
				]
			},
			"body2": {
				"rotate": [
					{ "value": 2.29, "curve": "stepped" },
					{ "time": 0.5333, "value": 2.29 }
				],
				"translate": [
					{ "curve": "stepped" },
					{ "time": 0.5333 }
				],
				"scale": [
					{ "curve": "stepped" },
					{ "time": 0.5333 }
				]
			},
			"body3": {
				"rotate": [
					{ "value": 2.29, "curve": "stepped" },
					{ "time": 0.5333, "value": 2.29 }
				],
				"translate": [
					{ "curve": "stepped" },
					{ "time": 0.5333 }
				],
				"scale": [
					{ "curve": "stepped" },
					{ "time": 0.5333 }
				]
			},
			"body4": {
				"rotate": [
					{ "value": 2.29, "curve": "stepped" },
					{ "time": 0.5333, "value": 2.29 }
				],
				"translate": [
					{ "curve": "stepped" },
					{ "time": 0.5333 }
				],
				"scale": [
					{ "curve": "stepped" },
					{ "time": 0.5333 }
				]
			},
			"body5": {
				"rotate": [
					{ "value": 2.29, "curve": "stepped" },
					{ "time": 0.5333, "value": 2.29 }
				],
				"translate": [
					{ "curve": "stepped" },
					{ "time": 0.5333 }
				],
				"scale": [
					{ "curve": "stepped" },
					{ "time": 0.5333 }
				]
			},
			"body6": {
				"rotate": [
					{ "value": 2.29, "curve": "stepped" },
					{ "time": 0.5333, "value": 2.29 }
				],
				"translate": [
					{ "curve": "stepped" },
					{ "time": 0.5333 }
				],
				"scale": [
					{ "curve": "stepped" },
					{ "time": 0.5333 }
				]
			},
			"body7": {
				"rotate": [
					{ "value": 2.29, "curve": "stepped" },
					{ "time": 0.5333, "value": 2.29 }
				],
				"translate": [
					{ "curve": "stepped" },
					{ "time": 0.5333 }
				],
				"scale": [
					{ "curve": "stepped" },
					{ "time": 0.5333 }
				]
			},
			"body8": {
				"rotate": [
					{ "value": 2.29, "curve": "stepped" },
					{ "time": 0.5333, "value": 2.29 }
				],
				"translate": [
					{ "curve": "stepped" },
					{ "time": 0.5333 }
				],
				"scale": [
					{ "curve": "stepped" },
					{ "time": 0.5333 }
				]
			},
			"feeling_3": {
				"rotate": [
					{ "value": 175.48, "curve": "stepped" },
					{ "time": 0.5333, "value": 175.48 }
				],
				"translate": [
					{ "x": 91.59, "y": 61.28, "curve": "stepped" },
					{ "time": 0.5333, "x": 91.59, "y": 61.28 }
				],
				"scale": [
					{ "x": -1.375, "y": 1.375, "curve": "stepped" },
					{ "time": 0.5333, "x": -1.375, "y": 1.375 }
				]
			},
			"emoji": {
				"rotate": [
					{ "value": 7.97, "curve": "stepped" },
					{ "time": 0.5333, "value": 7.97 }
				],
				"translate": [
					{ "x": 13.61, "y": 17.9, "curve": "stepped" },
					{ "time": 0.5333, "x": 13.61, "y": 17.9 }
				],
				"scale": [
					{ "x": -1, "curve": "stepped" },
					{ "time": 0.5333, "x": -1 }
				]
			},
			"shouder_1": {
				"rotate": [
					{ "value": -138.91, "curve": "stepped" },
					{ "time": 0.5333, "value": -138.91 }
				],
				"translate": [
					{ "x": 14.35, "y": 0.6, "curve": "stepped" },
					{ "time": 0.5333, "x": 14.35, "y": 0.6 }
				],
				"scale": [
					{ "curve": "stepped" },
					{ "time": 0.5333 }
				]
			},
			"arm_1": {
				"rotate": [
					{ "value": -21.84, "curve": "stepped" },
					{ "time": 0.5333, "value": -21.84 }
				],
				"translate": [
					{ "x": 2.02, "y": 0.08, "curve": "stepped" },
					{ "time": 0.5333, "x": 2.02, "y": 0.08 }
				],
				"scale": [
					{ "curve": "stepped" },
					{ "time": 0.5333 }
				]
			},
			"shouder_2": {
				"rotate": [
					{ "value": 35.87, "curve": "stepped" },
					{ "time": 0.5333, "value": 35.87 }
				],
				"translate": [
					{ "x": 18.49, "y": -1.86, "curve": "stepped" },
					{ "time": 0.5333, "x": 18.49, "y": -1.86 }
				],
				"scale": [
					{ "curve": "stepped" },
					{ "time": 0.5333 }
				]
			},
			"arm_2": {
				"rotate": [
					{ "value": -11, "curve": "stepped" },
					{ "time": 0.5333, "value": -11 }
				],
				"translate": [
					{ "curve": "stepped" },
					{ "time": 0.5333 }
				],
				"scale": [
					{ "curve": "stepped" },
					{ "time": 0.5333 }
				]
			},
			"thigh_1": {
				"rotate": [
					{
						"value": 24.72,
						"curve": [ 0.133, 24.72, 0.4, -56.54 ]
					},
					{ "time": 0.5333, "value": -56.54 }
				],
				"translate": [
					{ "curve": "stepped" },
					{ "time": 0.5333 }
				],
				"scale": [
					{ "curve": "stepped" },
					{ "time": 0.5333 }
				]
			},
			"leg_1": {
				"rotate": [
					{
						"curve": [ 0.133, 0, 0.4, 65.45 ]
					},
					{ "time": 0.5333, "value": 65.45 }
				],
				"translate": [
					{ "curve": "stepped" },
					{ "time": 0.5333 }
				]
			},
			"thigh_2": {
				"rotate": [
					{
						"value": 39.21,
						"curve": [ 0.133, 39.21, 0.4, -9.99 ]
					},
					{ "time": 0.5333, "value": -9.99 }
				],
				"translate": [
					{ "curve": "stepped" },
					{ "time": 0.5333 }
				],
				"scale": [
					{ "curve": "stepped" },
					{ "time": 0.5333 }
				]
			},
			"leg_2": {
				"rotate": [
					{
						"value": 18.14,
						"curve": [ 0.133, 18.14, 0.4, 69.92 ]
					},
					{ "time": 0.5333, "value": 69.92 }
				],
				"translate": [
					{ "curve": "stepped" },
					{ "time": 0.5333 }
				]
			},
			"foot_2": {
				"rotate": [
					{ "curve": "stepped" },
					{ "time": 0.5333 }
				],
				"translate": [
					{ "x": -138.52, "y": -5.75, "curve": "stepped" },
					{ "time": 0.5333, "x": -138.52, "y": -5.75 }
				]
			},
			"foot_3": {
				"rotate": [
					{ "curve": "stepped" },
					{ "time": 0.5333 }
				],
				"translate": [
					{ "x": 42.22, "y": -2.39, "curve": "stepped" },
					{ "time": 0.5333, "x": 42.22, "y": -2.39 }
				]
			},
			"feeling_5": {
				"rotate": [
					{ "value": -37.39, "curve": "stepped" },
					{ "time": 0.5333, "value": -37.39 }
				],
				"translate": [
					{ "x": -225.89, "y": 142.69, "curve": "stepped" },
					{ "time": 0.5333, "x": -225.89, "y": 142.69 }
				],
				"scale": [
					{
						"x": 0.745,
						"y": 0.815,
						"curve": [ 0.025, 0.745, 0.075, 1.214, 0.025, 0.815, 0.075, 1.329 ]
					},
					{
						"time": 0.1,
						"x": 1.214,
						"y": 1.329,
						"curve": [ 0.125, 1.214, 0.175, 0.745, 0.125, 1.329, 0.175, 0.815 ]
					},
					{ "time": 0.2, "x": 0.745, "y": 0.815, "curve": "stepped" },
					{
						"time": 0.3333,
						"x": 0.745,
						"y": 0.815,
						"curve": [ 0.358, 0.745, 0.408, 1.214, 0.358, 0.815, 0.408, 1.329 ]
					},
					{
						"time": 0.4333,
						"x": 1.214,
						"y": 1.329,
						"curve": [ 0.458, 1.214, 0.508, 0.745, 0.458, 1.329, 0.508, 0.815 ]
					},
					{ "time": 0.5333, "x": 0.745, "y": 0.815 }
				]
			},
			"item_1": {
				"rotate": [
					{ "value": 3.74, "curve": "stepped" },
					{ "time": 0.5333, "value": 3.74 }
				],
				"translate": [
					{ "x": -105.06, "y": 66.67, "curve": "stepped" },
					{ "time": 0.5333, "x": -105.06, "y": 66.67 }
				],
				"scale": [
					{ "x": 0.865, "y": 0.865, "curve": "stepped" },
					{ "time": 0.5333, "x": 0.865, "y": 0.865 }
				]
			},
			"move": {
				"translate": [
					{ "x": 119.99, "curve": "stepped" },
					{ "time": 0.5333, "x": 119.99 }
				],
				"scale": [
					{ "x": -1, "curve": "stepped" },
					{ "time": 0.5333, "x": -1 }
				]
			},
			"feeling_1": {
				"rotate": [
					{ "value": -27.31, "curve": "stepped" },
					{ "time": 0.5333, "value": -27.31 }
				],
				"translate": [
					{ "x": -88.99, "y": -113.73, "curve": "stepped" },
					{ "time": 0.5333, "x": -88.99, "y": -113.73 }
				],
				"scale": [
					{ "x": 0.841, "y": 0.841, "curve": "stepped" },
					{ "time": 0.5333, "x": 0.841, "y": 0.841 }
				]
			},
			"feeling_2": {
				"rotate": [
					{ "value": 168.38, "curve": "stepped" },
					{ "time": 0.5333, "value": 168.38 }
				],
				"translate": [
					{ "x": -235.28, "y": -149.39, "curve": "stepped" },
					{ "time": 0.5333, "x": -235.28, "y": -149.39 }
				],
				"scale": [
					{ "x": 1.006, "y": 1.006, "curve": "stepped" },
					{ "time": 0.5333, "x": 1.006, "y": 1.006 }
				]
			},
			"hair_1": {
				"rotate": [
					{ "value": -2.02, "curve": "stepped" },
					{ "time": 0.5333, "value": -2.02 }
				],
				"translate": [
					{ "x": 48.84, "y": 579.68, "curve": "stepped" },
					{ "time": 0.5333, "x": 48.84, "y": 579.68 }
				],
				"scale": [
					{ "x": 0.868, "y": 0.868, "curve": "stepped" },
					{ "time": 0.5333, "x": 0.868, "y": 0.868 }
				]
			}
		},
		"ik": {
			"foot_1": [
				{
					"stretch": true,
					"curve": [ 0.133, 1, 0.4, 1, 0.133, 0, 0.4, 0 ]
				},
				{ "time": 0.5333, "stretch": true }
			],
			"foot_2": [
				{
					"stretch": true,
					"curve": [ 0.133, 1, 0.4, 1, 0.133, 0, 0.4, 0 ]
				},
				{ "time": 0.5333, "stretch": true }
			]
		},
		"drawOrder": [
			{
				"offsets": [
					{ "slot": "item", "offset": 14 },
					{ "slot": "shoulder1", "offset": 13 },
					{ "slot": "shoulder3", "offset": -1 },
					{ "slot": "shoulder2", "offset": 12 },
					{ "slot": "feeling_5", "offset": 3 }
				]
			},
			{
				"time": 0.5333,
				"offsets": [
					{ "slot": "item", "offset": 14 },
					{ "slot": "shoulder1", "offset": 13 },
					{ "slot": "shoulder3", "offset": -1 },
					{ "slot": "shoulder2", "offset": 12 },
					{ "slot": "feeling_5", "offset": 3 }
				]
			}
		]
	}
}
}