{
"skeleton": { "hash": "M3EWX6NCg9U", "spine": "4.1.24", "x": -388.28, "y": -425.09, "width": 724.41, "height": 1282.48 },
"bones": [
	{ "name": "root", "rotation": 0.2 },
	{ "name": "move", "parent": "root", "x": -119.99, "scaleX": -1 },
	{ "name": "main", "parent": "move", "y": 256.6 },
	{ "name": "hip", "parent": "main" },
	{ "name": "body", "parent": "hip", "length": 26.97, "rotation": 90 },
	{ "name": "body2", "parent": "body", "length": 26.97, "x": 26.97 },
	{ "name": "body3", "parent": "body2", "length": 26.97, "x": 26.97 },
	{ "name": "body4", "parent": "body3", "length": 26.97, "rotation": -0.06, "x": 26.97 },
	{ "name": "body5", "parent": "body4", "length": 26.97, "x": 26.97 },
	{ "name": "body6", "parent": "body5", "length": 26.97, "x": 26.97 },
	{ "name": "body7", "parent": "body6", "length": 26.97, "x": 26.97 },
	{ "name": "body8", "parent": "body7", "length": 26.97, "x": 26.97 },
	{ "name": "head", "parent": "body8", "length": 135.67, "x": 24.75 },
	{ "name": "feeling_3", "parent": "head", "rotation": -0.18, "x": 87.53, "y": 30.96 },
	{ "name": "emoji", "parent": "head", "rotation": -90, "x": 62, "y": 1.49 },
	{ "name": "shouder_1", "parent": "body7", "length": 100.06, "rotation": -90, "x": 15.39, "y": 0.02 },
	{ "name": "arm_1", "parent": "shouder_1", "length": 100.06, "x": 94.79 },
	{ "name": "shouder_2", "parent": "body7", "length": 100.06, "rotation": 90, "x": 15.39, "y": 0.02 },
	{ "name": "arm_2", "parent": "shouder_2", "length": 100.06, "x": 94.79 },
	{ "name": "thigh_1", "parent": "main", "length": 134.15, "rotation": -90, "x": -0.54, "y": 4.23 },
	{ "name": "leg_1", "parent": "thigh_1", "length": 134.15, "x": 128.14 },
	{ "name": "thigh_2", "parent": "main", "length": 134.15, "rotation": -90, "x": -0.1, "y": 4.23 },
	{ "name": "leg_2", "parent": "thigh_2", "length": 134.15, "x": 128.14 },
	{ "name": "foot_2", "parent": "move", "x": 0.16, "y": -2.18 },
	{ "name": "foot_3", "parent": "move", "x": 0.1, "y": -2.12 },
	{
		"name": "feeling_5",
		"parent": "head",
		"rotation": -0.18,
		"x": 87.53,
		"y": -25.11,
		"scaleX": 2,
		"scaleY": 2
	},
	{ "name": "item_1", "parent": "move", "x": -1.93, "y": 450.24 },
	{ "name": "feeling_1", "parent": "main", "rotation": -20.17, "x": 72.35, "y": 376.02 },
	{ "name": "feeling_2", "parent": "main", "rotation": -20.17, "x": 72.35, "y": 376.02 },
	{ "name": "hair_1", "parent": "main", "rotation": 0.07, "x": -120, "y": -254.77 },
	{
		"name": "feeling_4",
		"parent": "head",
		"rotation": -0.18,
		"x": 87.53,
		"y": -25.11,
		"scaleX": 2,
		"scaleY": 2
	},
	{ "name": "item_tay", "parent": "arm_2", "x": 101.01, "y": -1.25 }
],
"slots": [
	{ "name": "bg_gane_play", "bone": "root", "color": "ffffff4f" },
	{ "name": "item", "bone": "item_1" },
	{ "name": "body", "bone": "hip", "color": "000000ff", "attachment": "body" },
	{ "name": "shoulder1", "bone": "shouder_1", "color": "000000ff" },
	{ "name": "shoulder3", "bone": "shouder_2", "color": "000000ff" },
	{ "name": "shoulder2", "bone": "arm_1", "color": "000000ff" },
	{ "name": "shoulder4", "bone": "arm_2", "color": "000000ff" },
	{ "name": "thigh", "bone": "thigh_1", "color": "000000ff", "attachment": "thigh" },
	{ "name": "thigh3", "bone": "thigh_2", "color": "000000ff", "attachment": "thigh" },
	{ "name": "thigh2", "bone": "leg_1", "color": "000000ff", "attachment": "thigh" },
	{ "name": "thigh4", "bone": "leg_2", "color": "000000ff", "attachment": "thigh" },
	{ "name": "head", "bone": "head", "attachment": "head" },
	{ "name": "hair", "bone": "hair_1" },
	{ "name": "Emoji", "bone": "emoji" },
	{ "name": "feeling_3", "bone": "feeling_3", "color": "000000ff" },
	{ "name": "feeling_5", "bone": "feeling_5" },
	{ "name": "feeling_4", "bone": "feeling_4" },
	{ "name": "feeling_1", "bone": "feeling_1" },
	{ "name": "feeling_2", "bone": "feeling_2" },
	{ "name": "item_tay", "bone": "item_tay" }
],
"ik": [
	{
		"name": "foot_1",
		"bones": [ "thigh_1", "leg_1" ],
		"target": "foot_2",
		"mix": 0,
		"stretch": true
	},
	{
		"name": "foot_2",
		"order": 1,
		"bones": [ "thigh_2", "leg_2" ],
		"target": "foot_3",
		"mix": 0,
		"stretch": true
	}
],
"skins": [
	{
		"name": "default",
		"attachments": {
			"body": {
				"body": {
					"type": "mesh",
					"uvs": [ 1, 1, 0, 1, 0, 0.875, 0, 0.75, 0, 0.625, 0, 0.5, 0, 0.375, 0, 0.25, 0, 0.125, 0, 0, 1, 0, 1, 0.125, 1, 0.25, 1, 0.375, 1, 0.5, 1, 0.625, 1, 0.75, 1, 0.875 ],
					"triangles": [ 8, 9, 10, 11, 8, 10, 7, 8, 11, 12, 7, 11, 6, 7, 12, 13, 6, 12, 5, 6, 13, 14, 5, 13, 4, 5, 14, 15, 4, 14, 3, 4, 15, 16, 3, 15, 2, 3, 16, 17, 2, 16, 1, 2, 17, 0, 1, 17 ],
					"vertices": [ 1, 4, -1.7, -5.5, 1, 1, 4, -1.7, 5.5, 1, 2, 4, 25.68, 5.5, 0.70301, 5, -1.29, 5.5, 0.29699, 2, 5, 26.08, 5.5, 0.65569, 6, -0.88, 5.5, 0.34431, 2, 6, 26.49, 5.5, 0.55905, 7, -0.48, 5.5, 0.44095, 2, 7, 26.9, 5.5, 0.51367, 8, -0.07, 5.5, 0.48633, 2, 8, 27.3, 5.5, 0.41705, 9, 0.33, 5.5, 0.58295, 2, 9, 27.71, 5.5, 0.38565, 10, 0.74, 5.5, 0.61435, 2, 10, 28.11, 5.5, 0.36868, 11, 1.14, 5.5, 0.63132, 1, 11, 28.52, 5.5, 1, 1, 11, 28.52, -5.5, 1, 2, 10, 28.11, -5.5, 0.3064, 11, 1.14, -5.5, 0.6936, 2, 9, 27.71, -5.5, 0.40945, 10, 0.74, -5.5, 0.59055, 2, 8, 27.3, -5.5, 0.44404, 9, 0.33, -5.5, 0.55596, 2, 7, 26.9, -5.5, 0.52991, 8, -0.07, -5.5, 0.47009, 2, 6, 26.49, -5.5, 0.58474, 7, -0.48, -5.5, 0.41526, 2, 5, 26.08, -5.5, 0.62061, 6, -0.88, -5.5, 0.37939, 2, 4, 25.68, -5.5, 0.65664, 5, -1.29, -5.5, 0.34336 ],
					"hull": 18
				}
			},
			"Emoji": {
				"Emoji/emo_84_b": { "y": 0.5, "width": 90, "height": 91 },
				"Emoji/emo_87": { "y": 0.5, "width": 118, "height": 119 },
				"Emoji/emo_93_c": { "y": 0.5, "width": 90, "height": 73 }
			},
			"feeling_1": {
				"giat_minh": { "width": 70, "height": 66 },
				"xiu": { "x": 0.5, "width": 47, "height": 42 }
			},
			"feeling_2": {
				"cham_than": { "x": 0.5, "y": 0.5, "width": 17, "height": 57 },
				"water_mouth": { "x": -5.86, "y": -13.64, "rotation": -33.97, "width": 23, "height": 50 }
			},
			"feeling_3": {
				"mo_hoi": { "x": -18.07, "y": -0.4, "rotation": -96.51, "width": 19, "height": 41 },
				"water_mouth": { "width": 23, "height": 50 }
			},
			"feeling_5": {
				"mo_hoi": { "width": 19, "height": 41 },
				"scare": { "y": 0.5, "width": 80, "height": 83 }
			},
			"head": {
				"head": { "x": 68.85, "rotation": -89.87, "width": 144, "height": 144 },
				"head_7": { "x": 65.26, "y": -3.78, "rotation": -89.46, "width": 144, "height": 144 }
			},
			"shoulder1": {
				"shoulder": { "x": 49.22, "rotation": -90, "width": 15, "height": 105 }
			},
			"shoulder2": {
				"shoulder": { "x": 49.22, "rotation": -90, "width": 15, "height": 105 }
			},
			"shoulder3": {
				"shoulder": { "x": 49.22, "rotation": -90, "width": 15, "height": 105 }
			},
			"shoulder4": {
				"shoulder": { "x": 50.57, "rotation": -90, "width": 15, "height": 105 }
			},
			"thigh": {
				"thigh": { "x": 66.01, "rotation": -90, "width": 14, "height": 137 }
			},
			"thigh2": {
				"thigh": { "x": 66.01, "rotation": -90, "width": 14, "height": 137 }
			},
			"thigh3": {
				"thigh": { "x": 66.01, "rotation": -90, "width": 14, "height": 137 }
			},
			"thigh4": {
				"thigh": { "x": 66.01, "rotation": -90, "width": 14, "height": 137 }
			}
		}
	}
],
"animations": {
	"t_61_1_be": {
		"slots": {
			"body": {
				"rgba": [
					{ "color": "000000ff", "curve": "stepped" },
					{ "time": 0.0333, "color": "000000ff" }
				]
			},
			"Emoji": {
				"attachment": [
					{ "name": "Emoji/emo_93_c" },
					{ "time": 0.0333, "name": "Emoji/emo_93_c" }
				]
			},
			"feeling_1": {
				"attachment": [
					{ "name": "xiu" },
					{ "time": 0.0333, "name": "xiu" }
				]
			},
			"feeling_2": {
				"rgba": [
					{ "color": "ffffffff", "curve": "stepped" },
					{ "time": 0.0333, "color": "ffffffff" }
				],
				"attachment": [
					{ "name": "water_mouth" },
					{ "time": 0.0333, "name": "water_mouth" }
				]
			},
			"feeling_3": {
				"rgba": [
					{ "color": "ffffffff", "curve": "stepped" },
					{ "time": 0.0333, "color": "ffffffff" }
				],
				"attachment": [
					{ "name": "mo_hoi" },
					{ "time": 0.0333, "name": "mo_hoi" }
				]
			},
			"feeling_5": {
				"rgba": [
					{ "color": "ffffffff", "curve": "stepped" },
					{ "time": 0.0333, "color": "ffffffff" }
				],
				"attachment": [
					{ "name": "mo_hoi" },
					{ "time": 0.0333, "name": "mo_hoi" }
				]
			},
			"hair": {
				"attachment": [
					{},
					{ "time": 0.0333 }
				]
			},
			"head": {
				"rgba": [
					{ "color": "ffffffff", "curve": "stepped" },
					{ "time": 0.0333, "color": "ffffffff" }
				],
				"attachment": [
					{ "name": "head_7" },
					{ "time": 0.0333, "name": "head_7" }
				]
			},
			"shoulder1": {
				"rgba": [
					{ "color": "000000ff", "curve": "stepped" },
					{ "time": 0.0333, "color": "000000ff" }
				],
				"attachment": [
					{},
					{ "time": 0.0333 }
				]
			},
			"shoulder2": {
				"rgba": [
					{ "color": "000000ff", "curve": "stepped" },
					{ "time": 0.0333, "color": "000000ff" }
				],
				"attachment": [
					{},
					{ "time": 0.0333 }
				]
			},
			"shoulder3": {
				"rgba": [
					{ "color": "000000ff", "curve": "stepped" },
					{ "time": 0.0333, "color": "000000ff" }
				],
				"attachment": [
					{ "name": "shoulder" },
					{ "time": 0.0333, "name": "shoulder" }
				]
			},
			"shoulder4": {
				"rgba": [
					{ "color": "000000ff", "curve": "stepped" },
					{ "time": 0.0333, "color": "000000ff" }
				],
				"attachment": [
					{ "name": "shoulder" },
					{ "time": 0.0333, "name": "shoulder" }
				]
			},
			"thigh": {
				"rgba": [
					{ "color": "000000ff", "curve": "stepped" },
					{ "time": 0.0333, "color": "000000ff" }
				],
				"attachment": [
					{ "name": "thigh" },
					{ "time": 0.0333, "name": "thigh" }
				]
			},
			"thigh2": {
				"rgba": [
					{ "color": "000000ff", "curve": "stepped" },
					{ "time": 0.0333, "color": "000000ff" }
				],
				"attachment": [
					{ "name": "thigh" },
					{ "time": 0.0333, "name": "thigh" }
				]
			},
			"thigh3": {
				"rgba": [
					{ "color": "000000ff", "curve": "stepped" },
					{ "time": 0.0333, "color": "000000ff" }
				],
				"attachment": [
					{ "name": "thigh" },
					{ "time": 0.0333, "name": "thigh" }
				]
			},
			"thigh4": {
				"rgba": [
					{ "color": "000000ff", "curve": "stepped" },
					{ "time": 0.0333, "color": "000000ff" }
				],
				"attachment": [
					{ "name": "thigh" },
					{ "time": 0.0333, "name": "thigh" }
				]
			}
		},
		"bones": {
			"head": {
				"rotate": [
					{ "value": -2.58, "curve": "stepped" },
					{ "time": 0.0333, "value": -2.58 }
				],
				"translate": [
					{ "x": -7.23, "y": 5.5, "curve": "stepped" },
					{ "time": 0.0333, "x": -7.23, "y": 5.5 }
				],
				"scale": [
					{ "curve": "stepped" },
					{ "time": 0.0333 }
				]
			},
			"root": {
				"rotate": [
					{ "curve": "stepped" },
					{ "time": 0.0333 }
				],
				"translate": [
					{ "curve": "stepped" },
					{ "time": 0.0333 }
				]
			},
			"main": {
				"rotate": [
					{ "value": -0.83, "curve": "stepped" },
					{ "time": 0.0333, "value": -0.83 }
				],
				"translate": [
					{ "x": 1.14, "y": -25.41, "curve": "stepped" },
					{ "time": 0.0333, "x": 1.14, "y": -25.41 }
				]
			},
			"hip": {
				"rotate": [
					{ "curve": "stepped" },
					{ "time": 0.0333 }
				],
				"translate": [
					{ "curve": "stepped" },
					{ "time": 0.0333 }
				]
			},
			"body": {
				"rotate": [
					{ "value": 0.05, "curve": "stepped" },
					{ "time": 0.0333, "value": 0.05 }
				],
				"translate": [
					{ "curve": "stepped" },
					{ "time": 0.0333 }
				],
				"scale": [
					{ "curve": "stepped" },
					{ "time": 0.0333 }
				]
			},
			"body2": {
				"rotate": [
					{ "value": 0.05, "curve": "stepped" },
					{ "time": 0.0333, "value": 0.05 }
				],
				"translate": [
					{ "curve": "stepped" },
					{ "time": 0.0333 }
				],
				"scale": [
					{ "curve": "stepped" },
					{ "time": 0.0333 }
				]
			},
			"body3": {
				"rotate": [
					{ "value": 0.05, "curve": "stepped" },
					{ "time": 0.0333, "value": 0.05 }
				],
				"translate": [
					{ "curve": "stepped" },
					{ "time": 0.0333 }
				],
				"scale": [
					{ "curve": "stepped" },
					{ "time": 0.0333 }
				]
			},
			"body4": {
				"rotate": [
					{ "value": 0.05, "curve": "stepped" },
					{ "time": 0.0333, "value": 0.05 }
				],
				"translate": [
					{ "curve": "stepped" },
					{ "time": 0.0333 }
				],
				"scale": [
					{ "curve": "stepped" },
					{ "time": 0.0333 }
				]
			},
			"body5": {
				"rotate": [
					{ "value": 0.05, "curve": "stepped" },
					{ "time": 0.0333, "value": 0.05 }
				],
				"translate": [
					{ "x": -40.86, "y": -0.59, "curve": "stepped" },
					{ "time": 0.0333, "x": -40.86, "y": -0.59 }
				],
				"scale": [
					{ "curve": "stepped" },
					{ "time": 0.0333 }
				]
			},
			"body6": {
				"rotate": [
					{ "value": 0.05, "curve": "stepped" },
					{ "time": 0.0333, "value": 0.05 }
				],
				"translate": [
					{ "curve": "stepped" },
					{ "time": 0.0333 }
				],
				"scale": [
					{ "curve": "stepped" },
					{ "time": 0.0333 }
				]
			},
			"body7": {
				"rotate": [
					{ "value": 0.05, "curve": "stepped" },
					{ "time": 0.0333, "value": 0.05 }
				],
				"translate": [
					{ "curve": "stepped" },
					{ "time": 0.0333 }
				],
				"scale": [
					{ "curve": "stepped" },
					{ "time": 0.0333 }
				]
			},
			"body8": {
				"rotate": [
					{ "value": 0.05, "curve": "stepped" },
					{ "time": 0.0333, "value": 0.05 }
				],
				"translate": [
					{ "curve": "stepped" },
					{ "time": 0.0333 }
				],
				"scale": [
					{ "curve": "stepped" },
					{ "time": 0.0333 }
				]
			},
			"feeling_3": {
				"rotate": [
					{ "value": 8.66, "curve": "stepped" },
					{ "time": 0.0333, "value": 8.66 }
				],
				"translate": [
					{ "x": -8.36, "y": -100.29, "curve": "stepped" },
					{ "time": 0.0333, "x": -8.36, "y": -100.29 }
				],
				"scale": [
					{ "x": 0.892, "y": 0.892, "curve": "stepped" },
					{ "time": 0.0333, "x": 0.892, "y": 0.892 }
				]
			},
			"emoji": {
				"rotate": [
					{ "value": 0.01, "curve": "stepped" },
					{ "time": 0.0333, "value": 0.01 }
				],
				"translate": [
					{ "x": -13.86, "y": -3.17, "curve": "stepped" },
					{ "time": 0.0333, "x": -13.86, "y": -3.17 }
				],
				"scale": [
					{ "x": 1.135, "y": 1.135, "curve": "stepped" },
					{ "time": 0.0333, "x": 1.135, "y": 1.135 }
				]
			},
			"shouder_1": {
				"rotate": [
					{ "value": -42.42, "curve": "stepped" },
					{ "time": 0.0333, "value": -42.42 }
				],
				"translate": [
					{ "x": 19.68, "y": -2.05, "curve": "stepped" },
					{ "time": 0.0333, "x": 19.68, "y": -2.05 }
				],
				"scale": [
					{ "curve": "stepped" },
					{ "time": 0.0333 }
				]
			},
			"arm_1": {
				"rotate": [
					{ "value": -35.76, "curve": "stepped" },
					{ "time": 0.0333, "value": -35.76 }
				],
				"translate": [
					{ "x": 2.02, "y": 0.08, "curve": "stepped" },
					{ "time": 0.0333, "x": 2.02, "y": 0.08 }
				],
				"scale": [
					{ "x": 1.141, "curve": "stepped" },
					{ "time": 0.0333, "x": 1.141 }
				]
			},
			"shouder_2": {
				"rotate": [
					{ "value": 59.57, "curve": "stepped" },
					{ "time": 0.0333, "value": 59.57 }
				],
				"translate": [
					{ "x": 34.88, "y": 4.21, "curve": "stepped" },
					{ "time": 0.0333, "x": 34.88, "y": 4.21 }
				],
				"scale": [
					{ "curve": "stepped" },
					{ "time": 0.0333 }
				]
			},
			"arm_2": {
				"rotate": [
					{ "value": 26.4, "curve": "stepped" },
					{ "time": 0.0333, "value": 26.4 }
				],
				"scale": [
					{ "curve": "stepped" },
					{ "time": 0.0333 }
				]
			},
			"thigh_1": {
				"rotate": [
					{ "value": 24.72, "curve": "stepped" },
					{ "time": 0.0333, "value": 24.72 }
				],
				"translate": [
					{ "curve": "stepped" },
					{ "time": 0.0333 }
				],
				"scale": [
					{ "curve": "stepped" },
					{ "time": 0.0333 }
				]
			},
			"leg_1": {
				"rotate": [
					{ "curve": "stepped" },
					{ "time": 0.0333 }
				],
				"translate": [
					{ "curve": "stepped" },
					{ "time": 0.0333 }
				]
			},
			"thigh_2": {
				"rotate": [
					{ "value": 39.21, "curve": "stepped" },
					{ "time": 0.0333, "value": 39.21 }
				],
				"translate": [
					{ "curve": "stepped" },
					{ "time": 0.0333 }
				],
				"scale": [
					{ "curve": "stepped" },
					{ "time": 0.0333 }
				]
			},
			"leg_2": {
				"rotate": [
					{ "value": 18.14, "curve": "stepped" },
					{ "time": 0.0333, "value": 18.14 }
				],
				"translate": [
					{ "curve": "stepped" },
					{ "time": 0.0333 }
				]
			},
			"foot_2": {
				"rotate": [
					{ "curve": "stepped" },
					{ "time": 0.0333 }
				],
				"translate": [
					{ "x": 51.51, "y": -2.2, "curve": "stepped" },
					{ "time": 0.0333, "x": 51.51, "y": -2.2 }
				]
			},
			"foot_3": {
				"rotate": [
					{ "value": 2.33, "curve": "stepped" },
					{ "time": 0.0333, "value": 2.33 }
				],
				"translate": [
					{ "x": -70.06, "y": -2.77, "curve": "stepped" },
					{ "time": 0.0333, "x": -70.06, "y": -2.77 }
				]
			},
			"feeling_5": {
				"rotate": [
					{ "value": -88.46, "curve": "stepped" },
					{ "time": 0.0333, "value": -88.46 }
				],
				"translate": [
					{ "x": -58.06, "y": 79.39, "curve": "stepped" },
					{ "time": 0.0333, "x": -58.06, "y": 79.39 }
				],
				"scale": [
					{ "x": 0.325, "y": 0.325, "curve": "stepped" },
					{ "time": 0.0333, "x": 0.325, "y": 0.325 }
				],
				"shear": [
					{ "curve": "stepped" },
					{ "time": 0.0333 }
				]
			},
			"feeling_1": {
				"rotate": [
					{ "value": 34.67, "curve": "stepped" },
					{ "time": 0.0333, "value": 34.67 }
				],
				"translate": [
					{ "x": -147.37, "y": -85.32, "curve": "stepped" },
					{ "time": 0.0333, "x": -147.37, "y": -85.32 }
				],
				"scale": [
					{ "x": 1.088, "y": 1.458, "curve": "stepped" },
					{ "time": 0.0333, "x": 1.088, "y": 1.458 }
				]
			},
			"feeling_2": {
				"rotate": [
					{ "value": -12.23, "curve": "stepped" },
					{ "time": 0.0333, "value": -12.23 }
				],
				"translate": [
					{ "x": -88.85, "y": -206.84, "curve": "stepped" },
					{ "time": 0.0333, "x": -88.85, "y": -206.84 }
				],
				"scale": [
					{ "x": -1.281, "y": 1.281, "curve": "stepped" },
					{ "time": 0.0333, "x": -1.281, "y": 1.281 }
				]
			},
			"move": {
				"translate": [
					{ "x": 119.99, "y": 0.3, "curve": "stepped" },
					{ "time": 0.0333, "x": 119.99, "y": 0.3 }
				],
				"scale": [
					{ "curve": "stepped" },
					{ "time": 0.0333 }
				]
			},
			"item_1": {
				"rotate": [
					{ "value": -26.82, "curve": "stepped" },
					{ "time": 0.0333, "value": -26.82 }
				],
				"translate": [
					{ "x": 78.31, "y": 126.47, "curve": "stepped" },
					{ "time": 0.0333, "x": 78.31, "y": 126.47 }
				],
				"scale": [
					{ "x": 0.92, "y": 0.92, "curve": "stepped" },
					{ "time": 0.0333, "x": 0.92, "y": 0.92 }
				]
			},
			"hair_1": {
				"rotate": [
					{ "value": 5.28, "curve": "stepped" },
					{ "time": 0.0333, "value": 5.28 }
				],
				"translate": [
					{ "x": 104.73, "y": 603.88, "curve": "stepped" },
					{ "time": 0.0333, "x": 104.73, "y": 603.88 }
				],
				"scale": [
					{ "x": -0.811, "y": 0.811, "curve": "stepped" },
					{ "time": 0.0333, "x": -0.811, "y": 0.811 }
				]
			}
		},
		"ik": {
			"foot_1": [
				{
					"bendPositive": false,
					"stretch": true,
					"curve": [ 0.008, 1, 0.025, 1, 0.008, 0, 0.025, 0 ]
				},
				{ "time": 0.0333, "bendPositive": false, "stretch": true }
			],
			"foot_2": [
				{
					"stretch": true,
					"curve": [ 0.008, 1, 0.025, 1, 0.008, 0, 0.025, 0 ]
				},
				{ "time": 0.0333, "stretch": true }
			]
		},
		"drawOrder": [
			{
				"offsets": [
					{ "slot": "item", "offset": 14 },
					{ "slot": "shoulder2", "offset": 12 },
					{ "slot": "shoulder4", "offset": -4 },
					{ "slot": "Emoji", "offset": 5 },
					{ "slot": "feeling_3", "offset": -1 }
				]
			},
			{
				"time": 0.0333,
				"offsets": [
					{ "slot": "item", "offset": 14 },
					{ "slot": "shoulder2", "offset": 12 },
					{ "slot": "shoulder4", "offset": -4 },
					{ "slot": "Emoji", "offset": 5 },
					{ "slot": "feeling_3", "offset": -1 }
				]
			}
		]
	},
	"t_61_1_lose": {
		"slots": {
			"body": {
				"rgba": [
					{ "color": "000000ff", "curve": "stepped" },
					{ "time": 0.7333, "color": "000000ff" }
				]
			},
			"Emoji": {
				"attachment": [
					{ "name": "Emoji/emo_87" },
					{ "time": 0.7333, "name": "Emoji/emo_87" }
				]
			},
			"feeling_1": {
				"attachment": [
					{ "name": "giat_minh" },
					{ "time": 0.7333, "name": "giat_minh" }
				]
			},
			"feeling_2": {
				"rgba": [
					{ "color": "ffffffff", "curve": "stepped" },
					{ "time": 0.7333, "color": "ffffffff" }
				],
				"attachment": [
					{ "name": "cham_than" },
					{ "time": 0.7333, "name": "cham_than" }
				]
			},
			"feeling_3": {
				"rgba": [
					{ "color": "ffffffff", "curve": "stepped" },
					{ "time": 0.7333, "color": "ffffffff" }
				],
				"attachment": [
					{ "name": "mo_hoi" },
					{ "time": 0.7333, "name": "mo_hoi" }
				]
			},
			"feeling_5": {
				"rgba": [
					{ "color": "ffffffff", "curve": "stepped" },
					{ "time": 0.7333, "color": "ffffffff" }
				],
				"attachment": [
					{ "name": "scare" },
					{ "time": 0.7333, "name": "scare" }
				]
			},
			"hair": {
				"attachment": [
					{},
					{ "time": 0.7333 }
				]
			},
			"head": {
				"rgba": [
					{ "color": "ffffffff", "curve": "stepped" },
					{ "time": 0.7333, "color": "ffffffff" }
				],
				"attachment": [
					{ "name": "head_7" },
					{ "time": 0.7333, "name": "head_7" }
				]
			},
			"shoulder1": {
				"rgba": [
					{ "color": "000000ff", "curve": "stepped" },
					{ "time": 0.7333, "color": "000000ff" }
				],
				"attachment": [
					{ "name": "shoulder" },
					{ "time": 0.7333, "name": "shoulder" }
				]
			},
			"shoulder2": {
				"rgba": [
					{ "color": "000000ff", "curve": "stepped" },
					{ "time": 0.7333, "color": "000000ff" }
				],
				"attachment": [
					{ "name": "shoulder" },
					{ "time": 0.7333, "name": "shoulder" }
				]
			},
			"shoulder3": {
				"rgba": [
					{ "color": "000000ff", "curve": "stepped" },
					{ "time": 0.7333, "color": "000000ff" }
				],
				"attachment": [
					{ "name": "shoulder" },
					{ "time": 0.7333, "name": "shoulder" }
				]
			},
			"shoulder4": {
				"rgba": [
					{ "color": "000000ff", "curve": "stepped" },
					{ "time": 0.7333, "color": "000000ff" }
				],
				"attachment": [
					{ "name": "shoulder" },
					{ "time": 0.7333, "name": "shoulder" }
				]
			},
			"thigh": {
				"rgba": [
					{ "color": "000000ff", "curve": "stepped" },
					{ "time": 0.7333, "color": "000000ff" }
				],
				"attachment": [
					{ "name": "thigh" },
					{ "time": 0.7333, "name": "thigh" }
				]
			},
			"thigh2": {
				"rgba": [
					{ "color": "000000ff", "curve": "stepped" },
					{ "time": 0.7333, "color": "000000ff" }
				],
				"attachment": [
					{ "name": "thigh" },
					{ "time": 0.7333, "name": "thigh" }
				]
			},
			"thigh3": {
				"rgba": [
					{ "color": "000000ff", "curve": "stepped" },
					{ "time": 0.7333, "color": "000000ff" }
				],
				"attachment": [
					{ "name": "thigh" },
					{ "time": 0.7333, "name": "thigh" }
				]
			},
			"thigh4": {
				"rgba": [
					{ "color": "000000ff", "curve": "stepped" },
					{ "time": 0.7333, "color": "000000ff" }
				],
				"attachment": [
					{ "name": "thigh" },
					{ "time": 0.7333, "name": "thigh" }
				]
			}
		},
		"bones": {
			"head": {
				"rotate": [
					{ "value": -2.58, "curve": "stepped" },
					{ "time": 0.7333, "value": -2.58 }
				],
				"translate": [
					{ "x": -7.23, "y": 5.5, "curve": "stepped" },
					{ "time": 0.7333, "x": -7.23, "y": 5.5 }
				],
				"scale": [
					{ "curve": "stepped" },
					{ "time": 0.7333 }
				]
			},
			"root": {
				"rotate": [
					{ "curve": "stepped" },
					{ "time": 0.7333 }
				],
				"translate": [
					{ "curve": "stepped" },
					{ "time": 0.7333 }
				]
			},
			"main": {
				"rotate": [
					{ "value": -0.83, "curve": "stepped" },
					{ "time": 0.7333, "value": -0.83 }
				],
				"translate": [
					{ "x": 1.06, "y": -2.81, "curve": "stepped" },
					{ "time": 0.7333, "x": 1.06, "y": -2.81 }
				]
			},
			"hip": {
				"rotate": [
					{ "curve": "stepped" },
					{ "time": 0.7333 }
				],
				"translate": [
					{ "curve": "stepped" },
					{ "time": 0.7333 }
				]
			},
			"body": {
				"rotate": [
					{ "value": 0.05, "curve": "stepped" },
					{ "time": 0.7333, "value": 0.05 }
				],
				"translate": [
					{ "curve": "stepped" },
					{ "time": 0.7333 }
				],
				"scale": [
					{ "curve": "stepped" },
					{ "time": 0.7333 }
				]
			},
			"body2": {
				"rotate": [
					{ "value": 0.05, "curve": "stepped" },
					{ "time": 0.7333, "value": 0.05 }
				],
				"translate": [
					{ "curve": "stepped" },
					{ "time": 0.7333 }
				],
				"scale": [
					{ "curve": "stepped" },
					{ "time": 0.7333 }
				]
			},
			"body3": {
				"rotate": [
					{ "value": 0.05, "curve": "stepped" },
					{ "time": 0.7333, "value": 0.05 }
				],
				"translate": [
					{ "curve": "stepped" },
					{ "time": 0.7333 }
				],
				"scale": [
					{ "curve": "stepped" },
					{ "time": 0.7333 }
				]
			},
			"body4": {
				"rotate": [
					{ "value": 0.05, "curve": "stepped" },
					{ "time": 0.7333, "value": 0.05 }
				],
				"translate": [
					{ "curve": "stepped" },
					{ "time": 0.7333 }
				],
				"scale": [
					{ "curve": "stepped" },
					{ "time": 0.7333 }
				]
			},
			"body5": {
				"rotate": [
					{ "value": 0.05, "curve": "stepped" },
					{ "time": 0.7333, "value": 0.05 }
				],
				"translate": [
					{ "x": -40.86, "y": -0.59, "curve": "stepped" },
					{ "time": 0.7333, "x": -40.86, "y": -0.59 }
				],
				"scale": [
					{ "curve": "stepped" },
					{ "time": 0.7333 }
				]
			},
			"body6": {
				"rotate": [
					{ "value": 0.05, "curve": "stepped" },
					{ "time": 0.7333, "value": 0.05 }
				],
				"translate": [
					{ "curve": "stepped" },
					{ "time": 0.7333 }
				],
				"scale": [
					{ "curve": "stepped" },
					{ "time": 0.7333 }
				]
			},
			"body7": {
				"rotate": [
					{ "value": 0.05, "curve": "stepped" },
					{ "time": 0.7333, "value": 0.05 }
				],
				"translate": [
					{ "curve": "stepped" },
					{ "time": 0.7333 }
				],
				"scale": [
					{ "curve": "stepped" },
					{ "time": 0.7333 }
				]
			},
			"body8": {
				"rotate": [
					{ "value": 0.05, "curve": "stepped" },
					{ "time": 0.7333, "value": 0.05 }
				],
				"translate": [
					{ "curve": "stepped" },
					{ "time": 0.7333 }
				],
				"scale": [
					{ "curve": "stepped" },
					{ "time": 0.7333 }
				]
			},
			"feeling_3": {
				"rotate": [
					{ "value": -33.35, "curve": "stepped" },
					{ "time": 0.7333, "value": -33.35 }
				],
				"translate": [
					{ "x": -29.99, "y": 39.65, "curve": "stepped" },
					{ "time": 0.7333, "x": -29.99, "y": 39.65 }
				],
				"scale": [
					{ "x": 0.867, "y": 0.867, "curve": "stepped" },
					{ "time": 0.7333, "x": 0.867, "y": 0.867 }
				]
			},
			"emoji": {
				"rotate": [
					{ "value": 4.61, "curve": "stepped" },
					{ "time": 0.7333, "value": 4.61 }
				],
				"translate": [
					{ "x": 3.17, "y": -5.39, "curve": "stepped" },
					{ "time": 0.7333, "x": 3.17, "y": -5.39 }
				],
				"scale": [
					{ "x": 1.072, "y": 1.072, "curve": "stepped" },
					{ "time": 0.7333, "x": 1.072, "y": 1.072 }
				]
			},
			"shouder_1": {
				"rotate": [
					{ "value": -42.86, "curve": "stepped" },
					{ "time": 0.7333, "value": -42.86 }
				],
				"translate": [
					{ "x": 40.78, "y": -1.8, "curve": "stepped" },
					{ "time": 0.7333, "x": 40.78, "y": -1.8 }
				],
				"scale": [
					{ "curve": "stepped" },
					{ "time": 0.7333 }
				]
			},
			"arm_1": {
				"rotate": [
					{ "value": -21.91, "curve": "stepped" },
					{ "time": 0.7333, "value": -21.91 }
				],
				"translate": [
					{ "x": 2.02, "y": 0.08, "curve": "stepped" },
					{ "time": 0.7333, "x": 2.02, "y": 0.08 }
				],
				"scale": [
					{ "curve": "stepped" },
					{ "time": 0.7333 }
				]
			},
			"shouder_2": {
				"rotate": [
					{ "value": 30.39, "curve": "stepped" },
					{ "time": 0.7333, "value": 30.39 }
				],
				"translate": [
					{ "x": 34.88, "y": 4.21, "curve": "stepped" },
					{ "time": 0.7333, "x": 34.88, "y": 4.21 }
				],
				"scale": [
					{ "curve": "stepped" },
					{ "time": 0.7333 }
				]
			},
			"arm_2": {
				"rotate": [
					{ "value": 29.6, "curve": "stepped" },
					{ "time": 0.7333, "value": 29.6 }
				],
				"scale": [
					{ "curve": "stepped" },
					{ "time": 0.7333 }
				]
			},
			"thigh_1": {
				"rotate": [
					{ "value": 24.72, "curve": "stepped" },
					{ "time": 0.7333, "value": 24.72 }
				],
				"translate": [
					{ "curve": "stepped" },
					{ "time": 0.7333 }
				],
				"scale": [
					{ "curve": "stepped" },
					{ "time": 0.7333 }
				]
			},
			"leg_1": {
				"rotate": [
					{ "curve": "stepped" },
					{ "time": 0.7333 }
				],
				"translate": [
					{ "curve": "stepped" },
					{ "time": 0.7333 }
				]
			},
			"thigh_2": {
				"rotate": [
					{ "value": 39.21, "curve": "stepped" },
					{ "time": 0.7333, "value": 39.21 }
				],
				"translate": [
					{ "curve": "stepped" },
					{ "time": 0.7333 }
				],
				"scale": [
					{ "curve": "stepped" },
					{ "time": 0.7333 }
				]
			},
			"leg_2": {
				"rotate": [
					{ "value": 18.14, "curve": "stepped" },
					{ "time": 0.7333, "value": 18.14 }
				],
				"translate": [
					{ "curve": "stepped" },
					{ "time": 0.7333 }
				]
			},
			"foot_2": {
				"rotate": [
					{ "curve": "stepped" },
					{ "time": 0.7333 }
				],
				"translate": [
					{ "x": 51.51, "y": -2.2, "curve": "stepped" },
					{ "time": 0.7333, "x": 51.51, "y": -2.2 }
				]
			},
			"foot_3": {
				"rotate": [
					{ "value": 2.33, "curve": "stepped" },
					{ "time": 0.7333, "value": 2.33 }
				],
				"translate": [
					{ "x": -70.06, "y": -2.77, "curve": "stepped" },
					{ "time": 0.7333, "x": -70.06, "y": -2.77 }
				]
			},
			"feeling_5": {
				"rotate": [
					{ "value": -170.46, "curve": "stepped" },
					{ "time": 0.7333, "value": -170.46 }
				],
				"translate": [
					{ "x": 48.61, "y": -111.29, "curve": "stepped" },
					{ "time": 0.7333, "x": 48.61, "y": -111.29 }
				],
				"scale": [
					{ "x": 0.664, "y": 0.664 },
					{ "time": 0.1333, "x": 1.67, "y": 1.67 },
					{ "time": 0.2667, "x": 0.664, "y": 0.664, "curve": "stepped" },
					{ "time": 0.3667, "x": 0.664, "y": 0.664 },
					{ "time": 0.5, "x": 1.67, "y": 1.67 },
					{ "time": 0.6333, "x": 0.664, "y": 0.664, "curve": "stepped" },
					{ "time": 0.7333, "x": 0.664, "y": 0.664 }
				],
				"shear": [
					{ "curve": "stepped" },
					{ "time": 0.7333 }
				]
			},
			"feeling_1": {
				"rotate": [
					{ "value": 60.77, "curve": "stepped" },
					{ "time": 0.7333, "value": 60.77 }
				],
				"translate": [
					{ "x": -52.84, "y": -47.31, "curve": "stepped" },
					{ "time": 0.7333, "x": -52.84, "y": -47.31 }
				],
				"scale": [
					{ "x": 1.007, "y": 1.35, "curve": "stepped" },
					{ "time": 0.7333, "x": 1.007, "y": 1.35 }
				]
			},
			"feeling_2": {
				"rotate": [
					{ "value": 45.7, "curve": "stepped" },
					{ "time": 0.7333, "value": 45.7 }
				],
				"translate": [
					{ "x": -165.62, "y": -56.44, "curve": "stepped" },
					{ "time": 0.7333, "x": -165.62, "y": -56.44 }
				],
				"scale": [
					{ "x": -1.677, "y": 1.677, "curve": "stepped" },
					{ "time": 0.7333, "x": -1.677, "y": 1.677 }
				]
			},
			"move": {
				"translate": [
					{ "x": 119.99, "y": 0.3, "curve": "stepped" },
					{ "time": 0.7333, "x": 119.99, "y": 0.3 }
				],
				"scale": [
					{ "curve": "stepped" },
					{ "time": 0.7333 }
				]
			},
			"item_1": {
				"rotate": [
					{ "value": -26.82, "curve": "stepped" },
					{ "time": 0.7333, "value": -26.82 }
				],
				"translate": [
					{ "x": 78.31, "y": 126.47, "curve": "stepped" },
					{ "time": 0.7333, "x": 78.31, "y": 126.47 }
				],
				"scale": [
					{ "x": 0.92, "y": 0.92, "curve": "stepped" },
					{ "time": 0.7333, "x": 0.92, "y": 0.92 }
				]
			},
			"hair_1": {
				"rotate": [
					{ "value": 5.28, "curve": "stepped" },
					{ "time": 0.7333, "value": 5.28 }
				],
				"translate": [
					{ "x": 104.73, "y": 603.88, "curve": "stepped" },
					{ "time": 0.7333, "x": 104.73, "y": 603.88 }
				],
				"scale": [
					{ "x": -0.811, "y": 0.811, "curve": "stepped" },
					{ "time": 0.7333, "x": -0.811, "y": 0.811 }
				]
			}
		},
		"ik": {
			"foot_1": [
				{
					"bendPositive": false,
					"stretch": true,
					"curve": [ 0.183, 1, 0.55, 1, 0.183, 0, 0.55, 0 ]
				},
				{ "time": 0.7333, "bendPositive": false, "stretch": true }
			],
			"foot_2": [
				{
					"stretch": true,
					"curve": [ 0.183, 1, 0.55, 1, 0.183, 0, 0.55, 0 ]
				},
				{ "time": 0.7333, "stretch": true }
			]
		},
		"drawOrder": [
			{
				"offsets": [
					{ "slot": "item", "offset": 14 },
					{ "slot": "shoulder2", "offset": 12 },
					{ "slot": "shoulder4", "offset": -4 },
					{ "slot": "Emoji", "offset": 5 },
					{ "slot": "feeling_3", "offset": -1 }
				]
			},
			{
				"time": 0.7333,
				"offsets": [
					{ "slot": "item", "offset": 14 },
					{ "slot": "shoulder2", "offset": 12 },
					{ "slot": "shoulder4", "offset": -4 },
					{ "slot": "Emoji", "offset": 5 },
					{ "slot": "feeling_3", "offset": -1 }
				]
			}
		]
	},
	"t_61_1_win": {
		"slots": {
			"body": {
				"rgba": [
					{ "color": "000000ff", "curve": "stepped" },
					{ "time": 0.0333, "color": "000000ff" }
				]
			},
			"Emoji": {
				"attachment": [
					{ "name": "Emoji/emo_84_b" },
					{ "time": 0.0333, "name": "Emoji/emo_84_b" }
				]
			},
			"feeling_1": {
				"attachment": [
					{},
					{ "time": 0.0333 }
				]
			},
			"feeling_2": {
				"rgba": [
					{ "color": "ffffffff", "curve": "stepped" },
					{ "time": 0.0333, "color": "ffffffff" }
				],
				"attachment": [
					{},
					{ "time": 0.0333 }
				]
			},
			"feeling_3": {
				"rgba": [
					{ "color": "ffffffff", "curve": "stepped" },
					{ "time": 0.0333, "color": "ffffffff" }
				],
				"attachment": [
					{ "name": "water_mouth" },
					{ "time": 0.0333, "name": "water_mouth" }
				]
			},
			"feeling_5": {
				"rgba": [
					{ "color": "ffffffff", "curve": "stepped" },
					{ "time": 0.0333, "color": "ffffffff" }
				],
				"attachment": [
					{},
					{ "time": 0.0333 }
				]
			},
			"hair": {
				"attachment": [
					{},
					{ "time": 0.0333 }
				]
			},
			"head": {
				"rgba": [
					{ "color": "ffffffff", "curve": "stepped" },
					{ "time": 0.0333, "color": "ffffffff" }
				],
				"attachment": [
					{ "name": "head" },
					{ "time": 0.0333, "name": "head" }
				]
			},
			"shoulder1": {
				"rgba": [
					{ "color": "000000ff", "curve": "stepped" },
					{ "time": 0.0333, "color": "000000ff" }
				],
				"attachment": [
					{ "name": "shoulder" },
					{ "time": 0.0333, "name": "shoulder" }
				]
			},
			"shoulder2": {
				"rgba": [
					{ "color": "000000ff", "curve": "stepped" },
					{ "time": 0.0333, "color": "000000ff" }
				],
				"attachment": [
					{ "name": "shoulder" },
					{ "time": 0.0333, "name": "shoulder" }
				]
			},
			"shoulder3": {
				"rgba": [
					{ "color": "000000ff", "curve": "stepped" },
					{ "time": 0.0333, "color": "000000ff" }
				],
				"attachment": [
					{ "name": "shoulder" },
					{ "time": 0.0333, "name": "shoulder" }
				]
			},
			"shoulder4": {
				"rgba": [
					{ "color": "000000ff", "curve": "stepped" },
					{ "time": 0.0333, "color": "000000ff" }
				],
				"attachment": [
					{ "name": "shoulder" },
					{ "time": 0.0333, "name": "shoulder" }
				]
			},
			"thigh": {
				"rgba": [
					{ "color": "000000ff", "curve": "stepped" },
					{ "time": 0.0333, "color": "000000ff" }
				],
				"attachment": [
					{ "name": "thigh" },
					{ "time": 0.0333, "name": "thigh" }
				]
			},
			"thigh2": {
				"rgba": [
					{ "color": "000000ff", "curve": "stepped" },
					{ "time": 0.0333, "color": "000000ff" }
				],
				"attachment": [
					{ "name": "thigh" },
					{ "time": 0.0333, "name": "thigh" }
				]
			},
			"thigh3": {
				"rgba": [
					{ "color": "000000ff", "curve": "stepped" },
					{ "time": 0.0333, "color": "000000ff" }
				],
				"attachment": [
					{ "name": "thigh" },
					{ "time": 0.0333, "name": "thigh" }
				]
			},
			"thigh4": {
				"rgba": [
					{ "color": "000000ff", "curve": "stepped" },
					{ "time": 0.0333, "color": "000000ff" }
				],
				"attachment": [
					{ "name": "thigh" },
					{ "time": 0.0333, "name": "thigh" }
				]
			}
		},
		"bones": {
			"head": {
				"rotate": [
					{ "value": 7.31, "curve": "stepped" },
					{ "time": 0.0333, "value": 7.31 }
				],
				"translate": [
					{ "x": -2.11, "y": -15.79, "curve": "stepped" },
					{ "time": 0.0333, "x": -2.11, "y": -15.79 }
				],
				"scale": [
					{ "curve": "stepped" },
					{ "time": 0.0333 }
				]
			},
			"root": {
				"rotate": [
					{ "curve": "stepped" },
					{ "time": 0.0333 }
				],
				"translate": [
					{ "curve": "stepped" },
					{ "time": 0.0333 }
				]
			},
			"main": {
				"rotate": [
					{ "value": 0.3, "curve": "stepped" },
					{ "time": 0.0333, "value": 0.3 }
				],
				"translate": [
					{ "x": 1.12, "y": -19.46, "curve": "stepped" },
					{ "time": 0.0333, "x": 1.12, "y": -19.46 }
				]
			},
			"hip": {
				"rotate": [
					{ "curve": "stepped" },
					{ "time": 0.0333 }
				],
				"translate": [
					{ "curve": "stepped" },
					{ "time": 0.0333 }
				]
			},
			"body": {
				"rotate": [
					{ "value": 1.9, "curve": "stepped" },
					{ "time": 0.0333, "value": 1.9 }
				],
				"scale": [
					{ "curve": "stepped" },
					{ "time": 0.0333 }
				]
			},
			"body2": {
				"rotate": [
					{ "value": 1.9, "curve": "stepped" },
					{ "time": 0.0333, "value": 1.9 }
				],
				"scale": [
					{ "curve": "stepped" },
					{ "time": 0.0333 }
				]
			},
			"body3": {
				"rotate": [
					{ "value": 1.9, "curve": "stepped" },
					{ "time": 0.0333, "value": 1.9 }
				],
				"scale": [
					{ "curve": "stepped" },
					{ "time": 0.0333 }
				]
			},
			"body4": {
				"rotate": [
					{ "value": 1.9, "curve": "stepped" },
					{ "time": 0.0333, "value": 1.9 }
				],
				"scale": [
					{ "curve": "stepped" },
					{ "time": 0.0333 }
				]
			},
			"body5": {
				"rotate": [
					{ "value": 1.9, "curve": "stepped" },
					{ "time": 0.0333, "value": 1.9 }
				],
				"scale": [
					{ "curve": "stepped" },
					{ "time": 0.0333 }
				]
			},
			"body6": {
				"rotate": [
					{ "value": 1.9, "curve": "stepped" },
					{ "time": 0.0333, "value": 1.9 }
				],
				"scale": [
					{ "curve": "stepped" },
					{ "time": 0.0333 }
				]
			},
			"body7": {
				"rotate": [
					{ "value": 1.9, "curve": "stepped" },
					{ "time": 0.0333, "value": 1.9 }
				],
				"scale": [
					{ "curve": "stepped" },
					{ "time": 0.0333 }
				]
			},
			"body8": {
				"rotate": [
					{ "value": 1.9, "curve": "stepped" },
					{ "time": 0.0333, "value": 1.9 }
				],
				"scale": [
					{ "curve": "stepped" },
					{ "time": 0.0333 }
				]
			},
			"feeling_3": {
				"rotate": [
					{ "value": -112.18, "curve": "stepped" },
					{ "time": 0.0333, "value": -112.18 }
				],
				"translate": [
					{ "x": -88.3, "y": -46.2, "curve": "stepped" },
					{ "time": 0.0333, "x": -88.3, "y": -46.2 }
				],
				"scale": [
					{ "x": 1.421, "y": 1.37, "curve": "stepped" },
					{ "time": 0.0333, "x": 1.421, "y": 1.37 }
				]
			},
			"emoji": {
				"rotate": [
					{ "value": -1.25, "curve": "stepped" },
					{ "time": 0.0333, "value": -1.25 }
				],
				"translate": [
					{ "x": 5.96, "y": -12.38, "curve": "stepped" },
					{ "time": 0.0333, "x": 5.96, "y": -12.38 }
				],
				"scale": [
					{ "x": 1.173, "y": 1.173, "curve": "stepped" },
					{ "time": 0.0333, "x": 1.173, "y": 1.173 }
				]
			},
			"shouder_1": {
				"rotate": [
					{ "value": -133.02, "curve": "stepped" },
					{ "time": 0.0333, "value": -133.02 }
				],
				"translate": [
					{ "x": 28.7, "y": 3.5, "curve": "stepped" },
					{ "time": 0.0333, "x": 28.7, "y": 3.5 }
				],
				"scale": [
					{ "curve": "stepped" },
					{ "time": 0.0333 }
				]
			},
			"arm_1": {
				"rotate": [
					{ "value": -92.98, "curve": "stepped" },
					{ "time": 0.0333, "value": -92.98 }
				],
				"translate": [
					{ "x": 2.02, "y": 0.08, "curve": "stepped" },
					{ "time": 0.0333, "x": 2.02, "y": 0.08 }
				],
				"scale": [
					{ "curve": "stepped" },
					{ "time": 0.0333 }
				]
			},
			"shouder_2": {
				"rotate": [
					{ "value": 148.37, "curve": "stepped" },
					{ "time": 0.0333, "value": 148.37 }
				],
				"translate": [
					{ "x": 28.82, "y": -1.13, "curve": "stepped" },
					{ "time": 0.0333, "x": 28.82, "y": -1.13 }
				],
				"scale": [
					{ "curve": "stepped" },
					{ "time": 0.0333 }
				]
			},
			"arm_2": {
				"rotate": [
					{ "value": 92.58, "curve": "stepped" },
					{ "time": 0.0333, "value": 92.58 }
				],
				"scale": [
					{ "curve": "stepped" },
					{ "time": 0.0333 }
				]
			},
			"thigh_1": {
				"rotate": [
					{ "value": 24.72, "curve": "stepped" },
					{ "time": 0.0333, "value": 24.72 }
				],
				"translate": [
					{ "curve": "stepped" },
					{ "time": 0.0333 }
				],
				"scale": [
					{ "curve": "stepped" },
					{ "time": 0.0333 }
				]
			},
			"leg_1": {
				"rotate": [
					{ "curve": "stepped" },
					{ "time": 0.0333 }
				],
				"translate": [
					{ "curve": "stepped" },
					{ "time": 0.0333 }
				]
			},
			"thigh_2": {
				"rotate": [
					{ "value": 39.21, "curve": "stepped" },
					{ "time": 0.0333, "value": 39.21 }
				],
				"translate": [
					{ "curve": "stepped" },
					{ "time": 0.0333 }
				],
				"scale": [
					{ "curve": "stepped" },
					{ "time": 0.0333 }
				]
			},
			"leg_2": {
				"rotate": [
					{ "value": 18.14, "curve": "stepped" },
					{ "time": 0.0333, "value": 18.14 }
				],
				"translate": [
					{ "curve": "stepped" },
					{ "time": 0.0333 }
				]
			},
			"foot_2": {
				"rotate": [
					{ "curve": "stepped" },
					{ "time": 0.0333 }
				],
				"translate": [
					{ "x": 51.51, "y": -2.2, "curve": "stepped" },
					{ "time": 0.0333, "x": 51.51, "y": -2.2 }
				]
			},
			"foot_3": {
				"rotate": [
					{ "value": 2.33, "curve": "stepped" },
					{ "time": 0.0333, "value": 2.33 }
				],
				"translate": [
					{ "x": -70.06, "y": -2.77, "curve": "stepped" },
					{ "time": 0.0333, "x": -70.06, "y": -2.77 }
				]
			},
			"feeling_5": {
				"rotate": [
					{ "value": -88.46, "curve": "stepped" },
					{ "time": 0.0333, "value": -88.46 }
				],
				"translate": [
					{ "x": -1.64, "y": 214.84, "curve": "stepped" },
					{ "time": 0.0333, "x": -1.64, "y": 214.84 }
				],
				"scale": [
					{ "x": 0.325, "y": 0.325, "curve": "stepped" },
					{ "time": 0.0333, "x": 0.325, "y": 0.325 }
				],
				"shear": [
					{ "curve": "stepped" },
					{ "time": 0.0333 }
				]
			},
			"feeling_1": {
				"rotate": [
					{ "value": 27.07, "curve": "stepped" },
					{ "time": 0.0333, "value": 27.07 }
				],
				"translate": [
					{ "x": -198.36, "y": -6.33, "curve": "stepped" },
					{ "time": 0.0333, "x": -198.36, "y": -6.33 }
				],
				"scale": [
					{ "x": -1.654, "y": 1.654, "curve": "stepped" },
					{ "time": 0.0333, "x": -1.654, "y": 1.654 }
				]
			},
			"feeling_2": {
				"rotate": [
					{ "value": -12.23, "curve": "stepped" },
					{ "time": 0.0333, "value": -12.23 }
				],
				"translate": [
					{ "x": -88.85, "y": -206.84, "curve": "stepped" },
					{ "time": 0.0333, "x": -88.85, "y": -206.84 }
				],
				"scale": [
					{ "x": -1.281, "y": 1.281, "curve": "stepped" },
					{ "time": 0.0333, "x": -1.281, "y": 1.281 }
				]
			},
			"move": {
				"translate": [
					{ "x": 119.99, "y": 0.3, "curve": "stepped" },
					{ "time": 0.0333, "x": 119.99, "y": 0.3 }
				],
				"scale": [
					{ "curve": "stepped" },
					{ "time": 0.0333 }
				]
			},
			"item_1": {
				"rotate": [
					{ "value": -26.82, "curve": "stepped" },
					{ "time": 0.0333, "value": -26.82 }
				],
				"translate": [
					{ "x": 78.31, "y": 126.47, "curve": "stepped" },
					{ "time": 0.0333, "x": 78.31, "y": 126.47 }
				],
				"scale": [
					{ "x": 0.92, "y": 0.92, "curve": "stepped" },
					{ "time": 0.0333, "x": 0.92, "y": 0.92 }
				]
			},
			"hair_1": {
				"rotate": [
					{ "value": 5.28, "curve": "stepped" },
					{ "time": 0.0333, "value": 5.28 }
				],
				"translate": [
					{ "x": 104.73, "y": 603.88, "curve": "stepped" },
					{ "time": 0.0333, "x": 104.73, "y": 603.88 }
				],
				"scale": [
					{ "x": -0.811, "y": 0.811, "curve": "stepped" },
					{ "time": 0.0333, "x": -0.811, "y": 0.811 }
				]
			}
		},
		"ik": {
			"foot_1": [
				{
					"bendPositive": false,
					"stretch": true,
					"curve": [ 0.008, 1, 0.025, 1, 0.008, 0, 0.025, 0 ]
				},
				{ "time": 0.0333, "bendPositive": false, "stretch": true }
			],
			"foot_2": [
				{
					"bendPositive": false,
					"stretch": true,
					"curve": [ 0.008, 1, 0.025, 1, 0.008, 0, 0.025, 0 ]
				},
				{ "time": 0.0333, "bendPositive": false, "stretch": true }
			]
		},
		"drawOrder": [
			{
				"offsets": [
					{ "slot": "item", "offset": 14 },
					{ "slot": "shoulder2", "offset": 12 },
					{ "slot": "shoulder4", "offset": -4 },
					{ "slot": "Emoji", "offset": 5 },
					{ "slot": "feeling_3", "offset": -1 }
				]
			},
			{
				"time": 0.0333,
				"offsets": [
					{ "slot": "item", "offset": 14 },
					{ "slot": "shoulder2", "offset": 12 },
					{ "slot": "shoulder4", "offset": -4 },
					{ "slot": "Emoji", "offset": 5 },
					{ "slot": "feeling_3", "offset": -1 }
				]
			}
		]
	}
}
}