{"frames": [

{
	"filename": "ban_lam_viec_cua_sep",
	"frame": {"x":53,"y":1,"w":557,"h":227},
	"rotated": false,
	"trimmed": true,
	"spriteSourceSize": {"x":0,"y":207,"w":557,"h":227},
	"sourceSize": {"w":557,"h":434}
},
{
	"filename": "bg 1",
	"frame": {"x":1,"y":1,"w":51,"h":1149},
	"rotated": false,
	"trimmed": false,
	"spriteSourceSize": {"x":0,"y":0,"w":51,"h":1149},
	"sourceSize": {"w":51,"h":1149}
},
{
	"filename": "chau_cay",
	"frame": {"x":669,"y":782,"w":177,"h":320},
	"rotated": false,
	"trimmed": true,
	"spriteSourceSize": {"x":7,"y":7,"w":177,"h":320},
	"sourceSize": {"w":191,"h":334}
},
{
	"filename": "chau_cay_hot",
	"frame": {"x":669,"y":448,"w":191,"h":333},
	"rotated": false,
	"trimmed": true,
	"spriteSourceSize": {"x":0,"y":1,"w":191,"h":333},
	"sourceSize": {"w":191,"h":334}
},
{
	"filename": "cho_be",
	"frame": {"x":611,"y":1,"w":283,"h":129},
	"rotated": false,
	"trimmed": false,
	"spriteSourceSize": {"x":0,"y":0,"w":283,"h":129},
	"sourceSize": {"w":283,"h":129}
},
{
	"filename": "cho_sua",
	"frame": {"x":555,"y":229,"w":351,"h":218},
	"rotated": false,
	"trimmed": false,
	"spriteSourceSize": {"x":0,"y":0,"w":351,"h":218},
	"sourceSize": {"w":351,"h":218}
},
{
	"filename": "coc_cafe_bi_do",
	"frame": {"x":368,"y":1079,"w":54,"h":71},
	"rotated": false,
	"trimmed": false,
	"spriteSourceSize": {"x":0,"y":0,"w":54,"h":71},
	"sourceSize": {"w":54,"h":71}
},
{
	"filename": "coc_cafe_bt",
	"frame": {"x":555,"y":448,"w":67,"h":70},
	"rotated": false,
	"trimmed": false,
	"spriteSourceSize": {"x":0,"y":0,"w":67,"h":70},
	"sourceSize": {"w":67,"h":70}
},
{
	"filename": "cua_so_dong",
	"frame": {"x":368,"y":716,"w":300,"h":362},
	"rotated": false,
	"trimmed": true,
	"spriteSourceSize": {"x":7,"y":7,"w":300,"h":362},
	"sourceSize": {"w":314,"h":376}
},
{
	"filename": "cua_so_dong_hot",
	"frame": {"x":53,"y":729,"w":314,"h":376},
	"rotated": false,
	"trimmed": false,
	"spriteSourceSize": {"x":0,"y":0,"w":314,"h":376},
	"sourceSize": {"w":314,"h":376}
},
{
	"filename": "tu_dung_tai_lieu",
	"frame": {"x":311,"y":229,"w":243,"h":486},
	"rotated": false,
	"trimmed": true,
	"spriteSourceSize": {"x":7,"y":7,"w":243,"h":486},
	"sourceSize": {"w":257,"h":500}
},
{
	"filename": "tu_dung_tai_lieu_hot",
	"frame": {"x":53,"y":229,"w":257,"h":499},
	"rotated": false,
	"trimmed": true,
	"spriteSourceSize": {"x":0,"y":0,"w":257,"h":499},
	"sourceSize": {"w":257,"h":500}
},
{
	"filename": "vet_cafe_do",
	"frame": {"x":611,"y":131,"w":135,"h":63},
	"rotated": false,
	"trimmed": false,
	"spriteSourceSize": {"x":0,"y":0,"w":135,"h":63},
	"sourceSize": {"w":135,"h":63}
}],
"meta": {
	"app": "https://www.codeandweb.com/texturepacker",
	"version": "1.0",
	"image": "props.png",
	"format": "RGBA8888",
	"size": {"w":907,"h":1151},
	"scale": "1",
	"smartupdate": "$TexturePacker:SmartUpdate:c2efd82c4ce4e6d1784e49022fe2a5ad:cedcf9db4e653123246298457c440e02:f4c39b94f5b79b4c461da96ae5609d50$"
}
}
