{"model":{"version":3,"nodes":[{"name":"RootNode","position":[0,0,0],"rotation":[0,0,0],"scale":[0.0254,0.0254,0.0254],"scaleCompensation":false},{"name":"2.013","position":[216.507,2345.5,20.926],"rotation":[-90,-14.7881,-2.03225e-06],"scale":[4.83362,4.83362,4.83362],"scaleCompensation":false},{"name":"2.014","position":[4.77729,2343.11,20.926],"rotation":[-90,-14.7881,-2.03225e-06],"scale":[5.18237,5.18237,5.18237],"scaleCompensation":false},{"name":"2.015","position":[-7.87399,2340.25,20.926],"rotation":[-8.14812e-06,1.96493e-06,-14.7881],"scale":[5.18237,5.18237,5.18237],"scaleCompensation":false},{"name":"2.016","position":[15.7741,2337.13,20.926],"rotation":[-90,-14.7881,-2.03225e-06],"scale":[4.66223,4.66223,4.66223],"scaleCompensation":false},{"name":"2.017","position":[67.7231,2339.9,20.926],"rotation":[-90,-14.7881,-2.03225e-06],"scale":[5.0926,5.0926,5.0926],"scaleCompensation":false},{"name":"Armature.012","position":[-300.137,58.1924,21.0242],"rotation":[-90,-0,0],"scale":[12.4678,10.9599,12.4678],"scaleCompensation":false},{"name":"cadera d001","position":[-0.20475,0,-0.0511875],"rotation":[-26.565,2.28475e-06,-90],"scale":[1,1,1],"scaleCompensation":false},{"name":"cadera d_end001","position":[3.05176e-05,0.953819,7.15256e-06],"rotation":[-1.70755e-06,9.94915e-07,8.14222e-13],"scale":[1,1,1],"scaleCompensation":false},{"name":"cadera i001","position":[-0.20475,0,-0.0511875],"rotation":[-24.0442,-3.36784e-06,90],"scale":[1,1,1],"scaleCompensation":false},{"name":"cadera i_end001","position":[-3.05176e-05,1.01203,0],"rotation":[1.70755e-06,-4.07111e-13,6.87536e-06],"scale":[1,1,1],"scaleCompensation":false},{"name":"pierna 004","position":[-0.20475,0,-0.0511875],"rotation":[-79.5085,6.7678e-06,-90],"scale":[1,1,1],"scaleCompensation":false},{"name":"pierna 005","position":[0,1.40556,7.62939e-06],"rotation":[-10.018,-0.000874264,0.000163925],"scale":[0.999998,1,1],"scaleCompensation":false},{"name":"pie003","position":[0,2.06463,0],"rotation":[4.88232,0.000836775,-7.21774e-06],"scale":[1,1,1],"scaleCompensation":false},{"name":"pie_end003","position":[4.76837e-07,1.09679,-1.90735e-06],"rotation":[-4.26887e-07,1.62335e-11,6.10666e-13],"scale":[1,1,1],"scaleCompensation":false},{"name":"torzo010","position":[-0.20475,0,-0.0511875],"rotation":[90,14.6487,6.1715e-06],"scale":[1,1,1],"scaleCompensation":false},{"name":"torzo011","position":[-1.90735e-06,1.00485,7.51019e-06],"rotation":[81.2994,89.9996,97.2776],"scale":[1,1,0.999999],"scaleCompensation":false},{"name":"brazo d010","position":[-3.21865e-06,1.53903,0.529007],"rotation":[7.45109,-0.000260709,1.19685e-05],"scale":[1,1,1],"scaleCompensation":false},{"name":"brazo d011","position":[0,1.0201,-1.90735e-06],"rotation":[-45.2652,-8.99166e-05,-7.09056e-06],"scale":[1,1,1],"scaleCompensation":false},{"name":"brazo d2_end001","position":[-4.76837e-07,1.29847,0],"rotation":[-1.70755e-06,2.60551e-11,0],"scale":[1,1,1],"scaleCompensation":false},{"name":"brazo i010","position":[2.98023e-06,1.51161,-0.457424],"rotation":[-26.2408,-0.000257914,-4.93644e-05],"scale":[1,1,1],"scaleCompensation":false},{"name":"brazo i011","position":[1.19209e-07,0.96773,0],"rotation":[131.251,0.000158916,180],"scale":[1,1,1],"scaleCompensation":false},{"name":"brazo i2_end001","position":[0,1.36609,0],"rotation":[0,-3.90827e-11,2.60551e-11],"scale":[1,1,1],"scaleCompensation":false},{"name":"cabeza007","position":[0,1.28398,1.90735e-06],"rotation":[-3.5573,-0.000272051,-5.87347e-06],"scale":[1,1,1],"scaleCompensation":false},{"name":"cabeza_end005","position":[0,1.17018,0],"rotation":[0,3.90827e-11,0],"scale":[1,1,1],"scaleCompensation":false},{"name":"Armature.013","position":[-234.614,42.6263,20.6984],"rotation":[-90,0,0],"scale":[13.1836,13.1836,13.1836],"scaleCompensation":false},{"name":"Bone.061","position":[-0.138798,0,0.120291],"rotation":[6.34019,3.01392e-07,-90],"scale":[1,1,1],"scaleCompensation":false},{"name":"Bone.015_end001","position":[-1.19209e-07,0.586535,0],"rotation":[-4.26887e-07,-0,1.52667e-13],"scale":[1,1,1],"scaleCompensation":false},{"name":"Bone.070","position":[-0.501673,0,-0.00607848],"rotation":[-90,4.59301,-180],"scale":[1,1,1],"scaleCompensation":false},{"name":"Bone.071","position":[0,1.52821,0],"rotation":[179.145,89.9998,175.408],"scale":[1,1,1],"scaleCompensation":false},{"name":"Bone.004_end001","position":[-1.19209e-07,1.66099,0],"rotation":[0,9.70705e-12,0],"scale":[1,1,1],"scaleCompensation":false},{"name":"Bone.072","position":[0.199841,0,-0.0771027],"rotation":[-90,9.48892,-180],"scale":[1,1,1],"scaleCompensation":false},{"name":"Bone.073","position":[0,1.44615,1.19209e-07],"rotation":[12.8402,-90,-2.59375e-06],"scale":[1,1,1],"scaleCompensation":false},{"name":"Bone.074","position":[1.19209e-07,1.4683,1.90735e-06],"rotation":[29.3308,1.29447e-06,-6.6387e-06],"scale":[1,1,1],"scaleCompensation":false},{"name":"Bone.007_end001","position":[-1.19209e-07,0.561028,9.53674e-07],"rotation":[1.70755e-06,-1.88289e-12,-1.52667e-12],"scale":[1,1,1],"scaleCompensation":false},{"name":"Bone.075","position":[-0.138798,0,0.120291],"rotation":[23.4238,0.0652386,88.7697],"scale":[1,1,1],"scaleCompensation":false},{"name":"Bone.014_end003","position":[-1.19209e-07,0.693241,0],"rotation":[1.70755e-06,-3.33505e-08,-3.50181e-08],"scale":[1,1,1],"scaleCompensation":false},{"name":"Bone004","position":[-0.138798,0,0.120291],"rotation":[90,31.0131,-1.49043e-07],"scale":[1,1,1],"scaleCompensation":false},{"name":"Bone.062","position":[0,1.11937,1.19209e-07],"rotation":[-27.2084,89.9999,0],"scale":[1,1,1],"scaleCompensation":false},{"name":"Bone.063","position":[0,1.24766,-1.90735e-06],"rotation":[5.27472,0.000302018,3.42935e-05],"scale":[1,1,1],"scaleCompensation":false},{"name":"Bone.002_end004","position":[-1.19209e-07,0.953253,0],"rotation":[-8.53774e-07,-1.32311e-11,-4.07111e-13],"scale":[1,1,1],"scaleCompensation":false},{"name":"Bone.064","position":[5.96046e-07,0.882807,-0.328653],"rotation":[-123.68,-0.000281385,-0.000298871],"scale":[1,1,1],"scaleCompensation":false},{"name":"Bone.065","position":[-1.19209e-07,0.972779,0],"rotation":[5.87756,-0.000362431,-7.92069e-06],"scale":[1,1,1],"scaleCompensation":false},{"name":"Bone.066","position":[-1.19209e-07,0.758924,0],"rotation":[46.3084,1.41046e-05,2.04816e-05],"scale":[1,1,1],"scaleCompensation":false},{"name":"Bone.010_end001","position":[1.19209e-07,0.507149,4.76837e-07],"rotation":[1.70755e-06,6.51378e-12,6.51378e-12],"scale":[1,1,1],"scaleCompensation":false},{"name":"Bone.067","position":[-8.34465e-07,1.01353,0.509777],"rotation":[164.948,-0.000402088,8.45387e-05],"scale":[1,1,1],"scaleCompensation":false},{"name":"Bone.068","position":[0,0.972779,-1.90735e-06],"rotation":[-33.5437,0.000326892,180],"scale":[1,1,1],"scaleCompensation":false},{"name":"Bone.069","position":[-1.19209e-07,0.922542,0],"rotation":[38.177,-4.56151e-06,-8.40585e-06],"scale":[1,1,1],"scaleCompensation":false},{"name":"Bone.013_end001","position":[-1.19209e-07,0.552505,0],"rotation":[0,8.14222e-13,-3.25689e-12],"scale":[1,1,1],"scaleCompensation":false},{"name":"Armature.015","position":[217.226,51.4188,20.668],"rotation":[-90,1.05471e-15,-17.4954],"scale":[12.0939,10.6312,12.0939],"scaleCompensation":false},{"name":"Bone.095","position":[-0.282097,2.38419e-07,-0.584678],"rotation":[-90,24.5156,-180],"scale":[1,1,1],"scaleCompensation":false},{"name":"Bone.096","position":[0,1.7065,-1.19209e-07],"rotation":[19.9455,-90,0],"scale":[1,1,1],"scaleCompensation":false},{"name":"Bone.097","position":[0,1.8346,0],"rotation":[17.4886,1.12508e-05,-2.75403e-06],"scale":[1,1,1],"scaleCompensation":false},{"name":"Bone.011_end004","position":[0,0.709991,9.53674e-07],"rotation":[1.70755e-06,-0,0],"scale":[1,1,1],"scaleCompensation":false},{"name":"Bone.098","position":[0.600353,2.38419e-07,0.114572],"rotation":[-90,65.6298,180],"scale":[1,1,1],"scaleCompensation":false},{"name":"Bone.099","position":[0,1.69248,-2.38419e-07],"rotation":[-72.1452,-90,-1.30681e-06],"scale":[1,1,1],"scaleCompensation":false},{"name":"Bone.100","position":[0,1.15148,1.90735e-06],"rotation":[27.2627,2.74206e-05,3.39955e-06],"scale":[1,1,1],"scaleCompensation":false},{"name":"Bone.014_end004","position":[-1.19209e-07,0.842832,0],"rotation":[0,-1.42489e-12,8.14222e-13],"scale":[1,1,1],"scaleCompensation":false},{"name":"Bone006","position":[0.000991821,-1.19209e-07,0.0604687],"rotation":[90,-4.18329,-5.74673e-06],"scale":[1,1,1],"scaleCompensation":false},{"name":"Bone.087","position":[3.24249e-05,1.098,7.62939e-06],"rotation":[-79.3314,89.9961,-83.341],"scale":[0.999991,1,1.00001],"scaleCompensation":false},{"name":"Bone.088","position":[-1.19209e-07,1.09181,9.53674e-07],"rotation":[177.032,0.00406578,180],"scale":[1,1,1],"scaleCompensation":false},{"name":"Bone.002_end006","position":[0,1.2132,-9.53674e-07],"rotation":[0,2.08441e-10,4.16882e-10],"scale":[1,1,1],"scaleCompensation":false},{"name":"Bone.089","position":[4.41074e-05,1.08089,-0.648402],"rotation":[-127.81,0.0040248,-180],"scale":[1,1,1],"scaleCompensation":false},{"name":"Bone.090","position":[0,0.964939,0],"rotation":[-163.415,-0.000213557,180],"scale":[1,1,1],"scaleCompensation":false},{"name":"Bone.091","position":[0,0.939913,0],"rotation":[22.3258,2.60007e-05,1.49502e-05],"scale":[1,1,1],"scaleCompensation":false},{"name":"Bone.005_end004","position":[0,0.790854,0],"rotation":[4.26887e-07,-2.34496e-10,0],"scale":[1,1,1],"scaleCompensation":false},{"name":"Bone.092","position":[-4.99487e-05,0.762258,0.731146],"rotation":[74.7509,0.00384999,180],"scale":[1,1,1],"scaleCompensation":false},{"name":"Bone.093","position":[0,0.964938,0],"rotation":[19.4528,0.000190231,-4.68825e-06],"scale":[1,1,1],"scaleCompensation":false},{"name":"Bone.094","position":[0,1.08822,0],"rotation":[16.3601,1.20858e-05,-5.85615e-07],"scale":[1,1,1],"scaleCompensation":false},{"name":"Bone.008_end004","position":[-1.19209e-07,0.846014,4.76837e-07],"rotation":[0,-0,-5.21102e-11],"scale":[1,1,1],"scaleCompensation":false},{"name":"Armature.016","position":[0.413223,48.2726,20.674],"rotation":[-90,-0,0],"scale":[10.9049,9.58603,10.9049],"scaleCompensation":false},{"name":"pierna001","position":[0.176523,2.38419e-07,-0.373041],"rotation":[-90,-27.8201,180],"scale":[1,1,1],"scaleCompensation":false},{"name":"pierna 006","position":[1.19209e-07,1.78863,-2.38419e-07],"rotation":[43.3443,-89.9999,0],"scale":[1,1,1],"scaleCompensation":false},{"name":"pie002","position":[0,1.9019,1.2666e-07],"rotation":[-125.664,-4.96326e-05,180],"scale":[1,1,1],"scaleCompensation":false},{"name":"pie_end002","position":[0,0.751252,0],"rotation":[1.70755e-06,-7.73511e-12,-5.69955e-12],"scale":[1,1,1],"scaleCompensation":false},{"name":"torzo014","position":[0.146983,0,0.280462],"rotation":[90,-13.1982,6.1598e-07],"scale":[1,1,1],"scaleCompensation":false},{"name":"torzo009","position":[0,1.34617,0],"rotation":[-26.4932,-89.9999,1.28468e-06],"scale":[1,1,1],"scaleCompensation":false},{"name":"brazo d009","position":[-4.76837e-07,0.874404,-0.637899],"rotation":[-125.233,0.000129459,9.46635e-05],"scale":[1,1,1],"scaleCompensation":false},{"name":"brazo d014","position":[0,1.15002,-4.76837e-07],"rotation":[-137.137,-0.000117934,180],"scale":[1,1,1],"scaleCompensation":false},{"name":"mano d004","position":[0,1.32772,1.19209e-07],"rotation":[-141.785,-2.23118e-05,180],"scale":[1,1,1],"scaleCompensation":false},{"name":"mano d_end004","position":[0,0.734732,0],"rotation":[-1.70755e-06,1.06867e-12,6.43744e-12],"scale":[1,1,1],"scaleCompensation":false},{"name":"brazo i009","position":[7.15256e-07,0.760526,0.573211],"rotation":[138.473,0.000138606,-6.98348e-05],"scale":[1,1,1],"scaleCompensation":false},{"name":"brazo i014","position":[-2.38419e-07,1.05999,0],"rotation":[-78.4516,-9.99991e-05,180],"scale":[1,1,1],"scaleCompensation":false},{"name":"mano i004","position":[2.38419e-07,1.08036,1.19209e-07],"rotation":[142.664,3.59722e-05,180],"scale":[1,1,1],"scaleCompensation":false},{"name":"mano i_end004","position":[2.38419e-07,0.745905,-2.38419e-07],"rotation":[8.53774e-07,-1.22133e-12,1.62844e-12],"scale":[1,1,1],"scaleCompensation":false},{"name":"cabeza006","position":[0,1.08167,0],"rotation":[-2.41356,3.28704e-05,-3.4767e-07],"scale":[1,1,1],"scaleCompensation":false},{"name":"cabeza_end004","position":[0,1.17507,-2.38419e-07],"rotation":[0,1.34347e-11,-1.62844e-12],"scale":[1,1,1],"scaleCompensation":false},{"name":"vestido003","position":[-0.73775,0,0.143888],"rotation":[-90,-67.9829,-180],"scale":[1,1,1],"scaleCompensation":false},{"name":"vestido_end003","position":[-9.53674e-07,1.20668,0],"rotation":[0,0,0],"scale":[1,1,1],"scaleCompensation":false},{"name":"Armature.017","position":[310.747,43.0895,20.8103],"rotation":[-90,-0,0],"scale":[18.4948,16.2579,18.4948],"scaleCompensation":false},{"name":"pierna d008","position":[0.370085,0,-0.019397],"rotation":[-90,-6.07429,-180],"scale":[1,1,1],"scaleCompensation":false},{"name":"pierna d009","position":[-1.90735e-06,0.839131,0],"rotation":[-0.312845,89.9999,1.76137e-06],"scale":[1,1,1],"scaleCompensation":false},{"name":"pie d003","position":[-1.19209e-07,1.35518,1.90735e-06],"rotation":[-72.6175,-3.26156e-05,5.23741e-05],"scale":[1,1,1],"scaleCompensation":false},{"name":"pie d_end003","position":[0,0.434079,0],"rotation":[1.70755e-06,6.51378e-12,-9.77066e-12],"scale":[1,1,1],"scaleCompensation":false},{"name":"pierna i007","position":[-0.229614,0,0.132359],"rotation":[-90,-1.64899,-180],"scale":[1,1,1],"scaleCompensation":false},{"name":"pierna i008","position":[0,0.903339,0],"rotation":[-176.112,89.9999,168.575],"scale":[1,1,1],"scaleCompensation":false},{"name":"pie i002","position":[0,0.841187,9.53674e-07],"rotation":[15.7669,-4.63557e-05,3.07015e-06],"scale":[1,1,1],"scaleCompensation":false},{"name":"pie i_end002","position":[-1.19209e-07,0.67635,9.53674e-07],"rotation":[-1.70755e-06,-2.748e-12,3.86755e-12],"scale":[1,1,1],"scaleCompensation":false},{"name":"torzo012","position":[0.127558,0,0.165075],"rotation":[90,11.7616,-6.74752e-06],"scale":[1,1,1],"scaleCompensation":false},{"name":"torzo013","position":[0,0.944802,0],"rotation":[177.05,-89.9998,-164.131],"scale":[1,1,1],"scaleCompensation":false},{"name":"brazo d012","position":[-9.53674e-07,0.979656,-0.289772],"rotation":[-173.26,-0.000254538,180],"scale":[1,1,1],"scaleCompensation":false},{"name":"brazo d013","position":[0,0.848692,0],"rotation":[-45.0451,-4.14361e-05,-1.19204e-05],"scale":[1,1,1],"scaleCompensation":false},{"name":"mano d005","position":[-1.19209e-07,0.635484,0],"rotation":[-12.7446,-5.91549e-06,-2.47195e-06],"scale":[1,1,1],"scaleCompensation":false},{"name":"mano d_end005","position":[-1.19209e-07,0.588017,1.90735e-06],"rotation":[0,-6.10667e-13,1.01778e-12],"scale":[1,1,1],"scaleCompensation":false},{"name":"brazo i012","position":[1.07288e-06,0.513116,0.291609],"rotation":[49.7864,-0.000193815,-180],"scale":[1,1,1],"scaleCompensation":false},{"name":"brazo i013","position":[0,0.645841,9.53674e-07],"rotation":[20.5484,5.97818e-08,4.32374e-06],"scale":[1,1,1],"scaleCompensation":false},{"name":"mano i005","position":[0,0.67452,2.38419e-07],"rotation":[59.8061,-7.59163e-06,8.12336e-06],"scale":[1,1,1],"scaleCompensation":false},{"name":"mano i_end005","position":[-1.19209e-07,0.422356,9.53674e-07],"rotation":[-1.70755e-06,-1.62844e-12,0],"scale":[1,1,1],"scaleCompensation":false},{"name":"cabeza008","position":[0,0.68545,0],"rotation":[163.675,-0.000240878,-180],"scale":[1,1,1],"scaleCompensation":false},{"name":"cabeza_end006","position":[-1.19209e-07,0.707982,0],"rotation":[0,-1.62844e-12,-4.07111e-13],"scale":[1,1,1],"scaleCompensation":false},{"name":"vestido004","position":[-0.771568,0,0.0107577],"rotation":[-90.0002,-59.6648,-180],"scale":[1,1,1],"scaleCompensation":false},{"name":"vestido_end004","position":[-4.76837e-07,0.944803,0],"rotation":[0,0,0],"scale":[1,1,1],"scaleCompensation":false},{"name":"Plane034","position":[172.985,47.6082,1377.09],"rotation":[-90,-0,0],"scale":[1,0.035076,1],"scaleCompensation":false}],"parents":[-1,0,0,0,0,0,0,6,7,6,9,6,11,12,13,6,15,16,17,18,16,20,21,16,23,0,25,26,25,28,29,25,31,32,33,25,35,25,37,38,39,38,41,42,43,38,45,46,47,0,49,50,51,52,49,54,55,56,49,58,59,60,59,62,63,64,59,66,67,68,0,70,71,72,73,70,75,76,77,78,79,76,81,82,83,76,85,70,87,0,89,90,91,92,89,94,95,96,89,98,99,100,101,102,99,104,105,106,99,108,89,110,0],"skins":[{"inverseBindMatrices":[[0.122198,-0.0286571,5.28543e-09,0,-4.44195e-09,4.20816e-09,0.125513,0,-0.0286571,-0.122198,3.08283e-09,0,-25.9703,9.44099,-5.41579,1],[-0.111006,-0.0585768,-6.3452e-08,0,-5.89143e-08,-2.43138e-08,0.125513,0,-0.0585768,0.111006,-5.99162e-09,0,26.1219,9.35692,-5.41578,1],[-0.0470529,-0.11636,-1.10666e-08,0,7.48118e-09,-1.49624e-08,0.125513,0,-0.11636,0.0470529,1.25447e-08,0,13.1059,23.3445,-5.41579,1],[1.2881e-07,-0.103473,0.0710425,0,0.125513,-9.81582e-09,-2.41869e-07,0,2.04951e-07,0.0710425,0.103473,0,-5.41582,21.4412,-16.0306,1],[1.92178e-07,0.0822912,0.0947721,0,0.125513,-1.24723e-08,-2.43686e-07,0,-1.50352e-07,0.0947721,-0.0822912,0,-5.41583,-19.2697,-20.29,1],[6.1706e-08,0.0339822,-0.120826,0,0.125513,-1.67066e-08,5.94013e-08,0,-3.29571e-16,-0.120826,-0.0339822,0,-5.41581,-6.54813,26.602,1],[2.05873e-08,-0.00304719,-0.125476,0,-0.125513,-4.99811e-10,-2.05812e-08,0,3.16831e-15,0.125476,-0.00304719,0,5.41579,-1.4111,28.7588,1],[3.61147e-08,0.0752276,0.100471,0,0.125513,-2.16457e-08,-2.89091e-08,0,-2.91915e-15,0.100471,-0.0752276,0,-5.4158,-19.9425,-20.9013,1],[2.97611e-08,-0.0503081,0.11499,0,-0.125513,-1.19288e-08,2.72659e-08,0,1.93893e-15,-0.11499,-0.0503081,0,5.41579,11.923,-23.0356,1],[7.5039e-08,0.0297411,-0.121939,0,0.125513,-1.7781e-08,7.29019e-08,0,-2.37415e-15,-0.121939,-0.0297412,0,-5.41581,-5.35011,24.8913,1],[7.01512e-08,0.0335929,0.120934,0,0.125513,-1.87756e-08,-6.75919e-08,0,3.82421e-16,0.120934,-0.0335929,0,-5.41581,-12.4255,-24.1916,1],[3.57832e-08,-0.0786666,-0.0978017,0,-0.125513,-2.24274e-08,-2.78827e-08,0,3.36817e-15,0.0978016,-0.0786666,0,5.41578,11.3009,25.7449,1]],"boneNames":["torzo014","pierna001","vestido003","brazo i009","brazo d009","cabeza006","brazo d014","mano d004","brazo i014","mano i004","pierna 006","pie002"]},{"inverseBindMatrices":[[-3.2872e-07,-0.0644044,-0.093061,0,0.113174,1.24274e-08,-4.08365e-07,0,2.42609e-07,-0.0930609,0.0644044,0,-4.61294,0.117088,-0.520081,1],[2.16937e-07,0.0954766,0.0607658,0,0.113174,-8.2262e-09,-3.91109e-07,0,-3.25535e-07,0.0607658,-0.0954766,0,-4.61294,-1.32091,0.471787,1],[1.54616e-08,0.110219,0.0256902,0,0.113174,-1.50579e-08,-3.50975e-09,0,-1.05079e-15,0.0256902,-0.110219,0,-4.61294,-1.99977,1.20422,1],[-0.0755304,0.0842818,1.73911e-08,0,-8.45834e-10,-2.41108e-08,0.113174,0,0.0842818,0.0755304,1.67211e-08,0,-1.91484,-2.08014,-4.61294,1],[2.11494e-08,-0.0355006,0.107461,0,-0.113174,-6.63421e-09,2.00819e-08,0,-2.98352e-16,-0.107461,-0.0355006,0,4.61294,-0.665588,0.741286,1],[-0.112325,0.013832,5.51471e-08,0,5.16708e-08,-3.16123e-08,0.113174,0,0.013832,0.112325,2.50602e-08,0,-1.16786,-3.09635,-4.61294,1],[2.30491e-08,0.00641993,0.112991,0,0.113174,-1.30749e-09,-2.30119e-08,0,4.44492e-16,0.112991,-0.00641993,0,-4.61294,-5.0479,-0.777939,1],[3.64781e-08,0.0513194,0.100869,0,0.113174,-1.65413e-08,-3.25121e-08,0,2.83141e-15,0.100869,-0.0513194,0,-4.61294,-4.11638,2.73619,1],[-3.00117e-07,0.0399389,-0.105892,0,0.113174,1.42675e-08,-3.15372e-07,0,-9.79451e-08,-0.105892,-0.0399389,0,-4.61294,0.445741,0.447297,1],[8.02747e-08,0.00798228,0.112892,0,-0.113174,5.66187e-09,8.00748e-08,0,6.73898e-15,-0.112892,0.00798228,0,4.61294,-1.20355,1.2956,1],[2.07208e-08,0.0792601,0.0807843,0,0.113174,-1.45117e-08,-1.47907e-08,0,-3.34184e-15,0.0807843,-0.0792601,0,-4.61294,-4.85363,4.39808,1],[9.12349e-09,0.112993,-0.00639581,0,0.113174,-9.10891e-09,5.15597e-10,0,-4.40541e-16,-0.00639581,-0.112993,0,-4.61294,-2.62376,2.02527,1]],"boneNames":["Bone.089","Bone.092","Bone.093","Bone.098","Bone.090","Bone.095","Bone.100","Bone.096","Bone.088","Bone.091","Bone.097","Bone.094"]},{"inverseBindMatrices":[[3.66507e-07,-0.0707859,-0.0576045,0,-4.5147e-07,-0.0576045,0.0707859,0,-0.091263,6.9203e-10,-5.81509e-07,0,1.88903,2.52646,-4.81464,1],[4.89635e-07,0.0306131,-0.0859754,0,1.76838e-07,-0.0859753,-0.0306132,0,-0.091263,-2.34986e-09,-5.20585e-07,0,1.88899,5.318,1.61685,1],[2.095e-08,0.0864516,-0.029241,0,1.2877e-24,0.029241,0.0864516,0,0.091263,-1.98455e-08,6.71246e-09,0,-1.88899,-1.5787,-4.3714,1],[1.12268e-08,0.0907048,-0.0100783,0,1.60962e-25,0.0100783,0.0907048,0,0.091263,-1.11581e-08,1.23979e-09,0,-1.88899,0.665906,-3.53719,1],[1.47391e-08,-0.0849994,0.033227,0,-6.43849e-25,0.033227,0.0849994,0,-0.091263,-1.37275e-08,5.3662e-09,0,1.889,-3.4109,-3.71609,1],[0.00195947,-0.0837217,0.0362734,0,-0.000103925,0.0362797,0.0837419,0,-0.0912418,-0.00183929,0.000683608,0,1.91507,-2.29572,-2.7542,1],[-0.0909699,0.00730829,6.43889e-08,0,-0.00730829,-0.0909698,-4.8679e-09,0,6.37923e-08,-1.00085e-08,0.0912629,0,-1.14527,3.41834,-1.88899,1],[-6.16027e-07,-0.00433611,0.0911599,0,-2.74624e-08,0.0911599,0.00433611,0,-0.091263,1.83748e-09,-6.16636e-07,0,1.88899,-5.75943,0.520319,1],[2.21742e-07,0.00192919,-0.0912425,0,6.29702e-09,-0.0912425,-0.00192919,0,-0.0912629,-1.60826e-09,-2.21825e-07,0,1.889,1.81928,-1.25477,1],[-0.0900142,0.0150453,4.22996e-08,0,-0.0150453,-0.0900143,-3.72921e-09,0,4.1106e-08,-1.06515e-08,0.091263,0,-0.169148,3.31791,-1.88899,1],[2.18429e-08,0.0346732,0.0844198,0,1.2877e-24,-0.0844198,0.0346732,0,0.091263,-8.2987e-09,-2.02051e-08,0,-1.88899,1.86255,-0.251049,1],[3.13001e-08,0.0498864,-0.0764217,0,-0,0.0764217,0.0498864,0,0.091263,-1.71093e-08,2.621e-08,0,-1.889,-4.66817,-1.89038,1],[4.34777e-08,-0.0346902,0.0844128,0,-0,0.0844128,0.0346902,0,-0.091263,-1.65264e-08,4.02143e-08,0,1.889,-5.56741,0.448074,1],[1.9259e-08,0.0715814,0.0566129,0,1.2877e-24,-0.0566129,0.0715814,0,0.091263,-1.51057e-08,-1.19469e-08,0,-1.88899,0.220736,-0.411992,1]],"boneNames":["Bone.064","Bone.067","Bone.068","Bone.061","Bone.065","Bone.075","Bone.070","Bone.063","Bone.071","Bone.072","Bone.073","Bone.069","Bone.066","Bone.074"]},{"inverseBindMatrices":[[0.0724518,0.0150852,-8.46834e-09,0,8.82216e-09,-8.27076e-10,0.0740056,0,0.0150852,-0.0724518,-2.60801e-09,0,-19.4735,-2.44482,-2.58425,1],[-2.59471e-07,-0.00169545,-0.0739862,0,0.0740056,1.04425e-08,-2.59778e-07,0,1.63912e-08,-0.0739862,0.00169545,0,-2.58418,1.10344,19.7355,1],[6.75274e-09,-0.0691754,-0.0262981,0,-0.0740056,-6.31201e-09,-2.39961e-09,0,4.68067e-16,0.0262981,-0.0691754,0,2.58425,17.5282,7.27409,1],[-0.0739749,-0.00213005,8.53743e-08,0,8.60127e-08,-2.09397e-08,0.0740056,0,-0.00213005,0.0739749,2.34067e-08,0,19.2442,-1.05524,-2.58427,1],[7.12895e-08,-0.0227746,-0.0704141,0,-0.0740056,-2.19387e-08,-6.78298e-08,0,-8.07941e-16,0.0704141,-0.0227746,0,2.58423,3.51266,19.022,1],[-0.0735901,-0.00783118,7.76744e-08,0,8.0416e-08,-2.16419e-08,0.0740056,0,-0.00783117,0.0735901,3.00299e-08,0,19.8806,0.345231,-2.58427,1],[4.9384e-08,-0.0222228,0.0705902,0,-0.0740056,-1.48293e-08,4.71049e-08,0,1.84457e-15,-0.0705902,-0.0222228,0,2.58424,5.89547,-18.841,1],[7.10963e-08,0.00720936,0.0736536,0,-0.0740056,6.92594e-09,7.07581e-08,0,-1.15013e-15,-0.0736536,0.00720936,0,2.58423,-2.2835,-19.8978,1],[1.74644e-08,-0.0470282,0.0571418,0,-0.0740056,-1.10981e-08,1.34848e-08,0,-1.31925e-15,-0.0571418,-0.0470282,0,2.58424,11.8679,-16.2753,1],[9.27904e-09,-0.0584753,0.0453593,0,-0.0740056,-7.33181e-09,5.68729e-09,0,-1.51222e-17,-0.0453593,-0.0584753,0,2.58425,14.5461,-13.3964,1],[2.17976e-08,-0.00742924,-0.0736317,0,-0.0740056,-2.18821e-09,-2.16875e-08,0,-1.46719e-15,0.0736318,-0.00742924,0,2.58424,-0.602446,19.8776,1],[-0.0373771,-0.0638732,6.0194e-08,0,1.45566e-07,-1.54388e-08,0.0740056,0,-0.0638732,0.0373771,1.33433e-07,0,10.9197,15.2346,-2.58427,1],[6.10718e-08,0.0680496,-0.0290875,0,-0.0740056,5.61567e-08,-2.40039e-08,0,3.28225e-16,0.0290874,0.0680496,0,2.58423,-19.5547,4.07022,1],[8.10692e-09,-0.0575205,0.0465642,0,-0.0740056,-6.30106e-09,5.10086e-09,0,2.32838e-16,-0.0465642,-0.0575205,0,2.58425,14.7634,-10.9087,1],[1.73361e-08,-0.0410509,-0.0615764,0,-0.0740056,-9.61633e-09,-1.44245e-08,0,-3.36361e-16,0.0615764,-0.0410509,0,2.58424,7.73969,17.5804,1]],"boneNames":["torzo012","torzo013","brazo i013","pierna i007","pierna i008","pierna d008","cabeza008","brazo d012","brazo d013","mano d005","pierna d009","vestido004","pie d003","mano i005","pie i002"]},{"inverseBindMatrices":[[0.106211,0.0277624,1.28682e-08,0,-1.30868e-08,-8.17923e-10,0.10978,0,0.0277624,-0.106211,2.5182e-09,0,-7.31821,0.076031,-4.16098,1],[1.86593e-07,0.0117211,0.109152,0,-0.10978,1.99224e-08,1.85527e-07,0,-2.50036e-15,-0.109152,0.0117211,0,4.16097,-1.42904,-7.70002,1],[1.65616e-07,0.0102469,0.1093,0,0.10978,-1.54587e-08,-1.64893e-07,0,-6.12873e-15,0.1093,-0.0102469,0,-4.161,-6.03202,-6.80075,1],[4.92454e-09,-0.100254,-0.0447288,0,-0.10978,-4.49725e-09,-2.00646e-09,0,-9.3784e-16,0.0447288,-0.100254,0,4.16098,5.66439,4.63429,1],[1.21472e-08,0.0981899,0.049095,0,0.10978,-1.08648e-08,-5.43242e-09,0,-2.19545e-15,0.049095,-0.0981899,0,-4.16098,-7.1762,-1.4367,1],[2.06367e-07,-0.0507973,0.0973201,0,-0.10978,-9.54903e-08,1.82945e-07,0,-1.70587e-14,-0.0973201,-0.0507973,0,4.16097,2.67086,-6.3025,1],[1.76893e-06,0.000704055,0.109777,0,0.10978,-1.47814e-08,-1.76887e-06,0,3.43671e-09,0.109777,-0.000704055,0,-4.1611,-3.35319,-7.29562,1],[-6.83036e-07,-0.00327897,0.109731,0,-0.10978,1.58897e-08,-6.82867e-07,0,4.51368e-09,-0.109731,-0.00327897,0,4.16103,1.17015,-7.28349,1],[9.0509e-08,0.0396743,-0.10236,0,0.10978,-3.27099e-08,8.43916e-08,0,-1.15831e-15,-0.10236,-0.0396743,0,-4.16099,-3.61542,5.43606,1],[1.44637e-08,-0.0692891,0.0851504,0,-0.10978,-9.129e-09,1.12188e-08,0,-1.79915e-15,-0.0851504,-0.0692891,0,4.16098,3.74611,-7.15927,1]],"boneNames":["torzo010","brazo d010","pie003","cadera i001","cadera d001","brazo i010","pierna 005","torzo011","brazo i011","brazo d011"]}],"morphs":[],"vertices":[{"position":{"type":"float32","components":3,"data":[211.945,43.4011,17.6893,225.337,43.4011,26.7448,222.569,43.4011,18.3755,202.757,43.4011,24.2869,222.547,43.4011,13.8644,210.475,43.4011,13.8091,214.383,43.4011,6.00411,222.798,43.4011,7.24364,226.111,43.4011,2.57477,210.741,43.4011,0.165568,216.909,43.4011,-6.47454,223.556,43.4011,-5.49548,231.543,43.4011,16.5513,225.963,43.4011,17.37,230.646,43.4011,26.4185,226.399,43.4011,28.9262,233.945,43.4011,30.5024,231.413,43.4011,35.2986,206.886,43.4011,10.3384,203.525,43.4011,16.83,200.876,43.4011,5.76835,204.631,43.4011,5.61709,202.627,43.4011,-3.03604,206.427,43.4011,0.389704,209.871,43.4011,56.9299,227.043,43.4011,39.9947,196.66,43.4011,33.7348,218.256,43.4011,55.7952,219.596,43.4011,65.8823,208.768,43.4011,65.6773,225.337,43.0125,26.7448,211.945,43.0125,17.6893,222.569,43.0125,18.3755,202.757,43.0125,24.2869,222.547,43.0125,13.8644,210.475,43.0125,13.8091,214.383,43.0125,6.00411,222.798,43.0125,7.24364,210.741,43.0125,0.165568,226.111,43.0125,2.57477,216.909,43.0125,-6.47454,223.556,43.0125,-5.49548,231.543,43.0125,16.5513,225.963,43.0125,17.37,230.646,43.0125,26.4185,226.399,43.0125,28.9262,233.945,43.0125,30.5024,231.413,43.0125,35.2986,206.886,43.0125,10.3384,203.525,43.0125,16.83,200.876,43.0125,5.76835,204.631,43.0125,5.61709,206.427,43.0125,0.389704,202.627,43.0125,-3.03604,227.043,43.0125,39.9947,209.871,43.0125,56.9299,196.66,43.0125,33.7348,218.256,43.0125,55.7952,219.596,43.0125,65.8823,208.768,43.0125,65.6773]},"normal":{"type":"float32","components":3,"data":[1.17921e-07,1,3.33159e-08,5.80081e-08,1,1.43228e-07,1.16768e-07,1,3.68376e-08,5.32566e-08,1,1.43056e-07,7.99702e-08,1,8.22971e-08,6.46262e-08,1,5.38631e-08,2.02303e-07,1,-2.00054e-07,1.87698e-07,1,-1.72787e-07,2.26063e-07,1,-1.44399e-07,2.21689e-07,1,-1.15775e-07,1.59432e-07,1,2.91601e-07,1.59432e-07,1,2.91601e-07,-3.9802e-08,1,1.00848e-07,-3.84186e-08,1,1.12303e-07,7.89304e-08,1,2.08389e-07,1.16156e-07,1,2.50874e-07,2.35723e-07,1,3.87333e-07,2.35723e-07,1,3.87333e-07,3.06675e-08,1,1.22929e-07,3.68132e-08,1,1.27632e-07,9.37525e-08,1,1.15363e-07,9.37101e-08,1,1.14951e-07,8.73202e-08,1,5.28459e-08,8.73201e-08,1,5.28459e-08,9.10184e-08,1,1.30006e-07,5.24387e-08,1,1.34945e-07,5.07501e-08,1,1.36339e-07,8.68285e-08,1,1.2963e-07,1.22396e-07,1,1.32823e-07,1.22396e-07,1,1.32823e-07,-5.72213e-08,-1,-1.43241e-07,-1.17359e-07,-1,-3.16181e-08,-1.16201e-07,-1,-3.5152e-08,-5.24526e-08,-1,-1.43335e-07,-8.03401e-08,-1,-8.09572e-08,-6.39504e-08,-1,-5.38318e-08,-2.02698e-07,-1,1.99762e-07,-1.88338e-07,-1,1.73024e-07,-2.21738e-07,-1,1.16671e-07,-2.26139e-07,-1,1.45279e-07,-1.59105e-07,-1,-2.90474e-07,-1.59105e-07,-1,-2.90474e-07,3.77181e-08,-1,-9.94039e-08,3.67307e-08,-1,-1.10552e-07,-8.07164e-08,-1,-2.07426e-07,-1.17511e-07,-1,-2.49792e-07,-2.35694e-07,-1,-3.85871e-07,-2.35694e-07,-1,-3.85871e-07,-3.11361e-08,-1,-1.24553e-07,-3.7487e-08,-1,-1.29384e-07,-9.71004e-08,-1,-1.16368e-07,-9.70619e-08,-1,-1.15942e-07,-9.1251e-08,-1,-5.17253e-08,-9.1251e-08,-1,-5.17253e-08,-5.16339e-08,-1,-1.35035e-07,-8.99088e-08,-1,-1.29599e-07,-4.99388e-08,-1,-1.36566e-07,-8.57673e-08,-1,-1.29188e-07,-1.20923e-07,-1,-1.32678e-07,-1.20923e-07,-1,-1.32678e-07]},"blendIndices":{"type":"uint8","components":4,"data":[0,0,0,0,0,1,2,0,0,0,0,0,0,1,2,0,4,0,0,0,3,0,0,0,3,5,0,0,4,5,0,0,5,0,0,0,5,0,0,0,5,0,0,0,5,0,0,0,4,6,0,0,4,6,0,0,4,6,7,0,4,6,7,0,4,6,7,0,4,6,7,0,3,8,0,0,3,8,0,0,3,8,9,0,3,8,9,0,3,8,9,0,3,8,9,0,10,11,0,0,1,2,10,0,1,2,10,0,10,11,0,0,11,0,0,0,11,0,0,0,0,1,2,0,0,0,0,0,0,0,0,0,0,1,2,0,4,0,0,0,3,0,0,0,3,5,0,0,4,5,0,0,5,0,0,0,5,0,0,0,5,0,0,0,5,0,0,0,4,6,0,0,4,6,0,0,4,6,7,0,4,6,7,0,4,6,7,0,4,6,7,0,3,8,0,0,3,8,0,0,3,8,9,0,3,8,9,0,3,8,9,0,3,8,9,0,1,2,10,0,10,11,0,0,1,2,10,0,10,11,0,0,11,0,0,0,11,0,0,0]},"blendWeight":{"type":"float32","components":4,"data":[1,0,0,0,0.333333,0.333333,0.333333,0,1,0,0,0,0.333333,0.333333,0.333333,0,1,0,0,0,1,0,0,0,0.5,0.5,0,0,0.5,0.5,0,0,1,0,0,0,1,0,0,0,1,0,0,0,1,0,0,0,0.5,0.5,0,0,0.5,0.5,0,0,0.333333,0.333333,0.333333,0,0.333333,0.333333,0.333333,0,0.333333,0.333333,0.333333,0,0.333333,0.333333,0.333333,0,0.5,0.5,0,0,0.5,0.5,0,0,0.333333,0.333333,0.333333,0,0.333333,0.333333,0.333333,0,0.333333,0.333333,0.333333,0,0.333333,0.333333,0.333333,0,0.5,0.5,0,0,0.333333,0.333333,0.333333,0,0.333333,0.333333,0.333333,0,0.5,0.5,0,0,1,0,0,0,1,0,0,0,0.333333,0.333333,0.333333,0,1,0,0,0,1,0,0,0,0.333333,0.333333,0.333333,0,1,0,0,0,1,0,0,0,0.5,0.5,0,0,0.5,0.5,0,0,1,0,0,0,1,0,0,0,1,0,0,0,1,0,0,0,0.5,0.5,0,0,0.5,0.5,0,0,0.333333,0.333333,0.333333,0,0.333333,0.333333,0.333333,0,0.333333,0.333333,0.333333,0,0.333333,0.333333,0.333333,0,0.5,0.5,0,0,0.5,0.5,0,0,0.333333,0.333333,0.333333,0,0.333333,0.333333,0.333333,0,0.333333,0.333333,0.333333,0,0.333333,0.333333,0.333333,0,0.333333,0.333333,0.333333,0,0.5,0.5,0,0,0.333333,0.333333,0.333333,0,0.5,0.5,0,0,1,0,0,0,1,0,0,0]},"texCoord0":{"type":"float32","components":2,"data":[0.0885682,0.469554,0.15188,0.426742,0.138794,0.46631,0.0451292,0.438363,0.138689,0.487637,0.081619,0.487899,0.100095,0.524798,0.139877,0.518938,0.155542,0.541011,0.082877,0.552401,0.112036,0.583793,0.143459,0.579165,0.181222,0.474934,0.154842,0.471064,0.17698,0.428285,0.156902,0.41643,0.192577,0.408978,0.180605,0.386303,0.0646489,0.504307,0.0487606,0.473617,0.0362365,0.525913,0.0539911,0.526628,0.0445145,0.567537,0.0624787,0.551341,0.0787638,0.284037,0.159948,0.364101,0.016307,0.393696,0.118406,0.289401,0.12474,0.241713,0.0735479,0.242682,0.15188,0.426742,0.0885682,0.469554,0.138794,0.46631,0.0451292,0.438363,0.138689,0.487637,0.081619,0.487899,0.100095,0.524798,0.139877,0.518938,0.082877,0.552401,0.155542,0.541011,0.112036,0.583793,0.143459,0.579165,0.181222,0.474934,0.154842,0.471064,0.17698,0.428285,0.156902,0.41643,0.192577,0.408978,0.180605,0.386303,0.0646489,0.504307,0.0487606,0.473617,0.0362365,0.525913,0.0539911,0.526628,0.0624787,0.551341,0.0445145,0.567537,0.159948,0.364101,0.0787638,0.284037,0.016307,0.393696,0.118406,0.289401,0.12474,0.241713,0.0735479,0.242682]}},{"position":{"type":"float32","components":3,"data":[-7.67527,41.0178,4.49207,-13.1888,41.0178,22.0816,7.475,41.0178,13.5111,6.78675,41.0178,20.169,7.87933,41.0178,5.65257,-2.52118,41.0178,-3.07106,11.9861,41.0178,1.71815,-3.56829,41.0178,-7.54151,11.2458,41.0178,-7.39715,1.90351,41.0178,-12.9587,-15.0714,41.0178,35.7255,19.7783,41.0178,26.5428,4.71804,41.0177,48.1135,13.5381,41.0177,47.7416,18.2541,41.0178,11.1572,13.2047,41.0178,17.5978,26.7947,41.0178,13.5166,23.7989,41.0178,20.9351,33.1457,41.0178,18.9839,33.5012,41.0178,11.7121,-5.97318,41.0178,-5.97566,-12.3497,41.0178,-3.42432,-14.1655,41.0178,-10.8438,-7.62607,41.0178,-14.5767,-14.037,41.0178,-19.0408,-7.98651,41.0178,-22.0403,-10.6706,41.0177,49.8059,-0.540232,41.0177,57.8983,5.76165,41.0177,57.1955,3.11699,41.0177,62.6519,-1.62023,41.0177,62.2301,9.42647,41.0177,59.4459,10.2534,41.0177,63.8265,7.70105,41.0177,52.9831,13.9296,41.0177,53.5891,-13.1888,40.6115,22.0816,7.475,40.6115,13.5111,6.78675,40.6115,20.169,-7.67527,40.6115,4.49207,-2.52118,40.6115,-3.07106,7.87933,40.6115,5.65257,-3.56829,40.6115,-7.54151,11.9861,40.6115,1.71815,11.2458,40.6115,-7.39715,1.90351,40.6115,-12.9587,19.7783,40.6115,26.5428,-15.0714,40.6115,35.7255,4.71804,40.6115,48.1135,13.5381,40.6115,47.7416,18.2541,40.6115,11.1572,13.2047,40.6115,17.5978,23.7989,40.6115,20.9351,26.7947,40.6115,13.5166,33.1457,40.6115,18.9839,33.5012,40.6115,11.7121,-5.97318,40.6115,-5.97566,-12.3497,40.6115,-3.42432,-14.1655,40.6115,-10.8438,-7.62607,40.6115,-14.5767,-14.037,40.6115,-19.0408,-7.98651,40.6115,-22.0403,-0.540232,40.6115,57.8983,5.76165,40.6115,57.1955,-10.6706,40.6115,49.8059,3.11699,40.6115,62.6519,-1.62023,40.6115,62.2301,9.42647,40.6115,59.4459,10.2534,40.6115,63.8265,7.70105,40.6115,52.9831,13.9296,40.6115,53.5891]},"normal":{"type":"float32","components":3,"data":[2.29608e-08,1,1.30598e-07,4.98496e-08,1,3.28914e-07,1.4714e-08,1,1.32647e-07,4.91397e-08,1,3.25283e-07,4.56691e-08,1,9.73268e-08,5.46998e-08,1,8.63891e-08,3.52102e-08,1,1.27539e-07,9.35712e-09,1,1.67795e-07,-4.00452e-08,1,2.44721e-07,-4.00452e-08,1,2.44721e-07,3.72672e-08,1,2.66992e-07,3.51606e-08,1,2.59998e-07,7.08075e-09,1,9.78764e-08,1.04257e-08,1,1.29975e-07,4.81093e-09,1,1.22788e-07,5.28632e-09,1,1.22926e-07,-5.61274e-10,1,1.21207e-07,1.01064e-09,1,1.21671e-07,-3.26409e-09,1,1.20408e-07,-3.26409e-09,1,1.20408e-07,2.49502e-08,1,1.22739e-07,2.52534e-08,1,1.23151e-07,3.02001e-08,1,1.30175e-07,3.11492e-08,1,1.31692e-07,3.25164e-08,1,1.33877e-07,3.25164e-08,1,1.33877e-07,7.13885e-09,1,9.09679e-08,7.35295e-09,1,7.05731e-08,4.00839e-09,1,8.90193e-08,1.04063e-08,1,1.38319e-07,1.73102e-08,1,1.40946e-07,-2.47243e-13,1,1.34359e-07,-2.50871e-13,1,1.34359e-07,1.23414e-08,1,1.30473e-07,1.23414e-08,1,1.30473e-07,-4.91807e-08,-1,-3.28215e-07,-1.51393e-08,-1,-1.32381e-07,-4.8471e-08,-1,-3.24622e-07,-2.37995e-08,-1,-1.30135e-07,-5.45656e-08,-1,-8.70428e-08,-4.54238e-08,-1,-9.73106e-08,-8.67249e-09,-1,-1.6869e-07,-3.39221e-08,-1,-1.29095e-07,3.95768e-08,-1,-2.44351e-07,3.95768e-08,-1,-2.44351e-07,-3.49032e-08,-1,-2.5914e-07,-3.6567e-08,-1,-2.66684e-07,-6.88692e-09,-1,-9.87749e-08,-1.07803e-08,-1,-1.30191e-07,-4.79533e-09,-1,-1.22427e-07,-5.61906e-09,-1,-1.22433e-07,-4.48067e-10,-1,-1.22045e-07,8.92413e-10,-1,-1.21818e-07,3.1973e-09,-1,-1.21427e-07,3.1973e-09,-1,-1.21427e-07,-2.68387e-08,-1,-1.22196e-07,-2.70649e-08,-1,-1.22612e-07,-3.01283e-08,-1,-1.30082e-07,-3.03779e-08,-1,-1.31877e-07,-3.07376e-08,-1,-1.34462e-07,-3.07376e-08,-1,-1.34462e-07,-7.44228e-09,-1,-7.22031e-08,-2.42765e-09,-1,-9.06593e-08,-5.85652e-09,-1,-9.31417e-08,-9.22974e-09,-1,-1.3951e-07,-1.82382e-08,-1,-1.41909e-07,4.34904e-09,-1,-1.35893e-07,4.34904e-09,-1,-1.35893e-07,-1.30791e-08,-1,-1.3107e-07,-1.30791e-08,-1,-1.3107e-07]},"blendIndices":{"type":"uint8","components":4,"data":[0,4,1,5,5,0,3,1,1,3,2,0,3,1,5,6,1,8,0,2,0,4,1,8,1,8,0,4,0,4,8,1,8,1,0,4,8,0,4,1,5,7,6,3,3,6,1,0,6,7,10,5,6,3,0,0,2,1,11,0,1,2,11,0,11,2,0,0,11,2,1,0,11,2,0,0,11,2,0,0,4,0,9,0,4,0,9,0,9,4,0,0,9,4,0,0,9,4,0,0,9,4,0,0,7,5,6,10,7,10,6,0,10,7,6,0,10,7,6,0,7,10,6,0,10,7,6,0,10,7,6,0,6,0,0,0,6,3,0,0,5,0,3,1,1,3,2,0,3,1,5,6,0,4,1,5,0,4,1,8,1,8,0,2,0,4,8,1,1,8,0,4,8,1,0,4,8,0,4,1,3,6,1,0,5,7,6,3,6,7,10,5,6,3,0,0,2,1,11,0,1,2,11,0,11,2,1,0,11,2,1,0,11,2,0,0,11,2,0,0,4,0,9,0,4,0,9,0,9,4,0,0,9,4,0,0,9,4,0,0,9,4,0,0,7,10,6,0,10,7,6,0,7,5,6,10,10,7,6,0,7,10,6,0,10,7,6,0,10,7,6,0,6,0,0,0,6,3,0,0]},"blendWeight":{"type":"float32","components":4,"data":[0.808755,0.0769037,0.0715972,0.0427439,0.661,0.152301,0.11323,0.0734689,0.815463,0.112401,0.0604174,0.011719,0.576411,0.280641,0.0738429,0.0691049,0.796556,0.0924653,0.0837085,0.0272704,0.571184,0.282931,0.080747,0.0651385,0.479673,0.375559,0.107921,0.0368466,0.410921,0.409742,0.122183,0.0571535,0.56792,0.208209,0.124974,0.0988965,0.351308,0.277928,0.268567,0.102198,0.679143,0.141487,0.132432,0.0469377,0.619768,0.228908,0.151323,0,0.900517,0.0608946,0.0311102,0.0074781,0.929216,0.0707836,0,0,0.684677,0.169247,0.146075,0,0.509131,0.457574,0.0332954,0,0.871171,0.128829,0,0,0.534168,0.420827,0.0450047,0,0.923695,0.0763049,0,0,0.920445,0.0795546,0,0,0.71949,0.161867,0.118644,0,0.713774,0.148404,0.137822,0,0.535248,0.458536,0.00621548,0,0.821173,0.178827,0,0,0.79241,0.20759,0,0,0.881589,0.118411,0,0,0.549748,0.217653,0.207254,0.0253448,0.786064,0.151785,0.0621506,0,0.756435,0.149009,0.0945558,0,0.782006,0.197673,0.0203209,0,0.512276,0.455793,0.0319315,0,0.810981,0.122671,0.066348,0,0.85034,0.110193,0.0394668,0,1,0,0,0,0.979357,0.0206431,0,0,0.657922,0.15311,0.113922,0.0750466,0.807252,0.115702,0.0625734,0.0144725,0.572214,0.282245,0.0748098,0.0707315,0.801883,0.079073,0.0737085,0.0453356,0.56578,0.284682,0.0829067,0.0666315,0.790199,0.0941921,0.085969,0.0296401,0.410149,0.407216,0.123123,0.0595123,0.478266,0.371971,0.10966,0.0401021,0.561397,0.210891,0.127259,0.100453,0.348465,0.278757,0.268122,0.104657,0.616294,0.230532,0.153174,0,0.675392,0.142029,0.134454,0.0481241,0.895024,0.0623516,0.0333738,0.00925026,0.927215,0.0727848,0,0,0.676702,0.173449,0.149849,0,0.507823,0.454718,0.0374589,0,0.533252,0.41812,0.0486273,0,0.86522,0.133762,0.00101765,0,0.919751,0.0802493,0,0,0.916214,0.0837863,0,0,0.709997,0.166887,0.123116,0,0.7058,0.152116,0.142084,0,0.533725,0.45617,0.0101057,0,0.814369,0.185046,0.000584855,0,0.787689,0.212311,0,0,0.875318,0.124682,0,0,0.776035,0.157895,0.0660696,0,0.746985,0.154197,0.0988177,0,0.543442,0.218149,0.209367,0.0290423,0.770178,0.203215,0.0266067,0,0.508604,0.452906,0.0384893,0,0.801771,0.128103,0.0701259,0,0.838564,0.115453,0.0459831,0,1,0,0,0,0.97626,0.02374,0,0]},"texCoord0":{"type":"float32","components":2,"data":[0.461637,0.500759,0.437325,0.423197,0.528442,0.460989,0.525407,0.431631,0.530225,0.495642,0.484364,0.534109,0.548334,0.512991,0.479747,0.553822,0.54507,0.553185,0.503874,0.577709,0.429023,0.363034,0.582694,0.403526,0.516285,0.308408,0.555177,0.310049,0.575973,0.471369,0.553707,0.442969,0.613633,0.460965,0.600423,0.428253,0.641638,0.436857,0.643205,0.468922,0.469142,0.546917,0.441025,0.535667,0.433017,0.568383,0.461853,0.584844,0.433584,0.604528,0.460264,0.617755,0.448428,0.300946,0.493099,0.265262,0.520887,0.268361,0.509225,0.244301,0.488336,0.246161,0.537047,0.258438,0.540694,0.239121,0.529439,0.286936,0.556904,0.284264,0.437325,0.423197,0.528442,0.460989,0.525407,0.431631,0.461637,0.500759,0.484364,0.534109,0.530225,0.495642,0.479747,0.553822,0.548334,0.512991,0.54507,0.553185,0.503874,0.577709,0.582694,0.403526,0.429023,0.363034,0.516285,0.308408,0.555177,0.310049,0.575973,0.471369,0.553707,0.442969,0.600423,0.428253,0.613633,0.460965,0.641638,0.436857,0.643205,0.468922,0.469142,0.546917,0.441025,0.535667,0.433017,0.568383,0.461853,0.584844,0.433584,0.604528,0.460264,0.617755,0.493099,0.265262,0.520887,0.268361,0.448428,0.300946,0.509225,0.244301,0.488336,0.246161,0.537047,0.258438,0.540694,0.239121,0.529439,0.286936,0.556904,0.284264]}},{"position":{"type":"float32","components":3,"data":[-16.2155,47.7443,20.9259,-2.66013,38.8168,20.9259,-1.56892,48.1946,20.9259,-21.729,37.5086,20.9259,-16.199,61.5532,20.9259,-0.358686,63.5078,20.9259,-2.69912,67.6437,20.9259,-16.138,69.8517,20.9259,-12.4795,76.5785,20.9259,-3.74161,76.1545,20.9259,-22.1005,23.8647,20.9259,0.761288,22.5707,20.9259,-6.94507,8.15237,20.9259,6.30742,7.61767,20.9259,3.46811,54.2758,20.9259,2.44823,47.7345,20.9259,12.0351,51.3481,20.9259,9.08733,55.6437,20.9259,17.4531,58.5377,20.9259,13.2753,62.3844,20.9259,-19.8525,54.8877,20.9259,-20.9906,48.8105,20.9259,-26.5423,56.1349,20.9259,-29.2537,53.0063,20.9259,-32.9533,61.0019,20.9259,-27.3057,60.8786,20.9259,-16.1377,3.56673,20.9259,-22.4345,9.88506,20.9259,-11.9345,3.63993,20.9259,-16.8679,-1.67445,20.9259,-9.96204,-1.88637,20.9259,4.33722,5.90321,20.9259,-1.40164,3.71092,20.9259,3.28547,-1.46589,20.9259,10.4235,-0.532821,20.9259,-2.66013,38.8168,20.6479,-16.2155,47.7443,20.6479,-1.56892,48.1946,20.6479,-21.729,37.5086,20.6479,-16.199,61.5532,20.6479,-0.358686,63.5078,20.6479,-2.69912,67.6437,20.6479,-16.138,69.8517,20.6479,-12.4795,76.5785,20.6479,-3.74161,76.1545,20.6479,-22.1005,23.8647,20.6479,0.761288,22.5707,20.6479,6.30742,7.61767,20.6479,-6.94507,8.15237,20.6479,3.46811,54.2758,20.6479,2.44823,47.7345,20.6479,12.0351,51.3481,20.6479,9.08733,55.6437,20.6479,13.2753,62.3844,20.6479,17.4531,58.5377,20.6479,-20.9906,48.8105,20.6479,-19.8525,54.8877,20.6479,-26.5423,56.1349,20.6479,-29.2537,53.0063,20.6479,-32.9533,61.0019,20.6479,-27.3057,60.8786,20.6479,-16.1377,3.56673,20.6479,-11.9345,3.63993,20.6479,-22.4345,9.88506,20.6479,-9.96204,-1.88637,20.6479,-16.8679,-1.67445,20.6479,4.33722,5.90321,20.6479,-1.40164,3.71092,20.6479,3.28547,-1.46589,20.6479,10.4235,-0.532821,20.6479]},"normal":{"type":"float32","components":3,"data":[4.06476e-08,-1.70958e-08,1,4.58315e-08,-1.43584e-07,1,4.67492e-08,-1.78976e-08,1,4.51411e-08,-1.72033e-07,1,4.78066e-08,2.36721e-08,1,5.08895e-08,2.1283e-08,1,5.09479e-08,-6.05845e-09,1,4.99862e-08,-2.74705e-08,1,4.49648e-08,-1.39283e-07,1,4.49648e-08,-1.39283e-07,1,4.29215e-08,-1.35634e-07,1,4.29642e-08,-1.06849e-07,1,4.57242e-08,2.41484e-08,1,4.16143e-08,-1.10592e-08,1,3.35828e-08,-7.32225e-09,1,3.41194e-08,-7.63944e-09,1,2.01981e-08,-5.28666e-09,1,1.998e-08,-5.4311e-09,1,1.51996e-08,-8.59739e-09,1,1.51996e-08,-8.59739e-09,1,2.62696e-08,8.6699e-09,1,2.87659e-08,1.0187e-08,1,5.9997e-08,7.58062e-09,1,5.83541e-08,8.88374e-09,1,7.42686e-08,-3.73957e-09,1,7.42686e-08,-3.73957e-09,1,5.52037e-08,9.49476e-08,1,4.787e-08,4.15866e-08,1,5.50152e-08,9.22099e-08,1,4.74868e-08,-1.71304e-08,1,4.74868e-08,-1.71304e-08,1,4.07026e-08,-1.1454e-08,1,4.05811e-08,-1.1726e-08,1,4.21421e-08,-8.23053e-09,1,4.21421e-08,-8.23053e-09,1,-4.53432e-08,1.4315e-07,-1,-4.07586e-08,1.70243e-08,-1,-4.61676e-08,1.77203e-08,-1,-4.46153e-08,1.71679e-07,-1,-4.81139e-08,-2.31171e-08,-1,-5.08388e-08,-2.08394e-08,-1,-5.0861e-08,6.58811e-09,-1,-4.98479e-08,2.79102e-08,-1,-4.45576e-08,1.39253e-07,-1,-4.45576e-08,1.39253e-07,-1,-4.2538e-08,1.35659e-07,-1,-4.25146e-08,1.07124e-07,-1,-4.14463e-08,1.13841e-08,-1,-4.55537e-08,-2.39741e-08,-1,-3.23503e-08,7.33357e-09,-1,-3.2835e-08,7.63399e-09,-1,-2.09496e-08,5.51545e-09,-1,-2.07847e-08,5.65739e-09,-1,-1.71696e-08,8.76808e-09,-1,-1.71696e-08,8.76807e-09,-1,-2.90978e-08,-1.0248e-08,-1,-2.66217e-08,-8.61613e-09,-1,-6.06973e-08,-8.30671e-09,-1,-5.90016e-08,-9.6165e-09,-1,-7.54282e-08,3.07141e-09,-1,-7.54282e-08,3.07142e-09,-1,-5.52916e-08,-9.53116e-08,-1,-5.51098e-08,-9.25715e-08,-1,-4.78875e-08,-4.18284e-08,-1,-4.78493e-08,1.68611e-08,-1,-4.78493e-08,1.68611e-08,-1,-4.09808e-08,1.11121e-08,-1,-4.08355e-08,1.14246e-08,-1,-4.27022e-08,7.40863e-09,-1,-4.27022e-08,7.40864e-09,-1]},"blendIndices":{"type":"uint8","components":4,"data":[0,5,2,4,6,3,2,1,1,2,3,0,6,5,0,3,0,7,1,0,1,7,2,0,7,1,0,2,7,0,1,2,7,0,1,2,7,1,0,2,8,3,0,0,9,3,8,0,8,0,0,0,9,10,0,0,1,2,7,0,1,2,3,0,1,2,11,0,1,2,11,0,1,2,11,0,1,2,11,0,0,4,12,7,0,4,12,5,0,4,12,0,0,4,12,0,0,4,12,0,0,4,12,0,6,8,0,0,6,8,0,0,6,8,0,0,6,8,0,0,6,8,0,0,9,10,13,0,9,10,13,8,9,10,13,0,9,10,13,0,6,3,5,0,0,5,3,4,1,3,0,11,6,5,3,0,0,7,1,12,1,7,0,3,7,1,0,3,7,0,1,12,7,0,1,3,7,1,0,3,8,3,0,0,9,3,0,0,9,10,3,0,8,3,0,0,1,2,3,11,1,2,3,11,1,2,11,3,1,2,11,3,1,2,11,3,1,2,11,3,0,4,12,5,0,4,12,5,0,4,12,0,0,4,12,0,0,4,12,0,0,4,12,0,6,8,3,0,6,8,3,0,6,8,3,0,6,8,3,0,6,8,3,0,9,10,13,3,9,10,13,0,9,10,13,3,9,10,13,3]},"blendWeight":{"type":"float32","components":4,"data":[0.790025,0.114003,0.0518286,0.0441441,0.525356,0.458066,0.0109838,0.00559376,0.636744,0.298255,0.0535982,0.0114029,0.536473,0.353535,0.0692835,0.0407082,0.481991,0.481991,0.0360174,0,0.452766,0.452766,0.0745441,0.0199232,0.653477,0.228979,0.0592878,0.0582567,0.708309,0.222506,0.0678119,0.00137291,0.772123,0.138018,0.0842843,0.00557536,0.759582,0.134075,0.0756433,0.0306996,0.951621,0.0334677,0.0149118,0,0.860227,0.127899,0.0118743,0,1,0,0,0,0.5,0.5,0,0,0.497169,0.497169,0.00566211,0,0.490728,0.490728,0.0185448,0,0.333333,0.333333,0.333333,0,0.333333,0.333333,0.333333,0,0.333333,0.333333,0.333333,0,0.333333,0.333333,0.333333,0,0.478011,0.478011,0.0415421,0.00243569,0.489591,0.489591,0.0183946,0.00242315,0.333333,0.333333,0.333333,0,0.333333,0.333333,0.333333,0,0.333333,0.333333,0.333333,0,0.333333,0.333333,0.333333,0,0.5,0.5,0,0,0.5,0.5,0,0,0.5,0.5,0,0,0.5,0.5,0,0,0.5,0.5,0,0,0.333333,0.333333,0.333333,0,0.330744,0.330744,0.330744,0.00776939,0.333333,0.333333,0.333333,0,0.333333,0.333333,0.333333,0,0.527184,0.471909,0.000907277,0,0.63261,0.179728,0.112439,0.0752223,0.606012,0.304453,0.051011,0.0385236,0.53549,0.370582,0.0645078,0.0294203,0.456098,0.456098,0.0557627,0.0320418,0.466552,0.466552,0.0350839,0.0318121,0.573453,0.312665,0.0828959,0.0309859,0.615145,0.234216,0.127186,0.0234535,0.697233,0.157845,0.142475,0.00244643,0.692929,0.201634,0.0968412,0.0085951,0.862859,0.122122,0.0150189,0,0.853428,0.146572,0,0,0.49486,0.49486,0.0102803,0,0.926657,0.0733432,0,0,0.422209,0.422209,0.0976554,0.0579271,0.394196,0.394196,0.167282,0.0443264,0.314093,0.314093,0.314093,0.0577199,0.314972,0.314972,0.314972,0.0550848,0.326394,0.326394,0.326394,0.0208176,0.326523,0.326523,0.326523,0.0204304,0.465006,0.465006,0.0395325,0.0304565,0.432184,0.432184,0.0987459,0.0368867,0.333333,0.333333,0.333333,0,0.333333,0.333333,0.333333,0,0.333333,0.333333,0.333333,0,0.333333,0.333333,0.333333,0,0.476681,0.476681,0.0466376,0,0.478503,0.478503,0.0429944,0,0.473269,0.473269,0.0534614,0,0.478036,0.478036,0.0439282,0,0.477255,0.477255,0.0454906,0,0.331795,0.331795,0.331795,0.00461601,0.333333,0.333333,0.333333,0,0.332917,0.332917,0.332917,0.00124838,0.332625,0.332625,0.332625,0.00212474]},"texCoord0":{"type":"float32","components":2,"data":[0.685295,0.453916,0.745734,0.414159,0.7506,0.455921,0.660712,0.408334,0.685369,0.515411,0.755996,0.524115,0.745561,0.542533,0.685641,0.552366,0.701953,0.582322,0.740913,0.580435,0.659056,0.347574,0.760989,0.341811,0.726629,0.277602,0.785718,0.275221,0.773058,0.483003,0.768511,0.453872,0.811256,0.469965,0.798113,0.489094,0.835413,0.501982,0.816786,0.519112,0.669079,0.485727,0.664004,0.458664,0.639251,0.491282,0.627162,0.477349,0.610667,0.512956,0.635847,0.512407,0.685642,0.257181,0.657567,0.285319,0.704383,0.257507,0.682386,0.233841,0.713177,0.232897,0.776933,0.267586,0.751346,0.257823,0.772244,0.23477,0.80407,0.238925,0.745734,0.414159,0.685295,0.453916,0.7506,0.455921,0.660712,0.408334,0.685369,0.515411,0.755996,0.524115,0.745561,0.542533,0.685641,0.552366,0.701953,0.582322,0.740913,0.580435,0.659056,0.347574,0.760989,0.341811,0.785718,0.275221,0.726629,0.277602,0.773058,0.483003,0.768511,0.453872,0.811256,0.469965,0.798113,0.489094,0.816786,0.519112,0.835413,0.501982,0.664004,0.458664,0.669079,0.485727,0.639251,0.491282,0.627162,0.477349,0.610667,0.512956,0.635847,0.512407,0.685642,0.257181,0.704383,0.257507,0.657567,0.285319,0.713177,0.232897,0.682386,0.233841,0.776933,0.267586,0.751346,0.257823,0.772244,0.23477,0.80407,0.238925]}},{"position":{"type":"float32","components":3,"data":[255.465,35.0353,17.523,273.692,35.0353,12.4409,253.084,35.0353,12.4835,272.892,35.0353,19.79,252.737,35.0353,4.13883,276.684,35.0353,1.38352,259.407,35.0353,-2.783,273.854,35.0353,-2.33727,269.585,35.0353,-12.7713,275.847,35.0353,-12.5781,273.16,35.0353,36.1274,247.79,35.0353,20.7348,260.899,35.0353,51.183,274.452,35.0353,51.2291,269.714,35.0353,-24.0371,263.28,35.0353,-30.7435,263.937,35.0353,-21.6129,257.503,35.0353,-28.3193,275.786,35.0353,-17.9651,270.009,35.0353,-15.5409,249.269,35.0353,8.59467,247.338,35.0353,12.9744,245.606,35.0353,5.29758,240.267,35.0353,7.11523,256.301,35.0353,49.2612,234.349,35.0353,28.3088,250.019,35.0353,47.3695,247.295,35.0353,53.4984,252.312,35.0353,57.3867,272.027,35.0353,57.4478,262.732,35.0353,57.4625,261.401,35.0353,-13.0239,255.465,34.7491,17.523,273.692,34.7491,12.4409,272.892,34.7491,19.79,253.084,34.7491,12.4835,252.737,34.7491,4.13883,276.684,34.7491,1.38352,259.407,34.7491,-2.783,273.854,34.7491,-2.33727,269.585,34.7491,-12.7713,275.847,34.7491,-12.5781,273.16,34.7491,36.1274,247.79,34.7491,20.7348,260.899,34.7491,51.183,274.452,34.7491,51.2291,263.28,34.7491,-30.7435,263.937,34.7491,-21.6129,257.503,34.7491,-28.3193,269.714,34.7491,-24.0371,270.009,34.7491,-15.5409,275.786,34.7491,-17.9651,249.269,34.7491,8.59467,247.338,34.7491,12.9744,245.606,34.7491,5.29758,240.267,34.7491,7.11523,234.349,34.7491,28.3088,256.301,34.7491,49.2612,250.019,34.7491,47.3695,247.295,34.7491,53.4984,252.312,34.7491,57.3867,272.027,34.7491,57.4478,262.732,34.7491,57.4625,261.401,34.7491,-13.0239]},"normal":{"type":"float32","components":3,"data":[-5.28317e-08,1,2.97088e-07,1.28253e-08,1,1.33116e-07,1.84827e-09,1,1.21517e-07,-4.99179e-08,1,2.90445e-07,5.44122e-09,1,1.01077e-07,1.1808e-08,1,8.81155e-08,1.605e-08,1,8.32329e-08,1.68239e-08,1,8.82367e-08,2.51319e-08,1,1.38015e-07,2.54109e-08,1,1.37269e-07,-2.5468e-08,1,2.20985e-07,-2.81456e-08,1,2.22637e-07,2.2485e-08,1,1.14826e-07,9.75259e-09,1,1.32004e-07,1.90614e-08,1,1.15594e-07,1.9204e-08,1,1.15933e-07,1.91168e-08,1,1.15726e-07,1.9204e-08,1,1.15933e-07,2.25228e-08,1,1.2546e-07,2.26596e-08,1,1.25849e-07,-7.38385e-11,1,1.0362e-07,6.37893e-09,1,1.03822e-07,2.55402e-08,1,1.0442e-07,2.55402e-08,1,1.0442e-07,1.24273e-07,1,-1.66966e-08,2.64825e-08,1,1.07439e-07,1.10678e-07,1,2.31061e-09,1.2142e-08,1,1.40077e-07,1.2142e-08,1,1.40077e-07,7.27607e-09,1,1.34703e-07,7.27607e-09,1,1.34703e-07,2.47011e-08,1,1.39168e-07,5.32422e-08,-1,-2.96912e-07,-1.2548e-08,-1,-1.32249e-07,5.03201e-08,-1,-2.90205e-07,-1.88201e-09,-1,-1.2126e-07,-5.45772e-09,-1,-1.01292e-07,-1.17554e-08,-1,-8.83768e-08,-1.63917e-08,-1,-8.35607e-08,-1.68914e-08,-1,-8.86373e-08,-2.48749e-08,-1,-1.38202e-07,-2.45413e-08,-1,-1.38021e-07,2.55997e-08,-1,-2.21217e-07,2.79603e-08,-1,-2.22638e-07,-2.27507e-08,-1,-1.14797e-07,-1.01522e-08,-1,-1.31906e-07,-1.97774e-08,-1,-1.15935e-07,-1.95119e-08,-1,-1.15302e-07,-1.97774e-08,-1,-1.15935e-07,-1.93433e-08,-1,-1.14901e-07,-2.25515e-08,-1,-1.25834e-07,-2.24226e-08,-1,-1.25405e-07,-2.10451e-10,-1,-1.04505e-07,-6.55415e-09,-1,-1.04773e-07,-2.53916e-08,-1,-1.05569e-07,-2.53916e-08,-1,-1.05569e-07,-2.69454e-08,-1,-1.07111e-07,-1.2333e-07,-1,1.57934e-08,-1.09841e-07,-1,-3.05024e-09,-1.20688e-08,-1,-1.39631e-07,-1.20688e-08,-1,-1.39631e-07,-8.08782e-09,-1,-1.34631e-07,-8.08782e-09,-1,-1.34631e-07,-2.51878e-08,-1,-1.38588e-07]},"blendIndices":{"type":"uint8","components":4,"data":[0,3,4,5,0,1,0,0,0,1,2,0,0,3,4,5,1,2,0,0,1,0,0,0,1,6,0,0,1,6,7,0,6,7,0,0,7,0,0,0,3,4,5,10,3,4,5,10,3,4,5,10,3,4,5,10,8,9,0,0,8,9,0,0,8,9,0,0,8,9,0,0,7,8,0,0,7,8,0,0,2,13,0,0,2,13,0,0,2,13,0,0,2,13,0,0,3,4,14,0,3,4,11,0,3,4,14,0,14,0,0,0,14,0,0,0,12,0,0,0,12,0,0,0,6,0,0,0,0,3,4,5,0,1,5,0,0,3,4,5,0,1,2,0,1,2,0,0,1,5,0,0,1,6,0,0,1,6,7,5,6,7,0,0,7,0,0,0,3,4,5,10,3,4,5,10,3,4,5,10,3,4,5,10,8,9,0,0,8,9,0,0,8,9,0,0,8,9,0,0,7,8,0,0,7,8,0,0,2,13,0,0,2,13,0,0,2,13,0,0,2,13,0,0,3,4,11,0,3,4,14,0,3,4,14,0,14,0,0,0,14,0,0,0,12,0,0,0,12,0,0,0,6,0,0,0]},"blendWeight":{"type":"float32","components":4,"data":[0.25,0.25,0.25,0.25,0.5,0.5,0,0,0.333333,0.333333,0.333333,0,0.25,0.25,0.25,0.25,0.5,0.5,0,0,1,0,0,0,0.5,0.5,0,0,0.333333,0.333333,0.333333,0,0.5,0.5,0,0,1,0,0,0,0.25,0.25,0.25,0.25,0.25,0.25,0.25,0.25,0.25,0.25,0.25,0.25,0.25,0.25,0.25,0.25,0.5,0.5,0,0,0.5,0.5,0,0,0.5,0.5,0,0,0.5,0.5,0,0,0.5,0.5,0,0,0.5,0.5,0,0,0.5,0.5,0,0,0.5,0.5,0,0,0.5,0.5,0,0,0.5,0.5,0,0,0.333333,0.333333,0.333333,0,0.333333,0.333333,0.333333,0,0.333333,0.333333,0.333333,0,1,0,0,0,1,0,0,0,1,0,0,0,1,0,0,0,1,0,0,0,0.25,0.25,0.25,0.25,0.454513,0.454513,0.0909737,0,0.25,0.25,0.25,0.25,0.333333,0.333333,0.333333,0,0.5,0.5,0,0,0.933332,0.0666675,0,0,0.5,0.5,0,0,0.331813,0.331813,0.331813,0.00456205,0.5,0.5,0,0,1,0,0,0,0.25,0.25,0.25,0.25,0.25,0.25,0.25,0.25,0.25,0.25,0.25,0.25,0.25,0.25,0.25,0.25,0.5,0.5,0,0,0.5,0.5,0,0,0.5,0.5,0,0,0.5,0.5,0,0,0.5,0.5,0,0,0.5,0.5,0,0,0.5,0.5,0,0,0.5,0.5,0,0,0.5,0.5,0,0,0.5,0.5,0,0,0.333333,0.333333,0.333333,0,0.333333,0.333333,0.333333,0,0.333333,0.333333,0.333333,0,1,0,0,0,1,0,0,0,1,0,0,0,1,0,0,0,1,0,0,0]},"texCoord0":{"type":"float32","components":2,"data":[0.881971,0.363517,0.972012,0.388592,0.870211,0.388382,0.968058,0.352332,0.868493,0.429554,0.986792,0.443148,0.901446,0.463705,0.97281,0.461506,0.951725,0.512987,0.982659,0.512034,0.969385,0.271724,0.844057,0.34767,0.908813,0.197441,0.975767,0.197214,0.952361,0.568571,0.920575,0.60166,0.923823,0.556611,0.892037,0.589699,0.982356,0.538612,0.953818,0.526652,0.851361,0.407569,0.841826,0.38596,0.833271,0.423836,0.806895,0.414868,0.886102,0.206923,0.777658,0.310301,0.855066,0.216257,0.841614,0.186017,0.866395,0.166833,0.963788,0.166531,0.917869,0.166459,0.911295,0.514233,0.881971,0.363517,0.972012,0.388592,0.968058,0.352332,0.870211,0.388382,0.868493,0.429554,0.986792,0.443148,0.901446,0.463705,0.97281,0.461506,0.951725,0.512987,0.982659,0.512034,0.969385,0.271724,0.844057,0.34767,0.908813,0.197441,0.975767,0.197214,0.920575,0.60166,0.923823,0.556611,0.892037,0.589699,0.952361,0.568571,0.953818,0.526652,0.982356,0.538612,0.851361,0.407569,0.841826,0.38596,0.833271,0.423836,0.806895,0.414868,0.777658,0.310301,0.886102,0.206923,0.855066,0.216257,0.841614,0.186017,0.866395,0.166833,0.963788,0.166531,0.917869,0.166459,0.911295,0.514233]}},{"position":{"type":"float32","components":3,"data":[72.2605,37.8048,16.4309,60.2514,37.8048,11.207,52.291,37.8048,22.0219,78.7847,37.8048,30.1863,76.006,37.8048,2.92084,54.8,37.8048,3.58365,58.9563,37.8048,-3.44309,74.2268,37.8048,-3.05271,75.0721,37.8048,-14.845,70.8358,37.8048,-8.69111,69.3783,37.8048,-14.3295,53.991,37.8048,47.9048,81.5841,37.8048,53.7597,60.8814,37.8048,50.7442,76.432,37.8048,54.0263,59.0918,37.8048,-24.645,62.2589,37.8048,-15.9975,64.3996,37.8048,-21.2159,55.7846,37.8048,-12.7566,61.7816,37.8048,-11.0669,63.0482,37.8048,-27.922,67.8548,37.8048,-24.0768,61.7237,37.8048,60.9181,74.529,37.8048,60.8191,78.7847,37.5708,30.1863,52.291,37.5708,22.0219,72.2605,37.5708,16.4309,60.2514,37.5708,11.207,76.006,37.5708,2.92084,54.8,37.5708,3.58365,58.9563,37.5708,-3.44309,74.2268,37.5708,-3.05271,75.0721,37.5708,-14.845,70.8358,37.5708,-8.69111,69.3783,37.5708,-14.3295,53.991,37.5708,47.9048,81.5841,37.5708,53.7597,60.8814,37.5708,50.7442,76.432,37.5708,54.0263,59.0918,37.5708,-24.645,62.2589,37.5708,-15.9975,55.7846,37.5708,-12.7566,64.3996,37.5708,-21.2159,61.7816,37.5708,-11.0669,63.0482,37.5708,-27.922,67.8548,37.5708,-24.0768,61.7237,37.5708,60.9181,74.529,37.5708,60.8191]},"normal":{"type":"float32","components":3,"data":[1.55665e-08,1,1.33873e-07,1.78034e-08,1,1.28475e-07,-7.62155e-09,1,2.09484e-07,-1.59414e-08,1,2.37979e-07,1.97885e-08,1,8.76553e-08,1.97984e-08,1,8.77971e-08,2.92643e-09,1,9.22934e-08,2.21209e-08,1,9.53516e-08,2.03613e-08,1,1.36646e-07,2.76531e-08,1,1.3899e-07,2.29109e-08,1,1.37219e-07,-2.376e-08,1,2.62854e-07,-2.02594e-08,1,2.49086e-07,1.19129e-08,1,1.19644e-07,1.15854e-08,1,1.20536e-07,-4.92725e-08,1,1.03897e-07,-4.25133e-08,1,1.15043e-07,-2.96046e-08,1,1.13374e-07,-8.1181e-08,1,1.08246e-07,-2.41964e-08,1,1.26543e-07,-3.10563e-08,1,1.05658e-07,-7.88195e-09,1,1.20832e-07,6.36002e-09,1,1.34757e-07,6.36002e-09,1,1.34757e-07,1.57081e-08,-1,-2.37805e-07,7.43444e-09,-1,-2.09609e-07,-1.57611e-08,-1,-1.33929e-07,-1.80666e-08,-1,-1.28074e-07,-2.00071e-08,-1,-8.75648e-08,-2.00179e-08,-1,-8.77013e-08,-3.03317e-09,-1,-9.29221e-08,-2.23288e-08,-1,-9.59339e-08,-2.02939e-08,-1,-1.36398e-07,-2.8148e-08,-1,-1.38893e-07,-2.36645e-08,-1,-1.3688e-07,2.36382e-08,-1,-2.63075e-07,2.03017e-08,-1,-2.50066e-07,-1.06615e-08,-1,-1.25383e-07,-1.03901e-08,-1,-1.25901e-07,4.88375e-08,-1,-1.03256e-07,4.20245e-08,-1,-1.14404e-07,8.17929e-08,-1,-1.07977e-07,2.92085e-08,-1,-1.12861e-07,2.3911e-08,-1,-1.26524e-07,3.04353e-08,-1,-1.05419e-07,7.43351e-09,-1,-1.2058e-07,-6.05941e-09,-1,-1.34173e-07,-6.05941e-09,-1,-1.34173e-07]},"blendIndices":{"type":"uint8","components":4,"data":[4,0,3,1,0,3,5,4,3,4,0,0,4,2,3,6,1,7,4,0,5,0,3,4,5,1,0,0,1,7,4,5,9,1,0,0,1,9,0,0,9,1,8,5,2,6,3,4,2,4,6,3,2,6,3,4,2,4,6,3,8,9,5,0,8,9,5,1,9,8,5,0,5,8,0,0,5,8,9,1,8,9,5,0,9,8,0,0,2,6,4,3,2,4,6,3,4,2,3,6,3,0,4,0,4,0,3,1,0,3,5,4,1,7,4,0,5,0,3,4,5,1,0,0,1,7,4,5,9,1,0,0,1,0,0,0,9,1,8,0,2,6,3,4,2,4,6,3,2,6,3,4,2,4,6,3,8,9,5,0,8,9,5,1,5,8,0,0,9,8,5,0,5,8,9,1,8,9,0,0,9,8,0,0,2,6,4,3,2,4,6,3]},"blendWeight":{"type":"float32","components":4,"data":[0.810859,0.0674294,0.0632838,0.0584277,0.535242,0.167282,0.1555,0.141976,0.926131,0.037197,0.0366722,0,0.72294,0.163172,0.0843082,0.0295796,0.601523,0.175971,0.163065,0.0594399,0.591999,0.259755,0.0810895,0.0671569,0.814903,0.110024,0.0750729,0,0.867463,0.0525756,0.048756,0.0312052,0.535504,0.464496,0,0,0.981875,0.0181248,0,0,0.72339,0.258638,0.0144014,0.00357048,0.421573,0.309566,0.168733,0.100129,0.64261,0.216806,0.0802503,0.060334,0.50491,0.247533,0.137526,0.11003,0.638665,0.190545,0.101668,0.0691225,0.613692,0.343923,0.0423851,0,0.431092,0.292803,0.248495,0.02761,0.810138,0.149661,0.0402003,0,0.50871,0.49129,0,0,0.619953,0.171839,0.126243,0.0819648,0.530511,0.462874,0.00661502,0,0.873558,0.126442,0,0,0.706413,0.131941,0.0859657,0.0756799,0.700406,0.140803,0.0966086,0.0621825,0.736743,0.160495,0.0784633,0.0242986,0.952639,0.0256041,0.0217567,0,0.83409,0.0622532,0.0547009,0.048956,0.56286,0.155385,0.149176,0.13258,0.60033,0.181939,0.159449,0.0582823,0.604639,0.262842,0.0724753,0.0600445,0.840148,0.0927154,0.0671363,0,0.886905,0.0497452,0.0401188,0.0232312,0.539147,0.460853,0,0,1,0,0,0,0.780187,0.219027,0.00078536,0,0.431559,0.312057,0.163098,0.0932859,0.659488,0.21212,0.0743069,0.0540851,0.519864,0.246168,0.131018,0.102949,0.656023,0.184994,0.0961725,0.0628104,0.6587,0.318032,0.0232679,0,0.472844,0.277729,0.24523,0.00419727,0.505093,0.494907,0,0,0.861517,0.123721,0.0147618,0,0.66663,0.162068,0.105462,0.0658404,0.561688,0.438312,0,0,0.89706,0.10294,0,0,0.72942,0.124512,0.0777385,0.0683298,0.721205,0.133283,0.0899546,0.0555577]},"texCoord0":{"type":"float32","components":2,"data":[0.939033,0.796155,0.887465,0.81856,0.853283,0.772177,0.967048,0.737161,0.955116,0.854098,0.864057,0.851255,0.881904,0.881391,0.947476,0.879717,0.951106,0.930292,0.932915,0.903899,0.926657,0.928081,0.860583,0.66117,0.979068,0.636059,0.89017,0.648992,0.956945,0.634916,0.882486,0.972322,0.896085,0.935235,0.905278,0.957615,0.868284,0.921335,0.894036,0.914088,0.899475,0.986377,0.920115,0.969886,0.893787,0.605358,0.948774,0.605783,0.967048,0.737161,0.853283,0.772177,0.939033,0.796155,0.887465,0.81856,0.955116,0.854098,0.864057,0.851255,0.881904,0.881391,0.947476,0.879717,0.951106,0.930292,0.932915,0.903899,0.926657,0.928081,0.860583,0.66117,0.979068,0.636059,0.89017,0.648992,0.956945,0.634916,0.882486,0.972322,0.896085,0.935235,0.868284,0.921335,0.905278,0.957615,0.894036,0.914088,0.899475,0.986377,0.920115,0.969886,0.893787,0.605358,0.948774,0.605783]}}],"meshes":[{"aabb":{"min":[196.66,43.0125,-6.47454],"max":[233.945,43.4011,65.8823]},"vertices":0,"skin":0,"indices":[0,1,2,1,0,3,4,5,0,0,2,4,4,6,5,6,4,7,8,9,6,8,6,7,8,10,9,10,8,11,12,4,13,4,12,7,13,14,12,14,13,15,16,15,17,15,16,14,18,19,5,5,6,18,18,20,19,20,18,21,22,20,23,23,20,21,24,25,26,25,24,27,24,28,27,28,24,29,3,25,1,25,3,26,30,31,32,31,30,33,32,31,34,31,35,34,34,36,37,36,34,35,38,39,36,36,39,37,40,39,38,39,40,41,34,42,43,42,34,37,44,43,42,43,44,45,46,45,44,45,46,47,36,35,48,35,49,48,50,48,49,48,50,51,51,50,52,50,53,52,54,55,56,55,54,57,58,55,57,55,58,59,54,33,30,33,54,56],"type":"triangles","base":0,"count":168},{"aabb":{"min":[-15.0714,40.6115,-22.0403],"max":[33.5012,41.0178,63.8265]},"vertices":1,"skin":1,"indices":[0,1,2,2,1,3,0,2,4,0,4,5,6,7,5,6,5,4,7,6,8,7,8,9,10,3,1,10,11,3,11,10,12,11,12,13,14,2,15,2,14,4,16,14,17,14,15,17,17,18,16,16,18,19,20,0,5,21,0,20,20,22,21,22,20,23,23,24,22,24,23,25,12,26,27,12,27,28,12,10,26,27,29,28,29,27,30,29,31,28,31,29,32,33,13,12,13,33,34,35,36,37,36,35,38,39,40,38,36,38,40,41,42,39,39,42,40,43,41,44,42,41,43,45,46,37,37,46,35,47,45,48,46,45,47,49,36,40,36,49,50,51,50,49,51,49,52,53,52,54,53,51,52,38,55,39,55,38,56,55,57,58,57,55,56,58,59,60,59,58,57,61,47,62,63,47,61,47,63,46,61,64,65,64,61,62,64,66,67,66,64,62,68,48,69,48,68,47],"type":"triangles","base":0,"count":198},{"aabb":{"min":[-32.9533,-1.88637,20.6479],"max":[17.4531,76.5785,20.9259]},"vertices":2,"skin":2,"indices":[0,1,2,1,0,3,4,2,5,2,4,0,6,7,4,4,5,6,6,8,7,8,6,9,10,1,3,1,10,11,12,11,10,11,12,13,2,14,5,14,2,15,15,16,14,14,16,17,18,17,16,17,18,19,0,4,20,0,20,21,22,21,20,21,22,23,22,24,23,24,22,25,26,12,27,12,26,28,12,10,27,29,28,26,28,29,30,12,31,13,31,12,32,33,31,32,33,34,31,35,36,37,36,35,38,37,39,40,39,37,36,40,39,41,39,42,41,41,43,44,43,41,42,45,35,46,35,45,38,47,48,46,45,46,48,37,49,50,49,37,40,51,49,52,51,50,49,52,53,54,52,54,51,55,56,36,39,36,56,57,55,58,55,57,56,59,57,58,57,59,60,61,48,62,63,48,61,48,63,45,64,65,62,62,65,61,66,48,47,48,66,67,67,66,68,66,69,68],"type":"triangles","base":0,"count":198},{"aabb":{"min":[234.349,34.7491,-30.7435],"max":[276.684,35.0353,57.4625]},"vertices":3,"skin":3,"indices":[0,1,2,1,0,3,4,1,5,1,4,2,5,6,4,6,5,7,8,7,9,10,0,11,0,10,3,11,12,10,10,12,13,14,15,16,17,16,15,18,14,19,16,19,14,2,4,20,2,20,21,22,21,20,23,21,22,19,9,18,9,19,8,24,25,26,12,25,24,12,11,25,26,27,24,28,24,27,12,29,13,29,12,30,31,6,8,6,7,8,32,33,34,33,32,35,33,36,37,36,33,35,38,37,36,37,38,39,40,41,39,42,32,34,32,42,43,44,42,45,42,44,43,46,47,48,46,49,47,49,50,47,49,51,50,36,35,52,35,53,52,54,53,55,53,54,52,41,50,51,50,41,40,56,57,58,56,44,57,44,56,43,57,59,58,59,57,60,61,44,45,44,61,62,39,38,40,38,63,40],"type":"triangles","base":0,"count":180},{"aabb":{"min":[52.291,37.5708,-27.922],"max":[81.5841,37.8048,60.9181]},"vertices":4,"skin":4,"indices":[0,1,2,0,2,3,4,5,1,4,1,0,4,6,5,6,4,7,8,9,7,9,8,10,2,11,3,3,11,12,13,12,11,12,13,14,15,16,17,16,15,18,18,6,19,19,16,18,20,17,21,17,20,15,8,21,10,10,21,17,9,19,6,6,7,9,22,14,13,14,22,23,10,16,19,19,9,10,24,25,26,26,25,27,26,27,28,27,29,28,28,30,31,30,28,29,32,33,34,33,32,31,35,24,36,24,35,25,37,36,38,35,36,37,39,40,41,40,39,42,43,41,40,41,43,30,44,42,39,42,44,45,45,32,34,45,34,42,31,30,33,30,43,33,46,38,47,38,46,37,33,43,34,43,40,34],"type":"triangles","base":0,"count":156}],"meshInstances":[{"node":1,"mesh":0},{"node":2,"mesh":1},{"node":3,"mesh":2},{"node":4,"mesh":3},{"node":5,"mesh":4}]}}