{"frames": [

{
	"filename": "con_ran-1",
	"frame": {"x":352,"y":1477,"w":225,"h":79},
	"rotated": false,
	"trimmed": false,
	"spriteSourceSize": {"x":0,"y":0,"w":225,"h":79},
	"sourceSize": {"w":225,"h":79}
},
{
	"filename": "con_ran",
	"frame": {"x":829,"y":1234,"w":177,"h":170},
	"rotated": false,
	"trimmed": false,
	"spriteSourceSize": {"x":0,"y":0,"w":177,"h":170},
	"sourceSize": {"w":177,"h":170}
},
{
	"filename": "diem_neo_dau_lau",
	"frame": {"x":689,"y":1427,"w":157,"h":135},
	"rotated": false,
	"trimmed": true,
	"spriteSourceSize": {"x":7,"y":7,"w":157,"h":135},
	"sourceSize": {"w":171,"h":149}
},
{
	"filename": "diem_neo_dau_lau_hot",
	"frame": {"x":847,"y":1405,"w":169,"h":147},
	"rotated": false,
	"trimmed": true,
	"spriteSourceSize": {"x":1,"y":1,"w":169,"h":147},
	"sourceSize": {"w":171,"h":149}
},
{
	"filename": "kim_tu_thap",
	"frame": {"x":352,"y":1234,"w":336,"h":242},
	"rotated": false,
	"trimmed": true,
	"spriteSourceSize": {"x":7,"y":7,"w":336,"h":242},
	"sourceSize": {"w":350,"h":256}
},
{
	"filename": "kim_tu_thap_hot",
	"frame": {"x":1,"y":1234,"w":350,"h":255},
	"rotated": false,
	"trimmed": true,
	"spriteSourceSize": {"x":0,"y":1,"w":350,"h":255},
	"sourceSize": {"w":350,"h":256}
},
{
	"filename": "ran",
	"frame": {"x":689,"y":1234,"w":139,"h":192},
	"rotated": false,
	"trimmed": false,
	"spriteSourceSize": {"x":0,"y":0,"w":139,"h":192},
	"sourceSize": {"w":139,"h":192}
},
{
	"filename": "sa_mac",
	"frame": {"x":1,"y":1,"w":1080,"h":1232},
	"rotated": false,
	"trimmed": false,
	"spriteSourceSize": {"x":0,"y":0,"w":1080,"h":1232},
	"sourceSize": {"w":1080,"h":1232}
},
{
	"filename": "sao",
	"frame": {"x":1,"y":1490,"w":170,"h":72},
	"rotated": false,
	"trimmed": false,
	"spriteSourceSize": {"x":0,"y":0,"w":170,"h":72},
	"sourceSize": {"w":170,"h":72}
},
{
	"filename": "z_1",
	"frame": {"x":172,"y":1490,"w":44,"h":71},
	"rotated": false,
	"trimmed": false,
	"spriteSourceSize": {"x":0,"y":0,"w":44,"h":71},
	"sourceSize": {"w":44,"h":71}
}],
"meta": {
	"app": "https://www.codeandweb.com/texturepacker",
	"version": "1.0",
	"image": "props.png",
	"format": "RGBA8888",
	"size": {"w":1082,"h":1563},
	"scale": "1",
	"smartupdate": "$TexturePacker:SmartUpdate:b1412af43f5c6de7302e4ada8653b827:92cdea6f46eb5e7a46dabfab2fae42fc:f4c39b94f5b79b4c461da96ae5609d50$"
}
}
