{"frames": [

{
	"filename": "bg",
	"frame": {"x":1,"y":1,"w":40,"h":1191},
	"rotated": false,
	"trimmed": false,
	"spriteSourceSize": {"x":0,"y":0,"w":40,"h":1191},
	"sourceSize": {"w":40,"h":1191}
},
{
	"filename": "bot",
	"frame": {"x":361,"y":249,"w":202,"h":319},
	"rotated": false,
	"trimmed": false,
	"spriteSourceSize": {"x":0,"y":0,"w":202,"h":319},
	"sourceSize": {"w":202,"h":319}
},
{
	"filename": "chau_cay",
	"frame": {"x":564,"y":299,"w":175,"h":318},
	"rotated": false,
	"trimmed": false,
	"spriteSourceSize": {"x":0,"y":0,"w":175,"h":318},
	"sourceSize": {"w":175,"h":318}
},
{
	"filename": "cua",
	"frame": {"x":42,"y":169,"w":318,"h":454},
	"rotated": false,
	"trimmed": false,
	"spriteSourceSize": {"x":0,"y":0,"w":318,"h":454},
	"sourceSize": {"w":318,"h":454}
},
{
	"filename": "diem_neo_den_tuong",
	"frame": {"x":599,"y":169,"w":69,"h":129},
	"rotated": false,
	"trimmed": false,
	"spriteSourceSize": {"x":0,"y":0,"w":69,"h":129},
	"sourceSize": {"w":69,"h":129}
},
{
	"filename": "hop_pizza",
	"frame": {"x":361,"y":169,"w":237,"h":79},
	"rotated": false,
	"trimmed": false,
	"spriteSourceSize": {"x":0,"y":0,"w":237,"h":79},
	"sourceSize": {"w":237,"h":79}
},
{
	"filename": "mid",
	"frame": {"x":42,"y":624,"w":207,"h":512},
	"rotated": false,
	"trimmed": false,
	"spriteSourceSize": {"x":0,"y":0,"w":207,"h":512},
	"sourceSize": {"w":207,"h":512}
},
{
	"filename": "top",
	"frame": {"x":42,"y":1,"w":705,"h":167},
	"rotated": false,
	"trimmed": false,
	"spriteSourceSize": {"x":0,"y":0,"w":705,"h":167},
	"sourceSize": {"w":705,"h":167}
}],
"meta": {
	"app": "https://www.codeandweb.com/texturepacker",
	"version": "1.0",
	"image": "props.png",
	"format": "RGBA8888",
	"size": {"w":748,"h":1193},
	"scale": "1",
	"smartupdate": "$TexturePacker:SmartUpdate:c3acd1c9aeccdcbe8d77fe00fa52c36d:a16d1b0834930c63a7d798b76a6056dd:f4c39b94f5b79b4c461da96ae5609d50$"
}
}
