{
"skeleton": { "hash": "GB98m/y5HAw", "spine": "4.1.24", "x": -565.77, "y": -386.28, "width": 1105, "height": 1202 },
"bones": [
	{ "name": "root" },
	{ "name": "move", "parent": "root" },
	{ "name": "main", "parent": "move", "y": 256.6 },
	{ "name": "hip", "parent": "main" },
	{ "name": "body", "parent": "hip", "length": 26.97, "rotation": 90 },
	{ "name": "body2", "parent": "body", "length": 26.97, "x": 26.97 },
	{ "name": "body3", "parent": "body2", "length": 26.97, "x": 26.97 },
	{ "name": "body4", "parent": "body3", "length": 26.97, "x": 26.97 },
	{ "name": "body5", "parent": "body4", "length": 26.97, "x": 26.97 },
	{ "name": "body6", "parent": "body5", "length": 26.97, "x": 26.97 },
	{ "name": "body7", "parent": "body6", "length": 26.97, "x": 26.97 },
	{ "name": "body8", "parent": "body7", "length": 26.97, "x": 26.97 },
	{ "name": "head", "parent": "body8", "length": 135.67, "x": 14.75 },
	{ "name": "eye_1", "parent": "head", "x": 87.53, "y": 30.96 },
	{ "name": "emoji", "parent": "head", "rotation": -90, "x": 50.24 },
	{ "name": "shouder_1", "parent": "body7", "length": 100.06, "rotation": -90, "x": 15.39, "y": 0.02 },
	{ "name": "arm_1", "parent": "shouder_1", "length": 100.06, "x": 94.79 },
	{ "name": "shouder_2", "parent": "body7", "length": 100.06, "rotation": 90, "x": 15.39, "y": 0.02 },
	{ "name": "arm_2", "parent": "shouder_2", "length": 100.06, "x": 94.79 },
	{ "name": "thigh_1", "parent": "main", "length": 134.15, "rotation": -90, "x": -0.54, "y": 4.23 },
	{ "name": "leg_1", "parent": "thigh_1", "length": 134.15, "x": 128.14 },
	{ "name": "thigh_2", "parent": "main", "length": 134.15, "rotation": -90, "x": -0.1, "y": 4.23 },
	{ "name": "leg_2", "parent": "thigh_2", "length": 134.15, "x": 128.14 },
	{ "name": "foot_2", "parent": "move", "x": 0.16, "y": -1.16 },
	{ "name": "foot_3", "parent": "move", "x": 0.1, "y": -1.12 },
	{ "name": "eye_2", "parent": "head", "x": 87.53, "y": -25.11 },
	{ "name": "toc", "parent": "head", "length": 61.74, "rotation": 180, "x": 68.49, "y": -7.87 },
	{ "name": "feelling_1", "parent": "root" },
	{ "name": "tist_1", "parent": "body6", "x": 39.52, "y": 12.99 },
	{ "name": "tist_2", "parent": "body6", "x": 39.52, "y": -12.02 },
	{ "name": "feelling_2", "parent": "root" },
	{ "name": "feelling_3", "parent": "root", "x": 0.94, "y": 0.94 },
	{ "name": "item", "parent": "root" }
],
"slots": [
	{ "name": "bg_gane_play", "bone": "root", "color": "ffffff2e" },
	{ "name": "item", "bone": "item" },
	{ "name": "toc", "bone": "toc", "attachment": "Emoji/Toc sau" },
	{ "name": "body", "bone": "hip", "color": "000000ff", "attachment": "body" },
	{ "name": "shoulder", "bone": "shouder_1", "color": "000000ff", "attachment": "shoulder" },
	{ "name": "shoulder3", "bone": "shouder_2", "color": "000000ff", "attachment": "shoulder" },
	{ "name": "shoulder2", "bone": "arm_1", "color": "000000ff", "attachment": "shoulder" },
	{ "name": "shoulder4", "bone": "arm_2", "color": "000000ff", "attachment": "shoulder" },
	{ "name": "thigh", "bone": "thigh_1", "color": "000000ff", "attachment": "thigh" },
	{ "name": "thigh3", "bone": "thigh_2", "color": "000000ff", "attachment": "thigh" },
	{ "name": "thigh2", "bone": "leg_1", "color": "000000ff", "attachment": "thigh" },
	{ "name": "thigh4", "bone": "leg_2", "color": "000000ff", "attachment": "thigh" },
	{ "name": "dot", "bone": "main" },
	{ "name": "eye_1", "bone": "eye_1", "color": "000000ff" },
	{ "name": "eye_2", "bone": "eye_2", "color": "000000ff" },
	{ "name": "vay_1", "bone": "hip", "color": "000000ff", "attachment": "vay_1" },
	{ "name": "nguc", "bone": "tist_1", "color": "000000ff", "attachment": "nguc" },
	{ "name": "nguc2", "bone": "tist_2", "color": "000000ff", "attachment": "nguc" },
	{ "name": "head", "bone": "head", "attachment": "Emoji/Dau chinh dien" },
	{ "name": "emoji", "bone": "emoji" },
	{ "name": "feelling_1", "bone": "feelling_1" },
	{ "name": "feelling_2", "bone": "feelling_2" },
	{ "name": "feelling_3", "bone": "feelling_3" }
],
"ik": [
	{
		"name": "foot_1",
		"bones": [ "thigh_1", "leg_1" ],
		"target": "foot_2",
		"mix": 0,
		"stretch": true
	},
	{
		"name": "foot_2",
		"order": 1,
		"bones": [ "thigh_2", "leg_2" ],
		"target": "foot_3",
		"mix": 0,
		"stretch": true
	}
],
"skins": [
	{
		"name": "default",
		"attachments": {
			"body": {
				"body": {
					"type": "mesh",
					"uvs": [ 1, 1, 0, 1, 0, 0.875, 0, 0.75, 0, 0.625, 0, 0.5, 0, 0.375, 0, 0.25, 0, 0.125, 0, 0, 1, 0, 1, 0.125, 1, 0.25, 1, 0.375, 1, 0.5, 1, 0.625, 1, 0.75, 1, 0.875 ],
					"triangles": [ 7, 8, 11, 11, 8, 10, 8, 9, 10, 12, 7, 11, 13, 6, 12, 6, 7, 12, 14, 5, 13, 5, 6, 13, 15, 4, 14, 4, 5, 14, 16, 3, 15, 3, 4, 15, 2, 3, 16, 0, 1, 17, 1, 2, 17, 17, 2, 16 ],
					"vertices": [ 1, 4, -1.7, -5.5, 1, 1, 4, -1.7, 5.5, 1, 2, 4, 25.68, 5.5, 0.70301, 5, -1.29, 5.5, 0.29699, 2, 5, 26.08, 5.5, 0.65569, 6, -0.88, 5.5, 0.34431, 2, 6, 26.49, 5.5, 0.55905, 7, -0.48, 5.5, 0.44095, 2, 7, 26.9, 5.5, 0.51367, 8, -0.07, 5.5, 0.48633, 2, 8, 27.3, 5.5, 0.41705, 9, 0.33, 5.5, 0.58295, 2, 9, 27.71, 5.5, 0.38565, 10, 0.74, 5.5, 0.61435, 2, 10, 28.11, 5.5, 0.36868, 11, 1.14, 5.5, 0.63132, 1, 11, 28.52, 5.5, 1, 1, 11, 28.52, -5.5, 1, 2, 10, 28.11, -5.5, 0.3064, 11, 1.14, -5.5, 0.6936, 2, 9, 27.71, -5.5, 0.40945, 10, 0.74, -5.5, 0.59055, 2, 8, 27.3, -5.5, 0.44404, 9, 0.33, -5.5, 0.55596, 2, 7, 26.9, -5.5, 0.52991, 8, -0.07, -5.5, 0.47009, 2, 6, 26.49, -5.5, 0.58474, 7, -0.48, -5.5, 0.41526, 2, 5, 26.08, -5.5, 0.62061, 6, -0.88, -5.5, 0.37939, 2, 4, 25.68, -5.5, 0.65664, 5, -1.29, -5.5, 0.34336 ],
					"hull": 18
				}
			},
			"emoji": {
				"Emoji/emo_vo_00": { "x": 0.5, "width": 103, "height": 136 },
				"Emoji/emo_vo_7b": { "width": 87, "height": 70 },
				"Emoji/emo_vo_35": { "width": 96, "height": 80 },
				"Emoji/emo_vo_41": { "width": 80, "height": 88 }
			},
			"eye_1": {
				"khoi": { "width": 153, "height": 107 },
				"scare": { "width": 80, "height": 83 }
			},
			"eye_2": {
				"hoi_cham": { "width": 30, "height": 52 },
				"khoi": { "width": 153, "height": 107 },
				"run": { "width": 27, "height": 58 }
			},
			"feelling_1": {
				"giat_minh": { "width": 70, "height": 66 },
				"hoi_cham": { "width": 30, "height": 52 },
				"mo_hoi": { "x": 0.5, "y": 0.5, "width": 19, "height": 41 }
			},
			"feelling_2": {
				"giat_minh": { "width": 70, "height": 66 },
				"hoi_cham": { "width": 30, "height": 52 },
				"mo_hoi": { "x": 0.5, "y": 0.5, "width": 19, "height": 41 }
			},
			"feelling_3": {
				"cham_than": { "width": 17, "height": 57 },
				"mo_hoi": { "x": 0.5, "y": 0.5, "width": 19, "height": 41 }
			},
			"head": {
				"Emoji/Dau 1-2": { "x": 68.22, "rotation": -90, "width": 139, "height": 139 },
				"Emoji/Dau chinh dien": { "x": 68.22, "rotation": -90, "width": 139, "height": 140 }
			},
			"nguc": {
				"nguc": { "width": 35, "height": 35 }
			},
			"nguc2": {
				"nguc": { "width": 35, "height": 35 }
			},
			"shoulder": {
				"shoulder": { "x": 49.22, "rotation": -90, "width": 15, "height": 105 }
			},
			"shoulder2": {
				"shoulder": { "x": 49.22, "rotation": -90, "width": 15, "height": 105 }
			},
			"shoulder3": {
				"shoulder": { "x": 49.22, "rotation": -90, "width": 15, "height": 105 }
			},
			"shoulder4": {
				"shoulder": { "x": 50.57, "rotation": -90, "width": 15, "height": 105 }
			},
			"thigh": {
				"thigh": { "x": 66.01, "rotation": -90, "width": 14, "height": 137 }
			},
			"thigh2": {
				"thigh": { "x": 66.01, "rotation": -90, "width": 14, "height": 137 }
			},
			"thigh3": {
				"thigh": { "x": 66.01, "rotation": -90, "width": 14, "height": 137 }
			},
			"thigh4": {
				"thigh": { "x": 66.01, "rotation": -90, "width": 14, "height": 137 }
			},
			"toc": {
				"Emoji/Toc sau": { "x": 127.23, "y": -13.01, "rotation": 90, "width": 162, "height": 267 },
				"Emoji/Toc sau 1-2": { "x": 125.16, "y": -9.21, "rotation": 90, "width": 121, "height": 264 }
			},
			"vay_1": {
				"vay_1": {
					"type": "mesh",
					"uvs": [ 1, 1, 0.85714, 1, 0.71429, 1, 0.57143, 1, 0.42857, 1, 0.28571, 1, 0.14286, 1, 0, 1, 0, 0.92308, 0, 0.84615, 0, 0.76923, 0, 0.69231, 0, 0.61538, 0, 0.53846, 0, 0.46154, 0, 0.38462, 0, 0.30769, 0, 0.23077, 0, 0.15385, 0, 0.07692, 0, 0, 1, 0, 1, 0.07692, 1, 0.15385, 1, 0.23077, 1, 0.30769, 1, 0.38462, 1, 0.46154, 1, 0.53846, 1, 0.61538, 1, 0.69231, 1, 0.76923, 1, 0.84615, 1, 0.92308 ],
					"triangles": [ 20, 21, 22, 18, 23, 24, 18, 19, 23, 19, 22, 23, 19, 20, 22, 16, 25, 26, 16, 17, 25, 17, 24, 25, 17, 18, 24, 14, 15, 27, 15, 26, 27, 15, 16, 26, 12, 28, 29, 12, 13, 28, 28, 14, 27, 28, 13, 14, 10, 11, 30, 11, 29, 30, 11, 12, 29, 1, 33, 0, 33, 1, 32, 32, 1, 2, 32, 2, 3, 32, 3, 4, 32, 4, 5, 5, 31, 32, 6, 7, 8, 6, 31, 5, 6, 8, 9, 31, 6, 10, 6, 9, 10, 10, 30, 31 ],
					"vertices": [ 1, 4, -21.08, -62.79, 1, 2, 4, -21.08, -45.17, 0.99735, 5, -48.05, -45.17, 0.00265, 2, 4, -21.08, -27.56, 0.9993, 5, -48.05, -27.56, 7.0E-4, 1, 4, -21.08, -9.95, 1, 1, 4, -21.08, 7.67, 1, 1, 4, -21.08, 25.28, 1, 2, 4, -21.08, 42.9, 0.99887, 5, -48.05, 42.9, 0.00113, 1, 4, -21.08, 61.19, 1, 2, 4, -6.05, 53.76, 0.98523, 5, -33.02, 53.76, 0.01477, 3, 4, 8.97, 46.88, 0.9046, 5, -18, 46.88, 0.09495, 6, -44.97, 46.88, 4.5E-4, 3, 4, 24, 40.4, 0.68693, 5, -2.97, 40.4, 0.29199, 6, -29.94, 40.4, 0.02108, 3, 4, 39.02, 34.19, 0.32201, 5, 12.05, 34.19, 0.54104, 6, -14.92, 34.19, 0.13695, 4, 4, 54.04, 28.38, 0.06001, 5, 27.07, 28.38, 0.4602, 6, 0.1, 28.38, 0.47958, 7, -26.86, 28.38, 2.0E-4, 4, 4, 69.07, 23.12, 9.4E-4, 5, 42.1, 23.12, 0.109, 6, 15.13, 23.12, 0.81682, 7, -11.84, 23.12, 0.07324, 3, 5, 57.12, 18.66, 0.00107, 6, 30.15, 18.66, 0.46911, 7, 3.18, 18.66, 0.52982, 3, 6, 45.18, 14.75, 0.0306, 7, 18.21, 14.75, 0.88199, 8, -8.76, 14.75, 0.08741, 2, 7, 33.23, 11.51, 0.13849, 8, 6.26, 11.51, 0.86151, 2, 8, 21.29, 9.48, 0.9085, 9, -5.68, 9.48, 0.0915, 2, 8, 36.31, 7.59, 0.00992, 9, 9.34, 7.59, 0.99008, 2, 9, 24.37, 6.51, 0.78587, 10, -2.6, 6.51, 0.21413, 1, 10, 9.22, 6.15, 1, 1, 10, 9.22, -7.5, 1, 2, 9, 24.37, -7.84, 0.7617, 10, -2.6, -7.84, 0.2383, 2, 8, 36.31, -9.54, 0.03137, 9, 9.34, -9.54, 0.96863, 2, 8, 21.29, -11.32, 0.86242, 9, -5.68, -11.32, 0.13758, 2, 7, 33.23, -13.41, 0.18366, 8, 6.26, -13.41, 0.81634, 3, 6, 45.18, -16.35, 0.02897, 7, 18.21, -16.35, 0.86901, 8, -8.76, -16.35, 0.10202, 3, 5, 57.01, -20.61, 0.0037, 6, 30.04, -20.61, 0.46458, 7, 3.07, -20.61, 0.53172, 4, 4, 69.07, -24.83, 0.00258, 5, 42.1, -24.83, 0.12632, 6, 15.13, -24.83, 0.79349, 7, -11.84, -24.83, 0.07761, 4, 4, 54.04, -30.11, 0.07218, 5, 27.07, -30.11, 0.46164, 6, 0.1, -30.11, 0.46583, 7, -26.86, -30.11, 3.5E-4, 3, 4, 39.02, -36.13, 0.33548, 5, 12.05, -36.13, 0.52335, 6, -14.92, -36.13, 0.14117, 3, 4, 24, -42.36, 0.68121, 5, -2.97, -42.36, 0.29411, 6, -29.94, -42.36, 0.02468, 3, 4, 8.97, -48.91, 0.89593, 5, -18, -48.91, 0.10315, 6, -44.97, -48.91, 9.2E-4, 2, 4, -6.05, -55.59, 0.98131, 5, -33.02, -55.59, 0.01869 ],
					"hull": 34
				}
			}
		}
	}
],
"animations": {
	"t_134_1_be": {
		"slots": {
			"body": {
				"attachment": [
					{}
				]
			},
			"emoji": {
				"attachment": [
					{ "name": "Emoji/emo_vo_41" }
				]
			},
			"feelling_1": {
				"attachment": [
					{ "name": "mo_hoi" }
				]
			},
			"feelling_2": {
				"attachment": [
					{ "name": "giat_minh" }
				]
			},
			"feelling_3": {
				"attachment": [
					{ "name": "cham_than" }
				]
			},
			"head": {
				"attachment": [
					{ "name": "Emoji/Dau 1-2" }
				]
			},
			"shoulder": {
				"attachment": [
					{ "name": "shoulder" }
				]
			},
			"shoulder2": {
				"attachment": [
					{ "name": "shoulder" }
				]
			},
			"shoulder3": {
				"attachment": [
					{ "name": "shoulder" }
				]
			},
			"shoulder4": {
				"attachment": [
					{ "name": "shoulder" }
				]
			},
			"toc": {
				"attachment": [
					{ "name": "Emoji/Toc sau" }
				]
			}
		},
		"bones": {
			"root": {
				"rotate": [
					{}
				],
				"translate": [
					{}
				],
				"scale": [
					{}
				]
			},
			"main": {
				"rotate": [
					{ "value": -16.28 }
				],
				"translate": [
					{ "x": 33.77, "y": -69.28 }
				],
				"scale": [
					{}
				]
			},
			"hip": {
				"rotate": [
					{}
				],
				"translate": [
					{}
				],
				"scale": [
					{}
				]
			},
			"body": {
				"rotate": [
					{ "value": 5.3 }
				],
				"translate": [
					{ "x": -26.5, "y": 0.62 }
				],
				"scale": [
					{}
				]
			},
			"body2": {
				"rotate": [
					{ "value": 5.3 }
				],
				"translate": [
					{}
				],
				"scale": [
					{}
				]
			},
			"body3": {
				"rotate": [
					{ "value": 5.3 }
				],
				"translate": [
					{}
				],
				"scale": [
					{}
				]
			},
			"body4": {
				"rotate": [
					{ "value": 5.3 }
				],
				"translate": [
					{}
				],
				"scale": [
					{}
				]
			},
			"body5": {
				"rotate": [
					{ "value": 5.3 }
				],
				"translate": [
					{}
				],
				"scale": [
					{}
				]
			},
			"body6": {
				"rotate": [
					{ "value": -3.42 }
				],
				"translate": [
					{}
				],
				"scale": [
					{}
				]
			},
			"body7": {
				"rotate": [
					{ "value": -3.42 }
				],
				"translate": [
					{}
				],
				"scale": [
					{}
				]
			},
			"body8": {
				"rotate": [
					{ "value": -3.42 }
				],
				"translate": [
					{}
				],
				"scale": [
					{}
				]
			},
			"head": {
				"rotate": [
					{ "value": -177.82 }
				],
				"translate": [
					{ "x": -20.07, "y": 14.54 }
				],
				"scale": [
					{ "x": -1 }
				]
			},
			"eye_1": {
				"rotate": [
					{}
				],
				"translate": [
					{}
				],
				"scale": [
					{}
				]
			},
			"emoji": {
				"rotate": [
					{ "value": 0.52 }
				],
				"translate": [
					{ "x": 0.12, "y": -26.03 }
				],
				"scale": [
					{ "x": 0.893, "y": 0.893 }
				]
			},
			"shouder_1": {
				"rotate": [
					{ "value": -140.9 }
				],
				"translate": [
					{ "x": -10.17, "y": 3.98 }
				],
				"scale": [
					{}
				]
			},
			"arm_1": {
				"rotate": [
					{ "value": -20.17 }
				],
				"translate": [
					{}
				],
				"scale": [
					{}
				]
			},
			"shouder_2": {
				"rotate": [
					{ "value": 27.23 }
				],
				"translate": [
					{ "x": -7.33, "y": 7.57 }
				],
				"scale": [
					{}
				]
			},
			"arm_2": {
				"rotate": [
					{ "value": -11.67 }
				],
				"translate": [
					{}
				],
				"scale": [
					{}
				]
			},
			"thigh_1": {
				"rotate": [
					{ "value": -3.93 }
				],
				"translate": [
					{ "x": -33.43, "y": 43.08 }
				],
				"scale": [
					{}
				]
			},
			"leg_1": {
				"rotate": [
					{ "value": 6.29 }
				],
				"scale": [
					{}
				]
			},
			"thigh_2": {
				"rotate": [
					{ "value": 2.41 }
				],
				"translate": [
					{ "x": -47.27, "y": 41.86 }
				],
				"scale": [
					{}
				]
			},
			"leg_2": {
				"rotate": [
					{ "value": 0.11 }
				],
				"translate": [
					{}
				],
				"scale": [
					{}
				]
			},
			"foot_2": {
				"rotate": [
					{}
				],
				"translate": [
					{ "x": -113.74, "y": 12.97 }
				],
				"scale": [
					{}
				]
			},
			"foot_3": {
				"rotate": [
					{}
				],
				"translate": [
					{ "x": -140.24, "y": 24.59 }
				],
				"scale": [
					{}
				]
			},
			"eye_2": {
				"rotate": [
					{}
				],
				"translate": [
					{}
				],
				"scale": [
					{}
				]
			},
			"toc": {
				"rotate": [
					{ "value": -79.99 }
				],
				"translate": [
					{ "x": 52.97, "y": 6.18 }
				],
				"scale": [
					{}
				]
			},
			"tist_1": {
				"translate": [
					{ "x": -15.04, "y": 5.25 }
				]
			},
			"tist_2": {
				"translate": [
					{ "x": -15.18, "y": 29.13 }
				]
			},
			"move": {
				"scale": [
					{}
				]
			},
			"feelling_1": {
				"rotate": [
					{ "value": 30.24 }
				],
				"translate": [
					{ "x": -39.06, "y": 431.83 }
				],
				"scale": [
					{ "x": 0.543, "y": 0.543 }
				]
			},
			"feelling_2": {
				"rotate": [
					{ "value": 132.48 }
				],
				"translate": [
					{ "x": -112.06, "y": 447.01 }
				]
			},
			"feelling_3": {
				"rotate": [
					{ "value": -0.68 }
				],
				"translate": [
					{ "x": -3.17, "y": 527.62 }
				],
				"scale": [
					{ "x": 1.823, "y": 1.823 }
				]
			}
		},
		"ik": {
			"foot_1": [
				{ "stretch": true }
			],
			"foot_2": [
				{ "stretch": true }
			]
		},
		"attachments": {
			"default": {
				"vay_1": {
					"vay_1": {
						"deform": [
							{
								"vertices": [ 27.53123, 49.11103, 15.56479, 37.03626, 17.88377, 36.01466, 15.40439, 30.14923, 16.76837, 29.67513, 15.87506, 18.52562, 16.63705, 14.88691, 18.42052, 10.91352, 20.91656, 3.20443, 20.89525, 1.90233, 23.23325, -5.72021, 13.67682, -1.85011, 13.69281, -2.43433, 9.0835, -0.31226, 9.1839, -0.53206, 9.26598, -0.81193, 4.96896, 1.89954, 5.08687, 1.90224, 5.19829, 1.85002, 5.17722, 2.7588, 5.12999, 2.84875, 5.08813, 2.90855, 5.56476, 4.54409, 5.35521, 4.54242, 5.14529, 4.53766, 4.93341, 4.52948, 9.75034, 7.81154, 9.56305, 7.62626, 9.36887, 7.4488, 9.16776, 7.27922, 7.75693, 11.18754, 7.72264, 11.01468, 7.68155, 10.84315, 8.04626, 13.16017, 8.17374, 13.0353, 8.29578, 12.90551, 8.18979, 13.31846, 8.33069, 13.0668, 5.84799, 11.13132, 5.40448, 11.57288, 3.84961, 9.18296, 3.4577, 9.59166, 14.54572, 3.81709, 14.3378, 5.4072, 16.51721, -1.70836, 15.40128, -0.08934, 9.90671, 3.00386, 9.45685, 4.32819, 11.41287, 6.41422, 11.02719, 7.80427, 13.67459, 10.40713, 13.2525, 12.14136, 9.35049, 17.88649, 9.56537, 17.17369, 7.69656, 21.99769, 8.00684, 21.61212, 8.30249, 21.21446, 11.86418, 25.78435, 12.26346, 25.42304, 12.64804, 25.04573, 8.97835, 24.37082, 9.34773, 24.20567, 9.71051, 24.02591, 10.06583, 23.8314, 10.93837, 23.48004, 11.44366, 22.89229, 11.92548, 22.28493, 12.38217, 21.65827, 15.07886, 22.78506, 15.6154, 21.93856, 16.11783, 21.07138, 15.94783, 25.75849, 16.74046, 24.76722, 17.49065, 23.7361, 18.28522, 32.53926, 19.45099, 31.56071, 20.56792, 30.51472, 22.04439, 40.1937, 23.67546, 39.1159 ]
							}
						]
					}
				}
			}
		},
		"drawOrder": [
			{
				"offsets": [
					{ "slot": "toc", "offset": 10 },
					{ "slot": "shoulder", "offset": 16 },
					{ "slot": "shoulder2", "offset": 15 },
					{ "slot": "feelling_1", "offset": 2 }
				]
			}
		]
	},
	"t_134_1_lose": {
		"slots": {
			"body": {
				"attachment": [
					{}
				]
			},
			"emoji": {
				"attachment": [
					{ "name": "Emoji/emo_vo_7b" }
				]
			},
			"eye_2": {
				"attachment": [
					{ "name": "hoi_cham" }
				]
			},
			"feelling_1": {
				"attachment": [
					{ "name": "hoi_cham" }
				]
			},
			"feelling_2": {
				"attachment": [
					{ "name": "hoi_cham" }
				]
			},
			"feelling_3": {
				"attachment": [
					{ "name": "mo_hoi" }
				]
			},
			"shoulder": {
				"attachment": [
					{ "name": "shoulder" }
				]
			},
			"shoulder2": {
				"attachment": [
					{ "name": "shoulder" }
				]
			},
			"shoulder3": {
				"attachment": [
					{ "name": "shoulder" }
				]
			},
			"shoulder4": {
				"attachment": [
					{ "name": "shoulder" }
				]
			},
			"toc": {
				"attachment": [
					{ "name": "Emoji/Toc sau 1-2" }
				]
			},
			"vay_1": {
				"attachment": [
					{ "name": "vay_1" }
				]
			}
		},
		"bones": {
			"root": {
				"rotate": [
					{}
				],
				"translate": [
					{}
				],
				"scale": [
					{}
				]
			},
			"main": {
				"rotate": [
					{ "value": 3.63 }
				],
				"translate": [
					{ "x": 41.66, "y": -27.7 }
				],
				"scale": [
					{}
				]
			},
			"hip": {
				"rotate": [
					{}
				],
				"translate": [
					{}
				],
				"scale": [
					{}
				]
			},
			"body": {
				"rotate": [
					{ "value": 4.18 }
				],
				"translate": [
					{ "x": -12.68, "y": -5.94 }
				],
				"scale": [
					{}
				]
			},
			"body2": {
				"rotate": [
					{ "value": 0.66 }
				],
				"translate": [
					{}
				],
				"scale": [
					{}
				]
			},
			"body3": {
				"rotate": [
					{ "value": 0.66 }
				],
				"translate": [
					{}
				],
				"scale": [
					{}
				]
			},
			"body4": {
				"rotate": [
					{ "value": 0.66 }
				],
				"translate": [
					{}
				],
				"scale": [
					{}
				]
			},
			"body5": {
				"rotate": [
					{ "value": 0.66 }
				],
				"translate": [
					{}
				],
				"scale": [
					{}
				]
			},
			"body6": {
				"rotate": [
					{ "value": 0.66 }
				],
				"translate": [
					{}
				],
				"scale": [
					{}
				]
			},
			"body7": {
				"rotate": [
					{ "value": 4.18 }
				],
				"translate": [
					{}
				],
				"scale": [
					{}
				]
			},
			"body8": {
				"rotate": [
					{ "value": 4.18 }
				],
				"translate": [
					{}
				],
				"scale": [
					{}
				]
			},
			"head": {
				"rotate": [
					{ "value": 157.1 }
				],
				"translate": [
					{ "x": -28.5, "y": 13.91 }
				],
				"scale": [
					{ "x": -1, "y": -1 }
				]
			},
			"eye_1": {
				"rotate": [
					{}
				],
				"translate": [
					{}
				],
				"scale": [
					{}
				]
			},
			"emoji": {
				"rotate": [
					{ "value": 3.29 }
				],
				"translate": [
					{ "x": -0.83, "y": 14.51 }
				],
				"scale": [
					{}
				]
			},
			"shouder_1": {
				"rotate": [
					{ "value": 157.03 }
				],
				"translate": [
					{ "x": -15.58, "y": 12.36 }
				],
				"scale": [
					{}
				]
			},
			"arm_1": {
				"rotate": [
					{ "value": -117.47 }
				],
				"translate": [
					{}
				],
				"scale": [
					{}
				]
			},
			"shouder_2": {
				"rotate": [
					{ "value": 116.93 }
				],
				"translate": [
					{ "x": -18.14, "y": 12.51 }
				],
				"scale": [
					{}
				]
			},
			"arm_2": {
				"rotate": [
					{ "value": -74.19 }
				],
				"translate": [
					{}
				],
				"scale": [
					{}
				]
			},
			"thigh_1": {
				"rotate": [
					{ "value": -7.53 }
				],
				"translate": [
					{ "x": -47.41, "y": 20.36 }
				],
				"scale": [
					{}
				]
			},
			"leg_1": {
				"rotate": [
					{ "value": 5.19 }
				],
				"scale": [
					{}
				]
			},
			"thigh_2": {
				"rotate": [
					{ "value": -9.2 }
				],
				"translate": [
					{ "x": -54.54, "y": 20.33 }
				],
				"scale": [
					{}
				]
			},
			"leg_2": {
				"rotate": [
					{ "value": 6.58 }
				],
				"scale": [
					{}
				]
			},
			"foot_2": {
				"rotate": [
					{}
				],
				"translate": [
					{ "x": 19.62, "y": -3.13 }
				],
				"scale": [
					{}
				]
			},
			"foot_3": {
				"rotate": [
					{}
				],
				"translate": [
					{ "x": -47.86, "y": -2.87 }
				],
				"scale": [
					{}
				]
			},
			"eye_2": {
				"rotate": [
					{ "value": 91.5 }
				],
				"translate": [
					{ "x": -26.82, "y": 159.4 }
				],
				"scale": [
					{ "x": 0.716, "y": -0.716 }
				]
			},
			"toc": {
				"rotate": [
					{ "value": 11.36 }
				],
				"translate": [
					{ "x": 77.14, "y": 27.9 }
				],
				"scale": [
					{ "y": 1.085 }
				]
			},
			"tist_1": {
				"translate": [
					{ "x": -18.01, "y": 12.29 }
				]
			},
			"tist_2": {
				"translate": [
					{ "x": -20.94, "y": 20.9 }
				]
			},
			"move": {
				"scale": [
					{ "x": -1 }
				]
			},
			"feelling_1": {
				"translate": [
					{ "x": -120.19, "y": 437.12 }
				],
				"scale": [
					{ "x": 1.008, "y": 1.008 }
				]
			},
			"feelling_2": {
				"translate": [
					{ "x": 82.37, "y": 551.88 }
				],
				"scale": [
					{ "x": 1.346, "y": 1.346 }
				]
			},
			"feelling_3": {
				"rotate": [
					{ "value": -6.74 }
				],
				"translate": [
					{ "x": -41.61, "y": 440.55 }
				],
				"scale": [
					{ "x": 0.74, "y": 0.74 }
				]
			}
		},
		"ik": {
			"foot_1": [
				{ "bendPositive": false, "stretch": true }
			],
			"foot_2": [
				{ "stretch": true }
			]
		},
		"attachments": {
			"default": {
				"vay_1": {
					"vay_1": {
						"deform": [
							{
								"vertices": [ -13.96971, 40.60796, -7.56439, 38.81549, -8.86343, 38.8293, 6.65712, 45.56004, 5.61069, 45.63644, 14.42366, 48.49468, 17.79384, 49.48805, 16.17732, 49.14697, 9.80075, 55.22875, 8.71338, 55.6821, 2.70377, 56.1372, 15.81235, 44.46183, 14.80261, 44.79502, 26.34875, 33.6519, 25.67444, 34.26659, 24.97903, 34.85959, 31.59053, 27.44497, 31.11331, 28.22569, 30.61038, 28.99084, 29.57213, 24.99787, 29.17053, 25.71294, 28.74527, 26.41484, 31.72069, 20.85906, 31.45731, 21.68039, 31.16702, 22.49283, 30.85196, 23.29601, 32.50943, 17.48476, 32.33447, 18.34512, 32.13132, 19.19931, 31.90192, 20.04696, 25.54492, 18.5373, 25.32642, 19.22841, 25.08676, 19.91254, 20.89548, 18.9796, 20.60364, 19.47441, 20.2966, 19.95963, 14.14847, 19.80682, 13.82547, 20.18264, 13.50101, 17.71027, 13.17023, 18.077, 10.72928, 14.6885, 10.44525, 15.02155, 12.12115, 8.76794, 12.29944, 8.40826, 18.12521, -1.14969, 16.8894, 5.59974, 4.93906, 13.03954, 5.34079, 12.82054, -3.67758, 20.52675, -4.20734, 20.44062, -7.01517, 24.44228, -7.54672, 24.27732, -1.05527, 27.43859, -1.53506, 27.65443, 5.18985, 30.14051, 4.68283, 30.34868, 4.17096, 30.54057, 8.31982, 32.27901, 7.79459, 32.43369, 7.26666, 32.57236, 8.75885, 32.02921, 8.22644, 32.13658, 7.68927, 32.22695, 7.15051, 32.30052, 7.96397, 32.39369, 7.27521, 32.7383, 6.57568, 33.06097, 5.86664, 33.36153, 5.20723, 34.66711, 4.39722, 34.99352, 3.57654, 35.29415, 1.09846, 36.20654, 0.20886, 36.47453, -0.68945, 36.71417, -5.60727, 36.85223, -6.48068, 36.77536, -7.35193, 36.67087, -9.43155, 38.44695, -10.38156, 38.20692 ]
							}
						]
					}
				}
			}
		}
	},
	"t_134_1_lose2": {
		"slots": {
			"body": {
				"attachment": [
					{}
				]
			},
			"emoji": {
				"attachment": [
					{ "name": "Emoji/emo_vo_35" }
				]
			},
			"eye_1": {
				"rgba": [
					{ "color": "ffffffff" }
				],
				"attachment": [
					{ "name": "scare" }
				]
			},
			"eye_2": {
				"attachment": [
					{ "name": "run" }
				]
			},
			"feelling_1": {
				"attachment": [
					{ "name": "giat_minh" }
				]
			},
			"feelling_2": {
				"attachment": [
					{ "name": "mo_hoi" }
				]
			},
			"feelling_3": {
				"attachment": [
					{ "name": "mo_hoi" }
				]
			},
			"head": {
				"attachment": [
					{ "name": "Emoji/Dau chinh dien" }
				]
			},
			"nguc": {
				"attachment": [
					{}
				]
			},
			"nguc2": {
				"attachment": [
					{}
				]
			},
			"shoulder": {
				"attachment": [
					{ "name": "shoulder" }
				]
			},
			"shoulder2": {
				"attachment": [
					{ "name": "shoulder" }
				]
			},
			"shoulder3": {
				"attachment": [
					{ "name": "shoulder" }
				]
			},
			"shoulder4": {
				"attachment": [
					{ "name": "shoulder" }
				]
			},
			"toc": {
				"attachment": [
					{ "name": "Emoji/Toc sau 1-2" }
				]
			}
		},
		"bones": {
			"root": {
				"rotate": [
					{}
				],
				"translate": [
					{}
				],
				"scale": [
					{}
				]
			},
			"main": {
				"rotate": [
					{ "value": -2.31 }
				],
				"translate": [
					{ "x": 7.75, "y": -239.16 }
				],
				"scale": [
					{}
				]
			},
			"hip": {
				"rotate": [
					{}
				],
				"translate": [
					{}
				],
				"scale": [
					{}
				]
			},
			"body": {
				"rotate": [
					{ "value": 2.87 }
				],
				"translate": [
					{ "x": -26.5, "y": 0.62 }
				],
				"scale": [
					{}
				]
			},
			"body2": {
				"rotate": [
					{ "value": 2.87 }
				],
				"translate": [
					{}
				],
				"scale": [
					{}
				]
			},
			"body3": {
				"rotate": [
					{ "value": 2.87 }
				],
				"translate": [
					{}
				],
				"scale": [
					{}
				]
			},
			"body4": {
				"rotate": [
					{ "value": 2.87 }
				],
				"translate": [
					{}
				],
				"scale": [
					{}
				]
			},
			"body5": {
				"rotate": [
					{ "value": 2.87 }
				],
				"translate": [
					{}
				],
				"scale": [
					{}
				]
			},
			"body6": {
				"rotate": [
					{ "value": -5.85 }
				],
				"translate": [
					{}
				],
				"scale": [
					{}
				]
			},
			"body7": {
				"rotate": [
					{ "value": -5.85 }
				],
				"translate": [
					{}
				],
				"scale": [
					{}
				]
			},
			"body8": {
				"rotate": [
					{ "value": -5.85 }
				],
				"translate": [
					{}
				],
				"scale": [
					{}
				]
			},
			"head": {
				"rotate": [
					{ "value": 163.5 }
				],
				"translate": [
					{ "x": -58.42, "y": 1.02 }
				],
				"scale": [
					{ "x": -1 }
				]
			},
			"eye_1": {
				"rotate": [
					{ "value": 32.56 }
				],
				"translate": [
					{ "x": 88.81, "y": 46.29 }
				],
				"scale": [
					{ "x": 1.738, "y": 1.738 }
				]
			},
			"emoji": {
				"rotate": [
					{ "value": 3.66 }
				],
				"translate": [
					{ "x": 1.27, "y": -16.61 }
				],
				"scale": [
					{ "x": -1 }
				]
			},
			"shouder_1": {
				"rotate": [
					{ "value": -22.88 }
				],
				"translate": [
					{ "x": -40.32, "y": -3.29 }
				],
				"scale": [
					{}
				]
			},
			"arm_1": {
				"rotate": [
					{ "value": 139.44 }
				],
				"translate": [
					{}
				],
				"scale": [
					{}
				]
			},
			"shouder_2": {
				"rotate": [
					{ "value": -10.09 }
				],
				"translate": [
					{ "x": -41.31, "y": -8.59 }
				],
				"scale": [
					{}
				]
			},
			"arm_2": {
				"rotate": [
					{ "value": -17.74 }
				],
				"translate": [
					{}
				],
				"scale": [
					{}
				]
			},
			"thigh_1": {
				"rotate": [
					{ "value": -138.64 }
				],
				"translate": [
					{ "x": -44.4, "y": -13.14 }
				],
				"scale": [
					{}
				]
			},
			"leg_1": {
				"rotate": [
					{ "value": 118.07 }
				],
				"scale": [
					{}
				]
			},
			"thigh_2": {
				"rotate": [
					{ "value": -117.51 }
				],
				"translate": [
					{ "x": -62.02, "y": -12.51 }
				],
				"scale": [
					{}
				]
			},
			"leg_2": {
				"rotate": [
					{ "value": 67 }
				],
				"translate": [
					{}
				],
				"scale": [
					{}
				]
			},
			"foot_2": {
				"rotate": [
					{}
				],
				"translate": [
					{ "x": -26.8, "y": -52.89 }
				],
				"scale": [
					{}
				]
			},
			"foot_3": {
				"rotate": [
					{}
				],
				"translate": [
					{ "x": -20.76, "y": -40.92 }
				],
				"scale": [
					{}
				]
			},
			"eye_2": {
				"rotate": [
					{ "value": -161.82 }
				],
				"translate": [
					{ "x": -119.63, "y": -156.7 }
				],
				"scale": [
					{ "x": 0.791, "y": 0.791 }
				]
			},
			"toc": {
				"rotate": [
					{ "value": -34.11 }
				],
				"translate": [
					{ "x": 68.85, "y": 22.36 }
				],
				"scale": [
					{}
				]
			},
			"tist_1": {
				"translate": [
					{ "x": -44.77, "y": -19.13 }
				]
			},
			"tist_2": {
				"translate": [
					{ "x": -39.89, "y": -5.96 }
				]
			},
			"move": {
				"translate": [
					{ "x": -15.74 }
				],
				"scale": [
					{}
				]
			},
			"feelling_1": {
				"rotate": [
					{ "value": 137.66 }
				],
				"translate": [
					{ "x": -128.55, "y": 222.72 }
				],
				"scale": [
					{ "x": 0.772, "y": 0.772 }
				]
			},
			"feelling_3": {
				"rotate": [
					{ "value": -13.51 }
				],
				"translate": [
					{ "x": -77.39, "y": 225.18 }
				],
				"scale": [
					{ "x": 0.672, "y": 0.672 }
				]
			},
			"feelling_2": {
				"rotate": [
					{ "value": 0.78 }
				],
				"translate": [
					{ "x": -8.73, "y": 189.26 }
				],
				"scale": [
					{ "x": 0.68, "y": 0.68 }
				]
			}
		},
		"ik": {
			"foot_1": [
				{ "mix": 0, "stretch": true }
			],
			"foot_2": [
				{ "mix": 0, "stretch": true }
			]
		},
		"attachments": {
			"default": {
				"vay_1": {
					"vay_1": {
						"deform": [
							{
								"offset": 2,
								"vertices": [ -4.86732, -2.68955, -4.92025, -2.59142, -8.51361, -1.72746, -8.54653, -1.55644, -8.77784, -1.47379, -8.78837, -0.95591, -7.23469, -0.92433, -5.16313, -0.88217, -5.17978, -0.77849, 0, 0, 0, 0, 0, 0, 0, 0, 0, 0, 0, 0, 0, 0, 0, 0, 0, 0, 0, 0, 0, 0, 0, 0, 0, 0, 0, 0, 0, 0, 0, 0, 0, 0, 0, 0, 0, 0, 0, 0, 0, 0, 0, 0, 0, 0, 0, 0, 0, 0, 0, 0, 0, 0, 0, 0, 0, 0, 0, 0, 0, 0, 0, 0, 0, 0, 0, 0, 0, 0, 0, 0, 0, 0, 0, 0, 0, 0, 0, 0, 0, 0, 0, 0, 0.13624, 3.42126, 0.20484, 3.41783, 0.12683, 6.41872, 0.25545, 6.41489, 0.38407, 6.40846, -0.00244, 8.55997, 0.16911, 8.55829, 0.3406, 8.55318, -0.25237, 12.40936, -0.00356, 12.41194, 0.2452, 12.40951, 0.49388, 12.4021, -0.34811, 17.11639, -0.00491, 17.11993, 0.33822, 17.11659, 0.68125, 17.10637, 0.00148, 20.97625, 0.42198, 20.97201, 0.84223, 20.95933, -0.50479, 24.81883, -0.00715, 24.82397, 0.49046, 24.81912, -0.53962, 26.53049, -0.00765, 26.53598, 0.52429, 26.5308, -0.36554, 17.97225, -0.00517, 17.97597 ]
							}
						]
					}
				}
			}
		},
		"drawOrder": [
			{
				"offsets": [
					{ "slot": "shoulder2", "offset": 12 }
				]
			}
		]
	},
	"t_134_1_win": {
		"slots": {
			"body": {
				"attachment": [
					{}
				]
			},
			"emoji": {
				"attachment": [
					{ "name": "Emoji/emo_vo_00" }
				]
			},
			"eye_1": {
				"rgba": [
					{ "color": "ff7373ff" }
				],
				"attachment": [
					{ "name": "khoi" }
				]
			},
			"eye_2": {
				"rgba": [
					{ "color": "ff7373ff" }
				],
				"attachment": [
					{ "name": "khoi" }
				]
			},
			"head": {
				"attachment": [
					{ "name": "Emoji/Dau chinh dien" }
				]
			},
			"shoulder": {
				"attachment": [
					{ "name": "shoulder" }
				]
			},
			"shoulder2": {
				"attachment": [
					{ "name": "shoulder" }
				]
			},
			"shoulder3": {
				"attachment": [
					{ "name": "shoulder" }
				]
			},
			"shoulder4": {
				"attachment": [
					{ "name": "shoulder" }
				]
			},
			"toc": {
				"attachment": [
					{ "name": "Emoji/Toc sau" }
				]
			}
		},
		"bones": {
			"root": {
				"rotate": [
					{}
				],
				"translate": [
					{}
				],
				"scale": [
					{}
				]
			},
			"main": {
				"rotate": [
					{ "value": -7.71 }
				],
				"translate": [
					{ "x": 31.93, "y": -48.55 }
				],
				"scale": [
					{}
				]
			},
			"hip": {
				"rotate": [
					{}
				],
				"translate": [
					{}
				],
				"scale": [
					{}
				]
			},
			"body": {
				"rotate": [
					{ "value": 9.41 }
				],
				"translate": [
					{ "x": -26.5, "y": 0.62 }
				],
				"scale": [
					{}
				]
			},
			"body2": {
				"rotate": [
					{ "value": 0.69 }
				],
				"translate": [
					{}
				],
				"scale": [
					{}
				]
			},
			"body3": {
				"rotate": [
					{ "value": 0.69 }
				],
				"translate": [
					{}
				],
				"scale": [
					{}
				]
			},
			"body4": {
				"rotate": [
					{ "value": 5.6 }
				],
				"translate": [
					{}
				],
				"scale": [
					{}
				]
			},
			"body5": {
				"rotate": [
					{ "value": 5.6 }
				],
				"translate": [
					{}
				],
				"scale": [
					{}
				]
			},
			"body6": {
				"rotate": [
					{ "value": -3.12 }
				],
				"translate": [
					{}
				],
				"scale": [
					{}
				]
			},
			"body7": {
				"rotate": [
					{ "value": -3.12 }
				],
				"translate": [
					{}
				],
				"scale": [
					{}
				]
			},
			"body8": {
				"rotate": [
					{ "value": -8.03 }
				],
				"translate": [
					{}
				],
				"scale": [
					{}
				]
			},
			"head": {
				"rotate": [
					{ "value": 174.45 }
				],
				"translate": [
					{ "x": -26.49, "y": 17.62 }
				],
				"scale": [
					{ "x": -1 }
				]
			},
			"eye_1": {
				"rotate": [
					{ "value": -128.41 }
				],
				"translate": [
					{ "x": 53.56, "y": 62.74 }
				],
				"scale": [
					{ "x": 0.833, "y": 0.833 }
				]
			},
			"emoji": {
				"rotate": [
					{ "value": -2.63 }
				],
				"translate": [
					{ "x": 26.57, "y": -3.49 }
				],
				"scale": [
					{ "x": -1 }
				]
			},
			"shouder_1": {
				"rotate": [
					{ "value": -50.04 }
				],
				"translate": [
					{ "x": 3.85, "y": -4.12 }
				],
				"scale": [
					{}
				]
			},
			"arm_1": {
				"rotate": [
					{ "value": -82.5 }
				],
				"translate": [
					{}
				],
				"scale": [
					{}
				]
			},
			"shouder_2": {
				"rotate": [
					{ "value": 4.23 }
				],
				"translate": [
					{ "x": 3.19, "y": 4.05 }
				],
				"scale": [
					{}
				]
			},
			"arm_2": {
				"rotate": [
					{ "value": -22.49 }
				],
				"translate": [
					{}
				],
				"scale": [
					{}
				]
			},
			"thigh_1": {
				"rotate": [
					{ "value": -53.69 }
				],
				"translate": [
					{ "x": -30.54, "y": 43.39 }
				],
				"scale": [
					{}
				]
			},
			"leg_1": {
				"rotate": [
					{ "value": 48.93 }
				],
				"scale": [
					{}
				]
			},
			"thigh_2": {
				"rotate": [
					{ "value": -16.38 }
				],
				"translate": [
					{ "x": -31.58, "y": 40.38 }
				],
				"scale": [
					{}
				]
			},
			"leg_2": {
				"rotate": [
					{ "value": 67.98 }
				],
				"translate": [
					{}
				],
				"scale": [
					{}
				]
			},
			"foot_2": {
				"rotate": [
					{}
				],
				"translate": [
					{ "x": 31.7 }
				],
				"scale": [
					{}
				]
			},
			"foot_3": {
				"rotate": [
					{}
				],
				"translate": [
					{ "x": -21.03 }
				],
				"scale": [
					{}
				]
			},
			"eye_2": {
				"rotate": [
					{ "value": 133.36 }
				],
				"translate": [
					{ "x": 60.35, "y": -38.31 }
				],
				"scale": [
					{ "x": 0.639, "y": 0.639 }
				]
			},
			"toc": {
				"rotate": [
					{ "value": -44.71 }
				],
				"translate": [
					{ "x": 77.74, "y": 16 }
				],
				"scale": [
					{}
				]
			},
			"tist_1": {
				"translate": [
					{ "x": -17.02, "y": -13.82 }
				]
			},
			"tist_2": {
				"translate": [
					{ "x": -16.14, "y": 27.47 }
				]
			},
			"move": {
				"scale": [
					{}
				]
			}
		},
		"ik": {
			"foot_1": [
				{ "stretch": true }
			],
			"foot_2": [
				{ "stretch": true }
			]
		},
		"attachments": {
			"default": {
				"vay_1": {
					"vay_1": {
						"deform": [
							{
								"vertices": [ 26.99763, 40.60343, 16.32037, 22.81566, 17.3232, 21.78508, 16.4915, 17.66355, 16.69814, 17.1425, 15.87506, 18.52562, 16.50928, 13.41456, 16.68687, 7.06154, 16.80087, -10.88402, 15.4966, -11.74582, 16.34048, -16.18748, 9.97375, -13.77733, 8.90445, -13.96855, 7.49651, -12.4614, 6.48216, -12.48262, 5.47237, -12.46196, 4.34763, -8.81222, 3.47946, -8.70627, 2.61818, -8.56472, 6.06039, -3.92237, 5.3927, -3.88533, 4.72795, -3.821, 5.63039, 2.07536, 5.1927, 2.07823, 4.75595, 2.09902, 4.32053, 2.13722, 9.75034, 7.81154, 9.56305, 7.62626, 9.36887, 7.4488, 9.16776, 7.27922, 7.75693, 11.18754, 7.72264, 11.01468, 7.68155, 10.84315, 8.04626, 13.16017, 8.17374, 13.0353, 8.29578, 12.90551, 8.18979, 13.31846, 8.33069, 13.0668, 5.84799, 11.13132, 5.40448, 11.57288, 3.84961, 9.18296, 3.4577, 9.59166, 14.54572, 3.81709, 14.3378, 5.4072, 16.51721, -1.70836, 15.40128, -0.08934, 9.90671, 3.00386, 9.45685, 4.32819, 11.41287, 6.41422, 11.02719, 7.80427, 13.67459, 10.40713, 13.2525, 12.14136, 9.35049, 17.88649, 9.56537, 17.17369, 7.69656, 21.99769, 8.00684, 21.61212, 8.30249, 21.21446, 11.86418, 25.78435, 12.26346, 25.42304, 12.64804, 25.04573, 8.97835, 24.37082, 9.34773, 24.20567, 9.71051, 24.02591, 10.06583, 23.8314, 10.93837, 23.48004, 11.44366, 22.89229, 11.92548, 22.28493, 12.38217, 21.65827, 15.07886, 22.78506, 15.6154, 21.93856, 16.11783, 21.07138, 15.80771, 23.88238, 16.42787, 22.91213, 17.00812, 21.91778, 17.15895, 27.95055, 17.9059, 27.09563, 18.61716, 26.21137, 21.19633, 33.30588, 22.19514, 32.33585 ]
							}
						]
					}
				}
			}
		}
	}
}
}