{"frames": [

{
	"filename": "bang_dieu_khien",
	"frame": {"x":896,"y":841,"w":76,"h":151},
	"rotated": false,
	"trimmed": false,
	"spriteSourceSize": {"x":0,"y":0,"w":76,"h":151},
	"sourceSize": {"w":76,"h":151}
},
{
	"filename": "bg_san",
	"frame": {"x":1,"y":1,"w":1080,"h":387},
	"rotated": false,
	"trimmed": false,
	"spriteSourceSize": {"x":0,"y":0,"w":1080,"h":387},
	"sourceSize": {"w":1080,"h":387}
},
{
	"filename": "bg_tuong",
	"frame": {"x":1,"y":389,"w":1080,"h":77},
	"rotated": false,
	"trimmed": false,
	"spriteSourceSize": {"x":0,"y":0,"w":1080,"h":77},
	"sourceSize": {"w":1080,"h":77}
},
{
	"filename": "bien_bao",
	"frame": {"x":700,"y":467,"w":279,"h":373},
	"rotated": false,
	"trimmed": true,
	"spriteSourceSize": {"x":7,"y":7,"w":279,"h":373},
	"sourceSize": {"w":293,"h":387}
},
{
	"filename": "bien_bao_hot",
	"frame": {"x":406,"y":467,"w":293,"h":387},
	"rotated": false,
	"trimmed": false,
	"spriteSourceSize": {"x":0,"y":0,"w":293,"h":387},
	"sourceSize": {"w":293,"h":387}
},
{
	"filename": "chau_cay",
	"frame": {"x":1172,"y":552,"w":177,"h":320},
	"rotated": false,
	"trimmed": true,
	"spriteSourceSize": {"x":7,"y":7,"w":177,"h":320},
	"sourceSize": {"w":191,"h":334}
},
{
	"filename": "chau_cay_hot",
	"frame": {"x":980,"y":552,"w":191,"h":333},
	"rotated": false,
	"trimmed": true,
	"spriteSourceSize": {"x":0,"y":1,"w":191,"h":333},
	"sourceSize": {"w":191,"h":334}
},
{
	"filename": "cua_dong",
	"frame": {"x":1082,"y":1,"w":205,"h":550},
	"rotated": false,
	"trimmed": false,
	"spriteSourceSize": {"x":0,"y":0,"w":205,"h":550},
	"sourceSize": {"w":205,"h":550}
},
{
	"filename": "dien_thoai_after",
	"frame": {"x":980,"y":467,"w":42,"h":51},
	"rotated": false,
	"trimmed": false,
	"spriteSourceSize": {"x":0,"y":0,"w":42,"h":51},
	"sourceSize": {"w":42,"h":51}
},
{
	"filename": "man_hinh_ko_so",
	"frame": {"x":742,"y":841,"w":153,"h":78},
	"rotated": false,
	"trimmed": true,
	"spriteSourceSize": {"x":7,"y":7,"w":153,"h":78},
	"sourceSize": {"w":167,"h":92}
},
{
	"filename": "man_hinh_ko_so_hot",
	"frame": {"x":406,"y":855,"w":167,"h":92},
	"rotated": false,
	"trimmed": false,
	"spriteSourceSize": {"x":0,"y":0,"w":167,"h":92},
	"sourceSize": {"w":167,"h":92}
},
{
	"filename": "man_hinh_so",
	"frame": {"x":742,"y":920,"w":153,"h":78},
	"rotated": false,
	"trimmed": true,
	"spriteSourceSize": {"x":7,"y":7,"w":153,"h":78},
	"sourceSize": {"w":167,"h":92}
},
{
	"filename": "man_hinh_so_hot",
	"frame": {"x":574,"y":855,"w":167,"h":92},
	"rotated": false,
	"trimmed": false,
	"spriteSourceSize": {"x":0,"y":0,"w":167,"h":92},
	"sourceSize": {"w":167,"h":92}
},
{
	"filename": "nut_len",
	"frame": {"x":1288,"y":1,"w":46,"h":45},
	"rotated": false,
	"trimmed": false,
	"spriteSourceSize": {"x":0,"y":0,"w":46,"h":45},
	"sourceSize": {"w":46,"h":45}
},
{
	"filename": "nut_len_xanh",
	"frame": {"x":406,"y":948,"w":46,"h":45},
	"rotated": false,
	"trimmed": false,
	"spriteSourceSize": {"x":0,"y":0,"w":46,"h":45},
	"sourceSize": {"w":46,"h":45}
},
{
	"filename": "Square",
	"frame": {"x":1172,"y":873,"w":4,"h":4},
	"rotated": false,
	"trimmed": false,
	"spriteSourceSize": {"x":0,"y":0,"w":4,"h":4},
	"sourceSize": {"w":4,"h":4}
},
{
	"filename": "Thang may",
	"frame": {"x":1,"y":467,"w":404,"h":549},
	"rotated": false,
	"trimmed": false,
	"spriteSourceSize": {"x":0,"y":0,"w":404,"h":549},
	"sourceSize": {"w":404,"h":549}
}],
"meta": {
	"app": "https://www.codeandweb.com/texturepacker",
	"version": "1.0",
	"image": "props.png",
	"format": "RGBA8888",
	"size": {"w":1350,"h":1017},
	"scale": "1",
	"smartupdate": "$TexturePacker:SmartUpdate:a9a03a94bdd7f513e1cf1fec2d14162c:332f3897484824fbab173606b5304fe8:f4c39b94f5b79b4c461da96ae5609d50$"
}
}
