{"frames": [

{
	"filename": "bg_duong_pho",
	"frame": {"x":745,"y":1,"w":60,"h":950},
	"rotated": false,
	"trimmed": false,
	"spriteSourceSize": {"x":0,"y":0,"w":60,"h":950},
	"sourceSize": {"w":60,"h":950}
},
{
	"filename": "hop_xe_pizza",
	"frame": {"x":380,"y":429,"w":99,"h":102},
	"rotated": false,
	"trimmed": false,
	"spriteSourceSize": {"x":0,"y":0,"w":99,"h":102},
	"sourceSize": {"w":99,"h":102}
},
{
	"filename": "shop",
	"frame": {"x":1,"y":1,"w":532,"h":427},
	"rotated": false,
	"trimmed": false,
	"spriteSourceSize": {"x":0,"y":0,"w":532,"h":427},
	"sourceSize": {"w":532,"h":427}
},
{
	"filename": "trap_bong",
	"frame": {"x":380,"y":532,"w":55,"h":55},
	"rotated": false,
	"trimmed": false,
	"spriteSourceSize": {"x":0,"y":0,"w":55,"h":55},
	"sourceSize": {"w":55,"h":55}
},
{
	"filename": "trap_may_ban_bong",
	"frame": {"x":534,"y":1,"w":210,"h":545},
	"rotated": false,
	"trimmed": false,
	"spriteSourceSize": {"x":0,"y":0,"w":210,"h":545},
	"sourceSize": {"w":210,"h":545}
},
{
	"filename": "xe",
	"frame": {"x":1,"y":429,"w":378,"h":251},
	"rotated": false,
	"trimmed": false,
	"spriteSourceSize": {"x":0,"y":0,"w":378,"h":251},
	"sourceSize": {"w":378,"h":251}
}],
"meta": {
	"app": "https://www.codeandweb.com/texturepacker",
	"version": "1.0",
	"image": "props.png",
	"format": "RGBA8888",
	"size": {"w":806,"h":952},
	"scale": "1",
	"smartupdate": "$TexturePacker:SmartUpdate:27cdfd7fb3834ba0ce2ded862384a4f6:3692f86857e4c04a843747caf0be007d:f4c39b94f5b79b4c461da96ae5609d50$"
}
}
