{
"skeleton": { "hash": "dRApQ1UhOLw", "spine": "4.1.24", "x": -388.28, "y": -425.09, "width": 724.41, "height": 1282.48 },
"bones": [
	{ "name": "root", "rotation": 0.2 },
	{ "name": "move", "parent": "root", "x": -119.99, "scaleX": -1 },
	{ "name": "main", "parent": "move", "y": 256.6 },
	{ "name": "hip", "parent": "main" },
	{ "name": "body", "parent": "hip", "length": 26.97, "rotation": 90 },
	{ "name": "body2", "parent": "body", "length": 26.97, "x": 26.97 },
	{ "name": "body3", "parent": "body2", "length": 26.97, "x": 26.97 },
	{ "name": "body4", "parent": "body3", "length": 26.97, "rotation": -0.06, "x": 26.97 },
	{ "name": "body5", "parent": "body4", "length": 26.97, "x": 26.97 },
	{ "name": "body6", "parent": "body5", "length": 26.97, "x": 26.97 },
	{ "name": "body7", "parent": "body6", "length": 26.97, "x": 26.97 },
	{ "name": "body8", "parent": "body7", "length": 26.97, "x": 26.97 },
	{ "name": "head", "parent": "body8", "length": 135.67, "x": 24.75 },
	{ "name": "feeling_3", "parent": "head", "rotation": -0.18, "x": 87.53, "y": 30.96 },
	{ "name": "emoji", "parent": "head", "rotation": -90, "x": 62, "y": 1.49 },
	{ "name": "shouder_1", "parent": "body7", "length": 100.06, "rotation": -90, "x": 15.39, "y": 0.02 },
	{ "name": "arm_1", "parent": "shouder_1", "length": 100.06, "x": 94.79 },
	{ "name": "shouder_2", "parent": "body7", "length": 100.06, "rotation": 90, "x": 15.39, "y": 0.02 },
	{ "name": "arm_2", "parent": "shouder_2", "length": 100.06, "x": 94.79 },
	{ "name": "thigh_1", "parent": "main", "length": 134.15, "rotation": -90, "x": -0.54, "y": 4.23 },
	{ "name": "leg_1", "parent": "thigh_1", "length": 134.15, "x": 128.14 },
	{ "name": "thigh_2", "parent": "main", "length": 134.15, "rotation": -90, "x": -0.1, "y": 4.23 },
	{ "name": "leg_2", "parent": "thigh_2", "length": 134.15, "x": 128.14 },
	{ "name": "foot_2", "parent": "move", "x": 0.16, "y": -2.18 },
	{ "name": "foot_3", "parent": "move", "x": 0.1, "y": -2.12 },
	{
		"name": "feeling_5",
		"parent": "head",
		"rotation": -0.18,
		"x": 87.53,
		"y": -25.11,
		"scaleX": 2,
		"scaleY": 2
	},
	{ "name": "item_1", "parent": "move", "x": -1.93, "y": 450.24 },
	{ "name": "feeling_1", "parent": "main", "rotation": -20.17, "x": 72.35, "y": 376.02 },
	{ "name": "feeling_2", "parent": "main", "rotation": -20.17, "x": 72.35, "y": 376.02 },
	{ "name": "hair_1", "parent": "main", "rotation": 0.07, "x": -120, "y": -254.77 },
	{
		"name": "feeling_4",
		"parent": "head",
		"rotation": -0.18,
		"x": 87.53,
		"y": -25.11,
		"scaleX": 2,
		"scaleY": 2
	},
	{ "name": "item_tay", "parent": "arm_2", "x": 101.01, "y": -1.25 }
],
"slots": [
	{ "name": "bg_gane_play", "bone": "root", "color": "ffffff4f" },
	{ "name": "item", "bone": "item_1" },
	{ "name": "body", "bone": "hip", "color": "000000ff", "attachment": "body" },
	{ "name": "shoulder1", "bone": "shouder_1", "color": "000000ff" },
	{ "name": "shoulder3", "bone": "shouder_2", "color": "000000ff" },
	{ "name": "shoulder2", "bone": "arm_1", "color": "000000ff" },
	{ "name": "shoulder4", "bone": "arm_2", "color": "000000ff" },
	{ "name": "thigh", "bone": "thigh_1", "color": "000000ff", "attachment": "thigh" },
	{ "name": "thigh3", "bone": "thigh_2", "color": "000000ff", "attachment": "thigh" },
	{ "name": "thigh2", "bone": "leg_1", "color": "000000ff", "attachment": "thigh" },
	{ "name": "thigh4", "bone": "leg_2", "color": "000000ff", "attachment": "thigh" },
	{ "name": "head", "bone": "head", "attachment": "head" },
	{ "name": "hair", "bone": "hair_1" },
	{ "name": "Emoji", "bone": "emoji" },
	{ "name": "feeling_3", "bone": "feeling_3", "color": "000000ff" },
	{ "name": "feeling_5", "bone": "feeling_5" },
	{ "name": "feeling_4", "bone": "feeling_4" },
	{ "name": "feeling_1", "bone": "feeling_1" },
	{ "name": "feeling_2", "bone": "feeling_2" },
	{ "name": "item_tay", "bone": "item_tay" }
],
"ik": [
	{
		"name": "foot_1",
		"bones": [ "thigh_1", "leg_1" ],
		"target": "foot_2",
		"mix": 0,
		"stretch": true
	},
	{
		"name": "foot_2",
		"order": 1,
		"bones": [ "thigh_2", "leg_2" ],
		"target": "foot_3",
		"mix": 0,
		"stretch": true
	}
],
"skins": [
	{
		"name": "default",
		"attachments": {
			"body": {
				"body": {
					"type": "mesh",
					"uvs": [ 1, 1, 0, 1, 0, 0.875, 0, 0.75, 0, 0.625, 0, 0.5, 0, 0.375, 0, 0.25, 0, 0.125, 0, 0, 1, 0, 1, 0.125, 1, 0.25, 1, 0.375, 1, 0.5, 1, 0.625, 1, 0.75, 1, 0.875 ],
					"triangles": [ 8, 9, 10, 11, 8, 10, 7, 8, 11, 12, 7, 11, 6, 7, 12, 13, 6, 12, 5, 6, 13, 14, 5, 13, 4, 5, 14, 15, 4, 14, 3, 4, 15, 16, 3, 15, 2, 3, 16, 17, 2, 16, 1, 2, 17, 0, 1, 17 ],
					"vertices": [ 1, 4, -1.7, -5.5, 1, 1, 4, -1.7, 5.5, 1, 2, 4, 25.68, 5.5, 0.70301, 5, -1.29, 5.5, 0.29699, 2, 5, 26.08, 5.5, 0.65569, 6, -0.88, 5.5, 0.34431, 2, 6, 26.49, 5.5, 0.55905, 7, -0.48, 5.5, 0.44095, 2, 7, 26.9, 5.5, 0.51367, 8, -0.07, 5.5, 0.48633, 2, 8, 27.3, 5.5, 0.41705, 9, 0.33, 5.5, 0.58295, 2, 9, 27.71, 5.5, 0.38565, 10, 0.74, 5.5, 0.61435, 2, 10, 28.11, 5.5, 0.36868, 11, 1.14, 5.5, 0.63132, 1, 11, 28.52, 5.5, 1, 1, 11, 28.52, -5.5, 1, 2, 10, 28.11, -5.5, 0.3064, 11, 1.14, -5.5, 0.6936, 2, 9, 27.71, -5.5, 0.40945, 10, 0.74, -5.5, 0.59055, 2, 8, 27.3, -5.5, 0.44404, 9, 0.33, -5.5, 0.55596, 2, 7, 26.9, -5.5, 0.52991, 8, -0.07, -5.5, 0.47009, 2, 6, 26.49, -5.5, 0.58474, 7, -0.48, -5.5, 0.41526, 2, 5, 26.08, -5.5, 0.62061, 6, -0.88, -5.5, 0.37939, 2, 4, 25.68, -5.5, 0.65664, 5, -1.29, -5.5, 0.34336 ],
					"hull": 18
				}
			},
			"Emoji": {
				"Emoji/emo_42": { "width": 90, "height": 74 },
				"Emoji/emo_57_c": { "x": 0.5, "y": 0.5, "width": 101, "height": 101 },
				"Emoji/emo_68b": { "width": 110, "height": 142 },
				"Emoji/emo_95": { "x": 0.5, "width": 87, "height": 98 },
				"Emoji/emo_99": { "x": 0.5, "y": 0.5, "width": 141, "height": 117 },
				"Emoji/new/emo_66": { "y": 0.5, "width": 102, "height": 81 }
			},
			"feeling_1": {
				"cham_than": { "x": 0.5, "y": 0.5, "width": 17, "height": 57 },
				"giat_minh": { "width": 70, "height": 66 },
				"scare": { "scaleX": 1.3955, "scaleY": 1.3955, "rotation": 19.99, "width": 80, "height": 83 }
			},
			"feeling_2": {
				"giat_minh": { "x": 0.5, "y": 0.5, "width": 70, "height": 66 },
				"mo_hoi": { "x": 0.5, "y": 0.5, "width": 19, "height": 41 },
				"water_mouth": { "x": -5.86, "y": -13.64, "rotation": -33.97, "width": 23, "height": 50 }
			},
			"feeling_3": {
				"giat_minh": { "rotation": -96.51, "width": 70, "height": 66 },
				"mo_hoi": { "x": -18.07, "y": -0.4, "rotation": -96.51, "width": 19, "height": 41 },
				"water_mouth": { "width": 23, "height": 50 }
			},
			"feeling_4": {
				"cauco": { "y": 0.5, "width": 50, "height": 45 },
				"dau": { "x": 9.82, "y": -4.14, "rotation": -90, "width": 40, "height": 43 },
				"item/eat": { "rotation": -61.12, "width": 39, "height": 25 },
				"scare": { "y": 0.5, "width": 80, "height": 83 }
			},
			"feeling_5": {
				"choang": { "x": -5.59, "y": -33.04, "rotation": -109.99, "width": 212, "height": 68 },
				"scare": { "y": 0.5, "width": 80, "height": 83 }
			},
			"hair": {
				"hair/man/mu_9": { "x": 0.5, "y": 0.5, "width": 143, "height": 67 }
			},
			"head": {
				"head": { "x": 68.85, "rotation": -89.87, "width": 144, "height": 144 },
				"head_7": { "x": 65.26, "y": -3.78, "rotation": -89.46, "width": 144, "height": 144 }
			},
			"shoulder1": {
				"shoulder": { "x": 49.22, "rotation": -90, "width": 15, "height": 105 }
			},
			"shoulder2": {
				"shoulder": { "x": 49.22, "rotation": -90, "width": 15, "height": 105 }
			},
			"shoulder3": {
				"shoulder": { "x": 49.22, "rotation": -90, "width": 15, "height": 105 }
			},
			"shoulder4": {
				"shoulder": { "x": 50.57, "rotation": -90, "width": 15, "height": 105 }
			},
			"thigh": {
				"thigh": { "x": 66.01, "rotation": -90, "width": 14, "height": 137 }
			},
			"thigh2": {
				"thigh": { "x": 66.01, "rotation": -90, "width": 14, "height": 137 }
			},
			"thigh3": {
				"thigh": { "x": 66.01, "rotation": -90, "width": 14, "height": 137 }
			},
			"thigh4": {
				"thigh": { "x": 66.01, "rotation": -90, "width": 14, "height": 137 }
			}
		}
	}
],
"animations": {
	"t_94_1_be": {
		"slots": {
			"body": {
				"rgba": [
					{ "color": "000000ff" }
				]
			},
			"Emoji": {
				"rgba": [
					{ "color": "ff8787ff" }
				],
				"attachment": [
					{ "name": "Emoji/emo_95" }
				]
			},
			"feeling_1": {
				"attachment": [
					{ "name": "giat_minh" }
				]
			},
			"feeling_2": {
				"attachment": [
					{ "name": "mo_hoi" }
				]
			},
			"feeling_3": {
				"rgba": [
					{ "color": "ffffffff" }
				],
				"attachment": [
					{ "name": "water_mouth" }
				]
			},
			"feeling_5": {
				"attachment": [
					{ "name": "choang" }
				]
			},
			"head": {
				"rgba": [
					{ "color": "ffffffff" }
				],
				"attachment": [
					{ "name": "head_7" }
				]
			},
			"shoulder1": {
				"rgba": [
					{ "color": "000000ff" }
				],
				"attachment": [
					{}
				]
			},
			"shoulder2": {
				"rgba": [
					{ "color": "000000ff" }
				],
				"attachment": [
					{}
				]
			},
			"shoulder3": {
				"rgba": [
					{ "color": "000000ff" }
				],
				"attachment": [
					{ "name": "shoulder" }
				]
			},
			"shoulder4": {
				"rgba": [
					{ "color": "000000ff" }
				],
				"attachment": [
					{ "name": "shoulder" }
				]
			},
			"thigh": {
				"rgba": [
					{ "color": "000000ff" }
				]
			},
			"thigh2": {
				"rgba": [
					{ "color": "000000ff" }
				]
			},
			"thigh3": {
				"rgba": [
					{ "color": "000000ff" }
				]
			},
			"thigh4": {
				"rgba": [
					{ "color": "000000ff" }
				]
			}
		},
		"bones": {
			"head": {
				"rotate": [
					{ "value": -36.92 }
				],
				"translate": [
					{ "x": -22.09, "y": 33.76 }
				],
				"scale": [
					{}
				]
			},
			"root": {
				"rotate": [
					{}
				],
				"translate": [
					{}
				]
			},
			"main": {
				"rotate": [
					{ "value": -1.34 }
				],
				"translate": [
					{ "x": 12.45, "y": -61.51 }
				]
			},
			"hip": {
				"rotate": [
					{}
				],
				"translate": [
					{}
				]
			},
			"body": {
				"rotate": [
					{ "value": 32.16 }
				],
				"translate": [
					{}
				]
			},
			"body2": {
				"rotate": [
					{ "value": 3.07 }
				],
				"translate": [
					{}
				]
			},
			"body3": {
				"rotate": [
					{ "value": 3.07 }
				],
				"translate": [
					{}
				]
			},
			"body4": {
				"rotate": [
					{ "value": 2.16 }
				],
				"translate": [
					{}
				]
			},
			"body5": {
				"rotate": [
					{ "value": 1.62 }
				],
				"translate": [
					{}
				]
			},
			"body6": {
				"rotate": [
					{ "value": 3.65 }
				],
				"translate": [
					{}
				]
			},
			"body7": {
				"rotate": [
					{ "value": 3.07 }
				],
				"translate": [
					{}
				]
			},
			"body8": {
				"rotate": [
					{ "value": 3.07 }
				],
				"translate": [
					{}
				]
			},
			"feeling_3": {
				"rotate": [
					{ "value": -100.04 }
				],
				"translate": [
					{ "x": -77.59, "y": -3.91 }
				],
				"scale": [
					{ "x": 1.217, "y": 1.217 }
				]
			},
			"emoji": {
				"rotate": [
					{ "value": -13.55 }
				],
				"translate": [
					{ "x": -4.43, "y": -4.16 }
				],
				"scale": [
					{ "x": -1.049, "y": 1.185 }
				]
			},
			"shouder_1": {
				"rotate": [
					{ "value": -155.95 }
				],
				"translate": [
					{ "x": -2.94, "y": 0.49 }
				],
				"scale": [
					{}
				],
				"shear": [
					{ "y": 1 }
				]
			},
			"arm_1": {
				"rotate": [
					{ "value": -39.61 }
				],
				"translate": [
					{ "x": 2.6, "y": 0.99 }
				],
				"scale": [
					{}
				]
			},
			"shouder_2": {
				"rotate": [
					{ "value": 49.35 }
				],
				"translate": [
					{ "x": -1.05, "y": -2.03 }
				],
				"scale": [
					{}
				]
			},
			"arm_2": {
				"rotate": [
					{ "value": -15.08 }
				],
				"translate": [
					{ "x": 2.03 }
				],
				"scale": [
					{}
				]
			},
			"thigh_1": {
				"rotate": [
					{ "value": -6.18 }
				],
				"translate": [
					{}
				],
				"scale": [
					{}
				]
			},
			"leg_1": {
				"rotate": [
					{ "value": 5.22 }
				],
				"translate": [
					{}
				],
				"scale": [
					{}
				]
			},
			"thigh_2": {
				"rotate": [
					{ "value": 2.51 }
				],
				"translate": [
					{}
				],
				"scale": [
					{}
				]
			},
			"leg_2": {
				"rotate": [
					{ "value": 3.66 }
				],
				"translate": [
					{}
				],
				"scale": [
					{}
				]
			},
			"foot_2": {
				"rotate": [
					{}
				],
				"translate": [
					{ "x": 118.36, "y": 2.42 }
				]
			},
			"foot_3": {
				"rotate": [
					{}
				],
				"translate": [
					{ "x": -115.68, "y": -1.28 }
				]
			},
			"feeling_5": {
				"rotate": [
					{ "value": -2.46 }
				],
				"translate": [
					{ "x": 58.67, "y": 17.35 }
				],
				"scale": [
					{ "x": 0.354, "y": 0.354 }
				]
			},
			"feeling_1": {
				"rotate": [
					{ "value": 170.79 }
				],
				"translate": [
					{ "x": -114.27, "y": -360.97 }
				],
				"scale": [
					{ "x": 0.577, "y": 0.577 }
				]
			},
			"feeling_2": {
				"rotate": [
					{ "value": 21.25 }
				],
				"translate": [
					{ "x": -173.42, "y": -194.99 }
				],
				"scale": [
					{ "x": 0.841, "y": 0.841 }
				]
			},
			"move": {
				"translate": [
					{ "x": 117.07 }
				],
				"scale": [
					{}
				]
			}
		},
		"ik": {
			"foot_1": [
				{ "stretch": true }
			],
			"foot_2": [
				{ "stretch": true }
			]
		},
		"drawOrder": [
			{
				"offsets": [
					{ "slot": "shoulder4", "offset": 3 },
					{ "slot": "Emoji", "offset": 2 }
				]
			}
		]
	},
	"t_94_1_lose": {
		"slots": {
			"body": {
				"rgba": [
					{ "color": "000000ff" }
				]
			},
			"Emoji": {
				"attachment": [
					{ "name": "Emoji/emo_99" }
				]
			},
			"feeling_1": {
				"rgba": [
					{ "color": "ffffffff" }
				],
				"attachment": [
					{ "name": "cham_than" }
				]
			},
			"feeling_2": {
				"attachment": [
					{}
				]
			},
			"feeling_3": {
				"rgba": [
					{ "color": "ffffffff" }
				],
				"attachment": [
					{ "name": "giat_minh" }
				]
			},
			"feeling_4": {
				"rgba": [
					{ "color": "ffef00ff" }
				],
				"attachment": [
					{ "name": "scare" }
				]
			},
			"feeling_5": {
				"attachment": [
					{}
				]
			},
			"head": {
				"rgba": [
					{ "color": "ffffffff" }
				],
				"attachment": [
					{ "name": "head_7" }
				]
			},
			"shoulder1": {
				"rgba": [
					{ "color": "000000ff" }
				],
				"attachment": [
					{ "name": "shoulder" }
				]
			},
			"shoulder2": {
				"rgba": [
					{ "color": "ff0202ff" }
				],
				"attachment": [
					{ "name": "shoulder" }
				]
			},
			"shoulder3": {
				"rgba": [
					{ "color": "000000ff" }
				],
				"attachment": [
					{ "name": "shoulder" }
				]
			},
			"shoulder4": {
				"rgba": [
					{ "color": "000000ff" }
				],
				"attachment": [
					{ "name": "shoulder" }
				]
			},
			"thigh": {
				"rgba": [
					{ "color": "000000ff" }
				]
			},
			"thigh2": {
				"rgba": [
					{ "color": "000000ff" }
				]
			},
			"thigh3": {
				"rgba": [
					{ "color": "000000ff" }
				]
			},
			"thigh4": {
				"rgba": [
					{ "color": "000000ff" }
				]
			}
		},
		"bones": {
			"head": {
				"rotate": [
					{ "value": -24 }
				],
				"translate": [
					{ "x": -10.98, "y": 6.5 }
				],
				"scale": [
					{}
				]
			},
			"root": {
				"rotate": [
					{}
				],
				"translate": [
					{}
				]
			},
			"main": {
				"rotate": [
					{ "value": 2.38 }
				],
				"translate": [
					{ "x": 2.12, "y": -65.74 }
				]
			},
			"hip": {
				"rotate": [
					{ "value": -9.38 }
				],
				"translate": [
					{}
				]
			},
			"body": {
				"rotate": [
					{ "value": 3.89 }
				],
				"translate": [
					{}
				]
			},
			"body2": {
				"rotate": [
					{ "value": 3.89 }
				],
				"translate": [
					{}
				]
			},
			"body3": {
				"rotate": [
					{ "value": 3.89 }
				],
				"translate": [
					{}
				]
			},
			"body4": {
				"rotate": [
					{ "value": 3.89 }
				],
				"translate": [
					{}
				]
			},
			"body5": {
				"rotate": [
					{ "value": 3.89 }
				],
				"translate": [
					{}
				]
			},
			"body6": {
				"rotate": [
					{ "value": 3.89 }
				],
				"translate": [
					{}
				]
			},
			"body7": {
				"rotate": [
					{ "value": 3.89 }
				],
				"translate": [
					{}
				]
			},
			"body8": {
				"rotate": [
					{ "value": 3.89 }
				],
				"translate": [
					{}
				]
			},
			"feeling_3": {
				"rotate": [
					{ "value": 33.24 }
				],
				"translate": [
					{ "x": -14.75, "y": 66 }
				],
				"scale": [
					{ "x": 1.004, "y": -1.004 }
				]
			},
			"emoji": {
				"rotate": [
					{ "value": -9.17 }
				],
				"translate": [
					{ "x": 8.76, "y": 1.57 }
				],
				"scale": [
					{ "x": -1 }
				]
			},
			"shouder_1": {
				"rotate": [
					{ "value": 166.82 }
				],
				"translate": [
					{ "x": 28.37, "y": -1.2 }
				],
				"scale": [
					{ "x": 1.217, "y": 1.217 }
				],
				"shear": [
					{}
				]
			},
			"arm_1": {
				"rotate": [
					{ "value": -48.06 }
				],
				"translate": [
					{ "x": 2.02, "y": 0.08 }
				],
				"scale": [
					{}
				]
			},
			"shouder_2": {
				"rotate": [
					{ "value": 119.62 }
				],
				"translate": [
					{ "x": 29.72, "y": -0.47 }
				],
				"scale": [
					{}
				]
			},
			"arm_2": {
				"rotate": [
					{ "value": -13.44 }
				],
				"translate": [
					{}
				],
				"scale": [
					{}
				]
			},
			"thigh_1": {
				"rotate": [
					{}
				],
				"translate": [
					{}
				]
			},
			"leg_1": {
				"rotate": [
					{}
				],
				"translate": [
					{}
				]
			},
			"thigh_2": {
				"rotate": [
					{}
				],
				"translate": [
					{}
				]
			},
			"leg_2": {
				"rotate": [
					{}
				],
				"translate": [
					{}
				]
			},
			"foot_2": {
				"rotate": [
					{}
				],
				"translate": [
					{ "x": -111.85, "y": 0.27 }
				]
			},
			"foot_3": {
				"rotate": [
					{}
				],
				"translate": [
					{ "x": 114.57, "y": 3.09 }
				]
			},
			"feeling_5": {
				"rotate": [
					{ "value": -93.58 }
				],
				"translate": [
					{ "x": -49.02, "y": 22.93 }
				],
				"scale": [
					{ "x": 0.228, "y": 0.228 }
				]
			},
			"feeling_1": {
				"rotate": [
					{ "value": -2.3 }
				],
				"translate": [
					{ "x": -0.93, "y": -47.78 }
				],
				"scale": [
					{ "x": 1.455, "y": 1.455 }
				]
			},
			"feeling_2": {
				"rotate": [
					{ "value": 42.03 }
				],
				"translate": [
					{ "x": -16.69, "y": -92.78 }
				],
				"scale": [
					{ "x": 0.705, "y": 0.705 }
				]
			},
			"move": {
				"translate": [
					{ "x": 119.99 }
				],
				"scale": [
					{}
				]
			},
			"feeling_4": {
				"translate": [
					{ "x": -91.88, "y": 147.93 }
				],
				"scale": [
					{ "x": 0.628, "y": 0.628 }
				]
			}
		},
		"ik": {
			"foot_1": [
				{ "stretch": true }
			],
			"foot_2": [
				{ "stretch": true }
			]
		},
		"drawOrder": [
			{
				"offsets": [
					{ "slot": "shoulder2", "offset": 10 },
					{ "slot": "shoulder4", "offset": -3 },
					{ "slot": "feeling_4", "offset": 2 }
				]
			}
		]
	},
	"t_94_1_lose2": {
		"slots": {
			"body": {
				"rgba": [
					{ "color": "000000ff", "curve": "stepped" },
					{ "time": 0.0333, "color": "000000ff" }
				]
			},
			"Emoji": {
				"rgba": [
					{ "color": "ff9999ff", "curve": "stepped" },
					{ "time": 0.0333, "color": "ff9999ff" }
				],
				"attachment": [
					{ "name": "Emoji/emo_57_c" },
					{ "time": 0.0333, "name": "Emoji/emo_57_c" }
				]
			},
			"feeling_1": {
				"rgba": [
					{ "color": "fff600ff", "curve": "stepped" },
					{ "time": 0.0333, "color": "fff600ff" }
				],
				"attachment": [
					{},
					{ "time": 0.0333 }
				]
			},
			"feeling_2": {
				"rgba": [
					{ "color": "ffffffff", "curve": "stepped" },
					{ "time": 0.0333, "color": "ffffffff" }
				],
				"attachment": [
					{ "name": "water_mouth" },
					{ "time": 0.0333, "name": "water_mouth" }
				]
			},
			"feeling_3": {
				"rgba": [
					{ "color": "ffffffff", "curve": "stepped" },
					{ "time": 0.0333, "color": "ffffffff" }
				],
				"attachment": [
					{ "name": "mo_hoi" },
					{ "time": 0.0333, "name": "mo_hoi" }
				]
			},
			"feeling_4": {
				"attachment": [
					{ "name": "dau" },
					{ "time": 0.0333, "name": "dau" }
				]
			},
			"feeling_5": {
				"attachment": [
					{ "name": "choang" },
					{ "time": 0.0333, "name": "choang" }
				]
			},
			"hair": {
				"attachment": [
					{},
					{ "time": 0.0333 }
				]
			},
			"head": {
				"rgba": [
					{ "color": "ffffffff", "curve": "stepped" },
					{ "time": 0.0333, "color": "ffffffff" }
				],
				"attachment": [
					{ "name": "head_7" },
					{ "time": 0.0333, "name": "head_7" }
				]
			},
			"shoulder1": {
				"rgba": [
					{ "color": "000000ff", "curve": "stepped" },
					{ "time": 0.0333, "color": "000000ff" }
				],
				"attachment": [
					{ "name": "shoulder" },
					{ "time": 0.0333, "name": "shoulder" }
				]
			},
			"shoulder2": {
				"rgba": [
					{ "color": "000000ff", "curve": "stepped" },
					{ "time": 0.0333, "color": "000000ff" }
				],
				"attachment": [
					{ "name": "shoulder" },
					{ "time": 0.0333, "name": "shoulder" }
				]
			},
			"shoulder3": {
				"rgba": [
					{ "color": "000000ff", "curve": "stepped" },
					{ "time": 0.0333, "color": "000000ff" }
				],
				"attachment": [
					{ "name": "shoulder" },
					{ "time": 0.0333, "name": "shoulder" }
				]
			},
			"shoulder4": {
				"rgba": [
					{ "color": "000000ff", "curve": "stepped" },
					{ "time": 0.0333, "color": "000000ff" }
				],
				"attachment": [
					{ "name": "shoulder" },
					{ "time": 0.0333, "name": "shoulder" }
				]
			},
			"thigh": {
				"rgba": [
					{ "color": "000000ff", "curve": "stepped" },
					{ "time": 0.0333, "color": "000000ff" }
				]
			},
			"thigh2": {
				"rgba": [
					{ "color": "000000ff", "curve": "stepped" },
					{ "time": 0.0333, "color": "000000ff" }
				]
			},
			"thigh3": {
				"rgba": [
					{ "color": "000000ff", "curve": "stepped" },
					{ "time": 0.0333, "color": "000000ff" }
				]
			},
			"thigh4": {
				"rgba": [
					{ "color": "000000ff", "curve": "stepped" },
					{ "time": 0.0333, "color": "000000ff" }
				]
			}
		},
		"bones": {
			"head": {
				"rotate": [
					{ "value": -14.42, "curve": "stepped" },
					{ "time": 0.0333, "value": -14.42 }
				],
				"translate": [
					{ "x": -15.56, "y": -2.1, "curve": "stepped" },
					{ "time": 0.0333, "x": -15.56, "y": -2.1 }
				],
				"scale": [
					{ "x": 1.321, "curve": "stepped" },
					{ "time": 0.0333, "x": 1.321 }
				]
			},
			"root": {
				"rotate": [
					{ "curve": "stepped" },
					{ "time": 0.0333 }
				],
				"translate": [
					{ "curve": "stepped" },
					{ "time": 0.0333 }
				]
			},
			"main": {
				"rotate": [
					{ "value": 14.24, "curve": "stepped" },
					{ "time": 0.0333, "value": 14.24 }
				],
				"translate": [
					{ "x": 3.92, "y": -93.28, "curve": "stepped" },
					{ "time": 0.0333, "x": 3.92, "y": -93.28 }
				]
			},
			"hip": {
				"rotate": [
					{ "curve": "stepped" },
					{ "time": 0.0333 }
				],
				"translate": [
					{ "curve": "stepped" },
					{ "time": 0.0333 }
				]
			},
			"body": {
				"rotate": [
					{ "value": -3.45, "curve": "stepped" },
					{ "time": 0.0333, "value": -3.45 }
				],
				"translate": [
					{ "curve": "stepped" },
					{ "time": 0.0333 }
				]
			},
			"body2": {
				"rotate": [
					{ "value": -3.45, "curve": "stepped" },
					{ "time": 0.0333, "value": -3.45 }
				],
				"translate": [
					{ "curve": "stepped" },
					{ "time": 0.0333 }
				]
			},
			"body3": {
				"rotate": [
					{ "value": -3.45, "curve": "stepped" },
					{ "time": 0.0333, "value": -3.45 }
				],
				"translate": [
					{ "curve": "stepped" },
					{ "time": 0.0333 }
				]
			},
			"body4": {
				"rotate": [
					{ "value": -3.45, "curve": "stepped" },
					{ "time": 0.0333, "value": -3.45 }
				],
				"translate": [
					{ "curve": "stepped" },
					{ "time": 0.0333 }
				]
			},
			"body5": {
				"rotate": [
					{ "value": -3.45, "curve": "stepped" },
					{ "time": 0.0333, "value": -3.45 }
				],
				"translate": [
					{ "curve": "stepped" },
					{ "time": 0.0333 }
				]
			},
			"body6": {
				"rotate": [
					{ "value": -3.45, "curve": "stepped" },
					{ "time": 0.0333, "value": -3.45 }
				],
				"translate": [
					{ "curve": "stepped" },
					{ "time": 0.0333 }
				]
			},
			"body7": {
				"rotate": [
					{ "value": -3.45, "curve": "stepped" },
					{ "time": 0.0333, "value": -3.45 }
				],
				"translate": [
					{ "curve": "stepped" },
					{ "time": 0.0333 }
				]
			},
			"body8": {
				"rotate": [
					{ "value": -3.45, "curve": "stepped" },
					{ "time": 0.0333, "value": -3.45 }
				],
				"translate": [
					{ "curve": "stepped" },
					{ "time": 0.0333 }
				]
			},
			"feeling_3": {
				"rotate": [
					{ "value": 79.54, "curve": "stepped" },
					{ "time": 0.0333, "value": 79.54 }
				],
				"translate": [
					{ "x": 52.5, "y": -140.16, "curve": "stepped" },
					{ "time": 0.0333, "x": 52.5, "y": -140.16 }
				],
				"scale": [
					{ "x": 1.076, "y": 0.865, "curve": "stepped" },
					{ "time": 0.0333, "x": 1.076, "y": 0.865 }
				]
			},
			"emoji": {
				"rotate": [
					{ "value": -9.7, "curve": "stepped" },
					{ "time": 0.0333, "value": -9.7 }
				],
				"translate": [
					{ "x": 42.92, "y": -30.52, "curve": "stepped" },
					{ "time": 0.0333, "x": 42.92, "y": -30.52 }
				],
				"scale": [
					{ "x": 1.35, "y": 1.513, "curve": "stepped" },
					{ "time": 0.0333, "x": 1.35, "y": 1.513 }
				]
			},
			"shouder_1": {
				"rotate": [
					{ "value": -131.22, "curve": "stepped" },
					{ "time": 0.0333, "value": -131.22 }
				],
				"translate": [
					{ "x": 33.62, "y": 0.05, "curve": "stepped" },
					{ "time": 0.0333, "x": 33.62, "y": 0.05 }
				],
				"scale": [
					{ "curve": "stepped" },
					{ "time": 0.0333 }
				],
				"shear": [
					{ "curve": "stepped" },
					{ "time": 0.0333 }
				]
			},
			"arm_1": {
				"rotate": [
					{ "value": -37.7, "curve": "stepped" },
					{ "time": 0.0333, "value": -37.7 }
				],
				"translate": [
					{ "x": 2.02, "y": 0.08, "curve": "stepped" },
					{ "time": 0.0333, "x": 2.02, "y": 0.08 }
				],
				"scale": [
					{ "curve": "stepped" },
					{ "time": 0.0333 }
				]
			},
			"shouder_2": {
				"rotate": [
					{ "value": 58.63, "curve": "stepped" },
					{ "time": 0.0333, "value": 58.63 }
				],
				"translate": [
					{ "x": 26.86, "y": 1.44, "curve": "stepped" },
					{ "time": 0.0333, "x": 26.86, "y": 1.44 }
				],
				"scale": [
					{ "curve": "stepped" },
					{ "time": 0.0333 }
				]
			},
			"arm_2": {
				"rotate": [
					{ "value": -41.58, "curve": "stepped" },
					{ "time": 0.0333, "value": -41.58 }
				],
				"translate": [
					{ "curve": "stepped" },
					{ "time": 0.0333 }
				],
				"scale": [
					{ "curve": "stepped" },
					{ "time": 0.0333 }
				]
			},
			"thigh_1": {
				"rotate": [
					{ "value": 24.72, "curve": "stepped" },
					{ "time": 0.0333, "value": 24.72 }
				],
				"translate": [
					{ "curve": "stepped" },
					{ "time": 0.0333 }
				],
				"scale": [
					{ "curve": "stepped" },
					{ "time": 0.0333 }
				]
			},
			"leg_1": {
				"rotate": [
					{ "curve": "stepped" },
					{ "time": 0.0333 }
				],
				"translate": [
					{ "curve": "stepped" },
					{ "time": 0.0333 }
				],
				"scale": [
					{ "curve": "stepped" },
					{ "time": 0.0333 }
				]
			},
			"thigh_2": {
				"rotate": [
					{ "value": 39.21, "curve": "stepped" },
					{ "time": 0.0333, "value": 39.21 }
				],
				"translate": [
					{ "curve": "stepped" },
					{ "time": 0.0333 }
				],
				"scale": [
					{ "curve": "stepped" },
					{ "time": 0.0333 }
				]
			},
			"leg_2": {
				"rotate": [
					{ "value": 18.14, "curve": "stepped" },
					{ "time": 0.0333, "value": 18.14 }
				],
				"translate": [
					{ "curve": "stepped" },
					{ "time": 0.0333 }
				],
				"scale": [
					{ "curve": "stepped" },
					{ "time": 0.0333 }
				]
			},
			"foot_2": {
				"rotate": [
					{ "value": 1.87, "curve": "stepped" },
					{ "time": 0.0333, "value": 1.87 }
				],
				"translate": [
					{ "x": -190.95, "y": 30.34, "curve": "stepped" },
					{ "time": 0.0333, "x": -190.95, "y": 30.34 }
				]
			},
			"foot_3": {
				"rotate": [
					{ "value": -17.54, "curve": "stepped" },
					{ "time": 0.0333, "value": -17.54 }
				],
				"translate": [
					{ "x": -214.02, "y": 109.15, "curve": "stepped" },
					{ "time": 0.0333, "x": -214.02, "y": 109.15 }
				]
			},
			"feeling_5": {
				"rotate": [
					{ "value": -6.39, "curve": "stepped" },
					{ "time": 0.0333, "value": -6.39 }
				],
				"translate": [
					{ "x": 116.62, "y": 1.01, "curve": "stepped" },
					{ "time": 0.0333, "x": 116.62, "y": 1.01 }
				],
				"scale": [
					{ "x": 0.525, "y": 0.525, "curve": "stepped" },
					{ "time": 0.0333, "x": 0.525, "y": 0.525 }
				]
			},
			"feeling_1": {
				"rotate": [
					{ "value": 1.26, "curve": "stepped" },
					{ "time": 0.0333, "value": 1.26 }
				],
				"translate": [
					{ "x": -58.95, "y": -100.15, "curve": "stepped" },
					{ "time": 0.0333, "x": -58.95, "y": -100.15 }
				],
				"scale": [
					{ "x": 1.279, "y": 1.653, "curve": "stepped" },
					{ "time": 0.0333, "x": 1.279, "y": 1.653 }
				]
			},
			"feeling_2": {
				"rotate": [
					{ "value": 93.55, "curve": "stepped" },
					{ "time": 0.0333, "value": 93.55 }
				],
				"translate": [
					{ "x": 74.54, "y": -168.66, "curve": "stepped" },
					{ "time": 0.0333, "x": 74.54, "y": -168.66 }
				],
				"scale": [
					{ "x": 1.705, "y": 2.784, "curve": "stepped" },
					{ "time": 0.0333, "x": 1.705, "y": 2.784 }
				]
			},
			"move": {
				"translate": [
					{ "x": 119.98, "y": 6.9, "curve": "stepped" },
					{ "time": 0.0333, "x": 119.98, "y": 6.9 }
				],
				"scale": [
					{ "curve": "stepped" },
					{ "time": 0.0333 }
				]
			},
			"hair_1": {
				"rotate": [
					{ "value": -33.01, "curve": "stepped" },
					{ "time": 0.0333, "value": -33.01 }
				],
				"translate": [
					{ "x": 113.95, "y": 617.41, "curve": "stepped" },
					{ "time": 0.0333, "x": 113.95, "y": 617.41 }
				],
				"scale": [
					{ "x": -1, "y": 1.318, "curve": "stepped" },
					{ "time": 0.0333, "x": -1, "y": 1.318 }
				]
			},
			"feeling_4": {
				"rotate": [
					{ "value": 47.74, "curve": "stepped" },
					{ "time": 0.0333, "value": 47.74 }
				],
				"translate": [
					{ "x": 29.63, "y": 69, "curve": "stepped" },
					{ "time": 0.0333, "x": 29.63, "y": 69 }
				],
				"scale": [
					{ "x": 0.728, "y": 0.728, "curve": "stepped" },
					{ "time": 0.0333, "x": 0.728, "y": 0.728 }
				]
			}
		},
		"ik": {
			"foot_1": [
				{
					"stretch": true,
					"curve": [ 0.008, 1, 0.025, 1, 0.008, 0, 0.025, 0 ]
				},
				{ "time": 0.0333, "stretch": true }
			],
			"foot_2": [
				{
					"stretch": true,
					"curve": [ 0.008, 1, 0.025, 1, 0.008, 0, 0.025, 0 ]
				},
				{ "time": 0.0333, "stretch": true }
			]
		},
		"drawOrder": [
			{
				"offsets": [
					{ "slot": "shoulder2", "offset": 7 },
					{ "slot": "shoulder4", "offset": -3 },
					{ "slot": "Emoji", "offset": 5 }
				]
			},
			{
				"time": 0.0333,
				"offsets": [
					{ "slot": "shoulder2", "offset": 7 },
					{ "slot": "shoulder4", "offset": -3 },
					{ "slot": "Emoji", "offset": 5 }
				]
			}
		]
	},
	"t_94_1_win": {
		"slots": {
			"body": {
				"rgba": [
					{ "color": "000000ff", "curve": "stepped" },
					{ "time": 0.0333, "color": "000000ff" }
				]
			},
			"Emoji": {
				"attachment": [
					{ "name": "Emoji/new/emo_66" },
					{ "time": 0.0333, "name": "Emoji/new/emo_66" }
				]
			},
			"feeling_3": {
				"rgba": [
					{ "color": "ffffffff", "curve": "stepped" },
					{ "time": 0.0333, "color": "ffffffff" }
				],
				"attachment": [
					{},
					{ "time": 0.0333 }
				]
			},
			"feeling_4": {
				"attachment": [
					{ "name": "item/eat" },
					{ "time": 0.0333, "name": "item/eat" }
				]
			},
			"feeling_5": {
				"rgba": [
					{ "color": "ffffffff", "curve": "stepped" },
					{ "time": 0.0333, "color": "ffffffff" }
				],
				"attachment": [
					{},
					{ "time": 0.0333 }
				]
			},
			"head": {
				"rgba": [
					{ "color": "ffffffff", "curve": "stepped" },
					{ "time": 0.0333, "color": "ffffffff" }
				],
				"attachment": [
					{ "name": "head" },
					{ "time": 0.0333, "name": "head" }
				]
			},
			"item": {
				"attachment": [
					{},
					{ "time": 0.0333 }
				]
			},
			"shoulder1": {
				"rgba": [
					{ "color": "000000ff", "curve": "stepped" },
					{ "time": 0.0333, "color": "000000ff" }
				],
				"attachment": [
					{ "name": "shoulder" },
					{ "time": 0.0333, "name": "shoulder" }
				]
			},
			"shoulder2": {
				"rgba": [
					{ "color": "000000ff", "curve": "stepped" },
					{ "time": 0.0333, "color": "000000ff" }
				],
				"attachment": [
					{ "name": "shoulder" },
					{ "time": 0.0333, "name": "shoulder" }
				]
			},
			"shoulder3": {
				"rgba": [
					{ "color": "000000ff", "curve": "stepped" },
					{ "time": 0.0333, "color": "000000ff" }
				],
				"attachment": [
					{ "name": "shoulder" },
					{ "time": 0.0333, "name": "shoulder" }
				]
			},
			"shoulder4": {
				"rgba": [
					{ "color": "000000ff", "curve": "stepped" },
					{ "time": 0.0333, "color": "000000ff" }
				],
				"attachment": [
					{ "name": "shoulder" },
					{ "time": 0.0333, "name": "shoulder" }
				]
			},
			"thigh": {
				"rgba": [
					{ "color": "000000ff", "curve": "stepped" },
					{ "time": 0.0333, "color": "000000ff" }
				]
			},
			"thigh2": {
				"rgba": [
					{ "color": "000000ff", "curve": "stepped" },
					{ "time": 0.0333, "color": "000000ff" }
				]
			},
			"thigh3": {
				"rgba": [
					{ "color": "000000ff", "curve": "stepped" },
					{ "time": 0.0333, "color": "000000ff" }
				]
			},
			"thigh4": {
				"rgba": [
					{ "color": "000000ff", "curve": "stepped" },
					{ "time": 0.0333, "color": "000000ff" }
				]
			}
		},
		"bones": {
			"head": {
				"rotate": [
					{ "value": 15.25, "curve": "stepped" },
					{ "time": 0.0333, "value": 15.25 }
				],
				"translate": [
					{ "x": -12.36, "y": -25.71, "curve": "stepped" },
					{ "time": 0.0333, "x": -12.36, "y": -25.71 }
				],
				"scale": [
					{ "curve": "stepped" },
					{ "time": 0.0333 }
				]
			},
			"root": {
				"rotate": [
					{ "curve": "stepped" },
					{ "time": 0.0333 }
				],
				"translate": [
					{ "curve": "stepped" },
					{ "time": 0.0333 }
				]
			},
			"main": {
				"rotate": [
					{ "value": -5.11, "curve": "stepped" },
					{ "time": 0.0333, "value": -5.11 }
				],
				"translate": [
					{ "x": 4.64, "y": -15.34, "curve": "stepped" },
					{ "time": 0.0333, "x": 4.64, "y": -15.34 }
				]
			},
			"hip": {
				"rotate": [
					{ "curve": "stepped" },
					{ "time": 0.0333 }
				],
				"translate": [
					{ "curve": "stepped" },
					{ "time": 0.0333 }
				]
			},
			"body": {
				"rotate": [
					{ "value": -0.43, "curve": "stepped" },
					{ "time": 0.0333, "value": -0.43 }
				],
				"translate": [
					{ "curve": "stepped" },
					{ "time": 0.0333 }
				],
				"scale": [
					{ "curve": "stepped" },
					{ "time": 0.0333 }
				]
			},
			"body2": {
				"rotate": [
					{ "value": -0.43, "curve": "stepped" },
					{ "time": 0.0333, "value": -0.43 }
				],
				"translate": [
					{ "curve": "stepped" },
					{ "time": 0.0333 }
				],
				"scale": [
					{ "curve": "stepped" },
					{ "time": 0.0333 }
				]
			},
			"body3": {
				"rotate": [
					{ "value": -0.43, "curve": "stepped" },
					{ "time": 0.0333, "value": -0.43 }
				],
				"translate": [
					{ "curve": "stepped" },
					{ "time": 0.0333 }
				],
				"scale": [
					{ "curve": "stepped" },
					{ "time": 0.0333 }
				]
			},
			"body4": {
				"rotate": [
					{ "value": -0.43, "curve": "stepped" },
					{ "time": 0.0333, "value": -0.43 }
				],
				"translate": [
					{ "curve": "stepped" },
					{ "time": 0.0333 }
				],
				"scale": [
					{ "curve": "stepped" },
					{ "time": 0.0333 }
				]
			},
			"body5": {
				"rotate": [
					{ "value": -0.43, "curve": "stepped" },
					{ "time": 0.0333, "value": -0.43 }
				],
				"translate": [
					{ "curve": "stepped" },
					{ "time": 0.0333 }
				],
				"scale": [
					{ "curve": "stepped" },
					{ "time": 0.0333 }
				]
			},
			"body6": {
				"rotate": [
					{ "value": -0.43, "curve": "stepped" },
					{ "time": 0.0333, "value": -0.43 }
				],
				"translate": [
					{ "curve": "stepped" },
					{ "time": 0.0333 }
				],
				"scale": [
					{ "curve": "stepped" },
					{ "time": 0.0333 }
				]
			},
			"body7": {
				"rotate": [
					{ "value": -0.43, "curve": "stepped" },
					{ "time": 0.0333, "value": -0.43 }
				],
				"translate": [
					{ "curve": "stepped" },
					{ "time": 0.0333 }
				],
				"scale": [
					{ "curve": "stepped" },
					{ "time": 0.0333 }
				]
			},
			"body8": {
				"rotate": [
					{ "value": -0.43, "curve": "stepped" },
					{ "time": 0.0333, "value": -0.43 }
				],
				"translate": [
					{ "curve": "stepped" },
					{ "time": 0.0333 }
				],
				"scale": [
					{ "curve": "stepped" },
					{ "time": 0.0333 }
				]
			},
			"feeling_3": {
				"rotate": [
					{ "value": 165.69, "curve": "stepped" },
					{ "time": 0.0333, "value": 165.69 }
				],
				"translate": [
					{ "x": 80.89, "y": 61.39, "curve": "stepped" },
					{ "time": 0.0333, "x": 80.89, "y": 61.39 }
				],
				"scale": [
					{ "x": -1.657, "y": -1.657, "curve": "stepped" },
					{ "time": 0.0333, "x": -1.657, "y": -1.657 }
				]
			},
			"emoji": {
				"rotate": [
					{ "value": 0.33, "curve": "stepped" },
					{ "time": 0.0333, "value": 0.33 }
				],
				"translate": [
					{ "x": -1.94, "y": -10.81, "curve": "stepped" },
					{ "time": 0.0333, "x": -1.94, "y": -10.81 }
				],
				"scale": [
					{ "x": 0.884, "y": 0.884, "curve": "stepped" },
					{ "time": 0.0333, "x": 0.884, "y": 0.884 }
				]
			},
			"shouder_1": {
				"rotate": [
					{ "value": -50.94, "curve": "stepped" },
					{ "time": 0.0333, "value": -50.94 }
				],
				"translate": [
					{ "x": 19.02, "y": -2.15, "curve": "stepped" },
					{ "time": 0.0333, "x": 19.02, "y": -2.15 }
				],
				"scale": [
					{ "curve": "stepped" },
					{ "time": 0.0333 }
				]
			},
			"arm_1": {
				"rotate": [
					{ "value": 147.92, "curve": "stepped" },
					{ "time": 0.0333, "value": 147.92 }
				],
				"translate": [
					{ "x": 2.02, "y": 0.08, "curve": "stepped" },
					{ "time": 0.0333, "x": 2.02, "y": 0.08 }
				],
				"scale": [
					{ "x": 0.84, "curve": "stepped" },
					{ "time": 0.0333, "x": 0.84 }
				]
			},
			"shouder_2": {
				"rotate": [
					{ "value": 59.78, "curve": "stepped" },
					{ "time": 0.0333, "value": 59.78 }
				],
				"translate": [
					{ "x": 15.95, "y": -0.85, "curve": "stepped" },
					{ "time": 0.0333, "x": 15.95, "y": -0.85 }
				],
				"scale": [
					{ "curve": "stepped" },
					{ "time": 0.0333 }
				]
			},
			"arm_2": {
				"rotate": [
					{ "value": 110.57, "curve": "stepped" },
					{ "time": 0.0333, "value": 110.57 }
				],
				"scale": [
					{ "curve": "stepped" },
					{ "time": 0.0333 }
				]
			},
			"thigh_1": {
				"rotate": [
					{ "value": 24.72, "curve": "stepped" },
					{ "time": 0.0333, "value": 24.72 }
				],
				"translate": [
					{ "curve": "stepped" },
					{ "time": 0.0333 }
				],
				"scale": [
					{ "curve": "stepped" },
					{ "time": 0.0333 }
				]
			},
			"leg_1": {
				"rotate": [
					{ "curve": "stepped" },
					{ "time": 0.0333 }
				],
				"translate": [
					{ "curve": "stepped" },
					{ "time": 0.0333 }
				]
			},
			"thigh_2": {
				"rotate": [
					{ "value": 39.21, "curve": "stepped" },
					{ "time": 0.0333, "value": 39.21 }
				],
				"translate": [
					{ "curve": "stepped" },
					{ "time": 0.0333 }
				],
				"scale": [
					{ "curve": "stepped" },
					{ "time": 0.0333 }
				]
			},
			"leg_2": {
				"rotate": [
					{ "value": 18.14, "curve": "stepped" },
					{ "time": 0.0333, "value": 18.14 }
				],
				"translate": [
					{ "curve": "stepped" },
					{ "time": 0.0333 }
				]
			},
			"foot_2": {
				"rotate": [
					{ "curve": "stepped" },
					{ "time": 0.0333 }
				],
				"translate": [
					{ "x": 54.22, "y": 2.82, "curve": "stepped" },
					{ "time": 0.0333, "x": 54.22, "y": 2.82 }
				]
			},
			"foot_3": {
				"rotate": [
					{ "value": 12.32, "curve": "stepped" },
					{ "time": 0.0333, "value": 12.32 }
				],
				"translate": [
					{ "x": -50.96, "y": -1.51, "curve": "stepped" },
					{ "time": 0.0333, "x": -50.96, "y": -1.51 }
				]
			},
			"feeling_5": {
				"rotate": [
					{ "value": 0.63, "curve": "stepped" },
					{ "time": 0.0333, "value": 0.63 }
				],
				"translate": [
					{ "x": -20.56, "y": 23.39, "curve": "stepped" },
					{ "time": 0.0333, "x": -20.56, "y": 23.39 }
				],
				"scale": [
					{ "x": 0.971, "y": 0.971, "curve": "stepped" },
					{ "time": 0.0333, "x": 0.971, "y": 0.971 }
				],
				"shear": [
					{ "curve": "stepped" },
					{ "time": 0.0333 }
				]
			},
			"feeling_1": {
				"rotate": [
					{ "value": 23.53, "curve": "stepped" },
					{ "time": 0.0333, "value": 23.53 }
				],
				"translate": [
					{ "x": -4.37, "y": -22.06, "curve": "stepped" },
					{ "time": 0.0333, "x": -4.37, "y": -22.06 }
				],
				"scale": [
					{ "x": 1.617, "y": 1.617, "curve": "stepped" },
					{ "time": 0.0333, "x": 1.617, "y": 1.617 }
				]
			},
			"move": {
				"rotate": [
					{ "value": 0.12, "curve": "stepped" },
					{ "time": 0.0333, "value": 0.12 }
				],
				"translate": [
					{ "x": 119.99, "curve": "stepped" },
					{ "time": 0.0333, "x": 119.99 }
				],
				"scale": [
					{ "x": -1, "curve": "stepped" },
					{ "time": 0.0333, "x": -1 }
				]
			},
			"feeling_2": {
				"rotate": [
					{ "value": 124.72, "curve": "stepped" },
					{ "time": 0.0333, "value": 124.72 }
				],
				"translate": [
					{ "x": -170.03, "y": -52.66, "curve": "stepped" },
					{ "time": 0.0333, "x": -170.03, "y": -52.66 }
				],
				"scale": [
					{ "x": 0.805, "y": 0.805, "curve": "stepped" },
					{ "time": 0.0333, "x": 0.805, "y": 0.805 }
				]
			},
			"item_1": {
				"rotate": [
					{ "value": 2.74, "curve": "stepped" },
					{ "time": 0.0333, "value": 2.74 }
				],
				"translate": [
					{ "x": -100.66, "y": -82.5, "curve": "stepped" },
					{ "time": 0.0333, "x": -100.66, "y": -82.5 }
				],
				"scale": [
					{ "x": -1, "curve": "stepped" },
					{ "time": 0.0333, "x": -1 }
				]
			},
			"feeling_4": {
				"rotate": [
					{ "value": -100.07, "curve": "stepped" },
					{ "time": 0.0333, "value": -100.07 }
				],
				"translate": [
					{ "x": -78.8, "y": 0.44, "curve": "stepped" },
					{ "time": 0.0333, "x": -78.8, "y": 0.44 }
				],
				"scale": [
					{ "x": 0.499, "y": 0.499, "curve": "stepped" },
					{ "time": 0.0333, "x": 0.499, "y": 0.499 }
				]
			}
		},
		"ik": {
			"foot_1": [
				{
					"bendPositive": false,
					"stretch": true,
					"curve": [ 0.008, 1, 0.025, 1, 0.008, 0, 0.025, 0 ]
				},
				{ "time": 0.0333, "bendPositive": false, "stretch": true }
			],
			"foot_2": [
				{
					"bendPositive": false,
					"stretch": true,
					"curve": [ 0.008, 1, 0.025, 1, 0.008, 0, 0.025, 0 ]
				},
				{ "time": 0.0333, "bendPositive": false, "stretch": true }
			]
		},
		"drawOrder": [
			{
				"offsets": [
					{ "slot": "item", "offset": 6 },
					{ "slot": "shoulder2", "offset": 3 },
					{ "slot": "shoulder4", "offset": -1 },
					{ "slot": "thigh", "offset": 2 },
					{ "slot": "feeling_3", "offset": 2 }
				]
			},
			{
				"time": 0.0333,
				"offsets": [
					{ "slot": "item", "offset": 6 },
					{ "slot": "shoulder2", "offset": 3 },
					{ "slot": "shoulder4", "offset": -1 },
					{ "slot": "thigh", "offset": 2 },
					{ "slot": "feeling_3", "offset": 2 }
				]
			}
		]
	},
	"t_94_2_be": {
		"slots": {
			"body": {
				"rgba": [
					{ "color": "000000ff", "curve": "stepped" },
					{ "time": 0.0333, "color": "000000ff" }
				]
			},
			"Emoji": {
				"attachment": [
					{},
					{ "time": 0.0333 }
				]
			},
			"feeling_1": {
				"attachment": [
					{ "name": "scare" },
					{ "time": 0.0333, "name": "scare" }
				]
			},
			"feeling_3": {
				"rgba": [
					{ "color": "ffffffff", "curve": "stepped" },
					{ "time": 0.0333, "color": "ffffffff" }
				],
				"attachment": [
					{},
					{ "time": 0.0333 }
				]
			},
			"feeling_4": {
				"attachment": [
					{},
					{ "time": 0.0333 }
				]
			},
			"feeling_5": {
				"rgba": [
					{ "color": "ffffffff", "curve": "stepped" },
					{ "time": 0.0333, "color": "ffffffff" }
				],
				"attachment": [
					{},
					{ "time": 0.0333 }
				]
			},
			"hair": {
				"attachment": [
					{ "name": "hair/man/mu_9" },
					{ "time": 0.0333, "name": "hair/man/mu_9" }
				]
			},
			"head": {
				"rgba": [
					{ "color": "ffffffff", "curve": "stepped" },
					{ "time": 0.0333, "color": "ffffffff" }
				],
				"attachment": [
					{ "name": "head" },
					{ "time": 0.0333, "name": "head" }
				]
			},
			"item": {
				"attachment": [
					{},
					{ "time": 0.0333 }
				]
			},
			"shoulder1": {
				"rgba": [
					{ "color": "000000ff", "curve": "stepped" },
					{ "time": 0.0333, "color": "000000ff" }
				],
				"attachment": [
					{ "name": "shoulder" },
					{ "time": 0.0333, "name": "shoulder" }
				]
			},
			"shoulder2": {
				"rgba": [
					{ "color": "000000ff", "curve": "stepped" },
					{ "time": 0.0333, "color": "000000ff" }
				],
				"attachment": [
					{ "name": "shoulder" },
					{ "time": 0.0333, "name": "shoulder" }
				]
			},
			"shoulder3": {
				"rgba": [
					{ "color": "000000ff", "curve": "stepped" },
					{ "time": 0.0333, "color": "000000ff" }
				],
				"attachment": [
					{ "name": "shoulder" },
					{ "time": 0.0333, "name": "shoulder" }
				]
			},
			"shoulder4": {
				"rgba": [
					{ "color": "000000ff", "curve": "stepped" },
					{ "time": 0.0333, "color": "000000ff" }
				],
				"attachment": [
					{ "name": "shoulder" },
					{ "time": 0.0333, "name": "shoulder" }
				]
			},
			"thigh": {
				"rgba": [
					{ "color": "000000ff", "curve": "stepped" },
					{ "time": 0.0333, "color": "000000ff" }
				]
			},
			"thigh2": {
				"rgba": [
					{ "color": "000000ff", "curve": "stepped" },
					{ "time": 0.0333, "color": "000000ff" }
				]
			},
			"thigh3": {
				"rgba": [
					{ "color": "000000ff", "curve": "stepped" },
					{ "time": 0.0333, "color": "000000ff" }
				]
			},
			"thigh4": {
				"rgba": [
					{ "color": "000000ff", "curve": "stepped" },
					{ "time": 0.0333, "color": "000000ff" }
				]
			}
		},
		"bones": {
			"head": {
				"rotate": [
					{ "value": 2.18, "curve": "stepped" },
					{ "time": 0.0333, "value": 2.18 }
				],
				"translate": [
					{ "x": -8.5, "y": -0.43, "curve": "stepped" },
					{ "time": 0.0333, "x": -8.5, "y": -0.43 }
				],
				"scale": [
					{ "curve": "stepped" },
					{ "time": 0.0333 }
				]
			},
			"root": {
				"rotate": [
					{ "curve": "stepped" },
					{ "time": 0.0333 }
				],
				"translate": [
					{ "curve": "stepped" },
					{ "time": 0.0333 }
				]
			},
			"main": {
				"rotate": [
					{ "value": 1.84, "curve": "stepped" },
					{ "time": 0.0333, "value": 1.84 }
				],
				"translate": [
					{ "x": 4.74, "y": 2.43, "curve": "stepped" },
					{ "time": 0.0333, "x": 4.74, "y": 2.43 }
				]
			},
			"hip": {
				"rotate": [
					{ "curve": "stepped" },
					{ "time": 0.0333 }
				],
				"translate": [
					{ "curve": "stepped" },
					{ "time": 0.0333 }
				]
			},
			"body": {
				"rotate": [
					{ "value": -0.43, "curve": "stepped" },
					{ "time": 0.0333, "value": -0.43 }
				],
				"translate": [
					{ "curve": "stepped" },
					{ "time": 0.0333 }
				],
				"scale": [
					{ "curve": "stepped" },
					{ "time": 0.0333 }
				]
			},
			"body2": {
				"rotate": [
					{ "value": -0.43, "curve": "stepped" },
					{ "time": 0.0333, "value": -0.43 }
				],
				"translate": [
					{ "curve": "stepped" },
					{ "time": 0.0333 }
				],
				"scale": [
					{ "curve": "stepped" },
					{ "time": 0.0333 }
				]
			},
			"body3": {
				"rotate": [
					{ "value": -0.43, "curve": "stepped" },
					{ "time": 0.0333, "value": -0.43 }
				],
				"translate": [
					{ "curve": "stepped" },
					{ "time": 0.0333 }
				],
				"scale": [
					{ "curve": "stepped" },
					{ "time": 0.0333 }
				]
			},
			"body4": {
				"rotate": [
					{ "value": -0.43, "curve": "stepped" },
					{ "time": 0.0333, "value": -0.43 }
				],
				"translate": [
					{ "curve": "stepped" },
					{ "time": 0.0333 }
				],
				"scale": [
					{ "curve": "stepped" },
					{ "time": 0.0333 }
				]
			},
			"body5": {
				"rotate": [
					{ "value": -0.43, "curve": "stepped" },
					{ "time": 0.0333, "value": -0.43 }
				],
				"translate": [
					{ "curve": "stepped" },
					{ "time": 0.0333 }
				],
				"scale": [
					{ "curve": "stepped" },
					{ "time": 0.0333 }
				]
			},
			"body6": {
				"rotate": [
					{ "value": -0.43, "curve": "stepped" },
					{ "time": 0.0333, "value": -0.43 }
				],
				"translate": [
					{ "curve": "stepped" },
					{ "time": 0.0333 }
				],
				"scale": [
					{ "curve": "stepped" },
					{ "time": 0.0333 }
				]
			},
			"body7": {
				"rotate": [
					{ "value": -0.43, "curve": "stepped" },
					{ "time": 0.0333, "value": -0.43 }
				],
				"translate": [
					{ "curve": "stepped" },
					{ "time": 0.0333 }
				],
				"scale": [
					{ "curve": "stepped" },
					{ "time": 0.0333 }
				]
			},
			"body8": {
				"rotate": [
					{ "value": -0.43, "curve": "stepped" },
					{ "time": 0.0333, "value": -0.43 }
				],
				"translate": [
					{ "curve": "stepped" },
					{ "time": 0.0333 }
				],
				"scale": [
					{ "curve": "stepped" },
					{ "time": 0.0333 }
				]
			},
			"feeling_3": {
				"rotate": [
					{ "value": 165.69, "curve": "stepped" },
					{ "time": 0.0333, "value": 165.69 }
				],
				"translate": [
					{ "x": 80.89, "y": 61.39, "curve": "stepped" },
					{ "time": 0.0333, "x": 80.89, "y": 61.39 }
				],
				"scale": [
					{ "x": -1.657, "y": -1.657, "curve": "stepped" },
					{ "time": 0.0333, "x": -1.657, "y": -1.657 }
				]
			},
			"emoji": {
				"rotate": [
					{ "value": 0.33, "curve": "stepped" },
					{ "time": 0.0333, "value": 0.33 }
				],
				"translate": [
					{ "x": -1.94, "y": -10.81, "curve": "stepped" },
					{ "time": 0.0333, "x": -1.94, "y": -10.81 }
				],
				"scale": [
					{ "x": 0.884, "y": 0.884, "curve": "stepped" },
					{ "time": 0.0333, "x": 0.884, "y": 0.884 }
				]
			},
			"shouder_1": {
				"rotate": [
					{ "value": 35.49, "curve": "stepped" },
					{ "time": 0.0333, "value": 35.49 }
				],
				"translate": [
					{ "x": 19.02, "y": -2.15, "curve": "stepped" },
					{ "time": 0.0333, "x": 19.02, "y": -2.15 }
				],
				"scale": [
					{ "curve": "stepped" },
					{ "time": 0.0333 }
				]
			},
			"arm_1": {
				"rotate": [
					{ "value": 65.32, "curve": "stepped" },
					{ "time": 0.0333, "value": 65.32 }
				],
				"translate": [
					{ "x": 2.02, "y": 0.08, "curve": "stepped" },
					{ "time": 0.0333, "x": 2.02, "y": 0.08 }
				],
				"scale": [
					{ "x": 1.079, "curve": "stepped" },
					{ "time": 0.0333, "x": 1.079 }
				]
			},
			"shouder_2": {
				"rotate": [
					{ "value": 61.22, "curve": "stepped" },
					{ "time": 0.0333, "value": 61.22 }
				],
				"translate": [
					{ "x": 21.92, "y": -3.71, "curve": "stepped" },
					{ "time": 0.0333, "x": 21.92, "y": -3.71 }
				],
				"scale": [
					{ "curve": "stepped" },
					{ "time": 0.0333 }
				]
			},
			"arm_2": {
				"rotate": [
					{ "value": -66.08, "curve": "stepped" },
					{ "time": 0.0333, "value": -66.08 }
				],
				"scale": [
					{ "curve": "stepped" },
					{ "time": 0.0333 }
				]
			},
			"thigh_1": {
				"rotate": [
					{ "value": 24.72, "curve": "stepped" },
					{ "time": 0.0333, "value": 24.72 }
				],
				"translate": [
					{ "curve": "stepped" },
					{ "time": 0.0333 }
				],
				"scale": [
					{ "curve": "stepped" },
					{ "time": 0.0333 }
				]
			},
			"leg_1": {
				"rotate": [
					{ "curve": "stepped" },
					{ "time": 0.0333 }
				],
				"translate": [
					{ "curve": "stepped" },
					{ "time": 0.0333 }
				]
			},
			"thigh_2": {
				"rotate": [
					{ "value": 39.21, "curve": "stepped" },
					{ "time": 0.0333, "value": 39.21 }
				],
				"translate": [
					{ "curve": "stepped" },
					{ "time": 0.0333 }
				],
				"scale": [
					{ "curve": "stepped" },
					{ "time": 0.0333 }
				]
			},
			"leg_2": {
				"rotate": [
					{ "value": 18.14, "curve": "stepped" },
					{ "time": 0.0333, "value": 18.14 }
				],
				"translate": [
					{ "curve": "stepped" },
					{ "time": 0.0333 }
				]
			},
			"foot_2": {
				"rotate": [
					{ "curve": "stepped" },
					{ "time": 0.0333 }
				],
				"translate": [
					{ "x": 54.22, "y": 2.82, "curve": "stepped" },
					{ "time": 0.0333, "x": 54.22, "y": 2.82 }
				]
			},
			"foot_3": {
				"rotate": [
					{ "value": 12.32, "curve": "stepped" },
					{ "time": 0.0333, "value": 12.32 }
				],
				"translate": [
					{ "x": -50.96, "y": -1.51, "curve": "stepped" },
					{ "time": 0.0333, "x": -50.96, "y": -1.51 }
				]
			},
			"feeling_5": {
				"rotate": [
					{ "value": 0.63, "curve": "stepped" },
					{ "time": 0.0333, "value": 0.63 }
				],
				"translate": [
					{ "x": -20.56, "y": 23.39, "curve": "stepped" },
					{ "time": 0.0333, "x": -20.56, "y": 23.39 }
				],
				"scale": [
					{ "x": 0.971, "y": 0.971, "curve": "stepped" },
					{ "time": 0.0333, "x": 0.971, "y": 0.971 }
				],
				"shear": [
					{ "curve": "stepped" },
					{ "time": 0.0333 }
				]
			},
			"feeling_1": {
				"rotate": [
					{ "value": 53.17, "curve": "stepped" },
					{ "time": 0.0333, "value": 53.17 }
				],
				"translate": [
					{ "x": 2.3, "y": -9.88, "curve": "stepped" },
					{ "time": 0.0333, "x": 2.3, "y": -9.88 }
				],
				"scale": [
					{ "x": 0.878, "y": 0.878, "curve": "stepped" },
					{ "time": 0.0333, "x": 0.878, "y": 0.878 }
				]
			},
			"move": {
				"rotate": [
					{ "value": 0.12, "curve": "stepped" },
					{ "time": 0.0333, "value": 0.12 }
				],
				"translate": [
					{ "x": 119.99, "curve": "stepped" },
					{ "time": 0.0333, "x": 119.99 }
				],
				"scale": [
					{ "x": -1, "curve": "stepped" },
					{ "time": 0.0333, "x": -1 }
				]
			},
			"feeling_2": {
				"rotate": [
					{ "value": 124.72, "curve": "stepped" },
					{ "time": 0.0333, "value": 124.72 }
				],
				"translate": [
					{ "x": -170.03, "y": -52.66, "curve": "stepped" },
					{ "time": 0.0333, "x": -170.03, "y": -52.66 }
				],
				"scale": [
					{ "x": 0.805, "y": 0.805, "curve": "stepped" },
					{ "time": 0.0333, "x": 0.805, "y": 0.805 }
				]
			},
			"item_1": {
				"rotate": [
					{ "value": 2.74, "curve": "stepped" },
					{ "time": 0.0333, "value": 2.74 }
				],
				"translate": [
					{ "x": -100.66, "y": -82.5, "curve": "stepped" },
					{ "time": 0.0333, "x": -100.66, "y": -82.5 }
				],
				"scale": [
					{ "x": -1, "curve": "stepped" },
					{ "time": 0.0333, "x": -1 }
				]
			},
			"feeling_4": {
				"rotate": [
					{ "value": -100.07, "curve": "stepped" },
					{ "time": 0.0333, "value": -100.07 }
				],
				"translate": [
					{ "x": -78.8, "y": 0.44, "curve": "stepped" },
					{ "time": 0.0333, "x": -78.8, "y": 0.44 }
				],
				"scale": [
					{ "x": 0.499, "y": 0.499, "curve": "stepped" },
					{ "time": 0.0333, "x": 0.499, "y": 0.499 }
				]
			},
			"hair_1": {
				"rotate": [
					{ "value": -1.91, "curve": "stepped" },
					{ "time": 0.0333, "value": -1.91 }
				],
				"translate": [
					{ "x": 145.12, "y": 581.72, "curve": "stepped" },
					{ "time": 0.0333, "x": 145.12, "y": 581.72 }
				],
				"scale": [
					{ "x": -1.166, "y": 1.166, "curve": "stepped" },
					{ "time": 0.0333, "x": -1.166, "y": 1.166 }
				]
			}
		},
		"ik": {
			"foot_1": [
				{
					"bendPositive": false,
					"stretch": true,
					"curve": [ 0.008, 1, 0.025, 1, 0.008, 0, 0.025, 0 ]
				},
				{ "time": 0.0333, "bendPositive": false, "stretch": true }
			],
			"foot_2": [
				{
					"bendPositive": false,
					"stretch": true,
					"curve": [ 0.008, 1, 0.025, 1, 0.008, 0, 0.025, 0 ]
				},
				{ "time": 0.0333, "bendPositive": false, "stretch": true }
			]
		},
		"drawOrder": [
			{
				"offsets": [
					{ "slot": "item", "offset": 7 },
					{ "slot": "shoulder2", "offset": 4 },
					{ "slot": "shoulder4", "offset": -1 },
					{ "slot": "thigh", "offset": 3 },
					{ "slot": "feeling_3", "offset": 3 },
					{ "slot": "feeling_1", "offset": -11 }
				]
			},
			{
				"time": 0.0333,
				"offsets": [
					{ "slot": "item", "offset": 7 },
					{ "slot": "shoulder2", "offset": 4 },
					{ "slot": "shoulder4", "offset": -1 },
					{ "slot": "thigh", "offset": 3 },
					{ "slot": "feeling_3", "offset": 3 },
					{ "slot": "feeling_1", "offset": -11 }
				]
			}
		]
	},
	"t_94_2_lose": {
		"slots": {
			"body": {
				"rgba": [
					{ "color": "000000ff", "curve": "stepped" },
					{ "time": 0.6667, "color": "000000ff" }
				]
			},
			"Emoji": {
				"attachment": [
					{ "name": "Emoji/emo_68b" },
					{ "time": 0.6667, "name": "Emoji/emo_68b" }
				]
			},
			"feeling_1": {
				"attachment": [
					{},
					{ "time": 0.6667 }
				]
			},
			"feeling_2": {
				"attachment": [
					{},
					{ "time": 0.6667 }
				]
			},
			"feeling_3": {
				"attachment": [
					{},
					{ "time": 0.6667 }
				]
			},
			"feeling_5": {
				"rgba": [
					{ "color": "ffde00ff", "curve": "stepped" },
					{ "time": 0.6667, "color": "ffde00ff" }
				],
				"attachment": [
					{ "name": "scare" },
					{ "time": 0.6667, "name": "scare" }
				]
			},
			"hair": {
				"attachment": [
					{ "name": "hair/man/mu_9" },
					{ "time": 0.6667, "name": "hair/man/mu_9" }
				]
			},
			"head": {
				"rgba": [
					{ "color": "ffffffff", "curve": "stepped" },
					{ "time": 0.6667, "color": "ffffffff" }
				],
				"attachment": [
					{ "name": "head" },
					{ "time": 0.6667, "name": "head" }
				]
			},
			"shoulder1": {
				"rgba": [
					{ "color": "000000ff", "curve": "stepped" },
					{ "time": 0.6667, "color": "000000ff" }
				],
				"attachment": [
					{ "name": "shoulder" },
					{ "time": 0.6667, "name": "shoulder" }
				]
			},
			"shoulder2": {
				"rgba": [
					{ "color": "000000ff", "curve": "stepped" },
					{ "time": 0.6667, "color": "000000ff" }
				],
				"attachment": [
					{ "name": "shoulder" },
					{ "time": 0.6667, "name": "shoulder" }
				]
			},
			"shoulder3": {
				"rgba": [
					{ "color": "000000ff", "curve": "stepped" },
					{ "time": 0.6667, "color": "000000ff" }
				],
				"attachment": [
					{ "name": "shoulder" },
					{ "time": 0.6667, "name": "shoulder" }
				]
			},
			"shoulder4": {
				"rgba": [
					{ "color": "000000ff", "curve": "stepped" },
					{ "time": 0.6667, "color": "000000ff" }
				],
				"attachment": [
					{ "name": "shoulder" },
					{ "time": 0.6667, "name": "shoulder" }
				]
			},
			"thigh": {
				"rgba": [
					{ "color": "000000ff", "curve": "stepped" },
					{ "time": 0.6667, "color": "000000ff" }
				]
			},
			"thigh2": {
				"rgba": [
					{ "color": "000000ff", "curve": "stepped" },
					{ "time": 0.6667, "color": "000000ff" }
				]
			},
			"thigh3": {
				"rgba": [
					{ "color": "000000ff", "curve": "stepped" },
					{ "time": 0.6667, "color": "000000ff" }
				]
			},
			"thigh4": {
				"rgba": [
					{ "color": "000000ff", "curve": "stepped" },
					{ "time": 0.6667, "color": "000000ff" }
				]
			}
		},
		"bones": {
			"head": {
				"rotate": [
					{ "value": 16.69, "curve": "stepped" },
					{ "time": 0.6667, "value": 16.69 }
				],
				"translate": [
					{ "x": -9.08, "y": 1.5, "curve": "stepped" },
					{ "time": 0.6667, "x": -9.08, "y": 1.5 }
				],
				"scale": [
					{ "curve": "stepped" },
					{ "time": 0.6667 }
				]
			},
			"root": {
				"rotate": [
					{ "curve": "stepped" },
					{ "time": 0.6667 }
				],
				"translate": [
					{ "curve": "stepped" },
					{ "time": 0.6667 }
				]
			},
			"main": {
				"rotate": [
					{ "value": -22.9, "curve": "stepped" },
					{ "time": 0.6667, "value": -22.9 }
				],
				"translate": [
					{ "x": -10.04, "y": -10.62, "curve": "stepped" },
					{ "time": 0.6667, "x": -10.04, "y": -10.62 }
				]
			},
			"hip": {
				"rotate": [
					{ "curve": "stepped" },
					{ "time": 0.6667 }
				],
				"translate": [
					{ "curve": "stepped" },
					{ "time": 0.6667 }
				]
			},
			"body": {
				"rotate": [
					{ "value": 3.18, "curve": "stepped" },
					{ "time": 0.6667, "value": 3.18 }
				],
				"translate": [
					{ "curve": "stepped" },
					{ "time": 0.6667 }
				],
				"scale": [
					{ "curve": "stepped" },
					{ "time": 0.6667 }
				]
			},
			"body2": {
				"rotate": [
					{ "value": 3.18, "curve": "stepped" },
					{ "time": 0.6667, "value": 3.18 }
				],
				"translate": [
					{ "curve": "stepped" },
					{ "time": 0.6667 }
				],
				"scale": [
					{ "curve": "stepped" },
					{ "time": 0.6667 }
				]
			},
			"body3": {
				"rotate": [
					{ "value": 3.18, "curve": "stepped" },
					{ "time": 0.6667, "value": 3.18 }
				],
				"translate": [
					{ "curve": "stepped" },
					{ "time": 0.6667 }
				],
				"scale": [
					{ "curve": "stepped" },
					{ "time": 0.6667 }
				]
			},
			"body4": {
				"rotate": [
					{ "value": 3.18, "curve": "stepped" },
					{ "time": 0.6667, "value": 3.18 }
				],
				"translate": [
					{ "curve": "stepped" },
					{ "time": 0.6667 }
				],
				"scale": [
					{ "curve": "stepped" },
					{ "time": 0.6667 }
				]
			},
			"body5": {
				"rotate": [
					{ "value": 3.18, "curve": "stepped" },
					{ "time": 0.6667, "value": 3.18 }
				],
				"translate": [
					{ "curve": "stepped" },
					{ "time": 0.6667 }
				],
				"scale": [
					{ "curve": "stepped" },
					{ "time": 0.6667 }
				]
			},
			"body6": {
				"rotate": [
					{ "value": 3.18, "curve": "stepped" },
					{ "time": 0.6667, "value": 3.18 }
				],
				"translate": [
					{ "curve": "stepped" },
					{ "time": 0.6667 }
				],
				"scale": [
					{ "curve": "stepped" },
					{ "time": 0.6667 }
				]
			},
			"body7": {
				"rotate": [
					{ "value": 3.18, "curve": "stepped" },
					{ "time": 0.6667, "value": 3.18 }
				],
				"translate": [
					{ "curve": "stepped" },
					{ "time": 0.6667 }
				],
				"scale": [
					{ "curve": "stepped" },
					{ "time": 0.6667 }
				]
			},
			"body8": {
				"rotate": [
					{ "value": 3.18, "curve": "stepped" },
					{ "time": 0.6667, "value": 3.18 }
				],
				"translate": [
					{ "curve": "stepped" },
					{ "time": 0.6667 }
				],
				"scale": [
					{ "curve": "stepped" },
					{ "time": 0.6667 }
				]
			},
			"feeling_3": {
				"rotate": [
					{ "value": -24.4, "curve": "stepped" },
					{ "time": 0.6667, "value": -24.4 }
				],
				"translate": [
					{ "x": 72.58, "y": -181.2, "curve": "stepped" },
					{ "time": 0.6667, "x": 72.58, "y": -181.2 }
				],
				"scale": [
					{ "x": 1.845, "y": 1.845, "curve": "stepped" },
					{ "time": 0.6667, "x": 1.845, "y": 1.845 }
				]
			},
			"emoji": {
				"rotate": [
					{ "value": -6.64, "curve": "stepped" },
					{ "time": 0.6667, "value": -6.64 }
				],
				"translate": [
					{ "x": 11.75, "y": 12.18, "curve": "stepped" },
					{ "time": 0.6667, "x": 11.75, "y": 12.18 }
				],
				"scale": [
					{ "x": -1.011, "y": 1.011, "curve": "stepped" },
					{ "time": 0.6667, "x": -1.011, "y": 1.011 }
				]
			},
			"shouder_1": {
				"rotate": [
					{ "value": -151.75, "curve": "stepped" },
					{ "time": 0.6667, "value": -151.75 }
				],
				"translate": [
					{ "x": 14.41, "y": -1.24, "curve": "stepped" },
					{ "time": 0.6667, "x": 14.41, "y": -1.24 }
				],
				"scale": [
					{ "curve": "stepped" },
					{ "time": 0.6667 }
				]
			},
			"arm_1": {
				"rotate": [
					{ "value": -19.01, "curve": "stepped" },
					{ "time": 0.6667, "value": -19.01 }
				],
				"translate": [
					{ "x": 2.02, "y": 0.08, "curve": "stepped" },
					{ "time": 0.6667, "x": 2.02, "y": 0.08 }
				],
				"scale": [
					{ "curve": "stepped" },
					{ "time": 0.6667 }
				]
			},
			"shouder_2": {
				"rotate": [
					{ "value": -165.34, "curve": "stepped" },
					{ "time": 0.6667, "value": -165.34 }
				],
				"translate": [
					{ "x": 11.42, "y": -1.41, "curve": "stepped" },
					{ "time": 0.6667, "x": 11.42, "y": -1.41 }
				],
				"scale": [
					{ "curve": "stepped" },
					{ "time": 0.6667 }
				]
			},
			"arm_2": {
				"rotate": [
					{ "value": 35.05, "curve": "stepped" },
					{ "time": 0.6667, "value": 35.05 }
				],
				"translate": [
					{ "curve": "stepped" },
					{ "time": 0.6667 }
				],
				"scale": [
					{ "curve": "stepped" },
					{ "time": 0.6667 }
				]
			},
			"thigh_1": {
				"rotate": [
					{ "value": 24.72, "curve": "stepped" },
					{ "time": 0.6667, "value": 24.72 }
				],
				"translate": [
					{ "curve": "stepped" },
					{ "time": 0.6667 }
				],
				"scale": [
					{ "curve": "stepped" },
					{ "time": 0.6667 }
				]
			},
			"leg_1": {
				"rotate": [
					{ "curve": "stepped" },
					{ "time": 0.6667 }
				],
				"translate": [
					{ "curve": "stepped" },
					{ "time": 0.6667 }
				],
				"scale": [
					{ "curve": "stepped" },
					{ "time": 0.6667 }
				]
			},
			"thigh_2": {
				"rotate": [
					{ "value": 39.21, "curve": "stepped" },
					{ "time": 0.6667, "value": 39.21 }
				],
				"translate": [
					{ "curve": "stepped" },
					{ "time": 0.6667 }
				],
				"scale": [
					{ "curve": "stepped" },
					{ "time": 0.6667 }
				]
			},
			"leg_2": {
				"rotate": [
					{ "value": 18.14, "curve": "stepped" },
					{ "time": 0.6667, "value": 18.14 }
				],
				"translate": [
					{ "curve": "stepped" },
					{ "time": 0.6667 }
				]
			},
			"foot_2": {
				"rotate": [
					{ "curve": "stepped" },
					{ "time": 0.6667 }
				],
				"translate": [
					{ "x": -269.84, "y": 242.51, "curve": "stepped" },
					{ "time": 0.6667, "x": -269.84, "y": 242.51 }
				]
			},
			"foot_3": {
				"rotate": [
					{ "curve": "stepped" },
					{ "time": 0.6667 }
				],
				"translate": [
					{ "x": 153.69, "y": 162.1, "curve": "stepped" },
					{ "time": 0.6667, "x": 153.69, "y": 162.1 }
				]
			},
			"feeling_5": {
				"rotate": [
					{ "value": -114.8, "curve": "stepped" },
					{ "time": 0.6667, "value": -114.8 }
				],
				"translate": [
					{ "x": -170.79, "y": 368.57, "curve": "stepped" },
					{ "time": 0.6667, "x": -170.79, "y": 368.57 }
				],
				"scale": [
					{ "x": 0.795, "y": 0.795 },
					{ "time": 0.0667, "x": 1.339, "y": 1.339 },
					{ "time": 0.1333, "x": 0.795, "y": 0.795, "curve": "stepped" },
					{ "time": 0.2333, "x": 0.795, "y": 0.795 },
					{ "time": 0.3, "x": 1.339, "y": 1.339 },
					{ "time": 0.3667, "x": 0.795, "y": 0.795, "curve": "stepped" },
					{ "time": 0.4667, "x": 0.795, "y": 0.795 },
					{ "time": 0.5333, "x": 1.339, "y": 1.339 },
					{ "time": 0.6, "x": 0.795, "y": 0.795, "curve": "stepped" },
					{ "time": 0.6667, "x": 0.795, "y": 0.795 }
				]
			},
			"item_1": {
				"rotate": [
					{ "value": 1.78, "curve": "stepped" },
					{ "time": 0.6667, "value": 1.78 }
				],
				"translate": [
					{ "x": -26.83, "y": 119.53, "curve": "stepped" },
					{ "time": 0.6667, "x": -26.83, "y": 119.53 }
				],
				"scale": [
					{ "x": 1.145, "y": 1.145, "curve": "stepped" },
					{ "time": 0.6667, "x": 1.145, "y": 1.145 }
				]
			},
			"feeling_1": {
				"rotate": [
					{ "value": 24.55, "curve": "stepped" },
					{ "time": 0.6667, "value": 24.55 }
				],
				"translate": [
					{ "x": -220.41, "y": -201.02, "curve": "stepped" },
					{ "time": 0.6667, "x": -220.41, "y": -201.02 }
				],
				"scale": [
					{ "x": -0.433, "y": 0.433, "curve": "stepped" },
					{ "time": 0.6667, "x": -0.433, "y": 0.433 }
				]
			},
			"move": {
				"translate": [
					{ "x": 119.99, "y": 0.12, "curve": "stepped" },
					{ "time": 0.6667, "x": 119.99, "y": 0.12 }
				],
				"scale": [
					{ "x": -1, "curve": "stepped" },
					{ "time": 0.6667, "x": -1 }
				]
			},
			"feeling_2": {
				"rotate": [
					{ "value": 16.31, "curve": "stepped" },
					{ "time": 0.6667, "value": 16.31 }
				],
				"translate": [
					{ "x": -324.28, "y": -230.73, "curve": "stepped" },
					{ "time": 0.6667, "x": -324.28, "y": -230.73 }
				],
				"scale": [
					{ "x": 0.876, "y": 0.876, "curve": "stepped" },
					{ "time": 0.6667, "x": 0.876, "y": 0.876 }
				]
			},
			"hair_1": {
				"rotate": [
					{ "value": 45.07, "curve": "stepped" },
					{ "time": 0.6667, "value": 45.07 }
				],
				"translate": [
					{ "x": -26.7, "y": 532.34, "curve": "stepped" },
					{ "time": 0.6667, "x": -26.7, "y": 532.34 }
				],
				"scale": [
					{ "x": 1.179, "y": 1.179, "curve": "stepped" },
					{ "time": 0.6667, "x": 1.179, "y": 1.179 }
				]
			}
		},
		"ik": {
			"foot_1": [
				{
					"stretch": true,
					"curve": [ 0.167, 1, 0.5, 1, 0.167, 0, 0.5, 0 ]
				},
				{ "time": 0.6667, "stretch": true }
			],
			"foot_2": [
				{
					"stretch": true,
					"curve": [ 0.167, 1, 0.5, 1, 0.167, 0, 0.5, 0 ]
				},
				{ "time": 0.6667, "stretch": true }
			]
		},
		"drawOrder": [
			{
				"offsets": [
					{ "slot": "item", "offset": 16 },
					{ "slot": "feeling_5", "offset": 3 }
				]
			},
			{
				"time": 0.6667,
				"offsets": [
					{ "slot": "item", "offset": 16 },
					{ "slot": "feeling_5", "offset": 3 }
				]
			}
		]
	},
	"t_94_2_win": {
		"slots": {
			"body": {
				"rgba": [
					{ "color": "000000ff", "curve": "stepped" },
					{ "time": 0.0333, "color": "000000ff" }
				]
			},
			"Emoji": {
				"attachment": [
					{ "name": "Emoji/emo_42" },
					{ "time": 0.0333, "name": "Emoji/emo_42" }
				]
			},
			"feeling_1": {
				"rgba": [
					{ "color": "747474ff", "curve": "stepped" },
					{ "time": 0.0333, "color": "747474ff" }
				],
				"attachment": [
					{},
					{ "time": 0.0333 }
				]
			},
			"feeling_2": {
				"attachment": [
					{ "name": "giat_minh" },
					{ "time": 0.0333, "name": "giat_minh" }
				]
			},
			"feeling_3": {
				"attachment": [
					{},
					{ "time": 0.0333 }
				]
			},
			"feeling_4": {
				"attachment": [
					{ "name": "cauco" },
					{ "time": 0.0333, "name": "cauco" }
				]
			},
			"feeling_5": {
				"attachment": [
					{},
					{ "time": 0.0333 }
				]
			},
			"hair": {
				"attachment": [
					{ "name": "hair/man/mu_9" },
					{ "time": 0.0333, "name": "hair/man/mu_9" }
				]
			},
			"head": {
				"rgba": [
					{ "color": "ffadadff", "curve": "stepped" },
					{ "time": 0.0333, "color": "ffadadff" }
				],
				"attachment": [
					{ "name": "head" },
					{ "time": 0.0333, "name": "head" }
				]
			},
			"shoulder1": {
				"rgba": [
					{ "color": "000000ff", "curve": "stepped" },
					{ "time": 0.0333, "color": "000000ff" }
				],
				"attachment": [
					{ "name": "shoulder" },
					{ "time": 0.0333, "name": "shoulder" }
				]
			},
			"shoulder2": {
				"rgba": [
					{ "color": "000000ff", "curve": "stepped" },
					{ "time": 0.0333, "color": "000000ff" }
				],
				"attachment": [
					{ "name": "shoulder" },
					{ "time": 0.0333, "name": "shoulder" }
				]
			},
			"shoulder3": {
				"rgba": [
					{ "color": "000000ff", "curve": "stepped" },
					{ "time": 0.0333, "color": "000000ff" }
				],
				"attachment": [
					{ "name": "shoulder" },
					{ "time": 0.0333, "name": "shoulder" }
				]
			},
			"shoulder4": {
				"rgba": [
					{ "color": "000000ff", "curve": "stepped" },
					{ "time": 0.0333, "color": "000000ff" }
				],
				"attachment": [
					{ "name": "shoulder" },
					{ "time": 0.0333, "name": "shoulder" }
				]
			},
			"thigh": {
				"rgba": [
					{ "color": "000000ff", "curve": "stepped" },
					{ "time": 0.0333, "color": "000000ff" }
				]
			},
			"thigh2": {
				"rgba": [
					{ "color": "000000ff", "curve": "stepped" },
					{ "time": 0.0333, "color": "000000ff" }
				]
			},
			"thigh3": {
				"rgba": [
					{ "color": "000000ff", "curve": "stepped" },
					{ "time": 0.0333, "color": "000000ff" }
				]
			},
			"thigh4": {
				"rgba": [
					{ "color": "000000ff", "curve": "stepped" },
					{ "time": 0.0333, "color": "000000ff" }
				]
			}
		},
		"bones": {
			"head": {
				"rotate": [
					{ "value": -14.01, "curve": "stepped" },
					{ "time": 0.0333, "value": -14.01 }
				],
				"translate": [
					{ "x": -16.12, "y": 16.42, "curve": "stepped" },
					{ "time": 0.0333, "x": -16.12, "y": 16.42 }
				],
				"scale": [
					{ "x": 1.074, "y": 1.074, "curve": "stepped" },
					{ "time": 0.0333, "x": 1.074, "y": 1.074 }
				]
			},
			"root": {
				"rotate": [
					{ "curve": "stepped" },
					{ "time": 0.0333 }
				],
				"translate": [
					{ "curve": "stepped" },
					{ "time": 0.0333 }
				]
			},
			"main": {
				"rotate": [
					{ "value": -6.92, "curve": "stepped" },
					{ "time": 0.0333, "value": -6.92 }
				],
				"translate": [
					{ "x": 3.24, "y": -34.16, "curve": "stepped" },
					{ "time": 0.0333, "x": 3.24, "y": -34.16 }
				]
			},
			"hip": {
				"rotate": [
					{ "curve": "stepped" },
					{ "time": 0.0333 }
				],
				"translate": [
					{ "curve": "stepped" },
					{ "time": 0.0333 }
				]
			},
			"body": {
				"rotate": [
					{ "value": 20.51, "curve": "stepped" },
					{ "time": 0.0333, "value": 20.51 }
				],
				"translate": [
					{ "curve": "stepped" },
					{ "time": 0.0333 }
				]
			},
			"body2": {
				"rotate": [
					{ "value": 1.42, "curve": "stepped" },
					{ "time": 0.0333, "value": 1.42 }
				],
				"translate": [
					{ "curve": "stepped" },
					{ "time": 0.0333 }
				]
			},
			"body3": {
				"rotate": [
					{ "value": 1.42, "curve": "stepped" },
					{ "time": 0.0333, "value": 1.42 }
				],
				"translate": [
					{ "curve": "stepped" },
					{ "time": 0.0333 }
				]
			},
			"body4": {
				"rotate": [
					{ "value": 0.51, "curve": "stepped" },
					{ "time": 0.0333, "value": 0.51 }
				],
				"translate": [
					{ "curve": "stepped" },
					{ "time": 0.0333 }
				]
			},
			"body5": {
				"rotate": [
					{ "value": -1.56, "curve": "stepped" },
					{ "time": 0.0333, "value": -1.56 }
				],
				"translate": [
					{ "curve": "stepped" },
					{ "time": 0.0333 }
				]
			},
			"body6": {
				"rotate": [
					{ "value": 2, "curve": "stepped" },
					{ "time": 0.0333, "value": 2 }
				],
				"translate": [
					{ "curve": "stepped" },
					{ "time": 0.0333 }
				]
			},
			"body7": {
				"rotate": [
					{ "value": 1.42, "curve": "stepped" },
					{ "time": 0.0333, "value": 1.42 }
				],
				"translate": [
					{ "curve": "stepped" },
					{ "time": 0.0333 }
				]
			},
			"body8": {
				"rotate": [
					{ "value": 1.42, "curve": "stepped" },
					{ "time": 0.0333, "value": 1.42 }
				],
				"translate": [
					{ "curve": "stepped" },
					{ "time": 0.0333 }
				]
			},
			"feeling_3": {
				"rotate": [
					{ "curve": "stepped" },
					{ "time": 0.0333 }
				],
				"translate": [
					{ "curve": "stepped" },
					{ "time": 0.0333 }
				]
			},
			"emoji": {
				"rotate": [
					{ "value": 5.97, "curve": "stepped" },
					{ "time": 0.0333, "value": 5.97 }
				],
				"translate": [
					{ "x": -6.52, "y": 4.81, "curve": "stepped" },
					{ "time": 0.0333, "x": -6.52, "y": 4.81 }
				],
				"scale": [
					{ "x": 1.054, "y": 1.054, "curve": "stepped" },
					{ "time": 0.0333, "x": 1.054, "y": 1.054 }
				]
			},
			"shouder_1": {
				"rotate": [
					{ "value": 9.23, "curve": "stepped" },
					{ "time": 0.0333, "value": 9.23 }
				],
				"translate": [
					{ "x": 16.2, "y": 1.04, "curve": "stepped" },
					{ "time": 0.0333, "x": 16.2, "y": 1.04 }
				],
				"scale": [
					{ "curve": "stepped" },
					{ "time": 0.0333 }
				],
				"shear": [
					{ "curve": "stepped" },
					{ "time": 0.0333 }
				]
			},
			"arm_1": {
				"rotate": [
					{ "value": 57.06, "curve": "stepped" },
					{ "time": 0.0333, "value": 57.06 }
				],
				"translate": [
					{ "x": 2.02, "y": 0.08, "curve": "stepped" },
					{ "time": 0.0333, "x": 2.02, "y": 0.08 }
				],
				"scale": [
					{ "curve": "stepped" },
					{ "time": 0.0333 }
				]
			},
			"shouder_2": {
				"rotate": [
					{ "value": -2.71, "curve": "stepped" },
					{ "time": 0.0333, "value": -2.71 }
				],
				"translate": [
					{ "x": 15.5, "y": 4.74, "curve": "stepped" },
					{ "time": 0.0333, "x": 15.5, "y": 4.74 }
				],
				"scale": [
					{ "curve": "stepped" },
					{ "time": 0.0333 }
				]
			},
			"arm_2": {
				"rotate": [
					{ "value": -50.37, "curve": "stepped" },
					{ "time": 0.0333, "value": -50.37 }
				],
				"translate": [
					{ "x": 1.29, "y": 1.38, "curve": "stepped" },
					{ "time": 0.0333, "x": 1.29, "y": 1.38 }
				],
				"scale": [
					{ "curve": "stepped" },
					{ "time": 0.0333 }
				]
			},
			"thigh_1": {
				"rotate": [
					{ "value": -42.67, "curve": "stepped" },
					{ "time": 0.0333, "value": -42.67 }
				],
				"translate": [
					{ "x": -1.39, "y": -0.6, "curve": "stepped" },
					{ "time": 0.0333, "x": -1.39, "y": -0.6 }
				],
				"scale": [
					{ "curve": "stepped" },
					{ "time": 0.0333 }
				]
			},
			"leg_1": {
				"rotate": [
					{ "value": 97.27, "curve": "stepped" },
					{ "time": 0.0333, "value": 97.27 }
				],
				"translate": [
					{ "curve": "stepped" },
					{ "time": 0.0333 }
				]
			},
			"thigh_2": {
				"rotate": [
					{ "value": -49.96, "curve": "stepped" },
					{ "time": 0.0333, "value": -49.96 }
				],
				"translate": [
					{ "curve": "stepped" },
					{ "time": 0.0333 }
				],
				"scale": [
					{ "curve": "stepped" },
					{ "time": 0.0333 }
				]
			},
			"leg_2": {
				"rotate": [
					{ "value": 61.21, "curve": "stepped" },
					{ "time": 0.0333, "value": 61.21 }
				],
				"translate": [
					{ "curve": "stepped" },
					{ "time": 0.0333 }
				]
			},
			"foot_2": {
				"rotate": [
					{ "curve": "stepped" },
					{ "time": 0.0333 }
				],
				"translate": [
					{ "x": 187.82, "y": 110.83, "curve": "stepped" },
					{ "time": 0.0333, "x": 187.82, "y": 110.83 }
				]
			},
			"foot_3": {
				"rotate": [
					{ "curve": "stepped" },
					{ "time": 0.0333 }
				],
				"translate": [
					{ "x": -143.51, "y": 42.09, "curve": "stepped" },
					{ "time": 0.0333, "x": -143.51, "y": 42.09 }
				]
			},
			"feeling_5": {
				"rotate": [
					{ "curve": "stepped" },
					{ "time": 0.0333 }
				],
				"translate": [
					{ "curve": "stepped" },
					{ "time": 0.0333 }
				]
			},
			"feeling_1": {
				"rotate": [
					{ "value": 47.98, "curve": "stepped" },
					{ "time": 0.0333, "value": 47.98 }
				],
				"translate": [
					{ "x": -79.62, "y": -20.21, "curve": "stepped" },
					{ "time": 0.0333, "x": -79.62, "y": -20.21 }
				],
				"scale": [
					{ "x": -0.93, "y": 0.93, "curve": "stepped" },
					{ "time": 0.0333, "x": -0.93, "y": 0.93 }
				]
			},
			"move": {
				"translate": [
					{ "x": 119.99, "curve": "stepped" },
					{ "time": 0.0333, "x": 119.99 }
				]
			},
			"feeling_2": {
				"rotate": [
					{ "value": 50.02, "curve": "stepped" },
					{ "time": 0.0333, "value": 50.02 }
				],
				"translate": [
					{ "x": -292.56, "y": -98.74, "curve": "stepped" },
					{ "time": 0.0333, "x": -292.56, "y": -98.74 }
				],
				"scale": [
					{ "x": -1.248, "y": 1.248, "curve": "stepped" },
					{ "time": 0.0333, "x": -1.248, "y": 1.248 }
				]
			},
			"hair_1": {
				"rotate": [
					{ "value": -54.52, "curve": "stepped" },
					{ "time": 0.0333, "value": -54.52 }
				],
				"translate": [
					{ "x": 43.77, "y": 642.4, "curve": "stepped" },
					{ "time": 0.0333, "x": 43.77, "y": 642.4 }
				],
				"scale": [
					{ "x": 1.165, "y": 1.165, "curve": "stepped" },
					{ "time": 0.0333, "x": 1.165, "y": 1.165 }
				]
			},
			"feeling_4": {
				"rotate": [
					{ "value": -27.12, "curve": "stepped" },
					{ "time": 0.0333, "value": -27.12 }
				],
				"translate": [
					{ "x": -8.57, "y": -36.87, "curve": "stepped" },
					{ "time": 0.0333, "x": -8.57, "y": -36.87 }
				],
				"scale": [
					{ "x": 0.565, "y": 0.565, "curve": "stepped" },
					{ "time": 0.0333, "x": 0.565, "y": 0.565 }
				]
			}
		},
		"ik": {
			"foot_1": [
				{ "stretch": true, "curve": "stepped" },
				{ "time": 0.0333, "stretch": true }
			],
			"foot_2": [
				{ "stretch": true, "curve": "stepped" },
				{ "time": 0.0333, "stretch": true }
			]
		},
		"drawOrder": [
			{
				"offsets": [
					{ "slot": "shoulder3", "offset": -1 },
					{ "slot": "shoulder4", "offset": -4 }
				]
			},
			{
				"time": 0.0333,
				"offsets": [
					{ "slot": "shoulder3", "offset": -1 },
					{ "slot": "shoulder4", "offset": -4 }
				]
			}
		]
	}
}
}