{"frames": [

{
	"filename": "bg",
	"frame": {"x":1,"y":1,"w":60,"h":1212},
	"rotated": false,
	"trimmed": false,
	"spriteSourceSize": {"x":0,"y":0,"w":60,"h":1212},
	"sourceSize": {"w":60,"h":1212}
},
{
	"filename": "bg_vach_qua_duong",
	"frame": {"x":62,"y":1,"w":593,"h":177},
	"rotated": false,
	"trimmed": false,
	"spriteSourceSize": {"x":0,"y":0,"w":593,"h":177},
	"sourceSize": {"w":593,"h":177}
},
{
	"filename": "tui_tien",
	"frame": {"x":509,"y":179,"w":124,"h":165},
	"rotated": false,
	"trimmed": false,
	"spriteSourceSize": {"x":0,"y":0,"w":124,"h":165},
	"sourceSize": {"w":124,"h":165}
},
{
	"filename": "via_he",
	"frame": {"x":62,"y":586,"w":190,"h":466},
	"rotated": false,
	"trimmed": false,
	"spriteSourceSize": {"x":0,"y":0,"w":190,"h":466},
	"sourceSize": {"w":190,"h":466}
},
{
	"filename": "xe_1",
	"frame": {"x":253,"y":792,"w":352,"h":173},
	"rotated": false,
	"trimmed": false,
	"spriteSourceSize": {"x":0,"y":0,"w":352,"h":173},
	"sourceSize": {"w":352,"h":173}
},
{
	"filename": "xe_2",
	"frame": {"x":62,"y":384,"w":415,"h":201},
	"rotated": false,
	"trimmed": false,
	"spriteSourceSize": {"x":0,"y":0,"w":415,"h":201},
	"sourceSize": {"w":415,"h":201}
},
{
	"filename": "xe_chay",
	"frame": {"x":62,"y":179,"w":446,"h":204},
	"rotated": false,
	"trimmed": false,
	"spriteSourceSize": {"x":0,"y":0,"w":446,"h":204},
	"sourceSize": {"w":446,"h":204}
},
{
	"filename": "xe_nvp",
	"frame": {"x":253,"y":586,"w":378,"h":205},
	"rotated": false,
	"trimmed": false,
	"spriteSourceSize": {"x":0,"y":0,"w":378,"h":205},
	"sourceSize": {"w":378,"h":205}
}],
"meta": {
	"app": "https://www.codeandweb.com/texturepacker",
	"version": "1.0",
	"image": "props.png",
	"format": "RGBA8888",
	"size": {"w":656,"h":1214},
	"scale": "1",
	"smartupdate": "$TexturePacker:SmartUpdate:0e589a1282fe3475b10254984c69f766:b602d9e9ddd2e035e17f077683654fdf:f4c39b94f5b79b4c461da96ae5609d50$"
}
}
