{
"skeleton": { "hash": "su/sXivrk6c", "spine": "4.1.24", "x": -388.28, "y": -425.09, "width": 724.41, "height": 1282.48 },
"bones": [
	{ "name": "root", "rotation": 0.2 },
	{ "name": "move", "parent": "root", "x": -119.99, "scaleX": -1 },
	{ "name": "main", "parent": "move", "y": 256.6 },
	{ "name": "hip", "parent": "main" },
	{ "name": "body", "parent": "hip", "length": 26.97, "rotation": 90 },
	{ "name": "body2", "parent": "body", "length": 26.97, "x": 26.97 },
	{ "name": "body3", "parent": "body2", "length": 26.97, "x": 26.97 },
	{ "name": "body4", "parent": "body3", "length": 26.97, "rotation": -0.06, "x": 26.97 },
	{ "name": "body5", "parent": "body4", "length": 26.97, "x": 26.97 },
	{ "name": "body6", "parent": "body5", "length": 26.97, "x": 26.97 },
	{ "name": "body7", "parent": "body6", "length": 26.97, "x": 26.97 },
	{ "name": "body8", "parent": "body7", "length": 26.97, "x": 26.97 },
	{ "name": "head", "parent": "body8", "length": 135.67, "x": 24.75 },
	{ "name": "feeling_3", "parent": "head", "rotation": -0.18, "x": 87.53, "y": 30.96 },
	{ "name": "emoji", "parent": "head", "rotation": -90, "x": 62, "y": 1.49 },
	{ "name": "shouder_1", "parent": "body7", "length": 100.06, "rotation": -90, "x": 15.39, "y": 0.02 },
	{ "name": "arm_1", "parent": "shouder_1", "length": 100.06, "x": 94.79 },
	{ "name": "shouder_2", "parent": "body7", "length": 100.06, "rotation": 90, "x": 15.39, "y": 0.02 },
	{ "name": "arm_2", "parent": "shouder_2", "length": 100.06, "x": 94.79 },
	{ "name": "thigh_1", "parent": "main", "length": 134.15, "rotation": -90, "x": -0.54, "y": 4.23 },
	{ "name": "leg_1", "parent": "thigh_1", "length": 134.15, "x": 128.14 },
	{ "name": "thigh_2", "parent": "main", "length": 134.15, "rotation": -90, "x": -0.1, "y": 4.23 },
	{ "name": "leg_2", "parent": "thigh_2", "length": 134.15, "x": 128.14 },
	{ "name": "foot_2", "parent": "move", "x": 0.16, "y": -2.18 },
	{ "name": "foot_3", "parent": "move", "x": 0.1, "y": -2.12 },
	{
		"name": "feeling_5",
		"parent": "head",
		"rotation": -0.18,
		"x": 87.53,
		"y": -25.11,
		"scaleX": 2,
		"scaleY": 2
	},
	{ "name": "item_1", "parent": "move", "x": -1.93, "y": 450.24 },
	{ "name": "feeling_1", "parent": "main", "rotation": -20.17, "x": 72.35, "y": 376.02 },
	{ "name": "feeling_2", "parent": "main", "rotation": -20.17, "x": 72.35, "y": 376.02 },
	{ "name": "hair_1", "parent": "main", "rotation": 0.07, "x": -120, "y": -254.77 },
	{
		"name": "feeling_4",
		"parent": "head",
		"rotation": -0.18,
		"x": 87.53,
		"y": -25.11,
		"scaleX": 2,
		"scaleY": 2
	},
	{ "name": "item_tay", "parent": "arm_2", "x": 101.01, "y": -1.25 }
],
"slots": [
	{ "name": "bg_gane_play", "bone": "root", "color": "ffffff4f" },
	{ "name": "item", "bone": "item_1" },
	{ "name": "body", "bone": "hip", "color": "000000ff", "attachment": "body" },
	{ "name": "shoulder1", "bone": "shouder_1", "color": "000000ff" },
	{ "name": "shoulder3", "bone": "shouder_2", "color": "000000ff" },
	{ "name": "shoulder2", "bone": "arm_1", "color": "000000ff" },
	{ "name": "shoulder4", "bone": "arm_2", "color": "000000ff" },
	{ "name": "thigh", "bone": "thigh_1", "color": "000000ff", "attachment": "thigh" },
	{ "name": "thigh3", "bone": "thigh_2", "color": "000000ff", "attachment": "thigh" },
	{ "name": "thigh2", "bone": "leg_1", "color": "000000ff", "attachment": "thigh" },
	{ "name": "thigh4", "bone": "leg_2", "color": "000000ff", "attachment": "thigh" },
	{ "name": "head", "bone": "head", "attachment": "head" },
	{ "name": "hair", "bone": "hair_1" },
	{ "name": "Emoji", "bone": "emoji" },
	{ "name": "feeling_3", "bone": "feeling_3", "color": "000000ff" },
	{ "name": "feeling_5", "bone": "feeling_5" },
	{ "name": "feeling_4", "bone": "feeling_4" },
	{ "name": "feeling_1", "bone": "feeling_1" },
	{ "name": "feeling_2", "bone": "feeling_2" },
	{ "name": "item_tay", "bone": "item_tay" }
],
"ik": [
	{
		"name": "foot_1",
		"bones": [ "thigh_1", "leg_1" ],
		"target": "foot_2",
		"mix": 0,
		"stretch": true
	},
	{
		"name": "foot_2",
		"order": 1,
		"bones": [ "thigh_2", "leg_2" ],
		"target": "foot_3",
		"mix": 0,
		"stretch": true
	}
],
"skins": [
	{
		"name": "default",
		"attachments": {
			"body": {
				"body": {
					"type": "mesh",
					"uvs": [ 1, 1, 0, 1, 0, 0.875, 0, 0.75, 0, 0.625, 0, 0.5, 0, 0.375, 0, 0.25, 0, 0.125, 0, 0, 1, 0, 1, 0.125, 1, 0.25, 1, 0.375, 1, 0.5, 1, 0.625, 1, 0.75, 1, 0.875 ],
					"triangles": [ 8, 9, 10, 11, 8, 10, 7, 8, 11, 12, 7, 11, 6, 7, 12, 13, 6, 12, 5, 6, 13, 14, 5, 13, 4, 5, 14, 15, 4, 14, 3, 4, 15, 16, 3, 15, 2, 3, 16, 17, 2, 16, 1, 2, 17, 0, 1, 17 ],
					"vertices": [ 1, 4, -1.7, -5.5, 1, 1, 4, -1.7, 5.5, 1, 2, 4, 25.68, 5.5, 0.70301, 5, -1.29, 5.5, 0.29699, 2, 5, 26.08, 5.5, 0.65569, 6, -0.88, 5.5, 0.34431, 2, 6, 26.49, 5.5, 0.55905, 7, -0.48, 5.5, 0.44095, 2, 7, 26.9, 5.5, 0.51367, 8, -0.07, 5.5, 0.48633, 2, 8, 27.3, 5.5, 0.41705, 9, 0.33, 5.5, 0.58295, 2, 9, 27.71, 5.5, 0.38565, 10, 0.74, 5.5, 0.61435, 2, 10, 28.11, 5.5, 0.36868, 11, 1.14, 5.5, 0.63132, 1, 11, 28.52, 5.5, 1, 1, 11, 28.52, -5.5, 1, 2, 10, 28.11, -5.5, 0.3064, 11, 1.14, -5.5, 0.6936, 2, 9, 27.71, -5.5, 0.40945, 10, 0.74, -5.5, 0.59055, 2, 8, 27.3, -5.5, 0.44404, 9, 0.33, -5.5, 0.55596, 2, 7, 26.9, -5.5, 0.52991, 8, -0.07, -5.5, 0.47009, 2, 6, 26.49, -5.5, 0.58474, 7, -0.48, -5.5, 0.41526, 2, 5, 26.08, -5.5, 0.62061, 6, -0.88, -5.5, 0.37939, 2, 4, 25.68, -5.5, 0.65664, 5, -1.29, -5.5, 0.34336 ],
					"hull": 18
				}
			},
			"Emoji": {
				"Emoji/emo_42": { "width": 90, "height": 74 },
				"Emoji/emo_57_c": { "x": 0.5, "y": 0.5, "width": 101, "height": 101 },
				"Emoji/emo_84": { "y": 0.5, "width": 90, "height": 95 },
				"Emoji/emo_92_b": { "y": 0.5, "width": 92, "height": 97 },
				"Emoji/new/emo_6b": { "y": 0.5, "width": 97, "height": 103 },
				"Emoji/new/emo_62c": { "width": 112, "height": 105 }
			},
			"feeling_1": {
				"bang_mat": { "width": 134, "height": 52 },
				"bang_mat_2": { "width": 132, "height": 59 },
				"mo_hoi": { "x": 0.5, "y": 0.5, "width": 19, "height": 41 }
			},
			"feeling_2": {
				"cauco": { "y": 0.5, "width": 50, "height": 45 },
				"mo_hoi": { "x": 0.5, "y": 0.5, "width": 19, "height": 41 }
			},
			"feeling_3": {
				"giat_minh": { "rotation": -96.51, "width": 70, "height": 66 }
			},
			"feeling_4": {
				"khoi": { "y": 0.5, "width": 153, "height": 107 },
				"scare": { "y": 0.5, "width": 80, "height": 83 }
			},
			"feeling_5": {
				"cham_than": { "x": 0.5, "y": 0.5, "rotation": -270, "width": 17, "height": 57 },
				"giat_minh": { "width": 70, "height": 66 },
				"khoi": { "y": 0.5, "width": 153, "height": 107 }
			},
			"head": {
				"head": { "x": 68.85, "rotation": -89.87, "width": 144, "height": 144 },
				"head_7": { "x": 65.26, "y": -3.78, "rotation": -89.46, "width": 144, "height": 144 }
			},
			"shoulder1": {
				"shoulder": { "x": 49.22, "rotation": -90, "width": 15, "height": 105 }
			},
			"shoulder2": {
				"shoulder": { "x": 49.22, "rotation": -90, "width": 15, "height": 105 }
			},
			"shoulder3": {
				"shoulder": { "x": 49.22, "rotation": -90, "width": 15, "height": 105 }
			},
			"shoulder4": {
				"shoulder": { "x": 50.57, "rotation": -90, "width": 15, "height": 105 }
			},
			"thigh": {
				"thigh": { "x": 66.01, "rotation": -90, "width": 14, "height": 137 }
			},
			"thigh2": {
				"thigh": { "x": 66.01, "rotation": -90, "width": 14, "height": 137 }
			},
			"thigh3": {
				"thigh": { "x": 66.01, "rotation": -90, "width": 14, "height": 137 }
			},
			"thigh4": {
				"thigh": { "x": 66.01, "rotation": -90, "width": 14, "height": 137 }
			}
		}
	}
],
"animations": {
	"t_330_1_be": {
		"slots": {
			"body": {
				"rgba": [
					{ "color": "000000ff" }
				]
			},
			"Emoji": {
				"attachment": [
					{ "name": "Emoji/emo_42" }
				]
			},
			"feeling_1": {
				"attachment": [
					{}
				]
			},
			"feeling_2": {
				"attachment": [
					{ "name": "cauco" }
				]
			},
			"feeling_3": {
				"rgba": [
					{ "color": "ffffffff" }
				],
				"attachment": [
					{}
				]
			},
			"feeling_4": {
				"rgba": [
					{ "color": "ff8f8fb5" }
				],
				"attachment": [
					{ "name": "khoi" }
				]
			},
			"feeling_5": {
				"rgba": [
					{ "color": "ff7575a3" }
				],
				"attachment": [
					{ "name": "khoi" }
				]
			},
			"hair": {
				"attachment": [
					{}
				]
			},
			"head": {
				"rgba": [
					{ "color": "ffb0b0ff" }
				],
				"attachment": [
					{ "name": "head" }
				]
			},
			"item": {
				"attachment": [
					{}
				]
			},
			"shoulder1": {
				"rgba": [
					{ "color": "000000ff" }
				],
				"attachment": [
					{ "name": "shoulder" }
				]
			},
			"shoulder2": {
				"rgba": [
					{ "color": "000000ff" }
				],
				"attachment": [
					{ "name": "shoulder" }
				]
			},
			"shoulder3": {
				"rgba": [
					{ "color": "000000ff" }
				],
				"attachment": [
					{}
				]
			},
			"shoulder4": {
				"rgba": [
					{ "color": "000000ff" }
				],
				"attachment": [
					{}
				]
			},
			"thigh": {
				"rgba": [
					{ "color": "000000ff" }
				]
			},
			"thigh2": {
				"rgba": [
					{ "color": "000000ff" }
				]
			},
			"thigh3": {
				"rgba": [
					{ "color": "000000ff" }
				]
			},
			"thigh4": {
				"rgba": [
					{ "color": "000000ff" }
				]
			}
		},
		"bones": {
			"head": {
				"rotate": [
					{ "value": 9.17 }
				],
				"translate": [
					{ "x": 4.35, "y": 2.65 }
				],
				"scale": [
					{}
				]
			},
			"root": {
				"rotate": [
					{}
				],
				"translate": [
					{}
				]
			},
			"main": {
				"rotate": [
					{ "value": -20.23 }
				],
				"translate": [
					{ "x": -15.92, "y": -42.2 }
				]
			},
			"hip": {
				"rotate": [
					{}
				],
				"translate": [
					{}
				]
			},
			"body": {
				"rotate": [
					{ "value": 1.77 }
				],
				"translate": [
					{}
				],
				"scale": [
					{}
				]
			},
			"body2": {
				"rotate": [
					{ "value": 1.77 }
				],
				"translate": [
					{}
				],
				"scale": [
					{}
				]
			},
			"body3": {
				"rotate": [
					{ "value": 1.77 }
				],
				"translate": [
					{}
				],
				"scale": [
					{}
				]
			},
			"body4": {
				"rotate": [
					{ "value": 1.77 }
				],
				"translate": [
					{}
				],
				"scale": [
					{}
				]
			},
			"body5": {
				"rotate": [
					{ "value": 1.77 }
				],
				"translate": [
					{}
				],
				"scale": [
					{}
				]
			},
			"body6": {
				"rotate": [
					{ "value": 1.77 }
				],
				"translate": [
					{}
				],
				"scale": [
					{}
				]
			},
			"body7": {
				"rotate": [
					{ "value": 1.77 }
				],
				"translate": [
					{}
				],
				"scale": [
					{}
				]
			},
			"body8": {
				"rotate": [
					{ "value": 1.77 }
				],
				"translate": [
					{}
				],
				"scale": [
					{}
				]
			},
			"feeling_3": {
				"rotate": [
					{ "value": -177.3 }
				],
				"translate": [
					{ "x": 31.7, "y": -126.06 }
				],
				"scale": [
					{ "x": 1.379, "y": 1.379 }
				]
			},
			"emoji": {
				"rotate": [
					{ "value": 4.52 }
				],
				"translate": [
					{ "x": 0.79, "y": -17.17 }
				],
				"scale": [
					{ "x": -1.028, "y": 1.028 }
				]
			},
			"shouder_1": {
				"rotate": [
					{ "value": -126.14 }
				],
				"translate": [
					{ "x": 44.12, "y": 0.59 }
				],
				"scale": [
					{}
				]
			},
			"arm_1": {
				"rotate": [
					{ "value": 27.15 }
				],
				"translate": [
					{ "x": 2.02, "y": 0.08 }
				],
				"scale": [
					{}
				]
			},
			"shouder_2": {
				"rotate": [
					{ "value": 114.53 }
				],
				"translate": [
					{ "x": 32.93, "y": -0.6 }
				],
				"scale": [
					{}
				]
			},
			"arm_2": {
				"rotate": [
					{ "value": 37.14 }
				],
				"translate": [
					{}
				],
				"scale": [
					{}
				]
			},
			"thigh_1": {
				"rotate": [
					{ "value": 24.72 }
				],
				"translate": [
					{}
				],
				"scale": [
					{}
				]
			},
			"leg_1": {
				"rotate": [
					{}
				],
				"translate": [
					{}
				],
				"scale": [
					{}
				]
			},
			"thigh_2": {
				"rotate": [
					{ "value": 39.21 }
				],
				"translate": [
					{}
				],
				"scale": [
					{}
				]
			},
			"leg_2": {
				"rotate": [
					{ "value": 18.14 }
				],
				"translate": [
					{}
				]
			},
			"foot_2": {
				"rotate": [
					{}
				],
				"translate": [
					{ "x": -108.45, "y": 2.15 }
				]
			},
			"foot_3": {
				"rotate": [
					{}
				],
				"translate": [
					{ "x": 69.32, "y": -0.24 }
				]
			},
			"feeling_5": {
				"rotate": [
					{ "value": -131.16 }
				],
				"translate": [
					{ "x": 54.88, "y": 95.22 }
				],
				"scale": [
					{ "x": 0.374, "y": 0.374 }
				]
			},
			"item_1": {
				"rotate": [
					{ "value": -4.56 }
				],
				"translate": [
					{ "x": 119.63, "y": 41.07 }
				],
				"scale": [
					{ "x": -1.428, "y": 1.351 }
				]
			},
			"feeling_1": {
				"rotate": [
					{ "value": 24.55 }
				],
				"translate": [
					{ "x": -220.41, "y": -201.02 }
				],
				"scale": [
					{ "x": -0.433, "y": 0.433 }
				]
			},
			"move": {
				"translate": [
					{ "x": 119.99, "y": 0.12 }
				],
				"scale": [
					{}
				]
			},
			"feeling_2": {
				"rotate": [
					{ "value": 46.82 }
				],
				"translate": [
					{ "x": -183.1, "y": -105.29 }
				],
				"scale": [
					{ "x": -0.952, "y": 0.952 }
				]
			},
			"hair_1": {
				"rotate": [
					{ "value": -3.49 }
				],
				"translate": [
					{ "x": 132.15, "y": 580.18 }
				],
				"scale": [
					{ "x": -1.445, "y": 1.445 }
				]
			},
			"feeling_4": {
				"rotate": [
					{ "value": -145.12 }
				],
				"translate": [
					{ "x": 82.58, "y": 58.36 }
				],
				"scale": [
					{ "x": 0.416, "y": 0.416 }
				]
			}
		},
		"ik": {
			"foot_1": [
				{ "bendPositive": false, "stretch": true }
			],
			"foot_2": [
				{ "bendPositive": false, "stretch": true }
			]
		},
		"drawOrder": [
			{
				"offsets": [
					{ "slot": "item", "offset": 11 },
					{ "slot": "feeling_5", "offset": 3 },
					{ "slot": "feeling_4", "offset": -6 }
				]
			}
		]
	},
	"t_330_1_lose": {
		"slots": {
			"body": {
				"rgba": [
					{ "color": "000000ff", "curve": "stepped" },
					{ "time": 0.6, "color": "000000ff" }
				]
			},
			"Emoji": {
				"attachment": [
					{ "name": "Emoji/emo_57_c" },
					{ "time": 0.6, "name": "Emoji/emo_57_c" }
				]
			},
			"feeling_1": {
				"attachment": [
					{ "name": "mo_hoi" },
					{ "time": 0.6, "name": "mo_hoi" }
				]
			},
			"feeling_2": {
				"attachment": [
					{ "name": "mo_hoi" },
					{ "time": 0.6, "name": "mo_hoi" }
				]
			},
			"feeling_3": {
				"rgba": [
					{ "color": "ffffffff", "curve": "stepped" },
					{ "time": 0.6, "color": "ffffffff" }
				],
				"attachment": [
					{ "name": "giat_minh" },
					{ "time": 0.6, "name": "giat_minh" }
				]
			},
			"feeling_4": {
				"rgba": [
					{ "color": "fff900ff", "curve": "stepped" },
					{ "time": 0.6, "color": "fff900ff" }
				],
				"attachment": [
					{ "name": "scare" },
					{ "time": 0.6, "name": "scare" }
				]
			},
			"feeling_5": {
				"rgba": [
					{ "color": "000000ff", "curve": "stepped" },
					{ "time": 0.6, "color": "000000ff" }
				],
				"attachment": [
					{ "name": "cham_than" },
					{ "time": 0.6, "name": "cham_than" }
				]
			},
			"head": {
				"rgba": [
					{ "color": "ffbcbcff", "curve": "stepped" },
					{ "time": 0.6, "color": "ffbcbcff" }
				],
				"attachment": [
					{ "name": "head_7" },
					{ "time": 0.6, "name": "head_7" }
				]
			},
			"item": {
				"attachment": [
					{},
					{ "time": 0.6 }
				]
			},
			"shoulder1": {
				"rgba": [
					{ "color": "000000ff", "curve": "stepped" },
					{ "time": 0.6, "color": "000000ff" }
				],
				"attachment": [
					{ "name": "shoulder" },
					{ "time": 0.6, "name": "shoulder" }
				]
			},
			"shoulder2": {
				"rgba": [
					{ "color": "000000ff", "curve": "stepped" },
					{ "time": 0.6, "color": "000000ff" }
				],
				"attachment": [
					{ "name": "shoulder" },
					{ "time": 0.6, "name": "shoulder" }
				]
			},
			"shoulder3": {
				"rgba": [
					{ "color": "000000ff", "curve": "stepped" },
					{ "time": 0.6, "color": "000000ff" }
				],
				"attachment": [
					{ "name": "shoulder" },
					{ "time": 0.6, "name": "shoulder" }
				]
			},
			"shoulder4": {
				"rgba": [
					{ "color": "ff0000ff", "curve": "stepped" },
					{ "time": 0.6, "color": "ff0000ff" }
				],
				"attachment": [
					{ "name": "shoulder" },
					{ "time": 0.6, "name": "shoulder" }
				]
			},
			"thigh": {
				"rgba": [
					{ "color": "000000ff", "curve": "stepped" },
					{ "time": 0.6, "color": "000000ff" }
				]
			},
			"thigh2": {
				"rgba": [
					{ "color": "000000ff", "curve": "stepped" },
					{ "time": 0.6, "color": "000000ff" }
				]
			},
			"thigh3": {
				"rgba": [
					{ "color": "000000ff", "curve": "stepped" },
					{ "time": 0.6, "color": "000000ff" }
				]
			},
			"thigh4": {
				"rgba": [
					{ "color": "000000ff", "curve": "stepped" },
					{ "time": 0.6, "color": "000000ff" }
				]
			}
		},
		"bones": {
			"head": {
				"rotate": [
					{ "value": -15.01, "curve": "stepped" },
					{ "time": 0.6, "value": -15.01 }
				],
				"translate": [
					{
						"x": -4.17,
						"y": -5.44,
						"curve": [ 0.15, -4.17, 0.45, -4.56, 0.15, -5.44, 0.45, -3.74 ]
					},
					{ "time": 0.6, "x": -4.56, "y": -3.74 }
				],
				"scale": [
					{ "x": 1.151, "curve": "stepped" },
					{ "time": 0.6, "x": 1.151 }
				]
			},
			"root": {
				"rotate": [
					{ "curve": "stepped" },
					{ "time": 0.6 }
				],
				"translate": [
					{ "curve": "stepped" },
					{ "time": 0.6 }
				]
			},
			"main": {
				"rotate": [
					{ "value": -1.49, "curve": "stepped" },
					{ "time": 0.6, "value": -1.49 }
				],
				"translate": [
					{ "x": 19.98, "y": -20.3, "curve": "stepped" },
					{ "time": 0.6, "x": 19.98, "y": -20.3 }
				]
			},
			"hip": {
				"rotate": [
					{ "curve": "stepped" },
					{ "time": 0.6 }
				],
				"translate": [
					{ "curve": "stepped" },
					{ "time": 0.6 }
				]
			},
			"body": {
				"rotate": [
					{ "value": -0.99, "curve": "stepped" },
					{ "time": 0.6, "value": -0.99 }
				],
				"translate": [
					{ "curve": "stepped" },
					{ "time": 0.6 }
				]
			},
			"body2": {
				"rotate": [
					{ "value": -0.99, "curve": "stepped" },
					{ "time": 0.6, "value": -0.99 }
				],
				"translate": [
					{ "curve": "stepped" },
					{ "time": 0.6 }
				]
			},
			"body3": {
				"rotate": [
					{ "value": -0.99, "curve": "stepped" },
					{ "time": 0.6, "value": -0.99 }
				],
				"translate": [
					{ "curve": "stepped" },
					{ "time": 0.6 }
				]
			},
			"body4": {
				"rotate": [
					{ "value": -1.9, "curve": "stepped" },
					{ "time": 0.6, "value": -1.9 }
				],
				"translate": [
					{ "curve": "stepped" },
					{ "time": 0.6 }
				]
			},
			"body5": {
				"rotate": [
					{ "value": -3.97, "curve": "stepped" },
					{ "time": 0.6, "value": -3.97 }
				],
				"translate": [
					{ "curve": "stepped" },
					{ "time": 0.6 }
				]
			},
			"body6": {
				"rotate": [
					{ "value": -0.41, "curve": "stepped" },
					{ "time": 0.6, "value": -0.41 }
				],
				"translate": [
					{ "curve": "stepped" },
					{ "time": 0.6 }
				]
			},
			"body7": {
				"rotate": [
					{ "value": -0.99, "curve": "stepped" },
					{ "time": 0.6, "value": -0.99 }
				],
				"translate": [
					{ "curve": "stepped" },
					{ "time": 0.6 }
				]
			},
			"body8": {
				"rotate": [
					{ "value": -0.99, "curve": "stepped" },
					{ "time": 0.6, "value": -0.99 }
				],
				"translate": [
					{ "curve": "stepped" },
					{ "time": 0.6 }
				]
			},
			"feeling_3": {
				"rotate": [
					{ "value": 137.2, "curve": "stepped" },
					{ "time": 0.6, "value": 137.2 }
				],
				"translate": [
					{ "x": -23.23, "y": 72.46, "curve": "stepped" },
					{ "time": 0.6, "x": -23.23, "y": 72.46 }
				],
				"scale": [
					{ "x": 1.024, "y": 1.024, "curve": "stepped" },
					{ "time": 0.6, "x": 1.024, "y": 1.024 }
				]
			},
			"emoji": {
				"rotate": [
					{ "value": -10.57, "curve": "stepped" },
					{ "time": 0.6, "value": -10.57 }
				],
				"translate": [
					{ "x": 26.49, "y": 26.38, "curve": "stepped" },
					{ "time": 0.6, "x": 26.49, "y": 26.38 }
				],
				"scale": [
					{ "x": 0.999, "y": 1.215, "curve": "stepped" },
					{ "time": 0.6, "x": 0.999, "y": 1.215 }
				]
			},
			"shouder_1": {
				"rotate": [
					{ "value": -48.28, "curve": "stepped" },
					{ "time": 0.6, "value": -48.28 }
				],
				"translate": [
					{ "x": 28.17, "y": -0.56, "curve": "stepped" },
					{ "time": 0.6, "x": 28.17, "y": -0.56 }
				],
				"scale": [
					{ "x": 1.037, "curve": "stepped" },
					{ "time": 0.6, "x": 1.037 }
				],
				"shear": [
					{ "curve": "stepped" },
					{ "time": 0.6 }
				]
			},
			"arm_1": {
				"rotate": [
					{ "value": -8.4, "curve": "stepped" },
					{ "time": 0.6, "value": -8.4 }
				],
				"translate": [
					{ "x": 2.02, "y": 0.08, "curve": "stepped" },
					{ "time": 0.6, "x": 2.02, "y": 0.08 }
				],
				"scale": [
					{ "x": 1.115, "y": 1.115, "curve": "stepped" },
					{ "time": 0.6, "x": 1.115, "y": 1.115 }
				]
			},
			"shouder_2": {
				"rotate": [
					{ "value": -20.62, "curve": "stepped" },
					{ "time": 0.6, "value": -20.62 }
				],
				"translate": [
					{ "x": 30.32, "y": -1.97, "curve": "stepped" },
					{ "time": 0.6, "x": 30.32, "y": -1.97 }
				],
				"scale": [
					{ "x": 1.037, "curve": "stepped" },
					{ "time": 0.6, "x": 1.037 }
				]
			},
			"arm_2": {
				"rotate": [
					{ "value": -29.64, "curve": "stepped" },
					{ "time": 0.6, "value": -29.64 }
				],
				"translate": [
					{ "curve": "stepped" },
					{ "time": 0.6 }
				],
				"scale": [
					{ "curve": "stepped" },
					{ "time": 0.6 }
				]
			},
			"thigh_1": {
				"rotate": [
					{
						"value": -44.84,
						"curve": [ 0.15, -44.84, 0.45, -57.56 ]
					},
					{ "time": 0.6, "value": -57.56 }
				],
				"translate": [
					{ "curve": "stepped" },
					{ "time": 0.6 }
				]
			},
			"leg_1": {
				"rotate": [
					{
						"value": 45.63,
						"curve": [ 0.15, 45.63, 0.45, 63.13 ]
					},
					{ "time": 0.6, "value": 63.13 }
				],
				"translate": [
					{ "curve": "stepped" },
					{ "time": 0.6 }
				]
			},
			"thigh_2": {
				"rotate": [
					{
						"value": -37.54,
						"curve": [ 0.15, -37.54, 0.45, 30.03 ]
					},
					{ "time": 0.6, "value": 30.03 }
				],
				"translate": [
					{ "curve": "stepped" },
					{ "time": 0.6 }
				],
				"scale": [
					{ "curve": "stepped" },
					{ "time": 0.6 }
				]
			},
			"leg_2": {
				"rotate": [
					{
						"value": 38.6,
						"curve": [ 0.15, 38.6, 0.45, -18.52 ]
					},
					{ "time": 0.6, "value": -18.52 }
				],
				"translate": [
					{ "curve": "stepped" },
					{ "time": 0.6 }
				]
			},
			"foot_2": {
				"rotate": [
					{ "value": -1.35, "curve": "stepped" },
					{ "time": 0.6, "value": -1.35 }
				],
				"translate": [
					{ "x": -80.95, "y": 43, "curve": "stepped" },
					{ "time": 0.6, "x": -80.95, "y": 43 }
				]
			},
			"foot_3": {
				"rotate": [
					{ "curve": "stepped" },
					{ "time": 0.6 }
				],
				"translate": [
					{ "x": 104.46, "y": -2.02, "curve": "stepped" },
					{ "time": 0.6, "x": 104.46, "y": -2.02 }
				]
			},
			"feeling_5": {
				"rotate": [
					{ "value": 172.1, "curve": "stepped" },
					{ "time": 0.6, "value": 172.1 }
				],
				"translate": [
					{ "x": 101.36, "y": 4.28, "curve": "stepped" },
					{ "time": 0.6, "x": 101.36, "y": 4.28 }
				],
				"scale": [
					{ "x": 0.655, "y": 0.655, "curve": "stepped" },
					{ "time": 0.6, "x": 0.655, "y": 0.655 }
				]
			},
			"move": {
				"translate": [
					{ "x": 119.99, "y": -0.27, "curve": "stepped" },
					{ "time": 0.6, "x": 119.99, "y": -0.27 }
				],
				"scale": [
					{ "x": -1, "curve": "stepped" },
					{ "time": 0.6, "x": -1 }
				]
			},
			"feeling_1": {
				"rotate": [
					{ "value": 34.01, "curve": "stepped" },
					{ "time": 0.6, "value": 34.01 }
				],
				"translate": [
					{ "x": 31.34, "y": -93.31, "curve": "stepped" },
					{ "time": 0.6, "x": 31.34, "y": -93.31 }
				],
				"scale": [
					{ "x": 0.855, "y": 0.855, "curve": "stepped" },
					{ "time": 0.6, "x": 0.855, "y": 0.855 }
				]
			},
			"feeling_2": {
				"rotate": [
					{ "value": -50.5, "curve": "stepped" },
					{ "time": 0.6, "value": -50.5 }
				],
				"translate": [
					{ "x": -54.67, "y": -40.43, "curve": "stepped" },
					{ "time": 0.6, "x": -54.67, "y": -40.43 }
				],
				"scale": [
					{ "x": 0.886, "y": 0.886, "curve": "stepped" },
					{ "time": 0.6, "x": 0.886, "y": 0.886 }
				]
			},
			"item_1": {
				"rotate": [
					{ "value": 152.31, "curve": "stepped" },
					{ "time": 0.6, "value": 152.31 }
				],
				"translate": [
					{ "x": -106.85, "y": -271.79, "curve": "stepped" },
					{ "time": 0.6, "x": -106.85, "y": -271.79 }
				]
			},
			"feeling_4": {
				"translate": [
					{ "x": -86.6, "y": 148.16, "curve": "stepped" },
					{ "time": 0.0667, "x": -60.9, "y": 178.3, "curve": "stepped" },
					{ "time": 0.1333, "x": -82.87, "y": 146.84, "curve": "stepped" },
					{ "time": 0.2, "x": -50.03, "y": 208.97, "curve": "stepped" },
					{ "time": 0.2667, "x": -41.69, "y": 148.04, "curve": "stepped" },
					{ "time": 0.3333, "x": -106.31, "y": 163.71, "curve": "stepped" },
					{ "time": 0.4667, "x": -49.18, "y": 189.08, "curve": "stepped" },
					{ "time": 0.5333, "x": -67.21, "y": 203.25, "curve": "stepped" },
					{ "time": 0.6, "x": -65.74, "y": 154.93 }
				],
				"scale": [
					{ "curve": "stepped" },
					{ "time": 0.0667, "x": 0.642, "y": 0.642, "curve": "stepped" },
					{ "time": 0.1333, "curve": "stepped" },
					{ "time": 0.2, "curve": "stepped" },
					{ "time": 0.2667, "x": 0.642, "y": 0.642, "curve": "stepped" },
					{ "time": 0.3333, "curve": "stepped" },
					{ "time": 0.4667, "curve": "stepped" },
					{ "time": 0.5333, "x": 0.642, "y": 0.642, "curve": "stepped" },
					{ "time": 0.6 }
				]
			}
		},
		"ik": {
			"foot_1": [
				{
					"stretch": true,
					"curve": [ 0.15, 1, 0.45, 1, 0.15, 0, 0.45, 0 ]
				},
				{ "time": 0.6, "stretch": true }
			],
			"foot_2": [
				{
					"bendPositive": false,
					"stretch": true,
					"curve": [ 0.15, 1, 0.45, 1, 0.15, 0, 0.45, 0 ]
				},
				{ "time": 0.6, "bendPositive": false, "stretch": true }
			]
		},
		"drawOrder": [
			{
				"offsets": [
					{ "slot": "shoulder2", "offset": 13 },
					{ "slot": "feeling_5", "offset": -3 }
				]
			},
			{
				"time": 0.6,
				"offsets": [
					{ "slot": "shoulder2", "offset": 13 },
					{ "slot": "feeling_5", "offset": -3 }
				]
			}
		]
	},
	"t_330_1_win": {
		"slots": {
			"body": {
				"rgba": [
					{ "color": "000000ff" }
				]
			},
			"Emoji": {
				"attachment": [
					{ "name": "Emoji/new/emo_6b" }
				]
			},
			"feeling_1": {
				"attachment": [
					{}
				]
			},
			"feeling_2": {
				"attachment": [
					{}
				]
			},
			"feeling_3": {
				"rgba": [
					{ "color": "ffffffff" }
				],
				"attachment": [
					{}
				]
			},
			"feeling_5": {
				"rgba": [
					{ "color": "ffffffff" }
				],
				"attachment": [
					{}
				]
			},
			"head": {
				"rgba": [
					{ "color": "ffffffff" }
				],
				"attachment": [
					{ "name": "head" }
				]
			},
			"item": {
				"attachment": [
					{}
				]
			},
			"shoulder1": {
				"rgba": [
					{ "color": "000000ff" }
				],
				"attachment": [
					{ "name": "shoulder" }
				]
			},
			"shoulder2": {
				"rgba": [
					{ "color": "000000ff" }
				],
				"attachment": [
					{ "name": "shoulder" }
				]
			},
			"shoulder3": {
				"rgba": [
					{ "color": "000000ff" }
				],
				"attachment": [
					{ "name": "shoulder" }
				]
			},
			"shoulder4": {
				"rgba": [
					{ "color": "000000ff" }
				],
				"attachment": [
					{ "name": "shoulder" }
				]
			},
			"thigh": {
				"rgba": [
					{ "color": "000000ff" }
				]
			},
			"thigh2": {
				"rgba": [
					{ "color": "000000ff" }
				]
			},
			"thigh3": {
				"rgba": [
					{ "color": "000000ff" }
				]
			},
			"thigh4": {
				"rgba": [
					{ "color": "000000ff" }
				]
			}
		},
		"bones": {
			"head": {
				"rotate": [
					{ "value": -12.62 }
				],
				"translate": [
					{ "x": -6.64, "y": 6.57 }
				],
				"scale": [
					{}
				]
			},
			"root": {
				"rotate": [
					{}
				],
				"translate": [
					{}
				]
			},
			"main": {
				"rotate": [
					{ "value": 16.25 }
				],
				"translate": [
					{ "x": 0.94, "y": -58.99 }
				]
			},
			"hip": {
				"rotate": [
					{}
				],
				"translate": [
					{}
				]
			},
			"body": {
				"rotate": [
					{ "value": -0.99 }
				],
				"translate": [
					{}
				]
			},
			"body2": {
				"rotate": [
					{ "value": -0.99 }
				],
				"translate": [
					{}
				]
			},
			"body3": {
				"rotate": [
					{ "value": -0.99 }
				],
				"translate": [
					{}
				]
			},
			"body4": {
				"rotate": [
					{ "value": -1.9 }
				],
				"translate": [
					{}
				]
			},
			"body5": {
				"rotate": [
					{ "value": -3.97 }
				],
				"translate": [
					{}
				]
			},
			"body6": {
				"rotate": [
					{ "value": -0.41 }
				],
				"translate": [
					{}
				]
			},
			"body7": {
				"rotate": [
					{ "value": -0.99 }
				],
				"translate": [
					{}
				]
			},
			"body8": {
				"rotate": [
					{ "value": -0.99 }
				],
				"translate": [
					{}
				]
			},
			"feeling_3": {
				"rotate": [
					{ "value": 4.45 }
				],
				"translate": [
					{ "x": 60.53, "y": -103.8 }
				],
				"scale": [
					{ "x": 1.183, "y": 1.183 }
				]
			},
			"emoji": {
				"rotate": [
					{ "value": 8.82 }
				],
				"translate": [
					{ "x": 3.77, "y": 5.87 }
				],
				"scale": [
					{ "x": 0.882, "y": 0.882 }
				]
			},
			"shouder_1": {
				"rotate": [
					{ "value": -33.32 }
				],
				"translate": [
					{ "x": 21.62, "y": 1.86 }
				],
				"scale": [
					{ "x": 1.037 }
				],
				"shear": [
					{}
				]
			},
			"arm_1": {
				"rotate": [
					{ "value": -27.2 }
				],
				"translate": [
					{ "x": 2.02, "y": 0.08 }
				],
				"scale": [
					{}
				]
			},
			"shouder_2": {
				"rotate": [
					{ "value": 38.54 }
				],
				"translate": [
					{ "x": 16.07, "y": 1.67 }
				],
				"scale": [
					{ "x": 0.93 }
				]
			},
			"arm_2": {
				"rotate": [
					{ "value": -169.66 }
				],
				"translate": [
					{}
				],
				"scale": [
					{}
				]
			},
			"thigh_1": {
				"rotate": [
					{ "value": -44.84 }
				],
				"translate": [
					{}
				]
			},
			"leg_1": {
				"rotate": [
					{ "value": 45.63 }
				],
				"translate": [
					{}
				]
			},
			"thigh_2": {
				"rotate": [
					{ "value": -37.54 }
				],
				"translate": [
					{}
				],
				"scale": [
					{}
				]
			},
			"leg_2": {
				"rotate": [
					{ "value": 38.6 }
				],
				"translate": [
					{}
				]
			},
			"foot_2": {
				"rotate": [
					{ "value": -1.35 }
				],
				"translate": [
					{ "x": -202.12, "y": 59.65 }
				]
			},
			"foot_3": {
				"rotate": [
					{}
				],
				"translate": [
					{ "x": 198.2, "y": 122.83 }
				]
			},
			"feeling_5": {
				"rotate": [
					{ "value": -87.06 }
				],
				"translate": [
					{ "x": -45.56, "y": 56.11 }
				],
				"scale": [
					{ "x": 0.51, "y": 0.51 }
				]
			},
			"move": {
				"translate": [
					{ "x": 119.99 }
				],
				"scale": [
					{ "x": -1 }
				]
			},
			"feeling_1": {
				"rotate": [
					{ "value": -27.57 }
				],
				"translate": [
					{ "x": 68.27, "y": -56.73 }
				],
				"scale": [
					{ "x": 1.126, "y": 1.126 }
				]
			},
			"feeling_2": {
				"rotate": [
					{ "value": -19.6 }
				],
				"translate": [
					{ "x": 139.58, "y": -46.21 }
				],
				"scale": [
					{ "x": 1.262, "y": 1.262 }
				]
			},
			"item_1": {
				"rotate": [
					{ "value": 152.31 }
				],
				"translate": [
					{ "x": -106.85, "y": -271.79 }
				]
			}
		},
		"ik": {
			"foot_1": [
				{ "stretch": true }
			],
			"foot_2": [
				{ "stretch": true }
			]
		},
		"drawOrder": [
			{
				"offsets": [
					{ "slot": "shoulder1", "offset": 14 },
					{ "slot": "shoulder3", "offset": 0 },
					{ "slot": "shoulder2", "offset": 13 }
				]
			}
		]
	},
	"t_330_2_be": {
		"slots": {
			"body": {
				"rgba": [
					{ "color": "000000ff" }
				]
			},
			"Emoji": {
				"attachment": [
					{ "name": "Emoji/emo_92_b" }
				]
			},
			"feeling_1": {
				"attachment": [
					{ "name": "bang_mat_2" }
				]
			},
			"feeling_2": {
				"attachment": [
					{ "name": "mo_hoi" }
				]
			},
			"feeling_3": {
				"rgba": [
					{ "color": "ffffffff" }
				],
				"attachment": [
					{}
				]
			},
			"feeling_4": {
				"attachment": [
					{}
				]
			},
			"feeling_5": {
				"rgba": [
					{ "color": "ffffffff" }
				],
				"attachment": [
					{}
				]
			},
			"head": {
				"rgba": [
					{ "color": "ffffffff" }
				],
				"attachment": [
					{ "name": "head" }
				]
			},
			"item": {
				"attachment": [
					{}
				]
			},
			"shoulder1": {
				"rgba": [
					{ "color": "000000ff" }
				],
				"attachment": [
					{ "name": "shoulder" }
				]
			},
			"shoulder2": {
				"rgba": [
					{ "color": "000000ff" }
				],
				"attachment": [
					{ "name": "shoulder" }
				]
			},
			"shoulder3": {
				"rgba": [
					{ "color": "000000ff" }
				],
				"attachment": [
					{}
				]
			},
			"shoulder4": {
				"rgba": [
					{ "color": "000000ff" }
				],
				"attachment": [
					{}
				]
			},
			"thigh": {
				"rgba": [
					{ "color": "000000ff" }
				]
			},
			"thigh2": {
				"rgba": [
					{ "color": "000000ff" }
				]
			},
			"thigh3": {
				"rgba": [
					{ "color": "000000ff" }
				]
			},
			"thigh4": {
				"rgba": [
					{ "color": "000000ff" }
				]
			}
		},
		"bones": {
			"head": {
				"rotate": [
					{ "value": 34.84 }
				],
				"translate": [
					{ "x": -12.32, "y": -10.86 }
				],
				"scale": [
					{}
				]
			},
			"root": {
				"rotate": [
					{}
				],
				"translate": [
					{}
				]
			},
			"main": {
				"rotate": [
					{ "value": -19.77 }
				],
				"translate": [
					{ "x": 2.6, "y": -55.65 }
				]
			},
			"hip": {
				"rotate": [
					{}
				],
				"translate": [
					{}
				]
			},
			"body": {
				"rotate": [
					{ "value": -2.28 }
				],
				"translate": [
					{}
				],
				"scale": [
					{}
				]
			},
			"body2": {
				"rotate": [
					{ "value": -2.28 }
				],
				"translate": [
					{}
				],
				"scale": [
					{}
				]
			},
			"body3": {
				"rotate": [
					{ "value": -2.28 }
				],
				"translate": [
					{}
				],
				"scale": [
					{}
				]
			},
			"body4": {
				"rotate": [
					{ "value": -2.28 }
				],
				"translate": [
					{}
				],
				"scale": [
					{}
				]
			},
			"body5": {
				"rotate": [
					{ "value": -2.28 }
				],
				"translate": [
					{ "x": -9.07, "y": 0.09 }
				],
				"scale": [
					{}
				]
			},
			"body6": {
				"rotate": [
					{ "value": -2.28 }
				],
				"translate": [
					{}
				],
				"scale": [
					{}
				]
			},
			"body7": {
				"rotate": [
					{ "value": -2.28 }
				],
				"translate": [
					{}
				],
				"scale": [
					{}
				]
			},
			"body8": {
				"rotate": [
					{ "value": -2.28 }
				],
				"translate": [
					{}
				],
				"scale": [
					{}
				]
			},
			"feeling_3": {
				"rotate": [
					{ "value": 29.22 }
				],
				"translate": [
					{ "x": -312.52, "y": -69.56 }
				],
				"scale": [
					{ "x": 1.506, "y": -1.506 }
				]
			},
			"emoji": {
				"rotate": [
					{ "value": 5.01 }
				],
				"translate": [
					{ "x": -8.68, "y": 18.02 }
				],
				"scale": [
					{ "x": -1.015, "y": 1.015 }
				]
			},
			"shouder_1": {
				"rotate": [
					{ "value": -63.53 }
				],
				"translate": [
					{ "x": 12.57, "y": 0.52 }
				],
				"scale": [
					{ "x": 1.036 }
				]
			},
			"arm_1": {
				"rotate": [
					{ "value": 177.08 }
				],
				"translate": [
					{ "x": 2.02, "y": 0.08 }
				],
				"scale": [
					{ "x": 1.077 }
				]
			},
			"shouder_2": {
				"rotate": [
					{ "value": -174.21 }
				],
				"translate": [
					{ "x": 15.81, "y": -2.68 }
				],
				"scale": [
					{}
				]
			},
			"arm_2": {
				"rotate": [
					{ "value": 77.63 }
				]
			},
			"thigh_1": {
				"rotate": [
					{ "value": 24.72 }
				],
				"translate": [
					{}
				],
				"scale": [
					{}
				]
			},
			"leg_1": {
				"rotate": [
					{}
				],
				"translate": [
					{}
				]
			},
			"thigh_2": {
				"rotate": [
					{ "value": 39.21 }
				],
				"translate": [
					{}
				],
				"scale": [
					{}
				]
			},
			"leg_2": {
				"rotate": [
					{ "value": 18.14 }
				],
				"translate": [
					{}
				]
			},
			"foot_2": {
				"rotate": [
					{}
				],
				"translate": [
					{ "x": 138.03, "y": 3.88 }
				]
			},
			"foot_3": {
				"rotate": [
					{ "value": 12.32 }
				],
				"translate": [
					{ "x": -63.32, "y": -0.56 }
				]
			},
			"feeling_5": {
				"rotate": [
					{ "value": -2.26 }
				],
				"translate": [
					{ "x": -154.93, "y": 216.6 }
				],
				"scale": [
					{ "x": 0.952, "y": 0.72 }
				],
				"shear": [
					{}
				]
			},
			"feeling_1": {
				"rotate": [
					{ "value": 45.43 }
				],
				"translate": [
					{ "x": -56.35, "y": -115.22 }
				],
				"scale": [
					{ "x": -1.102, "y": 1.102 }
				]
			},
			"feeling_2": {
				"rotate": [
					{ "value": 33.06 }
				],
				"translate": [
					{ "x": -6.31, "y": -102.62 }
				],
				"scale": [
					{ "x": 0.763, "y": 0.763 }
				]
			},
			"item_1": {
				"rotate": [
					{ "value": -73.94 }
				],
				"translate": [
					{ "x": 22.22, "y": -146.55 }
				]
			},
			"move": {
				"translate": [
					{ "x": 119.99 }
				],
				"scale": [
					{ "x": -1 }
				]
			},
			"feeling_4": {
				"rotate": [
					{ "value": -92.23 }
				],
				"translate": [
					{ "x": 96.2, "y": -52.84 }
				],
				"scale": [
					{ "x": 0.95, "y": 0.95 }
				]
			},
			"hair_1": {
				"rotate": [
					{ "value": -15.3 }
				]
			}
		},
		"ik": {
			"foot_1": [
				{ "bendPositive": false, "stretch": true }
			],
			"foot_2": [
				{ "bendPositive": false, "stretch": true }
			]
		},
		"drawOrder": [
			{
				"offsets": [
					{ "slot": "item", "offset": 9 },
					{ "slot": "shoulder4", "offset": -4 },
					{ "slot": "feeling_3", "offset": 3 },
					{ "slot": "feeling_1", "offset": -4 }
				]
			}
		]
	},
	"t_330_2_lose": {
		"slots": {
			"body": {
				"rgba": [
					{ "color": "000000ff" }
				]
			},
			"Emoji": {
				"attachment": [
					{ "name": "Emoji/emo_84" }
				]
			},
			"feeling_1": {
				"attachment": [
					{ "name": "bang_mat_2" }
				]
			},
			"feeling_3": {
				"attachment": [
					{}
				]
			},
			"feeling_5": {
				"attachment": [
					{ "name": "giat_minh" }
				]
			},
			"shoulder1": {
				"rgba": [
					{ "color": "000000ff" }
				],
				"attachment": [
					{ "name": "shoulder" }
				]
			},
			"shoulder2": {
				"rgba": [
					{ "color": "000000ff" }
				],
				"attachment": [
					{ "name": "shoulder" }
				]
			},
			"shoulder3": {
				"rgba": [
					{ "color": "000000ff" }
				],
				"attachment": [
					{ "name": "shoulder" }
				]
			},
			"shoulder4": {
				"rgba": [
					{ "color": "000000ff" }
				],
				"attachment": [
					{}
				]
			},
			"thigh": {
				"rgba": [
					{ "color": "000000ff" }
				],
				"attachment": [
					{}
				]
			},
			"thigh2": {
				"rgba": [
					{ "color": "000000ff" }
				],
				"attachment": [
					{}
				]
			},
			"thigh3": {
				"rgba": [
					{ "color": "000000ff" }
				],
				"attachment": [
					{}
				]
			},
			"thigh4": {
				"rgba": [
					{ "color": "000000ff" }
				],
				"attachment": [
					{}
				]
			}
		},
		"bones": {
			"thigh_1": {
				"rotate": [
					{ "value": 26.16 }
				]
			},
			"leg_1": {
				"rotate": [
					{ "value": 108.69 }
				],
				"scale": [
					{ "x": 1.074 }
				]
			},
			"main": {
				"rotate": [
					{ "value": -2.71 }
				],
				"translate": [
					{ "x": 1.2, "y": -256 }
				]
			},
			"head": {
				"rotate": [
					{ "value": -27.95 }
				],
				"translate": [
					{ "x": -22.48, "y": 17.45 }
				]
			},
			"shouder_1": {
				"rotate": [
					{ "value": -136.37 }
				],
				"translate": [
					{ "x": -6.18, "y": -2.38 }
				],
				"scale": [
					{}
				]
			},
			"arm_1": {
				"rotate": [
					{ "value": -85.33 }
				],
				"translate": [
					{ "x": 2.81, "y": 2.38 }
				],
				"scale": [
					{ "x": 0.815, "y": 0.888 }
				]
			},
			"shouder_2": {
				"rotate": [
					{ "value": 80.18 }
				],
				"translate": [
					{ "x": -7.96, "y": 124.7 }
				],
				"scale": [
					{ "x": 0.755 }
				]
			},
			"arm_2": {
				"rotate": [
					{ "value": -73.51 }
				]
			},
			"thigh_2": {
				"rotate": [
					{ "value": -104.32 }
				],
				"scale": [
					{ "x": 1.053 }
				]
			},
			"leg_2": {
				"rotate": [
					{ "value": 113.81 }
				],
				"scale": [
					{ "x": 1.148 }
				]
			},
			"emoji": {
				"rotate": [
					{ "value": 1.42 }
				],
				"translate": [
					{ "x": -1.93, "y": 16.82 }
				],
				"scale": [
					{ "x": -1.039, "y": 1.039 }
				]
			},
			"feeling_3": {
				"rotate": [
					{ "value": 11.27 }
				],
				"translate": [
					{ "x": 90.89, "y": -58.88 }
				],
				"scale": [
					{ "x": 2.067, "y": 2.067 }
				]
			},
			"feeling_5": {
				"rotate": [
					{ "value": -36.52 }
				],
				"translate": [
					{ "x": -56.98, "y": 124.96 }
				],
				"scale": [
					{ "x": -0.448, "y": 0.448 }
				]
			},
			"body": {
				"rotate": [
					{ "value": 7.95 }
				]
			},
			"body2": {
				"rotate": [
					{ "value": 0.33 }
				],
				"translate": [
					{ "x": 6.08, "y": 0.85 }
				]
			},
			"body3": {
				"rotate": [
					{ "value": 1 }
				],
				"translate": [
					{ "x": -48.89, "y": -0.59 }
				]
			},
			"body4": {
				"rotate": [
					{ "value": 1 }
				]
			},
			"body5": {
				"rotate": [
					{ "value": -0.48 }
				],
				"translate": [
					{ "x": 10.84, "y": 0.97 }
				]
			},
			"body6": {
				"rotate": [
					{ "value": 1 }
				],
				"translate": [
					{ "x": -47.38, "y": -0.54 }
				]
			},
			"body7": {
				"rotate": [
					{ "value": 1 }
				]
			},
			"body8": {
				"rotate": [
					{ "value": 1 }
				],
				"translate": [
					{ "x": -13.82, "y": 1.05 }
				]
			},
			"feeling_1": {
				"rotate": [
					{ "value": 7.25 }
				],
				"translate": [
					{ "x": -89.26, "y": -202.57 }
				],
				"scale": [
					{ "x": -1.023, "y": 1.023 }
				]
			}
		},
		"drawOrder": [
			{
				"offsets": [
					{ "slot": "feeling_1", "offset": -4 }
				]
			}
		]
	},
	"t_330_2_win": {
		"slots": {
			"body": {
				"rgba": [
					{ "color": "000000ff" }
				]
			},
			"Emoji": {
				"attachment": [
					{ "name": "Emoji/new/emo_62c" }
				]
			},
			"feeling_1": {
				"attachment": [
					{ "name": "bang_mat" }
				]
			},
			"feeling_2": {
				"attachment": [
					{ "name": "mo_hoi" }
				]
			},
			"feeling_3": {
				"attachment": [
					{ "name": "giat_minh" }
				]
			},
			"feeling_5": {
				"attachment": [
					{}
				]
			},
			"head": {
				"rgba": [
					{ "color": "ffffffff" }
				],
				"attachment": [
					{ "name": "head" }
				]
			},
			"shoulder1": {
				"rgba": [
					{ "color": "000000ff" }
				],
				"attachment": [
					{ "name": "shoulder" }
				]
			},
			"shoulder2": {
				"rgba": [
					{ "color": "000000ff" }
				],
				"attachment": [
					{ "name": "shoulder" }
				]
			},
			"shoulder3": {
				"rgba": [
					{ "color": "000000ff" }
				],
				"attachment": [
					{ "name": "shoulder" }
				]
			},
			"shoulder4": {
				"rgba": [
					{ "color": "000000ff" }
				],
				"attachment": [
					{ "name": "shoulder" }
				]
			},
			"thigh": {
				"rgba": [
					{ "color": "000000ff" }
				]
			},
			"thigh2": {
				"rgba": [
					{ "color": "000000ff" }
				]
			},
			"thigh3": {
				"rgba": [
					{ "color": "000000ff" }
				]
			},
			"thigh4": {
				"rgba": [
					{ "color": "000000ff" }
				]
			}
		},
		"bones": {
			"head": {
				"rotate": [
					{ "value": 14.59 }
				],
				"translate": [
					{ "x": -80.78, "y": -2.82 }
				],
				"scale": [
					{}
				]
			},
			"root": {
				"rotate": [
					{}
				],
				"translate": [
					{}
				]
			},
			"main": {
				"rotate": [
					{ "value": 7.29 }
				],
				"translate": [
					{ "x": 2.07, "y": -32.92 }
				]
			},
			"hip": {
				"rotate": [
					{}
				],
				"translate": [
					{}
				]
			},
			"body": {
				"rotate": [
					{ "value": -2.62 }
				],
				"translate": [
					{}
				]
			},
			"body2": {
				"rotate": [
					{ "value": -2.62 }
				],
				"translate": [
					{}
				]
			},
			"body3": {
				"rotate": [
					{ "value": -2.62 }
				],
				"translate": [
					{}
				]
			},
			"body4": {
				"rotate": [
					{ "value": -2.62 }
				],
				"translate": [
					{}
				]
			},
			"body5": {
				"rotate": [
					{ "value": -2.62 }
				],
				"translate": [
					{}
				]
			},
			"body6": {
				"rotate": [
					{ "value": -2.62 }
				],
				"translate": [
					{}
				]
			},
			"body7": {
				"rotate": [
					{ "value": -2.62 }
				],
				"translate": [
					{}
				]
			},
			"body8": {
				"rotate": [
					{ "value": -2.62 }
				],
				"translate": [
					{}
				]
			},
			"feeling_3": {
				"rotate": [
					{ "value": 57.34 }
				],
				"translate": [
					{ "x": 79.12, "y": -27.45 }
				]
			},
			"emoji": {
				"rotate": [
					{ "value": -0.67 }
				],
				"translate": [
					{ "x": 3.7, "y": 7.19 }
				],
				"scale": [
					{ "x": 1.153, "y": 1.153 }
				]
			},
			"shouder_1": {
				"rotate": [
					{ "value": -119.16 }
				],
				"translate": [
					{ "x": -48.34, "y": 2.4 }
				],
				"scale": [
					{ "y": 1.159 }
				],
				"shear": [
					{}
				]
			},
			"arm_1": {
				"rotate": [
					{ "value": 131.1 }
				],
				"translate": [
					{ "x": 2.02, "y": 0.08 }
				],
				"scale": [
					{ "x": 0.927 }
				]
			},
			"shouder_2": {
				"rotate": [
					{ "value": -135.91 }
				],
				"translate": [
					{ "x": -39.42, "y": 5.6 }
				],
				"scale": [
					{ "x": 0.804, "y": 1.062 }
				]
			},
			"arm_2": {
				"rotate": [
					{ "value": -23.21 }
				],
				"scale": [
					{ "x": 0.898 }
				]
			},
			"thigh_1": {
				"rotate": [
					{ "value": -44.84 }
				],
				"translate": [
					{}
				],
				"scale": [
					{ "x": 0.887 }
				]
			},
			"leg_1": {
				"rotate": [
					{ "value": 45.63 }
				],
				"translate": [
					{}
				],
				"scale": [
					{ "x": 1.253 }
				]
			},
			"thigh_2": {
				"rotate": [
					{ "value": -37.54 }
				],
				"translate": [
					{}
				],
				"scale": [
					{ "x": 0.794, "y": 0.887 }
				]
			},
			"leg_2": {
				"rotate": [
					{ "value": 38.6 }
				],
				"translate": [
					{}
				],
				"scale": [
					{ "x": 1.127, "y": 1.264 }
				]
			},
			"foot_2": {
				"rotate": [
					{}
				],
				"translate": [
					{ "x": 42.95, "y": -28.02 }
				]
			},
			"foot_3": {
				"rotate": [
					{}
				],
				"translate": [
					{ "x": -79.44, "y": 253.12 }
				]
			},
			"feeling_5": {
				"rotate": [
					{}
				],
				"translate": [
					{}
				]
			},
			"feeling_1": {
				"rotate": [
					{ "value": 12.55 }
				],
				"translate": [
					{ "x": -46.08, "y": -165.33 }
				],
				"scale": [
					{ "x": 0.963, "y": 0.963 }
				]
			},
			"move": {
				"translate": [
					{ "x": 119.99 }
				]
			},
			"feeling_2": {
				"rotate": [
					{ "value": 33.94 }
				],
				"translate": [
					{ "x": -5.43, "y": -194.82 }
				],
				"scale": [
					{ "x": 0.726, "y": 0.726 }
				]
			}
		},
		"ik": {
			"foot_1": [
				{ "bendPositive": false, "stretch": true }
			],
			"foot_2": [
				{ "bendPositive": false, "stretch": true }
			]
		},
		"drawOrder": [
			{
				"offsets": [
					{ "slot": "feeling_1", "offset": -4 }
				]
			}
		]
	}
}
}