{"frames": [

{
	"filename": "anh_sang_rong",
	"frame": {"x":1,"y":1,"w":634,"h":545},
	"rotated": false,
	"trimmed": false,
	"spriteSourceSize": {"x":0,"y":0,"w":634,"h":545},
	"sourceSize": {"w":634,"h":545}
},
{
	"filename": "banh_my",
	"frame": {"x":772,"y":226,"w":71,"h":131},
	"rotated": false,
	"trimmed": false,
	"spriteSourceSize": {"x":0,"y":0,"w":71,"h":131},
	"sourceSize": {"w":71,"h":131}
},
{
	"filename": "bg",
	"frame": {"x":1082,"y":1,"w":99,"h":1224},
	"rotated": false,
	"trimmed": false,
	"spriteSourceSize": {"x":0,"y":0,"w":99,"h":1224},
	"sourceSize": {"w":99,"h":1224}
},
{
	"filename": "cot_den",
	"frame": {"x":636,"y":1,"w":135,"h":532},
	"rotated": false,
	"trimmed": false,
	"spriteSourceSize": {"x":0,"y":0,"w":135,"h":532},
	"sourceSize": {"w":135,"h":532}
},
{
	"filename": "dai_phan_cach",
	"frame": {"x":1,"y":547,"w":1080,"h":192},
	"rotated": false,
	"trimmed": false,
	"spriteSourceSize": {"x":0,"y":0,"w":1080,"h":192},
	"sourceSize": {"w":1080,"h":192}
},
{
	"filename": "Layer 1",
	"frame": {"x":772,"y":1,"w":268,"h":224},
	"rotated": false,
	"trimmed": false,
	"spriteSourceSize": {"x":0,"y":0,"w":268,"h":224},
	"sourceSize": {"w":268,"h":224}
}],
"meta": {
	"app": "https://www.codeandweb.com/texturepacker",
	"version": "1.0",
	"image": "props.png",
	"format": "RGBA8888",
	"size": {"w":1182,"h":1226},
	"scale": "1",
	"smartupdate": "$TexturePacker:SmartUpdate:bf328ed829ca399f57a14d7eec058901:84cf7aee65682436a46353611c09f9d4:f4c39b94f5b79b4c461da96ae5609d50$"
}
}
