{"frames": [

{
	"filename": "hand_grab",
	"frame": {"x":97,"y":1,"w":88,"h":110},
	"rotated": false,
	"trimmed": true,
	"spriteSourceSize": {"x":6,"y":0,"w":88,"h":110},
	"sourceSize": {"w":95,"h":116}
},
{
	"filename": "hand_open",
	"frame": {"x":1,"y":1,"w":95,"h":116},
	"rotated": false,
	"trimmed": false,
	"spriteSourceSize": {"x":0,"y":0,"w":95,"h":116},
	"sourceSize": {"w":95,"h":116}
}],
"meta": {
	"app": "https://www.codeandweb.com/texturepacker",
	"version": "1.0",
	"image": "hand.png",
	"format": "RGBA8888",
	"size": {"w":186,"h":118},
	"scale": "1",
	"smartupdate": "$TexturePacker:SmartUpdate:aa7ee6af39f8c53245655713ef5482d8:e4fa5c9cc349293c6d81f4ea25556ceb:b2489f6b7d10447a0d6fee1c4a9f4924$"
}
}
