{"frames": [

{
	"filename": "heart",
	"frame": {"x":1,"y":1,"w":64,"h":64},
	"rotated": false,
	"trimmed": false,
	"spriteSourceSize": {"x":0,"y":0,"w":64,"h":64},
	"sourceSize": {"w":64,"h":64}
},
{
	"filename": "note1",
	"frame": {"x":66,"y":1,"w":64,"h":64},
	"rotated": false,
	"trimmed": false,
	"spriteSourceSize": {"x":0,"y":0,"w":64,"h":64},
	"sourceSize": {"w":64,"h":64}
},
{
	"filename": "note2",
	"frame": {"x":131,"y":1,"w":64,"h":64},
	"rotated": false,
	"trimmed": false,
	"spriteSourceSize": {"x":0,"y":0,"w":64,"h":64},
	"sourceSize": {"w":64,"h":64}
}],
"meta": {
	"app": "https://www.codeandweb.com/texturepacker",
	"version": "1.0",
	"image": "particles.png",
	"format": "RGBA8888",
	"size": {"w":196,"h":66},
	"scale": "1",
	"smartupdate": "$TexturePacker:SmartUpdate:b5eb11356e553749a63f195bb0417a46:9ecc1a6f277a3f343fc59f467f1fc858:767f0aa26e08023d62afa20c0c952bea$"
}
}
