{"frames": [

{
	"filename": "finger",
	"frame": {"x":1,"y":1,"w":104,"h":172},
	"rotated": false,
	"trimmed": false,
	"spriteSourceSize": {"x":0,"y":0,"w":104,"h":172},
	"sourceSize": {"w":104,"h":172}
},
{
	"filename": "ring",
	"frame": {"x":1,"y":174,"w":100,"h":100},
	"rotated": false,
	"trimmed": false,
	"spriteSourceSize": {"x":0,"y":0,"w":100,"h":100},
	"sourceSize": {"w":100,"h":100}
}],
"meta": {
	"app": "https://www.codeandweb.com/texturepacker",
	"version": "1.0",
	"image": "tutorial.png",
	"format": "RGBA8888",
	"size": {"w":106,"h":275},
	"scale": "1",
	"smartupdate": "$TexturePacker:SmartUpdate:559d93c5d1a98662307a726eb0052040:f11ee6eedc03d1a4380abf4b730fe173:79be00c7babd4ee577009a58f6978baa$"
}
}
