{"frames": [

{
	"filename": "bg",
	"frame": {"x":1,"y":1,"w":50,"h":1245},
	"rotated": false,
	"trimmed": false,
	"spriteSourceSize": {"x":0,"y":0,"w":50,"h":1245},
	"sourceSize": {"w":50,"h":1245}
},
{
	"filename": "hang_rao_gai_ngang",
	"frame": {"x":52,"y":691,"w":751,"h":140},
	"rotated": false,
	"trimmed": false,
	"spriteSourceSize": {"x":0,"y":0,"w":751,"h":140},
	"sourceSize": {"w":751,"h":140}
},
{
	"filename": "kem",
	"frame": {"x":52,"y":832,"w":69,"h":164},
	"rotated": false,
	"trimmed": false,
	"spriteSourceSize": {"x":0,"y":0,"w":69,"h":164},
	"sourceSize": {"w":69,"h":164}
},
{
	"filename": "tao_can_do",
	"frame": {"x":52,"y":997,"w":60,"h":44},
	"rotated": false,
	"trimmed": true,
	"spriteSourceSize": {"x":7,"y":7,"w":60,"h":44},
	"sourceSize": {"w":74,"h":58}
},
{
	"filename": "tao_can_do_hot",
	"frame": {"x":122,"y":885,"w":72,"h":58},
	"rotated": false,
	"trimmed": true,
	"spriteSourceSize": {"x":1,"y":0,"w":72,"h":58},
	"sourceSize": {"w":74,"h":58}
},
{
	"filename": "tien",
	"frame": {"x":122,"y":832,"w":91,"h":52},
	"rotated": false,
	"trimmed": false,
	"spriteSourceSize": {"x":0,"y":0,"w":91,"h":52},
	"sourceSize": {"w":91,"h":52}
},
{
	"filename": "xe_kem",
	"frame": {"x":542,"y":1,"w":475,"h":675},
	"rotated": false,
	"trimmed": true,
	"spriteSourceSize": {"x":7,"y":7,"w":475,"h":675},
	"sourceSize": {"w":489,"h":689}
},
{
	"filename": "xe_kem_hot",
	"frame": {"x":52,"y":1,"w":489,"h":689},
	"rotated": false,
	"trimmed": false,
	"spriteSourceSize": {"x":0,"y":0,"w":489,"h":689},
	"sourceSize": {"w":489,"h":689}
}],
"meta": {
	"app": "https://www.codeandweb.com/texturepacker",
	"version": "1.0",
	"image": "props.png",
	"format": "RGBA8888",
	"size": {"w":1018,"h":1247},
	"scale": "1",
	"smartupdate": "$TexturePacker:SmartUpdate:96fd627b0198fb3bb17e3d58b5fc610b:ae4fc6a401fb6344b64d89aff26592db:f4c39b94f5b79b4c461da96ae5609d50$"
}
}
