{"model":{"version":3,"nodes":[{"name":"RootNode","position":[0,0,0],"rotation":[0,0,0],"scale":[0.0254,0.0254,0.0254],"scaleCompensation":false},{"name":"Plane010","position":[-9458.91,1891.51,33.3893],"rotation":[-90,2.75118e-13,5.08889e-13],"scale":[39.3701,39.3701,39.3701],"scaleCompensation":false},{"name":"Armature.011","position":[-309.607,110.574,33.3372],"rotation":[-90,3.33656e-15,-71.9955],"scale":[58.0532,39.3701,58.0532],"scaleCompensation":false},{"name":"base","position":[0,0,0],"rotation":[90,-3.22639,1.22378e-06],"scale":[1,1,1],"scaleCompensation":false},{"name":"espalda","position":[0,1.00826,5.96046e-08],"rotation":[-32.2344,-90,-1.87987e-06],"scale":[1,1,1],"scaleCompensation":false},{"name":"cabeza","position":[5.96046e-08,1.23283,0],"rotation":[-16.1269,1.63893e-05,3.02893e-06],"scale":[1,1,1],"scaleCompensation":false},{"name":"trompa1","position":[-5.96046e-08,0.761731,0],"rotation":[-61.5476,6.90463e-06,4.78281e-07],"scale":[1,1,1],"scaleCompensation":false},{"name":"trompa 2","position":[-5.96046e-08,0.728536,0],"rotation":[9.98796,-6.14501e-06,-1.178e-06],"scale":[1,1,1],"scaleCompensation":false},{"name":"trompa 3","position":[5.96046e-08,0.485654,2.38419e-07],"rotation":[1.78196,-1.02612e-05,-5.30537e-07],"scale":[1,1,1],"scaleCompensation":false},{"name":"trompa 3_end","position":[2.98023e-07,0.494684,-1.19209e-06],"rotation":[0,-8.14222e-13,3.25689e-12],"scale":[1,1,1],"scaleCompensation":false},{"name":"pierna d3","position":[-4.76837e-07,0.893794,-1.07942],"rotation":[-88.79,2.34519e-05,-7.51714e-06],"scale":[1,1,1],"scaleCompensation":false},{"name":"piernaq d4","position":[1.19209e-07,0.691125,0],"rotation":[2.74775,-1.2113e-05,-1.70609e-07],"scale":[1,1,1],"scaleCompensation":false},{"name":"piernaq d4_end","position":[-5.96046e-08,0.41869,9.53674e-07],"rotation":[0,-0,3.25689e-12],"scale":[1,1,1],"scaleCompensation":false},{"name":"pierna d","position":[-4.76837e-07,1.35461,-1.09163],"rotation":[-59.2996,3.46534e-05,-1.81304e-05],"scale":[1,1,1],"scaleCompensation":false},{"name":"pierna d2","position":[-5.96046e-08,0.691126,2.38419e-07],"rotation":[2.74777,-4.40313e-05,-1.04326e-06],"scale":[1,1,1],"scaleCompensation":false},{"name":"pierna d2_end","position":[2.38419e-07,0.418689,0],"rotation":[-1.70755e-06,-0,-3.25689e-12],"scale":[1,1,1],"scaleCompensation":false},{"name":"pierna i1","position":[0.801071,1.19209e-07,0.0292597],"rotation":[-90,71.2932,180],"scale":[1,1,1],"scaleCompensation":false},{"name":"pierna i2","position":[0,0.628098,0],"rotation":[-0.599694,-90,-8.36355e-06],"scale":[1,1,1],"scaleCompensation":false},{"name":"pierna i2_end","position":[-5.96046e-08,0.59179,0],"rotation":[-1.06722e-07,2.79889e-13,1.62844e-12],"scale":[1,1,1],"scaleCompensation":false},{"name":"2.003","position":[-10393.5,1858.19,20.926],"rotation":[-90,-14.7881,-2.03225e-06],"scale":[5.18237,5.18237,5.18237],"scaleCompensation":false},{"name":"Armature.001","position":[-81.8829,33.1367,20.8136],"rotation":[-90,0,0],"scale":[14.8549,14.8549,14.8549],"scaleCompensation":false},{"name":"cadera","position":[-0.00363111,0,0.00388169],"rotation":[90,-3.38273,7.85017e-06],"scale":[1,1,1],"scaleCompensation":false},{"name":"torzo003","position":[4.76837e-07,0.524593,0],"rotation":[-101.564,-89.9999,88.3087],"scale":[1,1,1],"scaleCompensation":false},{"name":"cabeza2","position":[0,0.922091,0],"rotation":[-22.4747,4.72213e-05,3.35656e-06],"scale":[1,1,1],"scaleCompensation":false},{"name":"cabeza2_end","position":[-1.19209e-07,0.774042,-9.53674e-07],"rotation":[-3.4151e-06,-0,0],"scale":[1,1,1],"scaleCompensation":false},{"name":"brazo d1","position":[-3.57628e-07,0.606594,-0.262366],"rotation":[-149.01,6.37418e-05,3.01685e-06],"scale":[1,1,1],"scaleCompensation":false},{"name":"brazo d003","position":[0,0.498951,0],"rotation":[33.8235,3.65285e-06,-2.55709e-06],"scale":[1,1,1],"scaleCompensation":false},{"name":"mano d001","position":[1.19209e-07,0.607146,-2.38419e-07],"rotation":[49.918,2.00179e-06,-3.08014e-06],"scale":[1,1,1],"scaleCompensation":false},{"name":"mano d_end001","position":[0,0.442012,2.38419e-07],"rotation":[8.53774e-07,6.51378e-12,1.62844e-12],"scale":[1,1,1],"scaleCompensation":false},{"name":"brazo i1","position":[2.38419e-07,0.972844,0.270055],"rotation":[48.1729,6.45063e-05,7.17967e-06],"scale":[1,1,1],"scaleCompensation":false},{"name":"brazo i003","position":[0,0.498951,0],"rotation":[-150.01,-3.59722e-05,180],"scale":[1,1,1],"scaleCompensation":false},{"name":"mano i001","position":[0,0.784226,0],"rotation":[-22.8287,-3.38912e-05,-1.11506e-05],"scale":[1,1,1],"scaleCompensation":false},{"name":"mano i_end001","position":[-1.19209e-07,0.488964,-9.53674e-07],"rotation":[0,-0,6.51378e-12],"scale":[1,1,1],"scaleCompensation":false},{"name":"pelo 1","position":[-5.96046e-07,1.35395,-0.46756],"rotation":[-138.279,5.78218e-05,-3.98461e-07],"scale":[1,1,1],"scaleCompensation":false},{"name":"pelo 2","position":[0,0.464198,0],"rotation":[-141.632,-4.96326e-05,180],"scale":[1,1,1],"scaleCompensation":false},{"name":"pelo 2_end","position":[1.19209e-07,0.533249,4.76837e-07],"rotation":[-4.26887e-07,8.14222e-13,6.51378e-12],"scale":[1,1,1],"scaleCompensation":false},{"name":"pierna d 1","position":[0.236329,-0.1504,0],"rotation":[-2.73208e-05,8.19623e-05,158.765],"scale":[0.999998,1,1],"scaleCompensation":false},{"name":"pierna d004","position":[4.76837e-07,1.2607,1.19209e-07],"rotation":[40.0429,-89.9999,-5.60107e-06],"scale":[1,1,1],"scaleCompensation":false},{"name":"pie d","position":[1.19209e-07,0.858779,4.76837e-07],"rotation":[-91.1652,-2.23118e-05,180],"scale":[1,1,1],"scaleCompensation":false},{"name":"pie d_end","position":[1.19209e-07,0.501452,-2.38419e-07],"rotation":[0,3.25689e-12,8.14222e-12],"scale":[1,1,1],"scaleCompensation":false},{"name":"pierna i003","position":[-0.199218,-0.161322,-3.93391e-06],"rotation":[-2.73208e-05,5.46415e-05,155.161],"scale":[1,1,1],"scaleCompensation":false},{"name":"pierna i004","position":[-4.76837e-07,1.03074,0],"rotation":[-171.989,-89.9999,-161.199],"scale":[1,1,1],"scaleCompensation":false},{"name":"pierna i2_end001","position":[0,0.988002,4.76837e-07],"rotation":[0,5.64867e-12,-4.07111e-13],"scale":[1,1,1],"scaleCompensation":false},{"name":"vestido001","position":[0.41086,0.599827,3.57628e-07],"rotation":[154.503,-89.9999,147.808],"scale":[1,1,1],"scaleCompensation":false},{"name":"vestido_end001","position":[0,0.721191,2.38419e-07],"rotation":[8.53774e-07,6.51377e-12,1.62844e-12],"scale":[1,1,1],"scaleCompensation":false},{"name":"2.004","position":[-10291.8,1851.28,20.926],"rotation":[-8.09147e-06,1.75036e-06,-14.7881],"scale":[5.18237,5.18237,5.18237],"scaleCompensation":false},{"name":"Armature","position":[95.2118,35.0808,20.8734],"rotation":[-90,-3.01633e-07,4.38825],"scale":[7.74407,7.74406,7.74407],"scaleCompensation":false},{"name":"cintura","position":[0.0388184,0,-0.262368],"rotation":[90,2.84004,-4.38093e-06],"scale":[1,1,1],"scaleCompensation":false},{"name":"torzo004","position":[0,1.52664,0],"rotation":[-25.3387,90,0],"scale":[1,1,1],"scaleCompensation":false},{"name":"cabeza003","position":[0,0.935829,0],"rotation":[1.30541,1.38347e-05,7.00874e-07],"scale":[1,1,1],"scaleCompensation":false},{"name":"cabeza_end001","position":[0,1.22515,0],"rotation":[1.70755e-06,-4.58e-13,-4.07111e-13],"scale":[1,1,1],"scaleCompensation":false},{"name":"brazo d004","position":[-4.76837e-07,0.762917,0.596751],"rotation":[75.189,-1.56914e-05,6.63423e-05],"scale":[1,1,1],"scaleCompensation":false},{"name":"antebrazo d","position":[0,1.22515,0],"rotation":[-60.5112,-4.11889e-05,-4.91946e-05],"scale":[1,1,1],"scaleCompensation":false},{"name":"mano d002","position":[-2.38419e-07,1.71398,0],"rotation":[-43.4607,-5.46353e-05,-1.78241e-06],"scale":[1,1,1],"scaleCompensation":false},{"name":"mano d_end002","position":[2.38419e-07,0.972774,0],"rotation":[-1.70755e-06,2.44267e-12,1.62844e-12],"scale":[1,1,1],"scaleCompensation":false},{"name":"brazo i004","position":[4.76837e-07,0.302217,-0.716298],"rotation":[-114.484,-9.88464e-05,-0.000144236],"scale":[1,1,1],"scaleCompensation":false},{"name":"antebrazo i","position":[4.76837e-07,1.22515,0],"rotation":[14.9869,-0.000145173,3.45459e-06],"scale":[1,1,1],"scaleCompensation":false},{"name":"mano i002","position":[-2.38419e-07,1.15604,2.38419e-07],"rotation":[34.9341,-7.75606e-06,3.91355e-06],"scale":[1,1,1],"scaleCompensation":false},{"name":"mano i_end002","position":[0,0.774177,-4.76837e-07],"rotation":[-1.06722e-07,-8.14222e-13,-4.83444e-13],"scale":[1,1,1],"scaleCompensation":false},{"name":"pierna i","position":[-0.544205,-0.485307,7.15256e-07],"rotation":[-9.54524e-06,4.61517e-05,174.022],"scale":[0.999977,1,1],"scaleCompensation":false},{"name":"pierna 2 i","position":[-9.53674e-07,2.56723,-2.38419e-07],"rotation":[34.8262,90,0],"scale":[1,1,1],"scaleCompensation":false},{"name":"pie i","position":[0,1.17662,0],"rotation":[-125.382,3.59722e-05,-180],"scale":[1,1,1],"scaleCompensation":false},{"name":"pie i_end","position":[-4.76837e-07,0.924517,0],"rotation":[0,8.14222e-13,-2.44267e-12],"scale":[1,1,1],"scaleCompensation":false},{"name":"pierna d005","position":[0.310903,-0.522053,7.15256e-07],"rotation":[-8.80164e-06,1.14498e-05,177.513],"scale":[0.99992,1,1],"scaleCompensation":false},{"name":"pierna 2 d","position":[0,2.70894,-2.38419e-07],"rotation":[-6.75983,89.9999,8.94786e-07],"scale":[1,1,1],"scaleCompensation":false},{"name":"pie d001","position":[-2.38419e-07,1.20357,0],"rotation":[-102.522,-2.23118e-05,-180],"scale":[1,1,1],"scaleCompensation":false},{"name":"pie d_end001","position":[2.38419e-07,0.930824,1.19209e-07],"rotation":[8.53773e-07,-0,1.832e-12],"scale":[1,1,1],"scaleCompensation":false},{"name":"2.008","position":[-9827.33,1855.72,20.926],"rotation":[-8.14812e-06,1.96493e-06,-14.7881],"scale":[5.18237,5.18237,5.18237],"scaleCompensation":false},{"name":"Armature.005","position":[30.7323,28.6232,20.6984],"rotation":[90,-7.01671e-15,-180],"scale":[10.9573,10.9573,10.9573],"scaleCompensation":false},{"name":"Bone001","position":[-0.138797,0,0.120291],"rotation":[90,31.0131,-1.49044e-07],"scale":[1,1,1],"scaleCompensation":false},{"name":"Bone.022","position":[0,1.11934,3.69549e-06],"rotation":[-11.7019,89.9999,15.5065],"scale":[1,1,1],"scaleCompensation":false},{"name":"Bone.023","position":[0,1.24766,0],"rotation":[5.27472,0.000302018,3.42935e-05],"scale":[1,1,1],"scaleCompensation":false},{"name":"Bone.002_end001","position":[0,0.953253,0],"rotation":[0,-6.92089e-12,0],"scale":[1,1,1],"scaleCompensation":false},{"name":"Bone.024","position":[5.96046e-07,0.882807,-0.328655],"rotation":[-123.68,-0.000281385,-0.000298871],"scale":[1,1,1],"scaleCompensation":false},{"name":"Bone.025","position":[0,0.972779,0],"rotation":[5.87756,-0.000362431,-7.92066e-06],"scale":[1,1,1],"scaleCompensation":false},{"name":"Bone.026","position":[-1.19209e-07,0.758923,0],"rotation":[46.3084,1.41046e-05,2.04816e-05],"scale":[1,1,1],"scaleCompensation":false},{"name":"Bone.010_end","position":[0,0.507148,1.19209e-07],"rotation":[1.70755e-06,3.25689e-12,-6.51378e-12],"scale":[1,1,1],"scaleCompensation":false},{"name":"Bone.027","position":[-4.76837e-07,1.01353,0.509777],"rotation":[164.948,-0.000402088,8.45387e-05],"scale":[1,1,1],"scaleCompensation":false},{"name":"Bone.028","position":[-1.19209e-07,0.972778,-5.96046e-08],"rotation":[-33.5437,0.000326892,180],"scale":[1,1,1],"scaleCompensation":false},{"name":"Bone.029","position":[0,0.922542,0],"rotation":[38.177,-4.56149e-06,-8.40584e-06],"scale":[1,1,1],"scaleCompensation":false},{"name":"Bone.013_end","position":[-1.19209e-07,0.552506,0],"rotation":[0,-3.664e-12,3.25689e-12],"scale":[1,1,1],"scaleCompensation":false},{"name":"Bone.030","position":[-0.501674,0,-0.00607848],"rotation":[-90,4.59301,-180],"scale":[1,1,1],"scaleCompensation":false},{"name":"Bone.031","position":[0,1.52821,-1.19209e-07],"rotation":[179.145,89.9998,175.408],"scale":[1,1,1],"scaleCompensation":false},{"name":"Bone.004_end","position":[0,1.66099,0],"rotation":[0,9.79929e-12,0],"scale":[1,1,1],"scaleCompensation":false},{"name":"Bone.032","position":[0.19984,-1.19209e-07,-0.0771027],"rotation":[-90,9.48892,-180],"scale":[1,1,1],"scaleCompensation":false},{"name":"Bone.033","position":[0,1.44607,-1.19209e-06],"rotation":[107.585,-90,-94.7444],"scale":[1,1,1],"scaleCompensation":false},{"name":"Bone.034","position":[1.19209e-07,1.4683,2.38419e-07],"rotation":[29.3308,1.29447e-06,-6.63871e-06],"scale":[1,1,1],"scaleCompensation":false},{"name":"Bone.007_end","position":[-2.38419e-07,0.561027,0],"rotation":[0,-0,-4.07111e-12],"scale":[1,1,1],"scaleCompensation":false},{"name":"Bone.035","position":[-0.138797,0,0.120291],"rotation":[23.4238,0.0652386,88.7697],"scale":[1,1,1],"scaleCompensation":false},{"name":"Bone.014_end001","position":[0.000976562,0.693272,-3.02792e-05],"rotation":[0,7.33712e-08,7.17036e-08],"scale":[1,1,1],"scaleCompensation":false},{"name":"Bone.015","position":[-0.138797,0,0.120291],"rotation":[6.34019,3.01393e-07,-90],"scale":[1,1,1],"scaleCompensation":false},{"name":"Bone.015_end","position":[1.19209e-07,0.586473,-3.57628e-06],"rotation":[0,6.88094e-06,-5.1525e-13],"scale":[1,1,1],"scaleCompensation":false},{"name":"2.002","position":[-9893.12,1850.83,20.926],"rotation":[-90,-14.7881,-2.03225e-06],"scale":[5.18237,5.18237,5.18237],"scaleCompensation":false},{"name":"Armature.006","position":[-27.2862,27.7215,20.7414],"rotation":[-90,-180,0],"scale":[8.0504,8.0504,8.0504],"scaleCompensation":false},{"name":"Bone002","position":[0,0,0],"rotation":[90,7.98583,2.46809e-06],"scale":[1,1,1],"scaleCompensation":false},{"name":"Bone.036","position":[0,1.31162,2.38419e-07],"rotation":[-14.1898,90,1.29192],"scale":[1,1,1],"scaleCompensation":false},{"name":"Bone.037","position":[2.38419e-07,1.39673,4.76837e-07],"rotation":[-6.339,-5.62545e-06,-3.08297e-06],"scale":[1,1,1],"scaleCompensation":false},{"name":"Bone.002_end002","position":[2.38419e-07,1.00583,4.76837e-07],"rotation":[0,2.13733e-12,-8.14222e-13],"scale":[1,1,1],"scaleCompensation":false},{"name":"Bone.038","position":[0,1.31606,0.359255],"rotation":[45.194,3.71078e-05,7.58979e-05],"scale":[1,1,1],"scaleCompensation":false},{"name":"Bone.039","position":[-2.38419e-07,1.04417,-2.38419e-07],"rotation":[-49.9494,-7.54972e-05,-3.66235e-05],"scale":[1,1,1],"scaleCompensation":false},{"name":"Bone.040","position":[2.38419e-07,1.08766,4.76837e-07],"rotation":[-57.5971,-4.58014e-05,-3.21833e-06],"scale":[1,1,1],"scaleCompensation":false},{"name":"Bone.005_end001","position":[-2.38419e-07,0.705204,-1.90735e-06],"rotation":[0,-6.10667e-13,-5.52144e-12],"scale":[1,1,1],"scaleCompensation":false},{"name":"Bone.041","position":[-0.321711,0,-0.25906],"rotation":[-90,22.3038,-180],"scale":[1,1,1],"scaleCompensation":false},{"name":"Bone.042","position":[4.76837e-07,1.87494,0],"rotation":[40.4997,89.9999,2.56935e-06],"scale":[1,1,1],"scaleCompensation":false},{"name":"Bone.043","position":[2.38419e-07,1.9886,2.38419e-07],"rotation":[-82.7847,3.05878e-05,-180],"scale":[1,1,1],"scaleCompensation":false},{"name":"Bone.008_end001","position":[-4.76837e-07,0.59692,2.98023e-08],"rotation":[0,1.62844e-12,7.73511e-12],"scale":[1,1,1],"scaleCompensation":false},{"name":"Bone.044","position":[0.984834,0,-2.14917],"rotation":[-90,-8.94772,180],"scale":[1,1,1],"scaleCompensation":false},{"name":"Bone.009_end","position":[3.8147e-06,1.15914,0],"rotation":[-4.07111e-13,2.54444e-12,-8.53774e-07],"scale":[1,1,1],"scaleCompensation":false},{"name":"Bone.045","position":[0.40228,0,0.981292],"rotation":[-90,48.5007,-180],"scale":[1,1,1],"scaleCompensation":false},{"name":"Bone.046","position":[0,0.90669,0],"rotation":[59.3594,-90,-6.27267e-06],"scale":[1,1,1],"scaleCompensation":false},{"name":"Bone.011_end001","position":[2.38419e-07,0.68917,0],"rotation":[0,-0,-2.64622e-12],"scale":[1,1,1],"scaleCompensation":false},{"name":"Armature.019","position":[319.319,110.574,33.3372],"rotation":[90,-2.67408e-06,-108.004],"scale":[58.0532,39.3701,58.0532],"scaleCompensation":false},{"name":"base002","position":[0,0,0],"rotation":[90,-3.22639,1.22378e-06],"scale":[1,1,1],"scaleCompensation":false},{"name":"espalda002","position":[0,1.00826,5.96046e-08],"rotation":[-32.2344,-90,-1.87987e-06],"scale":[1,1,1],"scaleCompensation":false},{"name":"cabeza010","position":[5.96046e-08,1.23283,0],"rotation":[-16.1269,1.63893e-05,3.02893e-06],"scale":[1,1,1],"scaleCompensation":false},{"name":"trompa003","position":[0,0.761731,0],"rotation":[-61.5476,6.90463e-06,4.78282e-07],"scale":[1,1,1],"scaleCompensation":false},{"name":"trompa 006","position":[0,0.728536,-2.38419e-07],"rotation":[9.98796,-6.14501e-06,-1.178e-06],"scale":[1,1,1],"scaleCompensation":false},{"name":"trompa 007","position":[0,0.485655,0],"rotation":[1.78196,-1.02612e-05,-5.30537e-07],"scale":[1,1,1],"scaleCompensation":false},{"name":"trompa 3_end002","position":[2.38419e-07,0.494684,-9.53674e-07],"rotation":[0,-0,3.25689e-12],"scale":[1,1,1],"scaleCompensation":false},{"name":"pierna d013","position":[-5.36442e-07,1.35461,-1.09163],"rotation":[-59.2996,3.46534e-05,-1.81304e-05],"scale":[1,1,1],"scaleCompensation":false},{"name":"pierna d014","position":[5.96046e-08,0.691126,2.38419e-07],"rotation":[2.74777,-4.40313e-05,-1.04326e-06],"scale":[1,1,1],"scaleCompensation":false},{"name":"pierna d2_end002","position":[2.38419e-07,0.418689,0],"rotation":[-1.70755e-06,1.62844e-12,-3.25689e-12],"scale":[1,1,1],"scaleCompensation":false},{"name":"pierna d015","position":[-3.57628e-07,0.893794,-1.07942],"rotation":[-88.79,2.34519e-05,-7.51714e-06],"scale":[1,1,1],"scaleCompensation":false},{"name":"piernaq d006","position":[0,0.691125,4.76837e-07],"rotation":[2.74775,-1.2113e-05,-1.70609e-07],"scale":[1,1,1],"scaleCompensation":false},{"name":"piernaq d4_end002","position":[-5.96046e-08,0.41869,9.53674e-07],"rotation":[0,-4.07111e-13,0],"scale":[1,1,1],"scaleCompensation":false},{"name":"pierna i011","position":[0.801071,5.96046e-08,0.0292597],"rotation":[-90,71.2932,180],"scale":[1,1,1],"scaleCompensation":false},{"name":"pierna i012","position":[0,0.628098,0],"rotation":[-0.599703,-90,0],"scale":[1,1,1],"scaleCompensation":false},{"name":"pierna i2_end003","position":[-5.96046e-08,0.59179,0],"rotation":[-1.06722e-07,1.90833e-12,1.62844e-12],"scale":[1,1,1],"scaleCompensation":false},{"name":"Plane074","position":[-9458.91,1891.51,33.3893],"rotation":[-90,2.75118e-13,5.08889e-13],"scale":[39.3701,39.3701,39.3701],"scaleCompensation":false}],"parents":[-1,0,0,2,3,4,5,6,7,8,4,10,11,4,13,14,2,16,17,0,0,20,21,22,23,22,25,26,27,22,29,30,31,22,33,34,21,36,37,38,21,40,41,40,43,0,0,46,47,48,49,48,51,52,53,48,55,56,57,47,59,60,61,47,63,64,65,0,0,68,69,70,71,70,73,74,75,70,77,78,79,68,81,82,68,84,85,86,68,88,68,90,0,0,93,94,95,96,95,98,99,100,93,102,103,104,93,106,93,108,109,0,111,112,113,114,115,116,117,113,119,120,113,122,123,111,125,126,0],"skins":[{"inverseBindMatrices":[[0.00919802,0.0236761,3.46986e-09,0,-4.03811e-09,-2.15373e-09,0.0254,0,0.0236761,-0.00919802,2.98411e-09,0,-3.52834,-7.30431,-1.8771,1],[5.73932e-09,0.024933,0.00484809,0,0.0254,-5.63381e-09,-1.09546e-09,0,-4.23795e-16,0.00484809,-0.024933,0,-1.87711,-8.91334,-1.44926,1],[-0.0253981,-0.000311315,1.68537e-09,0,1.7603e-09,-6.10281e-09,0.0254,0,-0.000311315,0.0253981,6.12393e-09,0,8.37819,-1.29399,-1.8771,1],[6.184e-09,-0.00432049,0.0250299,0,0.0254,1.05189e-09,-6.09388e-09,0,-2.93994e-16,0.0250299,0.00432049,0,-1.87711,0.162664,-9.81276,1],[7.3767e-09,-0.000577124,0.0253934,0,0.0254,1.67609e-10,-7.37479e-09,0,-2.56195e-17,0.0253934,0.000577124,0,-1.87711,-1.8343,-8.39784,1],[1.30206e-08,0.00856091,0.0239138,0,0.0254,-4.3885e-09,-1.22587e-08,0,2.8655e-16,0.0239138,-0.00856091,0,-1.87711,-4.93478,-9.01148,1],[1.6989e-09,0.0226052,0.0115829,0,0.0254,-1.51197e-09,-7.74729e-10,0,5.97641e-17,0.0115829,-0.0226052,0,-1.8771,-9.34435,-4.2105,1],[4.56705e-09,0.000585996,0.0253932,0,0.0254,-1.05365e-10,-4.56584e-09,0,-3.0189e-16,0.0253932,-0.000585996,0,-1.87711,-1.11291,-10.8914,1],[4.70637e-09,-0.00311562,0.0252082,0,0.0254,5.77293e-10,-4.67083e-09,0,-3.49507e-16,0.0252082,0.00311562,0,-1.8771,-0.998266,-9.77615,1],[7.8535e-09,0.00969748,0.0234759,0,0.0254,-2.99839e-09,-7.25859e-09,0,-5.58624e-16,0.0234759,-0.00969748,0,-1.87711,-6.05145,-8.73141,1],[4.31528e-09,0.00498135,0.0249068,0,0.0254,-8.46296e-10,-4.23148e-09,0,8.34583e-17,0.0249067,-0.00498135,0,-1.8771,-3.70255,-10.407,1],[6.85028e-09,0.00575344,0.0247398,0,0.0254,-1.55168e-09,-6.67223e-09,0,-7.64919e-16,0.0247398,-0.00575344,0,-1.87711,-4.5098,-10.2717,1]],"boneNames":["base","espalda","pierna i1","pierna d3","pierna i2","pierna d","cabeza","trompa1","piernaq d4","pierna d2","trompa 2","trompa 3"]},{"inverseBindMatrices":[[0.0672004,-0.00397211,8.76725e-09,0,-9.26801e-09,-8.21298e-09,0.0673177,0,-0.00397211,-0.0672004,-8.74553e-09,0,4.5935,1.49775,-2.72773,1],[6.63512e-08,0.0115423,-0.0663208,0,0.0673177,-1.13766e-08,6.53686e-08,0,-1.09821e-15,-0.0663208,-0.0115423,0,-2.72773,2.00053,-4.24797,1],[1.51561e-08,0.0242529,0.0627971,0,0.0673177,-5.46038e-09,-1.41383e-08,0,8.45485e-16,0.062797,-0.0242529,0,-2.72773,0.857166,4.13441,1],[1.42007e-08,0.0360185,-0.0568713,0,0.0673177,-7.59812e-09,1.1997e-08,0,-1.76129e-15,-0.0568713,-0.0360185,0,-2.72773,2.62042,-3.51306,1],[1.27715e-08,-0.0417223,-0.0528292,0,0.0673177,7.91556e-09,1.00228e-08,0,-1.5793e-15,-0.0528292,0.0417223,0,-2.72773,-2.6813,-3.77879,1],[1.19302e-08,0.0551034,0.038669,0,0.0673177,-9.76558e-09,-6.85303e-09,0,5.49569e-16,0.038669,-0.0551034,0,-2.72773,2.59895,3.23529,1],[1.1453e-08,0.0650667,-0.0172626,0,0.0673177,-1.107e-08,2.93694e-09,0,-1.39269e-15,-0.0172626,-0.0650667,0,-2.72773,3.75789,0.559173,1],[-0.0640764,-0.0206375,-9.35689e-08,0,-9.3219e-08,-1.57836e-08,0.0673177,0,-0.0206375,0.0640763,-1.35544e-08,0,-3.46413,-3.11429,-2.72774,1],[-0.0626523,-0.0246243,-6.72657e-08,0,-6.61463e-08,-1.55922e-08,0.0673177,0,-0.0246243,0.0626523,-9.68423e-09,0,-3.65176,-3.51863,-2.72773,1],[1.10132e-07,-0.0664458,0.0107989,0,0.0673177,1.08705e-07,-1.76669e-08,0,-1.97813e-16,0.0107989,0.0664459,0,-2.72772,-5.59558,-1.46834,1],[1.71048e-08,0.0254249,0.0623318,0,0.0673177,-6.46025e-09,-1.5838e-08,0,-2.17386e-16,0.0623318,-0.025425,0,-2.72773,-1.12064,5.46672,1],[1.01207e-07,0.00641595,0.0670112,0,0.0673177,-9.64591e-09,-1.00747e-07,0,-1.35787e-15,0.0670113,-0.00641594,0,-2.72772,-2.40257,5.316,1],[3.87555e-09,-0.061802,-0.0266871,0,-0.0673177,-3.558e-09,-1.53641e-09,0,-2.12368e-16,0.0266872,-0.0618019,0,2.72773,-5.50584,1.86785,1],[7.03698e-08,-0.00972968,0.0666108,0,-0.0673177,-1.01708e-08,6.96309e-08,0,1.08891e-15,-0.0666109,-0.00972968,0,2.72774,-0.865643,4.8625,1],[2.88833e-08,-0.034811,0.0576183,0,-0.0673177,-1.4936e-08,2.47217e-08,0,-1.16202e-16,-0.0576183,-0.034811,0,2.72773,-3.40717,3.84151,1],[1.55639e-08,0.0355213,0.0571831,0,0.0673177,-8.21253e-09,-1.32208e-08,0,-8.91623e-16,0.0571831,-0.0355213,0,-2.72773,2.03325,3.25198,1],[7.3579e-08,-0.0076437,-0.0668823,0,-0.0673177,-8.35464e-09,-7.31031e-08,0,4.86841e-15,0.0668823,-0.00764369,0,2.72773,-0.78832,-3.52361,1]],"boneNames":["cadera","torzo003","brazo d1","cabeza2","brazo i1","brazo d003","mano d001","pierna d 1","pierna i003","vestido001","pierna d004","pierna i004","pie d","brazo i003","mano i001","pelo 1","pelo 2"]},{"inverseBindMatrices":[[0.129084,-0.00348888,-1.03429e-08,0,0.00348888,0.129084,-6.27979e-09,0,1.05088e-08,5.99805e-09,0.129131,0,-0.575379,-4.61097,-2.6954,1],[6.82717e-08,-0.0583972,0.115172,0,-3.64773e-24,0.115172,0.0583972,0,-0.129131,-3.08746e-08,6.08916e-08,0,2.6954,-5.30089,-3.14673,1],[2.78994e-07,-0.0801778,-0.101224,0,-2.03708e-07,-0.101224,0.0801778,0,-0.129131,-1.35438e-08,-3.45182e-07,0,2.69542,4.55163,-4.0724,1],[-0.129124,-0.00211612,-3.65006e-08,0,0.00211629,-0.129114,-2.75234e-08,0,-3.60476e-08,-2.81178e-08,0.129131,0,0.708063,4.12353,-2.6954,1],[-0.128748,-0.00997499,-1.15717e-07,0,0.00997521,-0.128745,-1.97831e-08,0,-1.13846e-07,-2.86628e-08,0.129131,0,-0.398716,4.10647,-2.6954,1],[6.70592e-08,0.0130975,-0.128475,0,-0,-0.128465,-0.0130985,0,-0.129131,6.80166e-09,-6.67186e-08,0,2.6954,1.32141,0.869683,1],[9.90452e-08,-0.0557582,0.116473,0,-0,0.116473,0.0557582,0,-0.129131,-4.27672e-08,8.9336e-08,0,2.69541,-6.30679,-3.00383,1],[1.6954e-07,0.0964173,0.0858985,0,-1.45909e-23,0.0858985,-0.0964173,0,-0.129131,1.26589e-07,1.12779e-07,0,2.6954,-5.16921,4.90538,1],[1.82788e-08,-0.0817142,-0.0999902,0,-1.82391e-24,-0.0999896,0.0817146,0,-0.129131,-1.15668e-08,-1.41538e-08,0,2.69541,1.03586,-1.20635,1],[1.24093e-07,-0.0273087,0.12621,0,3.64773e-24,0.12621,0.0273087,0,-0.129131,-2.62432e-08,1.21286e-07,0,2.6954,-7.41754,-3.15129,1],[1.41232e-08,-0.106637,0.072825,0,-2.7358e-24,0.072825,0.106637,0,-0.129131,-1.16629e-08,7.96491e-09,0,2.69541,-4.46045,-8.56852,1],[1.02535e-07,0.0342097,0.12452,0,-0,-0.124518,0.0342103,0,0.129131,-2.71639e-08,-9.88738e-08,0,-2.6954,0.902039,0.813255,1],[6.05127e-08,0.128259,0.0150691,0,-9.12006e-25,-0.0150702,0.128249,0,0.129131,-6.01039e-08,-7.06158e-09,0,-2.69541,-0.82342,-0.303587,1],[1.93433e-08,-0.103958,-0.0766005,0,-0,-0.0766005,0.103958,0,-0.129131,-1.55725e-08,-1.14745e-08,0,2.69541,2.13817,-4.80845,1],[3.46989e-09,-0.12909,-0.00326812,0,-0,-0.00326812,0.12909,0,-0.129131,-3.46878e-09,-8.78178e-11,0,2.6954,-1.94832,-4.50443,1]],"boneNames":["cintura","torzo004","brazo i004","pierna d005","pierna i","pierna 2 d","cabeza003","brazo d004","pierna 2 i","antebrazo d","mano d002","pie i","pie d001","antebrazo i","mano i002"]},{"inverseBindMatrices":[[3.66507e-07,-0.0707859,-0.0576045,0,-4.5147e-07,-0.0576045,0.0707859,0,-0.091263,6.9203e-10,-5.81509e-07,0,1.88903,2.52646,-4.81464,1],[4.89635e-07,0.0306131,-0.0859754,0,1.76838e-07,-0.0859753,-0.0306132,0,-0.091263,-2.34986e-09,-5.20585e-07,0,1.88899,5.318,1.61685,1],[2.095e-08,0.0864516,-0.029241,0,1.2877e-24,0.029241,0.0864516,0,0.091263,-1.98455e-08,6.71246e-09,0,-1.88899,-1.5787,-4.3714,1],[1.12268e-08,0.0907048,-0.0100783,0,1.60962e-25,0.0100783,0.0907048,0,0.091263,-1.11581e-08,1.23979e-09,0,-1.88899,0.665906,-3.53719,1],[1.47391e-08,-0.0849994,0.033227,0,-6.43849e-25,0.033227,0.0849994,0,-0.091263,-1.37275e-08,5.3662e-09,0,1.889,-3.4109,-3.71609,1],[0.00195947,-0.0837217,0.0362734,0,-0.000103925,0.0362797,0.0837419,0,-0.0912418,-0.00183929,0.000683608,0,1.91507,-2.29572,-2.7542,1],[-0.0909699,0.00730829,6.43889e-08,0,-0.00730829,-0.0909698,-4.8679e-09,0,6.37923e-08,-1.00085e-08,0.0912629,0,-1.14527,3.41834,-1.88899,1],[-6.16027e-07,-0.00433611,0.0911599,0,-2.74624e-08,0.0911599,0.00433611,0,-0.091263,1.83748e-09,-6.16636e-07,0,1.88899,-5.75943,0.520319,1],[2.21742e-07,0.00192919,-0.0912425,0,6.29702e-09,-0.0912425,-0.00192919,0,-0.0912629,-1.60826e-09,-2.21825e-07,0,1.889,1.81928,-1.25477,1],[-0.0900142,0.0150453,4.22996e-08,0,-0.0150453,-0.0900143,-3.72921e-09,0,4.1106e-08,-1.06515e-08,0.091263,0,-0.169148,3.31791,-1.88899,1],[2.18429e-08,0.0346732,0.0844198,0,1.2877e-24,-0.0844198,0.0346732,0,0.091263,-8.2987e-09,-2.02051e-08,0,-1.88899,1.86255,-0.251049,1],[3.13001e-08,0.0498864,-0.0764217,0,-0,0.0764217,0.0498864,0,0.091263,-1.71093e-08,2.621e-08,0,-1.889,-4.66817,-1.89038,1],[4.34777e-08,-0.0346902,0.0844128,0,-0,0.0844128,0.0346902,0,-0.091263,-1.65264e-08,4.02143e-08,0,1.889,-5.56741,0.448074,1],[1.9259e-08,0.0715814,0.0566129,0,1.2877e-24,-0.0566129,0.0715814,0,0.091263,-1.51057e-08,-1.19469e-08,0,-1.88899,0.220736,-0.411992,1]],"boneNames":["Bone.024","Bone.027","Bone.028","Bone.015","Bone.025","Bone.035","Bone.030","Bone.023","Bone.031","Bone.032","Bone.033","Bone.029","Bone.026","Bone.034"]},{"inverseBindMatrices":[[-0.114924,0.0471426,4.92223e-08,0,4.25726e-08,-2.59138e-08,0.124217,0,0.0471426,0.114924,7.81798e-09,0,-38.3041,12.5661,-4.10962,1],[-0.122706,-0.0193199,1.89332e-08,0,2.31373e-08,-2.52197e-08,0.124217,0,-0.0193199,0.122706,2.85114e-08,0,-37.6808,-10.7931,-4.10963,1],[0.123013,0.0172573,2.49301e-09,0,-3.03677e-09,3.70197e-09,0.124217,0,0.0172573,-0.123013,4.08796e-09,0,39.1305,8.16754,-4.10963,1],[8.46833e-08,-0.0162047,0.123156,0,-0.124217,-1.10473e-08,8.39596e-08,0,-1.13277e-15,-0.123156,-0.0162047,0,4.10966,-3.83789,39.5408,1],[-0.0823078,0.0930344,3.41263e-08,0,2.22118e-08,-2.59138e-08,0.124217,0,0.0930344,0.0823078,5.3489e-10,0,-27.4135,28.4647,-4.10962,1],[1.06488e-08,0.118231,-0.0380967,0,0.124217,-1.01356e-08,3.26592e-09,0,-5.45422e-16,-0.0380967,-0.118231,0,-4.10963,37.631,-9.73903,1],[6.00129e-08,-0.038789,-0.118006,0,-0.124217,-1.874e-08,-5.70119e-08,0,3.15202e-15,0.118006,-0.038789,0,4.10965,-16.7467,-36.0702,1],[2.60051e-08,0.121943,0.0236606,0,0.124217,-2.5529e-08,-4.95338e-09,0,-1.9675e-15,0.0236606,-0.121943,0,-4.10962,38.1376,14.0566,1],[7.08509e-08,-0.0297034,0.120614,0,-0.124217,-1.69422e-08,6.87954e-08,0,7.11007e-16,-0.120614,-0.0297034,0,4.10966,-9.56835,38.7211,1],[-1.82718e-07,0.0810574,0.0941258,0,-0.124217,1.38898e-08,-2.53094e-07,0,-1.7568e-07,-0.0941258,0.0810574,0,4.10958,25.7891,29.9446,1],[1.0256e-07,-0.0263587,0.121389,0,-0.124217,-2.1763e-08,1.00224e-07,0,4.83099e-15,-0.121389,-0.0263587,0,4.10967,-9.05626,37.8201,1],[2.72127e-08,-0.116613,0.0427938,0,-0.124217,-2.55469e-08,9.37499e-09,0,1.17831e-15,-0.0427938,-0.116613,0,4.10964,-37.3674,11.7021,1]],"boneNames":["Bone.041","Bone.044","Bone002","Bone.036","Bone.045","Bone.046","Bone.042","Bone.043","Bone.037","Bone.038","Bone.039","Bone.040"]},{"inverseBindMatrices":[[0.00919802,0.0236761,3.46986e-09,0,-4.03811e-09,-2.15373e-09,0.0254,0,0.0236761,-0.00919802,2.98411e-09,0,-3.52834,-7.30431,-1.8771,1],[5.73932e-09,0.024933,0.00484809,0,0.0254,-5.63381e-09,-1.09546e-09,0,-4.23795e-16,0.00484809,-0.024933,0,-1.87711,-8.91334,-1.44926,1],[-0.0253981,-0.000311315,1.68537e-09,0,1.7603e-09,-6.10281e-09,0.0254,0,-0.000311315,0.0253981,6.12393e-09,0,8.37819,-1.29399,-1.8771,1],[6.184e-09,-0.00432049,0.0250299,0,0.0254,1.05189e-09,-6.09388e-09,0,-2.93994e-16,0.0250299,0.00432049,0,-1.87711,0.162664,-9.81276,1],[7.3767e-09,-0.000577124,0.0253934,0,0.0254,1.67609e-10,-7.37479e-09,0,-2.56195e-17,0.0253934,0.000577124,0,-1.87711,-1.8343,-8.39784,1],[1.30206e-08,0.00856091,0.0239138,0,0.0254,-4.3885e-09,-1.22587e-08,0,2.8655e-16,0.0239138,-0.00856091,0,-1.87711,-4.93478,-9.01148,1],[1.6989e-09,0.0226052,0.0115829,0,0.0254,-1.51197e-09,-7.74729e-10,0,5.97641e-17,0.0115829,-0.0226052,0,-1.8771,-9.34435,-4.2105,1],[4.56705e-09,0.000585996,0.0253932,0,0.0254,-1.05365e-10,-4.56584e-09,0,-3.0189e-16,0.0253932,-0.000585996,0,-1.87711,-1.11291,-10.8914,1],[4.70637e-09,-0.00311562,0.0252082,0,0.0254,5.77293e-10,-4.67083e-09,0,-3.49507e-16,0.0252082,0.00311562,0,-1.8771,-0.998266,-9.77615,1],[7.8535e-09,0.00969748,0.0234759,0,0.0254,-2.99839e-09,-7.25859e-09,0,-5.58624e-16,0.0234759,-0.00969748,0,-1.87711,-6.05145,-8.73141,1],[4.31528e-09,0.00498135,0.0249068,0,0.0254,-8.46296e-10,-4.23148e-09,0,8.34583e-17,0.0249067,-0.00498135,0,-1.8771,-3.70255,-10.407,1],[6.85028e-09,0.00575344,0.0247398,0,0.0254,-1.55168e-09,-6.67223e-09,0,-7.64919e-16,0.0247398,-0.00575344,0,-1.87711,-4.5098,-10.2717,1]],"boneNames":["base002","espalda002","pierna i011","pierna d015","pierna i012","pierna d013","cabeza010","trompa003","piernaq d006","pierna d014","trompa 006","trompa 007"]}],"morphs":[],"vertices":[{"position":{"type":"float32","components":3,"data":[351.874,73.9537,-7.70751,368.973,73.9537,73.5533,394.567,73.9537,1.44516,349.134,73.9537,75.1856,309.246,73.9537,58.3777,304.319,73.9537,15.5069,317.184,73.9537,88.7966,341.264,73.9537,89.9804,313.975,73.9537,107.203,345.775,73.9537,107.284,390.77,73.9537,78.3178,415.997,73.9537,1.43046,407.9,73.9537,54.3576,420.293,73.9537,57.9792,386.341,73.9537,88.9687,367.852,73.9537,88.9834,385.169,73.9537,105.971,362.82,73.9537,106.904,305.99,73.9537,65.5994,299.224,73.9537,61.058,401.837,73.9537,106.538,416.52,73.9537,84.8233,398.209,73.9537,90.273,426.03,73.9537,105.316,436.379,73.9537,15.5811,439.022,73.9537,61.2849,437.992,73.9537,77.3869,426.617,73.9537,83.2719,433.712,73.9537,95.3301,444.536,73.9537,94.7757,432.793,73.9537,100.183,438.654,73.9537,108.451,292.607,73.9537,77.6011,299.372,73.9537,82.1426,351.874,73.7634,-7.70751,368.973,73.7634,73.5533,349.134,73.7634,75.1856,394.567,73.7634,1.44516,309.246,73.7634,58.3777,304.319,73.7634,15.5069,317.184,73.7634,88.7966,341.264,73.7634,89.9804,313.975,73.7634,107.203,345.775,73.7634,107.284,415.997,73.7634,1.43046,390.77,73.7634,78.3178,420.293,73.7634,57.9792,407.9,73.7634,54.3576,386.341,73.7634,88.9687,367.852,73.7634,88.9834,385.169,73.7634,105.971,362.82,73.7634,106.904,299.224,73.7634,61.058,305.99,73.7634,65.5994,401.837,73.7634,106.538,416.52,73.7634,84.8233,426.03,73.7634,105.316,398.209,73.7634,90.273,436.379,73.7634,15.5811,439.022,73.7634,61.2849,437.992,73.7634,77.3869,426.617,73.7634,83.2719,433.712,73.7634,95.3301,444.536,73.7634,94.7757,438.654,73.7634,108.451,432.793,73.7634,100.183,292.607,73.7634,77.6011,299.372,73.7634,82.1426]},"normal":{"type":"float32","components":3,"data":[5.69647e-09,1,-9.78192e-08,1.72535e-08,1,-1.45857e-08,2.41785e-08,1,-7.72152e-08,3.22411e-09,1,-1.53357e-08,-4.10101e-07,1,-5.38318e-08,-1.08882e-07,1,-1.2096e-07,-5.97478e-15,1,1.34359e-07,-5.99771e-15,1,1.34359e-07,-7.50081e-15,1,1.34359e-07,-7.50081e-15,1,1.34359e-07,-2.42673e-08,1,4.46804e-08,3.53715e-08,1,-1.40917e-07,-2.53421e-07,1,-1.63534e-07,9.00449e-08,1,-9.72514e-08,-1.82302e-14,1,1.34359e-07,-2.11511e-14,1,1.34359e-07,-3.2145e-14,1,1.34359e-07,-3.2145e-14,1,1.34359e-07,-5.68879e-07,1,-2.62459e-08,-6.54583e-07,1,-3.61257e-08,-2.22314e-14,1,1.34359e-07,-2.98718e-14,1,1.34359e-07,-3.06411e-14,1,1.34359e-07,-2.22314e-14,1,1.34359e-07,1.4876e-07,1,-1.9894e-07,6.59243e-08,1,-1.33448e-08,2.03169e-15,1,1.34359e-07,4.01473e-15,1,1.34359e-07,2.42694e-14,1,1.34359e-07,2.42723e-14,1,1.34359e-07,3.87045e-14,1,1.34359e-07,3.87045e-14,1,1.34359e-07,-3.33747e-07,1,8.59838e-10,-3.33747e-07,1,8.59838e-10,-5.71068e-09,-1,9.77943e-08,-1.73887e-08,-1,1.443e-08,-3.2214e-09,-1,1.52554e-08,-2.43118e-08,-1,7.71399e-08,4.10661e-07,-1,5.38653e-08,1.0895e-07,-1,1.20969e-07,8.8828e-11,-1,-1.3427e-07,8.97086e-11,-1,-1.34266e-07,1.47438e-10,-1,-1.33972e-07,1.47438e-10,-1,-1.33972e-07,-3.55111e-08,-1,1.40886e-07,2.43082e-08,-1,-4.47361e-08,-9.03919e-08,-1,9.73674e-08,2.53875e-07,-1,1.63769e-07,-1.05866e-10,-1,-1.34391e-07,-6.81633e-11,-1,-1.34298e-07,7.37454e-11,-1,-1.33947e-07,7.37454e-11,-1,-1.33947e-07,6.5558e-07,-1,3.62506e-08,5.69776e-07,-1,2.63643e-08,-2.42486e-10,-1,-1.34887e-07,1.67616e-11,-1,-1.34566e-07,-2.42486e-10,-1,-1.34887e-07,4.28659e-11,-1,-1.34534e-07,-1.48832e-07,-1,1.98911e-07,-6.61144e-08,-1,1.35596e-08,-3.74467e-10,-1,-1.34003e-07,-4.01752e-10,-1,-1.34019e-07,-4.08331e-10,-1,-1.34682e-07,-4.08309e-10,-1,-1.34682e-07,-2.98389e-10,-1,-1.35367e-07,-2.98389e-10,-1,-1.35367e-07,3.34366e-07,-1,-7.59274e-10,3.34366e-07,-1,-7.59267e-10]},"blendIndices":{"type":"uint8","components":4,"data":[0,1,0,0,0,1,3,0,0,1,0,0,0,1,2,0,0,2,0,0,0,0,0,0,0,2,4,0,0,2,4,0,0,2,4,0,0,2,4,0,0,1,3,5,0,1,6,0,0,1,5,6,0,1,6,7,0,1,3,8,0,1,3,8,0,1,3,8,0,1,3,8,0,0,0,0,0,0,0,0,0,1,5,9,0,1,5,9,0,1,5,9,0,1,5,9,0,1,6,0,0,1,6,7,0,1,7,10,0,1,7,10,0,1,7,10,0,1,7,10,0,1,7,10,0,1,7,10,0,0,0,0,0,0,0,0,0,1,0,0,0,1,3,0,0,1,2,0,0,1,0,0,0,2,0,0,0,0,0,0,0,2,4,0,0,2,4,0,0,2,4,0,0,2,4,0,0,1,6,0,0,1,3,5,0,1,6,7,0,1,5,6,0,1,3,8,0,1,3,8,0,1,3,8,0,1,3,8,0,0,0,0,0,0,0,0,0,1,5,9,0,1,5,9,0,1,5,9,0,1,5,9,0,1,6,0,0,1,6,7,0,1,7,10,0,1,7,10,0,1,7,10,0,1,7,10,0,1,7,10,0,1,7,10,0,0,0,0,0,0,0,0]},"blendWeight":{"type":"float32","components":4,"data":[0.5,0.5,0,0,0.333333,0.333333,0.333333,0,0.5,0.5,0,0,0.333333,0.333333,0.333333,0,0.5,0.5,0,0,1,0,0,0,0.333333,0.333333,0.333333,0,0.333333,0.333333,0.333333,0,0.333333,0.333333,0.333333,0,0.333333,0.333333,0.333333,0,0.25,0.25,0.25,0.25,0.333333,0.333333,0.333333,0,0.25,0.25,0.25,0.25,0.25,0.25,0.25,0.25,0.25,0.25,0.25,0.25,0.25,0.25,0.25,0.25,0.25,0.25,0.25,0.25,0.25,0.25,0.25,0.25,1,0,0,0,1,0,0,0,0.25,0.25,0.25,0.25,0.25,0.25,0.25,0.25,0.25,0.25,0.25,0.25,0.25,0.25,0.25,0.25,0.333333,0.333333,0.333333,0,0.25,0.25,0.25,0.25,0.25,0.25,0.25,0.25,0.25,0.25,0.25,0.25,0.25,0.25,0.25,0.25,0.25,0.25,0.25,0.25,0.25,0.25,0.25,0.25,0.25,0.25,0.25,0.25,1,0,0,0,1,0,0,0,0.5,0.5,0,0,0.333333,0.333333,0.333333,0,0.333333,0.333333,0.333333,0,0.5,0.5,0,0,0.5,0.5,0,0,1,0,0,0,0.333333,0.333333,0.333333,0,0.333333,0.333333,0.333333,0,0.333333,0.333333,0.333333,0,0.333333,0.333333,0.333333,0,0.333333,0.333333,0.333333,0,0.25,0.25,0.25,0.25,0.25,0.25,0.25,0.25,0.25,0.25,0.25,0.25,0.25,0.25,0.25,0.25,0.25,0.25,0.25,0.25,0.25,0.25,0.25,0.25,0.25,0.25,0.25,0.25,1,0,0,0,1,0,0,0,0.25,0.25,0.25,0.25,0.25,0.25,0.25,0.25,0.25,0.25,0.25,0.25,0.25,0.25,0.25,0.25,0.333333,0.333333,0.333333,0,0.25,0.25,0.25,0.25,0.25,0.25,0.25,0.25,0.25,0.25,0.25,0.25,0.25,0.25,0.25,0.25,0.25,0.25,0.25,0.25,0.25,0.25,0.25,0.25,0.25,0.25,0.25,0.25,1,0,0,0,1,0,0,0]},"texCoord0":{"type":"float32","components":2,"data":[0.38566,0.910824,0.497984,0.377017,0.666114,0.8507,0.367661,0.366294,0.105637,0.476706,0.0732687,0.758328,0.157781,0.276883,0.315961,0.269107,0.136703,0.15597,0.345598,0.155439,0.641173,0.345719,0.806887,0.850797,0.753699,0.503115,0.835113,0.479324,0.612077,0.275753,0.490624,0.275656,0.604378,0.164065,0.457568,0.157931,0.0842443,0.429267,0.0398018,0.4591,0.713872,0.160337,0.810326,0.302984,0.690042,0.267184,0.872796,0.168364,0.940782,0.75784,0.958141,0.457609,0.951379,0.351834,0.876651,0.313175,0.92326,0.233964,0.994366,0.237606,0.917222,0.202087,0.955726,0.147769,-0.00366762,0.350426,0.040775,0.320593,0.38566,0.910824,0.497984,0.377017,0.367661,0.366294,0.666114,0.8507,0.105637,0.476706,0.0732687,0.758328,0.157781,0.276883,0.315961,0.269107,0.136703,0.15597,0.345598,0.155439,0.806887,0.850797,0.641173,0.345719,0.835113,0.479324,0.753699,0.503115,0.612077,0.275753,0.490624,0.275656,0.604378,0.164065,0.457568,0.157931,0.0398018,0.4591,0.0842443,0.429267,0.713872,0.160337,0.810326,0.302984,0.872796,0.168364,0.690042,0.267184,0.940782,0.75784,0.958141,0.457609,0.951379,0.351834,0.876651,0.313175,0.92326,0.233964,0.994366,0.237606,0.955726,0.147769,0.917222,0.202087,-0.00366762,0.350426,0.040775,0.320593]}},{"position":{"type":"float32","components":3,"data":[-71.8185,40.6326,14.3549,-62.6092,40.6326,18.1146,-62.1149,40.6326,14.3049,-71.3311,40.6326,21.1011,-74.2596,40.6326,8.83301,-57.2311,40.6326,15.9082,-60.1101,40.6326,18.6077,-61.2636,40.6326,4.96652,-51.0703,40.6326,20.5533,-51.9935,40.6326,23.9373,-44.9526,40.6326,24.0351,-44.8117,40.6326,17.9618,-72.2157,40.6326,24.7841,-57.5066,40.6326,29.2262,-75.5685,40.6326,29.0549,-63.9396,40.6326,45.0885,-57.8363,40.6326,37.6502,-87.2295,40.6326,32.7624,-85.4439,40.6326,43.3086,-69.2719,40.6326,50.8762,-62.9828,40.6326,55.5133,-66.2905,40.6326,55.9133,-68.202,40.6326,1.60524,-75.4765,40.6326,-2.0089,-70.7374,40.6326,6.18765,-70.7035,40.6326,-4.04921,-76.7955,40.6326,-13.0661,-73.1984,40.6326,-14.6038,-77.1988,40.6326,-22.3738,-83.0631,40.6326,-19.8669,-58.6938,40.6326,1.93569,-68.2592,40.6326,-2.69824,-61.582,40.6326,-4.86568,-64.8292,40.6326,-6.41055,-54.1043,40.6326,-3.62545,-58.1201,40.6326,-8.48872,-55.5033,40.6326,-1.44316,-64.8823,40.6326,61.37,-61.5746,40.6326,60.97,-71.0331,40.6326,62.23,-71.5224,40.6326,60.334,-56.4433,40.6326,5.02747,-51.1801,40.6326,1.66866,-48.7313,40.6326,5.92926,-55.3517,40.6326,8.27548,-52.0543,40.6326,12.1998,-56.7088,40.6326,11.3053,-57.1332,40.6326,14.7857,-53.4974,40.6326,16.8686,-76.0844,40.6326,54.0843,-70.2519,40.6326,52.9965,-94.7915,40.6326,37.3531,-72.8811,40.6326,60.0524,-76.0369,40.6326,60.641,-90.9182,40.6326,51.7497,-62.6092,40.2578,18.1146,-71.8185,40.2578,14.3549,-62.1149,40.2578,14.3049,-71.3311,40.2578,21.1011,-74.2596,40.2578,8.83301,-57.2311,40.2578,15.9082,-61.2636,40.2578,4.96652,-60.1101,40.2578,18.6077,-51.0703,40.2578,20.5533,-51.9935,40.2578,23.9373,-44.9526,40.2578,24.0351,-44.8117,40.2578,17.9618,-57.5066,40.2578,29.2262,-72.2157,40.2578,24.7841,-75.5685,40.2578,29.0549,-63.9396,40.2578,45.0885,-87.2295,40.2578,32.7624,-57.8363,40.2578,37.6502,-85.4439,40.2578,43.3086,-69.2719,40.2578,50.8762,-62.9828,40.2578,55.5133,-66.2905,40.2578,55.9133,-68.202,40.2578,1.60524,-75.4765,40.2578,-2.0089,-70.7035,40.2578,-4.04921,-70.7374,40.2578,6.18765,-76.7955,40.2578,-13.0661,-73.1984,40.2578,-14.6038,-77.1988,40.2578,-22.3738,-83.0631,40.2578,-19.8669,-68.2592,40.2578,-2.69824,-58.6938,40.2578,1.93569,-61.582,40.2578,-4.86568,-64.8292,40.2578,-6.41055,-54.1043,40.2578,-3.62545,-58.1201,40.2578,-8.48872,-55.5033,40.2578,-1.44316,-61.5746,40.2578,60.97,-64.8823,40.2578,61.37,-71.5224,40.2578,60.334,-71.0331,40.2578,62.23,-51.1801,40.2578,1.66867,-56.4433,40.2578,5.02747,-48.7313,40.2578,5.92926,-55.3517,40.2578,8.27548,-52.0543,40.2578,12.1998,-56.7088,40.2578,11.3053,-57.1332,40.2578,14.7857,-53.4974,40.2578,16.8686,-76.0844,40.2578,54.0843,-70.2519,40.2578,52.9965,-94.7915,40.2578,37.3531,-72.8811,40.2578,60.0524,-76.0369,40.2578,60.641,-90.9182,40.2578,51.7497]},"normal":{"type":"float32","components":3,"data":[1.23304e-07,1,7.98228e-08,1.17513e-07,1,2.31854e-07,6.42967e-08,1,1.27093e-07,1.17187e-07,1,2.87539e-07,8.9378e-08,1,1.61773e-07,1.7351e-13,1,1.34359e-07,1.67183e-13,1,1.34359e-07,2.27875e-07,1,-3.35102e-08,-9.48969e-15,1,1.34359e-07,-1.91691e-14,1,1.34359e-07,-1.22508e-13,1,1.34359e-07,-1.18881e-13,1,1.34359e-07,1.09399e-07,1,3.00055e-07,1.07599e-07,1,2.70984e-07,6.96024e-08,1,2.40184e-07,4.40306e-08,1,2.11495e-07,7.50164e-08,1,2.34509e-07,5.38679e-08,1,2.20459e-07,6.50971e-08,1,1.91504e-07,4.88606e-08,1,1.60148e-07,-3.92925e-09,1,1.28872e-07,3.523e-08,1,1.19406e-07,1.54979e-07,1,-1.84035e-08,-1.14581e-08,1,1.32719e-07,6.88858e-08,1,1.69958e-07,-8.35517e-09,1,1.3741e-07,-2.99518e-08,1,6.42908e-08,-3.09115e-08,1,6.20457e-08,-7.74376e-08,1,-4.67954e-08,-7.74376e-08,1,-4.67954e-08,1.76857e-07,1,1.09197e-07,2.48836e-07,1,-7.73059e-09,1.22e-07,1,2.33075e-07,1.33249e-07,1,2.34334e-07,1.12613e-07,1,2.25548e-07,1.12613e-07,1,2.25548e-07,1.0117e-07,1,2.45793e-07,7.24381e-08,1,1.15665e-07,-3.10817e-14,1,1.34359e-07,1.57099e-07,1,9.38172e-08,1.57099e-07,1,9.38172e-08,4.08385e-08,1,2.04467e-07,3.74942e-08,1,2.00352e-07,-1.77605e-08,1,5.68402e-08,-2.71456e-08,1,-9.29225e-09,-2.78653e-08,1,-6.1913e-09,-2.49608e-08,1,1.59478e-08,-9.7186e-09,1,1.32132e-07,-9.7186e-09,1,1.32132e-07,8.42981e-08,1,1.20755e-07,8.94222e-08,1,1.23686e-07,4.47977e-08,1,2.08151e-07,8.28931e-08,1,5.85183e-08,8.28931e-08,1,5.85183e-08,6.31834e-08,1,1.75335e-07,-1.16595e-07,-1,-2.30966e-07,-1.23122e-07,-1,-8.24388e-08,-6.15993e-08,-1,-1.28127e-07,-1.16153e-07,-1,-2.86799e-07,-9.09064e-08,-1,-1.64269e-07,2.47342e-09,-1,-1.35442e-07,-2.27667e-07,-1,3.27817e-08,2.13027e-09,-1,-1.35393e-07,-9.453e-10,-1,-1.33989e-07,-9.65659e-10,-1,-1.34025e-07,-4.99244e-10,-1,-1.33204e-07,-4.99252e-10,-1,-1.33204e-07,-1.07145e-07,-1,-2.69517e-07,-1.08774e-07,-1,-2.98804e-07,-6.88229e-08,-1,-2.39847e-07,-4.27593e-08,-1,-2.11787e-07,-5.37102e-08,-1,-2.20008e-07,-7.43514e-08,-1,-2.33912e-07,-6.48165e-08,-1,-1.90905e-07,-4.80749e-08,-1,-1.59939e-07,2.89829e-09,-1,-1.29197e-07,-3.54087e-08,-1,-1.19956e-07,-1.55391e-07,-1,1.78107e-08,1.12853e-08,-1,-1.32786e-07,8.18934e-09,-1,-1.37406e-07,-6.99283e-08,-1,-1.70754e-07,2.95717e-08,-1,-6.41019e-08,3.0526e-08,-1,-6.18655e-08,7.67901e-08,-1,4.65562e-08,7.67901e-08,-1,4.65562e-08,-2.50972e-07,-1,8.80102e-09,-1.77795e-07,-1,-1.08721e-07,-1.23894e-07,-1,-2.32854e-07,-1.36512e-07,-1,-2.32363e-07,-1.13145e-07,-1,-2.28648e-07,-1.13145e-07,-1,-2.28648e-07,-1.01589e-07,-1,-2.46669e-07,-3.97656e-09,-1,-1.34692e-07,-7.4281e-08,-1,-1.16417e-07,-1.56448e-07,-1,-9.5057e-08,-1.56448e-07,-1,-9.5057e-08,-3.72799e-08,-1,-1.98863e-07,-4.06963e-08,-1,-2.03057e-07,1.75423e-08,-1,-5.60247e-08,2.59568e-08,-1,8.89538e-09,2.48083e-08,-1,3.31462e-09,2.1837e-08,-1,-1.89378e-08,6.24417e-09,-1,-1.35717e-07,6.24417e-09,-1,-1.35717e-07,-8.49849e-08,-1,-1.20838e-07,-9.03174e-08,-1,-1.23577e-07,-4.58604e-08,-1,-2.06756e-07,-8.38728e-08,-1,-6.017e-08,-8.38728e-08,-1,-6.017e-08,-6.26313e-08,-1,-1.74557e-07]},"blendIndices":{"type":"uint8","components":4,"data":[0,1,0,0,0,1,0,0,0,1,2,0,0,1,0,0,0,1,0,0,0,2,5,0,0,2,5,0,0,1,2,3,0,5,6,0,0,5,6,0,0,6,0,0,0,6,0,0,0,7,8,0,0,7,8,0,0,7,8,0,0,7,8,10,0,7,8,0,0,7,8,9,0,7,8,9,0,7,8,10,0,10,12,0,0,10,12,0,0,1,3,4,0,4,13,0,0,1,4,0,0,4,13,0,0,13,14,0,0,13,14,0,0,14,0,0,0,14,0,0,0,3,15,0,0,3,0,0,0,3,0,0,0,3,0,0,0,3,0,0,0,3,0,0,0,3,15,0,0,12,0,0,0,12,0,0,0,12,0,0,0,12,0,0,0,3,15,0,0,3,15,0,0,3,15,16,0,3,15,16,0,3,16,0,0,3,16,0,0,3,16,0,0,3,16,0,0,11,0,0,0,11,0,0,0,9,0,0,0,11,0,0,0,11,0,0,0,11,0,0,0,1,0,0,0,1,0,0,0,1,2,0,0,1,0,0,0,1,0,0,0,2,5,0,0,1,2,3,0,2,5,0,0,5,6,0,0,5,6,0,0,6,0,0,0,6,0,0,0,7,8,0,0,7,8,0,0,7,8,0,0,7,8,10,0,7,8,9,0,7,8,0,0,7,8,9,0,7,8,10,0,10,12,0,0,10,12,0,0,1,3,4,0,4,13,0,0,4,13,0,0,1,4,0,0,13,14,0,0,13,14,0,0,14,0,0,0,14,0,0,0,3,0,0,0,3,15,0,0,3,0,0,0,3,0,0,0,3,0,0,0,3,0,0,0,3,15,0,0,12,0,0,0,12,0,0,0,12,0,0,0,12,0,0,0,3,15,0,0,3,15,0,0,3,15,16,0,3,15,16,0,3,16,0,0,3,16,0,0,3,16,0,0,3,16,0,0,11,0,0,0,11,0,0,0,9,0,0,0,11,0,0,0,11,0,0,0,11,0,0]},"blendWeight":{"type":"float32","components":4,"data":[0.5,0.5,0,0,0.5,0.5,0,0,0.333333,0.333333,0.333333,0,0.5,0.5,0,0,0.5,0.5,0,0,0.333333,0.333333,0.333333,0,0.333333,0.333333,0.333333,0,0.25,0.25,0.25,0.25,0.333333,0.333333,0.333333,0,0.333333,0.333333,0.333333,0,0.5,0.5,0,0,0.5,0.5,0,0,0.333333,0.333333,0.333333,0,0.333333,0.333333,0.333333,0,0.333333,0.333333,0.333333,0,0.25,0.25,0.25,0.25,0.333333,0.333333,0.333333,0,0.25,0.25,0.25,0.25,0.25,0.25,0.25,0.25,0.25,0.25,0.25,0.25,0.333333,0.333333,0.333333,0,0.333333,0.333333,0.333333,0,0.25,0.25,0.25,0.25,0.333333,0.333333,0.333333,0,0.333333,0.333333,0.333333,0,0.333333,0.333333,0.333333,0,0.333333,0.333333,0.333333,0,0.333333,0.333333,0.333333,0,0.5,0.5,0,0,0.5,0.5,0,0,0.333333,0.333333,0.333333,0,0.5,0.5,0,0,0.5,0.5,0,0,0.5,0.5,0,0,0.5,0.5,0,0,0.5,0.5,0,0,0.333333,0.333333,0.333333,0,0.5,0.5,0,0,0.5,0.5,0,0,0.5,0.5,0,0,0.5,0.5,0,0,0.333333,0.333333,0.333333,0,0.333333,0.333333,0.333333,0,0.25,0.25,0.25,0.25,0.25,0.25,0.25,0.25,0.333333,0.333333,0.333333,0,0.333333,0.333333,0.333333,0,0.333333,0.333333,0.333333,0,0.333333,0.333333,0.333333,0,0.5,0.5,0,0,0.5,0.5,0,0,0.5,0.5,0,0,0.5,0.5,0,0,0.5,0.5,0,0,0.5,0.5,0,0,0.5,0.5,0,0,0.5,0.5,0,0,0.333333,0.333333,0.333333,0,0.5,0.5,0,0,0.5,0.5,0,0,0.333333,0.333333,0.333333,0,0.25,0.25,0.25,0.25,0.333333,0.333333,0.333333,0,0.333333,0.333333,0.333333,0,0.333333,0.333333,0.333333,0,0.5,0.5,0,0,0.5,0.5,0,0,0.333333,0.333333,0.333333,0,0.333333,0.333333,0.333333,0,0.333333,0.333333,0.333333,0,0.25,0.25,0.25,0.25,0.25,0.25,0.25,0.25,0.333333,0.333333,0.333333,0,0.25,0.25,0.25,0.25,0.25,0.25,0.25,0.25,0.333333,0.333333,0.333333,0,0.333333,0.333333,0.333333,0,0.25,0.25,0.25,0.25,0.333333,0.333333,0.333333,0,0.333333,0.333333,0.333333,0,0.333333,0.333333,0.333333,0,0.333333,0.333333,0.333333,0,0.333333,0.333333,0.333333,0,0.5,0.5,0,0,0.5,0.5,0,0,0.5,0.5,0,0,0.333333,0.333333,0.333333,0,0.5,0.5,0,0,0.5,0.5,0,0,0.5,0.5,0,0,0.5,0.5,0,0,0.333333,0.333333,0.333333,0,0.5,0.5,0,0,0.5,0.5,0,0,0.5,0.5,0,0,0.5,0.5,0,0,0.333333,0.333333,0.333333,0,0.333333,0.333333,0.333333,0,0.25,0.25,0.25,0.25,0.25,0.25,0.25,0.25,0.333333,0.333333,0.333333,0,0.333333,0.333333,0.333333,0,0.333333,0.333333,0.333333,0,0.333333,0.333333,0.333333,0,0.5,0.5,0,0,0.5,0.5,0,0,0.5,0.5,0,0,0.5,0.5,0,0,0.5,0.5,0,0,0.5,0.5,0,0]},"texCoord0":{"type":"float32","components":2,"data":[0.552561,0.835266,0.59317,0.818688,0.59535,0.835487,0.55471,0.805519,0.541797,0.859616,0.616885,0.828417,0.60419,0.816513,0.599103,0.876665,0.644051,0.807935,0.63998,0.793013,0.671028,0.792581,0.671649,0.819361,0.55081,0.789279,0.61567,0.769691,0.536026,0.770447,0.587304,0.699745,0.614216,0.732545,0.484606,0.754098,0.492479,0.707594,0.563791,0.674225,0.591523,0.653777,0.576937,0.652013,0.568508,0.891486,0.536431,0.907423,0.557328,0.87128,0.557478,0.91642,0.530615,0.956181,0.546477,0.962961,0.528837,0.997223,0.502977,0.986169,0.610435,0.890029,0.568256,0.910463,0.5977,0.92002,0.58338,0.926833,0.630673,0.914551,0.612965,0.935996,0.624503,0.904929,0.583147,0.627952,0.597732,0.629715,0.556024,0.62416,0.553867,0.63252,0.620359,0.876396,0.643567,0.891207,0.654365,0.87242,0.625172,0.862074,0.639712,0.844769,0.619188,0.848714,0.617316,0.833367,0.633349,0.824182,0.533751,0.660078,0.559469,0.664875,0.451261,0.733855,0.547876,0.633762,0.53396,0.631166,0.468341,0.670373,0.59317,0.818688,0.552561,0.835266,0.59535,0.835487,0.55471,0.805519,0.541797,0.859616,0.616885,0.828417,0.599103,0.876665,0.60419,0.816513,0.644051,0.807935,0.63998,0.793013,0.671028,0.792581,0.671649,0.819361,0.61567,0.769691,0.55081,0.789279,0.536026,0.770447,0.587304,0.699745,0.484606,0.754098,0.614216,0.732545,0.492479,0.707594,0.563791,0.674225,0.591523,0.653777,0.576937,0.652013,0.568508,0.891486,0.536431,0.907423,0.557478,0.91642,0.557328,0.87128,0.530615,0.956181,0.546477,0.962961,0.528837,0.997223,0.502977,0.986169,0.568256,0.910463,0.610435,0.890029,0.5977,0.92002,0.58338,0.926833,0.630673,0.914551,0.612965,0.935996,0.624503,0.904929,0.597732,0.629715,0.583147,0.627952,0.553867,0.63252,0.556024,0.62416,0.643567,0.891207,0.620359,0.876396,0.654365,0.87242,0.625172,0.862074,0.639712,0.844769,0.619188,0.848714,0.617316,0.833367,0.633349,0.824182,0.533751,0.660078,0.559469,0.664875,0.451261,0.733855,0.547876,0.633762,0.53396,0.631166,0.468341,0.670373]}},{"position":{"type":"float32","components":3,"data":[-4.49033,36.865,20.9259,8.88118,43.6811,20.9259,-2.97009,42.6016,20.9259,12.6146,32.9607,20.9259,-10.2682,23.3316,20.9259,16.2361,20.2329,20.9259,2.56489,9.29971,20.9259,14.7965,8.88854,20.9259,7.79661,54.4773,20.9259,-11.6675,50.8041,20.9259,-8.6683,44.9719,20.9259,5.12783,59.8755,20.9259,10.4512,49.3139,20.9259,7.9891,62.6431,20.9259,15.4381,61.6844,20.9259,6.56677,73.841,20.9259,9.93679,77.5941,20.9259,2.48513,80.9385,20.9259,-0.884888,77.1855,20.9259,-7.11824,10.5397,20.9259,-4.61992,4.02739,20.9259,-10.7882,5.89598,20.9259,-15.9659,12.7408,20.9259,-10.3542,-2.75643,20.9259,-2.06156,-2.34088,20.9259,9.61847,5.85144,20.9259,3.75304,4.59176,20.9259,4.44316,-0.0850383,20.9259,10.3365,-1.20667,20.9259,15.4014,1.93097,20.9259,15.5844,0.132118,20.9259,-7.07732,37.9076,20.9259,-12.7755,40.278,20.9259,-14.9507,33.4184,20.9259,-16.989,36.4354,20.9259,-22.9721,31.5824,20.9259,-24.1057,36.6285,20.9259,-17.4613,63.6902,20.9259,-0.569176,73.8577,20.9259,12.6146,32.9607,20.7548,-4.49033,36.865,20.7548,8.88118,43.6811,20.7548,-2.97009,42.6016,20.7548,16.2361,20.2329,20.7548,-10.2682,23.3316,20.7548,14.7965,8.88854,20.7548,2.56489,9.29971,20.7548,7.79661,54.4773,20.7548,-11.6675,50.8041,20.7548,5.12783,59.8755,20.7548,-8.6683,44.9719,20.7548,10.4512,49.3139,20.7548,7.9891,62.6431,20.7548,15.4381,61.6844,20.7548,6.56677,73.841,20.7548,9.93679,77.5941,20.7548,2.48513,80.9385,20.7548,-0.884888,77.1855,20.7548,-7.11824,10.5397,20.7548,-4.61992,4.02739,20.7548,-10.7882,5.89598,20.7548,-15.9659,12.7408,20.7548,-2.06156,-2.34088,20.7548,-10.3542,-2.75643,20.7548,9.61847,5.85144,20.7548,3.75304,4.59176,20.7548,4.44316,-0.0850383,20.7548,10.3365,-1.20667,20.7548,15.4014,1.93097,20.7548,15.5844,0.132118,20.7548,-7.07732,37.9076,20.7548,-12.7755,40.278,20.7548,-14.9507,33.4184,20.7548,-16.989,36.4354,20.7548,-22.9721,31.5824,20.7548,-24.1057,36.6285,20.7548,-17.4613,63.6902,20.7548,-0.569176,73.8577,20.7548]},"normal":{"type":"float32","components":3,"data":[1.15761e-07,-2.92152e-07,1,9.99842e-08,-1.32477e-07,1,8.34342e-08,-9.27872e-08,1,1.17668e-07,-2.92921e-07,1,1.40499e-07,-1.62401e-07,1,1.60545e-07,-1.78925e-07,1,1.93689e-07,-9.05697e-08,1,2.04192e-07,-1.28939e-07,1,7.62935e-08,2.01195e-08,1,7.88421e-08,6.19543e-09,1,5.76621e-08,-3.26087e-09,1,7.604e-08,2.30412e-08,1,8.44611e-08,1.07225e-08,1,5.15862e-08,1.84937e-08,1,4.68574e-08,1.04247e-08,1,2.70579e-08,-2.10474e-08,1,2.69747e-08,-2.07253e-08,1,2.65544e-08,-1.90981e-08,1,2.65544e-08,-1.90981e-08,1,1.73475e-07,-3.38568e-08,1,1.89704e-07,-8.14933e-08,1,1.89642e-07,-8.20488e-08,1,1.10419e-07,-8.00482e-08,1,1.77988e-07,-1.86588e-07,1,1.77988e-07,-1.86588e-07,1,1.7598e-07,-1.01709e-07,1,2.10299e-07,-8.8125e-08,1,2.07532e-07,2.61919e-09,1,1.00054e-07,-1.00541e-08,1,3.23604e-09,-2.14704e-08,1,3.23604e-09,-2.14704e-08,1,3.66585e-08,-4.58837e-09,1,4.57412e-08,8.455e-09,1,2.18468e-08,-2.20645e-09,1,1.00461e-08,-1.13569e-08,1,-2.72177e-08,-4.02519e-08,1,-2.72177e-08,-4.02519e-08,1,7.93208e-08,5.27301e-09,1,7.93208e-08,5.27301e-09,1,-1.16824e-07,2.93994e-07,-1,-1.14677e-07,2.93513e-07,-1,-9.84371e-08,1.31163e-07,-1,-8.26503e-08,9.16676e-08,-1,-1.59882e-07,1.77559e-07,-1,-1.40416e-07,1.6299e-07,-1,-2.00641e-07,1.23644e-07,-1,-1.93397e-07,8.94436e-08,-1,-7.79965e-08,-1.93858e-08,-1,-7.92916e-08,-3.94169e-09,-1,-7.74681e-08,-2.32454e-08,-1,-5.90775e-08,4.85626e-09,-1,-8.37911e-08,-1.26769e-08,-1,-5.11894e-08,-1.91582e-08,-1,-4.55584e-08,-1.02672e-08,-1,-2.35558e-08,2.26111e-08,-1,-2.37726e-08,2.18952e-08,-1,-2.48681e-08,1.82784e-08,-1,-2.48681e-08,1.82784e-08,-1,-1.74784e-07,3.55131e-08,-1,-1.9368e-07,8.07987e-08,-1,-1.93623e-07,8.13348e-08,-1,-1.08049e-07,8.13404e-08,-1,-1.82911e-07,1.82224e-07,-1,-1.82911e-07,1.82224e-07,-1,-1.74001e-07,1.0185e-07,-1,-2.08819e-07,8.78698e-08,-1,-2.08288e-07,5.03192e-10,-1,-9.99937e-08,1.55053e-08,-1,-2.43885e-09,2.90195e-08,-1,-2.43884e-09,2.90195e-08,-1,-3.81766e-08,5.14731e-09,-1,-4.69967e-08,-8.59001e-09,-1,-2.04151e-08,7.49723e-10,-1,-7.84211e-09,9.76436e-09,-1,3.18605e-08,3.82306e-08,-1,3.18605e-08,3.82306e-08,-1,-7.78138e-08,-5.69785e-09,-1,-7.78138e-08,-5.69784e-09,-1]},"blendIndices":{"type":"uint8","components":4,"data":[3,0,0,0,0,1,3,0,2,0,1,3,3,0,1,0,4,0,0,0,3,0,0,0,5,8,3,0,5,3,0,0,6,7,0,1,6,0,0,0,2,6,0,0,6,7,0,0,0,1,3,0,7,9,0,0,7,9,0,0,9,10,0,0,9,10,0,0,10,0,0,0,10,0,0,0,4,8,3,0,8,11,3,0,8,11,3,0,4,0,0,0,11,3,0,0,11,0,0,0,5,12,3,0,5,12,3,0,12,0,0,0,12,0,0,0,12,3,0,0,12,3,0,0,2,13,0,0,2,13,0,0,13,14,0,0,13,14,0,0,14,0,0,0,14,0,0,0,6,0,0,0,6,0,0,0,3,0,0,0,3,0,0,0,0,3,1,0,2,0,3,0,3,0,0,0,4,0,0,0,5,3,0,0,5,8,0,0,6,7,0,0,6,0,0,0,6,7,0,0,2,6,0,0,0,1,3,0,7,9,0,0,7,9,0,0,9,10,0,0,9,10,0,0,10,0,0,0,10,0,0,0,4,8,0,0,8,11,0,0,8,11,0,0,4,0,0,0,11,0,0,0,11,0,0,0,5,12,3,0,5,12,0,0,12,0,0,0,12,0,0,0,12,0,0,0,12,0,0,0,2,13,0,0,2,13,0,0,13,14,0,0,13,14,0,0,14,0,0,0,14,0,0,0,6,0,0,0,6,0,0,0]},"blendWeight":{"type":"float32","components":4,"data":[1,0,0,0,0.352067,0.352067,0.295866,0,0.945767,0.0182479,0.0182479,0.0177377,0.776795,0.111602,0.111602,0,1,0,0,0,1,0,0,0,0.477973,0.477973,0.044055,0,0.877019,0.122981,0,0,0.457545,0.457545,0.0424547,0.0424547,1,0,0,0,0.5,0.5,0,0,0.5,0.5,0,0,0.443644,0.443644,0.112711,0,0.5,0.5,0,0,0.5,0.5,0,0,0.5,0.5,0,0,0.5,0.5,0,0,1,0,0,0,1,0,0,0,0.487204,0.487204,0.0255922,0,0.498257,0.498257,0.00348684,0,0.49623,0.49623,0.0075409,0,1,0,0,0,0.997853,0.0021475,0,0,1,0,0,0,0.477087,0.477087,0.0458267,0,0.491581,0.491581,0.0168375,0,1,0,0,0,1,0,0,0,0.946678,0.0533218,0,0,0.955325,0.0446754,0,0,0.5,0.5,0,0,0.5,0.5,0,0,0.5,0.5,0,0,0.5,0.5,0,0,1,0,0,0,1,0,0,0,1,0,0,0,1,0,0,0,0.896842,0.103158,0,0,0.962473,0.0375267,0,0,0.704852,0.230475,0.0646733,0,0.96619,0.0275632,0.00624707,0,0.964369,0.0356305,0,0,1,0,0,0,0.86653,0.133471,0,0,0.5,0.5,0,0,0.488439,0.488439,0.0231225,0,1,0,0,0,0.5,0.5,0,0,0.5,0.5,0,0,0.608921,0.261361,0.129718,0,0.5,0.5,0,0,0.5,0.5,0,0,0.5,0.5,0,0,0.5,0.5,0,0,1,0,0,0,1,0,0,0,0.5,0.5,0,0,0.5,0.5,0,0,0.5,0.5,0,0,1,0,0,0,1,0,0,0,1,0,0,0,0.480793,0.480793,0.0384148,0,0.5,0.5,0,0,1,0,0,0,1,0,0,0,1,0,0,0,1,0,0,0,0.5,0.5,0,0,0.5,0.5,0,0,0.5,0.5,0,0,0.5,0.5,0,0,1,0,0,0,1,0,0,0,1,0,0,0,1,0,0,0]},"texCoord0":{"type":"float32","components":2,"data":[0.747265,0.783383,0.806227,0.81344,0.753968,0.808679,0.82269,0.766168,0.674963,0.747408,0.838659,0.710044,0.778375,0.661834,0.83231,0.66002,0.801444,0.861046,0.715617,0.844849,0.728842,0.819132,0.789676,0.884849,0.81315,0.838278,0.802293,0.897053,0.83514,0.892826,0.796021,0.946431,0.810881,0.96298,0.778023,0.977727,0.763163,0.961178,0.735677,0.667301,0.746693,0.638585,0.719494,0.646825,0.649839,0.700708,0.721408,0.608672,0.757974,0.610504,0.809478,0.646628,0.783614,0.641073,0.786657,0.620451,0.812644,0.615505,0.834978,0.629341,0.835784,0.621409,0.735857,0.787981,0.710731,0.798434,0.701139,0.768186,0.692151,0.781489,0.665769,0.76009,0.66077,0.782341,0.690068,0.90167,0.764555,0.946504,0.82269,0.766168,0.747265,0.783383,0.806227,0.81344,0.753968,0.808679,0.838659,0.710044,0.674963,0.747408,0.83231,0.66002,0.778375,0.661834,0.801444,0.861046,0.715617,0.844849,0.789676,0.884849,0.728842,0.819132,0.81315,0.838278,0.802293,0.897053,0.83514,0.892826,0.796021,0.946431,0.810881,0.96298,0.778023,0.977727,0.763163,0.961178,0.735677,0.667301,0.746693,0.638585,0.719494,0.646825,0.649839,0.700708,0.757974,0.610504,0.721408,0.608672,0.809478,0.646628,0.783614,0.641073,0.786657,0.620451,0.812644,0.615505,0.834978,0.629341,0.835784,0.621409,0.735857,0.787981,0.710731,0.798434,0.701139,0.768186,0.692151,0.781489,0.665769,0.76009,0.66077,0.782341,0.690068,0.90167,0.764555,0.946504]}},{"position":{"type":"float32","components":3,"data":[-16.2155,47.7443,20.9259,-2.66013,38.8168,20.9259,-1.56892,48.1946,20.9259,-21.729,37.5086,20.9259,-16.199,61.5532,20.9259,-0.358686,63.5078,20.9259,-2.69912,67.6437,20.9259,-16.138,69.8517,20.9259,-12.4795,76.5785,20.9259,-3.74161,76.1545,20.9259,-22.1005,23.8647,20.9259,0.761288,22.5707,20.9259,-6.94507,8.15237,20.9259,6.30742,7.61767,20.9259,3.46811,54.2758,20.9259,2.44823,47.7345,20.9259,12.0351,51.3481,20.9259,9.08733,55.6437,20.9259,17.4531,58.5377,20.9259,13.2753,62.3844,20.9259,-19.8525,54.8877,20.9259,-20.9906,48.8105,20.9259,-26.5423,56.1349,20.9259,-29.2537,53.0063,20.9259,-32.9533,61.0019,20.9259,-27.3057,60.8786,20.9259,-16.1377,3.56673,20.9259,-22.4345,9.88506,20.9259,-11.9345,3.63993,20.9259,-16.8679,-1.67445,20.9259,-9.96204,-1.88637,20.9259,4.33722,5.90321,20.9259,-1.40164,3.71092,20.9259,3.28547,-1.46589,20.9259,10.4235,-0.532821,20.9259,-2.66013,38.8168,20.6479,-16.2155,47.7443,20.6479,-1.56892,48.1946,20.6479,-21.729,37.5086,20.6479,-16.199,61.5532,20.6479,-0.358686,63.5078,20.6479,-2.69912,67.6437,20.6479,-16.138,69.8517,20.6479,-12.4795,76.5785,20.6479,-3.74161,76.1545,20.6479,-22.1005,23.8647,20.6479,0.761288,22.5707,20.6479,6.30742,7.61767,20.6479,-6.94507,8.15237,20.6479,3.46811,54.2758,20.6479,2.44823,47.7345,20.6479,12.0351,51.3481,20.6479,9.08733,55.6437,20.6479,13.2753,62.3844,20.6479,17.4531,58.5377,20.6479,-20.9906,48.8105,20.6479,-19.8525,54.8877,20.6479,-26.5423,56.1349,20.6479,-29.2537,53.0063,20.6479,-32.9533,61.0019,20.6479,-27.3057,60.8786,20.6479,-16.1377,3.56673,20.6479,-11.9345,3.63993,20.6479,-22.4345,9.88506,20.6479,-9.96204,-1.88637,20.6479,-16.8679,-1.67445,20.6479,4.33722,5.90321,20.6479,-1.40164,3.71092,20.6479,3.28547,-1.46589,20.6479,10.4235,-0.532821,20.6479]},"normal":{"type":"float32","components":3,"data":[4.06476e-08,-1.70958e-08,1,4.58315e-08,-1.43584e-07,1,4.67492e-08,-1.78976e-08,1,4.51411e-08,-1.72033e-07,1,4.78066e-08,2.36721e-08,1,5.08895e-08,2.1283e-08,1,5.09479e-08,-6.05845e-09,1,4.99862e-08,-2.74705e-08,1,4.49648e-08,-1.39283e-07,1,4.49648e-08,-1.39283e-07,1,4.29215e-08,-1.35634e-07,1,4.29642e-08,-1.06849e-07,1,4.57242e-08,2.41484e-08,1,4.16143e-08,-1.10592e-08,1,3.35828e-08,-7.32225e-09,1,3.41194e-08,-7.63944e-09,1,2.01981e-08,-5.28666e-09,1,1.998e-08,-5.4311e-09,1,1.51996e-08,-8.59739e-09,1,1.51996e-08,-8.59739e-09,1,2.62696e-08,8.6699e-09,1,2.87659e-08,1.0187e-08,1,5.9997e-08,7.58062e-09,1,5.83541e-08,8.88374e-09,1,7.42686e-08,-3.73957e-09,1,7.42686e-08,-3.73957e-09,1,5.52037e-08,9.49476e-08,1,4.787e-08,4.15866e-08,1,5.50152e-08,9.22099e-08,1,4.74868e-08,-1.71304e-08,1,4.74868e-08,-1.71304e-08,1,4.07026e-08,-1.1454e-08,1,4.05811e-08,-1.1726e-08,1,4.21421e-08,-8.23053e-09,1,4.21421e-08,-8.23053e-09,1,-4.53432e-08,1.4315e-07,-1,-4.07586e-08,1.70243e-08,-1,-4.61676e-08,1.77203e-08,-1,-4.46153e-08,1.71679e-07,-1,-4.81139e-08,-2.31171e-08,-1,-5.08388e-08,-2.08394e-08,-1,-5.0861e-08,6.58811e-09,-1,-4.98479e-08,2.79102e-08,-1,-4.45576e-08,1.39253e-07,-1,-4.45576e-08,1.39253e-07,-1,-4.2538e-08,1.35659e-07,-1,-4.25146e-08,1.07124e-07,-1,-4.14463e-08,1.13841e-08,-1,-4.55537e-08,-2.39741e-08,-1,-3.23503e-08,7.33357e-09,-1,-3.2835e-08,7.63399e-09,-1,-2.09496e-08,5.51545e-09,-1,-2.07847e-08,5.65739e-09,-1,-1.71696e-08,8.76808e-09,-1,-1.71696e-08,8.76807e-09,-1,-2.90978e-08,-1.0248e-08,-1,-2.66217e-08,-8.61613e-09,-1,-6.06973e-08,-8.30671e-09,-1,-5.90016e-08,-9.6165e-09,-1,-7.54282e-08,3.07141e-09,-1,-7.54282e-08,3.07142e-09,-1,-5.52916e-08,-9.53116e-08,-1,-5.51098e-08,-9.25715e-08,-1,-4.78875e-08,-4.18284e-08,-1,-4.78493e-08,1.68611e-08,-1,-4.78493e-08,1.68611e-08,-1,-4.09808e-08,1.11121e-08,-1,-4.08355e-08,1.14246e-08,-1,-4.27022e-08,7.40863e-09,-1,-4.27022e-08,7.40864e-09,-1]},"blendIndices":{"type":"uint8","components":4,"data":[0,5,2,4,6,3,2,1,1,2,3,0,6,5,0,3,0,7,1,0,1,7,2,0,7,1,0,2,7,0,1,2,7,0,1,2,7,1,0,2,8,3,0,0,9,3,8,0,8,0,0,0,9,10,0,0,1,2,7,0,1,2,3,0,1,2,11,0,1,2,11,0,1,2,11,0,1,2,11,0,0,4,12,7,0,4,12,5,0,4,12,0,0,4,12,0,0,4,12,0,0,4,12,0,6,8,0,0,6,8,0,0,6,8,0,0,6,8,0,0,6,8,0,0,9,10,13,0,9,10,13,8,9,10,13,0,9,10,13,0,6,3,5,0,0,5,3,4,1,3,0,11,6,5,3,0,0,7,1,12,1,7,0,3,7,1,0,3,7,0,1,12,7,0,1,3,7,1,0,3,8,3,0,0,9,3,0,0,9,10,3,0,8,3,0,0,1,2,3,11,1,2,3,11,1,2,11,3,1,2,11,3,1,2,11,3,1,2,11,3,0,4,12,5,0,4,12,5,0,4,12,0,0,4,12,0,0,4,12,0,0,4,12,0,6,8,3,0,6,8,3,0,6,8,3,0,6,8,3,0,6,8,3,0,9,10,13,3,9,10,13,0,9,10,13,3,9,10,13,3]},"blendWeight":{"type":"float32","components":4,"data":[0.790025,0.114003,0.0518286,0.0441441,0.525356,0.458066,0.0109838,0.00559376,0.636744,0.298255,0.0535982,0.0114029,0.536473,0.353535,0.0692835,0.0407082,0.481991,0.481991,0.0360174,0,0.452766,0.452766,0.0745441,0.0199232,0.653477,0.228979,0.0592878,0.0582567,0.708309,0.222506,0.0678119,0.00137291,0.772123,0.138018,0.0842843,0.00557536,0.759582,0.134075,0.0756433,0.0306996,0.951621,0.0334677,0.0149118,0,0.860227,0.127899,0.0118743,0,1,0,0,0,0.5,0.5,0,0,0.497169,0.497169,0.00566211,0,0.490728,0.490728,0.0185448,0,0.333333,0.333333,0.333333,0,0.333333,0.333333,0.333333,0,0.333333,0.333333,0.333333,0,0.333333,0.333333,0.333333,0,0.478011,0.478011,0.0415421,0.00243569,0.489591,0.489591,0.0183946,0.00242315,0.333333,0.333333,0.333333,0,0.333333,0.333333,0.333333,0,0.333333,0.333333,0.333333,0,0.333333,0.333333,0.333333,0,0.5,0.5,0,0,0.5,0.5,0,0,0.5,0.5,0,0,0.5,0.5,0,0,0.5,0.5,0,0,0.333333,0.333333,0.333333,0,0.330744,0.330744,0.330744,0.00776939,0.333333,0.333333,0.333333,0,0.333333,0.333333,0.333333,0,0.527184,0.471909,0.000907277,0,0.63261,0.179728,0.112439,0.0752223,0.606012,0.304453,0.051011,0.0385236,0.53549,0.370582,0.0645078,0.0294203,0.456098,0.456098,0.0557627,0.0320418,0.466552,0.466552,0.0350839,0.0318121,0.573453,0.312665,0.0828959,0.0309859,0.615145,0.234216,0.127186,0.0234535,0.697233,0.157845,0.142475,0.00244643,0.692929,0.201634,0.0968412,0.0085951,0.862859,0.122122,0.0150189,0,0.853428,0.146572,0,0,0.49486,0.49486,0.0102803,0,0.926657,0.0733432,0,0,0.422209,0.422209,0.0976554,0.0579271,0.394196,0.394196,0.167282,0.0443264,0.314093,0.314093,0.314093,0.0577199,0.314972,0.314972,0.314972,0.0550848,0.326394,0.326394,0.326394,0.0208176,0.326523,0.326523,0.326523,0.0204304,0.465006,0.465006,0.0395325,0.0304565,0.432184,0.432184,0.0987459,0.0368867,0.333333,0.333333,0.333333,0,0.333333,0.333333,0.333333,0,0.333333,0.333333,0.333333,0,0.333333,0.333333,0.333333,0,0.476681,0.476681,0.0466376,0,0.478503,0.478503,0.0429944,0,0.473269,0.473269,0.0534614,0,0.478036,0.478036,0.0439282,0,0.477255,0.477255,0.0454906,0,0.331795,0.331795,0.331795,0.00461601,0.333333,0.333333,0.333333,0,0.332917,0.332917,0.332917,0.00124838,0.332625,0.332625,0.332625,0.00212474]},"texCoord0":{"type":"float32","components":2,"data":[0.685295,0.453916,0.745734,0.414159,0.7506,0.455921,0.660712,0.408334,0.685369,0.515411,0.755996,0.524115,0.745561,0.542533,0.685641,0.552366,0.701953,0.582322,0.740913,0.580435,0.659056,0.347574,0.760989,0.341811,0.726629,0.277602,0.785718,0.275221,0.773058,0.483003,0.768511,0.453872,0.811256,0.469965,0.798113,0.489094,0.835413,0.501982,0.816786,0.519112,0.669079,0.485727,0.664004,0.458664,0.639251,0.491282,0.627162,0.477349,0.610667,0.512956,0.635847,0.512407,0.685642,0.257181,0.657567,0.285319,0.704383,0.257507,0.682386,0.233841,0.713177,0.232897,0.776933,0.267586,0.751346,0.257823,0.772244,0.23477,0.80407,0.238925,0.745734,0.414159,0.685295,0.453916,0.7506,0.455921,0.660712,0.408334,0.685369,0.515411,0.755996,0.524115,0.745561,0.542533,0.685641,0.552366,0.701953,0.582322,0.740913,0.580435,0.659056,0.347574,0.760989,0.341811,0.785718,0.275221,0.726629,0.277602,0.773058,0.483003,0.768511,0.453872,0.811256,0.469965,0.798113,0.489094,0.816786,0.519112,0.835413,0.501982,0.664004,0.458664,0.669079,0.485727,0.639251,0.491282,0.627162,0.477349,0.610667,0.512956,0.635847,0.512407,0.685642,0.257181,0.704383,0.257507,0.657567,0.285319,0.713177,0.232897,0.682386,0.233841,0.776933,0.267586,0.751346,0.257823,0.772244,0.23477,0.80407,0.238925]}},{"position":{"type":"float32","components":3,"data":[-323.044,33.2688,37.4235,-314.367,33.2688,22.8579,-329.031,33.2688,27.5544,-307.54,33.2688,32.296,-327.636,33.2688,18.5201,-315.976,33.2688,18.0058,-324.63,33.2688,11.7342,-315.22,33.2688,13.029,-312.432,33.2688,4.84021,-327.314,33.2688,0.80061,-311.387,33.2688,16.4489,-312.045,33.2688,20.5945,-306.62,33.2688,19.4245,-305.913,33.2688,13.5187,-315.456,33.2688,44.6195,-310.848,33.2688,44.6881,-312.499,33.2688,47.2483,-316.8,33.2688,47.6211,-325.639,33.2688,50.4958,-319.611,33.2688,55.1487,-319.285,33.2688,51.3234,-326.017,33.2688,55.2892,-317.078,33.2688,52.2742,-316.623,33.2688,54.7412,-314.99,33.2688,0.0536952,-317.61,33.2688,-4.8497,-310.748,33.2688,-5.41064,-316.079,33.2688,-6.98957,-315.945,33.2688,-12.7157,-312.994,33.2688,-17.4277,-320.035,33.2688,-20.1033,-322.986,33.2688,-15.3912,-325.318,33.2688,-11.2177,-316.959,33.2688,-11.3283,-330.982,33.2688,-3.10926,-324.566,33.2688,42.3376,-314.743,33.2688,50.5888,-312.003,33.2688,50.2499,-307.54,33.075,32.296,-323.044,33.075,37.4235,-314.367,33.075,22.8579,-329.031,33.075,27.5544,-327.636,33.075,18.5201,-315.976,33.075,18.0058,-324.63,33.075,11.7342,-315.22,33.075,13.029,-312.432,33.075,4.84021,-327.314,33.075,0.80061,-311.387,33.075,16.4489,-312.045,33.075,20.5945,-306.62,33.075,19.4245,-305.913,33.075,13.5187,-310.848,33.075,44.6881,-315.456,33.075,44.6195,-312.499,33.075,47.2483,-316.8,33.075,47.6211,-319.611,33.075,55.1487,-325.639,33.075,50.4958,-319.285,33.075,51.3234,-326.017,33.075,55.2892,-317.078,33.075,52.2742,-316.623,33.075,54.7412,-317.61,33.075,-4.8497,-314.99,33.075,0.0536952,-316.079,33.075,-6.98957,-310.748,33.075,-5.41064,-315.945,33.075,-12.7157,-312.994,33.075,-17.4277,-320.035,33.075,-20.1033,-322.986,33.075,-15.3912,-325.318,33.075,-11.2177,-316.959,33.075,-11.3283,-330.982,33.075,-3.10926,-324.566,33.075,42.3376,-314.743,33.075,50.5888,-312.003,33.075,50.2499]},"normal":{"type":"float32","components":3,"data":[1.592e-07,1,7.46534e-08,1.17565e-07,1,1.15108e-07,1.17599e-07,1,1.15388e-07,1.52578e-07,1,5.1302e-08,1.2776e-07,1,2.62464e-07,7.95974e-08,1,2.06526e-07,1.03111e-07,1,1.35943e-07,7.93487e-08,1,1.34718e-07,1.0066e-07,1,9.77106e-08,9.14421e-08,1,7.68456e-08,-7.44155e-15,1,1.34359e-07,-1.08618e-14,1,1.34359e-07,4.02209e-14,1,1.34359e-07,3.69581e-14,1,1.34359e-07,2.28388e-07,1,2.27654e-07,2.58753e-07,1,2.29728e-07,2.89882e-07,1,1.59354e-07,2.93566e-07,1,1.39088e-07,1.70869e-07,1,1.92973e-07,9.27528e-08,1,1.41936e-07,1.26836e-07,1,1.80436e-07,1.674e-07,1,1.48035e-07,-2.01341e-13,1,1.34359e-07,-2.04968e-13,1,1.34359e-07,7.10657e-08,1,9.63773e-08,6.84315e-08,1,1.31179e-07,2.61198e-13,1,1.34359e-07,2.54622e-13,1,1.34359e-07,1.69694e-13,1,1.34359e-07,7.11116e-14,1,1.34359e-07,-7.411e-14,1,1.34359e-07,-7.04827e-14,1,1.34359e-07,1.18061e-07,1,1.85475e-07,1.18061e-07,1,1.85475e-07,9.90457e-08,1,1.17141e-07,1.92739e-07,1,2.08621e-07,3.19253e-07,1,-2.20472e-09,3.19253e-07,1,-2.20472e-09,-1.52402e-07,-1,-5.10184e-08,-1.59218e-07,-1,-7.44498e-08,-1.17904e-07,-1,-1.15715e-07,-1.17939e-07,-1,-1.15996e-07,-1.28064e-07,-1,-2.63177e-07,-7.96012e-08,-1,-2.07643e-07,-1.02793e-07,-1,-1.35927e-07,-7.9003e-08,-1,-1.35184e-07,-1.00296e-07,-1,-9.75088e-08,-9.1773e-08,-1,-7.71972e-08,-1.9496e-10,-1,-1.36576e-07,-1.98263e-10,-1,-1.36577e-07,-7.82088e-10,-1,-1.36714e-07,-7.82089e-10,-1,-1.36714e-07,-2.56894e-07,-1,-2.28042e-07,-2.27309e-07,-1,-2.26357e-07,-2.87702e-07,-1,-1.5882e-07,-2.91377e-07,-1,-1.38792e-07,-9.29923e-08,-1,-1.43426e-07,-1.69644e-07,-1,-1.92698e-07,-1.26774e-07,-1,-1.80774e-07,-1.65352e-07,-1,-1.4884e-07,-3.08177e-09,-1,-1.36698e-07,-3.08178e-09,-1,-1.36698e-07,-6.80879e-08,-1,-1.30805e-07,-7.05845e-08,-1,-9.55235e-08,1.85563e-09,-1,-1.33514e-07,1.84798e-09,-1,-1.33502e-07,1.09675e-09,-1,-1.34292e-07,4.52153e-10,-1,-1.3448e-07,-4.73675e-10,-1,-1.34749e-07,-4.73678e-10,-1,-1.34749e-07,-1.18578e-07,-1,-1.86252e-07,-1.18578e-07,-1,-1.86252e-07,-9.98299e-08,-1,-1.1806e-07,-1.92482e-07,-1,-2.0773e-07,-3.17004e-07,-1,8.34831e-10,-3.17004e-07,-1,8.34831e-10]},"blendIndices":{"type":"uint8","components":4,"data":[0,1,0,0,0,1,0,0,0,2,1,0,1,0,0,0,2,0,0,0,2,0,0,0,2,0,0,0,2,0,0,0,2,3,0,0,2,3,0,0,2,4,0,0,2,4,0,0,2,4,5,0,2,4,5,0,1,0,0,0,1,0,0,0,1,0,0,0,1,0,0,0,0,6,1,0,0,6,7,1,0,6,1,0,0,6,7,1,0,6,7,1,0,6,7,1,2,3,0,0,2,3,0,0,2,3,9,0,2,3,9,0,2,3,9,10,2,3,9,10,2,3,9,10,2,3,9,10,2,3,8,0,2,3,8,0,2,3,8,0,0,6,1,0,1,0,0,0,1,0,0,0,1,0,0,0,0,1,0,0,0,1,0,0,0,2,1,0,2,0,0,0,1,0,0,0,2,0,0,0,2,0,0,0,2,3,0,0,2,3,0,0,2,4,0,0,2,4,1,0,2,4,5,0,2,4,5,0,1,0,0,0,1,0,0,0,1,0,0,0,1,0,0,0,0,6,7,1,0,6,1,0,0,6,1,0,0,6,7,1,0,6,7,1,0,6,7,1,2,3,0,0,2,3,0,0,2,3,9,0,2,3,9,0,2,3,9,10,2,3,9,10,2,3,9,10,2,3,9,10,2,3,8,0,2,3,8,0,2,3,8,0,0,6,1,0,1,0,0,0,1,0,0,0]},"blendWeight":{"type":"float32","components":4,"data":[0.873753,0.126247,0,0,0.938987,0.0610127,0,0,0.87808,0.0784936,0.0434261,0,1,0,0,0,1,0,0,0,1,0,0,0,1,0,0,0,1,0,0,0,0.5,0.5,0,0,0.5,0.5,0,0,0.5,0.5,0,0,0.5,0.5,0,0,0.333333,0.333333,0.333333,0,0.333333,0.333333,0.333333,0,1,0,0,0,1,0,0,0,1,0,0,0,1,0,0,0,0.488277,0.488277,0.0234462,0,0.333108,0.333108,0.333108,0.000677312,0.479513,0.479513,0.040975,0,0.332859,0.332859,0.332859,0.00142225,0.327699,0.327699,0.327699,0.0169027,0.332092,0.332092,0.332092,0.00372361,0.5,0.5,0,0,0.5,0.5,0,0,0.333333,0.333333,0.333333,0,0.333333,0.333333,0.333333,0,0.25,0.25,0.25,0.25,0.25,0.25,0.25,0.25,0.25,0.25,0.25,0.25,0.25,0.25,0.25,0.25,0.333333,0.333333,0.333333,0,0.333333,0.333333,0.333333,0,0.333333,0.333333,0.333333,0,0.459,0.459,0.0819991,0,1,0,0,0,1,0,0,0,1,0,0,0,0.877159,0.122841,0,0,0.951088,0.0489122,0,0,0.87343,0.0841282,0.0424421,0,1,0,0,0,1,0,0,0,1,0,0,0,1,0,0,0,0.5,0.5,0,0,0.5,0.5,0,0,0.5,0.5,0,0,0.498485,0.498485,0.00303029,0,0.333333,0.333333,0.333333,0,0.333333,0.333333,0.333333,0,1,0,0,0,1,0,0,0,1,0,0,0,1,0,0,0,0.325149,0.325149,0.325149,0.0245539,0.485557,0.485557,0.0288853,0,0.475432,0.475432,0.0491362,0,0.328989,0.328989,0.328989,0.0130336,0.32417,0.32417,0.32417,0.0274914,0.326242,0.326242,0.326242,0.0212735,0.5,0.5,0,0,0.5,0.5,0,0,0.333333,0.333333,0.333333,0,0.333333,0.333333,0.333333,0,0.25,0.25,0.25,0.25,0.25,0.25,0.25,0.25,0.25,0.25,0.25,0.25,0.25,0.25,0.25,0.25,0.333333,0.333333,0.333333,0,0.333333,0.333333,0.333333,0,0.333333,0.333333,0.333333,0,0.458472,0.458472,0.083056,0,1,0,0,0,1,0,0,0]},"texCoord0":{"type":"float32","components":2,"data":[0.376967,0.726827,0.415227,0.791054,0.350566,0.770345,0.445332,0.749436,0.356717,0.810182,0.408131,0.81245,0.369969,0.840105,0.411465,0.834395,0.423761,0.870504,0.358135,0.888317,0.428369,0.819315,0.425466,0.801035,0.449388,0.806194,0.452506,0.832236,0.410425,0.695096,0.430742,0.694793,0.423465,0.683504,0.404496,0.68186,0.365522,0.669184,0.392101,0.648667,0.393538,0.665535,0.363854,0.648047,0.403271,0.661342,0.405277,0.650464,0.41248,0.89161,0.400924,0.913232,0.431185,0.915706,0.407678,0.922668,0.408269,0.947917,0.421281,0.968695,0.390233,0.980493,0.377221,0.959715,0.366937,0.941312,0.403799,0.9418,0.341963,0.905558,0.370256,0.705158,0.41357,0.668774,0.425651,0.670268,0.445332,0.749436,0.376967,0.726827,0.415227,0.791054,0.350566,0.770345,0.356717,0.810182,0.408131,0.81245,0.369969,0.840105,0.411465,0.834395,0.423761,0.870504,0.358135,0.888317,0.428369,0.819315,0.425466,0.801035,0.449388,0.806194,0.452506,0.832236,0.430742,0.694793,0.410425,0.695096,0.423465,0.683504,0.404496,0.68186,0.392101,0.648667,0.365522,0.669184,0.393538,0.665535,0.363854,0.648047,0.403271,0.661342,0.405277,0.650464,0.400924,0.913232,0.41248,0.89161,0.407678,0.922668,0.431185,0.915706,0.408269,0.947917,0.421281,0.968695,0.390233,0.980493,0.377221,0.959715,0.366937,0.941312,0.403799,0.9418,0.341963,0.905558,0.370256,0.705158,0.41357,0.668774,0.425651,0.670268]}},{"position":{"type":"float32","components":3,"data":[351.874,73.9537,-7.70751,368.973,73.9537,73.5533,394.567,73.9537,1.44516,349.134,73.9537,75.1856,309.246,73.9537,58.3777,304.319,73.9537,15.5069,317.184,73.9537,88.7966,341.264,73.9537,89.9804,313.975,73.9537,107.203,345.775,73.9537,107.284,390.77,73.9537,78.3178,415.997,73.9537,1.43046,407.9,73.9537,54.3576,420.293,73.9537,57.9792,386.341,73.9537,88.9687,367.852,73.9537,88.9834,385.169,73.9537,105.971,362.82,73.9537,106.904,305.99,73.9537,65.5994,299.224,73.9537,61.058,401.837,73.9537,106.538,416.52,73.9537,84.8233,398.209,73.9537,90.273,426.03,73.9537,105.316,436.379,73.9537,15.5811,439.022,73.9537,61.2849,437.992,73.9537,77.3869,426.617,73.9537,83.2719,433.712,73.9537,95.3301,444.536,73.9537,94.7757,432.793,73.9537,100.183,438.654,73.9537,108.451,292.607,73.9537,77.6011,299.372,73.9537,82.1426,351.874,73.7634,-7.70751,368.973,73.7634,73.5533,349.134,73.7634,75.1856,394.567,73.7634,1.44516,309.246,73.7634,58.3777,304.319,73.7634,15.5069,317.184,73.7634,88.7966,341.264,73.7634,89.9804,313.975,73.7634,107.203,345.775,73.7634,107.284,415.997,73.7634,1.43046,390.77,73.7634,78.3178,420.293,73.7634,57.9792,407.9,73.7634,54.3576,386.341,73.7634,88.9687,367.852,73.7634,88.9834,385.169,73.7634,105.971,362.82,73.7634,106.904,299.224,73.7634,61.058,305.99,73.7634,65.5994,401.837,73.7634,106.538,416.52,73.7634,84.8233,426.03,73.7634,105.316,398.209,73.7634,90.273,436.379,73.7634,15.5811,439.022,73.7634,61.2849,437.992,73.7634,77.3869,426.617,73.7634,83.2719,433.712,73.7634,95.3301,444.536,73.7634,94.7757,438.654,73.7634,108.451,432.793,73.7634,100.183,292.607,73.7634,77.6011,299.372,73.7634,82.1426]},"normal":{"type":"float32","components":3,"data":[5.69647e-09,1,-9.78192e-08,1.72535e-08,1,-1.45857e-08,2.41785e-08,1,-7.72152e-08,3.22411e-09,1,-1.53357e-08,-4.10101e-07,1,-5.38318e-08,-1.08882e-07,1,-1.2096e-07,-5.97478e-15,1,1.34359e-07,-5.99771e-15,1,1.34359e-07,-7.50081e-15,1,1.34359e-07,-7.50081e-15,1,1.34359e-07,-2.42673e-08,1,4.46804e-08,3.53715e-08,1,-1.40917e-07,-2.53421e-07,1,-1.63534e-07,9.00449e-08,1,-9.72514e-08,-1.82302e-14,1,1.34359e-07,-2.11511e-14,1,1.34359e-07,-3.2145e-14,1,1.34359e-07,-3.2145e-14,1,1.34359e-07,-5.68879e-07,1,-2.62459e-08,-6.54583e-07,1,-3.61257e-08,-2.22314e-14,1,1.34359e-07,-2.98718e-14,1,1.34359e-07,-3.06411e-14,1,1.34359e-07,-2.22314e-14,1,1.34359e-07,1.4876e-07,1,-1.9894e-07,6.59243e-08,1,-1.33448e-08,2.03169e-15,1,1.34359e-07,4.01473e-15,1,1.34359e-07,2.42694e-14,1,1.34359e-07,2.42723e-14,1,1.34359e-07,3.87045e-14,1,1.34359e-07,3.87045e-14,1,1.34359e-07,-3.33747e-07,1,8.59838e-10,-3.33747e-07,1,8.59838e-10,-5.71068e-09,-1,9.77943e-08,-1.73887e-08,-1,1.443e-08,-3.2214e-09,-1,1.52554e-08,-2.43118e-08,-1,7.71399e-08,4.10661e-07,-1,5.38653e-08,1.0895e-07,-1,1.20969e-07,8.8828e-11,-1,-1.3427e-07,8.97086e-11,-1,-1.34266e-07,1.47438e-10,-1,-1.33972e-07,1.47438e-10,-1,-1.33972e-07,-3.55111e-08,-1,1.40886e-07,2.43082e-08,-1,-4.47361e-08,-9.03919e-08,-1,9.73674e-08,2.53875e-07,-1,1.63769e-07,-1.05866e-10,-1,-1.34391e-07,-6.81633e-11,-1,-1.34298e-07,7.37454e-11,-1,-1.33947e-07,7.37454e-11,-1,-1.33947e-07,6.5558e-07,-1,3.62506e-08,5.69776e-07,-1,2.63643e-08,-2.42486e-10,-1,-1.34887e-07,1.67616e-11,-1,-1.34566e-07,-2.42486e-10,-1,-1.34887e-07,4.28659e-11,-1,-1.34534e-07,-1.48832e-07,-1,1.98911e-07,-6.61144e-08,-1,1.35596e-08,-3.74467e-10,-1,-1.34003e-07,-4.01752e-10,-1,-1.34019e-07,-4.08331e-10,-1,-1.34682e-07,-4.08309e-10,-1,-1.34682e-07,-2.98389e-10,-1,-1.35367e-07,-2.98389e-10,-1,-1.35367e-07,3.34366e-07,-1,-7.59274e-10,3.34366e-07,-1,-7.59267e-10]},"blendIndices":{"type":"uint8","components":4,"data":[0,1,0,0,0,1,3,0,0,1,0,0,0,1,2,0,0,2,0,0,0,0,0,0,0,2,4,0,0,2,4,0,0,2,4,0,0,2,4,0,0,1,3,5,0,1,6,0,0,1,5,6,0,1,6,7,0,1,3,8,0,1,3,8,0,1,3,8,0,1,3,8,0,0,0,0,0,0,0,0,0,1,5,9,0,1,5,9,0,1,5,9,0,1,5,9,0,1,6,0,0,1,6,7,0,1,7,10,0,1,7,10,0,1,7,10,0,1,7,10,0,1,7,10,0,1,7,10,0,0,0,0,0,0,0,0,0,1,0,0,0,1,3,0,0,1,2,0,0,1,0,0,0,2,0,0,0,0,0,0,0,2,4,0,0,2,4,0,0,2,4,0,0,2,4,0,0,1,6,0,0,1,3,5,0,1,6,7,0,1,5,6,0,1,3,8,0,1,3,8,0,1,3,8,0,1,3,8,0,0,0,0,0,0,0,0,0,1,5,9,0,1,5,9,0,1,5,9,0,1,5,9,0,1,6,0,0,1,6,7,0,1,7,10,0,1,7,10,0,1,7,10,0,1,7,10,0,1,7,10,0,1,7,10,0,0,0,0,0,0,0,0]},"blendWeight":{"type":"float32","components":4,"data":[0.5,0.5,0,0,0.333333,0.333333,0.333333,0,0.5,0.5,0,0,0.333333,0.333333,0.333333,0,0.5,0.5,0,0,1,0,0,0,0.333333,0.333333,0.333333,0,0.333333,0.333333,0.333333,0,0.333333,0.333333,0.333333,0,0.333333,0.333333,0.333333,0,0.25,0.25,0.25,0.25,0.333333,0.333333,0.333333,0,0.25,0.25,0.25,0.25,0.25,0.25,0.25,0.25,0.25,0.25,0.25,0.25,0.25,0.25,0.25,0.25,0.25,0.25,0.25,0.25,0.25,0.25,0.25,0.25,1,0,0,0,1,0,0,0,0.25,0.25,0.25,0.25,0.25,0.25,0.25,0.25,0.25,0.25,0.25,0.25,0.25,0.25,0.25,0.25,0.333333,0.333333,0.333333,0,0.25,0.25,0.25,0.25,0.25,0.25,0.25,0.25,0.25,0.25,0.25,0.25,0.25,0.25,0.25,0.25,0.25,0.25,0.25,0.25,0.25,0.25,0.25,0.25,0.25,0.25,0.25,0.25,1,0,0,0,1,0,0,0,0.5,0.5,0,0,0.333333,0.333333,0.333333,0,0.333333,0.333333,0.333333,0,0.5,0.5,0,0,0.5,0.5,0,0,1,0,0,0,0.333333,0.333333,0.333333,0,0.333333,0.333333,0.333333,0,0.333333,0.333333,0.333333,0,0.333333,0.333333,0.333333,0,0.333333,0.333333,0.333333,0,0.25,0.25,0.25,0.25,0.25,0.25,0.25,0.25,0.25,0.25,0.25,0.25,0.25,0.25,0.25,0.25,0.25,0.25,0.25,0.25,0.25,0.25,0.25,0.25,0.25,0.25,0.25,0.25,1,0,0,0,1,0,0,0,0.25,0.25,0.25,0.25,0.25,0.25,0.25,0.25,0.25,0.25,0.25,0.25,0.25,0.25,0.25,0.25,0.333333,0.333333,0.333333,0,0.25,0.25,0.25,0.25,0.25,0.25,0.25,0.25,0.25,0.25,0.25,0.25,0.25,0.25,0.25,0.25,0.25,0.25,0.25,0.25,0.25,0.25,0.25,0.25,0.25,0.25,0.25,0.25,1,0,0,0,1,0,0,0]},"texCoord0":{"type":"float32","components":2,"data":[0.38566,0.910824,0.497984,0.377017,0.666114,0.8507,0.367661,0.366294,0.105637,0.476706,0.0732687,0.758328,0.157781,0.276883,0.315961,0.269107,0.136703,0.15597,0.345598,0.155439,0.641173,0.345719,0.806887,0.850797,0.753699,0.503115,0.835113,0.479324,0.612077,0.275753,0.490624,0.275656,0.604378,0.164065,0.457568,0.157931,0.0842443,0.429267,0.0398018,0.4591,0.713872,0.160337,0.810326,0.302984,0.690042,0.267184,0.872796,0.168364,0.940782,0.75784,0.958141,0.457609,0.951379,0.351834,0.876651,0.313175,0.92326,0.233964,0.994366,0.237606,0.917222,0.202087,0.955726,0.147769,-0.00366762,0.350426,0.040775,0.320593,0.38566,0.910824,0.497984,0.377017,0.367661,0.366294,0.666114,0.8507,0.105637,0.476706,0.0732687,0.758328,0.157781,0.276883,0.315961,0.269107,0.136703,0.15597,0.345598,0.155439,0.806887,0.850797,0.641173,0.345719,0.835113,0.479324,0.753699,0.503115,0.612077,0.275753,0.490624,0.275656,0.604378,0.164065,0.457568,0.157931,0.0398018,0.4591,0.0842443,0.429267,0.713872,0.160337,0.810326,0.302984,0.872796,0.168364,0.690042,0.267184,0.940782,0.75784,0.958141,0.457609,0.951379,0.351834,0.876651,0.313175,0.92326,0.233964,0.994366,0.237606,0.955726,0.147769,0.917222,0.202087,-0.00366762,0.350426,0.040775,0.320593]}}],"meshes":[{"aabb":{"min":[292.607,73.7634,-7.70751],"max":[444.536,73.9537,108.451]},"vertices":0,"skin":0,"indices":[0,1,2,1,0,3,0,4,3,4,0,5,3,4,6,3,6,7,6,8,7,7,8,9,10,11,2,2,1,10,11,12,13,1,14,10,14,1,15,15,16,14,16,15,17,18,4,19,4,5,19,20,21,22,21,20,23,24,13,25,13,24,11,13,26,25,26,13,27,28,26,27,26,28,29,30,29,28,31,29,30,19,32,18,33,18,32,21,12,10,21,10,22,12,11,10,34,35,36,35,34,37,38,34,36,34,38,39,36,40,38,40,36,41,42,41,43,41,42,40,44,45,37,35,37,45,44,46,47,35,48,49,48,35,45,50,49,48,49,50,51,52,39,38,52,38,53,54,55,56,55,54,57,46,58,59,58,46,44,60,46,59,46,60,61,62,60,63,60,62,61,63,64,65,63,65,62,66,52,53,66,53,67,47,55,45,55,57,45,47,45,44],"type":"triangles","base":0,"count":192},{"aabb":{"min":[-94.7915,40.2578,-22.3738],"max":[-44.8117,40.6326,62.23]},"vertices":1,"skin":1,"indices":[0,1,2,1,0,3,0,2,4,5,2,6,2,5,7,8,6,9,6,8,5,9,10,8,8,10,11,12,1,3,1,12,13,14,15,16,15,14,17,15,17,18,15,18,19,20,19,21,19,20,15,22,23,24,23,22,25,4,2,24,24,2,7,24,7,22,25,26,23,26,25,27,27,28,26,26,28,29,30,31,22,30,22,7,31,30,32,31,32,33,13,12,14,13,14,16,32,34,35,34,32,36,37,20,21,20,37,38,39,37,40,37,21,40,41,42,36,41,36,30,36,32,30,43,41,44,41,43,42,45,44,46,44,45,43,47,45,46,45,47,48,18,49,19,19,49,50,18,17,51,49,52,50,52,49,53,49,18,54,55,56,57,56,55,58,56,59,57,60,57,61,57,60,62,62,63,64,63,62,60,65,63,66,65,64,63,67,68,55,55,68,58,69,70,71,70,69,72,70,73,71,73,70,74,75,74,70,74,75,76,77,78,79,78,77,80,59,80,57,77,61,80,57,80,61,79,81,82,81,79,78,83,81,84,83,82,81,85,86,77,77,86,61,87,85,88,86,85,87,69,67,72,67,69,68,89,87,90,87,89,91,92,93,75,75,93,76,94,76,93,93,95,94,91,96,97,91,97,86,91,86,87,98,97,96,97,98,99,99,100,101,100,99,98,102,100,103,100,102,101,104,74,105,74,104,73,73,106,71,107,104,105,104,107,108,104,109,73],"type":"triangles","base":0,"count":318},{"aabb":{"min":[-24.1057,-2.75643,20.7548],"max":[16.2361,80.9385,20.9259]},"vertices":2,"skin":2,"indices":[0,1,2,1,0,3,0,4,3,3,4,5,5,6,7,8,9,10,9,8,11,10,12,8,12,10,2,12,2,1,8,13,11,13,8,14,14,15,13,15,14,16,16,17,15,15,17,18,19,20,6,20,19,21,19,4,22,5,4,6,6,4,19,21,23,20,20,23,24,6,25,7,25,6,26,27,25,26,25,27,28,28,29,25,29,28,30,10,31,2,31,10,32,33,32,34,32,33,31,35,34,36,34,35,33,11,37,9,37,11,38,39,40,41,41,40,42,43,44,39,39,44,40,43,45,46,47,48,49,48,47,50,50,47,51,41,42,51,50,51,42,52,47,49,47,52,53,53,54,55,54,53,52,56,54,57,54,56,55,58,59,60,59,58,46,58,61,44,46,58,44,46,44,43,62,63,59,59,63,60,46,45,64,64,65,46,66,64,67,64,66,65,67,68,69,68,67,64,50,70,71,70,50,42,72,71,70,71,72,73,74,73,72,73,74,75,49,76,77,76,49,48],"type":"triangles","base":0,"count":222},{"aabb":{"min":[-32.9533,-1.88637,20.6479],"max":[17.4531,76.5785,20.9259]},"vertices":3,"skin":3,"indices":[0,1,2,1,0,3,4,2,5,2,4,0,6,7,4,4,5,6,6,8,7,8,6,9,10,1,3,1,10,11,12,11,10,11,12,13,2,14,5,14,2,15,15,16,14,14,16,17,18,17,16,17,18,19,0,4,20,0,20,21,22,21,20,21,22,23,22,24,23,24,22,25,26,12,27,12,26,28,12,10,27,29,28,26,28,29,30,12,31,13,31,12,32,33,31,32,33,34,31,35,36,37,36,35,38,37,39,40,39,37,36,40,39,41,39,42,41,41,43,44,43,41,42,45,35,46,35,45,38,47,48,46,45,46,48,37,49,50,49,37,40,51,49,52,51,50,49,52,53,54,52,54,51,55,56,36,39,36,56,57,55,58,55,57,56,59,57,58,57,59,60,61,48,62,63,48,61,48,63,45,64,65,62,62,65,61,66,48,47,48,66,67,67,66,68,66,69,68],"type":"triangles","base":0,"count":198},{"aabb":{"min":[-330.982,33.075,-20.1033],"max":[-305.913,33.2688,55.2892]},"vertices":4,"skin":4,"indices":[0,1,2,1,0,3,4,1,5,1,4,2,6,5,7,5,6,4,8,9,6,8,6,7,10,5,11,5,10,7,11,12,10,10,12,13,3,14,15,14,16,15,16,14,17,18,19,20,19,18,21,19,22,20,22,19,23,9,24,25,26,25,24,25,26,27,24,9,8,26,28,27,28,26,29,30,28,29,28,30,31,32,25,33,25,32,34,14,3,0,14,0,35,36,16,17,16,36,37,35,20,14,20,35,18,25,34,9,38,39,40,40,39,41,40,42,43,42,40,41,43,44,45,44,43,42,45,44,46,44,47,46,43,48,49,48,43,45,50,48,51,50,49,48,38,52,53,53,54,55,54,53,52,56,57,58,57,56,59,56,60,61,60,56,58,47,62,63,64,65,62,62,65,63,63,46,47,65,66,67,66,65,64,68,66,69,66,68,67,62,70,71,70,62,72,38,53,39,53,73,39,74,54,75,54,74,55,57,73,58,58,73,53,62,47,72],"type":"triangles","base":0,"count":216},{"aabb":{"min":[292.607,73.7634,-7.70751],"max":[444.536,73.9537,108.451]},"vertices":5,"skin":5,"indices":[0,1,2,1,0,3,0,4,3,4,0,5,3,4,6,3,6,7,6,8,7,7,8,9,10,11,2,2,1,10,11,12,13,1,14,10,14,1,15,15,16,14,16,15,17,18,4,19,4,5,19,20,21,22,21,20,23,24,13,25,13,24,11,13,26,25,26,13,27,28,26,27,26,28,29,30,29,28,31,29,30,19,32,18,33,18,32,21,12,10,21,10,22,12,11,10,34,35,36,35,34,37,38,34,36,34,38,39,36,40,38,40,36,41,42,41,43,41,42,40,44,45,37,35,37,45,44,46,47,35,48,49,48,35,45,50,49,48,49,50,51,52,39,38,52,38,53,54,55,56,55,54,57,46,58,59,58,46,44,60,46,59,46,60,61,62,60,63,60,62,61,63,64,65,63,65,62,66,52,53,66,53,67,47,55,45,55,57,45,47,45,44],"type":"triangles","base":0,"count":192}],"meshInstances":[{"node":1,"mesh":0},{"node":19,"mesh":1},{"node":45,"mesh":2},{"node":67,"mesh":3},{"node":92,"mesh":4},{"node":128,"mesh":5}]}}