{"frames": [

{
	"filename": "bg_duong_pho",
	"frame": {"x":703,"y":1,"w":60,"h":950},
	"rotated": false,
	"trimmed": false,
	"spriteSourceSize": {"x":0,"y":0,"w":60,"h":950},
	"sourceSize": {"w":60,"h":950}
},
{
	"filename": "bien_bao",
	"frame": {"x":275,"y":1,"w":260,"h":641},
	"rotated": false,
	"trimmed": true,
	"spriteSourceSize": {"x":7,"y":7,"w":260,"h":641},
	"sourceSize": {"w":333,"h":655}
},
{
	"filename": "bien_bao_hot",
	"frame": {"x":1,"y":1,"w":273,"h":655},
	"rotated": false,
	"trimmed": true,
	"spriteSourceSize": {"x":0,"y":0,"w":273,"h":655},
	"sourceSize": {"w":333,"h":655}
},
{
	"filename": "cho_gian_du",
	"frame": {"x":1,"y":852,"w":218,"h":157},
	"rotated": false,
	"trimmed": false,
	"spriteSourceSize": {"x":0,"y":0,"w":218,"h":157},
	"sourceSize": {"w":218,"h":157}
},
{
	"filename": "cho_idle",
	"frame": {"x":220,"y":852,"w":211,"h":160},
	"rotated": false,
	"trimmed": false,
	"spriteSourceSize": {"x":0,"y":0,"w":211,"h":160},
	"sourceSize": {"w":211,"h":160}
},
{
	"filename": "thung_rac",
	"frame": {"x":536,"y":1,"w":166,"h":242},
	"rotated": false,
	"trimmed": true,
	"spriteSourceSize": {"x":7,"y":7,"w":166,"h":242},
	"sourceSize": {"w":180,"h":256}
},
{
	"filename": "thung_rac_hot",
	"frame": {"x":432,"y":643,"w":180,"h":256},
	"rotated": false,
	"trimmed": false,
	"spriteSourceSize": {"x":0,"y":0,"w":180,"h":256},
	"sourceSize": {"w":180,"h":256}
},
{
	"filename": "xe_dap",
	"frame": {"x":1,"y":657,"w":333,"h":194},
	"rotated": false,
	"trimmed": false,
	"spriteSourceSize": {"x":0,"y":0,"w":333,"h":194},
	"sourceSize": {"w":333,"h":194}
}],
"meta": {
	"app": "https://www.codeandweb.com/texturepacker",
	"version": "1.0",
	"image": "props.png",
	"format": "RGBA8888",
	"size": {"w":764,"h":1013},
	"scale": "1",
	"smartupdate": "$TexturePacker:SmartUpdate:c5d80d9ffdd1cd42f8165b23f11c76de:4d7156ebb3b82ba89d603ecf7120a59d:f4c39b94f5b79b4c461da96ae5609d50$"
}
}
