{"frames": [

{
	"filename": "balo_dong",
	"frame": {"x":1052,"y":164,"w":136,"h":161},
	"rotated": false,
	"trimmed": false,
	"spriteSourceSize": {"x":0,"y":0,"w":136,"h":161},
	"sourceSize": {"w":136,"h":161}
},
{
	"filename": "bat_lua",
	"frame": {"x":1320,"y":1,"w":52,"h":138},
	"rotated": false,
	"trimmed": true,
	"spriteSourceSize": {"x":7,"y":7,"w":52,"h":138},
	"sourceSize": {"w":66,"h":152}
},
{
	"filename": "bat_lua_hot",
	"frame": {"x":1301,"y":232,"w":66,"h":152},
	"rotated": false,
	"trimmed": false,
	"spriteSourceSize": {"x":0,"y":0,"w":66,"h":152},
	"sourceSize": {"w":66,"h":152}
},
{
	"filename": "bg",
	"frame": {"x":1143,"y":326,"w":157,"h":157},
	"rotated": false,
	"trimmed": false,
	"spriteSourceSize": {"x":0,"y":0,"w":157,"h":157},
	"sourceSize": {"w":157,"h":157}
},
{
	"filename": "cho_can",
	"frame": {"x":444,"y":1,"w":265,"h":218},
	"rotated": false,
	"trimmed": false,
	"spriteSourceSize": {"x":0,"y":0,"w":265,"h":218},
	"sourceSize": {"w":265,"h":218}
},
{
	"filename": "cho_canh_chung2",
	"frame": {"x":710,"y":1,"w":230,"h":218},
	"rotated": false,
	"trimmed": false,
	"spriteSourceSize": {"x":0,"y":0,"w":230,"h":218},
	"sourceSize": {"w":230,"h":218}
},
{
	"filename": "diem_neo_khuc_go",
	"frame": {"x":1189,"y":142,"w":172,"h":89},
	"rotated": false,
	"trimmed": true,
	"spriteSourceSize": {"x":7,"y":7,"w":172,"h":89},
	"sourceSize": {"w":186,"h":103}
},
{
	"filename": "diem_neo_khuc_go_hot",
	"frame": {"x":859,"y":391,"w":185,"h":101},
	"rotated": false,
	"trimmed": true,
	"spriteSourceSize": {"x":0,"y":1,"w":185,"h":101},
	"sourceSize": {"w":186,"h":103}
},
{
	"filename": "item_may anh",
	"frame": {"x":941,"y":164,"w":75,"h":49},
	"rotated": false,
	"trimmed": true,
	"spriteSourceSize": {"x":7,"y":7,"w":75,"h":49},
	"sourceSize": {"w":89,"h":63}
},
{
	"filename": "item_may anh_hot",
	"frame": {"x":1052,"y":326,"w":89,"h":63},
	"rotated": false,
	"trimmed": false,
	"spriteSourceSize": {"x":0,"y":0,"w":89,"h":63},
	"sourceSize": {"w":89,"h":63}
},
{
	"filename": "leu_1",
	"frame": {"x":431,"y":262,"w":427,"h":244},
	"rotated": false,
	"trimmed": false,
	"spriteSourceSize": {"x":0,"y":0,"w":427,"h":244},
	"sourceSize": {"w":427,"h":244}
},
{
	"filename": "leu_2",
	"frame": {"x":1,"y":262,"w":429,"h":246},
	"rotated": false,
	"trimmed": true,
	"spriteSourceSize": {"x":7,"y":7,"w":429,"h":246},
	"sourceSize": {"w":443,"h":260}
},
{
	"filename": "leu_2_hot",
	"frame": {"x":1,"y":1,"w":442,"h":260},
	"rotated": false,
	"trimmed": true,
	"spriteSourceSize": {"x":0,"y":0,"w":442,"h":260},
	"sourceSize": {"w":443,"h":260}
},
{
	"filename": "lua_nho",
	"frame": {"x":444,"y":220,"w":23,"h":38},
	"rotated": false,
	"trimmed": false,
	"spriteSourceSize": {"x":0,"y":0,"w":23,"h":38},
	"sourceSize": {"w":23,"h":38}
},
{
	"filename": "lua_trai_chua_dot",
	"frame": {"x":1143,"y":1,"w":176,"h":140},
	"rotated": false,
	"trimmed": false,
	"spriteSourceSize": {"x":0,"y":0,"w":176,"h":140},
	"sourceSize": {"w":176,"h":140}
},
{
	"filename": "lua_trai_da_dot_lua",
	"frame": {"x":941,"y":1,"w":172,"h":162},
	"rotated": false,
	"trimmed": false,
	"spriteSourceSize": {"x":0,"y":0,"w":172,"h":162},
	"sourceSize": {"w":172,"h":162}
},
{
	"filename": "noi_sup_da_ngoai",
	"frame": {"x":859,"y":220,"w":192,"h":170},
	"rotated": false,
	"trimmed": false,
	"spriteSourceSize": {"x":0,"y":0,"w":192,"h":170},
	"sourceSize": {"w":192,"h":170}
},
{
	"filename": "scare",
	"frame": {"x":1045,"y":391,"w":97,"h":100},
	"rotated": false,
	"trimmed": false,
	"spriteSourceSize": {"x":0,"y":0,"w":97,"h":100},
	"sourceSize": {"w":97,"h":100}
}],
"meta": {
	"app": "https://www.codeandweb.com/texturepacker",
	"version": "1.0",
	"image": "props.png",
	"format": "RGBA8888",
	"size": {"w":1373,"h":509},
	"scale": "1",
	"smartupdate": "$TexturePacker:SmartUpdate:50c4396dd44f6164933309919baad735:b127932fe2a2e221f3f41890efdf508a:f4c39b94f5b79b4c461da96ae5609d50$"
}
}
