{
"skeleton": { "hash": "qWv1kPVZVHw", "spine": "4.1.24", "x": -388.28, "y": -425.09, "width": 724.41, "height": 1282.48 },
"bones": [
	{ "name": "root", "rotation": 0.2 },
	{ "name": "move", "parent": "root", "x": -119.99, "scaleX": -1 },
	{ "name": "main", "parent": "move", "y": 256.6 },
	{ "name": "hip", "parent": "main" },
	{ "name": "body", "parent": "hip", "length": 26.97, "rotation": 90 },
	{ "name": "body2", "parent": "body", "length": 26.97, "x": 26.97 },
	{ "name": "body3", "parent": "body2", "length": 26.97, "x": 26.97 },
	{ "name": "body4", "parent": "body3", "length": 26.97, "rotation": -0.06, "x": 26.97 },
	{ "name": "body5", "parent": "body4", "length": 26.97, "x": 26.97 },
	{ "name": "body6", "parent": "body5", "length": 26.97, "x": 26.97 },
	{ "name": "body7", "parent": "body6", "length": 26.97, "x": 26.97 },
	{ "name": "body8", "parent": "body7", "length": 26.97, "x": 26.97 },
	{ "name": "head", "parent": "body8", "length": 135.67, "x": 24.75 },
	{ "name": "feeling_3", "parent": "head", "rotation": -0.18, "x": 87.53, "y": 30.96 },
	{ "name": "emoji", "parent": "head", "rotation": -90, "x": 62, "y": 1.49 },
	{ "name": "shouder_1", "parent": "body7", "length": 100.06, "rotation": -90, "x": 15.39, "y": 0.02 },
	{ "name": "arm_1", "parent": "shouder_1", "length": 100.06, "x": 94.79 },
	{ "name": "shouder_2", "parent": "body7", "length": 100.06, "rotation": 90, "x": 15.39, "y": 0.02 },
	{ "name": "arm_2", "parent": "shouder_2", "length": 100.06, "x": 94.79 },
	{ "name": "thigh_1", "parent": "main", "length": 134.15, "rotation": -90, "x": -0.54, "y": 4.23 },
	{ "name": "leg_1", "parent": "thigh_1", "length": 134.15, "x": 128.14 },
	{ "name": "thigh_2", "parent": "main", "length": 134.15, "rotation": -90, "x": -0.1, "y": 4.23 },
	{ "name": "leg_2", "parent": "thigh_2", "length": 134.15, "x": 128.14 },
	{ "name": "foot_2", "parent": "move", "x": 0.16, "y": -2.18 },
	{ "name": "foot_3", "parent": "move", "x": 0.1, "y": -2.12 },
	{
		"name": "feeling_5",
		"parent": "head",
		"rotation": -0.18,
		"x": 87.53,
		"y": -25.11,
		"scaleX": 2,
		"scaleY": 2
	},
	{ "name": "item_1", "parent": "move", "x": -1.93, "y": 450.24 },
	{ "name": "feeling_1", "parent": "main", "rotation": -20.17, "x": 72.35, "y": 376.02 },
	{ "name": "feeling_2", "parent": "main", "rotation": -20.17, "x": 72.35, "y": 376.02 },
	{ "name": "hair_1", "parent": "main", "rotation": 0.07, "x": -120, "y": -254.77 },
	{
		"name": "feeling_4",
		"parent": "head",
		"rotation": -0.18,
		"x": 87.53,
		"y": -25.11,
		"scaleX": 2,
		"scaleY": 2
	},
	{ "name": "item_tay", "parent": "arm_2", "x": 101.01, "y": -1.25 }
],
"slots": [
	{ "name": "bg_gane_play", "bone": "root", "color": "ffffff4f" },
	{ "name": "item", "bone": "item_1" },
	{ "name": "body", "bone": "hip", "color": "000000ff", "attachment": "body" },
	{ "name": "shoulder1", "bone": "shouder_1", "color": "000000ff" },
	{ "name": "shoulder3", "bone": "shouder_2", "color": "000000ff" },
	{ "name": "shoulder2", "bone": "arm_1", "color": "000000ff" },
	{ "name": "shoulder4", "bone": "arm_2", "color": "000000ff" },
	{ "name": "thigh", "bone": "thigh_1", "color": "000000ff", "attachment": "thigh" },
	{ "name": "thigh3", "bone": "thigh_2", "color": "000000ff", "attachment": "thigh" },
	{ "name": "thigh2", "bone": "leg_1", "color": "000000ff", "attachment": "thigh" },
	{ "name": "thigh4", "bone": "leg_2", "color": "000000ff", "attachment": "thigh" },
	{ "name": "head", "bone": "head", "attachment": "head" },
	{ "name": "hair", "bone": "hair_1" },
	{ "name": "Emoji", "bone": "emoji" },
	{ "name": "feeling_3", "bone": "feeling_3", "color": "000000ff" },
	{ "name": "feeling_5", "bone": "feeling_5" },
	{ "name": "feeling_4", "bone": "feeling_4" },
	{ "name": "feeling_1", "bone": "feeling_1" },
	{ "name": "feeling_2", "bone": "feeling_2" },
	{ "name": "item_tay", "bone": "item_tay" }
],
"ik": [
	{
		"name": "foot_1",
		"bones": [ "thigh_1", "leg_1" ],
		"target": "foot_2",
		"mix": 0,
		"stretch": true
	},
	{
		"name": "foot_2",
		"order": 1,
		"bones": [ "thigh_2", "leg_2" ],
		"target": "foot_3",
		"mix": 0,
		"stretch": true
	}
],
"skins": [
	{
		"name": "default",
		"attachments": {
			"body": {
				"body": {
					"type": "mesh",
					"uvs": [ 1, 1, 0, 1, 0, 0.875, 0, 0.75, 0, 0.625, 0, 0.5, 0, 0.375, 0, 0.25, 0, 0.125, 0, 0, 1, 0, 1, 0.125, 1, 0.25, 1, 0.375, 1, 0.5, 1, 0.625, 1, 0.75, 1, 0.875 ],
					"triangles": [ 8, 9, 10, 11, 8, 10, 7, 8, 11, 12, 7, 11, 6, 7, 12, 13, 6, 12, 5, 6, 13, 14, 5, 13, 4, 5, 14, 15, 4, 14, 3, 4, 15, 16, 3, 15, 2, 3, 16, 17, 2, 16, 1, 2, 17, 0, 1, 17 ],
					"vertices": [ 1, 4, -1.7, -5.5, 1, 1, 4, -1.7, 5.5, 1, 2, 4, 25.68, 5.5, 0.70301, 5, -1.29, 5.5, 0.29699, 2, 5, 26.08, 5.5, 0.65569, 6, -0.88, 5.5, 0.34431, 2, 6, 26.49, 5.5, 0.55905, 7, -0.48, 5.5, 0.44095, 2, 7, 26.9, 5.5, 0.51367, 8, -0.07, 5.5, 0.48633, 2, 8, 27.3, 5.5, 0.41705, 9, 0.33, 5.5, 0.58295, 2, 9, 27.71, 5.5, 0.38565, 10, 0.74, 5.5, 0.61435, 2, 10, 28.11, 5.5, 0.36868, 11, 1.14, 5.5, 0.63132, 1, 11, 28.52, 5.5, 1, 1, 11, 28.52, -5.5, 1, 2, 10, 28.11, -5.5, 0.3064, 11, 1.14, -5.5, 0.6936, 2, 9, 27.71, -5.5, 0.40945, 10, 0.74, -5.5, 0.59055, 2, 8, 27.3, -5.5, 0.44404, 9, 0.33, -5.5, 0.55596, 2, 7, 26.9, -5.5, 0.52991, 8, -0.07, -5.5, 0.47009, 2, 6, 26.49, -5.5, 0.58474, 7, -0.48, -5.5, 0.41526, 2, 5, 26.08, -5.5, 0.62061, 6, -0.88, -5.5, 0.37939, 2, 4, 25.68, -5.5, 0.65664, 5, -1.29, -5.5, 0.34336 ],
					"hull": 18
				}
			},
			"Emoji": {
				"Emoji/emo_1": { "x": 0.5, "y": 0.5, "width": 113, "height": 87 },
				"Emoji/emo_15": { "y": 0.5, "width": 118, "height": 119 },
				"Emoji/emo_42": { "width": 90, "height": 74 },
				"Emoji/emo_50": { "y": 0.5, "width": 110, "height": 89 },
				"Emoji/emo_57_c": { "x": 0.5, "y": 0.5, "width": 101, "height": 101 },
				"Emoji/emo_68b": { "width": 110, "height": 142 },
				"Emoji/emo_84_b": { "y": 0.5, "width": 90, "height": 91 },
				"Emoji/emo_89": { "x": 0.5, "y": 0.5, "width": 141, "height": 117 },
				"Emoji/emo_90": { "y": 0.5, "width": 86, "height": 91 },
				"Emoji/new/emo_27": { "y": 0.5, "width": 96, "height": 89 }
			},
			"feeling_1": {
				"giat_minh": { "width": 70, "height": 66 },
				"rung": { "x": 0.5, "rotation": 13.67, "width": 18, "height": 51 },
				"scare": { "scaleX": 1.3955, "scaleY": 1.3955, "rotation": 19.99, "width": 80, "height": 83 }
			},
			"feeling_2": {
				"cauco": { "y": 0.5, "width": 50, "height": 45 },
				"mo_hoi": { "x": 0.5, "y": 0.5, "width": 19, "height": 41 },
				"rung": { "x": 0.5, "scaleX": -1, "rotation": 20.07, "width": 18, "height": 51 },
				"water_mouth": { "x": -5.86, "y": -13.64, "rotation": -33.97, "width": 23, "height": 50 }
			},
			"feeling_3": {
				"cham_than": { "x": -18.07, "y": -0.4, "rotation": -96.51, "width": 17, "height": 57 },
				"giat_minh": { "rotation": -96.51, "width": 70, "height": 66 },
				"mo_hoi": { "x": -18.07, "y": -0.4, "rotation": -96.51, "width": 19, "height": 41 },
				"rung": { "x": 1, "y": -1.54, "width": 18, "height": 51 },
				"scare": { "width": 80, "height": 83 }
			},
			"feeling_4": {
				"giat_minh": { "width": 70, "height": 66 },
				"mo_hoi": { "width": 19, "height": 41 },
				"rung": { "x": 0.5, "width": 18, "height": 51 }
			},
			"feeling_5": {
				"cauco": { "y": 0.5, "width": 50, "height": 45 },
				"cham_than": { "x": 0.5, "y": 0.5, "rotation": -270, "width": 17, "height": 57 },
				"choang": { "x": -5.59, "y": -33.04, "rotation": -109.99, "width": 212, "height": 68 },
				"giat_minh": { "width": 70, "height": 66 },
				"rung": { "x": 0.5, "width": 18, "height": 51 },
				"scare": { "y": 0.5, "width": 80, "height": 83 }
			},
			"hair": {
				"hair/man/mu_13": { "x": 0.5, "width": 135, "height": 89 },
				"hair/man/mu_15": { "x": 0.5, "width": 135, "height": 89 }
			},
			"head": {
				"head": { "x": 68.85, "rotation": -89.87, "width": 144, "height": 144 },
				"head_7": { "x": 65.26, "y": -3.78, "rotation": -89.46, "width": 144, "height": 144 }
			},
			"shoulder1": {
				"shoulder": { "x": 49.22, "rotation": -90, "width": 15, "height": 105 }
			},
			"shoulder2": {
				"shoulder": { "x": 49.22, "rotation": -90, "width": 15, "height": 105 }
			},
			"shoulder3": {
				"shoulder": { "x": 49.22, "rotation": -90, "width": 15, "height": 105 }
			},
			"shoulder4": {
				"shoulder": { "x": 50.57, "rotation": -90, "width": 15, "height": 105 }
			},
			"thigh": {
				"thigh": { "x": 66.01, "rotation": -90, "width": 14, "height": 137 }
			},
			"thigh2": {
				"thigh": { "x": 66.01, "rotation": -90, "width": 14, "height": 137 }
			},
			"thigh3": {
				"thigh": { "x": 66.01, "rotation": -90, "width": 14, "height": 137 }
			},
			"thigh4": {
				"thigh": { "x": 66.01, "rotation": -90, "width": 14, "height": 137 }
			}
		}
	}
],
"animations": {
	"t_325_1_be": {
		"slots": {
			"body": {
				"rgba": [
					{ "color": "000000ff" }
				]
			},
			"Emoji": {
				"attachment": [
					{ "name": "Emoji/emo_42" }
				]
			},
			"feeling_1": {
				"attachment": [
					{}
				]
			},
			"feeling_2": {
				"attachment": [
					{ "name": "cauco" }
				]
			},
			"feeling_3": {
				"attachment": [
					{ "name": "giat_minh" }
				]
			},
			"feeling_5": {
				"attachment": [
					{}
				]
			},
			"hair": {
				"attachment": [
					{}
				]
			},
			"head": {
				"rgba": [
					{ "color": "ffbbbbff" }
				],
				"attachment": [
					{ "name": "head" }
				]
			},
			"shoulder1": {
				"rgba": [
					{ "color": "000000ff" }
				],
				"attachment": [
					{ "name": "shoulder" }
				]
			},
			"shoulder2": {
				"rgba": [
					{ "color": "000000ff" }
				],
				"attachment": [
					{ "name": "shoulder" }
				]
			},
			"shoulder3": {
				"rgba": [
					{ "color": "000000ff" }
				],
				"attachment": [
					{}
				]
			},
			"shoulder4": {
				"rgba": [
					{ "color": "000000ff" }
				],
				"attachment": [
					{}
				]
			},
			"thigh": {
				"rgba": [
					{ "color": "000000ff" }
				]
			},
			"thigh2": {
				"rgba": [
					{ "color": "000000ff" }
				]
			},
			"thigh3": {
				"rgba": [
					{ "color": "000000ff" }
				]
			},
			"thigh4": {
				"rgba": [
					{ "color": "000000ff" }
				]
			}
		},
		"bones": {
			"head": {
				"rotate": [
					{ "value": -0.43 }
				],
				"translate": [
					{ "x": -12.29, "y": -2.56 }
				],
				"scale": [
					{}
				]
			},
			"root": {
				"rotate": [
					{}
				],
				"translate": [
					{}
				]
			},
			"main": {
				"rotate": [
					{ "value": -10.55 }
				],
				"translate": [
					{ "x": 4.75, "y": -13.31 }
				]
			},
			"hip": {
				"rotate": [
					{}
				],
				"translate": [
					{}
				]
			},
			"body": {
				"rotate": [
					{ "value": 8.88 }
				],
				"translate": [
					{}
				]
			},
			"body2": {
				"rotate": [
					{ "value": 2.33 }
				],
				"translate": [
					{}
				]
			},
			"body3": {
				"rotate": [
					{ "value": 2.33 }
				],
				"translate": [
					{}
				]
			},
			"body4": {
				"rotate": [
					{ "value": 1.42 }
				],
				"translate": [
					{}
				]
			},
			"body5": {
				"rotate": [
					{ "value": 0.88 }
				],
				"translate": [
					{}
				]
			},
			"body6": {
				"rotate": [
					{ "value": 2.91 }
				],
				"translate": [
					{}
				]
			},
			"body7": {
				"rotate": [
					{ "value": 2.33 }
				],
				"translate": [
					{}
				]
			},
			"body8": {
				"rotate": [
					{ "value": 2.33 }
				],
				"translate": [
					{}
				]
			},
			"feeling_3": {
				"rotate": [
					{ "value": -30.42 }
				],
				"translate": [
					{ "x": -12.88, "y": -139.23 }
				]
			},
			"emoji": {
				"rotate": [
					{ "value": -0.56 }
				],
				"translate": [
					{ "x": -4.65, "y": -19.51 }
				],
				"scale": [
					{ "x": -1 }
				]
			},
			"shouder_1": {
				"rotate": [
					{ "value": -125.12 }
				],
				"translate": [
					{ "x": 17.19, "y": 1.85 }
				],
				"scale": [
					{}
				],
				"shear": [
					{ "y": 1 }
				]
			},
			"arm_1": {
				"rotate": [
					{ "value": 58.07 }
				],
				"translate": [
					{ "x": 2.6, "y": 0.99 }
				],
				"scale": [
					{}
				]
			},
			"shouder_2": {
				"rotate": [
					{ "value": 167.04 }
				],
				"translate": [
					{ "x": 20.85, "y": -4.93 }
				],
				"scale": [
					{}
				]
			},
			"arm_2": {
				"rotate": [
					{ "value": 22.69 }
				],
				"scale": [
					{}
				]
			},
			"thigh_1": {
				"rotate": [
					{ "value": -6.18 }
				],
				"translate": [
					{}
				],
				"scale": [
					{}
				]
			},
			"leg_1": {
				"rotate": [
					{ "value": 5.22 }
				],
				"translate": [
					{}
				],
				"scale": [
					{}
				]
			},
			"thigh_2": {
				"rotate": [
					{ "value": 2.51 }
				],
				"translate": [
					{}
				],
				"scale": [
					{}
				]
			},
			"leg_2": {
				"rotate": [
					{ "value": 3.66 }
				],
				"translate": [
					{}
				],
				"scale": [
					{}
				]
			},
			"foot_2": {
				"rotate": [
					{}
				],
				"translate": [
					{ "x": 56.28, "y": 4.97 }
				]
			},
			"foot_3": {
				"rotate": [
					{ "value": 8.6 }
				],
				"translate": [
					{ "x": -63.69, "y": -0.19 }
				]
			},
			"feeling_5": {
				"rotate": [
					{}
				],
				"translate": [
					{}
				]
			},
			"feeling_1": {
				"rotate": [
					{ "value": 25.95 }
				],
				"translate": [
					{ "x": -177.61, "y": -163.46 }
				],
				"scale": [
					{ "x": 0.825, "y": 0.825 }
				]
			},
			"feeling_2": {
				"rotate": [
					{ "value": 29.23 }
				],
				"translate": [
					{ "x": -207.25, "y": -134.2 }
				],
				"scale": [
					{ "x": -1.152, "y": 1.152 }
				]
			},
			"move": {
				"translate": [
					{ "x": 119.99 }
				]
			},
			"hair_1": {
				"rotate": [
					{ "value": 44.78 }
				],
				"translate": [
					{ "x": 18.22, "y": 538.78 }
				],
				"scale": [
					{ "x": 0.961, "y": 0.961 }
				]
			}
		},
		"ik": {
			"foot_1": [
				{ "bendPositive": false, "stretch": true }
			],
			"foot_2": [
				{ "bendPositive": false, "stretch": true }
			]
		},
		"drawOrder": [
			{
				"offsets": [
					{ "slot": "shoulder4", "offset": 7 }
				]
			}
		]
	},
	"t_325_1_lose": {
		"slots": {
			"body": {
				"rgba": [
					{ "color": "000000ff" }
				]
			},
			"Emoji": {
				"rgba": [
					{ "color": "ffafafff" }
				],
				"attachment": [
					{ "name": "Emoji/emo_57_c" }
				]
			},
			"feeling_1": {
				"rgba": [
					{ "color": "fff600ff" }
				],
				"attachment": [
					{ "name": "scare" }
				]
			},
			"feeling_2": {
				"rgba": [
					{ "color": "ffffffff" }
				],
				"attachment": [
					{ "name": "water_mouth" }
				]
			},
			"feeling_3": {
				"rgba": [
					{ "color": "ffffffff" }
				],
				"attachment": [
					{ "name": "mo_hoi" }
				]
			},
			"feeling_5": {
				"attachment": [
					{ "name": "choang" }
				]
			},
			"head": {
				"rgba": [
					{ "color": "ffffffff" }
				],
				"attachment": [
					{ "name": "head_7" }
				]
			},
			"shoulder1": {
				"rgba": [
					{ "color": "000000ff" }
				],
				"attachment": [
					{ "name": "shoulder" }
				]
			},
			"shoulder2": {
				"rgba": [
					{ "color": "000000ff" }
				],
				"attachment": [
					{ "name": "shoulder" }
				]
			},
			"shoulder3": {
				"rgba": [
					{ "color": "000000ff" }
				],
				"attachment": [
					{ "name": "shoulder" }
				]
			},
			"shoulder4": {
				"rgba": [
					{ "color": "000000ff" }
				],
				"attachment": [
					{ "name": "shoulder" }
				]
			},
			"thigh": {
				"rgba": [
					{ "color": "000000ff" }
				]
			},
			"thigh2": {
				"rgba": [
					{ "color": "000000ff" }
				]
			},
			"thigh3": {
				"rgba": [
					{ "color": "000000ff" }
				]
			},
			"thigh4": {
				"rgba": [
					{ "color": "000000ff" }
				]
			}
		},
		"bones": {
			"head": {
				"rotate": [
					{ "value": -52.57 }
				],
				"translate": [
					{ "x": 18.36, "y": 31.33 }
				],
				"scale": [
					{ "x": 1.321 }
				]
			},
			"root": {
				"rotate": [
					{}
				],
				"translate": [
					{}
				]
			},
			"main": {
				"rotate": [
					{ "value": -3.12 }
				],
				"translate": [
					{ "x": 93.76, "y": -90.93 }
				]
			},
			"hip": {
				"rotate": [
					{}
				],
				"translate": [
					{}
				]
			},
			"body": {
				"rotate": [
					{ "value": 4.34 }
				],
				"translate": [
					{}
				]
			},
			"body2": {
				"rotate": [
					{ "value": 4.34 }
				],
				"translate": [
					{}
				]
			},
			"body3": {
				"rotate": [
					{ "value": 4.34 }
				],
				"translate": [
					{}
				]
			},
			"body4": {
				"rotate": [
					{ "value": 4.34 }
				],
				"translate": [
					{}
				]
			},
			"body5": {
				"rotate": [
					{ "value": 4.34 }
				],
				"translate": [
					{}
				]
			},
			"body6": {
				"rotate": [
					{ "value": 4.34 }
				],
				"translate": [
					{}
				]
			},
			"body7": {
				"rotate": [
					{ "value": 4.34 }
				],
				"translate": [
					{}
				]
			},
			"body8": {
				"rotate": [
					{ "value": 4.34 }
				],
				"translate": [
					{}
				]
			},
			"feeling_3": {
				"rotate": [
					{ "value": -59.23 }
				],
				"translate": [
					{ "x": 62.37, "y": -13.62 }
				],
				"scale": [
					{ "x": 1.076, "y": 0.865 }
				]
			},
			"emoji": {
				"rotate": [
					{ "value": -9.7 }
				],
				"translate": [
					{ "x": 42.92, "y": -30.52 }
				],
				"scale": [
					{ "x": 1.35, "y": 1.513 }
				]
			},
			"shouder_1": {
				"rotate": [
					{ "value": 174.71 }
				],
				"translate": [
					{ "x": 33.62, "y": 0.05 }
				],
				"scale": [
					{}
				],
				"shear": [
					{}
				]
			},
			"arm_1": {
				"rotate": [
					{ "value": -1.66 }
				],
				"translate": [
					{ "x": 2.02, "y": 0.08 }
				],
				"scale": [
					{}
				]
			},
			"shouder_2": {
				"rotate": [
					{ "value": 4.92 }
				],
				"translate": [
					{ "x": 26.86, "y": 1.44 }
				],
				"scale": [
					{}
				]
			},
			"arm_2": {
				"rotate": [
					{ "value": -1.49 }
				],
				"translate": [
					{}
				],
				"scale": [
					{}
				]
			},
			"thigh_1": {
				"rotate": [
					{ "value": 24.72 }
				],
				"translate": [
					{}
				],
				"scale": [
					{}
				]
			},
			"leg_1": {
				"rotate": [
					{}
				],
				"translate": [
					{}
				],
				"scale": [
					{}
				]
			},
			"thigh_2": {
				"rotate": [
					{ "value": 39.21 }
				],
				"translate": [
					{}
				],
				"scale": [
					{}
				]
			},
			"leg_2": {
				"rotate": [
					{ "value": 18.14 }
				],
				"translate": [
					{}
				],
				"scale": [
					{}
				]
			},
			"foot_2": {
				"rotate": [
					{ "value": 1.87 }
				],
				"translate": [
					{ "x": -137.02, "y": 14.61 }
				]
			},
			"foot_3": {
				"rotate": [
					{ "value": -17.54 }
				],
				"translate": [
					{ "x": -156.15, "y": 59.31 }
				]
			},
			"feeling_5": {
				"rotate": [
					{ "value": -6.39 }
				],
				"translate": [
					{ "x": 116.62, "y": 1.01 }
				],
				"scale": [
					{ "x": 0.525, "y": 0.525 }
				]
			},
			"feeling_1": {
				"rotate": [
					{ "value": 21.08 }
				],
				"translate": [
					{ "x": -215.95, "y": -105.08 }
				],
				"scale": [
					{ "x": 1.279, "y": 1.653 }
				]
			},
			"feeling_2": {
				"rotate": [
					{ "value": 111.21 }
				],
				"translate": [
					{ "x": -124.19, "y": -139.2 }
				],
				"scale": [
					{ "x": 1.705, "y": 2.784 }
				]
			},
			"move": {
				"translate": [
					{ "x": 119.98, "y": 6.9 }
				],
				"scale": [
					{ "x": -1 }
				]
			}
		},
		"ik": {
			"foot_1": [
				{ "stretch": true }
			],
			"foot_2": [
				{ "stretch": true }
			]
		},
		"drawOrder": [
			{
				"offsets": [
					{ "slot": "shoulder2", "offset": 8 },
					{ "slot": "shoulder4", "offset": -3 }
				]
			}
		]
	},
	"t_325_1_lose_2": {
		"slots": {
			"body": {
				"rgba": [
					{ "color": "000000ff", "curve": "stepped" },
					{ "time": 0.9667, "color": "000000ff" }
				]
			},
			"Emoji": {
				"rgba": [
					{ "color": "ff6b6bff", "curve": "stepped" },
					{ "time": 0.9667, "color": "ff6b6bff" }
				],
				"attachment": [
					{ "name": "Emoji/emo_57_c" },
					{ "time": 0.9667, "name": "Emoji/emo_57_c" }
				]
			},
			"feeling_1": {
				"attachment": [
					{ "name": "giat_minh" },
					{ "time": 0.9667, "name": "giat_minh" }
				]
			},
			"feeling_2": {
				"attachment": [
					{ "name": "mo_hoi" },
					{ "time": 0.9667, "name": "mo_hoi" }
				]
			},
			"feeling_3": {
				"rgba": [
					{ "color": "ff7575ff", "curve": "stepped" },
					{ "time": 0.9667, "color": "ff7575ff" }
				],
				"attachment": [
					{ "name": "cham_than" },
					{ "time": 0.9667, "name": "cham_than" }
				]
			},
			"feeling_5": {
				"rgba": [
					{ "color": "fffc00ff", "curve": "stepped" },
					{ "time": 0.9667, "color": "fffc00ff" }
				],
				"attachment": [
					{ "name": "scare" },
					{ "time": 0.9667, "name": "scare" }
				]
			},
			"hair": {
				"attachment": [
					{},
					{ "time": 0.9667 }
				]
			},
			"head": {
				"rgba": [
					{ "color": "ffffffff", "curve": "stepped" },
					{ "time": 0.9667, "color": "ffffffff" }
				],
				"attachment": [
					{ "name": "head_7" },
					{ "time": 0.9667, "name": "head_7" }
				]
			},
			"shoulder1": {
				"rgba": [
					{ "color": "000000ff", "curve": "stepped" },
					{ "time": 0.9667, "color": "000000ff" }
				],
				"attachment": [
					{ "name": "shoulder" },
					{ "time": 0.9667, "name": "shoulder" }
				]
			},
			"shoulder2": {
				"rgba": [
					{ "color": "000000ff", "curve": "stepped" },
					{ "time": 0.9667, "color": "000000ff" }
				],
				"attachment": [
					{ "name": "shoulder" },
					{ "time": 0.9667, "name": "shoulder" }
				]
			},
			"shoulder3": {
				"rgba": [
					{ "color": "000000ff", "curve": "stepped" },
					{ "time": 0.9667, "color": "000000ff" }
				],
				"attachment": [
					{ "name": "shoulder" },
					{ "time": 0.9667, "name": "shoulder" }
				]
			},
			"shoulder4": {
				"rgba": [
					{ "color": "ff0000ff", "curve": "stepped" },
					{ "time": 0.9667, "color": "ff0000ff" }
				],
				"attachment": [
					{ "name": "shoulder" },
					{ "time": 0.9667, "name": "shoulder" }
				]
			},
			"thigh": {
				"rgba": [
					{ "color": "000000ff", "curve": "stepped" },
					{ "time": 0.9667, "color": "000000ff" }
				]
			},
			"thigh2": {
				"rgba": [
					{ "color": "000000ff", "curve": "stepped" },
					{ "time": 0.9667, "color": "000000ff" }
				]
			},
			"thigh3": {
				"rgba": [
					{ "color": "000000ff", "curve": "stepped" },
					{ "time": 0.9667, "color": "000000ff" }
				]
			},
			"thigh4": {
				"rgba": [
					{ "color": "000000ff", "curve": "stepped" },
					{ "time": 0.9667, "color": "000000ff" }
				]
			}
		},
		"bones": {
			"head": {
				"rotate": [
					{ "value": -10.89, "curve": "stepped" },
					{ "time": 0.9667, "value": -10.89 }
				],
				"translate": [
					{ "x": -5.06, "y": -2.28, "curve": "stepped" },
					{ "time": 0.9667, "x": -5.06, "y": -2.28 }
				],
				"scale": [
					{ "x": 1.158, "curve": "stepped" },
					{ "time": 0.9667, "x": 1.158 }
				]
			},
			"root": {
				"rotate": [
					{ "curve": "stepped" },
					{ "time": 0.9667 }
				],
				"translate": [
					{ "curve": "stepped" },
					{ "time": 0.9667 }
				]
			},
			"main": {
				"rotate": [
					{ "value": 3.3, "curve": "stepped" },
					{ "time": 0.9667, "value": 3.3 }
				],
				"translate": [
					{ "x": 13.34, "y": -15.59, "curve": "stepped" },
					{ "time": 0.9667, "x": 13.34, "y": -15.59 }
				]
			},
			"hip": {
				"rotate": [
					{ "curve": "stepped" },
					{ "time": 0.9667 }
				],
				"translate": [
					{ "curve": "stepped" },
					{ "time": 0.9667 }
				]
			},
			"feeling_3": {
				"rotate": [
					{ "value": -23.28, "curve": "stepped" },
					{ "time": 0.9667, "value": -23.28 }
				],
				"translate": [
					{ "x": 85.25, "y": -144.32, "curve": "stepped" },
					{ "time": 0.9667, "x": 85.25, "y": -144.32 }
				],
				"scale": [
					{ "x": 1.395, "y": 1.395, "curve": "stepped" },
					{ "time": 0.9667, "x": 1.395, "y": 1.395 }
				]
			},
			"emoji": {
				"rotate": [
					{ "value": -4.83, "curve": "stepped" },
					{ "time": 0.9667, "value": -4.83 }
				],
				"translate": [
					{ "x": 36.33, "y": 25.54, "curve": "stepped" },
					{ "time": 0.9667, "x": 36.33, "y": 25.54 }
				],
				"scale": [
					{ "x": 1.142, "y": 1.316, "curve": "stepped" },
					{ "time": 0.9667, "x": 1.142, "y": 1.316 }
				]
			},
			"shouder_1": {
				"rotate": [
					{ "value": -64.04, "curve": "stepped" },
					{ "time": 0.9667, "value": -64.04 }
				],
				"translate": [
					{ "x": 27.11, "y": -3.02, "curve": "stepped" },
					{ "time": 0.9667, "x": 27.11, "y": -3.02 }
				],
				"scale": [
					{ "curve": "stepped" },
					{ "time": 0.9667 }
				],
				"shear": [
					{ "curve": "stepped" },
					{ "time": 0.9667 }
				]
			},
			"arm_1": {
				"rotate": [
					{ "value": -142.14, "curve": "stepped" },
					{ "time": 0.9667, "value": -142.14 }
				],
				"translate": [
					{ "x": 2.02, "y": 0.08, "curve": "stepped" },
					{ "time": 0.9667, "x": 2.02, "y": 0.08 }
				],
				"scale": [
					{ "curve": "stepped" },
					{ "time": 0.9667 }
				]
			},
			"shouder_2": {
				"rotate": [
					{ "value": -9.2, "curve": "stepped" },
					{ "time": 0.9667, "value": -9.2 }
				],
				"translate": [
					{ "x": 31.28, "y": -4.8, "curve": "stepped" },
					{ "time": 0.9667, "x": 31.28, "y": -4.8 }
				],
				"scale": [
					{ "curve": "stepped" },
					{ "time": 0.9667 }
				]
			},
			"arm_2": {
				"rotate": [
					{ "value": -42.06, "curve": "stepped" },
					{ "time": 0.9667, "value": -42.06 }
				],
				"translate": [
					{ "x": 6.07, "y": 1.06, "curve": "stepped" },
					{ "time": 0.9667, "x": 6.07, "y": 1.06 }
				],
				"scale": [
					{ "x": 1.239, "curve": "stepped" },
					{ "time": 0.9667, "x": 1.239 }
				]
			},
			"thigh_1": {
				"rotate": [
					{ "value": -44.84, "curve": "stepped" },
					{ "time": 0.9667, "value": -44.84 }
				],
				"translate": [
					{ "curve": "stepped" },
					{ "time": 0.9667 }
				],
				"scale": [
					{ "curve": "stepped" },
					{ "time": 0.9667 }
				]
			},
			"leg_1": {
				"rotate": [
					{ "value": 45.63, "curve": "stepped" },
					{ "time": 0.9667, "value": 45.63 }
				],
				"translate": [
					{ "curve": "stepped" },
					{ "time": 0.9667 }
				],
				"scale": [
					{ "curve": "stepped" },
					{ "time": 0.9667 }
				]
			},
			"thigh_2": {
				"rotate": [
					{ "value": -37.54, "curve": "stepped" },
					{ "time": 0.9667, "value": -37.54 }
				],
				"translate": [
					{ "curve": "stepped" },
					{ "time": 0.9667 }
				],
				"scale": [
					{ "curve": "stepped" },
					{ "time": 0.9667 }
				]
			},
			"leg_2": {
				"rotate": [
					{ "value": 38.6, "curve": "stepped" },
					{ "time": 0.9667, "value": 38.6 }
				],
				"translate": [
					{ "curve": "stepped" },
					{ "time": 0.9667 }
				],
				"scale": [
					{ "curve": "stepped" },
					{ "time": 0.9667 }
				]
			},
			"foot_2": {
				"rotate": [
					{ "value": -1.35, "curve": "stepped" },
					{ "time": 0.9667, "value": -1.35 }
				],
				"translate": [
					{ "x": 39.03, "y": 3.94, "curve": "stepped" },
					{ "time": 0.9667, "x": 39.03, "y": 3.94 }
				]
			},
			"foot_3": {
				"rotate": [
					{ "curve": "stepped" },
					{ "time": 0.9667 }
				],
				"translate": [
					{ "x": -174.99, "y": 113.27, "curve": "stepped" },
					{ "time": 0.9667, "x": -174.99, "y": 113.27 }
				]
			},
			"feeling_5": {
				"rotate": [
					{ "value": 45.82, "curve": "stepped" },
					{ "time": 0.1, "value": -18.91, "curve": "stepped" },
					{ "time": 0.2, "value": 45.82, "curve": "stepped" },
					{ "time": 0.3667, "value": 45.82, "curve": "stepped" },
					{ "time": 0.4667, "value": -18.91, "curve": "stepped" },
					{ "time": 0.5667, "value": 45.82, "curve": "stepped" },
					{ "time": 0.7667, "value": 45.82, "curve": "stepped" },
					{ "time": 0.8667, "value": -18.91, "curve": "stepped" },
					{ "time": 0.9667, "value": 45.82 }
				],
				"translate": [
					{ "x": -82.97, "y": 125.54, "curve": "stepped" },
					{ "time": 0.9667, "x": -82.97, "y": 125.54 }
				],
				"scale": [
					{ "x": 1.008, "y": 0.583, "curve": "stepped" },
					{ "time": 0.1, "x": 1.827, "y": 1.056, "curve": "stepped" },
					{ "time": 0.2, "x": 1.008, "y": 0.583, "curve": "stepped" },
					{ "time": 0.3667, "x": 1.008, "y": 0.583, "curve": "stepped" },
					{ "time": 0.4667, "x": 1.827, "y": 1.056, "curve": "stepped" },
					{ "time": 0.5667, "x": 1.008, "y": 0.583, "curve": "stepped" },
					{ "time": 0.7667, "x": 1.008, "y": 0.583, "curve": "stepped" },
					{ "time": 0.8667, "x": 1.827, "y": 1.056, "curve": "stepped" },
					{ "time": 0.9667, "x": 1.008, "y": 0.583 }
				],
				"shear": [
					{ "curve": "stepped" },
					{ "time": 0.9667 }
				]
			},
			"move": {
				"translate": [
					{ "x": 119.99, "curve": "stepped" },
					{ "time": 0.9667, "x": 119.99 }
				],
				"scale": [
					{ "x": -1, "curve": "stepped" },
					{ "time": 0.9667, "x": -1 }
				]
			},
			"feeling_1": {
				"rotate": [
					{ "value": 136.35, "curve": "stepped" },
					{ "time": 0.9667, "value": 136.35 }
				],
				"translate": [
					{ "x": -120.89, "y": -62.44, "curve": "stepped" },
					{ "time": 0.9667, "x": -120.89, "y": -62.44 }
				],
				"scale": [
					{ "x": 0.998, "y": 0.998, "curve": "stepped" },
					{ "time": 0.9667, "x": 0.998, "y": 0.998 }
				]
			},
			"feeling_2": {
				"rotate": [
					{ "value": 153.24, "curve": "stepped" },
					{ "time": 0.9667, "value": 153.24 }
				],
				"translate": [
					{ "x": 49.2, "y": 2.45, "curve": "stepped" },
					{ "time": 0.9667, "x": 49.2, "y": 2.45 }
				],
				"scale": [
					{ "x": -0.901, "y": 1.386, "curve": "stepped" },
					{ "time": 0.9667, "x": -0.901, "y": 1.386 }
				]
			},
			"body": {
				"rotate": [
					{ "value": -1.36, "curve": "stepped" },
					{ "time": 0.9667, "value": -1.36 }
				]
			},
			"body2": {
				"rotate": [
					{ "value": -1.36, "curve": "stepped" },
					{ "time": 0.9667, "value": -1.36 }
				]
			},
			"body3": {
				"rotate": [
					{ "value": -1.36, "curve": "stepped" },
					{ "time": 0.9667, "value": -1.36 }
				]
			},
			"body4": {
				"rotate": [
					{ "value": -1.36, "curve": "stepped" },
					{ "time": 0.9667, "value": -1.36 }
				]
			},
			"body5": {
				"rotate": [
					{ "value": -1.36, "curve": "stepped" },
					{ "time": 0.9667, "value": -1.36 }
				]
			},
			"body6": {
				"rotate": [
					{ "value": -1.36, "curve": "stepped" },
					{ "time": 0.9667, "value": -1.36 }
				]
			},
			"body7": {
				"rotate": [
					{ "value": -1.36, "curve": "stepped" },
					{ "time": 0.9667, "value": -1.36 }
				]
			},
			"body8": {
				"rotate": [
					{ "value": -1.36, "curve": "stepped" },
					{ "time": 0.9667, "value": -1.36 }
				]
			},
			"hair_1": {
				"rotate": [
					{ "value": 10.09, "curve": "stepped" },
					{ "time": 0.9667, "value": 10.09 }
				],
				"translate": [
					{ "x": 219.72, "y": 519.41, "curve": "stepped" },
					{ "time": 0.9667, "x": 219.72, "y": 519.41 }
				],
				"scale": [
					{ "x": -1.351, "y": 1.351, "curve": "stepped" },
					{ "time": 0.9667, "x": -1.351, "y": 1.351 }
				]
			}
		},
		"ik": {
			"foot_1": [
				{
					"bendPositive": false,
					"stretch": true,
					"curve": [ 0.242, 1, 0.725, 1, 0.242, 0, 0.725, 0 ]
				},
				{ "time": 0.9667, "bendPositive": false, "stretch": true }
			],
			"foot_2": [
				{
					"stretch": true,
					"curve": [ 0.242, 1, 0.725, 1, 0.242, 0, 0.725, 0 ]
				},
				{ "time": 0.9667, "stretch": true }
			]
		},
		"drawOrder": [
			{
				"offsets": [
					{ "slot": "shoulder1", "offset": 4 },
					{ "slot": "shoulder2", "offset": 3 },
					{ "slot": "shoulder4", "offset": 7 },
					{ "slot": "feeling_5", "offset": 3 },
					{ "slot": "feeling_1", "offset": -5 }
				]
			},
			{
				"time": 0.9667,
				"offsets": [
					{ "slot": "shoulder1", "offset": 4 },
					{ "slot": "shoulder2", "offset": 3 },
					{ "slot": "shoulder4", "offset": 7 },
					{ "slot": "feeling_5", "offset": 3 },
					{ "slot": "feeling_1", "offset": -5 }
				]
			}
		]
	},
	"t_325_1_win": {
		"slots": {
			"body": {
				"rgba": [
					{ "color": "000000ff" }
				]
			},
			"Emoji": {
				"attachment": [
					{ "name": "Emoji/emo_90" }
				]
			},
			"feeling_1": {
				"attachment": [
					{ "name": "rung" }
				]
			},
			"feeling_2": {
				"attachment": [
					{ "name": "rung" }
				]
			},
			"feeling_3": {
				"attachment": [
					{}
				]
			},
			"feeling_4": {
				"attachment": [
					{ "name": "giat_minh" }
				]
			},
			"feeling_5": {
				"attachment": [
					{}
				]
			},
			"hair": {
				"attachment": [
					{}
				]
			},
			"head": {
				"rgba": [
					{ "color": "ffffffff" }
				],
				"attachment": [
					{ "name": "head" }
				]
			},
			"shoulder1": {
				"rgba": [
					{ "color": "000000ff" }
				],
				"attachment": [
					{ "name": "shoulder" }
				]
			},
			"shoulder2": {
				"rgba": [
					{ "color": "000000ff" }
				],
				"attachment": [
					{ "name": "shoulder" }
				]
			},
			"shoulder3": {
				"rgba": [
					{ "color": "000000ff" }
				],
				"attachment": [
					{ "name": "shoulder" }
				]
			},
			"shoulder4": {
				"rgba": [
					{ "color": "000000ff" }
				],
				"attachment": [
					{ "name": "shoulder" }
				]
			},
			"thigh": {
				"rgba": [
					{ "color": "000000ff" }
				]
			},
			"thigh2": {
				"rgba": [
					{ "color": "000000ff" }
				]
			},
			"thigh3": {
				"rgba": [
					{ "color": "000000ff" }
				]
			},
			"thigh4": {
				"rgba": [
					{ "color": "000000ff" }
				]
			}
		},
		"bones": {
			"head": {
				"rotate": [
					{ "value": -13.68 }
				],
				"translate": [
					{ "x": -23.45, "y": 6.54 }
				],
				"scale": [
					{}
				]
			},
			"root": {
				"rotate": [
					{}
				],
				"translate": [
					{}
				]
			},
			"main": {
				"rotate": [
					{ "value": 1.8 }
				],
				"translate": [
					{ "x": -0.75, "y": -33.25 }
				]
			},
			"hip": {
				"rotate": [
					{}
				],
				"translate": [
					{}
				]
			},
			"body": {
				"rotate": [
					{ "value": 3.49 }
				],
				"translate": [
					{}
				]
			},
			"body2": {
				"rotate": [
					{ "value": -3.06 }
				],
				"translate": [
					{}
				]
			},
			"body3": {
				"rotate": [
					{ "value": -3.06 }
				],
				"translate": [
					{}
				]
			},
			"body4": {
				"rotate": [
					{ "value": -3.97 }
				],
				"translate": [
					{}
				]
			},
			"body5": {
				"rotate": [
					{ "value": -4.51 }
				],
				"translate": [
					{}
				]
			},
			"body6": {
				"rotate": [
					{ "value": -2.48 }
				],
				"translate": [
					{}
				]
			},
			"body7": {
				"rotate": [
					{ "value": -3.06 }
				],
				"translate": [
					{}
				]
			},
			"body8": {
				"rotate": [
					{ "value": -3.06 }
				],
				"translate": [
					{}
				]
			},
			"feeling_3": {
				"rotate": [
					{ "value": 25.07 }
				],
				"translate": [
					{ "x": 106.72, "y": -25.67 }
				],
				"scale": [
					{ "x": 1.97, "y": 1.97 }
				]
			},
			"emoji": {
				"rotate": [
					{ "value": -8.23 }
				],
				"translate": [
					{ "x": -0.71, "y": 21.81 }
				],
				"scale": [
					{ "x": 1.166, "y": 1.166 }
				]
			},
			"shouder_1": {
				"rotate": [
					{ "value": -122.76 }
				],
				"translate": [
					{ "x": 11.2, "y": -0.28 }
				],
				"scale": [
					{}
				],
				"shear": [
					{ "y": 1 }
				]
			},
			"arm_1": {
				"rotate": [
					{ "value": 81.77 }
				],
				"translate": [
					{ "x": 2.6, "y": 0.99 }
				],
				"scale": [
					{}
				]
			},
			"shouder_2": {
				"rotate": [
					{ "value": 130.25 }
				],
				"translate": [
					{ "x": 10.36, "y": 0.78 }
				],
				"scale": [
					{ "y": 0.924 }
				]
			},
			"arm_2": {
				"rotate": [
					{ "value": -85.19 }
				],
				"translate": [
					{ "x": 0.99, "y": 1.82 }
				],
				"scale": [
					{ "x": 1.032 }
				]
			},
			"thigh_1": {
				"rotate": [
					{ "value": -6.18 }
				],
				"translate": [
					{}
				],
				"scale": [
					{ "x": 0.94 }
				]
			},
			"leg_1": {
				"rotate": [
					{ "value": 5.22 }
				],
				"translate": [
					{}
				],
				"scale": [
					{}
				]
			},
			"thigh_2": {
				"rotate": [
					{ "value": 2.51 }
				],
				"translate": [
					{}
				],
				"scale": [
					{ "x": 0.942 }
				]
			},
			"leg_2": {
				"rotate": [
					{ "value": 3.66 }
				],
				"translate": [
					{}
				],
				"scale": [
					{}
				]
			},
			"foot_2": {
				"rotate": [
					{}
				],
				"translate": [
					{ "x": 59.47, "y": -3.38 }
				]
			},
			"foot_3": {
				"rotate": [
					{ "value": -4.37 }
				],
				"translate": [
					{ "x": -49.04, "y": -1.91 }
				]
			},
			"feeling_5": {
				"rotate": [
					{}
				],
				"translate": [
					{}
				]
			},
			"feeling_1": {
				"rotate": [
					{ "value": -164.57 }
				],
				"translate": [
					{ "x": 69.48, "y": -118.1 }
				],
				"scale": [
					{ "x": 1.049, "y": 1.049 }
				]
			},
			"feeling_2": {
				"rotate": [
					{ "value": 158.51 }
				],
				"translate": [
					{ "x": -140.8, "y": -249.68 }
				],
				"scale": [
					{ "x": 0.722, "y": 0.722 }
				]
			},
			"move": {
				"translate": [
					{ "x": 119.99, "y": -0.41 }
				],
				"scale": [
					{ "x": -1 }
				]
			},
			"hair_1": {
				"rotate": [
					{ "value": -32.67 }
				],
				"translate": [
					{ "x": 188.18, "y": 557.28 }
				],
				"scale": [
					{ "x": 1.201, "y": 1.201 }
				]
			},
			"feeling_4": {
				"rotate": [
					{ "value": 58.14 }
				],
				"translate": [
					{ "x": -44.52, "y": 126.09 }
				],
				"scale": [
					{ "x": 0.499, "y": 0.499 }
				]
			}
		},
		"ik": {
			"foot_1": [
				{ "stretch": true }
			],
			"foot_2": [
				{ "stretch": true }
			]
		},
		"drawOrder": [
			{
				"offsets": [
					{ "slot": "shoulder4", "offset": 7 }
				]
			}
		]
	},
	"t_325_2_be": {
		"slots": {
			"body": {
				"rgba": [
					{ "color": "000000ff" }
				]
			},
			"Emoji": {
				"attachment": [
					{ "name": "Emoji/new/emo_27" }
				]
			},
			"feeling_1": {
				"attachment": [
					{}
				]
			},
			"feeling_2": {
				"rgba": [
					{ "color": "ffffffac" }
				],
				"attachment": [
					{ "name": "rung" }
				]
			},
			"feeling_3": {
				"attachment": [
					{}
				]
			},
			"feeling_5": {
				"attachment": [
					{}
				]
			},
			"hair": {
				"attachment": [
					{ "name": "hair/man/mu_15" }
				]
			},
			"head": {
				"rgba": [
					{ "color": "ffffffff" }
				],
				"attachment": [
					{ "name": "head" }
				]
			},
			"shoulder1": {
				"rgba": [
					{ "color": "000000ff" }
				],
				"attachment": [
					{ "name": "shoulder" }
				]
			},
			"shoulder2": {
				"rgba": [
					{ "color": "000000ff" }
				],
				"attachment": [
					{ "name": "shoulder" }
				]
			},
			"shoulder3": {
				"rgba": [
					{ "color": "000000ff" }
				],
				"attachment": [
					{ "name": "shoulder" }
				]
			},
			"shoulder4": {
				"rgba": [
					{ "color": "000000ff" }
				],
				"attachment": [
					{ "name": "shoulder" }
				]
			},
			"thigh": {
				"rgba": [
					{ "color": "000000ff" }
				]
			},
			"thigh2": {
				"rgba": [
					{ "color": "000000ff" }
				]
			},
			"thigh3": {
				"rgba": [
					{ "color": "000000ff" }
				]
			},
			"thigh4": {
				"rgba": [
					{ "color": "000000ff" }
				]
			}
		},
		"bones": {
			"head": {
				"rotate": [
					{ "value": -36.81 }
				],
				"translate": [
					{ "x": 3.63, "y": 26.38 }
				],
				"scale": [
					{}
				]
			},
			"root": {
				"rotate": [
					{}
				],
				"translate": [
					{}
				]
			},
			"main": {
				"rotate": [
					{ "value": 0.86 }
				],
				"translate": [
					{ "x": -5.48, "y": -80.85 }
				]
			},
			"hip": {
				"rotate": [
					{}
				],
				"translate": [
					{}
				]
			},
			"body": {
				"rotate": [
					{ "value": 5.95 }
				],
				"translate": [
					{}
				]
			},
			"body2": {
				"rotate": [
					{ "value": 5.95 }
				],
				"translate": [
					{}
				]
			},
			"body3": {
				"rotate": [
					{ "value": 5.95 }
				],
				"translate": [
					{}
				]
			},
			"body4": {
				"rotate": [
					{ "value": 5.95 }
				],
				"translate": [
					{}
				]
			},
			"body5": {
				"rotate": [
					{ "value": 5.95 }
				],
				"translate": [
					{}
				]
			},
			"body6": {
				"rotate": [
					{ "value": 5.95 }
				],
				"translate": [
					{}
				]
			},
			"body7": {
				"rotate": [
					{ "value": 5.95 }
				],
				"translate": [
					{}
				]
			},
			"body8": {
				"rotate": [
					{ "value": 5.95 }
				],
				"translate": [
					{}
				]
			},
			"feeling_3": {
				"rotate": [
					{}
				],
				"translate": [
					{}
				]
			},
			"emoji": {
				"rotate": [
					{ "value": -13.38 }
				],
				"translate": [
					{ "x": -0.2, "y": 23.41 }
				],
				"scale": [
					{ "x": 0.915, "y": 1.074 }
				]
			},
			"shouder_1": {
				"rotate": [
					{ "value": -72.47 }
				],
				"translate": [
					{ "x": 21.39, "y": -0.54 }
				],
				"scale": [
					{ "x": 0.94 }
				],
				"shear": [
					{}
				]
			},
			"arm_1": {
				"rotate": [
					{ "value": -39.24 }
				],
				"translate": [
					{ "x": 2.02, "y": 0.08 }
				],
				"scale": [
					{}
				]
			},
			"shouder_2": {
				"rotate": [
					{ "value": 126.47 }
				],
				"translate": [
					{ "x": 23.51, "y": 1.23 }
				],
				"scale": [
					{}
				]
			},
			"arm_2": {
				"rotate": [
					{ "value": -30.42 }
				],
				"translate": [
					{}
				],
				"scale": [
					{}
				]
			},
			"thigh_1": {
				"rotate": [
					{ "value": 24.72 }
				],
				"translate": [
					{}
				],
				"scale": [
					{}
				]
			},
			"leg_1": {
				"rotate": [
					{}
				],
				"translate": [
					{}
				],
				"scale": [
					{}
				]
			},
			"thigh_2": {
				"rotate": [
					{ "value": 39.21 }
				],
				"translate": [
					{}
				],
				"scale": [
					{}
				]
			},
			"leg_2": {
				"rotate": [
					{ "value": 18.14 }
				],
				"translate": [
					{}
				],
				"scale": [
					{}
				]
			},
			"foot_2": {
				"rotate": [
					{}
				],
				"translate": [
					{ "x": 100.75, "y": 1.64 }
				]
			},
			"foot_3": {
				"rotate": [
					{}
				],
				"translate": [
					{ "x": -46.04, "y": -2.38 }
				]
			},
			"feeling_5": {
				"rotate": [
					{ "value": -13.56 }
				],
				"translate": [
					{ "x": 20.9, "y": -79.46 }
				],
				"scale": [
					{ "x": 0.626, "y": 0.626 }
				]
			},
			"feeling_1": {
				"rotate": [
					{ "value": 20.06 }
				],
				"translate": [
					{ "x": -108.06, "y": -32.74 }
				],
				"scale": [
					{ "x": 1.77, "y": 1.77 }
				]
			},
			"feeling_2": {
				"rotate": [
					{ "value": 142.04 }
				],
				"translate": [
					{ "x": -266.06, "y": -82.67 }
				],
				"scale": [
					{ "x": 0.987, "y": 0.987 }
				]
			},
			"move": {
				"translate": [
					{ "x": 119.99 }
				],
				"scale": [
					{ "x": -1 }
				]
			},
			"hair_1": {
				"rotate": [
					{ "value": -1.44 }
				],
				"translate": [
					{ "x": 20.89, "y": 506.7 }
				],
				"scale": [
					{ "x": 1.415, "y": 1.415 }
				]
			}
		},
		"ik": {
			"foot_1": [
				{ "stretch": true }
			],
			"foot_2": [
				{ "stretch": true }
			]
		},
		"drawOrder": [
			{
				"offsets": [
					{ "slot": "shoulder1", "offset": 2 },
					{ "slot": "shoulder3", "offset": 2 }
				]
			}
		]
	},
	"t_325_2_lose": {
		"slots": {
			"body": {
				"rgba": [
					{ "color": "000000ff" }
				]
			},
			"Emoji": {
				"attachment": [
					{ "name": "Emoji/emo_42" }
				]
			},
			"feeling_1": {
				"rgba": [
					{ "color": "ffffffff" }
				],
				"attachment": [
					{}
				]
			},
			"feeling_2": {
				"attachment": [
					{ "name": "cauco" }
				]
			},
			"feeling_3": {
				"rgba": [
					{ "color": "ffffffff" }
				],
				"attachment": [
					{}
				]
			},
			"feeling_4": {
				"attachment": [
					{ "name": "giat_minh" }
				]
			},
			"feeling_5": {
				"attachment": [
					{ "name": "scare" }
				]
			},
			"hair": {
				"attachment": [
					{ "name": "hair/man/mu_15" }
				]
			},
			"head": {
				"rgba": [
					{ "color": "ffbcbcff" }
				]
			},
			"shoulder1": {
				"rgba": [
					{ "color": "000000ff" }
				],
				"attachment": [
					{ "name": "shoulder" }
				]
			},
			"shoulder2": {
				"rgba": [
					{ "color": "000000ff" }
				],
				"attachment": [
					{ "name": "shoulder" }
				]
			},
			"shoulder3": {
				"rgba": [
					{ "color": "000000ff" }
				],
				"attachment": [
					{ "name": "shoulder" }
				]
			},
			"shoulder4": {
				"rgba": [
					{ "color": "000000ff" }
				],
				"attachment": [
					{ "name": "shoulder" }
				]
			},
			"thigh": {
				"rgba": [
					{ "color": "000000ff" }
				]
			},
			"thigh2": {
				"rgba": [
					{ "color": "000000ff" }
				]
			},
			"thigh3": {
				"rgba": [
					{ "color": "000000ff" }
				]
			},
			"thigh4": {
				"rgba": [
					{ "color": "000000ff" }
				]
			}
		},
		"bones": {
			"head": {
				"rotate": [
					{ "value": 6.15 }
				],
				"translate": [
					{ "x": -27.98, "y": -34.43 }
				],
				"scale": [
					{}
				]
			},
			"root": {
				"rotate": [
					{}
				],
				"translate": [
					{}
				]
			},
			"main": {
				"rotate": [
					{ "value": -0.95 }
				],
				"translate": [
					{ "x": 5.95, "y": -54.22 }
				]
			},
			"hip": {
				"rotate": [
					{ "value": -9.38 }
				],
				"translate": [
					{}
				]
			},
			"body": {
				"rotate": [
					{ "value": -0.62 }
				],
				"translate": [
					{}
				]
			},
			"body2": {
				"rotate": [
					{ "value": -0.62 }
				],
				"translate": [
					{}
				]
			},
			"body3": {
				"rotate": [
					{ "value": -0.62 }
				],
				"translate": [
					{}
				]
			},
			"body4": {
				"rotate": [
					{ "value": -0.62 }
				],
				"translate": [
					{}
				]
			},
			"body5": {
				"rotate": [
					{ "value": -0.62 }
				],
				"translate": [
					{}
				]
			},
			"body6": {
				"rotate": [
					{ "value": -0.62 }
				],
				"translate": [
					{}
				]
			},
			"body7": {
				"rotate": [
					{ "value": -0.62 }
				],
				"translate": [
					{}
				]
			},
			"body8": {
				"rotate": [
					{ "value": -0.62 }
				],
				"translate": [
					{}
				]
			},
			"feeling_3": {
				"rotate": [
					{ "value": 97.39 }
				],
				"translate": [
					{ "x": -61.16, "y": 96.33 }
				],
				"scale": [
					{ "x": -0.808, "y": -0.808 }
				]
			},
			"emoji": {
				"rotate": [
					{ "value": -7.95 }
				],
				"translate": [
					{ "x": -5.38, "y": -19.51 }
				],
				"scale": [
					{ "x": -1.073, "y": 1.073 }
				]
			},
			"shouder_1": {
				"rotate": [
					{ "value": -69.13 }
				],
				"translate": [
					{ "x": 18.77, "y": -1.91 }
				],
				"scale": [
					{}
				],
				"shear": [
					{}
				]
			},
			"arm_1": {
				"rotate": [
					{ "value": -119.65 }
				],
				"translate": [
					{ "x": 2.02, "y": 0.08 }
				],
				"scale": [
					{}
				]
			},
			"shouder_2": {
				"rotate": [
					{ "value": 51.2 }
				],
				"translate": [
					{ "x": 20.11, "y": -1.18 }
				],
				"scale": [
					{}
				]
			},
			"arm_2": {
				"rotate": [
					{ "value": 26.73 }
				],
				"translate": [
					{}
				],
				"scale": [
					{}
				]
			},
			"thigh_1": {
				"rotate": [
					{}
				],
				"translate": [
					{}
				]
			},
			"leg_1": {
				"rotate": [
					{}
				],
				"translate": [
					{}
				]
			},
			"thigh_2": {
				"rotate": [
					{}
				],
				"translate": [
					{}
				]
			},
			"leg_2": {
				"rotate": [
					{}
				],
				"translate": [
					{}
				]
			},
			"foot_2": {
				"rotate": [
					{}
				],
				"translate": [
					{ "x": -180.68, "y": 108.23 }
				]
			},
			"foot_3": {
				"rotate": [
					{}
				],
				"translate": [
					{ "x": 152.13, "y": 3.1 }
				]
			},
			"feeling_5": {
				"rotate": [
					{ "value": -76.43 }
				],
				"translate": [
					{ "x": 15.51, "y": 187.96 }
				],
				"scale": [
					{ "x": 0.859, "y": 0.859 }
				]
			},
			"feeling_1": {
				"rotate": [
					{ "value": 15.2 }
				],
				"translate": [
					{ "x": -133.2, "y": -12.73 }
				],
				"scale": [
					{ "x": 0.797, "y": 0.797 }
				]
			},
			"feeling_2": {
				"rotate": [
					{ "value": -34.3 }
				],
				"translate": [
					{ "x": -41.93, "y": -120.57 }
				],
				"scale": [
					{}
				]
			},
			"move": {
				"translate": [
					{ "x": 119.99 }
				],
				"scale": [
					{}
				]
			},
			"hair_1": {
				"rotate": [
					{ "value": -11.69 }
				],
				"translate": [
					{ "x": 175.3, "y": 514.49 }
				],
				"scale": [
					{ "x": -1.415, "y": 1.415 }
				]
			},
			"feeling_4": {
				"rotate": [
					{ "value": -138.37 }
				],
				"translate": [
					{ "x": -31.9, "y": -82.82 }
				],
				"scale": [
					{ "x": 0.521, "y": 0.521 }
				]
			}
		},
		"ik": {
			"foot_1": [
				{ "bendPositive": false, "stretch": true }
			],
			"foot_2": [
				{ "bendPositive": false, "stretch": true }
			]
		},
		"drawOrder": [
			{
				"offsets": [
					{ "slot": "shoulder2", "offset": 11 },
					{ "slot": "shoulder4", "offset": -3 }
				]
			}
		]
	},
	"t_325_2_lose_2": {
		"slots": {
			"body": {
				"rgba": [
					{ "color": "000000ff" }
				]
			},
			"Emoji": {
				"attachment": [
					{ "name": "Emoji/emo_1" }
				]
			},
			"feeling_1": {
				"attachment": [
					{ "name": "rung" }
				]
			},
			"feeling_2": {
				"attachment": [
					{}
				]
			},
			"feeling_3": {
				"attachment": [
					{ "name": "rung" }
				]
			},
			"feeling_5": {
				"attachment": [
					{ "name": "rung" }
				]
			},
			"hair": {
				"attachment": [
					{ "name": "hair/man/mu_15" }
				]
			},
			"head": {
				"rgba": [
					{ "color": "ffffffff" }
				],
				"attachment": [
					{ "name": "head" }
				]
			},
			"shoulder1": {
				"rgba": [
					{ "color": "000000ff" }
				],
				"attachment": [
					{ "name": "shoulder" }
				]
			},
			"shoulder2": {
				"rgba": [
					{ "color": "000000ff" }
				],
				"attachment": [
					{ "name": "shoulder" }
				]
			},
			"shoulder3": {
				"rgba": [
					{ "color": "000000ff" }
				],
				"attachment": [
					{ "name": "shoulder" }
				]
			},
			"shoulder4": {
				"rgba": [
					{ "color": "000000ff" }
				],
				"attachment": [
					{ "name": "shoulder" }
				]
			},
			"thigh": {
				"rgba": [
					{ "color": "000000ff" }
				]
			},
			"thigh2": {
				"rgba": [
					{ "color": "000000ff" }
				]
			},
			"thigh3": {
				"rgba": [
					{ "color": "000000ff" }
				]
			},
			"thigh4": {
				"rgba": [
					{ "color": "000000ff" }
				]
			}
		},
		"bones": {
			"head": {
				"rotate": [
					{ "value": 8.7 }
				],
				"translate": [
					{ "x": -14.87, "y": 1.85 }
				],
				"scale": [
					{}
				]
			},
			"root": {
				"rotate": [
					{}
				],
				"translate": [
					{}
				]
			},
			"main": {
				"rotate": [
					{ "value": -21.91 }
				],
				"translate": [
					{ "x": -2.13, "y": -61.52 }
				]
			},
			"hip": {
				"rotate": [
					{}
				],
				"translate": [
					{}
				]
			},
			"body": {
				"rotate": [
					{ "value": 11.76 }
				],
				"translate": [
					{}
				]
			},
			"body2": {
				"rotate": [
					{ "value": 5.21 }
				],
				"translate": [
					{}
				]
			},
			"body3": {
				"rotate": [
					{ "value": 5.21 }
				],
				"translate": [
					{}
				]
			},
			"body4": {
				"rotate": [
					{ "value": 4.29 }
				],
				"translate": [
					{}
				]
			},
			"body5": {
				"rotate": [
					{ "value": 3.76 }
				],
				"translate": [
					{}
				]
			},
			"body6": {
				"rotate": [
					{ "value": 5.78 }
				],
				"translate": [
					{}
				]
			},
			"body7": {
				"rotate": [
					{ "value": 5.21 }
				],
				"translate": [
					{}
				]
			},
			"body8": {
				"rotate": [
					{ "value": 5.21 }
				],
				"translate": [
					{}
				]
			},
			"feeling_3": {
				"rotate": [
					{ "value": 42 }
				],
				"translate": [
					{ "x": -83.57, "y": -90.95 }
				]
			},
			"emoji": {
				"rotate": [
					{ "value": -8.23 }
				],
				"translate": [
					{ "x": -9.39, "y": 6.2 }
				],
				"scale": [
					{}
				]
			},
			"shouder_1": {
				"rotate": [
					{ "value": -178.87 }
				],
				"translate": [
					{ "x": 17.19, "y": 1.85 }
				],
				"scale": [
					{}
				],
				"shear": [
					{ "y": 1 }
				]
			},
			"arm_1": {
				"rotate": [
					{ "value": -23.27 }
				],
				"translate": [
					{ "x": 2.6, "y": 0.99 }
				],
				"scale": [
					{}
				]
			},
			"shouder_2": {
				"rotate": [
					{ "value": 110.85 }
				],
				"translate": [
					{ "x": 22.22, "y": -4.38 }
				],
				"scale": [
					{ "y": 0.924 }
				]
			},
			"arm_2": {
				"rotate": [
					{ "value": -78.74 }
				],
				"translate": [
					{ "x": 0.99, "y": 1.82 }
				],
				"scale": [
					{ "x": 1.032 }
				]
			},
			"thigh_1": {
				"rotate": [
					{ "value": -6.18 }
				],
				"translate": [
					{}
				],
				"scale": [
					{ "x": 0.94 }
				]
			},
			"leg_1": {
				"rotate": [
					{ "value": 5.22 }
				],
				"translate": [
					{}
				],
				"scale": [
					{}
				]
			},
			"thigh_2": {
				"rotate": [
					{ "value": 2.51 }
				],
				"translate": [
					{}
				],
				"scale": [
					{ "x": 0.942 }
				]
			},
			"leg_2": {
				"rotate": [
					{ "value": 3.66 }
				],
				"translate": [
					{}
				],
				"scale": [
					{}
				]
			},
			"foot_2": {
				"rotate": [
					{}
				],
				"translate": [
					{ "x": 97.63, "y": 3.65 }
				]
			},
			"foot_3": {
				"rotate": [
					{ "value": -4.37 }
				],
				"translate": [
					{ "x": -92.68, "y": 1.09 }
				]
			},
			"feeling_5": {
				"rotate": [
					{ "value": -146.58 }
				],
				"translate": [
					{ "x": -237.83, "y": 240.66 }
				],
				"scale": [
					{ "x": 0.375, "y": 0.375 }
				]
			},
			"feeling_1": {
				"rotate": [
					{ "value": 38.59 }
				],
				"translate": [
					{ "x": -301.22, "y": -204.18 }
				],
				"scale": [
					{ "x": 0.825, "y": 0.825 }
				]
			},
			"feeling_2": {
				"rotate": [
					{ "value": 48.23 }
				],
				"translate": [
					{ "x": -100.39, "y": -36.09 }
				],
				"scale": [
					{ "x": -1.768, "y": 1.768 }
				]
			},
			"move": {
				"translate": [
					{ "x": 119.99 }
				],
				"scale": [
					{ "x": -1 }
				]
			},
			"hair_1": {
				"rotate": [
					{ "value": 65.24 }
				],
				"translate": [
					{ "x": -28.41, "y": 499.92 }
				],
				"scale": [
					{ "x": 1.415, "y": 1.415 }
				]
			}
		},
		"ik": {
			"foot_1": [
				{ "bendPositive": false, "stretch": true }
			],
			"foot_2": [
				{ "stretch": true }
			]
		},
		"drawOrder": [
			{
				"offsets": [
					{ "slot": "shoulder4", "offset": 7 }
				]
			}
		]
	},
	"t_325_2_win": {
		"slots": {
			"body": {
				"rgba": [
					{ "color": "000000ff", "curve": "stepped" },
					{ "time": 0.5, "color": "000000ff" }
				]
			},
			"Emoji": {
				"attachment": [
					{ "name": "Emoji/emo_89" },
					{ "time": 0.5, "name": "Emoji/emo_89" }
				]
			},
			"feeling_1": {
				"attachment": [
					{},
					{ "time": 0.5 }
				]
			},
			"feeling_2": {
				"rgba": [
					{ "color": "000000ff", "curve": "stepped" },
					{ "time": 0.5, "color": "000000ff" }
				],
				"attachment": [
					{},
					{ "time": 0.5 }
				]
			},
			"feeling_3": {
				"rgba": [
					{ "color": "ffffffff", "curve": "stepped" },
					{ "time": 0.5, "color": "ffffffff" }
				],
				"attachment": [
					{ "name": "cham_than" },
					{ "time": 0.5, "name": "cham_than" }
				]
			},
			"feeling_4": {
				"attachment": [
					{ "name": "mo_hoi" },
					{ "time": 0.5, "name": "mo_hoi" }
				]
			},
			"feeling_5": {
				"rgba": [
					{ "color": "ffffffff", "curve": "stepped" },
					{ "time": 0.5, "color": "ffffffff" }
				],
				"attachment": [
					{ "name": "scare" },
					{ "time": 0.5, "name": "scare" }
				]
			},
			"hair": {
				"attachment": [
					{ "name": "hair/man/mu_15" },
					{ "time": 0.5, "name": "hair/man/mu_15" }
				]
			},
			"head": {
				"rgba": [
					{ "color": "ffffffff", "curve": "stepped" },
					{ "time": 0.5, "color": "ffffffff" }
				],
				"attachment": [
					{ "name": "head" },
					{ "time": 0.5, "name": "head" }
				]
			},
			"shoulder1": {
				"rgba": [
					{ "color": "000000ff", "curve": "stepped" },
					{ "time": 0.5, "color": "000000ff" }
				],
				"attachment": [
					{ "name": "shoulder" },
					{ "time": 0.5, "name": "shoulder" }
				]
			},
			"shoulder2": {
				"rgba": [
					{ "color": "000000ff", "curve": "stepped" },
					{ "time": 0.5, "color": "000000ff" }
				],
				"attachment": [
					{ "name": "shoulder" },
					{ "time": 0.5, "name": "shoulder" }
				]
			},
			"shoulder3": {
				"rgba": [
					{ "color": "000000ff", "curve": "stepped" },
					{ "time": 0.5, "color": "000000ff" }
				],
				"attachment": [
					{ "name": "shoulder" },
					{ "time": 0.5, "name": "shoulder" }
				]
			},
			"shoulder4": {
				"rgba": [
					{ "color": "000000ff", "curve": "stepped" },
					{ "time": 0.5, "color": "000000ff" }
				],
				"attachment": [
					{ "name": "shoulder" },
					{ "time": 0.5, "name": "shoulder" }
				]
			},
			"thigh": {
				"rgba": [
					{ "color": "000000ff", "curve": "stepped" },
					{ "time": 0.5, "color": "000000ff" }
				]
			},
			"thigh2": {
				"rgba": [
					{ "color": "000000ff", "curve": "stepped" },
					{ "time": 0.5, "color": "000000ff" }
				]
			},
			"thigh3": {
				"rgba": [
					{ "color": "000000ff", "curve": "stepped" },
					{ "time": 0.5, "color": "000000ff" }
				]
			},
			"thigh4": {
				"rgba": [
					{ "color": "000000ff", "curve": "stepped" },
					{ "time": 0.5, "color": "000000ff" }
				]
			}
		},
		"bones": {
			"head": {
				"rotate": [
					{ "value": -12.79, "curve": "stepped" },
					{ "time": 0.5, "value": -12.79 }
				],
				"translate": [
					{ "x": -0.91, "y": 7.28, "curve": "stepped" },
					{ "time": 0.5, "x": -0.91, "y": 7.28 }
				],
				"scale": [
					{ "curve": "stepped" },
					{ "time": 0.5 }
				]
			},
			"root": {
				"rotate": [
					{ "curve": "stepped" },
					{ "time": 0.5 }
				],
				"translate": [
					{ "curve": "stepped" },
					{ "time": 0.5 }
				]
			},
			"main": {
				"rotate": [
					{ "value": 1.81, "curve": "stepped" },
					{ "time": 0.5, "value": 1.81 }
				],
				"translate": [
					{ "x": 32.48, "y": -70.84, "curve": "stepped" },
					{ "time": 0.5, "x": 32.48, "y": -70.84 }
				]
			},
			"hip": {
				"rotate": [
					{ "curve": "stepped" },
					{ "time": 0.5 }
				],
				"translate": [
					{ "curve": "stepped" },
					{ "time": 0.5 }
				]
			},
			"body": {
				"rotate": [
					{ "value": 1.35, "curve": "stepped" },
					{ "time": 0.5, "value": 1.35 }
				],
				"translate": [
					{ "curve": "stepped" },
					{ "time": 0.5 }
				],
				"scale": [
					{ "curve": "stepped" },
					{ "time": 0.5 }
				]
			},
			"body2": {
				"rotate": [
					{ "value": 1.35, "curve": "stepped" },
					{ "time": 0.5, "value": 1.35 }
				],
				"translate": [
					{ "curve": "stepped" },
					{ "time": 0.5 }
				],
				"scale": [
					{ "curve": "stepped" },
					{ "time": 0.5 }
				]
			},
			"body3": {
				"rotate": [
					{ "value": 1.35, "curve": "stepped" },
					{ "time": 0.5, "value": 1.35 }
				],
				"translate": [
					{ "curve": "stepped" },
					{ "time": 0.5 }
				],
				"scale": [
					{ "curve": "stepped" },
					{ "time": 0.5 }
				]
			},
			"body4": {
				"rotate": [
					{ "value": 1.35, "curve": "stepped" },
					{ "time": 0.5, "value": 1.35 }
				],
				"translate": [
					{ "curve": "stepped" },
					{ "time": 0.5 }
				],
				"scale": [
					{ "curve": "stepped" },
					{ "time": 0.5 }
				]
			},
			"body5": {
				"rotate": [
					{ "value": 1.35, "curve": "stepped" },
					{ "time": 0.5, "value": 1.35 }
				],
				"translate": [
					{ "curve": "stepped" },
					{ "time": 0.5 }
				],
				"scale": [
					{ "curve": "stepped" },
					{ "time": 0.5 }
				]
			},
			"body6": {
				"rotate": [
					{ "value": 1.35, "curve": "stepped" },
					{ "time": 0.5, "value": 1.35 }
				],
				"translate": [
					{ "curve": "stepped" },
					{ "time": 0.5 }
				],
				"scale": [
					{ "curve": "stepped" },
					{ "time": 0.5 }
				]
			},
			"body7": {
				"rotate": [
					{ "value": 1.35, "curve": "stepped" },
					{ "time": 0.5, "value": 1.35 }
				],
				"translate": [
					{ "curve": "stepped" },
					{ "time": 0.5 }
				],
				"scale": [
					{ "curve": "stepped" },
					{ "time": 0.5 }
				]
			},
			"body8": {
				"rotate": [
					{ "value": 1.35, "curve": "stepped" },
					{ "time": 0.5, "value": 1.35 }
				],
				"translate": [
					{ "curve": "stepped" },
					{ "time": 0.5 }
				],
				"scale": [
					{ "curve": "stepped" },
					{ "time": 0.5 }
				]
			},
			"feeling_3": {
				"rotate": [
					{ "value": -24.43, "curve": "stepped" },
					{ "time": 0.5, "value": -24.43 }
				],
				"translate": [
					{ "x": 89.11, "y": -160.99, "curve": "stepped" },
					{ "time": 0.5, "x": 89.11, "y": -160.99 }
				],
				"scale": [
					{ "x": 1.625, "y": -1.625, "curve": "stepped" },
					{ "time": 0.5, "x": 1.625, "y": -1.625 }
				]
			},
			"emoji": {
				"rotate": [
					{ "value": 7.93, "curve": "stepped" },
					{ "time": 0.5, "value": 7.93 }
				],
				"translate": [
					{ "x": -2.31, "y": 12.38, "curve": "stepped" },
					{ "time": 0.5, "x": -2.31, "y": 12.38 }
				],
				"scale": [
					{ "x": -0.928, "y": 0.928, "curve": "stepped" },
					{ "time": 0.5, "x": -0.928, "y": 0.928 }
				]
			},
			"shouder_1": {
				"rotate": [
					{ "value": -128.55, "curve": "stepped" },
					{ "time": 0.5, "value": -128.55 }
				],
				"translate": [
					{ "x": 24.33, "y": -2.51, "curve": "stepped" },
					{ "time": 0.5, "x": 24.33, "y": -2.51 }
				],
				"scale": [
					{ "curve": "stepped" },
					{ "time": 0.5 }
				]
			},
			"arm_1": {
				"rotate": [
					{ "value": -23.44, "curve": "stepped" },
					{ "time": 0.5, "value": -23.44 }
				],
				"translate": [
					{ "x": 2.02, "y": 0.08, "curve": "stepped" },
					{ "time": 0.5, "x": 2.02, "y": 0.08 }
				],
				"scale": [
					{ "curve": "stepped" },
					{ "time": 0.5 }
				]
			},
			"shouder_2": {
				"rotate": [
					{ "value": 124.79, "curve": "stepped" },
					{ "time": 0.5, "value": 124.79 }
				],
				"translate": [
					{ "x": 26.75, "y": 4.94, "curve": "stepped" },
					{ "time": 0.5, "x": 26.75, "y": 4.94 }
				],
				"scale": [
					{ "curve": "stepped" },
					{ "time": 0.5 }
				]
			},
			"arm_2": {
				"rotate": [
					{ "value": -21.4, "curve": "stepped" },
					{ "time": 0.5, "value": -21.4 }
				],
				"scale": [
					{ "curve": "stepped" },
					{ "time": 0.5 }
				]
			},
			"thigh_1": {
				"rotate": [
					{ "value": 24.72, "curve": "stepped" },
					{ "time": 0.5, "value": 24.72 }
				],
				"translate": [
					{ "curve": "stepped" },
					{ "time": 0.5 }
				],
				"scale": [
					{ "curve": "stepped" },
					{ "time": 0.5 }
				]
			},
			"leg_1": {
				"rotate": [
					{ "curve": "stepped" },
					{ "time": 0.5 }
				],
				"translate": [
					{ "curve": "stepped" },
					{ "time": 0.5 }
				]
			},
			"thigh_2": {
				"rotate": [
					{ "value": 39.21, "curve": "stepped" },
					{ "time": 0.5, "value": 39.21 }
				],
				"translate": [
					{ "curve": "stepped" },
					{ "time": 0.5 }
				],
				"scale": [
					{ "x": 1.027, "curve": "stepped" },
					{ "time": 0.5, "x": 1.027 }
				]
			},
			"leg_2": {
				"rotate": [
					{ "value": 18.14, "curve": "stepped" },
					{ "time": 0.5, "value": 18.14 }
				],
				"translate": [
					{ "curve": "stepped" },
					{ "time": 0.5 }
				]
			},
			"foot_2": {
				"rotate": [
					{ "curve": "stepped" },
					{ "time": 0.5 }
				],
				"translate": [
					{ "x": -111.18, "y": 0.4, "curve": "stepped" },
					{ "time": 0.5, "x": -111.18, "y": 0.4 }
				]
			},
			"foot_3": {
				"rotate": [
					{ "value": 5.34, "curve": "stepped" },
					{ "time": 0.5, "value": 5.34 }
				],
				"translate": [
					{ "x": 118.91, "y": 0.78, "curve": "stepped" },
					{ "time": 0.5, "x": 118.91, "y": 0.78 }
				]
			},
			"feeling_5": {
				"rotate": [
					{ "value": 146.49, "curve": "stepped" },
					{ "time": 0.5, "value": 146.49 }
				],
				"translate": [
					{ "x": 22.99, "y": -64.28, "curve": "stepped" },
					{ "time": 0.5, "x": 22.99, "y": -64.28 }
				],
				"scale": [
					{
						"x": 0.797,
						"y": 0.797,
						"curve": [ 0.02, 0.797, 0.042, 0.979, 0.02, 0.797, 0.042, 0.979 ]
					},
					{
						"time": 0.0667,
						"x": 1.294,
						"y": 1.294,
						"curve": [ 0.087, 1.19, 0.117, 0.798, 0.087, 1.19, 0.117, 0.798 ]
					},
					{ "time": 0.1333, "x": 0.798, "y": 0.798, "curve": "stepped" },
					{
						"time": 0.2667,
						"x": 0.798,
						"y": 0.798,
						"curve": [ 0.286, 0.798, 0.309, 0.98, 0.286, 0.798, 0.309, 0.98 ]
					},
					{
						"time": 0.3333,
						"x": 1.294,
						"y": 1.294,
						"curve": [ 0.353, 1.19, 0.384, 0.798, 0.353, 1.19, 0.384, 0.798 ]
					},
					{
						"time": 0.4,
						"x": 0.798,
						"y": 0.798,
						"curve": [ 0.43, 0.798, 0.463, 0.798, 0.43, 0.798, 0.463, 0.798 ]
					},
					{ "time": 0.5, "x": 0.797, "y": 0.797 }
				],
				"shear": [
					{ "curve": "stepped" },
					{ "time": 0.5 }
				]
			},
			"feeling_1": {
				"rotate": [
					{ "value": 20.05, "curve": "stepped" },
					{ "time": 0.5, "value": 20.05 }
				],
				"translate": [
					{ "x": -98.32, "y": -91.83, "curve": "stepped" },
					{ "time": 0.5, "x": -98.32, "y": -91.83 }
				],
				"scale": [
					{ "x": -1.093, "y": 1.093, "curve": "stepped" },
					{ "time": 0.5, "x": -1.093, "y": 1.093 }
				]
			},
			"feeling_2": {
				"rotate": [
					{ "value": -154.13, "curve": "stepped" },
					{ "time": 0.5, "value": -154.13 }
				],
				"translate": [
					{ "x": -110.82, "y": 31.69, "curve": "stepped" },
					{ "time": 0.5, "x": -110.82, "y": 31.69 }
				],
				"scale": [
					{ "x": -2.356, "y": -2.356, "curve": "stepped" },
					{ "time": 0.5, "x": -2.356, "y": -2.356 }
				]
			},
			"move": {
				"translate": [
					{ "x": 119.99, "curve": "stepped" },
					{ "time": 0.5, "x": 119.99 }
				],
				"scale": [
					{ "x": -1, "curve": "stepped" },
					{ "time": 0.5, "x": -1 }
				]
			},
			"hair_1": {
				"rotate": [
					{ "value": -1.18, "curve": "stepped" },
					{ "time": 0.5, "value": -1.18 }
				],
				"translate": [
					{ "x": 140.25, "y": 629.33, "curve": "stepped" },
					{ "time": 0.5, "x": 140.25, "y": 629.33 }
				],
				"scale": [
					{ "x": 1.415, "y": 1.415, "curve": "stepped" },
					{ "time": 0.5, "x": 1.415, "y": 1.415 }
				]
			},
			"feeling_4": {
				"rotate": [
					{ "value": -50.24, "curve": "stepped" },
					{ "time": 0.5, "value": -50.24 }
				],
				"translate": [
					{ "x": -22.66, "y": 13.97, "curve": "stepped" },
					{ "time": 0.5, "x": -22.66, "y": 13.97 }
				],
				"scale": [
					{ "x": 0.465, "y": 0.465, "curve": "stepped" },
					{ "time": 0.5, "x": 0.465, "y": 0.465 }
				]
			}
		},
		"ik": {
			"foot_1": [
				{
					"stretch": true,
					"curve": [ 0.125, 1, 0.375, 1, 0.125, 0, 0.375, 0 ]
				},
				{ "time": 0.5, "stretch": true }
			],
			"foot_2": [
				{
					"stretch": true,
					"curve": [ 0.125, 1, 0.375, 1, 0.125, 0, 0.375, 0 ]
				},
				{ "time": 0.5, "stretch": true }
			]
		},
		"drawOrder": [
			{
				"offsets": [
					{ "slot": "shoulder4", "offset": -3 },
					{ "slot": "feeling_3", "offset": 3 },
					{ "slot": "feeling_1", "offset": -4 }
				]
			},
			{
				"time": 0.5,
				"offsets": [
					{ "slot": "shoulder4", "offset": -3 },
					{ "slot": "feeling_3", "offset": 3 },
					{ "slot": "feeling_1", "offset": -4 }
				]
			}
		]
	},
	"t_325_3_be": {
		"slots": {
			"body": {
				"rgba": [
					{ "color": "000000ff" }
				]
			},
			"Emoji": {
				"attachment": [
					{ "name": "Emoji/emo_50" }
				]
			},
			"feeling_1": {
				"attachment": [
					{}
				]
			},
			"feeling_2": {
				"attachment": [
					{}
				]
			},
			"feeling_3": {
				"rgba": [
					{ "color": "ffffffff" }
				],
				"attachment": [
					{ "name": "rung" }
				]
			},
			"feeling_4": {
				"attachment": [
					{ "name": "rung" }
				]
			},
			"feeling_5": {
				"rgba": [
					{ "color": "ffffffff" }
				],
				"attachment": [
					{ "name": "giat_minh" }
				]
			},
			"hair": {
				"attachment": [
					{ "name": "hair/man/mu_13" }
				]
			},
			"head": {
				"rgba": [
					{ "color": "ffffffff" }
				],
				"attachment": [
					{ "name": "head" }
				]
			},
			"item": {
				"attachment": [
					{}
				]
			},
			"shoulder1": {
				"rgba": [
					{ "color": "000000ff" }
				],
				"attachment": [
					{ "name": "shoulder" }
				]
			},
			"shoulder2": {
				"rgba": [
					{ "color": "000000ff" }
				],
				"attachment": [
					{ "name": "shoulder" }
				]
			},
			"shoulder3": {
				"rgba": [
					{ "color": "000000ff" }
				],
				"attachment": [
					{ "name": "shoulder" }
				]
			},
			"shoulder4": {
				"rgba": [
					{ "color": "000000ff" }
				],
				"attachment": [
					{ "name": "shoulder" }
				]
			},
			"thigh": {
				"rgba": [
					{ "color": "000000ff" }
				]
			},
			"thigh2": {
				"rgba": [
					{ "color": "000000ff" }
				]
			},
			"thigh3": {
				"rgba": [
					{ "color": "000000ff" }
				]
			},
			"thigh4": {
				"rgba": [
					{ "color": "000000ff" }
				]
			}
		},
		"bones": {
			"head": {
				"rotate": [
					{ "value": 0.33 }
				],
				"translate": [
					{ "x": -5.25, "y": 0.38 }
				],
				"scale": [
					{}
				]
			},
			"root": {
				"rotate": [
					{}
				],
				"translate": [
					{}
				]
			},
			"main": {
				"rotate": [
					{ "value": -22.55 }
				],
				"translate": [
					{ "x": -8.89, "y": -43.94 }
				]
			},
			"hip": {
				"rotate": [
					{}
				],
				"translate": [
					{}
				]
			},
			"body": {
				"rotate": [
					{ "value": 2.39 }
				],
				"translate": [
					{}
				]
			},
			"body2": {
				"rotate": [
					{ "value": 2.39 }
				],
				"translate": [
					{}
				]
			},
			"body3": {
				"rotate": [
					{ "value": 2.39 }
				],
				"translate": [
					{}
				]
			},
			"body4": {
				"rotate": [
					{ "value": 1.48 }
				],
				"translate": [
					{}
				]
			},
			"body5": {
				"rotate": [
					{ "value": -0.59 }
				],
				"translate": [
					{}
				]
			},
			"body6": {
				"rotate": [
					{ "value": 2.97 }
				],
				"translate": [
					{}
				]
			},
			"body7": {
				"rotate": [
					{ "value": 2.39 }
				],
				"translate": [
					{}
				]
			},
			"body8": {
				"rotate": [
					{ "value": 2.39 }
				],
				"translate": [
					{}
				]
			},
			"feeling_3": {
				"rotate": [
					{ "value": -97.98 }
				],
				"translate": [
					{ "x": -156.9, "y": 54.32 }
				],
				"scale": [
					{ "x": 0.816, "y": 0.816 }
				]
			},
			"emoji": {
				"rotate": [
					{ "value": -6.82 }
				],
				"translate": [
					{ "x": -1.33, "y": -20.33 }
				],
				"scale": [
					{ "x": -1.039, "y": 1.039 }
				]
			},
			"shouder_1": {
				"rotate": [
					{ "value": -40.48 }
				],
				"translate": [
					{ "x": 31.47, "y": 0.4 }
				],
				"scale": [
					{}
				],
				"shear": [
					{}
				]
			},
			"arm_1": {
				"rotate": [
					{ "value": 30.16 }
				],
				"translate": [
					{ "x": 2.02, "y": 0.08 }
				],
				"scale": [
					{}
				]
			},
			"shouder_2": {
				"rotate": [
					{ "value": 52.76 }
				],
				"translate": [
					{ "x": 30.44, "y": -1.68 }
				],
				"scale": [
					{ "x": 1.037 }
				]
			},
			"arm_2": {
				"rotate": [
					{ "value": 47.09 }
				],
				"translate": [
					{}
				],
				"scale": [
					{}
				]
			},
			"thigh_1": {
				"rotate": [
					{ "value": -44.84 }
				],
				"translate": [
					{}
				]
			},
			"leg_1": {
				"rotate": [
					{ "value": 45.63 }
				],
				"translate": [
					{}
				]
			},
			"thigh_2": {
				"rotate": [
					{ "value": -37.54 }
				],
				"translate": [
					{}
				],
				"scale": [
					{}
				]
			},
			"leg_2": {
				"rotate": [
					{ "value": 38.6 }
				],
				"translate": [
					{}
				]
			},
			"foot_2": {
				"rotate": [
					{ "value": -1.35 }
				],
				"translate": [
					{ "x": -89.94, "y": 0.69 }
				]
			},
			"foot_3": {
				"rotate": [
					{}
				],
				"translate": [
					{ "x": 109.73, "y": 0.32 }
				]
			},
			"feeling_5": {
				"rotate": [
					{ "value": -128.12 }
				],
				"translate": [
					{ "x": -12.17, "y": -81.5 }
				],
				"scale": [
					{ "x": 0.5, "y": 0.5 }
				]
			},
			"move": {
				"translate": [
					{ "x": 119.99, "y": -0.27 }
				],
				"scale": [
					{ "x": -1 }
				]
			},
			"feeling_1": {
				"rotate": [
					{ "value": -5.01 }
				],
				"translate": [
					{ "x": -17.36, "y": -104.76 }
				],
				"scale": [
					{ "x": 1.033, "y": 1.033 }
				]
			},
			"feeling_2": {
				"rotate": [
					{ "value": 13.64 }
				],
				"translate": [
					{ "x": -231.41, "y": -16.16 }
				],
				"scale": [
					{ "x": 1.679, "y": 1.679 }
				]
			},
			"item_1": {
				"rotate": [
					{ "value": 152.31 }
				],
				"translate": [
					{ "x": -106.85, "y": -271.79 }
				]
			},
			"hair_1": {
				"rotate": [
					{ "value": 8.88 }
				],
				"translate": [
					{ "x": 39.36, "y": 538.35 }
				],
				"scale": [
					{ "x": -1.35, "y": 1.35 }
				]
			},
			"feeling_4": {
				"rotate": [
					{ "value": -22.72 }
				],
				"translate": [
					{ "x": -172.05, "y": -35.32 }
				],
				"scale": [
					{ "x": 0.459, "y": 0.459 }
				]
			}
		},
		"ik": {
			"foot_1": [
				{ "bendPositive": false, "stretch": true }
			],
			"foot_2": [
				{ "bendPositive": false, "stretch": true }
			]
		},
		"drawOrder": [
			{
				"offsets": [
					{ "slot": "shoulder2", "offset": 13 },
					{ "slot": "Emoji", "offset": 2 },
					{ "slot": "feeling_3", "offset": 2 }
				]
			}
		]
	},
	"t_325_3_lose": {
		"slots": {
			"body": {
				"rgba": [
					{ "color": "000000ff" }
				]
			},
			"Emoji": {
				"attachment": [
					{ "name": "Emoji/emo_68b" }
				]
			},
			"feeling_1": {
				"attachment": [
					{}
				]
			},
			"feeling_2": {
				"attachment": [
					{}
				]
			},
			"feeling_3": {
				"attachment": [
					{ "name": "giat_minh" }
				]
			},
			"feeling_5": {
				"attachment": [
					{ "name": "cauco" }
				]
			},
			"hair": {
				"attachment": [
					{ "name": "hair/man/mu_13" }
				]
			},
			"head": {
				"rgba": [
					{ "color": "ffffffff" }
				],
				"attachment": [
					{ "name": "head" }
				]
			},
			"shoulder1": {
				"rgba": [
					{ "color": "000000ff" }
				],
				"attachment": [
					{ "name": "shoulder" }
				]
			},
			"shoulder2": {
				"rgba": [
					{ "color": "000000ff" }
				],
				"attachment": [
					{ "name": "shoulder" }
				]
			},
			"shoulder3": {
				"rgba": [
					{ "color": "000000ff" }
				],
				"attachment": [
					{ "name": "shoulder" }
				]
			},
			"shoulder4": {
				"rgba": [
					{ "color": "000000ff" }
				],
				"attachment": [
					{ "name": "shoulder" }
				]
			},
			"thigh": {
				"rgba": [
					{ "color": "000000ff" }
				]
			},
			"thigh2": {
				"rgba": [
					{ "color": "000000ff" }
				]
			},
			"thigh3": {
				"rgba": [
					{ "color": "000000ff" }
				]
			},
			"thigh4": {
				"rgba": [
					{ "color": "000000ff" }
				]
			}
		},
		"bones": {
			"head": {
				"rotate": [
					{ "value": 16.69 }
				],
				"translate": [
					{ "x": -9.08, "y": 1.5 }
				],
				"scale": [
					{}
				]
			},
			"root": {
				"rotate": [
					{}
				],
				"translate": [
					{}
				]
			},
			"main": {
				"rotate": [
					{ "value": -22.9 }
				],
				"translate": [
					{ "x": -10.04, "y": -10.62 }
				]
			},
			"hip": {
				"rotate": [
					{}
				],
				"translate": [
					{}
				]
			},
			"body": {
				"rotate": [
					{ "value": 3.18 }
				],
				"translate": [
					{}
				],
				"scale": [
					{}
				]
			},
			"body2": {
				"rotate": [
					{ "value": 3.18 }
				],
				"translate": [
					{}
				],
				"scale": [
					{}
				]
			},
			"body3": {
				"rotate": [
					{ "value": 3.18 }
				],
				"translate": [
					{}
				],
				"scale": [
					{}
				]
			},
			"body4": {
				"rotate": [
					{ "value": 3.18 }
				],
				"translate": [
					{}
				],
				"scale": [
					{}
				]
			},
			"body5": {
				"rotate": [
					{ "value": 3.18 }
				],
				"translate": [
					{}
				],
				"scale": [
					{}
				]
			},
			"body6": {
				"rotate": [
					{ "value": 3.18 }
				],
				"translate": [
					{}
				],
				"scale": [
					{}
				]
			},
			"body7": {
				"rotate": [
					{ "value": 3.18 }
				],
				"translate": [
					{}
				],
				"scale": [
					{}
				]
			},
			"body8": {
				"rotate": [
					{ "value": 3.18 }
				],
				"translate": [
					{}
				],
				"scale": [
					{}
				]
			},
			"feeling_3": {
				"rotate": [
					{ "value": 146.73 }
				],
				"translate": [
					{ "x": -48.93, "y": 76.34 }
				],
				"scale": [
					{ "x": 0.721, "y": 0.721 }
				]
			},
			"emoji": {
				"rotate": [
					{ "value": -3.44 }
				],
				"translate": [
					{ "x": 18.78, "y": 20.71 }
				],
				"scale": [
					{ "x": -1.011, "y": 1.011 }
				]
			},
			"shouder_1": {
				"rotate": [
					{ "value": -151.75 }
				],
				"translate": [
					{ "x": 31.35, "y": 2.8 }
				],
				"scale": [
					{}
				]
			},
			"arm_1": {
				"rotate": [
					{ "value": -19.01 }
				],
				"translate": [
					{ "x": 2.02, "y": 0.08 }
				],
				"scale": [
					{}
				]
			},
			"shouder_2": {
				"rotate": [
					{ "value": -165.34 }
				],
				"translate": [
					{ "x": 28.3, "y": 6.41 }
				],
				"scale": [
					{}
				]
			},
			"arm_2": {
				"rotate": [
					{ "value": -23.34 }
				],
				"translate": [
					{}
				],
				"scale": [
					{}
				]
			},
			"thigh_1": {
				"rotate": [
					{ "value": 24.72 }
				],
				"translate": [
					{}
				],
				"scale": [
					{}
				]
			},
			"leg_1": {
				"rotate": [
					{}
				],
				"translate": [
					{}
				],
				"scale": [
					{}
				]
			},
			"thigh_2": {
				"rotate": [
					{ "value": 39.21 }
				],
				"translate": [
					{}
				],
				"scale": [
					{}
				]
			},
			"leg_2": {
				"rotate": [
					{ "value": 18.14 }
				],
				"translate": [
					{}
				]
			},
			"foot_2": {
				"rotate": [
					{}
				],
				"translate": [
					{ "x": -269.84, "y": 242.51 }
				]
			},
			"foot_3": {
				"rotate": [
					{}
				],
				"translate": [
					{ "x": 185.68, "y": 144.73 }
				]
			},
			"feeling_5": {
				"rotate": [
					{ "value": -77.74 }
				],
				"translate": [
					{ "x": 36.19, "y": -49.4 }
				],
				"scale": [
					{ "x": -0.522, "y": 0.522 }
				]
			},
			"item_1": {
				"rotate": [
					{ "value": 1.78 }
				],
				"translate": [
					{ "x": -26.83, "y": 119.53 }
				],
				"scale": [
					{ "x": 1.145, "y": 1.145 }
				]
			},
			"feeling_1": {
				"rotate": [
					{ "value": 24.55 }
				],
				"translate": [
					{ "x": -220.41, "y": -201.02 }
				],
				"scale": [
					{ "x": -0.433, "y": 0.433 }
				]
			},
			"move": {
				"translate": [
					{ "x": 119.99, "y": 0.12 }
				],
				"scale": [
					{}
				]
			},
			"feeling_2": {
				"rotate": [
					{ "value": 16.31 }
				],
				"translate": [
					{ "x": -324.28, "y": -230.73 }
				],
				"scale": [
					{ "x": 0.876, "y": 0.876 }
				]
			},
			"hair_1": {
				"rotate": [
					{ "value": 51.26 }
				],
				"translate": [
					{ "x": 26.27, "y": 532.43 }
				],
				"scale": [
					{ "x": 1.35, "y": 1.35 }
				]
			}
		},
		"ik": {
			"foot_1": [
				{ "stretch": true }
			],
			"foot_2": [
				{ "stretch": true }
			]
		},
		"drawOrder": [
			{
				"offsets": [
					{ "slot": "item", "offset": 16 },
					{ "slot": "feeling_5", "offset": 3 }
				]
			}
		]
	},
	"t_325_3_lose2": {
		"slots": {
			"body": {
				"rgba": [
					{ "color": "000000ff" }
				]
			},
			"Emoji": {
				"attachment": [
					{ "name": "Emoji/emo_84_b" }
				]
			},
			"feeling_1": {
				"attachment": [
					{ "name": "rung" }
				]
			},
			"feeling_2": {
				"attachment": [
					{}
				]
			},
			"feeling_3": {
				"attachment": [
					{ "name": "giat_minh" }
				]
			},
			"feeling_5": {
				"attachment": [
					{ "name": "rung" }
				]
			},
			"hair": {
				"attachment": [
					{ "name": "hair/man/mu_13" }
				]
			},
			"head": {
				"rgba": [
					{ "color": "ffffffff" }
				],
				"attachment": [
					{ "name": "head" }
				]
			},
			"shoulder1": {
				"rgba": [
					{ "color": "000000ff" }
				],
				"attachment": [
					{ "name": "shoulder" }
				]
			},
			"shoulder2": {
				"rgba": [
					{ "color": "000000ff" }
				],
				"attachment": [
					{ "name": "shoulder" }
				]
			},
			"shoulder3": {
				"rgba": [
					{ "color": "000000ff" }
				],
				"attachment": [
					{ "name": "shoulder" }
				]
			},
			"shoulder4": {
				"rgba": [
					{ "color": "000000ff" }
				],
				"attachment": [
					{ "name": "shoulder" }
				]
			},
			"thigh": {
				"rgba": [
					{ "color": "000000ff" }
				]
			},
			"thigh2": {
				"rgba": [
					{ "color": "000000ff" }
				]
			},
			"thigh3": {
				"rgba": [
					{ "color": "000000ff" }
				]
			},
			"thigh4": {
				"rgba": [
					{ "color": "000000ff" }
				]
			}
		},
		"bones": {
			"head": {
				"rotate": [
					{ "value": 13.48 }
				],
				"translate": [
					{ "x": -43.33, "y": 2.43 }
				],
				"scale": [
					{}
				]
			},
			"root": {
				"rotate": [
					{}
				],
				"translate": [
					{}
				]
			},
			"main": {
				"rotate": [
					{ "value": -1.07 }
				],
				"translate": [
					{ "x": 2.1, "y": -44.67 }
				]
			},
			"hip": {
				"rotate": [
					{}
				],
				"translate": [
					{}
				]
			},
			"body": {
				"rotate": [
					{ "value": -2.96 }
				],
				"translate": [
					{ "x": -2.12, "y": 0.67 }
				]
			},
			"body2": {
				"rotate": [
					{ "value": -2.96 }
				],
				"translate": [
					{}
				]
			},
			"body3": {
				"rotate": [
					{ "value": -2.96 }
				],
				"translate": [
					{}
				]
			},
			"body4": {
				"rotate": [
					{ "value": -2.96 }
				],
				"translate": [
					{}
				]
			},
			"body5": {
				"rotate": [
					{ "value": -2.96 }
				],
				"translate": [
					{}
				]
			},
			"body6": {
				"rotate": [
					{ "value": -2.96 }
				],
				"translate": [
					{}
				]
			},
			"body7": {
				"rotate": [
					{ "value": -2.96 }
				],
				"translate": [
					{}
				]
			},
			"body8": {
				"rotate": [
					{ "value": -2.96 }
				],
				"translate": [
					{}
				]
			},
			"feeling_3": {
				"rotate": [
					{ "value": -42.67 }
				],
				"translate": [
					{ "x": -46.9, "y": -133.76 }
				]
			},
			"emoji": {
				"rotate": [
					{ "value": -5.23 }
				],
				"translate": [
					{ "x": 0.06, "y": -11.07 }
				],
				"scale": [
					{ "x": 1.081, "y": 1.081 }
				]
			},
			"shouder_1": {
				"rotate": [
					{ "value": -112.85 }
				],
				"translate": [
					{ "x": 1.25, "y": 4.05 }
				],
				"scale": [
					{}
				],
				"shear": [
					{}
				]
			},
			"arm_1": {
				"rotate": [
					{ "value": 76.25 }
				],
				"translate": [
					{ "x": 2.02, "y": 0.08 }
				],
				"scale": [
					{}
				]
			},
			"shouder_2": {
				"rotate": [
					{ "value": 149.66 }
				],
				"translate": [
					{ "x": -6.78, "y": -3.31 }
				],
				"scale": [
					{}
				]
			},
			"arm_2": {
				"rotate": [
					{ "value": 27.39 }
				],
				"scale": [
					{}
				]
			},
			"thigh_1": {
				"rotate": [
					{ "value": 13.56 }
				],
				"translate": [
					{ "x": -2.06, "y": 0.12 }
				]
			},
			"leg_1": {
				"rotate": [
					{ "value": -56.53 }
				],
				"translate": [
					{}
				]
			},
			"thigh_2": {
				"rotate": [
					{ "value": 47.05 }
				],
				"translate": [
					{ "x": -2.06, "y": 0.12 }
				],
				"scale": [
					{}
				]
			},
			"leg_2": {
				"rotate": [
					{ "value": -59.27 }
				],
				"translate": [
					{}
				]
			},
			"foot_2": {
				"rotate": [
					{}
				],
				"translate": [
					{ "x": -66.11, "y": -3.04 }
				]
			},
			"foot_3": {
				"rotate": [
					{}
				],
				"translate": [
					{ "x": 61.2, "y": -1.17 }
				]
			},
			"feeling_5": {
				"rotate": [
					{ "value": 106.68 }
				],
				"translate": [
					{ "x": -314.4, "y": -109.04 }
				],
				"scale": [
					{ "x": 0.435, "y": 0.435 }
				]
			},
			"feeling_1": {
				"rotate": [
					{ "value": -48.07 }
				],
				"translate": [
					{ "x": -81.7, "y": -63.57 }
				],
				"scale": [
					{ "x": 0.829, "y": 0.829 }
				]
			},
			"feeling_2": {
				"rotate": [
					{ "value": 20.51 }
				],
				"translate": [
					{ "x": -152.25, "y": -78 }
				],
				"scale": [
					{ "x": 1.917, "y": 1.917 }
				]
			},
			"move": {
				"translate": [
					{ "x": 119.99 }
				],
				"scale": [
					{ "x": -1 }
				]
			},
			"item_1": {
				"rotate": [
					{ "value": 4.93 }
				],
				"translate": [
					{}
				],
				"scale": [
					{}
				]
			},
			"hair_1": {
				"rotate": [
					{ "value": -16.21 }
				],
				"translate": [
					{ "x": 135.9, "y": 510.73 }
				],
				"scale": [
					{ "x": -1.404, "y": 1.404 }
				]
			}
		},
		"ik": {
			"foot_1": [
				{ "bendPositive": false, "stretch": true }
			],
			"foot_2": [
				{ "bendPositive": false, "stretch": true }
			]
		},
		"drawOrder": [
			{
				"offsets": [
					{ "slot": "shoulder4", "offset": -3 }
				]
			}
		]
	},
	"t_325_3_win": {
		"slots": {
			"body": {
				"rgba": [
					{ "color": "000000ff", "curve": "stepped" },
					{ "time": 0.7667, "color": "000000ff" }
				]
			},
			"Emoji": {
				"attachment": [
					{ "name": "Emoji/emo_15" },
					{ "time": 0.7667, "name": "Emoji/emo_15" }
				]
			},
			"feeling_1": {
				"attachment": [
					{},
					{ "time": 0.7667 }
				]
			},
			"feeling_2": {
				"attachment": [
					{ "name": "mo_hoi" },
					{ "time": 0.7667, "name": "mo_hoi" }
				]
			},
			"feeling_3": {
				"rgba": [
					{ "color": "ffffffff", "curve": "stepped" },
					{ "time": 0.7667, "color": "ffffffff" }
				],
				"attachment": [
					{ "name": "scare" },
					{ "time": 0.7667, "name": "scare" }
				]
			},
			"feeling_5": {
				"rgba": [
					{ "color": "ffffffff", "curve": "stepped" },
					{ "time": 0.7667, "color": "ffffffff" }
				],
				"attachment": [
					{ "name": "cham_than" },
					{ "time": 0.7667, "name": "cham_than" }
				]
			},
			"hair": {
				"attachment": [
					{ "name": "hair/man/mu_13" },
					{ "time": 0.7667, "name": "hair/man/mu_13" }
				]
			},
			"head": {
				"rgba": [
					{ "color": "ffffffff", "curve": "stepped" },
					{ "time": 0.7667, "color": "ffffffff" }
				],
				"attachment": [
					{ "name": "head" },
					{ "time": 0.7667, "name": "head" }
				]
			},
			"item": {
				"attachment": [
					{},
					{ "time": 0.7667 }
				]
			},
			"shoulder1": {
				"rgba": [
					{ "color": "000000ff", "curve": "stepped" },
					{ "time": 0.7667, "color": "000000ff" }
				],
				"attachment": [
					{ "name": "shoulder" },
					{ "time": 0.7667, "name": "shoulder" }
				]
			},
			"shoulder2": {
				"rgba": [
					{ "color": "000000ff", "curve": "stepped" },
					{ "time": 0.7667, "color": "000000ff" }
				],
				"attachment": [
					{ "name": "shoulder" },
					{ "time": 0.7667, "name": "shoulder" }
				]
			},
			"shoulder3": {
				"rgba": [
					{ "color": "000000ff", "curve": "stepped" },
					{ "time": 0.7667, "color": "000000ff" }
				],
				"attachment": [
					{ "name": "shoulder" },
					{ "time": 0.7667, "name": "shoulder" }
				]
			},
			"shoulder4": {
				"rgba": [
					{ "color": "000000ff", "curve": "stepped" },
					{ "time": 0.7667, "color": "000000ff" }
				],
				"attachment": [
					{ "name": "shoulder" },
					{ "time": 0.7667, "name": "shoulder" }
				]
			},
			"thigh": {
				"rgba": [
					{ "color": "000000ff", "curve": "stepped" },
					{ "time": 0.7667, "color": "000000ff" }
				]
			},
			"thigh2": {
				"rgba": [
					{ "color": "000000ff", "curve": "stepped" },
					{ "time": 0.7667, "color": "000000ff" }
				]
			},
			"thigh3": {
				"rgba": [
					{ "color": "000000ff", "curve": "stepped" },
					{ "time": 0.7667, "color": "000000ff" }
				]
			},
			"thigh4": {
				"rgba": [
					{ "color": "000000ff", "curve": "stepped" },
					{ "time": 0.7667, "color": "000000ff" }
				]
			}
		},
		"bones": {
			"head": {
				"rotate": [
					{ "value": -12.21, "curve": "stepped" },
					{ "time": 0.7667, "value": -12.21 }
				],
				"translate": [
					{ "x": -8.75, "y": 10.93, "curve": "stepped" },
					{ "time": 0.7667, "x": -8.75, "y": 10.93 }
				],
				"scale": [
					{ "curve": "stepped" },
					{ "time": 0.7667 }
				]
			},
			"root": {
				"rotate": [
					{ "curve": "stepped" },
					{ "time": 0.7667 }
				],
				"translate": [
					{ "curve": "stepped" },
					{ "time": 0.7667 }
				]
			},
			"main": {
				"rotate": [
					{ "value": 21.39, "curve": "stepped" },
					{ "time": 0.7667, "value": 21.39 }
				],
				"translate": [
					{ "x": 11.84, "y": -47.03, "curve": "stepped" },
					{ "time": 0.7667, "x": 11.84, "y": -47.03 }
				]
			},
			"hip": {
				"rotate": [
					{ "curve": "stepped" },
					{ "time": 0.7667 }
				],
				"translate": [
					{ "curve": "stepped" },
					{ "time": 0.7667 }
				]
			},
			"body": {
				"rotate": [
					{ "value": -2.14, "curve": "stepped" },
					{ "time": 0.7667, "value": -2.14 }
				],
				"translate": [
					{ "curve": "stepped" },
					{ "time": 0.7667 }
				]
			},
			"body2": {
				"rotate": [
					{ "value": -2.14, "curve": "stepped" },
					{ "time": 0.7667, "value": -2.14 }
				],
				"translate": [
					{ "curve": "stepped" },
					{ "time": 0.7667 }
				]
			},
			"body3": {
				"rotate": [
					{ "value": -2.14, "curve": "stepped" },
					{ "time": 0.7667, "value": -2.14 }
				],
				"translate": [
					{ "curve": "stepped" },
					{ "time": 0.7667 }
				]
			},
			"body4": {
				"rotate": [
					{ "value": -3.05, "curve": "stepped" },
					{ "time": 0.7667, "value": -3.05 }
				],
				"translate": [
					{ "curve": "stepped" },
					{ "time": 0.7667 }
				]
			},
			"body5": {
				"rotate": [
					{ "value": -5.12, "curve": "stepped" },
					{ "time": 0.7667, "value": -5.12 }
				],
				"translate": [
					{ "curve": "stepped" },
					{ "time": 0.7667 }
				]
			},
			"body6": {
				"rotate": [
					{ "value": -1.56, "curve": "stepped" },
					{ "time": 0.7667, "value": -1.56 }
				],
				"translate": [
					{ "curve": "stepped" },
					{ "time": 0.7667 }
				]
			},
			"body7": {
				"rotate": [
					{ "value": -2.14, "curve": "stepped" },
					{ "time": 0.7667, "value": -2.14 }
				],
				"translate": [
					{ "curve": "stepped" },
					{ "time": 0.7667 }
				]
			},
			"body8": {
				"rotate": [
					{ "value": -2.14, "curve": "stepped" },
					{ "time": 0.7667, "value": -2.14 }
				],
				"translate": [
					{ "curve": "stepped" },
					{ "time": 0.7667 }
				]
			},
			"feeling_3": {
				"rotate": [
					{ "value": 28.89, "curve": "stepped" },
					{ "time": 0.7667, "value": 28.89 }
				],
				"translate": [
					{ "x": 51.13, "y": 22.54, "curve": "stepped" },
					{ "time": 0.1, "x": 74.66, "y": 55.19, "curve": "stepped" },
					{ "time": 0.2, "x": 51.13, "y": 22.54, "curve": "stepped" },
					{ "time": 0.3333, "x": 51.13, "y": 22.54, "curve": "stepped" },
					{ "time": 0.4333, "x": 74.66, "y": 55.19, "curve": "stepped" },
					{ "time": 0.5333, "x": 51.13, "y": 22.54, "curve": "stepped" },
					{ "time": 0.6667, "x": 51.13, "y": 22.54, "curve": "stepped" },
					{ "time": 0.7667, "x": 51.13, "y": 22.54 }
				],
				"scale": [
					{ "x": 1.048, "y": 1.048, "curve": "stepped" },
					{ "time": 0.1, "x": 2.192, "y": 2.192, "curve": "stepped" },
					{ "time": 0.2, "x": 1.048, "y": 1.048, "curve": "stepped" },
					{ "time": 0.3333, "x": 1.048, "y": 1.048, "curve": "stepped" },
					{ "time": 0.4333, "x": 2.192, "y": 2.192, "curve": "stepped" },
					{ "time": 0.5333, "x": 1.048, "y": 1.048, "curve": "stepped" },
					{ "time": 0.6667, "x": 1.048, "y": 1.048, "curve": "stepped" },
					{ "time": 0.7667, "x": 1.048, "y": 1.048 }
				]
			},
			"emoji": {
				"rotate": [
					{ "value": -7.5, "curve": "stepped" },
					{ "time": 0.7667, "value": -7.5 }
				],
				"translate": [
					{ "x": 11.39, "y": -20.76, "curve": "stepped" },
					{ "time": 0.7667, "x": 11.39, "y": -20.76 }
				],
				"scale": [
					{ "x": -1.193, "y": 1.193, "curve": "stepped" },
					{ "time": 0.7667, "x": -1.193, "y": 1.193 }
				]
			},
			"shouder_1": {
				"rotate": [
					{ "value": 142.3, "curve": "stepped" },
					{ "time": 0.7667, "value": 142.3 }
				],
				"translate": [
					{ "x": 16.24, "y": -0.41, "curve": "stepped" },
					{ "time": 0.7667, "x": 16.24, "y": -0.41 }
				],
				"scale": [
					{ "curve": "stepped" },
					{ "time": 0.7667 }
				],
				"shear": [
					{ "curve": "stepped" },
					{ "time": 0.7667 }
				]
			},
			"arm_1": {
				"rotate": [
					{ "value": -26.56, "curve": "stepped" },
					{ "time": 0.7667, "value": -26.56 }
				],
				"translate": [
					{ "x": 2.02, "y": 0.08, "curve": "stepped" },
					{ "time": 0.7667, "x": 2.02, "y": 0.08 }
				],
				"scale": [
					{ "curve": "stepped" },
					{ "time": 0.7667 }
				]
			},
			"shouder_2": {
				"rotate": [
					{ "value": 13.34, "curve": "stepped" },
					{ "time": 0.7667, "value": 13.34 }
				],
				"translate": [
					{ "x": 16.86, "y": 3.94, "curve": "stepped" },
					{ "time": 0.7667, "x": 16.86, "y": 3.94 }
				],
				"scale": [
					{ "curve": "stepped" },
					{ "time": 0.7667 }
				]
			},
			"arm_2": {
				"rotate": [
					{ "value": -32.79, "curve": "stepped" },
					{ "time": 0.7667, "value": -32.79 }
				],
				"translate": [
					{ "curve": "stepped" },
					{ "time": 0.7667 }
				],
				"scale": [
					{ "curve": "stepped" },
					{ "time": 0.7667 }
				]
			},
			"thigh_1": {
				"rotate": [
					{ "value": -44.84, "curve": "stepped" },
					{ "time": 0.7667, "value": -44.84 }
				],
				"translate": [
					{ "curve": "stepped" },
					{ "time": 0.7667 }
				]
			},
			"leg_1": {
				"rotate": [
					{ "value": 45.63, "curve": "stepped" },
					{ "time": 0.7667, "value": 45.63 }
				],
				"translate": [
					{ "curve": "stepped" },
					{ "time": 0.7667 }
				]
			},
			"thigh_2": {
				"rotate": [
					{ "value": -37.54, "curve": "stepped" },
					{ "time": 0.7667, "value": -37.54 }
				],
				"translate": [
					{ "curve": "stepped" },
					{ "time": 0.7667 }
				],
				"scale": [
					{ "curve": "stepped" },
					{ "time": 0.7667 }
				]
			},
			"leg_2": {
				"rotate": [
					{ "value": 38.6, "curve": "stepped" },
					{ "time": 0.7667, "value": 38.6 }
				],
				"translate": [
					{ "curve": "stepped" },
					{ "time": 0.7667 }
				]
			},
			"foot_2": {
				"rotate": [
					{ "value": -1.35, "curve": "stepped" },
					{ "time": 0.7667, "value": -1.35 }
				],
				"translate": [
					{ "x": -188.58, "y": 64.62, "curve": "stepped" },
					{ "time": 0.7667, "x": -188.58, "y": 64.62 }
				]
			},
			"foot_3": {
				"rotate": [
					{ "curve": "stepped" },
					{ "time": 0.7667 }
				],
				"translate": [
					{ "x": 171.58, "y": 23.32, "curve": "stepped" },
					{ "time": 0.7667, "x": 171.58, "y": 23.32 }
				]
			},
			"feeling_5": {
				"rotate": [
					{ "value": 161.59, "curve": "stepped" },
					{ "time": 0.7667, "value": 161.59 }
				],
				"translate": [
					{ "x": 82.21, "y": -111.27, "curve": "stepped" },
					{ "time": 0.7667, "x": 82.21, "y": -111.27 }
				],
				"scale": [
					{ "x": 0.784, "y": 0.784, "curve": "stepped" },
					{ "time": 0.7667, "x": 0.784, "y": 0.784 }
				]
			},
			"move": {
				"translate": [
					{ "x": 119.99, "y": -0.27, "curve": "stepped" },
					{ "time": 0.7667, "x": 119.99, "y": -0.27 }
				],
				"scale": [
					{ "x": -1, "curve": "stepped" },
					{ "time": 0.7667, "x": -1 }
				]
			},
			"feeling_1": {
				"rotate": [
					{ "value": -7.5, "curve": "stepped" },
					{ "time": 0.7667, "value": -7.5 }
				],
				"translate": [
					{ "x": -69.06, "y": -92.17, "curve": "stepped" },
					{ "time": 0.7667, "x": -69.06, "y": -92.17 }
				],
				"scale": [
					{ "x": 1.119, "y": 1.119, "curve": "stepped" },
					{ "time": 0.7667, "x": 1.119, "y": 1.119 }
				]
			},
			"feeling_2": {
				"rotate": [
					{ "value": 34.55, "curve": "stepped" },
					{ "time": 0.7667, "value": 34.55 }
				],
				"translate": [
					{ "x": 54.14, "y": -164.3, "curve": "stepped" },
					{ "time": 0.7667, "x": 54.14, "y": -164.3 }
				],
				"scale": [
					{ "x": -0.859, "y": 0.87, "curve": "stepped" },
					{ "time": 0.7667, "x": -0.859, "y": 0.87 }
				]
			},
			"item_1": {
				"rotate": [
					{ "value": -15.73, "curve": "stepped" },
					{ "time": 0.7667, "value": -15.73 }
				],
				"translate": [
					{ "x": -26.86, "y": 98.45, "curve": "stepped" },
					{ "time": 0.7667, "x": -26.86, "y": 98.45 }
				],
				"scale": [
					{ "x": 0.696, "y": 0.696, "curve": "stepped" },
					{ "time": 0.7667, "x": 0.696, "y": 0.696 }
				]
			},
			"hair_1": {
				"rotate": [
					{ "value": -42.29, "curve": "stepped" },
					{ "time": 0.7667, "value": -42.29 }
				],
				"translate": [
					{ "x": 268.2, "y": 557.3, "curve": "stepped" },
					{ "time": 0.7667, "x": 268.2, "y": 557.3 }
				],
				"scale": [
					{ "x": 1.291, "y": 1.291, "curve": "stepped" },
					{ "time": 0.7667, "x": 1.291, "y": 1.291 }
				]
			}
		},
		"ik": {
			"foot_1": [
				{
					"stretch": true,
					"curve": [ 0.192, 1, 0.575, 1, 0.192, 0, 0.575, 0 ]
				},
				{ "time": 0.7667, "stretch": true }
			],
			"foot_2": [
				{
					"stretch": true,
					"curve": [ 0.192, 1, 0.575, 1, 0.192, 0, 0.575, 0 ]
				},
				{ "time": 0.7667, "stretch": true }
			]
		},
		"drawOrder": [
			{
				"offsets": [
					{ "slot": "shoulder2", "offset": 13 },
					{ "slot": "shoulder4", "offset": 7 },
					{ "slot": "feeling_1", "offset": -15 }
				]
			},
			{
				"time": 0.7667,
				"offsets": [
					{ "slot": "shoulder2", "offset": 13 },
					{ "slot": "shoulder4", "offset": 7 },
					{ "slot": "feeling_1", "offset": -15 }
				]
			}
		]
	}
}
}