{"frames": [

{
	"filename": "bg_vuon",
	"frame": {"x":1039,"y":1,"w":540,"h":473},
	"rotated": false,
	"trimmed": false,
	"spriteSourceSize": {"x":0,"y":0,"w":540,"h":473},
	"sourceSize": {"w":540,"h":473}
},
{
	"filename": "cay",
	"frame": {"x":697,"y":1,"w":341,"h":772},
	"rotated": false,
	"trimmed": false,
	"spriteSourceSize": {"x":0,"y":0,"w":341,"h":772},
	"sourceSize": {"w":341,"h":772}
},
{
	"filename": "cay_tao",
	"frame": {"x":1,"y":1,"w":695,"h":837},
	"rotated": false,
	"trimmed": false,
	"spriteSourceSize": {"x":0,"y":0,"w":695,"h":837},
	"sourceSize": {"w":695,"h":837}
},
{
	"filename": "cho_be",
	"frame": {"x":697,"y":774,"w":283,"h":129},
	"rotated": false,
	"trimmed": false,
	"spriteSourceSize": {"x":0,"y":0,"w":283,"h":129},
	"sourceSize": {"w":283,"h":129}
},
{
	"filename": "cho_canh_chung",
	"frame": {"x":1305,"y":475,"w":230,"h":218},
	"rotated": false,
	"trimmed": false,
	"spriteSourceSize": {"x":0,"y":0,"w":230,"h":218},
	"sourceSize": {"w":230,"h":218}
},
{
	"filename": "cho_duoi_can",
	"frame": {"x":1039,"y":475,"w":265,"h":218},
	"rotated": false,
	"trimmed": false,
	"spriteSourceSize": {"x":0,"y":0,"w":265,"h":218},
	"sourceSize": {"w":265,"h":218}
},
{
	"filename": "diem_neo_qua_tao",
	"frame": {"x":1039,"y":694,"w":69,"h":75},
	"rotated": false,
	"trimmed": true,
	"spriteSourceSize": {"x":7,"y":7,"w":69,"h":75},
	"sourceSize": {"w":83,"h":89}
},
{
	"filename": "diem_neo_qua_tao_hot",
	"frame": {"x":981,"y":774,"w":81,"h":89},
	"rotated": false,
	"trimmed": true,
	"spriteSourceSize": {"x":1,"y":0,"w":81,"h":89},
	"sourceSize": {"w":83,"h":89}
},
{
	"filename": "ong_before",
	"frame": {"x":1239,"y":694,"w":184,"h":149},
	"rotated": false,
	"trimmed": false,
	"spriteSourceSize": {"x":0,"y":0,"w":184,"h":149},
	"sourceSize": {"w":184,"h":149}
},
{
	"filename": "to_ong",
	"frame": {"x":1109,"y":694,"w":129,"h":163},
	"rotated": false,
	"trimmed": false,
	"spriteSourceSize": {"x":0,"y":0,"w":129,"h":163},
	"sourceSize": {"w":129,"h":163}
}],
"meta": {
	"app": "https://www.codeandweb.com/texturepacker",
	"version": "1.0",
	"image": "props.png",
	"format": "RGBA8888",
	"size": {"w":1580,"h":904},
	"scale": "1",
	"smartupdate": "$TexturePacker:SmartUpdate:6d5aaac13181f2994c0ffb55032fd67d:4d2b246cf3bcd42595b2325a3465f074:f4c39b94f5b79b4c461da96ae5609d50$"
}
}
