{
"skeleton": { "hash": "5TK7TDH2nqc", "spine": "4.1.24", "x": -388.28, "y": -425.09, "width": 724.41, "height": 1282.48 },
"bones": [
	{ "name": "root", "rotation": 0.2 },
	{ "name": "move", "parent": "root", "x": -119.99, "scaleX": -1 },
	{ "name": "main", "parent": "move", "y": 256.6 },
	{ "name": "hip", "parent": "main" },
	{ "name": "body", "parent": "hip", "length": 26.97, "rotation": 90 },
	{ "name": "body2", "parent": "body", "length": 26.97, "x": 26.97 },
	{ "name": "body3", "parent": "body2", "length": 26.97, "x": 26.97 },
	{ "name": "body4", "parent": "body3", "length": 26.97, "rotation": -0.06, "x": 26.97 },
	{ "name": "body5", "parent": "body4", "length": 26.97, "x": 26.97 },
	{ "name": "body6", "parent": "body5", "length": 26.97, "x": 26.97 },
	{ "name": "body7", "parent": "body6", "length": 26.97, "x": 26.97 },
	{ "name": "body8", "parent": "body7", "length": 26.97, "x": 26.97 },
	{ "name": "head", "parent": "body8", "length": 135.67, "x": 24.75 },
	{ "name": "feeling_3", "parent": "head", "rotation": -0.18, "x": 87.53, "y": 30.96 },
	{ "name": "emoji", "parent": "head", "rotation": -90, "x": 62, "y": 1.49 },
	{ "name": "shouder_1", "parent": "body7", "length": 100.06, "rotation": -90, "x": 15.39, "y": 0.02 },
	{ "name": "arm_1", "parent": "shouder_1", "length": 100.06, "x": 94.79 },
	{ "name": "shouder_2", "parent": "body7", "length": 100.06, "rotation": 90, "x": 15.39, "y": 0.02 },
	{ "name": "arm_2", "parent": "shouder_2", "length": 100.06, "x": 94.79 },
	{ "name": "thigh_1", "parent": "main", "length": 134.15, "rotation": -90, "x": -0.54, "y": 4.23 },
	{ "name": "leg_1", "parent": "thigh_1", "length": 134.15, "x": 128.14 },
	{ "name": "thigh_2", "parent": "main", "length": 134.15, "rotation": -90, "x": -0.1, "y": 4.23 },
	{ "name": "leg_2", "parent": "thigh_2", "length": 134.15, "x": 128.14 },
	{ "name": "foot_2", "parent": "move", "x": 0.16, "y": -2.18 },
	{ "name": "foot_3", "parent": "move", "x": 0.1, "y": -2.12 },
	{
		"name": "feeling_5",
		"parent": "head",
		"rotation": -0.18,
		"x": 87.53,
		"y": -25.11,
		"scaleX": 2,
		"scaleY": 2
	},
	{ "name": "item_1", "parent": "move", "x": -1.93, "y": 450.24 },
	{ "name": "feeling_1", "parent": "main", "rotation": -20.17, "x": 72.35, "y": 376.02 },
	{ "name": "feeling_2", "parent": "main", "rotation": -20.17, "x": 72.35, "y": 376.02 },
	{ "name": "hair_1", "parent": "main", "rotation": 0.07, "x": -120, "y": -254.77 },
	{
		"name": "feeling_4",
		"parent": "head",
		"rotation": -0.18,
		"x": 87.53,
		"y": -25.11,
		"scaleX": 2,
		"scaleY": 2
	},
	{ "name": "item_tay", "parent": "arm_2", "x": 101.01, "y": -1.25 }
],
"slots": [
	{ "name": "bg_gane_play", "bone": "root", "color": "ffffff4f" },
	{ "name": "item", "bone": "item_1" },
	{ "name": "body", "bone": "hip", "color": "000000ff", "attachment": "body" },
	{ "name": "shoulder1", "bone": "shouder_1", "color": "000000ff" },
	{ "name": "shoulder3", "bone": "shouder_2", "color": "000000ff" },
	{ "name": "shoulder2", "bone": "arm_1", "color": "000000ff" },
	{ "name": "shoulder4", "bone": "arm_2", "color": "000000ff" },
	{ "name": "thigh", "bone": "thigh_1", "color": "000000ff", "attachment": "thigh" },
	{ "name": "thigh3", "bone": "thigh_2", "color": "000000ff", "attachment": "thigh" },
	{ "name": "thigh2", "bone": "leg_1", "color": "000000ff", "attachment": "thigh" },
	{ "name": "thigh4", "bone": "leg_2", "color": "000000ff", "attachment": "thigh" },
	{ "name": "head", "bone": "head", "attachment": "head" },
	{ "name": "hair", "bone": "hair_1" },
	{ "name": "Emoji", "bone": "emoji" },
	{ "name": "feeling_3", "bone": "feeling_3", "color": "000000ff" },
	{ "name": "feeling_5", "bone": "feeling_5" },
	{ "name": "feeling_4", "bone": "feeling_4" },
	{ "name": "feeling_1", "bone": "feeling_1" },
	{ "name": "feeling_2", "bone": "feeling_2" },
	{ "name": "item_tay", "bone": "item_tay" }
],
"ik": [
	{
		"name": "foot_1",
		"bones": [ "thigh_1", "leg_1" ],
		"target": "foot_2",
		"mix": 0,
		"stretch": true
	},
	{
		"name": "foot_2",
		"order": 1,
		"bones": [ "thigh_2", "leg_2" ],
		"target": "foot_3",
		"mix": 0,
		"stretch": true
	}
],
"skins": [
	{
		"name": "default",
		"attachments": {
			"body": {
				"body": {
					"type": "mesh",
					"uvs": [ 1, 1, 0, 1, 0, 0.875, 0, 0.75, 0, 0.625, 0, 0.5, 0, 0.375, 0, 0.25, 0, 0.125, 0, 0, 1, 0, 1, 0.125, 1, 0.25, 1, 0.375, 1, 0.5, 1, 0.625, 1, 0.75, 1, 0.875 ],
					"triangles": [ 8, 9, 10, 11, 8, 10, 7, 8, 11, 12, 7, 11, 6, 7, 12, 13, 6, 12, 5, 6, 13, 14, 5, 13, 4, 5, 14, 15, 4, 14, 3, 4, 15, 16, 3, 15, 2, 3, 16, 17, 2, 16, 1, 2, 17, 0, 1, 17 ],
					"vertices": [ 1, 4, -1.7, -5.5, 1, 1, 4, -1.7, 5.5, 1, 2, 4, 25.68, 5.5, 0.70301, 5, -1.29, 5.5, 0.29699, 2, 5, 26.08, 5.5, 0.65569, 6, -0.88, 5.5, 0.34431, 2, 6, 26.49, 5.5, 0.55905, 7, -0.48, 5.5, 0.44095, 2, 7, 26.9, 5.5, 0.51367, 8, -0.07, 5.5, 0.48633, 2, 8, 27.3, 5.5, 0.41705, 9, 0.33, 5.5, 0.58295, 2, 9, 27.71, 5.5, 0.38565, 10, 0.74, 5.5, 0.61435, 2, 10, 28.11, 5.5, 0.36868, 11, 1.14, 5.5, 0.63132, 1, 11, 28.52, 5.5, 1, 1, 11, 28.52, -5.5, 1, 2, 10, 28.11, -5.5, 0.3064, 11, 1.14, -5.5, 0.6936, 2, 9, 27.71, -5.5, 0.40945, 10, 0.74, -5.5, 0.59055, 2, 8, 27.3, -5.5, 0.44404, 9, 0.33, -5.5, 0.55596, 2, 7, 26.9, -5.5, 0.52991, 8, -0.07, -5.5, 0.47009, 2, 6, 26.49, -5.5, 0.58474, 7, -0.48, -5.5, 0.41526, 2, 5, 26.08, -5.5, 0.62061, 6, -0.88, -5.5, 0.37939, 2, 4, 25.68, -5.5, 0.65664, 5, -1.29, -5.5, 0.34336 ],
					"hull": 18
				}
			},
			"Emoji": {
				"Emoji/emo_57_c": { "x": 0.5, "y": 0.5, "width": 101, "height": 101 },
				"Emoji/emo_93": { "y": 0.5, "width": 90, "height": 73 },
				"Emoji/emo_95_b": { "x": 0.5, "width": 92, "height": 98 },
				"Emoji/emo_99": { "x": 0.5, "y": 0.5, "width": 141, "height": 117 }
			},
			"feeling_1": {
				"mo_hoi": { "x": 0.5, "y": 0.5, "width": 19, "height": 41 },
				"scare": { "scaleX": 1.3955, "scaleY": 1.3955, "rotation": 19.99, "width": 80, "height": 83 }
			},
			"feeling_2": {
				"dau": { "y": 0.5, "width": 40, "height": 43 },
				"mo_hoi": { "x": 0.5, "y": 0.5, "width": 19, "height": 41 },
				"scare": { "y": 0.5, "width": 80, "height": 83 }
			},
			"feeling_3": {
				"cham_than": { "x": -18.07, "y": -0.4, "rotation": -96.51, "width": 17, "height": 57 },
				"giat_minh": { "rotation": -96.51, "width": 70, "height": 66 },
				"mo_hoi": { "x": -18.07, "y": -0.4, "rotation": -96.51, "width": 19, "height": 41 }
			},
			"feeling_4": {
				"dau": { "x": 9.82, "y": -4.14, "rotation": -90, "width": 40, "height": 43 }
			},
			"feeling_5": {
				"giat_minh": { "width": 70, "height": 66 },
				"mo_hoi": { "width": 19, "height": 41 }
			},
			"hair": {
				"hair/man/toc_8": { "x": 0.5, "width": 133, "height": 84 }
			},
			"head": {
				"head": { "x": 68.85, "rotation": -89.87, "width": 144, "height": 144 },
				"head_7": { "x": 65.26, "y": -3.78, "rotation": -89.46, "width": 144, "height": 144 },
				"head_sleep": { "x": 64.46, "y": 0.92, "rotation": -108.58, "width": 145, "height": 144 }
			},
			"shoulder1": {
				"shoulder": { "x": 49.22, "rotation": -90, "width": 15, "height": 105 }
			},
			"shoulder2": {
				"shoulder": { "x": 49.22, "rotation": -90, "width": 15, "height": 105 }
			},
			"shoulder3": {
				"shoulder": { "x": 49.22, "rotation": -90, "width": 15, "height": 105 }
			},
			"shoulder4": {
				"shoulder": { "x": 50.57, "rotation": -90, "width": 15, "height": 105 }
			},
			"thigh": {
				"thigh": { "x": 66.01, "rotation": -90, "width": 14, "height": 137 }
			},
			"thigh2": {
				"thigh": { "x": 66.01, "rotation": -90, "width": 14, "height": 137 }
			},
			"thigh3": {
				"thigh": { "x": 66.01, "rotation": -90, "width": 14, "height": 137 }
			},
			"thigh4": {
				"thigh": { "x": 66.01, "rotation": -90, "width": 14, "height": 137 }
			}
		}
	}
],
"animations": {
	"t_210_1_be": {
		"slots": {
			"body": {
				"rgba": [
					{ "color": "000000ff" }
				]
			},
			"Emoji": {
				"attachment": [
					{}
				]
			},
			"feeling_1": {
				"attachment": [
					{}
				]
			},
			"feeling_2": {
				"attachment": [
					{ "name": "mo_hoi" }
				]
			},
			"feeling_3": {
				"rgba": [
					{ "color": "ffffffff" }
				],
				"attachment": [
					{}
				]
			},
			"feeling_5": {
				"attachment": [
					{}
				]
			},
			"hair": {
				"attachment": [
					{}
				]
			},
			"head": {
				"rgba": [
					{ "color": "ffffffff" }
				],
				"attachment": [
					{ "name": "head" }
				]
			},
			"item": {
				"attachment": [
					{}
				]
			},
			"shoulder1": {
				"rgba": [
					{ "color": "000000ff" }
				],
				"attachment": [
					{ "name": "shoulder" }
				]
			},
			"shoulder2": {
				"rgba": [
					{ "color": "000000ff" }
				],
				"attachment": [
					{ "name": "shoulder" }
				]
			},
			"shoulder3": {
				"rgba": [
					{ "color": "000000ff" }
				],
				"attachment": [
					{}
				]
			},
			"shoulder4": {
				"rgba": [
					{ "color": "000000ff" }
				],
				"attachment": [
					{}
				]
			},
			"thigh": {
				"rgba": [
					{ "color": "000000ff" }
				]
			},
			"thigh2": {
				"rgba": [
					{ "color": "000000ff" }
				]
			},
			"thigh3": {
				"rgba": [
					{ "color": "000000ff" }
				]
			},
			"thigh4": {
				"rgba": [
					{ "color": "000000ff" }
				]
			}
		},
		"bones": {
			"head": {
				"rotate": [
					{ "value": 12.69 }
				],
				"translate": [
					{ "x": -5.08, "y": -1.92 }
				],
				"scale": [
					{}
				]
			},
			"root": {
				"rotate": [
					{}
				],
				"translate": [
					{}
				]
			},
			"main": {
				"rotate": [
					{ "value": 0.89 }
				],
				"translate": [
					{ "x": -18.95, "y": -19.24 }
				]
			},
			"hip": {
				"rotate": [
					{}
				],
				"translate": [
					{}
				]
			},
			"body": {
				"rotate": [
					{ "value": 1.34 }
				],
				"translate": [
					{}
				],
				"scale": [
					{}
				]
			},
			"body2": {
				"rotate": [
					{ "value": 1.34 }
				],
				"translate": [
					{}
				],
				"scale": [
					{}
				]
			},
			"body3": {
				"rotate": [
					{ "value": 1.34 }
				],
				"translate": [
					{}
				],
				"scale": [
					{}
				]
			},
			"body4": {
				"rotate": [
					{ "value": 1.34 }
				],
				"translate": [
					{}
				],
				"scale": [
					{}
				]
			},
			"body5": {
				"rotate": [
					{ "value": 1.34 }
				],
				"translate": [
					{}
				],
				"scale": [
					{}
				]
			},
			"body6": {
				"rotate": [
					{ "value": 1.34 }
				],
				"translate": [
					{}
				],
				"scale": [
					{}
				]
			},
			"body7": {
				"rotate": [
					{ "value": 1.34 }
				],
				"translate": [
					{}
				],
				"scale": [
					{}
				]
			},
			"body8": {
				"rotate": [
					{ "value": 1.34 }
				],
				"translate": [
					{}
				],
				"scale": [
					{}
				]
			},
			"feeling_3": {
				"rotate": [
					{ "value": -173.99 }
				],
				"translate": [
					{ "x": 24.03, "y": -113.73 }
				],
				"scale": [
					{ "x": 1.598, "y": 1.598 }
				]
			},
			"emoji": {
				"rotate": [
					{ "value": -6.15 }
				],
				"translate": [
					{ "x": 12.27, "y": -9.25 }
				],
				"scale": [
					{ "x": 0.874, "y": 0.874 }
				]
			},
			"shouder_1": {
				"rotate": [
					{ "value": -123.11 }
				],
				"translate": [
					{ "x": 30.19, "y": 1.85 }
				],
				"scale": [
					{}
				]
			},
			"arm_1": {
				"rotate": [
					{ "value": 32.07 }
				],
				"translate": [
					{ "x": 2.02, "y": 0.08 }
				],
				"scale": [
					{}
				]
			},
			"shouder_2": {
				"rotate": [
					{ "value": 114.02 }
				],
				"translate": [
					{ "x": 32.93, "y": -0.6 }
				],
				"scale": [
					{}
				]
			},
			"arm_2": {
				"rotate": [
					{ "value": -18.5 }
				],
				"translate": [
					{}
				],
				"scale": [
					{}
				]
			},
			"thigh_1": {
				"rotate": [
					{ "value": 24.72 }
				],
				"translate": [
					{}
				],
				"scale": [
					{}
				]
			},
			"leg_1": {
				"rotate": [
					{}
				],
				"translate": [
					{}
				],
				"scale": [
					{}
				]
			},
			"thigh_2": {
				"rotate": [
					{ "value": 39.21 }
				],
				"translate": [
					{}
				],
				"scale": [
					{}
				]
			},
			"leg_2": {
				"rotate": [
					{ "value": 18.14 }
				],
				"translate": [
					{}
				]
			},
			"foot_2": {
				"rotate": [
					{}
				],
				"translate": [
					{ "x": -88.92, "y": 4.45 }
				]
			},
			"foot_3": {
				"rotate": [
					{}
				],
				"translate": [
					{ "x": 71.3, "y": 0.29 }
				]
			},
			"feeling_5": {
				"rotate": [
					{ "value": -39.93 }
				],
				"translate": [
					{ "x": -384.27, "y": 117.36 }
				],
				"scale": [
					{ "x": 0.839, "y": 0.839 }
				]
			},
			"item_1": {
				"rotate": [
					{ "value": -4.56 }
				],
				"translate": [
					{ "x": 119.63, "y": 41.07 }
				],
				"scale": [
					{ "x": -1.428, "y": 1.351 }
				]
			},
			"feeling_1": {
				"rotate": [
					{ "value": 24.55 }
				],
				"translate": [
					{ "x": -12.85, "y": -123.35 }
				],
				"scale": [
					{ "x": -0.753, "y": 0.753 }
				]
			},
			"move": {
				"translate": [
					{ "x": 119.99, "y": 0.12 }
				],
				"scale": [
					{ "x": -1 }
				]
			},
			"feeling_2": {
				"rotate": [
					{ "value": 30.22 }
				],
				"translate": [
					{ "x": -161.04, "y": -132.92 }
				],
				"scale": [
					{ "x": -0.852, "y": 0.852 }
				]
			},
			"hair_1": {
				"rotate": [
					{ "value": 23.88 }
				],
				"translate": [
					{ "x": 57.72, "y": 567.02 }
				],
				"scale": [
					{ "x": -1.43, "y": 1.43 }
				]
			}
		},
		"ik": {
			"foot_1": [
				{ "stretch": true }
			],
			"foot_2": [
				{ "bendPositive": false, "stretch": true }
			]
		},
		"drawOrder": [
			{
				"offsets": [
					{ "slot": "item", "offset": 9 },
					{ "slot": "shoulder2", "offset": 13 },
					{ "slot": "feeling_5", "offset": 2 }
				]
			}
		]
	},
	"t_210_1_lose": {
		"slots": {
			"body": {
				"rgba": [
					{ "color": "000000ff" }
				]
			},
			"Emoji": {
				"attachment": [
					{ "name": "Emoji/emo_95_b" }
				]
			},
			"feeling_1": {
				"attachment": [
					{ "name": "scare" }
				]
			},
			"feeling_2": {
				"attachment": [
					{ "name": "dau" }
				]
			},
			"feeling_3": {
				"attachment": [
					{ "name": "cham_than" }
				]
			},
			"feeling_4": {
				"attachment": [
					{ "name": "dau" }
				]
			},
			"feeling_5": {
				"attachment": [
					{ "name": "mo_hoi" }
				]
			},
			"head": {
				"attachment": [
					{ "name": "head_7" }
				]
			},
			"item": {
				"attachment": [
					{}
				]
			},
			"shoulder1": {
				"rgba": [
					{ "color": "000000ff" }
				],
				"attachment": [
					{ "name": "shoulder" }
				]
			},
			"shoulder2": {
				"rgba": [
					{ "color": "000000ff" }
				],
				"attachment": [
					{ "name": "shoulder" }
				]
			},
			"shoulder3": {
				"rgba": [
					{ "color": "000000ff" }
				],
				"attachment": [
					{ "name": "shoulder" }
				]
			},
			"shoulder4": {
				"rgba": [
					{ "color": "000000ff" }
				],
				"attachment": [
					{ "name": "shoulder" }
				]
			},
			"thigh": {
				"rgba": [
					{ "color": "000000ff" }
				]
			},
			"thigh2": {
				"rgba": [
					{ "color": "000000ff" }
				]
			},
			"thigh3": {
				"rgba": [
					{ "color": "000000ff" }
				]
			},
			"thigh4": {
				"rgba": [
					{ "color": "000000ff" }
				]
			}
		},
		"bones": {
			"body": {
				"rotate": [
					{ "value": 16.23 }
				]
			},
			"body2": {
				"rotate": [
					{ "value": -2.59 }
				]
			},
			"body3": {
				"rotate": [
					{ "value": -0.22 }
				]
			},
			"body4": {
				"rotate": [
					{ "value": -0.29 }
				]
			},
			"body5": {
				"rotate": [
					{ "value": -2.56 }
				]
			},
			"body6": {
				"rotate": [
					{ "value": -2.15 }
				]
			},
			"body7": {
				"rotate": [
					{ "value": -0.58 }
				]
			},
			"body8": {
				"rotate": [
					{ "value": -5.18 }
				],
				"translate": [
					{ "x": 10.92, "y": -0.52 }
				]
			},
			"thigh_1": {
				"rotate": [
					{ "value": 26.16 }
				]
			},
			"leg_1": {
				"rotate": [
					{ "value": 72.18 }
				],
				"scale": [
					{}
				]
			},
			"main": {
				"rotate": [
					{ "value": -7.58 }
				],
				"translate": [
					{ "x": 8.18, "y": -45.69 }
				]
			},
			"head": {
				"rotate": [
					{ "value": 2.07 }
				],
				"translate": [
					{ "x": -10.81, "y": -6.39 }
				]
			},
			"shouder_1": {
				"rotate": [
					{ "value": 178.89 }
				],
				"translate": [
					{ "x": 31.08, "y": -0.97 }
				],
				"scale": [
					{}
				]
			},
			"arm_1": {
				"rotate": [
					{ "value": -5.88 }
				]
			},
			"shouder_2": {
				"rotate": [
					{ "value": 9.45 }
				],
				"translate": [
					{ "x": 27.83, "y": 3.11 }
				],
				"scale": [
					{}
				]
			},
			"arm_2": {
				"rotate": [
					{ "value": -11.81 }
				]
			},
			"thigh_2": {
				"rotate": [
					{ "value": -82.1 }
				],
				"scale": [
					{}
				]
			},
			"leg_2": {
				"rotate": [
					{ "value": 49.36 }
				],
				"scale": [
					{}
				]
			},
			"emoji": {
				"rotate": [
					{ "value": 2.04 }
				],
				"translate": [
					{ "x": -0.08, "y": -15.38 }
				],
				"scale": [
					{ "x": 1.101, "y": 1.101 }
				]
			},
			"feeling_3": {
				"rotate": [
					{ "value": 10.42 }
				],
				"translate": [
					{ "x": 117.7, "y": 132.25 }
				],
				"scale": [
					{ "x": 1.738, "y": 1.738 }
				]
			},
			"feeling_5": {
				"rotate": [
					{ "value": -111.77 }
				],
				"translate": [
					{ "x": -30.54, "y": 42.95 }
				],
				"scale": [
					{ "x": 0.296, "y": 0.296 }
				]
			},
			"move": {
				"translate": [
					{ "x": 119.99, "y": 0.12 }
				],
				"scale": [
					{ "x": -1 }
				]
			},
			"feeling_1": {
				"rotate": [
					{ "value": -20.32 }
				],
				"translate": [
					{ "x": -231.56, "y": -45.4 }
				],
				"scale": [
					{ "x": 1.174, "y": 1.174 }
				]
			},
			"feeling_2": {
				"rotate": [
					{ "value": 76.77 }
				],
				"translate": [
					{ "x": -172.17, "y": -54.28 }
				],
				"scale": [
					{ "x": 0.909, "y": 0.909 }
				]
			},
			"foot_3": {
				"translate": [
					{ "x": -175.07, "y": 47.35 }
				]
			},
			"foot_2": {
				"translate": [
					{ "x": 182.38, "y": 99.03 }
				]
			},
			"item_1": {
				"rotate": [
					{ "value": -98.22 }
				],
				"translate": [
					{ "x": -250.95, "y": -25.98 }
				],
				"scale": [
					{ "x": 0.776, "y": 0.776 }
				]
			},
			"feeling_4": {
				"rotate": [
					{ "value": -24.14 }
				],
				"translate": [
					{ "x": 34.72, "y": -17.21 }
				],
				"scale": [
					{ "x": 0.662, "y": 0.662 }
				]
			}
		},
		"ik": {
			"foot_1": [
				{ "stretch": true }
			],
			"foot_2": [
				{ "stretch": true }
			]
		},
		"drawOrder": [
			{
				"offsets": [
					{ "slot": "feeling_3", "offset": 4 }
				]
			}
		]
	},
	"t_210_1_lose2": {
		"slots": {
			"body": {
				"rgba": [
					{ "color": "000000ff", "curve": "stepped" },
					{ "time": 1, "color": "000000ff" }
				]
			},
			"Emoji": {
				"attachment": [
					{ "name": "Emoji/emo_57_c" },
					{ "time": 1, "name": "Emoji/emo_57_c" }
				]
			},
			"feeling_1": {
				"attachment": [
					{ "name": "mo_hoi" },
					{ "time": 1, "name": "mo_hoi" }
				]
			},
			"feeling_2": {
				"rgba": [
					{ "color": "fffc00ff", "curve": "stepped" },
					{ "time": 1, "color": "fffc00ff" }
				],
				"attachment": [
					{ "name": "scare" },
					{ "time": 1, "name": "scare" }
				]
			},
			"feeling_3": {
				"rgba": [
					{ "color": "ffffffff", "curve": "stepped" },
					{ "time": 1, "color": "ffffffff" }
				],
				"attachment": [
					{ "name": "mo_hoi" },
					{ "time": 1, "name": "mo_hoi" }
				]
			},
			"feeling_5": {
				"attachment": [
					{ "name": "giat_minh" },
					{ "time": 1, "name": "giat_minh" }
				]
			},
			"hair": {
				"attachment": [
					{},
					{ "time": 1 }
				]
			},
			"head": {
				"rgba": [
					{ "color": "ffceceff", "curve": "stepped" },
					{ "time": 1, "color": "ffceceff" }
				],
				"attachment": [
					{ "name": "head_7" },
					{ "time": 1, "name": "head_7" }
				]
			},
			"item": {
				"attachment": [
					{},
					{ "time": 1 }
				]
			},
			"shoulder1": {
				"rgba": [
					{ "color": "000000ff", "curve": "stepped" },
					{ "time": 1, "color": "000000ff" }
				],
				"attachment": [
					{ "name": "shoulder" },
					{ "time": 1, "name": "shoulder" }
				]
			},
			"shoulder2": {
				"rgba": [
					{ "color": "000000ff", "curve": "stepped" },
					{ "time": 1, "color": "000000ff" }
				],
				"attachment": [
					{ "name": "shoulder" },
					{ "time": 1, "name": "shoulder" }
				]
			},
			"shoulder3": {
				"rgba": [
					{ "color": "000000ff", "curve": "stepped" },
					{ "time": 1, "color": "000000ff" }
				],
				"attachment": [
					{ "name": "shoulder" },
					{ "time": 1, "name": "shoulder" }
				]
			},
			"shoulder4": {
				"rgba": [
					{ "color": "ff0000ff", "curve": "stepped" },
					{ "time": 1, "color": "ff0000ff" }
				],
				"attachment": [
					{ "name": "shoulder" },
					{ "time": 1, "name": "shoulder" }
				]
			},
			"thigh": {
				"rgba": [
					{ "color": "000000ff", "curve": "stepped" },
					{ "time": 1, "color": "000000ff" }
				]
			},
			"thigh2": {
				"rgba": [
					{ "color": "000000ff", "curve": "stepped" },
					{ "time": 1, "color": "000000ff" }
				]
			},
			"thigh3": {
				"rgba": [
					{ "color": "000000ff", "curve": "stepped" },
					{ "time": 1, "color": "000000ff" }
				]
			},
			"thigh4": {
				"rgba": [
					{ "color": "000000ff", "curve": "stepped" },
					{ "time": 1, "color": "000000ff" }
				]
			}
		},
		"bones": {
			"head": {
				"rotate": [
					{ "value": 28.84, "curve": "stepped" },
					{ "time": 1, "value": 28.84 }
				],
				"translate": [
					{ "x": -10.1, "y": -3.5, "curve": "stepped" },
					{ "time": 1, "x": -10.1, "y": -3.5 }
				],
				"scale": [
					{ "x": 1.372, "curve": "stepped" },
					{ "time": 1, "x": 1.372 }
				]
			},
			"root": {
				"rotate": [
					{ "curve": "stepped" },
					{ "time": 1 }
				],
				"translate": [
					{ "curve": "stepped" },
					{ "time": 1 }
				]
			},
			"main": {
				"rotate": [
					{ "value": 5.34, "curve": "stepped" },
					{ "time": 1, "value": 5.34 }
				],
				"translate": [
					{ "x": -13.47, "y": -25.84, "curve": "stepped" },
					{ "time": 1, "x": -13.47, "y": -25.84 }
				]
			},
			"hip": {
				"rotate": [
					{ "curve": "stepped" },
					{ "time": 1 }
				],
				"translate": [
					{ "curve": "stepped" },
					{ "time": 1 }
				]
			},
			"body": {
				"rotate": [
					{ "value": -0.3, "curve": "stepped" },
					{ "time": 1, "value": -0.3 }
				],
				"translate": [
					{ "curve": "stepped" },
					{ "time": 1 }
				],
				"scale": [
					{ "curve": "stepped" },
					{ "time": 1 }
				]
			},
			"body2": {
				"rotate": [
					{ "value": -0.3, "curve": "stepped" },
					{ "time": 1, "value": -0.3 }
				],
				"translate": [
					{ "curve": "stepped" },
					{ "time": 1 }
				],
				"scale": [
					{ "curve": "stepped" },
					{ "time": 1 }
				]
			},
			"body3": {
				"rotate": [
					{ "value": -0.3, "curve": "stepped" },
					{ "time": 1, "value": -0.3 }
				],
				"translate": [
					{ "curve": "stepped" },
					{ "time": 1 }
				],
				"scale": [
					{ "curve": "stepped" },
					{ "time": 1 }
				]
			},
			"body4": {
				"rotate": [
					{ "value": -0.3, "curve": "stepped" },
					{ "time": 1, "value": -0.3 }
				],
				"translate": [
					{ "curve": "stepped" },
					{ "time": 1 }
				],
				"scale": [
					{ "curve": "stepped" },
					{ "time": 1 }
				]
			},
			"body5": {
				"rotate": [
					{ "value": -0.3, "curve": "stepped" },
					{ "time": 1, "value": -0.3 }
				],
				"translate": [
					{ "curve": "stepped" },
					{ "time": 1 }
				],
				"scale": [
					{ "curve": "stepped" },
					{ "time": 1 }
				]
			},
			"body6": {
				"rotate": [
					{ "value": -0.3, "curve": "stepped" },
					{ "time": 1, "value": -0.3 }
				],
				"translate": [
					{ "curve": "stepped" },
					{ "time": 1 }
				],
				"scale": [
					{ "curve": "stepped" },
					{ "time": 1 }
				]
			},
			"body7": {
				"rotate": [
					{ "value": -0.3, "curve": "stepped" },
					{ "time": 1, "value": -0.3 }
				],
				"translate": [
					{ "curve": "stepped" },
					{ "time": 1 }
				],
				"scale": [
					{ "curve": "stepped" },
					{ "time": 1 }
				]
			},
			"body8": {
				"rotate": [
					{ "value": -0.3, "curve": "stepped" },
					{ "time": 1, "value": -0.3 }
				],
				"translate": [
					{ "curve": "stepped" },
					{ "time": 1 }
				],
				"scale": [
					{ "curve": "stepped" },
					{ "time": 1 }
				]
			},
			"feeling_3": {
				"rotate": [
					{ "value": -34.97, "curve": "stepped" },
					{ "time": 1, "value": -34.97 }
				],
				"translate": [
					{ "x": 33.65, "y": -33.57, "curve": "stepped" },
					{ "time": 1, "x": 33.65, "y": -33.57 }
				],
				"scale": [
					{ "x": 0.793, "y": 0.793, "curve": "stepped" },
					{ "time": 1, "x": 0.793, "y": 0.793 }
				]
			},
			"emoji": {
				"rotate": [
					{ "value": -6.15, "curve": "stepped" },
					{ "time": 1, "value": -6.15 }
				],
				"translate": [
					{ "x": 29.65, "y": -38.88, "curve": "stepped" },
					{ "time": 1, "x": 29.65, "y": -38.88 }
				],
				"scale": [
					{ "x": 1.12, "y": 1.337, "curve": "stepped" },
					{ "time": 1, "x": 1.12, "y": 1.337 }
				]
			},
			"shouder_1": {
				"rotate": [
					{ "value": -114.4, "curve": "stepped" },
					{ "time": 1, "value": -114.4 }
				],
				"translate": [
					{ "x": 35.94, "y": 1.35, "curve": "stepped" },
					{ "time": 1, "x": 35.94, "y": 1.35 }
				],
				"scale": [
					{ "curve": "stepped" },
					{ "time": 1 }
				]
			},
			"arm_1": {
				"rotate": [
					{ "value": 22.26, "curve": "stepped" },
					{ "time": 1, "value": 22.26 }
				],
				"translate": [
					{ "x": 2.02, "y": 0.08, "curve": "stepped" },
					{ "time": 1, "x": 2.02, "y": 0.08 }
				],
				"scale": [
					{ "curve": "stepped" },
					{ "time": 1 }
				]
			},
			"shouder_2": {
				"rotate": [
					{ "value": -176.1, "curve": "stepped" },
					{ "time": 1, "value": -176.1 }
				],
				"translate": [
					{ "x": 32.93, "y": -0.6, "curve": "stepped" },
					{ "time": 1, "x": 32.93, "y": -0.6 }
				],
				"scale": [
					{ "x": 1.653, "y": 1.18, "curve": "stepped" },
					{ "time": 1, "x": 1.653, "y": 1.18 }
				]
			},
			"arm_2": {
				"rotate": [
					{ "value": 29.71, "curve": "stepped" },
					{ "time": 1, "value": 29.71 }
				],
				"scale": [
					{ "curve": "stepped" },
					{ "time": 1 }
				]
			},
			"thigh_1": {
				"rotate": [
					{ "value": 24.72, "curve": "stepped" },
					{ "time": 1, "value": 24.72 }
				],
				"translate": [
					{ "curve": "stepped" },
					{ "time": 1 }
				],
				"scale": [
					{ "curve": "stepped" },
					{ "time": 1 }
				]
			},
			"leg_1": {
				"rotate": [
					{ "curve": "stepped" },
					{ "time": 1 }
				],
				"translate": [
					{ "curve": "stepped" },
					{ "time": 1 }
				],
				"scale": [
					{ "curve": "stepped" },
					{ "time": 1 }
				]
			},
			"thigh_2": {
				"rotate": [
					{ "value": 39.21, "curve": "stepped" },
					{ "time": 1, "value": 39.21 }
				],
				"translate": [
					{ "curve": "stepped" },
					{ "time": 1 }
				],
				"scale": [
					{ "curve": "stepped" },
					{ "time": 1 }
				]
			},
			"leg_2": {
				"rotate": [
					{ "value": 18.14, "curve": "stepped" },
					{ "time": 1, "value": 18.14 }
				],
				"translate": [
					{ "curve": "stepped" },
					{ "time": 1 }
				]
			},
			"foot_2": {
				"rotate": [
					{ "curve": "stepped" },
					{ "time": 1 }
				],
				"translate": [
					{ "x": -88.92, "y": 4.45, "curve": "stepped" },
					{ "time": 1, "x": -88.92, "y": 4.45 }
				]
			},
			"foot_3": {
				"rotate": [
					{ "curve": "stepped" },
					{ "time": 1 }
				],
				"translate": [
					{ "x": 71.3, "y": 0.29, "curve": "stepped" },
					{ "time": 1, "x": 71.3, "y": 0.29 }
				]
			},
			"feeling_5": {
				"rotate": [
					{ "value": -142.88, "curve": "stepped" },
					{ "time": 1, "value": -142.88 }
				],
				"translate": [
					{ "x": -40.95, "y": -85.47, "curve": "stepped" },
					{ "time": 1, "x": -40.95, "y": -85.47 }
				],
				"scale": [
					{ "x": 0.417, "y": 0.417, "curve": "stepped" },
					{ "time": 1, "x": 0.417, "y": 0.417 }
				]
			},
			"item_1": {
				"rotate": [
					{ "value": -4.56, "curve": "stepped" },
					{ "time": 1, "value": -4.56 }
				],
				"translate": [
					{ "x": 119.63, "y": 41.07, "curve": "stepped" },
					{ "time": 1, "x": 119.63, "y": 41.07 }
				],
				"scale": [
					{ "x": -1.428, "y": 1.351, "curve": "stepped" },
					{ "time": 1, "x": -1.428, "y": 1.351 }
				]
			},
			"feeling_1": {
				"rotate": [
					{ "value": 88.98, "curve": "stepped" },
					{ "time": 1, "value": 88.98 }
				],
				"translate": [
					{ "x": -42.39, "y": 11.16, "curve": "stepped" },
					{ "time": 1, "x": -42.39, "y": 11.16 }
				],
				"scale": [
					{ "x": -0.968, "y": 0.968, "curve": "stepped" },
					{ "time": 1, "x": -0.968, "y": 0.968 }
				]
			},
			"move": {
				"translate": [
					{ "x": 119.99, "y": 0.12, "curve": "stepped" },
					{ "time": 1, "x": 119.99, "y": 0.12 }
				],
				"scale": [
					{ "x": -1, "curve": "stepped" },
					{ "time": 1, "x": -1 }
				]
			},
			"feeling_2": {
				"rotate": [
					{ "value": 95.73, "curve": "stepped" },
					{ "time": 1, "value": 95.73 }
				],
				"translate": [
					{ "x": 83.67, "y": -143.97, "curve": "stepped" },
					{ "time": 1, "x": 83.67, "y": -143.97 }
				],
				"scale": [
					{ "x": -1.955, "y": 1.955 },
					{ "time": 0.1, "x": -3.512, "y": 3.512 },
					{ "time": 0.2, "x": -1.955, "y": 1.955, "curve": "stepped" },
					{ "time": 0.2667, "x": -1.955, "y": 1.955 },
					{ "time": 0.3667, "x": -3.512, "y": 3.512 },
					{ "time": 0.4667, "x": -1.955, "y": 1.955, "curve": "stepped" },
					{ "time": 0.6667, "x": -1.955, "y": 1.955 },
					{ "time": 0.7667, "x": -3.512, "y": 3.512 },
					{ "time": 0.8667, "x": -1.955, "y": 1.955, "curve": "stepped" },
					{ "time": 1, "x": -1.955, "y": 1.955 }
				]
			},
			"hair_1": {
				"rotate": [
					{ "value": 63.65, "curve": "stepped" },
					{ "time": 1, "value": 63.65 }
				],
				"translate": [
					{ "x": -15.07, "y": 650.07, "curve": "stepped" },
					{ "time": 1, "x": -15.07, "y": 650.07 }
				],
				"scale": [
					{ "x": -1.445, "y": 2.128, "curve": "stepped" },
					{ "time": 1, "x": -1.445, "y": 2.128 }
				]
			}
		},
		"ik": {
			"foot_1": [
				{
					"bendPositive": false,
					"stretch": true,
					"curve": [ 0.25, 1, 0.75, 1, 0.25, 0, 0.75, 0 ]
				},
				{ "time": 1, "bendPositive": false, "stretch": true }
			],
			"foot_2": [
				{
					"bendPositive": false,
					"stretch": true,
					"curve": [ 0.25, 1, 0.75, 1, 0.25, 0, 0.75, 0 ]
				},
				{ "time": 1, "bendPositive": false, "stretch": true }
			]
		},
		"drawOrder": [
			{
				"offsets": [
					{ "slot": "item", "offset": 10 },
					{ "slot": "feeling_5", "offset": 3 }
				]
			},
			{
				"time": 1,
				"offsets": [
					{ "slot": "item", "offset": 10 },
					{ "slot": "feeling_5", "offset": 3 }
				]
			}
		]
	},
	"t_210_1_win": {
		"slots": {
			"body": {
				"rgba": [
					{ "color": "000000ff" }
				]
			},
			"Emoji": {
				"attachment": [
					{ "name": "Emoji/emo_93" }
				]
			},
			"feeling_1": {
				"attachment": [
					{}
				]
			},
			"feeling_2": {
				"attachment": [
					{}
				]
			},
			"feeling_3": {
				"attachment": [
					{}
				]
			},
			"feeling_5": {
				"attachment": [
					{}
				]
			},
			"hair": {
				"attachment": [
					{}
				]
			},
			"head": {
				"rgba": [
					{ "color": "ffffffff" }
				],
				"attachment": [
					{ "name": "head" }
				]
			},
			"item": {
				"attachment": [
					{}
				]
			},
			"shoulder1": {
				"rgba": [
					{ "color": "000000ff" }
				],
				"attachment": [
					{ "name": "shoulder" }
				]
			},
			"shoulder2": {
				"rgba": [
					{ "color": "000000ff" }
				],
				"attachment": [
					{ "name": "shoulder" }
				]
			},
			"shoulder3": {
				"rgba": [
					{ "color": "000000ff" }
				],
				"attachment": [
					{ "name": "shoulder" }
				]
			},
			"shoulder4": {
				"rgba": [
					{ "color": "000000ff" }
				],
				"attachment": [
					{ "name": "shoulder" }
				]
			},
			"thigh": {
				"rgba": [
					{ "color": "000000ff" }
				]
			},
			"thigh2": {
				"rgba": [
					{ "color": "000000ff" }
				]
			},
			"thigh3": {
				"rgba": [
					{ "color": "000000ff" }
				]
			},
			"thigh4": {
				"rgba": [
					{ "color": "000000ff" }
				]
			}
		},
		"bones": {
			"head": {
				"rotate": [
					{ "value": -15.21 }
				],
				"translate": [
					{ "x": -0.76, "y": 1.55 }
				],
				"scale": [
					{}
				]
			},
			"root": {
				"rotate": [
					{}
				],
				"translate": [
					{}
				]
			},
			"main": {
				"rotate": [
					{ "value": 2.8 }
				],
				"translate": [
					{ "x": 8.61, "y": -22.11 }
				]
			},
			"hip": {
				"rotate": [
					{}
				],
				"translate": [
					{}
				]
			},
			"body": {
				"rotate": [
					{ "value": -1.15 }
				],
				"translate": [
					{}
				],
				"scale": [
					{}
				]
			},
			"body2": {
				"rotate": [
					{ "value": -1.15 }
				],
				"translate": [
					{}
				],
				"scale": [
					{}
				]
			},
			"body3": {
				"rotate": [
					{ "value": -1.15 }
				],
				"translate": [
					{}
				],
				"scale": [
					{}
				]
			},
			"body4": {
				"rotate": [
					{ "value": -1.15 }
				],
				"translate": [
					{}
				],
				"scale": [
					{}
				]
			},
			"body5": {
				"rotate": [
					{ "value": -1.15 }
				],
				"translate": [
					{}
				],
				"scale": [
					{}
				]
			},
			"body6": {
				"rotate": [
					{ "value": -1.15 }
				],
				"translate": [
					{}
				],
				"scale": [
					{}
				]
			},
			"body7": {
				"rotate": [
					{ "value": -1.15 }
				],
				"translate": [
					{}
				],
				"scale": [
					{}
				]
			},
			"body8": {
				"rotate": [
					{ "value": -1.15 }
				],
				"translate": [
					{}
				],
				"scale": [
					{}
				]
			},
			"feeling_3": {
				"rotate": [
					{}
				],
				"translate": [
					{}
				]
			},
			"emoji": {
				"rotate": [
					{ "value": -7.76 }
				],
				"translate": [
					{ "x": 4.45, "y": 19.54 }
				],
				"scale": [
					{ "x": 1.088, "y": 1.088 }
				]
			},
			"shouder_1": {
				"rotate": [
					{ "value": -127.26 }
				],
				"translate": [
					{ "x": 31.07, "y": -0.17 }
				],
				"scale": [
					{}
				]
			},
			"arm_1": {
				"rotate": [
					{ "value": 132.33 }
				],
				"translate": [
					{ "x": 2.02, "y": 0.08 }
				],
				"scale": [
					{ "x": 1.055 }
				]
			},
			"shouder_2": {
				"rotate": [
					{ "value": 108.59 }
				],
				"translate": [
					{ "x": 29.12, "y": -4.8 }
				],
				"scale": [
					{}
				]
			},
			"arm_2": {
				"rotate": [
					{ "value": -130.57 }
				],
				"translate": [
					{}
				],
				"scale": [
					{ "x": 1.036 }
				]
			},
			"thigh_1": {
				"rotate": [
					{ "value": 24.72 }
				],
				"translate": [
					{}
				],
				"scale": [
					{}
				]
			},
			"leg_1": {
				"rotate": [
					{}
				],
				"translate": [
					{}
				]
			},
			"thigh_2": {
				"rotate": [
					{ "value": 39.21 }
				],
				"translate": [
					{}
				],
				"scale": [
					{}
				]
			},
			"leg_2": {
				"rotate": [
					{ "value": 18.14 }
				],
				"translate": [
					{}
				]
			},
			"foot_2": {
				"rotate": [
					{}
				],
				"translate": [
					{ "x": -80.93, "y": 3.96 }
				]
			},
			"foot_3": {
				"rotate": [
					{}
				],
				"translate": [
					{ "x": 99.52, "y": 7.65 }
				]
			},
			"feeling_5": {
				"rotate": [
					{}
				],
				"translate": [
					{}
				]
			},
			"item_1": {
				"rotate": [
					{ "value": 39.58 }
				],
				"translate": [
					{ "x": -64.45, "y": -5.69 }
				],
				"scale": [
					{ "x": 1.263, "y": 1.263 }
				]
			},
			"move": {
				"translate": [
					{ "x": 119.99 }
				],
				"scale": [
					{}
				]
			},
			"feeling_2": {
				"rotate": [
					{ "value": -5.86 }
				],
				"translate": [
					{ "x": -114.04, "y": -47.01 }
				],
				"scale": [
					{ "x": 1.305, "y": 1.305 }
				]
			},
			"hair_1": {
				"rotate": [
					{ "value": -46.39 }
				],
				"translate": [
					{ "x": 204.1, "y": 591.24 }
				],
				"scale": [
					{ "x": 0.75, "y": 1.199 }
				]
			},
			"feeling_1": {
				"rotate": [
					{ "value": 15.35 }
				],
				"translate": [
					{ "x": 91.86, "y": -40.52 }
				],
				"scale": [
					{ "x": -2.024, "y": 2.024 }
				]
			}
		},
		"ik": {
			"foot_1": [
				{ "stretch": true }
			],
			"foot_2": [
				{ "stretch": true }
			]
		},
		"drawOrder": [
			{
				"offsets": [
					{ "slot": "item", "offset": 2 },
					{ "slot": "body", "offset": 0 },
					{ "slot": "shoulder4", "offset": -2 }
				]
			}
		]
	},
	"t_210_2_be": {
		"slots": {
			"body": {
				"rgba": [
					{ "color": "000000ff" }
				]
			},
			"Emoji": {
				"attachment": [
					{}
				]
			},
			"feeling_1": {
				"attachment": [
					{}
				]
			},
			"feeling_2": {
				"attachment": [
					{}
				]
			},
			"feeling_3": {
				"rgba": [
					{ "color": "ffffffff" }
				]
			},
			"feeling_5": {
				"attachment": [
					{}
				]
			},
			"hair": {
				"attachment": [
					{ "name": "hair/man/toc_8" }
				]
			},
			"head": {
				"rgba": [
					{ "color": "ffffffff" }
				],
				"attachment": [
					{ "name": "head_sleep" }
				]
			},
			"shoulder1": {
				"rgba": [
					{ "color": "000000ff" }
				],
				"attachment": [
					{ "name": "shoulder" }
				]
			},
			"shoulder2": {
				"rgba": [
					{ "color": "000000ff" }
				],
				"attachment": [
					{ "name": "shoulder" }
				]
			},
			"shoulder3": {
				"rgba": [
					{ "color": "000000ff" }
				],
				"attachment": [
					{ "name": "shoulder" }
				]
			},
			"shoulder4": {
				"rgba": [
					{ "color": "000000ff" }
				],
				"attachment": [
					{ "name": "shoulder" }
				]
			},
			"thigh": {
				"rgba": [
					{ "color": "000000ff" }
				]
			},
			"thigh2": {
				"rgba": [
					{ "color": "000000ff" }
				]
			},
			"thigh3": {
				"rgba": [
					{ "color": "000000ff" }
				]
			},
			"thigh4": {
				"rgba": [
					{ "color": "000000ff" }
				]
			}
		},
		"bones": {
			"head": {
				"rotate": [
					{ "value": 1.21 }
				],
				"translate": [
					{ "x": -19.65, "y": 11.03 }
				],
				"scale": [
					{}
				]
			},
			"root": {
				"rotate": [
					{}
				],
				"translate": [
					{}
				]
			},
			"main": {
				"rotate": [
					{ "value": -13.76 }
				],
				"translate": [
					{ "x": -0.24, "y": -258.89 }
				]
			},
			"hip": {
				"rotate": [
					{ "value": 16.79 }
				],
				"translate": [
					{}
				]
			},
			"body": {
				"rotate": [
					{ "value": -5.01 }
				],
				"translate": [
					{ "x": -0.83 }
				]
			},
			"body2": {
				"rotate": [
					{ "value": 0.08 }
				],
				"translate": [
					{}
				]
			},
			"body3": {
				"rotate": [
					{ "value": 0.08 }
				],
				"translate": [
					{}
				]
			},
			"body4": {
				"rotate": [
					{ "value": 0.08 }
				],
				"translate": [
					{}
				]
			},
			"body5": {
				"rotate": [
					{ "value": 0.08 }
				],
				"translate": [
					{}
				]
			},
			"body6": {
				"rotate": [
					{ "value": 0.08 }
				],
				"translate": [
					{}
				]
			},
			"body7": {
				"rotate": [
					{ "value": 0.08 }
				],
				"translate": [
					{}
				]
			},
			"body8": {
				"rotate": [
					{ "value": 0.08 }
				],
				"translate": [
					{}
				]
			},
			"feeling_3": {
				"rotate": [
					{ "value": 17.6 }
				],
				"translate": [
					{ "x": 41.15, "y": -37.72 }
				],
				"scale": [
					{}
				]
			},
			"emoji": {
				"rotate": [
					{ "value": 11.5 }
				],
				"translate": [
					{ "x": 3.12, "y": 4.74 }
				],
				"scale": [
					{ "x": -1 }
				]
			},
			"shouder_1": {
				"rotate": [
					{ "value": -109.1 }
				],
				"translate": [
					{ "x": 10.79, "y": 0.74 }
				],
				"scale": [
					{ "x": 0.924 }
				],
				"shear": [
					{}
				]
			},
			"arm_1": {
				"rotate": [
					{ "value": -81.19 }
				],
				"translate": [
					{ "x": 2.02, "y": 0.08 }
				],
				"scale": [
					{}
				]
			},
			"shouder_2": {
				"rotate": [
					{ "value": 140 }
				],
				"translate": [
					{ "x": 11.6, "y": -1.47 }
				],
				"scale": [
					{}
				]
			},
			"arm_2": {
				"rotate": [
					{ "value": 135.69 }
				],
				"translate": [
					{}
				],
				"scale": [
					{}
				]
			},
			"thigh_1": {
				"rotate": [
					{ "value": -147.24 }
				],
				"translate": [
					{}
				],
				"scale": [
					{ "x": 0.719 }
				]
			},
			"leg_1": {
				"rotate": [
					{ "value": 137.22 }
				],
				"translate": [
					{}
				],
				"scale": [
					{ "x": 0.871 }
				]
			},
			"thigh_2": {
				"rotate": [
					{ "value": 170.49 }
				],
				"translate": [
					{}
				],
				"scale": [
					{ "x": 0.698 }
				]
			},
			"leg_2": {
				"rotate": [
					{ "value": -147.03 }
				],
				"translate": [
					{}
				],
				"scale": [
					{ "x": 0.932 }
				]
			},
			"foot_2": {
				"rotate": [
					{ "value": -3.45 }
				],
				"translate": [
					{ "x": -150.35, "y": 19 }
				]
			},
			"foot_3": {
				"rotate": [
					{ "value": -4.25 }
				],
				"translate": [
					{ "x": 1.73, "y": -11.19 }
				]
			},
			"feeling_5": {
				"rotate": [
					{}
				],
				"translate": [
					{}
				]
			},
			"feeling_1": {
				"rotate": [
					{ "value": 8.72 }
				],
				"translate": [
					{ "x": -272.54, "y": -22.29 }
				],
				"scale": [
					{ "x": 1.046, "y": 1.046 }
				]
			},
			"feeling_2": {
				"rotate": [
					{}
				],
				"translate": [
					{}
				],
				"scale": [
					{}
				]
			},
			"move": {
				"rotate": [
					{ "value": -6.87 }
				],
				"translate": [
					{ "x": 119.99, "y": 0.12 }
				]
			},
			"hair_1": {
				"rotate": [
					{ "value": 17.21 }
				],
				"translate": [
					{ "x": 28.4, "y": 560.71 }
				],
				"scale": [
					{ "x": 1.166, "y": 1.166 }
				]
			}
		},
		"ik": {
			"foot_1": [
				{ "mix": 0, "stretch": true }
			],
			"foot_2": [
				{ "mix": 0, "bendPositive": false, "stretch": true }
			]
		},
		"drawOrder": [
			{
				"offsets": [
					{ "slot": "shoulder2", "offset": 13 },
					{ "slot": "shoulder4", "offset": -3 }
				]
			}
		]
	},
	"t_210_2_win": {
		"slots": {
			"body": {
				"rgba": [
					{ "color": "000000ff" }
				]
			},
			"Emoji": {
				"attachment": [
					{ "name": "Emoji/emo_99" }
				]
			},
			"feeling_1": {
				"rgba": [
					{ "color": "fffc00ff", "curve": "stepped" },
					{ "time": 0.8333, "color": "fffc00ff" }
				],
				"attachment": [
					{ "name": "scare" },
					{ "time": 0.8333, "name": "scare" }
				]
			},
			"feeling_2": {
				"attachment": [
					{ "name": "dau" }
				]
			},
			"feeling_3": {
				"attachment": [
					{ "name": "giat_minh" }
				]
			},
			"feeling_4": {
				"attachment": [
					{ "name": "dau" }
				]
			},
			"feeling_5": {
				"attachment": [
					{ "name": "mo_hoi" }
				]
			},
			"hair": {
				"attachment": [
					{ "name": "hair/man/toc_8" }
				]
			},
			"head": {
				"attachment": [
					{ "name": "head_7" }
				]
			},
			"item": {
				"attachment": [
					{}
				]
			},
			"shoulder1": {
				"rgba": [
					{ "color": "000000ff" }
				],
				"attachment": [
					{ "name": "shoulder" }
				]
			},
			"shoulder2": {
				"rgba": [
					{ "color": "000000ff" }
				],
				"attachment": [
					{ "name": "shoulder" }
				]
			},
			"shoulder3": {
				"rgba": [
					{ "color": "000000ff" }
				],
				"attachment": [
					{ "name": "shoulder" }
				]
			},
			"shoulder4": {
				"rgba": [
					{ "color": "000000ff" }
				],
				"attachment": [
					{ "name": "shoulder" }
				]
			},
			"thigh": {
				"rgba": [
					{ "color": "000000ff" }
				]
			},
			"thigh2": {
				"rgba": [
					{ "color": "000000ff" }
				]
			},
			"thigh3": {
				"rgba": [
					{ "color": "000000ff" }
				]
			},
			"thigh4": {
				"rgba": [
					{ "color": "000000ff" }
				]
			}
		},
		"bones": {
			"body": {
				"rotate": [
					{ "value": 16.23 }
				]
			},
			"body2": {
				"rotate": [
					{ "value": -2.59 }
				]
			},
			"body3": {
				"rotate": [
					{ "value": -0.22 }
				]
			},
			"body4": {
				"rotate": [
					{ "value": -0.29 }
				]
			},
			"body5": {
				"rotate": [
					{ "value": -2.56 }
				]
			},
			"body6": {
				"rotate": [
					{ "value": -2.15 }
				]
			},
			"body7": {
				"rotate": [
					{ "value": -0.58 }
				]
			},
			"body8": {
				"rotate": [
					{ "value": -5.18 }
				],
				"translate": [
					{ "x": 10.92, "y": -0.52 }
				]
			},
			"thigh_1": {
				"rotate": [
					{ "value": 26.16 }
				]
			},
			"leg_1": {
				"rotate": [
					{ "value": 72.18 }
				],
				"scale": [
					{}
				]
			},
			"main": {
				"rotate": [
					{ "value": -7.58 }
				],
				"translate": [
					{ "x": -1.93, "y": -62.01 }
				]
			},
			"head": {
				"rotate": [
					{ "value": -13.21 }
				],
				"translate": [
					{ "x": -5.5, "y": -0.12 }
				]
			},
			"shouder_1": {
				"rotate": [
					{ "value": 173.42 }
				],
				"translate": [
					{ "x": 31.08, "y": -0.97 }
				],
				"scale": [
					{}
				]
			},
			"arm_1": {
				"rotate": [
					{ "value": -28.29 }
				]
			},
			"shouder_2": {
				"rotate": [
					{ "value": 142.96 }
				],
				"translate": [
					{ "x": 27.82, "y": -5.03 }
				],
				"scale": [
					{}
				]
			},
			"arm_2": {
				"rotate": [
					{ "value": -11.81 }
				]
			},
			"thigh_2": {
				"rotate": [
					{ "value": -82.1 }
				],
				"scale": [
					{}
				]
			},
			"leg_2": {
				"rotate": [
					{ "value": 49.36 }
				],
				"scale": [
					{}
				]
			},
			"emoji": {
				"rotate": [
					{ "value": 2.04 }
				],
				"translate": [
					{ "x": 5.49, "y": 4.99 }
				],
				"scale": [
					{ "x": -1 }
				]
			},
			"feeling_3": {
				"rotate": [
					{ "value": 143.84 }
				],
				"translate": [
					{ "x": -32.5, "y": 72.88 }
				],
				"scale": [
					{ "x": 1.149, "y": 1.149 }
				]
			},
			"feeling_5": {
				"rotate": [
					{ "value": -65.88 }
				],
				"translate": [
					{ "x": -8.97, "y": 1.77 }
				],
				"scale": [
					{ "x": 0.296, "y": 0.296 }
				]
			},
			"move": {
				"translate": [
					{ "x": 119.99, "y": 0.12 }
				],
				"scale": [
					{}
				]
			},
			"feeling_1": {
				"rotate": [
					{ "value": 3.81, "curve": "stepped" },
					{ "time": 0.1, "value": -38.04, "curve": "stepped" },
					{ "time": 0.2, "value": -73.59, "curve": "stepped" },
					{ "time": 0.3, "value": -123.33, "curve": "stepped" },
					{ "time": 0.4333, "value": 3.81, "curve": "stepped" },
					{ "time": 0.5333, "value": -38.04, "curve": "stepped" },
					{ "time": 0.6333, "value": -73.59, "curve": "stepped" },
					{ "time": 0.7333, "value": -123.33, "curve": "stepped" },
					{ "time": 0.8333, "value": 3.81 }
				],
				"translate": [
					{ "x": -62.71, "y": -13.77, "curve": "stepped" },
					{ "time": 0.1, "x": -83.96, "y": -98.83, "curve": "stepped" },
					{ "time": 0.2, "x": -13.49, "y": -58.4, "curve": "stepped" },
					{ "time": 0.3, "x": -116.69, "y": -39.62, "curve": "stepped" },
					{ "time": 0.4333, "x": -62.71, "y": -13.77, "curve": "stepped" },
					{ "time": 0.5333, "x": -83.96, "y": -98.83, "curve": "stepped" },
					{ "time": 0.6333, "x": -13.49, "y": -58.4, "curve": "stepped" },
					{ "time": 0.7333, "x": -116.69, "y": -39.62, "curve": "stepped" },
					{ "time": 0.8333, "x": -62.71, "y": -13.77 }
				],
				"scale": [
					{ "x": 1.411, "y": 1.411, "curve": "stepped" },
					{ "time": 0.1, "x": 0.763, "y": 0.763, "curve": "stepped" },
					{ "time": 0.2, "x": 1.103, "y": 1.103, "curve": "stepped" },
					{ "time": 0.3, "x": 0.727, "y": 0.727, "curve": "stepped" },
					{ "time": 0.4333, "x": 1.411, "y": 1.411, "curve": "stepped" },
					{ "time": 0.5333, "x": 0.763, "y": 0.763, "curve": "stepped" },
					{ "time": 0.6333, "x": 1.103, "y": 1.103, "curve": "stepped" },
					{ "time": 0.7333, "x": 0.727, "y": 0.727, "curve": "stepped" },
					{ "time": 0.8333, "x": 1.411, "y": 1.411 }
				]
			},
			"feeling_2": {
				"rotate": [
					{ "value": -69.99 }
				],
				"translate": [
					{ "x": -22.7, "y": -110.19 }
				],
				"scale": [
					{ "x": 0.909, "y": 0.909 }
				]
			},
			"foot_3": {
				"translate": [
					{ "x": -193.35, "y": 39.15 }
				]
			},
			"foot_2": {
				"translate": [
					{ "x": 178.49, "y": 46.11 }
				]
			},
			"item_1": {
				"rotate": [
					{ "value": -98.22 }
				],
				"translate": [
					{ "x": -250.95, "y": -25.98 }
				],
				"scale": [
					{ "x": 0.776, "y": 0.776 }
				]
			},
			"feeling_4": {
				"rotate": [
					{ "value": 19.04 }
				],
				"translate": [
					{ "x": 47.69, "y": 37.18 }
				],
				"scale": [
					{ "x": 0.662, "y": 0.662 }
				]
			},
			"hair_1": {
				"rotate": [
					{ "value": -8.28 }
				],
				"translate": [
					{ "x": 97.79, "y": 605.87 }
				],
				"scale": [
					{ "x": 1.063, "y": 1.063 }
				]
			}
		},
		"ik": {
			"foot_1": [
				{ "stretch": true }
			],
			"foot_2": [
				{ "stretch": true }
			]
		},
		"drawOrder": [
			{
				"offsets": [
					{ "slot": "feeling_3", "offset": 3 },
					{ "slot": "feeling_1", "offset": 1 }
				]
			},
			{
				"time": 0.8333,
				"offsets": [
					{ "slot": "feeling_3", "offset": 3 },
					{ "slot": "feeling_1", "offset": 1 }
				]
			}
		]
	}
}
}