{"frames": [

{
	"filename": "am_thanh",
	"frame": {"x":963,"y":206,"w":141,"h":212},
	"rotated": false,
	"trimmed": false,
	"spriteSourceSize": {"x":0,"y":0,"w":141,"h":212},
	"sourceSize": {"w":141,"h":212}
},
{
	"filename": "bg",
	"frame": {"x":1,"y":1,"w":36,"h":1172},
	"rotated": false,
	"trimmed": false,
	"spriteSourceSize": {"x":0,"y":0,"w":36,"h":1172},
	"sourceSize": {"w":36,"h":1172}
},
{
	"filename": "bg_tivi",
	"frame": {"x":38,"y":380,"w":440,"h":236},
	"rotated": false,
	"trimmed": false,
	"spriteSourceSize": {"x":0,"y":0,"w":440,"h":236},
	"sourceSize": {"w":440,"h":236}
},
{
	"filename": "chau_cay",
	"frame": {"x":413,"y":730,"w":175,"h":318},
	"rotated": false,
	"trimmed": false,
	"spriteSourceSize": {"x":0,"y":0,"w":175,"h":318},
	"sourceSize": {"w":175,"h":318}
},
{
	"filename": "day_dien_sau_khi_cam",
	"frame": {"x":1048,"y":563,"w":72,"h":96},
	"rotated": false,
	"trimmed": false,
	"spriteSourceSize": {"x":0,"y":0,"w":72,"h":96},
	"sourceSize": {"w":72,"h":96}
},
{
	"filename": "diem_neo_day_den",
	"frame": {"x":38,"y":110,"w":1082,"h":95},
	"rotated": false,
	"trimmed": true,
	"spriteSourceSize": {"x":7,"y":7,"w":1082,"h":95},
	"sourceSize": {"w":1096,"h":109}
},
{
	"filename": "diem_neo_day_den_hot",
	"frame": {"x":38,"y":1,"w":1096,"h":108},
	"rotated": false,
	"trimmed": true,
	"spriteSourceSize": {"x":0,"y":0,"w":1096,"h":108},
	"sourceSize": {"w":1096,"h":109}
},
{
	"filename": "diem_neo_den_led",
	"frame": {"x":479,"y":495,"w":423,"h":220},
	"rotated": false,
	"trimmed": false,
	"spriteSourceSize": {"x":0,"y":0,"w":423,"h":220},
	"sourceSize": {"w":423,"h":220}
},
{
	"filename": "ghe_don",
	"frame": {"x":589,"y":716,"w":352,"h":276},
	"rotated": false,
	"trimmed": false,
	"spriteSourceSize": {"x":0,"y":0,"w":352,"h":276},
	"sourceSize": {"w":352,"h":276}
},
{
	"filename": "loa",
	"frame": {"x":951,"y":536,"w":96,"h":193},
	"rotated": false,
	"trimmed": false,
	"spriteSourceSize": {"x":0,"y":0,"w":96,"h":193},
	"sourceSize": {"w":96,"h":193}
},
{
	"filename": "micro",
	"frame": {"x":1063,"y":419,"w":57,"h":143},
	"rotated": false,
	"trimmed": false,
	"spriteSourceSize": {"x":0,"y":0,"w":57,"h":143},
	"sourceSize": {"w":57,"h":143}
},
{
	"filename": "o_cam_dien",
	"frame": {"x":903,"y":495,"w":47,"h":45},
	"rotated": false,
	"trimmed": false,
	"spriteSourceSize": {"x":0,"y":0,"w":47,"h":45},
	"sourceSize": {"w":47,"h":45}
},
{
	"filename": "quyen_sach",
	"frame": {"x":963,"y":419,"w":99,"h":116},
	"rotated": false,
	"trimmed": false,
	"spriteSourceSize": {"x":0,"y":0,"w":99,"h":116},
	"sourceSize": {"w":99,"h":116}
},
{
	"filename": "tivi",
	"frame": {"x":502,"y":206,"w":460,"h":288},
	"rotated": false,
	"trimmed": false,
	"spriteSourceSize": {"x":0,"y":0,"w":460,"h":288},
	"sourceSize": {"w":460,"h":288}
},
{
	"filename": "trap_quat_tran",
	"frame": {"x":38,"y":617,"w":374,"h":293},
	"rotated": false,
	"trimmed": false,
	"spriteSourceSize": {"x":0,"y":0,"w":374,"h":293},
	"sourceSize": {"w":374,"h":293}
},
{
	"filename": "tu_tivi",
	"frame": {"x":38,"y":206,"w":463,"h":173},
	"rotated": false,
	"trimmed": false,
	"spriteSourceSize": {"x":0,"y":0,"w":463,"h":173},
	"sourceSize": {"w":463,"h":173}
}],
"meta": {
	"app": "https://www.codeandweb.com/texturepacker",
	"version": "1.0",
	"image": "props.png",
	"format": "RGBA8888",
	"size": {"w":1135,"h":1174},
	"scale": "1",
	"smartupdate": "$TexturePacker:SmartUpdate:5d0213648081528ec767fffcbe798b8b:28fb0e86689a132d3fef012979607815:f4c39b94f5b79b4c461da96ae5609d50$"
}
}
