{
"skeleton": { "hash": "ARVuM/3oy6Y", "spine": "4.1.24", "x": -388.28, "y": -425.09, "width": 724.41, "height": 1282.48 },
"bones": [
	{ "name": "root", "rotation": 0.2 },
	{ "name": "move", "parent": "root", "x": -119.99, "scaleX": -1 },
	{ "name": "main", "parent": "move", "y": 256.6 },
	{ "name": "hip", "parent": "main" },
	{ "name": "body", "parent": "hip", "length": 26.97, "rotation": 90 },
	{ "name": "body2", "parent": "body", "length": 26.97, "x": 26.97 },
	{ "name": "body3", "parent": "body2", "length": 26.97, "x": 26.97 },
	{ "name": "body4", "parent": "body3", "length": 26.97, "rotation": -0.06, "x": 26.97 },
	{ "name": "body5", "parent": "body4", "length": 26.97, "x": 26.97 },
	{ "name": "body6", "parent": "body5", "length": 26.97, "x": 26.97 },
	{ "name": "body7", "parent": "body6", "length": 26.97, "x": 26.97 },
	{ "name": "body8", "parent": "body7", "length": 26.97, "x": 26.97 },
	{ "name": "head", "parent": "body8", "length": 135.67, "x": 24.75 },
	{ "name": "feeling_3", "parent": "head", "rotation": -0.18, "x": 87.53, "y": 30.96 },
	{ "name": "emoji", "parent": "head", "rotation": -90, "x": 62, "y": 1.49 },
	{ "name": "shouder_1", "parent": "body7", "length": 100.06, "rotation": -90, "x": 15.39, "y": 0.02 },
	{ "name": "arm_1", "parent": "shouder_1", "length": 100.06, "x": 94.79 },
	{ "name": "shouder_2", "parent": "body7", "length": 100.06, "rotation": 90, "x": 15.39, "y": 0.02 },
	{ "name": "arm_2", "parent": "shouder_2", "length": 100.06, "x": 94.79 },
	{ "name": "thigh_1", "parent": "main", "length": 134.15, "rotation": -90, "x": -0.54, "y": 4.23 },
	{ "name": "leg_1", "parent": "thigh_1", "length": 134.15, "x": 128.14 },
	{ "name": "thigh_2", "parent": "main", "length": 134.15, "rotation": -90, "x": -0.1, "y": 4.23 },
	{ "name": "leg_2", "parent": "thigh_2", "length": 134.15, "x": 128.14 },
	{ "name": "foot_2", "parent": "move", "x": 0.16, "y": -2.18 },
	{ "name": "foot_3", "parent": "move", "x": 0.1, "y": -2.12 },
	{
		"name": "feeling_5",
		"parent": "head",
		"rotation": -0.18,
		"x": 87.53,
		"y": -25.11,
		"scaleX": 2,
		"scaleY": 2
	},
	{ "name": "item_1", "parent": "move", "x": -1.93, "y": 450.24 },
	{ "name": "feeling_1", "parent": "main", "rotation": -20.17, "x": 72.35, "y": 376.02 },
	{ "name": "feeling_2", "parent": "main", "rotation": -20.17, "x": 72.35, "y": 376.02 },
	{ "name": "hair_1", "parent": "main", "rotation": 0.07, "x": -120, "y": -254.77 },
	{
		"name": "feeling_4",
		"parent": "head",
		"rotation": -0.18,
		"x": 87.53,
		"y": -25.11,
		"scaleX": 2,
		"scaleY": 2
	},
	{ "name": "item_tay", "parent": "arm_2", "x": 101.01, "y": -1.25 }
],
"slots": [
	{ "name": "bg_gane_play", "bone": "root", "color": "ffffff4f" },
	{ "name": "item", "bone": "item_1" },
	{ "name": "body", "bone": "hip", "color": "000000ff", "attachment": "body" },
	{ "name": "shoulder1", "bone": "shouder_1", "color": "000000ff" },
	{ "name": "shoulder3", "bone": "shouder_2", "color": "000000ff" },
	{ "name": "shoulder2", "bone": "arm_1", "color": "000000ff" },
	{ "name": "shoulder4", "bone": "arm_2", "color": "000000ff" },
	{ "name": "thigh", "bone": "thigh_1", "color": "000000ff", "attachment": "thigh" },
	{ "name": "thigh3", "bone": "thigh_2", "color": "000000ff", "attachment": "thigh" },
	{ "name": "thigh2", "bone": "leg_1", "color": "000000ff", "attachment": "thigh" },
	{ "name": "thigh4", "bone": "leg_2", "color": "000000ff", "attachment": "thigh" },
	{ "name": "head", "bone": "head", "attachment": "head" },
	{ "name": "hair", "bone": "hair_1" },
	{ "name": "Emoji", "bone": "emoji" },
	{ "name": "feeling_3", "bone": "feeling_3", "color": "000000ff" },
	{ "name": "feeling_5", "bone": "feeling_5" },
	{ "name": "feeling_4", "bone": "feeling_4" },
	{ "name": "feeling_1", "bone": "feeling_1" },
	{ "name": "feeling_2", "bone": "feeling_2" },
	{ "name": "item_tay", "bone": "item_tay" }
],
"ik": [
	{
		"name": "foot_1",
		"bones": [ "thigh_1", "leg_1" ],
		"target": "foot_2",
		"mix": 0,
		"stretch": true
	},
	{
		"name": "foot_2",
		"order": 1,
		"bones": [ "thigh_2", "leg_2" ],
		"target": "foot_3",
		"mix": 0,
		"stretch": true
	}
],
"skins": [
	{
		"name": "default",
		"attachments": {
			"body": {
				"body": {
					"type": "mesh",
					"uvs": [ 1, 1, 0, 1, 0, 0.875, 0, 0.75, 0, 0.625, 0, 0.5, 0, 0.375, 0, 0.25, 0, 0.125, 0, 0, 1, 0, 1, 0.125, 1, 0.25, 1, 0.375, 1, 0.5, 1, 0.625, 1, 0.75, 1, 0.875 ],
					"triangles": [ 8, 9, 10, 11, 8, 10, 7, 8, 11, 12, 7, 11, 6, 7, 12, 13, 6, 12, 5, 6, 13, 14, 5, 13, 4, 5, 14, 15, 4, 14, 3, 4, 15, 16, 3, 15, 2, 3, 16, 17, 2, 16, 1, 2, 17, 0, 1, 17 ],
					"vertices": [ 1, 4, -1.7, -5.5, 1, 1, 4, -1.7, 5.5, 1, 2, 4, 25.68, 5.5, 0.70301, 5, -1.29, 5.5, 0.29699, 2, 5, 26.08, 5.5, 0.65569, 6, -0.88, 5.5, 0.34431, 2, 6, 26.49, 5.5, 0.55905, 7, -0.48, 5.5, 0.44095, 2, 7, 26.9, 5.5, 0.51367, 8, -0.07, 5.5, 0.48633, 2, 8, 27.3, 5.5, 0.41705, 9, 0.33, 5.5, 0.58295, 2, 9, 27.71, 5.5, 0.38565, 10, 0.74, 5.5, 0.61435, 2, 10, 28.11, 5.5, 0.36868, 11, 1.14, 5.5, 0.63132, 1, 11, 28.52, 5.5, 1, 1, 11, 28.52, -5.5, 1, 2, 10, 28.11, -5.5, 0.3064, 11, 1.14, -5.5, 0.6936, 2, 9, 27.71, -5.5, 0.40945, 10, 0.74, -5.5, 0.59055, 2, 8, 27.3, -5.5, 0.44404, 9, 0.33, -5.5, 0.55596, 2, 7, 26.9, -5.5, 0.52991, 8, -0.07, -5.5, 0.47009, 2, 6, 26.49, -5.5, 0.58474, 7, -0.48, -5.5, 0.41526, 2, 5, 26.08, -5.5, 0.62061, 6, -0.88, -5.5, 0.37939, 2, 4, 25.68, -5.5, 0.65664, 5, -1.29, -5.5, 0.34336 ],
					"hull": 18
				}
			},
			"Emoji": {
				"Emoji/emo_30": { "x": 0.5, "y": 0.5, "width": 141, "height": 117 },
				"Emoji/emo_31": { "x": 0.5, "y": 0.5, "width": 133, "height": 121 },
				"Emoji/emo_68b": { "width": 110, "height": 142 },
				"Emoji/emo_74": { "x": 0.5, "y": 0.5, "scaleX": -1, "width": 90, "height": 95 },
				"Emoji/emo_89": { "x": 0.5, "y": 0.5, "width": 141, "height": 117 },
				"Emoji/emo_92": { "y": 0.5, "width": 92, "height": 97 },
				"Emoji/emo_93": { "y": 0.5, "width": 90, "height": 73 },
				"Emoji/new/emo_32": { "y": 0.5, "width": 82, "height": 66 }
			},
			"feeling_1": {
				"bang_mat_2": { "width": 132, "height": 59 },
				"cauco": { "y": 0.5, "width": 50, "height": 45 },
				"giat_minh": { "width": 70, "height": 66 },
				"scare": { "scaleX": 1.3955, "scaleY": 1.3955, "rotation": 19.99, "width": 80, "height": 83 },
				"z_1": { "x": 0.5, "width": 44, "height": 71 }
			},
			"feeling_2": {
				"Emoji/hoi_cham": { "width": 30, "height": 52 },
				"kho": { "x": 23.6, "y": 5.32, "width": 57, "height": 33 },
				"mo_hoi": { "x": 0.5, "y": 0.5, "width": 19, "height": 41 },
				"water_mouth2": { "x": -5.86, "y": -13.64, "rotation": -33.97, "width": 23, "height": 50 }
			},
			"feeling_3": {
				"Emoji/hoi_cham": { "width": 30, "height": 52 },
				"giat_minh": { "rotation": -96.51, "width": 70, "height": 66 },
				"mo_hoi": { "x": -18.07, "y": -0.4, "rotation": -96.51, "width": 19, "height": 41 }
			},
			"feeling_4": {
				"cham_than": { "x": 0.5, "y": 0.5, "rotation": -270, "width": 17, "height": 57 }
			},
			"feeling_5": {
				"Emoji/hoi_cham": { "width": 30, "height": 52 },
				"giat_minh": { "width": 70, "height": 66 },
				"scare": { "y": 0.5, "width": 80, "height": 83 }
			},
			"hair": {
				"hair/man/mu_8": { "y": 0.5, "width": 152, "height": 47 },
				"hair/man/mu_13": { "x": 0.5, "width": 135, "height": 89 }
			},
			"head": {
				"head": { "x": 68.85, "rotation": -89.87, "width": 144, "height": 144 }
			},
			"shoulder1": {
				"shoulder": { "x": 49.22, "rotation": -90, "width": 15, "height": 105 }
			},
			"shoulder2": {
				"shoulder": { "x": 49.22, "rotation": -90, "width": 15, "height": 105 }
			},
			"shoulder3": {
				"shoulder": { "x": 49.22, "rotation": -90, "width": 15, "height": 105 }
			},
			"shoulder4": {
				"shoulder": { "x": 50.57, "rotation": -90, "width": 15, "height": 105 }
			},
			"thigh": {
				"thigh": { "x": 66.01, "rotation": -90, "width": 14, "height": 137 }
			},
			"thigh2": {
				"thigh": { "x": 66.01, "rotation": -90, "width": 14, "height": 137 }
			},
			"thigh3": {
				"thigh": { "x": 66.01, "rotation": -90, "width": 14, "height": 137 }
			},
			"thigh4": {
				"thigh": { "x": 66.01, "rotation": -90, "width": 14, "height": 137 }
			}
		}
	}
],
"animations": {
	"t_287_1_be": {
		"slots": {
			"body": {
				"rgba": [
					{ "color": "000000ff" }
				]
			},
			"Emoji": {
				"attachment": [
					{ "name": "Emoji/emo_74" }
				]
			},
			"feeling_1": {
				"attachment": [
					{ "name": "bang_mat_2" }
				]
			},
			"feeling_3": {
				"rgba": [
					{ "color": "ffffffff" }
				],
				"attachment": [
					{ "name": "mo_hoi" }
				]
			},
			"feeling_5": {
				"attachment": [
					{}
				]
			},
			"head": {
				"rgba": [
					{ "color": "ffffffff" }
				],
				"attachment": [
					{ "name": "head" }
				]
			},
			"shoulder1": {
				"rgba": [
					{ "color": "000000ff" }
				],
				"attachment": [
					{ "name": "shoulder" }
				]
			},
			"shoulder2": {
				"rgba": [
					{ "color": "000000ff" }
				],
				"attachment": [
					{ "name": "shoulder" }
				]
			},
			"shoulder3": {
				"rgba": [
					{ "color": "000000ff" }
				],
				"attachment": [
					{}
				]
			},
			"shoulder4": {
				"rgba": [
					{ "color": "000000ff" }
				],
				"attachment": [
					{}
				]
			},
			"thigh": {
				"rgba": [
					{ "color": "000000ff" }
				]
			},
			"thigh2": {
				"rgba": [
					{ "color": "000000ff" }
				]
			},
			"thigh3": {
				"rgba": [
					{ "color": "000000ff" }
				]
			},
			"thigh4": {
				"rgba": [
					{ "color": "000000ff" }
				]
			}
		},
		"bones": {
			"head": {
				"rotate": [
					{ "value": 1.12 }
				],
				"translate": [
					{ "x": -30.28, "y": -2.08 }
				],
				"scale": [
					{}
				]
			},
			"root": {
				"rotate": [
					{}
				],
				"translate": [
					{}
				]
			},
			"main": {
				"rotate": [
					{ "value": 14.28 }
				],
				"translate": [
					{ "x": -0.22, "y": -38.95 }
				]
			},
			"hip": {
				"rotate": [
					{}
				],
				"translate": [
					{}
				]
			},
			"body": {
				"rotate": [
					{ "value": 1.38 }
				],
				"translate": [
					{}
				],
				"scale": [
					{}
				]
			},
			"body2": {
				"rotate": [
					{ "value": 1.38 }
				],
				"translate": [
					{}
				],
				"scale": [
					{}
				]
			},
			"body3": {
				"rotate": [
					{ "value": 1.38 }
				],
				"translate": [
					{}
				],
				"scale": [
					{}
				]
			},
			"body4": {
				"rotate": [
					{ "value": 1.38 }
				],
				"translate": [
					{}
				],
				"scale": [
					{}
				]
			},
			"body5": {
				"rotate": [
					{ "value": 1.38 }
				],
				"translate": [
					{}
				],
				"scale": [
					{}
				]
			},
			"body6": {
				"rotate": [
					{ "value": 1.38 }
				],
				"translate": [
					{}
				],
				"scale": [
					{}
				]
			},
			"body7": {
				"rotate": [
					{ "value": 1.38 }
				],
				"translate": [
					{}
				],
				"scale": [
					{}
				]
			},
			"body8": {
				"rotate": [
					{ "value": 1.38 }
				],
				"translate": [
					{}
				],
				"scale": [
					{}
				]
			},
			"feeling_3": {
				"rotate": [
					{ "value": -28.29 }
				],
				"translate": [
					{ "x": -32.79, "y": -80.85 }
				]
			},
			"emoji": {
				"rotate": [
					{ "value": -27.12 }
				],
				"translate": [
					{ "x": 4.27, "y": 12.62 }
				],
				"scale": [
					{ "x": 1.103, "y": 1.103 }
				]
			},
			"shouder_1": {
				"rotate": [
					{ "value": -65.29 }
				],
				"translate": [
					{ "x": 4.22, "y": 0.48 }
				],
				"scale": [
					{}
				]
			},
			"arm_1": {
				"rotate": [
					{ "value": -27.28 }
				],
				"translate": [
					{ "x": 2.02, "y": 0.08 }
				],
				"scale": [
					{}
				]
			},
			"shouder_2": {
				"rotate": [
					{ "value": 52.75 }
				],
				"translate": [
					{ "x": -4.69, "y": -1.29 }
				],
				"scale": [
					{}
				]
			},
			"arm_2": {
				"rotate": [
					{ "value": -15.89 }
				],
				"translate": [
					{}
				],
				"scale": [
					{}
				]
			},
			"thigh_1": {
				"rotate": [
					{ "value": 24.72 }
				],
				"translate": [
					{}
				],
				"scale": [
					{ "x": 1.019 }
				]
			},
			"leg_1": {
				"rotate": [
					{}
				],
				"translate": [
					{}
				]
			},
			"thigh_2": {
				"rotate": [
					{ "value": 39.21 }
				],
				"translate": [
					{}
				],
				"scale": [
					{}
				]
			},
			"leg_2": {
				"rotate": [
					{ "value": 18.14 }
				],
				"translate": [
					{}
				]
			},
			"foot_2": {
				"rotate": [
					{}
				],
				"translate": [
					{ "x": -109.73, "y": 2.32 }
				]
			},
			"foot_3": {
				"rotate": [
					{}
				],
				"translate": [
					{ "x": 86.84, "y": 1.33 }
				]
			},
			"feeling_5": {
				"rotate": [
					{}
				],
				"translate": [
					{}
				]
			},
			"feeling_1": {
				"rotate": [
					{ "value": 4.99 }
				],
				"translate": [
					{ "x": -91.42, "y": -111.38 }
				],
				"scale": [
					{ "x": -1.031, "y": 1.032 }
				]
			},
			"move": {
				"translate": [
					{ "x": 119.99, "y": -0.41 }
				],
				"scale": [
					{}
				]
			},
			"item_1": {
				"scale": [
					{}
				]
			}
		},
		"ik": {
			"foot_1": [
				{ "stretch": true }
			],
			"foot_2": [
				{ "stretch": true }
			]
		},
		"drawOrder": [
			{
				"offsets": [
					{ "slot": "item", "offset": 17 },
					{ "slot": "shoulder2", "offset": 12 },
					{ "slot": "Emoji", "offset": 1 },
					{ "slot": "feeling_3", "offset": 1 }
				]
			}
		]
	},
	"t_287_1_lose": {
		"slots": {
			"body": {
				"rgba": [
					{ "color": "000000ff", "curve": "stepped" },
					{ "time": 0.3333, "color": "000000ff" }
				]
			},
			"Emoji": {
				"attachment": [
					{ "name": "Emoji/emo_30" },
					{ "time": 0.3333, "name": "Emoji/emo_30" }
				]
			},
			"feeling_1": {
				"attachment": [
					{ "name": "bang_mat_2" },
					{ "time": 0.3333, "name": "bang_mat_2" }
				]
			},
			"feeling_2": {
				"attachment": [
					{ "name": "mo_hoi" },
					{ "time": 0.3333, "name": "mo_hoi" }
				]
			},
			"feeling_3": {
				"rgba": [
					{ "color": "ffffffff", "curve": "stepped" },
					{ "time": 0.3333, "color": "ffffffff" }
				],
				"attachment": [
					{ "name": "giat_minh" },
					{ "time": 0.1667 },
					{ "time": 0.3333, "name": "giat_minh" }
				]
			},
			"feeling_4": {
				"attachment": [
					{ "name": "cham_than" },
					{ "time": 0.3333, "name": "cham_than" }
				]
			},
			"feeling_5": {
				"rgba": [
					{ "color": "ffffffff", "curve": "stepped" },
					{ "time": 0.3333, "color": "ffffffff" }
				],
				"attachment": [
					{ "name": "scare" },
					{ "time": 0.3333, "name": "scare" }
				]
			},
			"head": {
				"rgba": [
					{ "color": "ffffffff", "curve": "stepped" },
					{ "time": 0.3333, "color": "ffffffff" }
				],
				"attachment": [
					{ "name": "head" },
					{ "time": 0.3333, "name": "head" }
				]
			},
			"shoulder1": {
				"rgba": [
					{ "color": "000000ff", "curve": "stepped" },
					{ "time": 0.3333, "color": "000000ff" }
				],
				"attachment": [
					{ "name": "shoulder" },
					{ "time": 0.3333, "name": "shoulder" }
				]
			},
			"shoulder2": {
				"rgba": [
					{ "color": "000000ff", "curve": "stepped" },
					{ "time": 0.3333, "color": "000000ff" }
				],
				"attachment": [
					{ "name": "shoulder" },
					{ "time": 0.3333, "name": "shoulder" }
				]
			},
			"shoulder3": {
				"rgba": [
					{ "color": "000000ff", "curve": "stepped" },
					{ "time": 0.3333, "color": "000000ff" }
				],
				"attachment": [
					{ "name": "shoulder" },
					{ "time": 0.3333, "name": "shoulder" }
				]
			},
			"shoulder4": {
				"rgba": [
					{ "color": "000000ff", "curve": "stepped" },
					{ "time": 0.3333, "color": "000000ff" }
				],
				"attachment": [
					{ "name": "shoulder" },
					{ "time": 0.3333, "name": "shoulder" }
				]
			},
			"thigh": {
				"rgba": [
					{ "color": "000000ff", "curve": "stepped" },
					{ "time": 0.3333, "color": "000000ff" }
				]
			},
			"thigh2": {
				"rgba": [
					{ "color": "000000ff", "curve": "stepped" },
					{ "time": 0.3333, "color": "000000ff" }
				]
			},
			"thigh3": {
				"rgba": [
					{ "color": "000000ff", "curve": "stepped" },
					{ "time": 0.3333, "color": "000000ff" }
				]
			},
			"thigh4": {
				"rgba": [
					{ "color": "000000ff", "curve": "stepped" },
					{ "time": 0.3333, "color": "000000ff" }
				]
			}
		},
		"bones": {
			"head": {
				"rotate": [
					{ "value": -14.73, "curve": "stepped" },
					{ "time": 0.3333, "value": -14.73 }
				],
				"translate": [
					{ "x": -24.22, "y": 2.55, "curve": "stepped" },
					{ "time": 0.3333, "x": -24.22, "y": 2.55 }
				],
				"scale": [
					{ "curve": "stepped" },
					{ "time": 0.3333 }
				]
			},
			"root": {
				"rotate": [
					{}
				],
				"translate": [
					{}
				]
			},
			"main": {
				"rotate": [
					{ "value": 2.7, "curve": "stepped" },
					{ "time": 0.3333, "value": 2.7 }
				],
				"translate": [
					{ "x": -37.48, "y": -66.83, "curve": "stepped" },
					{ "time": 0.3333, "x": -37.48, "y": -66.83 }
				]
			},
			"hip": {
				"rotate": [
					{ "curve": "stepped" },
					{ "time": 0.3333 }
				],
				"translate": [
					{ "curve": "stepped" },
					{ "time": 0.3333 }
				]
			},
			"body": {
				"rotate": [
					{ "value": 0.64, "curve": "stepped" },
					{ "time": 0.3333, "value": 0.64 }
				],
				"translate": [
					{ "curve": "stepped" },
					{ "time": 0.3333 }
				],
				"scale": [
					{ "curve": "stepped" },
					{ "time": 0.3333 }
				]
			},
			"body2": {
				"rotate": [
					{ "value": 0.64, "curve": "stepped" },
					{ "time": 0.3333, "value": 0.64 }
				],
				"translate": [
					{ "curve": "stepped" },
					{ "time": 0.3333 }
				],
				"scale": [
					{ "curve": "stepped" },
					{ "time": 0.3333 }
				]
			},
			"body3": {
				"rotate": [
					{ "value": 0.64, "curve": "stepped" },
					{ "time": 0.3333, "value": 0.64 }
				],
				"translate": [
					{ "curve": "stepped" },
					{ "time": 0.3333 }
				],
				"scale": [
					{ "curve": "stepped" },
					{ "time": 0.3333 }
				]
			},
			"body4": {
				"rotate": [
					{ "value": 0.64, "curve": "stepped" },
					{ "time": 0.3333, "value": 0.64 }
				],
				"translate": [
					{ "curve": "stepped" },
					{ "time": 0.3333 }
				],
				"scale": [
					{ "curve": "stepped" },
					{ "time": 0.3333 }
				]
			},
			"body5": {
				"rotate": [
					{ "value": 0.64, "curve": "stepped" },
					{ "time": 0.3333, "value": 0.64 }
				],
				"translate": [
					{ "curve": "stepped" },
					{ "time": 0.3333 }
				],
				"scale": [
					{ "curve": "stepped" },
					{ "time": 0.3333 }
				]
			},
			"body6": {
				"rotate": [
					{ "value": 0.64, "curve": "stepped" },
					{ "time": 0.3333, "value": 0.64 }
				],
				"translate": [
					{ "curve": "stepped" },
					{ "time": 0.3333 }
				],
				"scale": [
					{ "curve": "stepped" },
					{ "time": 0.3333 }
				]
			},
			"body7": {
				"rotate": [
					{ "value": 0.64, "curve": "stepped" },
					{ "time": 0.3333, "value": 0.64 }
				],
				"translate": [
					{ "curve": "stepped" },
					{ "time": 0.3333 }
				],
				"scale": [
					{ "curve": "stepped" },
					{ "time": 0.3333 }
				]
			},
			"body8": {
				"rotate": [
					{ "value": 0.64, "curve": "stepped" },
					{ "time": 0.3333, "value": 0.64 }
				],
				"translate": [
					{ "curve": "stepped" },
					{ "time": 0.3333 }
				],
				"scale": [
					{ "curve": "stepped" },
					{ "time": 0.3333 }
				]
			},
			"feeling_3": {
				"rotate": [
					{ "value": -140.83, "curve": "stepped" },
					{ "time": 0.3333, "value": -140.83 }
				],
				"translate": [
					{ "x": 21.93, "y": -151.47, "curve": "stepped" },
					{ "time": 0.3333, "x": 21.93, "y": -151.47 }
				],
				"scale": [
					{ "x": 1.027, "y": -1.027, "curve": "stepped" },
					{ "time": 0.3333, "x": 1.027, "y": -1.027 }
				]
			},
			"emoji": {
				"rotate": [
					{ "value": 2.1, "curve": "stepped" },
					{ "time": 0.3333, "value": 2.1 }
				],
				"translate": [
					{ "x": 6.83, "y": -19.24, "curve": "stepped" },
					{ "time": 0.3333, "x": 6.83, "y": -19.24 }
				],
				"scale": [
					{ "x": 0.972, "y": 0.972, "curve": "stepped" },
					{ "time": 0.3333, "x": 0.972, "y": 0.972 }
				]
			},
			"shouder_1": {
				"rotate": [
					{ "value": -124.93, "curve": "stepped" },
					{ "time": 0.3333, "value": -124.93 }
				],
				"translate": [
					{ "x": 20.92, "y": 1.5, "curve": "stepped" },
					{ "time": 0.3333, "x": 20.92, "y": 1.5 }
				],
				"scale": [
					{ "curve": "stepped" },
					{ "time": 0.3333 }
				]
			},
			"arm_1": {
				"rotate": [
					{ "value": 12.02, "curve": "stepped" },
					{ "time": 0.3333, "value": 12.02 }
				],
				"translate": [
					{ "x": 2.02, "y": 0.08, "curve": "stepped" },
					{ "time": 0.3333, "x": 2.02, "y": 0.08 }
				],
				"scale": [
					{ "curve": "stepped" },
					{ "time": 0.3333 }
				]
			},
			"shouder_2": {
				"rotate": [
					{ "value": 127.17, "curve": "stepped" },
					{ "time": 0.3333, "value": 127.17 }
				],
				"translate": [
					{ "x": 20.16, "y": 0.11, "curve": "stepped" },
					{ "time": 0.3333, "x": 20.16, "y": 0.11 }
				],
				"scale": [
					{ "x": 1.119, "curve": "stepped" },
					{ "time": 0.3333, "x": 1.119 }
				]
			},
			"arm_2": {
				"rotate": [
					{ "value": -91.78, "curve": "stepped" },
					{ "time": 0.3333, "value": -91.78 }
				],
				"scale": [
					{ "curve": "stepped" },
					{ "time": 0.3333 }
				]
			},
			"thigh_1": {
				"rotate": [
					{ "value": 24.72, "curve": "stepped" },
					{ "time": 0.3333, "value": 24.72 }
				],
				"translate": [
					{ "curve": "stepped" },
					{ "time": 0.3333 }
				],
				"scale": [
					{ "curve": "stepped" },
					{ "time": 0.3333 }
				]
			},
			"leg_1": {
				"rotate": [
					{ "curve": "stepped" },
					{ "time": 0.3333 }
				],
				"translate": [
					{ "curve": "stepped" },
					{ "time": 0.3333 }
				],
				"scale": [
					{ "curve": "stepped" },
					{ "time": 0.3333 }
				]
			},
			"thigh_2": {
				"rotate": [
					{ "value": 39.21, "curve": "stepped" },
					{ "time": 0.3333, "value": 39.21 }
				],
				"translate": [
					{ "curve": "stepped" },
					{ "time": 0.3333 }
				],
				"scale": [
					{ "curve": "stepped" },
					{ "time": 0.3333 }
				]
			},
			"leg_2": {
				"rotate": [
					{ "value": 18.14, "curve": "stepped" },
					{ "time": 0.3333, "value": 18.14 }
				],
				"translate": [
					{ "curve": "stepped" },
					{ "time": 0.3333 }
				],
				"scale": [
					{ "curve": "stepped" },
					{ "time": 0.3333 }
				]
			},
			"foot_2": {
				"rotate": [
					{ "curve": "stepped" },
					{ "time": 0.3333 }
				],
				"translate": [
					{ "x": 117.31, "y": 0.77, "curve": "stepped" },
					{ "time": 0.3333, "x": 117.31, "y": 0.77 }
				]
			},
			"foot_3": {
				"rotate": [
					{ "value": 12.32, "curve": "stepped" },
					{ "time": 0.3333, "value": 12.32 }
				],
				"translate": [
					{ "x": -75.99, "y": 0.65, "curve": "stepped" },
					{ "time": 0.3333, "x": -75.99, "y": 0.65 }
				]
			},
			"feeling_5": {
				"rotate": [
					{ "value": -78.69, "curve": "stepped" },
					{ "time": 0.3333, "value": -78.69 }
				],
				"translate": [
					{ "x": 17.54, "y": 137.08, "curve": "stepped" },
					{ "time": 0.3333, "x": 17.54, "y": 137.08 }
				],
				"scale": [
					{ "x": 0.848, "y": 0.848, "curve": "stepped" },
					{ "time": 0.3333, "x": 0.848, "y": 0.848 }
				],
				"shear": [
					{ "curve": "stepped" },
					{ "time": 0.3333 }
				]
			},
			"feeling_1": {
				"rotate": [
					{ "value": 14.2, "curve": "stepped" },
					{ "time": 0.3333, "value": 14.2 }
				],
				"translate": [
					{ "x": -56.33, "y": -98.04, "curve": "stepped" },
					{ "time": 0.3333, "x": -56.33, "y": -98.04 }
				],
				"scale": [
					{ "x": 1.198, "y": 1.198, "curve": "stepped" },
					{ "time": 0.3333, "x": 1.198, "y": 1.198 }
				]
			},
			"move": {
				"translate": [
					{ "x": 119.99, "curve": "stepped" },
					{ "time": 0.3333, "x": 119.99 }
				],
				"scale": [
					{ "x": -1, "curve": "stepped" },
					{ "time": 0.3333, "x": -1 }
				]
			},
			"feeling_2": {
				"rotate": [
					{ "value": -25.02, "curve": "stepped" },
					{ "time": 0.3333, "value": -25.02 }
				],
				"translate": [
					{ "x": -79.75, "y": -120.84, "curve": "stepped" },
					{ "time": 0.3333, "x": -79.75, "y": -120.84 }
				],
				"scale": [
					{ "x": 0.833, "y": 0.833, "curve": "stepped" },
					{ "time": 0.3333, "x": 0.833, "y": 0.833 }
				]
			},
			"feeling_4": {
				"rotate": [
					{ "value": -176.62, "curve": "stepped" },
					{ "time": 0.3333, "value": -176.62 }
				],
				"translate": [
					{ "x": 84.06, "y": 149.62, "curve": "stepped" },
					{ "time": 0.3333, "x": 84.06, "y": 149.62 }
				]
			}
		},
		"ik": {
			"foot_1": [
				{
					"bendPositive": false,
					"stretch": true,
					"curve": [ 0.083, 1, 0.25, 1, 0.083, 0, 0.25, 0 ]
				},
				{ "time": 0.3333, "bendPositive": false, "stretch": true }
			],
			"foot_2": [
				{
					"stretch": true,
					"curve": [ 0.083, 1, 0.25, 1, 0.083, 0, 0.25, 0 ]
				},
				{ "time": 0.3333, "stretch": true }
			]
		},
		"drawOrder": [
			{
				"offsets": [
					{ "slot": "shoulder4", "offset": -3 },
					{ "slot": "feeling_3", "offset": 2 },
					{ "slot": "feeling_4", "offset": 2 },
					{ "slot": "feeling_1", "offset": -4 }
				]
			},
			{
				"time": 0.3333,
				"offsets": [
					{ "slot": "shoulder4", "offset": -3 },
					{ "slot": "feeling_3", "offset": 2 },
					{ "slot": "feeling_4", "offset": 2 },
					{ "slot": "feeling_1", "offset": -4 }
				]
			}
		]
	},
	"t_287_1_win": {
		"slots": {
			"body": {
				"rgba": [
					{ "color": "000000ff" }
				]
			},
			"Emoji": {
				"attachment": [
					{ "name": "Emoji/emo_92" }
				]
			},
			"feeling_1": {
				"attachment": [
					{ "name": "bang_mat_2" }
				]
			},
			"feeling_2": {
				"attachment": [
					{}
				]
			},
			"feeling_3": {
				"rgba": [
					{ "color": "ffffffff" }
				],
				"attachment": [
					{}
				]
			},
			"feeling_5": {
				"rgba": [
					{ "color": "ffffffff" }
				],
				"attachment": [
					{}
				]
			},
			"hair": {
				"attachment": [
					{}
				]
			},
			"head": {
				"rgba": [
					{ "color": "ffffffff" }
				],
				"attachment": [
					{ "name": "head" }
				]
			},
			"item": {
				"attachment": [
					{}
				]
			},
			"shoulder1": {
				"rgba": [
					{ "color": "000000ff" }
				],
				"attachment": [
					{ "name": "shoulder" }
				]
			},
			"shoulder2": {
				"rgba": [
					{ "color": "000000ff" }
				],
				"attachment": [
					{ "name": "shoulder" }
				]
			},
			"shoulder3": {
				"rgba": [
					{ "color": "000000ff" }
				],
				"attachment": [
					{ "name": "shoulder" }
				]
			},
			"shoulder4": {
				"rgba": [
					{ "color": "000000ff" }
				],
				"attachment": [
					{ "name": "shoulder" }
				]
			},
			"thigh": {
				"rgba": [
					{ "color": "000000ff" }
				]
			},
			"thigh2": {
				"rgba": [
					{ "color": "000000ff" }
				]
			},
			"thigh3": {
				"rgba": [
					{ "color": "000000ff" }
				]
			},
			"thigh4": {
				"rgba": [
					{ "color": "000000ff" }
				]
			}
		},
		"bones": {
			"head": {
				"rotate": [
					{ "value": -15.89 }
				],
				"translate": [
					{ "x": -17.6, "y": 14.62 }
				],
				"scale": [
					{}
				]
			},
			"root": {
				"rotate": [
					{}
				],
				"translate": [
					{}
				]
			},
			"main": {
				"rotate": [
					{ "value": 12.11 }
				],
				"translate": [
					{ "x": -24.28, "y": -87.14 }
				]
			},
			"hip": {
				"rotate": [
					{}
				],
				"translate": [
					{}
				]
			},
			"body": {
				"rotate": [
					{ "value": -0.19 }
				],
				"translate": [
					{}
				]
			},
			"body2": {
				"rotate": [
					{ "value": -0.19 }
				],
				"translate": [
					{}
				]
			},
			"body3": {
				"rotate": [
					{ "value": -0.19 }
				],
				"translate": [
					{}
				]
			},
			"body4": {
				"rotate": [
					{ "value": -1.1 }
				],
				"translate": [
					{}
				]
			},
			"body5": {
				"rotate": [
					{ "value": -3.16 }
				],
				"translate": [
					{}
				]
			},
			"body6": {
				"rotate": [
					{ "value": 0.39 }
				],
				"translate": [
					{}
				]
			},
			"body7": {
				"rotate": [
					{ "value": -0.19 }
				],
				"translate": [
					{}
				]
			},
			"body8": {
				"rotate": [
					{ "value": -0.19 }
				],
				"translate": [
					{}
				]
			},
			"feeling_3": {
				"rotate": [
					{ "value": 28.89 }
				],
				"translate": [
					{ "x": 108.57, "y": 49.69 }
				],
				"scale": [
					{ "x": 1.788, "y": 1.788 }
				]
			},
			"emoji": {
				"rotate": [
					{ "value": 11.81 }
				],
				"translate": [
					{ "x": 3.32, "y": -16.84 }
				],
				"scale": [
					{ "x": 1.091, "y": 1.091 }
				]
			},
			"shouder_1": {
				"rotate": [
					{ "value": -140.69 }
				],
				"translate": [
					{ "x": 25.94, "y": 3.72 }
				],
				"scale": [
					{}
				],
				"shear": [
					{}
				]
			},
			"arm_1": {
				"rotate": [
					{ "value": -14.72 }
				],
				"translate": [
					{ "x": 2.02, "y": 0.08 }
				],
				"scale": [
					{}
				]
			},
			"shouder_2": {
				"rotate": [
					{ "value": 50.11 }
				],
				"translate": [
					{ "x": 22.28, "y": -6.34 }
				],
				"scale": [
					{}
				]
			},
			"arm_2": {
				"rotate": [
					{ "value": -39.61 }
				],
				"translate": [
					{}
				],
				"scale": [
					{}
				]
			},
			"thigh_1": {
				"rotate": [
					{ "value": -44.84 }
				],
				"translate": [
					{}
				]
			},
			"leg_1": {
				"rotate": [
					{ "value": 45.63 }
				],
				"translate": [
					{}
				]
			},
			"thigh_2": {
				"rotate": [
					{ "value": -37.54 }
				],
				"translate": [
					{}
				],
				"scale": [
					{}
				]
			},
			"leg_2": {
				"rotate": [
					{ "value": 38.6 }
				],
				"translate": [
					{}
				]
			},
			"foot_2": {
				"rotate": [
					{ "value": -1.35 }
				],
				"translate": [
					{ "x": -168.08, "y": 4.32 }
				]
			},
			"foot_3": {
				"rotate": [
					{}
				],
				"translate": [
					{ "x": 135.86, "y": -0.17 }
				]
			},
			"feeling_5": {
				"rotate": [
					{ "value": -102.32 }
				],
				"translate": [
					{ "x": -24.25, "y": 82.16 }
				],
				"scale": [
					{ "x": 0.398, "y": 0.398 }
				]
			},
			"move": {
				"translate": [
					{ "x": 119.99, "y": -0.27 }
				],
				"scale": [
					{ "x": -1 }
				]
			},
			"feeling_1": {
				"rotate": [
					{ "value": 12.71 }
				],
				"translate": [
					{ "x": -55.06, "y": -94.69 }
				],
				"scale": [
					{ "x": 1.031, "y": 1.032 }
				]
			},
			"feeling_2": {
				"rotate": [
					{ "value": 6.19 }
				],
				"translate": [
					{ "x": -132.65, "y": -1.9 }
				],
				"scale": [
					{ "x": 1.96, "y": 1.96 }
				]
			},
			"item_1": {
				"rotate": [
					{ "value": -15.73 }
				],
				"translate": [
					{ "x": -26.86, "y": 98.45 }
				],
				"scale": [
					{ "x": 0.696, "y": 0.696 }
				]
			},
			"hair_1": {
				"rotate": [
					{ "value": -21.28 }
				],
				"translate": [
					{ "x": 166.73, "y": 561.26 }
				],
				"scale": [
					{ "x": 1.12, "y": 1.12 }
				]
			}
		},
		"ik": {
			"foot_1": [
				{ "stretch": true }
			],
			"foot_2": [
				{ "stretch": true }
			]
		},
		"drawOrder": [
			{
				"offsets": [
					{ "slot": "item", "offset": 17 },
					{ "slot": "shoulder2", "offset": 12 },
					{ "slot": "Emoji", "offset": 1 },
					{ "slot": "feeling_3", "offset": 1 }
				]
			}
		]
	},
	"t_287_2_be": {
		"slots": {
			"body": {
				"rgba": [
					{ "color": "000000ff", "curve": "stepped" },
					{ "time": 2.5, "color": "000000ff" }
				]
			},
			"Emoji": {
				"attachment": [
					{ "name": "Emoji/new/emo_32" },
					{ "time": 2.5, "name": "Emoji/new/emo_32" }
				]
			},
			"feeling_1": {
				"rgba": [
					{ "color": "ffef36ff", "curve": "stepped" },
					{ "time": 2.5, "color": "ffef36ff" }
				],
				"attachment": [
					{ "name": "z_1" },
					{ "time": 2.5, "name": "z_1" }
				]
			},
			"feeling_2": {
				"attachment": [
					{ "name": "kho" },
					{ "time": 2.5, "name": "kho" }
				]
			},
			"feeling_3": {
				"attachment": [
					{},
					{ "time": 2.5 }
				]
			},
			"feeling_5": {
				"attachment": [
					{},
					{ "time": 2.5 }
				]
			},
			"hair": {
				"attachment": [
					{ "name": "hair/man/mu_8" },
					{ "time": 2.5, "name": "hair/man/mu_8" }
				]
			},
			"head": {
				"rgba": [
					{ "color": "ffffffff", "curve": "stepped" },
					{ "time": 2.5, "color": "ffffffff" }
				],
				"attachment": [
					{ "name": "head" },
					{ "time": 2.5, "name": "head" }
				]
			},
			"shoulder1": {
				"rgba": [
					{ "color": "000000ff", "curve": "stepped" },
					{ "time": 2.5, "color": "000000ff" }
				],
				"attachment": [
					{ "name": "shoulder" },
					{ "time": 2.5, "name": "shoulder" }
				]
			},
			"shoulder2": {
				"rgba": [
					{ "color": "000000ff", "curve": "stepped" },
					{ "time": 2.5, "color": "000000ff" }
				],
				"attachment": [
					{ "name": "shoulder" },
					{ "time": 2.5, "name": "shoulder" }
				]
			},
			"shoulder3": {
				"rgba": [
					{ "color": "000000ff", "curve": "stepped" },
					{ "time": 2.5, "color": "000000ff" }
				],
				"attachment": [
					{ "name": "shoulder" },
					{ "time": 2.5, "name": "shoulder" }
				]
			},
			"shoulder4": {
				"rgba": [
					{ "color": "000000ff", "curve": "stepped" },
					{ "time": 2.5, "color": "000000ff" }
				],
				"attachment": [
					{ "name": "shoulder" },
					{ "time": 2.5, "name": "shoulder" }
				]
			},
			"thigh": {
				"rgba": [
					{ "color": "000000ff", "curve": "stepped" },
					{ "time": 2.5, "color": "000000ff" }
				]
			},
			"thigh2": {
				"rgba": [
					{ "color": "000000ff", "curve": "stepped" },
					{ "time": 2.5, "color": "000000ff" }
				]
			},
			"thigh3": {
				"rgba": [
					{ "color": "000000ff", "curve": "stepped" },
					{ "time": 2.5, "color": "000000ff" }
				]
			},
			"thigh4": {
				"rgba": [
					{ "color": "000000ff", "curve": "stepped" },
					{ "time": 2.5, "color": "000000ff" }
				]
			}
		},
		"bones": {
			"head": {
				"rotate": [
					{ "value": 4.01, "curve": "stepped" },
					{ "time": 2.5, "value": 4.01 }
				],
				"translate": [
					{ "x": -55.27, "y": -0.49, "curve": "stepped" },
					{ "time": 2.5, "x": -55.27, "y": -0.49 }
				],
				"scale": [
					{ "curve": "stepped" },
					{ "time": 2.5 }
				]
			},
			"root": {
				"rotate": [
					{}
				],
				"translate": [
					{}
				]
			},
			"main": {
				"rotate": [
					{ "value": -4.18, "curve": "stepped" },
					{ "time": 2.5, "value": -4.18 }
				],
				"translate": [
					{ "x": 19.13, "y": -14.08, "curve": "stepped" },
					{ "time": 2.5, "x": 19.13, "y": -14.08 }
				]
			},
			"hip": {
				"rotate": [
					{ "curve": "stepped" },
					{ "time": 2.5 }
				],
				"translate": [
					{ "curve": "stepped" },
					{ "time": 2.5 }
				]
			},
			"body": {
				"rotate": [
					{ "value": 6.04, "curve": "stepped" },
					{ "time": 2.5, "value": 6.04 }
				],
				"translate": [
					{ "curve": "stepped" },
					{ "time": 2.5 }
				]
			},
			"body2": {
				"rotate": [
					{ "value": -0.51, "curve": "stepped" },
					{ "time": 2.5, "value": -0.51 }
				],
				"translate": [
					{ "curve": "stepped" },
					{ "time": 2.5 }
				]
			},
			"body3": {
				"rotate": [
					{ "value": -0.51, "curve": "stepped" },
					{ "time": 2.5, "value": -0.51 }
				],
				"translate": [
					{ "curve": "stepped" },
					{ "time": 2.5 }
				]
			},
			"body4": {
				"rotate": [
					{ "value": -1.42, "curve": "stepped" },
					{ "time": 2.5, "value": -1.42 }
				],
				"translate": [
					{ "curve": "stepped" },
					{ "time": 2.5 }
				]
			},
			"body5": {
				"rotate": [
					{ "value": -1.96, "curve": "stepped" },
					{ "time": 2.5, "value": -1.96 }
				],
				"translate": [
					{ "curve": "stepped" },
					{ "time": 2.5 }
				]
			},
			"body6": {
				"rotate": [
					{ "value": 0.07, "curve": "stepped" },
					{ "time": 2.5, "value": 0.07 }
				],
				"translate": [
					{ "curve": "stepped" },
					{ "time": 2.5 }
				]
			},
			"body7": {
				"rotate": [
					{ "value": -0.51, "curve": "stepped" },
					{ "time": 2.5, "value": -0.51 }
				],
				"translate": [
					{ "curve": "stepped" },
					{ "time": 2.5 }
				]
			},
			"body8": {
				"rotate": [
					{ "value": -0.51, "curve": "stepped" },
					{ "time": 2.5, "value": -0.51 }
				],
				"translate": [
					{ "curve": "stepped" },
					{ "time": 2.5 }
				]
			},
			"feeling_3": {
				"rotate": [
					{ "curve": "stepped" },
					{ "time": 2.5 }
				],
				"translate": [
					{ "curve": "stepped" },
					{ "time": 2.5 }
				]
			},
			"emoji": {
				"rotate": [
					{ "value": -1.96, "curve": "stepped" },
					{ "time": 2.5, "value": -1.96 }
				],
				"translate": [
					{ "x": -10.64, "y": -3.54, "curve": "stepped" },
					{ "time": 2.5, "x": -10.64, "y": -3.54 }
				],
				"scale": [
					{ "x": 1.183, "y": 1.183, "curve": "stepped" },
					{ "time": 2.5, "x": 1.183, "y": 1.183 }
				]
			},
			"shouder_1": {
				"rotate": [
					{ "value": -107.67, "curve": "stepped" },
					{ "time": 2.5, "value": -107.67 }
				],
				"translate": [
					{ "x": 25.96, "y": 1.4, "curve": "stepped" },
					{ "time": 2.5, "x": 25.96, "y": 1.4 }
				],
				"scale": [
					{ "curve": "stepped" },
					{ "time": 2.5 }
				],
				"shear": [
					{ "y": 1, "curve": "stepped" },
					{ "time": 2.5, "y": 1 }
				]
			},
			"arm_1": {
				"rotate": [
					{ "value": 25.7, "curve": "stepped" },
					{ "time": 2.5, "value": 25.7 }
				],
				"translate": [
					{ "x": 2.6, "y": 0.99, "curve": "stepped" },
					{ "time": 2.5, "x": 2.6, "y": 0.99 }
				],
				"scale": [
					{ "curve": "stepped" },
					{ "time": 2.5 }
				]
			},
			"shouder_2": {
				"rotate": [
					{ "value": -134.37, "curve": "stepped" },
					{ "time": 2.5, "value": -134.37 }
				],
				"translate": [
					{ "x": 27.85, "y": 0.58, "curve": "stepped" },
					{ "time": 2.5, "x": 27.85, "y": 0.58 }
				],
				"scale": [
					{ "curve": "stepped" },
					{ "time": 2.5 }
				]
			},
			"arm_2": {
				"rotate": [
					{ "value": 32.54, "curve": "stepped" },
					{ "time": 2.5, "value": 32.54 }
				],
				"translate": [
					{ "x": 2.03, "curve": "stepped" },
					{ "time": 2.5, "x": 2.03 }
				],
				"scale": [
					{ "curve": "stepped" },
					{ "time": 2.5 }
				]
			},
			"thigh_1": {
				"rotate": [
					{ "value": -6.18, "curve": "stepped" },
					{ "time": 2.5, "value": -6.18 }
				],
				"translate": [
					{ "curve": "stepped" },
					{ "time": 2.5 }
				],
				"scale": [
					{ "curve": "stepped" },
					{ "time": 2.5 }
				]
			},
			"leg_1": {
				"rotate": [
					{ "value": 5.22, "curve": "stepped" },
					{ "time": 2.5, "value": 5.22 }
				],
				"translate": [
					{ "curve": "stepped" },
					{ "time": 2.5 }
				],
				"scale": [
					{ "curve": "stepped" },
					{ "time": 2.5 }
				]
			},
			"thigh_2": {
				"rotate": [
					{ "value": 2.51, "curve": "stepped" },
					{ "time": 2.5, "value": 2.51 }
				],
				"translate": [
					{ "curve": "stepped" },
					{ "time": 2.5 }
				],
				"scale": [
					{ "curve": "stepped" },
					{ "time": 2.5 }
				]
			},
			"leg_2": {
				"rotate": [
					{ "value": 3.66, "curve": "stepped" },
					{ "time": 2.5, "value": 3.66 }
				],
				"translate": [
					{ "curve": "stepped" },
					{ "time": 2.5 }
				],
				"scale": [
					{ "curve": "stepped" },
					{ "time": 2.5 }
				]
			},
			"foot_2": {
				"rotate": [
					{ "value": -16.44, "curve": "stepped" },
					{ "time": 2.5, "value": -16.44 }
				],
				"translate": [
					{ "x": 56.48, "y": -1.19, "curve": "stepped" },
					{ "time": 2.5, "x": 56.48, "y": -1.19 }
				]
			},
			"foot_3": {
				"rotate": [
					{ "curve": "stepped" },
					{ "time": 2.5 }
				],
				"translate": [
					{ "x": -26.84, "y": -0.6, "curve": "stepped" },
					{ "time": 2.5, "x": -26.84, "y": -0.6 }
				]
			},
			"feeling_5": {
				"rotate": [
					{ "curve": "stepped" },
					{ "time": 2.5 }
				],
				"translate": [
					{ "curve": "stepped" },
					{ "time": 2.5 }
				]
			},
			"feeling_1": {
				"rotate": [
					{ "value": 21.56, "curve": "stepped" },
					{ "time": 2.5, "value": 21.56 }
				],
				"translate": [
					{ "x": -52.67, "y": -19.38, "curve": "stepped" },
					{ "time": 2.5, "x": -52.67, "y": -19.38 }
				],
				"scale": [
					{ "x": 1.004, "y": 1.004, "curve": "stepped" },
					{ "time": 2.5, "x": 1.004, "y": 1.004 }
				],
				"shear": [
					{ "curve": "stepped" },
					{ "time": 2.5 }
				]
			},
			"feeling_2": {
				"rotate": [
					{
						"value": 1.77,
						"curve": [ 0.051, 1.06, 0.096, 0.65 ]
					},
					{
						"time": 0.1333,
						"value": 0.65,
						"curve": [ 0.3, 0.65, 0.633, 20.88 ]
					},
					{
						"time": 0.8,
						"value": 20.88,
						"curve": [ 0.842, 20.88, 0.925, 15.95 ]
					},
					{
						"time": 0.9667,
						"value": 15.95,
						"curve": [ 1, 15.95, 1.067, 20.22 ]
					},
					{
						"time": 1.1,
						"value": 20.22,
						"curve": [ 1.133, 20.22, 1.2, 15.84 ]
					},
					{
						"time": 1.2333,
						"value": 15.84,
						"curve": [ 1.267, 15.84, 1.333, 20.8 ]
					},
					{ "time": 1.3667, "value": 20.8, "curve": "stepped" },
					{
						"time": 1.5,
						"value": 20.8,
						"curve": [ 1.592, 18.92, 2.164, 5.36 ]
					},
					{ "time": 2.5, "value": 1.77 }
				],
				"translate": [
					{ "x": -82.54, "y": -182.58, "curve": "stepped" },
					{ "time": 2.5, "x": -82.54, "y": -182.58 }
				],
				"scale": [
					{
						"x": 0.835,
						"y": 0.835,
						"curve": [ 0.167, 0.835, 0.5, 1.545, 0.167, 0.835, 0.5, 1.545 ]
					},
					{ "time": 0.6667, "x": 1.545, "y": 1.545, "curve": "stepped" },
					{ "time": 0.9667, "x": 1.545, "y": 1.545, "curve": "stepped" },
					{
						"time": 1.5,
						"x": 1.545,
						"y": 1.545,
						"curve": [ 1.593, 1.468, 2.25, 0.835, 1.593, 1.468, 2.25, 0.835 ]
					},
					{ "time": 2.5, "x": 0.835, "y": 0.835 }
				],
				"shear": [
					{ "curve": "stepped" },
					{ "time": 2.5 }
				]
			},
			"move": {
				"translate": [
					{ "x": 119.99, "curve": "stepped" },
					{ "time": 2.5, "x": 119.99 }
				],
				"scale": [
					{ "curve": "stepped" },
					{ "time": 2.5 }
				]
			},
			"hair_1": {
				"rotate": [
					{ "value": 5.36, "curve": "stepped" },
					{ "time": 2.5, "value": 5.36 }
				],
				"translate": [
					{ "x": 81.38, "y": 524.83, "curve": "stepped" },
					{ "time": 2.5, "x": 81.38, "y": 524.83 }
				],
				"scale": [
					{ "x": -1.058, "y": 1.058, "curve": "stepped" },
					{ "time": 2.5, "x": -1.058, "y": 1.058 }
				]
			}
		},
		"ik": {
			"foot_1": [
				{
					"bendPositive": false,
					"stretch": true,
					"curve": [ 0.625, 1, 1.875, 1, 0.625, 0, 1.875, 0 ]
				},
				{ "time": 2.5, "bendPositive": false, "stretch": true }
			],
			"foot_2": [
				{
					"stretch": true,
					"curve": [ 0.625, 1, 1.875, 1, 0.625, 0, 1.875, 0 ]
				},
				{ "time": 2.5, "stretch": true }
			]
		},
		"drawOrder": [
			{
				"offsets": [
					{ "slot": "shoulder4", "offset": 7 },
					{ "slot": "hair", "offset": 7 },
					{ "slot": "feeling_1", "offset": -15 }
				]
			},
			{
				"time": 2.5,
				"offsets": [
					{ "slot": "shoulder4", "offset": 7 },
					{ "slot": "hair", "offset": 7 },
					{ "slot": "feeling_1", "offset": -15 }
				]
			}
		]
	},
	"t_287_2_lose": {
		"slots": {
			"body": {
				"rgba": [
					{ "color": "000000ff" }
				]
			},
			"Emoji": {
				"attachment": [
					{ "name": "Emoji/emo_31" }
				]
			},
			"feeling_1": {
				"rgba": [
					{ "color": "ffef36ff" }
				],
				"attachment": [
					{ "name": "giat_minh" }
				]
			},
			"feeling_2": {
				"rgba": [
					{ "color": "4fffecff" }
				],
				"attachment": [
					{ "name": "water_mouth2" }
				]
			},
			"feeling_3": {
				"attachment": [
					{ "name": "Emoji/hoi_cham" }
				]
			},
			"feeling_5": {
				"attachment": [
					{ "name": "Emoji/hoi_cham" }
				]
			},
			"hair": {
				"attachment": [
					{ "name": "hair/man/mu_8" }
				]
			},
			"head": {
				"rgba": [
					{ "color": "ffffffff" }
				],
				"attachment": [
					{ "name": "head" }
				]
			},
			"shoulder1": {
				"rgba": [
					{ "color": "000000ff" }
				],
				"attachment": [
					{ "name": "shoulder" }
				]
			},
			"shoulder2": {
				"rgba": [
					{ "color": "000000ff" }
				],
				"attachment": [
					{ "name": "shoulder" }
				]
			},
			"shoulder3": {
				"rgba": [
					{ "color": "000000ff" }
				],
				"attachment": [
					{ "name": "shoulder" }
				]
			},
			"shoulder4": {
				"rgba": [
					{ "color": "000000ff" }
				],
				"attachment": [
					{ "name": "shoulder" }
				]
			},
			"thigh": {
				"rgba": [
					{ "color": "000000ff" }
				]
			},
			"thigh2": {
				"rgba": [
					{ "color": "000000ff" }
				]
			},
			"thigh3": {
				"rgba": [
					{ "color": "000000ff" }
				]
			},
			"thigh4": {
				"rgba": [
					{ "color": "000000ff" }
				]
			}
		},
		"bones": {
			"head": {
				"rotate": [
					{ "value": 4.01 }
				],
				"translate": [
					{ "x": -39.65, "y": -14.2 }
				],
				"scale": [
					{}
				]
			},
			"root": {
				"rotate": [
					{}
				],
				"translate": [
					{}
				]
			},
			"main": {
				"rotate": [
					{ "value": -4.18 }
				],
				"translate": [
					{ "x": 19.11, "y": -7.78 }
				]
			},
			"hip": {
				"rotate": [
					{}
				],
				"translate": [
					{}
				]
			},
			"body": {
				"rotate": [
					{ "value": 6.04 }
				],
				"translate": [
					{}
				]
			},
			"body2": {
				"rotate": [
					{ "value": -0.51 }
				],
				"translate": [
					{}
				]
			},
			"body3": {
				"rotate": [
					{ "value": -0.51 }
				],
				"translate": [
					{}
				]
			},
			"body4": {
				"rotate": [
					{ "value": -1.42 }
				],
				"translate": [
					{}
				]
			},
			"body5": {
				"rotate": [
					{ "value": -1.96 }
				],
				"translate": [
					{}
				]
			},
			"body6": {
				"rotate": [
					{ "value": 0.07 }
				],
				"translate": [
					{}
				]
			},
			"body7": {
				"rotate": [
					{ "value": -0.51 }
				],
				"translate": [
					{}
				]
			},
			"body8": {
				"rotate": [
					{ "value": -0.51 }
				],
				"translate": [
					{}
				]
			},
			"feeling_3": {
				"rotate": [
					{ "value": -87.57 }
				],
				"translate": [
					{ "x": 89.37, "y": -58.53 }
				],
				"scale": [
					{ "x": -0.835, "y": 0.835 }
				]
			},
			"emoji": {
				"rotate": [
					{ "value": -6.12 }
				],
				"translate": [
					{ "x": -5.77, "y": -15.38 }
				],
				"scale": [
					{ "x": 0.811, "y": 0.811 }
				]
			},
			"shouder_1": {
				"rotate": [
					{ "value": -113.13 }
				],
				"translate": [
					{ "x": 11.09, "y": 2.53 }
				],
				"scale": [
					{}
				],
				"shear": [
					{ "y": 1 }
				]
			},
			"arm_1": {
				"rotate": [
					{ "value": 15.11 }
				],
				"translate": [
					{ "x": 2.6, "y": 0.99 }
				],
				"scale": [
					{}
				]
			},
			"shouder_2": {
				"rotate": [
					{ "value": -134.37 }
				],
				"translate": [
					{ "x": 27.85, "y": 0.58 }
				],
				"scale": [
					{}
				]
			},
			"arm_2": {
				"rotate": [
					{ "value": 32.54 }
				],
				"translate": [
					{ "x": 2.03 }
				],
				"scale": [
					{}
				]
			},
			"thigh_1": {
				"rotate": [
					{ "value": -6.18 }
				],
				"translate": [
					{}
				],
				"scale": [
					{}
				]
			},
			"leg_1": {
				"rotate": [
					{ "value": 5.22 }
				],
				"translate": [
					{}
				],
				"scale": [
					{}
				]
			},
			"thigh_2": {
				"rotate": [
					{ "value": 2.51 }
				],
				"translate": [
					{}
				],
				"scale": [
					{}
				]
			},
			"leg_2": {
				"rotate": [
					{ "value": 3.66 }
				],
				"translate": [
					{}
				],
				"scale": [
					{}
				]
			},
			"foot_2": {
				"rotate": [
					{ "value": -16.44 }
				],
				"translate": [
					{ "x": 56.48, "y": -1.19 }
				]
			},
			"foot_3": {
				"rotate": [
					{}
				],
				"translate": [
					{ "x": -26.84, "y": -0.6 }
				]
			},
			"feeling_5": {
				"rotate": [
					{ "value": -82.81 }
				],
				"translate": [
					{ "x": -103.01, "y": -57.34 }
				],
				"scale": [
					{ "x": -0.422, "y": 0.422 }
				]
			},
			"feeling_1": {
				"rotate": [
					{ "value": -14.17 }
				],
				"translate": [
					{ "x": 39.84, "y": -108.62 }
				],
				"scale": [
					{ "x": 1.068, "y": 1.068 }
				],
				"shear": [
					{}
				]
			},
			"feeling_2": {
				"rotate": [
					{ "value": 52.68 }
				],
				"translate": [
					{ "x": -86.97, "y": -189.22 }
				],
				"scale": [
					{ "x": 1.039, "y": 1.279 }
				],
				"shear": [
					{}
				]
			},
			"move": {
				"translate": [
					{ "x": 119.99 }
				],
				"scale": [
					{}
				]
			},
			"hair_1": {
				"rotate": [
					{ "value": 4.13 }
				],
				"translate": [
					{ "x": 94.68, "y": 544.62 }
				],
				"scale": [
					{ "x": -1.058, "y": 1.058 }
				]
			}
		},
		"ik": {
			"foot_1": [
				{ "bendPositive": false, "stretch": true }
			],
			"foot_2": [
				{ "stretch": true }
			]
		},
		"drawOrder": [
			{
				"offsets": [
					{ "slot": "shoulder4", "offset": 5 },
					{ "slot": "hair", "offset": 7 },
					{ "slot": "feeling_1", "offset": -15 }
				]
			}
		]
	},
	"t_287_2_win": {
		"slots": {
			"body": {
				"rgba": [
					{ "color": "000000ff", "curve": "stepped" },
					{ "time": 2.5, "color": "000000ff" }
				]
			},
			"Emoji": {
				"attachment": [
					{ "name": "Emoji/new/emo_32" },
					{ "time": 2.5, "name": "Emoji/new/emo_32" }
				]
			},
			"feeling_1": {
				"rgba": [
					{ "color": "ffef36ff", "curve": "stepped" },
					{ "time": 2.5, "color": "ffef36ff" }
				],
				"attachment": [
					{ "name": "z_1" },
					{ "time": 2.5, "name": "z_1" }
				]
			},
			"feeling_2": {
				"attachment": [
					{ "name": "kho" },
					{ "time": 2.5, "name": "kho" }
				]
			},
			"feeling_3": {
				"attachment": [
					{},
					{ "time": 2.5 }
				]
			},
			"feeling_5": {
				"attachment": [
					{},
					{ "time": 2.5 }
				]
			},
			"hair": {
				"attachment": [
					{ "name": "hair/man/mu_8" },
					{ "time": 2.5, "name": "hair/man/mu_8" }
				]
			},
			"head": {
				"rgba": [
					{ "color": "ffffffff", "curve": "stepped" },
					{ "time": 2.5, "color": "ffffffff" }
				],
				"attachment": [
					{ "name": "head" },
					{ "time": 2.5, "name": "head" }
				]
			},
			"shoulder1": {
				"rgba": [
					{ "color": "000000ff", "curve": "stepped" },
					{ "time": 2.5, "color": "000000ff" }
				],
				"attachment": [
					{ "name": "shoulder" },
					{ "time": 2.5, "name": "shoulder" }
				]
			},
			"shoulder2": {
				"rgba": [
					{ "color": "000000ff", "curve": "stepped" },
					{ "time": 2.5, "color": "000000ff" }
				],
				"attachment": [
					{ "name": "shoulder" },
					{ "time": 2.5, "name": "shoulder" }
				]
			},
			"shoulder3": {
				"rgba": [
					{ "color": "000000ff", "curve": "stepped" },
					{ "time": 2.5, "color": "000000ff" }
				],
				"attachment": [
					{ "name": "shoulder" },
					{ "time": 2.5, "name": "shoulder" }
				]
			},
			"shoulder4": {
				"rgba": [
					{ "color": "000000ff", "curve": "stepped" },
					{ "time": 2.5, "color": "000000ff" }
				],
				"attachment": [
					{ "name": "shoulder" },
					{ "time": 2.5, "name": "shoulder" }
				]
			},
			"thigh": {
				"rgba": [
					{ "color": "000000ff", "curve": "stepped" },
					{ "time": 2.5, "color": "000000ff" }
				]
			},
			"thigh2": {
				"rgba": [
					{ "color": "000000ff", "curve": "stepped" },
					{ "time": 2.5, "color": "000000ff" }
				]
			},
			"thigh3": {
				"rgba": [
					{ "color": "000000ff", "curve": "stepped" },
					{ "time": 2.5, "color": "000000ff" }
				]
			},
			"thigh4": {
				"rgba": [
					{ "color": "000000ff", "curve": "stepped" },
					{ "time": 2.5, "color": "000000ff" }
				]
			}
		},
		"bones": {
			"head": {
				"rotate": [
					{ "value": 4.01, "curve": "stepped" },
					{ "time": 2.5, "value": 4.01 }
				],
				"translate": [
					{ "x": -55.27, "y": -0.49, "curve": "stepped" },
					{ "time": 2.5, "x": -55.27, "y": -0.49 }
				],
				"scale": [
					{ "curve": "stepped" },
					{ "time": 2.5 }
				]
			},
			"root": {
				"rotate": [
					{}
				],
				"translate": [
					{}
				]
			},
			"main": {
				"rotate": [
					{ "value": -4.18, "curve": "stepped" },
					{ "time": 2.5, "value": -4.18 }
				],
				"translate": [
					{ "x": 19.13, "y": -14.08, "curve": "stepped" },
					{ "time": 2.5, "x": 19.13, "y": -14.08 }
				]
			},
			"hip": {
				"rotate": [
					{ "curve": "stepped" },
					{ "time": 2.5 }
				],
				"translate": [
					{ "curve": "stepped" },
					{ "time": 2.5 }
				]
			},
			"body": {
				"rotate": [
					{ "value": 6.04, "curve": "stepped" },
					{ "time": 2.5, "value": 6.04 }
				],
				"translate": [
					{ "curve": "stepped" },
					{ "time": 2.5 }
				]
			},
			"body2": {
				"rotate": [
					{ "value": -0.51, "curve": "stepped" },
					{ "time": 2.5, "value": -0.51 }
				],
				"translate": [
					{ "curve": "stepped" },
					{ "time": 2.5 }
				]
			},
			"body3": {
				"rotate": [
					{ "value": -0.51, "curve": "stepped" },
					{ "time": 2.5, "value": -0.51 }
				],
				"translate": [
					{ "curve": "stepped" },
					{ "time": 2.5 }
				]
			},
			"body4": {
				"rotate": [
					{ "value": -1.42, "curve": "stepped" },
					{ "time": 2.5, "value": -1.42 }
				],
				"translate": [
					{ "curve": "stepped" },
					{ "time": 2.5 }
				]
			},
			"body5": {
				"rotate": [
					{ "value": -1.96, "curve": "stepped" },
					{ "time": 2.5, "value": -1.96 }
				],
				"translate": [
					{ "curve": "stepped" },
					{ "time": 2.5 }
				]
			},
			"body6": {
				"rotate": [
					{ "value": 0.07, "curve": "stepped" },
					{ "time": 2.5, "value": 0.07 }
				],
				"translate": [
					{ "curve": "stepped" },
					{ "time": 2.5 }
				]
			},
			"body7": {
				"rotate": [
					{ "value": -0.51, "curve": "stepped" },
					{ "time": 2.5, "value": -0.51 }
				],
				"translate": [
					{ "curve": "stepped" },
					{ "time": 2.5 }
				]
			},
			"body8": {
				"rotate": [
					{ "value": -0.51, "curve": "stepped" },
					{ "time": 2.5, "value": -0.51 }
				],
				"translate": [
					{ "curve": "stepped" },
					{ "time": 2.5 }
				]
			},
			"feeling_3": {
				"rotate": [
					{ "curve": "stepped" },
					{ "time": 2.5 }
				],
				"translate": [
					{ "curve": "stepped" },
					{ "time": 2.5 }
				]
			},
			"emoji": {
				"rotate": [
					{ "value": -1.96, "curve": "stepped" },
					{ "time": 2.5, "value": -1.96 }
				],
				"translate": [
					{ "x": -10.64, "y": -3.54, "curve": "stepped" },
					{ "time": 2.5, "x": -10.64, "y": -3.54 }
				],
				"scale": [
					{ "x": 1.183, "y": 1.183, "curve": "stepped" },
					{ "time": 2.5, "x": 1.183, "y": 1.183 }
				]
			},
			"shouder_1": {
				"rotate": [
					{ "value": -107.67, "curve": "stepped" },
					{ "time": 2.5, "value": -107.67 }
				],
				"translate": [
					{ "x": 25.96, "y": 1.4, "curve": "stepped" },
					{ "time": 2.5, "x": 25.96, "y": 1.4 }
				],
				"scale": [
					{ "curve": "stepped" },
					{ "time": 2.5 }
				],
				"shear": [
					{ "y": 1, "curve": "stepped" },
					{ "time": 2.5, "y": 1 }
				]
			},
			"arm_1": {
				"rotate": [
					{ "value": 25.7, "curve": "stepped" },
					{ "time": 2.5, "value": 25.7 }
				],
				"translate": [
					{ "x": 2.6, "y": 0.99, "curve": "stepped" },
					{ "time": 2.5, "x": 2.6, "y": 0.99 }
				],
				"scale": [
					{ "curve": "stepped" },
					{ "time": 2.5 }
				]
			},
			"shouder_2": {
				"rotate": [
					{ "value": -134.37, "curve": "stepped" },
					{ "time": 2.5, "value": -134.37 }
				],
				"translate": [
					{ "x": 27.85, "y": 0.58, "curve": "stepped" },
					{ "time": 2.5, "x": 27.85, "y": 0.58 }
				],
				"scale": [
					{ "curve": "stepped" },
					{ "time": 2.5 }
				]
			},
			"arm_2": {
				"rotate": [
					{ "value": 32.54, "curve": "stepped" },
					{ "time": 2.5, "value": 32.54 }
				],
				"translate": [
					{ "x": 2.03, "curve": "stepped" },
					{ "time": 2.5, "x": 2.03 }
				],
				"scale": [
					{ "curve": "stepped" },
					{ "time": 2.5 }
				]
			},
			"thigh_1": {
				"rotate": [
					{ "value": -6.18, "curve": "stepped" },
					{ "time": 2.5, "value": -6.18 }
				],
				"translate": [
					{ "curve": "stepped" },
					{ "time": 2.5 }
				],
				"scale": [
					{ "curve": "stepped" },
					{ "time": 2.5 }
				]
			},
			"leg_1": {
				"rotate": [
					{ "value": 5.22, "curve": "stepped" },
					{ "time": 2.5, "value": 5.22 }
				],
				"translate": [
					{ "curve": "stepped" },
					{ "time": 2.5 }
				],
				"scale": [
					{ "curve": "stepped" },
					{ "time": 2.5 }
				]
			},
			"thigh_2": {
				"rotate": [
					{ "value": 2.51, "curve": "stepped" },
					{ "time": 2.5, "value": 2.51 }
				],
				"translate": [
					{ "curve": "stepped" },
					{ "time": 2.5 }
				],
				"scale": [
					{ "curve": "stepped" },
					{ "time": 2.5 }
				]
			},
			"leg_2": {
				"rotate": [
					{ "value": 3.66, "curve": "stepped" },
					{ "time": 2.5, "value": 3.66 }
				],
				"translate": [
					{ "curve": "stepped" },
					{ "time": 2.5 }
				],
				"scale": [
					{ "curve": "stepped" },
					{ "time": 2.5 }
				]
			},
			"foot_2": {
				"rotate": [
					{ "value": -16.44, "curve": "stepped" },
					{ "time": 2.5, "value": -16.44 }
				],
				"translate": [
					{ "x": 56.48, "y": -1.19, "curve": "stepped" },
					{ "time": 2.5, "x": 56.48, "y": -1.19 }
				]
			},
			"foot_3": {
				"rotate": [
					{ "curve": "stepped" },
					{ "time": 2.5 }
				],
				"translate": [
					{ "x": -26.84, "y": -0.6, "curve": "stepped" },
					{ "time": 2.5, "x": -26.84, "y": -0.6 }
				]
			},
			"feeling_5": {
				"rotate": [
					{ "curve": "stepped" },
					{ "time": 2.5 }
				],
				"translate": [
					{ "curve": "stepped" },
					{ "time": 2.5 }
				]
			},
			"feeling_1": {
				"rotate": [
					{ "value": 21.56, "curve": "stepped" },
					{ "time": 2.5, "value": 21.56 }
				],
				"translate": [
					{ "x": -52.67, "y": -19.38, "curve": "stepped" },
					{ "time": 2.5, "x": -52.67, "y": -19.38 }
				],
				"scale": [
					{ "x": 1.004, "y": 1.004, "curve": "stepped" },
					{ "time": 2.5, "x": 1.004, "y": 1.004 }
				],
				"shear": [
					{ "curve": "stepped" },
					{ "time": 2.5 }
				]
			},
			"feeling_2": {
				"rotate": [
					{
						"value": 1.77,
						"curve": [ 0.051, 1.06, 0.096, 0.65 ]
					},
					{
						"time": 0.1333,
						"value": 0.65,
						"curve": [ 0.3, 0.65, 0.633, 20.88 ]
					},
					{
						"time": 0.8,
						"value": 20.88,
						"curve": [ 0.842, 20.88, 0.925, 15.95 ]
					},
					{
						"time": 0.9667,
						"value": 15.95,
						"curve": [ 1, 15.95, 1.067, 20.22 ]
					},
					{
						"time": 1.1,
						"value": 20.22,
						"curve": [ 1.133, 20.22, 1.2, 15.84 ]
					},
					{
						"time": 1.2333,
						"value": 15.84,
						"curve": [ 1.267, 15.84, 1.333, 20.8 ]
					},
					{ "time": 1.3667, "value": 20.8, "curve": "stepped" },
					{
						"time": 1.5,
						"value": 20.8,
						"curve": [ 1.592, 18.92, 2.164, 5.36 ]
					},
					{ "time": 2.5, "value": 1.77 }
				],
				"translate": [
					{ "x": -82.54, "y": -182.58, "curve": "stepped" },
					{ "time": 2.5, "x": -82.54, "y": -182.58 }
				],
				"scale": [
					{
						"x": 0.835,
						"y": 0.835,
						"curve": [ 0.167, 0.835, 0.5, 1.545, 0.167, 0.835, 0.5, 1.545 ]
					},
					{ "time": 0.6667, "x": 1.545, "y": 1.545, "curve": "stepped" },
					{ "time": 0.9667, "x": 1.545, "y": 1.545, "curve": "stepped" },
					{
						"time": 1.5,
						"x": 1.545,
						"y": 1.545,
						"curve": [ 1.593, 1.468, 2.25, 0.835, 1.593, 1.468, 2.25, 0.835 ]
					},
					{ "time": 2.5, "x": 0.835, "y": 0.835 }
				],
				"shear": [
					{ "curve": "stepped" },
					{ "time": 2.5 }
				]
			},
			"move": {
				"translate": [
					{ "x": 119.99, "curve": "stepped" },
					{ "time": 2.5, "x": 119.99 }
				],
				"scale": [
					{ "curve": "stepped" },
					{ "time": 2.5 }
				]
			},
			"hair_1": {
				"rotate": [
					{ "value": 5.36, "curve": "stepped" },
					{ "time": 2.5, "value": 5.36 }
				],
				"translate": [
					{ "x": 81.38, "y": 524.83, "curve": "stepped" },
					{ "time": 2.5, "x": 81.38, "y": 524.83 }
				],
				"scale": [
					{ "x": -1.058, "y": 1.058, "curve": "stepped" },
					{ "time": 2.5, "x": -1.058, "y": 1.058 }
				]
			}
		},
		"ik": {
			"foot_1": [
				{
					"bendPositive": false,
					"stretch": true,
					"curve": [ 0.625, 1, 1.875, 1, 0.625, 0, 1.875, 0 ]
				},
				{ "time": 2.5, "bendPositive": false, "stretch": true }
			],
			"foot_2": [
				{
					"stretch": true,
					"curve": [ 0.625, 1, 1.875, 1, 0.625, 0, 1.875, 0 ]
				},
				{ "time": 2.5, "stretch": true }
			]
		},
		"drawOrder": [
			{
				"offsets": [
					{ "slot": "shoulder4", "offset": 7 },
					{ "slot": "hair", "offset": 7 },
					{ "slot": "feeling_1", "offset": -15 }
				]
			},
			{
				"time": 2.5,
				"offsets": [
					{ "slot": "shoulder4", "offset": 7 },
					{ "slot": "hair", "offset": 7 },
					{ "slot": "feeling_1", "offset": -15 }
				]
			}
		]
	},
	"t_287_3_be": {
		"slots": {
			"body": {
				"rgba": [
					{ "color": "000000ff" }
				]
			},
			"Emoji": {
				"attachment": [
					{ "name": "Emoji/emo_93" }
				]
			},
			"feeling_1": {
				"attachment": [
					{}
				]
			},
			"feeling_2": {
				"attachment": [
					{}
				]
			},
			"feeling_3": {
				"rgba": [
					{ "color": "ffffffff" }
				],
				"attachment": [
					{}
				]
			},
			"feeling_5": {
				"attachment": [
					{}
				]
			},
			"hair": {
				"attachment": [
					{ "name": "hair/man/mu_13" }
				]
			},
			"head": {
				"rgba": [
					{ "color": "ffffffff" }
				],
				"attachment": [
					{ "name": "head" }
				]
			},
			"shoulder1": {
				"rgba": [
					{ "color": "000000ff" }
				],
				"attachment": [
					{ "name": "shoulder" }
				]
			},
			"shoulder2": {
				"rgba": [
					{ "color": "000000ff" }
				],
				"attachment": [
					{ "name": "shoulder" }
				]
			},
			"shoulder3": {
				"rgba": [
					{ "color": "000000ff" }
				],
				"attachment": [
					{ "name": "shoulder" }
				]
			},
			"shoulder4": {
				"rgba": [
					{ "color": "000000ff" }
				],
				"attachment": [
					{ "name": "shoulder" }
				]
			},
			"thigh": {
				"rgba": [
					{ "color": "000000ff" }
				]
			},
			"thigh2": {
				"rgba": [
					{ "color": "000000ff" }
				]
			},
			"thigh3": {
				"rgba": [
					{ "color": "000000ff" }
				]
			},
			"thigh4": {
				"rgba": [
					{ "color": "000000ff" }
				]
			}
		},
		"bones": {
			"head": {
				"rotate": [
					{ "value": 2.69 }
				],
				"translate": [
					{ "x": -18.83, "y": 1.25 }
				],
				"scale": [
					{}
				]
			},
			"root": {
				"rotate": [
					{}
				],
				"translate": [
					{}
				]
			},
			"main": {
				"rotate": [
					{ "value": 0.24 }
				],
				"translate": [
					{ "x": 4.46, "y": -78.46 }
				]
			},
			"hip": {
				"rotate": [
					{}
				],
				"translate": [
					{}
				]
			},
			"body": {
				"rotate": [
					{ "value": 1.13 }
				],
				"translate": [
					{}
				],
				"scale": [
					{}
				]
			},
			"body2": {
				"rotate": [
					{ "value": 1.13 }
				],
				"translate": [
					{}
				],
				"scale": [
					{}
				]
			},
			"body3": {
				"rotate": [
					{ "value": 1.13 }
				],
				"translate": [
					{}
				],
				"scale": [
					{}
				]
			},
			"body4": {
				"rotate": [
					{ "value": 1.13 }
				],
				"translate": [
					{}
				],
				"scale": [
					{}
				]
			},
			"body5": {
				"rotate": [
					{ "value": 1.13 }
				],
				"translate": [
					{}
				],
				"scale": [
					{}
				]
			},
			"body6": {
				"rotate": [
					{ "value": 1.13 }
				],
				"translate": [
					{}
				],
				"scale": [
					{}
				]
			},
			"body7": {
				"rotate": [
					{ "value": 1.13 }
				],
				"translate": [
					{}
				],
				"scale": [
					{}
				]
			},
			"body8": {
				"rotate": [
					{ "value": 1.13 }
				],
				"translate": [
					{}
				],
				"scale": [
					{}
				]
			},
			"feeling_3": {
				"rotate": [
					{ "value": 117.07 }
				],
				"translate": [
					{ "x": 42.99, "y": -122.78 }
				],
				"scale": [
					{ "x": 1.463, "y": 1.463 }
				]
			},
			"emoji": {
				"rotate": [
					{ "value": 4.64 }
				],
				"translate": [
					{ "x": 15.07, "y": -6.83 }
				],
				"scale": [
					{ "x": 1.088, "y": 1.088 }
				]
			},
			"shouder_1": {
				"rotate": [
					{ "value": -63.27 }
				],
				"translate": [
					{ "x": 21.06, "y": -1.82 }
				],
				"scale": [
					{}
				]
			},
			"arm_1": {
				"rotate": [
					{ "value": -130.12 }
				],
				"translate": [
					{ "x": 0.54, "y": -2.06 }
				],
				"scale": [
					{}
				]
			},
			"shouder_2": {
				"rotate": [
					{ "value": 61.17 }
				],
				"translate": [
					{ "x": 22.11, "y": 2.49 }
				],
				"scale": [
					{}
				]
			},
			"arm_2": {
				"rotate": [
					{ "value": 126.6 }
				],
				"translate": [
					{}
				],
				"scale": [
					{}
				]
			},
			"thigh_1": {
				"rotate": [
					{ "value": 24.72 }
				],
				"translate": [
					{}
				],
				"scale": [
					{}
				]
			},
			"leg_1": {
				"rotate": [
					{}
				],
				"translate": [
					{}
				],
				"scale": [
					{}
				]
			},
			"thigh_2": {
				"rotate": [
					{ "value": 39.21 }
				],
				"translate": [
					{}
				],
				"scale": [
					{}
				]
			},
			"leg_2": {
				"rotate": [
					{ "value": 18.14 }
				],
				"translate": [
					{}
				],
				"scale": [
					{}
				]
			},
			"foot_2": {
				"rotate": [
					{ "value": -52.56 }
				],
				"translate": [
					{ "x": 0.72, "y": 130.76 }
				]
			},
			"foot_3": {
				"rotate": [
					{}
				],
				"translate": [
					{ "x": 17.85, "y": 2.38 }
				]
			},
			"feeling_5": {
				"rotate": [
					{ "value": -101.26 }
				],
				"translate": [
					{ "x": -22.67, "y": -24.6 }
				],
				"scale": [
					{ "x": 0.512, "y": 0.512 }
				]
			},
			"item_1": {
				"translate": [
					{ "y": -245.53 }
				],
				"scale": [
					{ "x": 1.369, "y": 1.369 }
				]
			},
			"feeling_1": {
				"rotate": [
					{ "value": 31.18 }
				],
				"translate": [
					{ "x": -197.33, "y": -47.39 }
				],
				"scale": [
					{ "x": -1.685, "y": 1.685 }
				]
			},
			"move": {
				"translate": [
					{ "x": 119.99 }
				],
				"scale": [
					{}
				]
			},
			"feeling_2": {
				"rotate": [
					{ "value": 7.43 }
				],
				"translate": [
					{ "x": -10.37, "y": -3.54 }
				]
			},
			"hair_1": {
				"rotate": [
					{ "value": 5.8 }
				],
				"translate": [
					{ "x": 60.03, "y": 538.35 }
				],
				"scale": [
					{ "x": -1.342, "y": 1.107 }
				]
			}
		},
		"ik": {
			"foot_1": [
				{ "stretch": true }
			],
			"foot_2": [
				{ "bendPositive": false, "stretch": true }
			]
		},
		"drawOrder": [
			{
				"offsets": [
					{ "slot": "shoulder4", "offset": -3 }
				]
			}
		]
	},
	"t_287_3_lose": {
		"slots": {
			"body": {
				"rgba": [
					{ "color": "000000ff" }
				]
			},
			"Emoji": {
				"attachment": [
					{ "name": "Emoji/emo_68b" }
				]
			},
			"feeling_1": {
				"attachment": [
					{ "name": "cauco" }
				]
			},
			"feeling_2": {
				"attachment": [
					{}
				]
			},
			"feeling_3": {
				"attachment": [
					{}
				]
			},
			"feeling_5": {
				"attachment": [
					{}
				]
			},
			"hair": {
				"attachment": [
					{ "name": "hair/man/mu_13" }
				]
			},
			"head": {
				"rgba": [
					{ "color": "ffffffff" }
				],
				"attachment": [
					{ "name": "head" }
				]
			},
			"shoulder1": {
				"rgba": [
					{ "color": "000000ff" }
				],
				"attachment": [
					{ "name": "shoulder" }
				]
			},
			"shoulder2": {
				"rgba": [
					{ "color": "000000ff" }
				],
				"attachment": [
					{ "name": "shoulder" }
				]
			},
			"shoulder3": {
				"rgba": [
					{ "color": "000000ff" }
				],
				"attachment": [
					{ "name": "shoulder" }
				]
			},
			"shoulder4": {
				"rgba": [
					{ "color": "000000ff" }
				],
				"attachment": [
					{ "name": "shoulder" }
				]
			},
			"thigh": {
				"rgba": [
					{ "color": "000000ff" }
				]
			},
			"thigh2": {
				"rgba": [
					{ "color": "000000ff" }
				]
			},
			"thigh3": {
				"rgba": [
					{ "color": "000000ff" }
				]
			},
			"thigh4": {
				"rgba": [
					{ "color": "000000ff" }
				]
			}
		},
		"bones": {
			"head": {
				"rotate": [
					{ "value": -35.79 }
				],
				"translate": [
					{ "x": 13.65, "y": 46.7 }
				],
				"scale": [
					{}
				]
			},
			"root": {
				"rotate": [
					{}
				],
				"translate": [
					{}
				]
			},
			"main": {
				"rotate": [
					{ "value": 28.87 }
				],
				"translate": [
					{ "x": 2.48, "y": -33.81 }
				]
			},
			"hip": {
				"rotate": [
					{}
				],
				"translate": [
					{}
				]
			},
			"body": {
				"rotate": [
					{ "value": -1.01 }
				],
				"translate": [
					{}
				],
				"scale": [
					{}
				]
			},
			"body2": {
				"rotate": [
					{ "value": -1.01 }
				],
				"translate": [
					{}
				],
				"scale": [
					{}
				]
			},
			"body3": {
				"rotate": [
					{ "value": -1.01 }
				],
				"translate": [
					{}
				],
				"scale": [
					{}
				]
			},
			"body4": {
				"rotate": [
					{ "value": -1.01 }
				],
				"translate": [
					{}
				],
				"scale": [
					{}
				]
			},
			"body5": {
				"rotate": [
					{ "value": -1.01 }
				],
				"translate": [
					{}
				],
				"scale": [
					{}
				]
			},
			"body6": {
				"rotate": [
					{ "value": -1.01 }
				],
				"translate": [
					{}
				],
				"scale": [
					{}
				]
			},
			"body7": {
				"rotate": [
					{ "value": -1.01 }
				],
				"translate": [
					{}
				],
				"scale": [
					{}
				]
			},
			"body8": {
				"rotate": [
					{ "value": -1.01 }
				],
				"translate": [
					{}
				],
				"scale": [
					{}
				]
			},
			"feeling_3": {
				"rotate": [
					{}
				],
				"translate": [
					{}
				]
			},
			"emoji": {
				"rotate": [
					{ "value": 14.23 }
				],
				"translate": [
					{ "x": 8.87, "y": 22.22 }
				],
				"scale": [
					{ "x": -1.023, "y": 1.023 }
				]
			},
			"shouder_1": {
				"rotate": [
					{ "value": 162.07 }
				],
				"translate": [
					{ "x": 38.95, "y": -4.87 }
				],
				"scale": [
					{}
				]
			},
			"arm_1": {
				"rotate": [
					{ "value": -6.2 }
				],
				"translate": [
					{ "x": 2.02, "y": 0.08 }
				],
				"scale": [
					{}
				]
			},
			"shouder_2": {
				"rotate": [
					{ "value": -15.32 }
				],
				"translate": [
					{ "x": 22.18, "y": -3.58 }
				],
				"scale": [
					{}
				]
			},
			"arm_2": {
				"rotate": [
					{ "value": -6.8 }
				]
			},
			"thigh_1": {
				"rotate": [
					{ "value": 24.72 }
				],
				"translate": [
					{}
				],
				"scale": [
					{}
				]
			},
			"leg_1": {
				"rotate": [
					{}
				],
				"translate": [
					{}
				]
			},
			"thigh_2": {
				"rotate": [
					{ "value": 39.21 }
				],
				"translate": [
					{}
				],
				"scale": [
					{}
				]
			},
			"leg_2": {
				"rotate": [
					{ "value": 18.14 }
				],
				"translate": [
					{}
				]
			},
			"foot_2": {
				"rotate": [
					{}
				],
				"translate": [
					{ "x": -190.55, "y": 89.55 }
				]
			},
			"foot_3": {
				"rotate": [
					{}
				],
				"translate": [
					{ "x": 198.8, "y": 87.15 }
				]
			},
			"feeling_5": {
				"rotate": [
					{}
				],
				"translate": [
					{}
				]
			},
			"feeling_1": {
				"rotate": [
					{ "value": -173.53 }
				],
				"translate": [
					{ "x": 18.78, "y": -51.24 }
				],
				"scale": [
					{ "x": -1.069, "y": -1.069 }
				]
			},
			"feeling_2": {
				"rotate": [
					{ "value": 12.21 }
				],
				"translate": [
					{ "x": -94.66, "y": -112.15 }
				]
			},
			"move": {
				"translate": [
					{ "x": 119.99 }
				],
				"scale": [
					{ "x": -1 }
				]
			},
			"item_1": {
				"rotate": [
					{ "value": -6.76 }
				],
				"translate": [
					{ "x": -115.76, "y": 98.37 }
				],
				"scale": [
					{ "x": 1.147, "y": 1.147 }
				]
			},
			"hair_1": {
				"rotate": [
					{ "value": -22.32 }
				],
				"translate": [
					{ "x": 169.09, "y": 538.8 }
				],
				"scale": [
					{ "x": 1.521, "y": 1.521 }
				]
			}
		},
		"ik": {
			"foot_1": [
				{ "stretch": true }
			],
			"foot_2": [
				{ "stretch": true }
			]
		},
		"drawOrder": [
			{
				"offsets": [
					{ "slot": "item", "offset": 15 },
					{ "slot": "Emoji", "offset": 4 },
					{ "slot": "feeling_1", "offset": 1 }
				]
			}
		]
	},
	"t_287_3_win": {
		"slots": {
			"body": {
				"rgba": [
					{ "color": "000000ff" }
				]
			},
			"Emoji": {
				"attachment": [
					{ "name": "Emoji/emo_89" }
				]
			},
			"feeling_1": {
				"attachment": [
					{ "name": "scare" }
				]
			},
			"feeling_2": {
				"attachment": [
					{ "name": "Emoji/hoi_cham" }
				]
			},
			"feeling_3": {
				"attachment": [
					{ "name": "Emoji/hoi_cham" }
				]
			},
			"feeling_5": {
				"attachment": [
					{ "name": "giat_minh" }
				]
			},
			"hair": {
				"attachment": [
					{ "name": "hair/man/mu_13" }
				]
			},
			"head": {
				"rgba": [
					{ "color": "ffffffff" }
				],
				"attachment": [
					{ "name": "head" }
				]
			},
			"item": {
				"attachment": [
					{}
				]
			},
			"shoulder1": {
				"rgba": [
					{ "color": "000000ff" }
				],
				"attachment": [
					{ "name": "shoulder" }
				]
			},
			"shoulder2": {
				"rgba": [
					{ "color": "000000ff" }
				],
				"attachment": [
					{ "name": "shoulder" }
				]
			},
			"shoulder3": {
				"rgba": [
					{ "color": "000000ff" }
				],
				"attachment": [
					{ "name": "shoulder" }
				]
			},
			"shoulder4": {
				"rgba": [
					{ "color": "000000ff" }
				],
				"attachment": [
					{ "name": "shoulder" }
				]
			},
			"thigh": {
				"rgba": [
					{ "color": "000000ff" }
				]
			},
			"thigh2": {
				"rgba": [
					{ "color": "000000ff" }
				]
			},
			"thigh3": {
				"rgba": [
					{ "color": "000000ff" }
				]
			},
			"thigh4": {
				"rgba": [
					{ "color": "000000ff" }
				]
			}
		},
		"bones": {
			"head": {
				"rotate": [
					{ "value": -7.89 }
				],
				"translate": [
					{ "x": -30.9, "y": 9.8 }
				],
				"scale": [
					{}
				]
			},
			"root": {
				"rotate": [
					{}
				],
				"translate": [
					{}
				]
			},
			"main": {
				"rotate": [
					{ "value": 4.12 }
				],
				"translate": [
					{ "x": 3.8, "y": -74.07 }
				]
			},
			"hip": {
				"rotate": [
					{}
				],
				"translate": [
					{}
				]
			},
			"body": {
				"rotate": [
					{ "value": 2.43 }
				],
				"translate": [
					{}
				]
			},
			"body2": {
				"rotate": [
					{ "value": 2.43 }
				],
				"translate": [
					{}
				]
			},
			"body3": {
				"rotate": [
					{ "value": 2.43 }
				],
				"translate": [
					{}
				]
			},
			"body4": {
				"rotate": [
					{ "value": 2.43 }
				],
				"translate": [
					{}
				]
			},
			"body5": {
				"rotate": [
					{ "value": 2.43 }
				],
				"translate": [
					{}
				]
			},
			"body6": {
				"rotate": [
					{ "value": 2.43 }
				],
				"translate": [
					{}
				]
			},
			"body7": {
				"rotate": [
					{ "value": 2.43 }
				],
				"translate": [
					{}
				]
			},
			"body8": {
				"rotate": [
					{ "value": 2.43 }
				],
				"translate": [
					{}
				]
			},
			"feeling_3": {
				"rotate": [
					{ "value": -105.47 }
				],
				"translate": [
					{ "x": -62.66, "y": -150.99 }
				],
				"scale": [
					{ "x": -0.817, "y": 0.817 }
				]
			},
			"emoji": {
				"rotate": [
					{ "value": 8.37 }
				],
				"translate": [
					{ "x": 5.98, "y": 8.61 }
				],
				"scale": [
					{ "x": -1.045, "y": 1.045 }
				]
			},
			"shouder_1": {
				"rotate": [
					{ "value": 161.97 }
				],
				"translate": [
					{ "x": 17.36, "y": 3.39 }
				],
				"scale": [
					{}
				]
			},
			"arm_1": {
				"rotate": [
					{ "value": -108.29 }
				],
				"translate": [
					{ "x": 2.02, "y": 0.08 }
				],
				"scale": [
					{}
				]
			},
			"shouder_2": {
				"rotate": [
					{ "value": 107.81 }
				],
				"translate": [
					{ "x": 19.76, "y": -1.95 }
				],
				"scale": [
					{}
				]
			},
			"arm_2": {
				"rotate": [
					{ "value": -24.53 }
				],
				"translate": [
					{}
				],
				"scale": [
					{}
				]
			},
			"thigh_1": {
				"rotate": [
					{ "value": 24.72 }
				],
				"translate": [
					{}
				],
				"scale": [
					{}
				]
			},
			"leg_1": {
				"rotate": [
					{}
				],
				"translate": [
					{}
				],
				"scale": [
					{}
				]
			},
			"thigh_2": {
				"rotate": [
					{ "value": 39.21 }
				],
				"translate": [
					{}
				],
				"scale": [
					{}
				]
			},
			"leg_2": {
				"rotate": [
					{ "value": 18.14 }
				],
				"translate": [
					{}
				]
			},
			"foot_2": {
				"rotate": [
					{}
				],
				"translate": [
					{ "x": -88.86, "y": -7.56 }
				]
			},
			"foot_3": {
				"rotate": [
					{}
				],
				"translate": [
					{ "x": 135.22, "y": 7.2 }
				]
			},
			"feeling_5": {
				"rotate": [
					{ "value": -61.36 }
				],
				"translate": [
					{ "x": -173.64, "y": 166.14 }
				],
				"scale": [
					{ "x": 0.514, "y": 0.514 }
				]
			},
			"feeling_2": {
				"rotate": [
					{ "value": 21.78 }
				],
				"translate": [
					{ "x": -248.67, "y": -169.61 }
				],
				"scale": [
					{ "x": -1 }
				]
			},
			"feeling_1": {
				"rotate": [
					{ "value": 25.22 }
				],
				"translate": [
					{ "x": -51.71, "y": -62.22 }
				],
				"scale": [
					{ "x": 1.021, "y": 1.021 }
				]
			},
			"move": {
				"translate": [
					{ "x": 119.99 }
				],
				"scale": [
					{}
				]
			},
			"hair_1": {
				"rotate": [
					{ "value": -17.98 }
				],
				"translate": [
					{ "x": 106.5, "y": 613.26 }
				],
				"scale": [
					{ "x": 1.45, "y": 1.45 }
				]
			}
		},
		"ik": {
			"foot_1": [
				{ "stretch": true }
			],
			"foot_2": [
				{ "stretch": true }
			]
		},
		"drawOrder": [
			{
				"offsets": [
					{ "slot": "shoulder1", "offset": 2 },
					{ "slot": "shoulder3", "offset": 2 }
				]
			}
		]
	}
}
}