{"frames": [

{
	"filename": "bg",
	"frame": {"x":474,"y":1,"w":23,"h":1104},
	"rotated": false,
	"trimmed": false,
	"spriteSourceSize": {"x":0,"y":0,"w":23,"h":1104},
	"sourceSize": {"w":23,"h":1104}
},
{
	"filename": "chau_xuong_rong",
	"frame": {"x":185,"y":362,"w":90,"h":125},
	"rotated": false,
	"trimmed": true,
	"spriteSourceSize": {"x":7,"y":7,"w":90,"h":125},
	"sourceSize": {"w":104,"h":139}
},
{
	"filename": "chau_xuong_rong_hot",
	"frame": {"x":350,"y":654,"w":103,"h":139},
	"rotated": false,
	"trimmed": true,
	"spriteSourceSize": {"x":0,"y":0,"w":103,"h":139},
	"sourceSize": {"w":104,"h":139}
},
{
	"filename": "cho_1",
	"frame": {"x":1,"y":1106,"w":226,"h":227},
	"rotated": false,
	"trimmed": false,
	"spriteSourceSize": {"x":0,"y":0,"w":226,"h":227},
	"sourceSize": {"w":226,"h":227}
},
{
	"filename": "cho_2",
	"frame": {"x":228,"y":1106,"w":226,"h":227},
	"rotated": false,
	"trimmed": false,
	"spriteSourceSize": {"x":0,"y":0,"w":226,"h":227},
	"sourceSize": {"w":226,"h":227}
},
{
	"filename": "cho_an_1",
	"frame": {"x":1,"y":843,"w":282,"h":157},
	"rotated": false,
	"trimmed": false,
	"spriteSourceSize": {"x":0,"y":0,"w":282,"h":157},
	"sourceSize": {"w":282,"h":157}
},
{
	"filename": "cho_an_2",
	"frame": {"x":185,"y":496,"w":282,"h":157},
	"rotated": false,
	"trimmed": false,
	"spriteSourceSize": {"x":0,"y":0,"w":282,"h":157},
	"sourceSize": {"w":282,"h":157}
},
{
	"filename": "den_chum",
	"frame": {"x":185,"y":654,"w":164,"h":165},
	"rotated": false,
	"trimmed": false,
	"spriteSourceSize": {"x":0,"y":0,"w":164,"h":165},
	"sourceSize": {"w":164,"h":165}
},
{
	"filename": "den_dung",
	"frame": {"x":1,"y":362,"w":183,"h":480},
	"rotated": false,
	"trimmed": true,
	"spriteSourceSize": {"x":7,"y":7,"w":183,"h":480},
	"sourceSize": {"w":197,"h":494}
},
{
	"filename": "den_dung_hot",
	"frame": {"x":277,"y":1,"w":196,"h":494},
	"rotated": false,
	"trimmed": true,
	"spriteSourceSize": {"x":1,"y":0,"w":196,"h":494},
	"sourceSize": {"w":197,"h":494}
},
{
	"filename": "ngan_tu",
	"frame": {"x":1,"y":1001,"w":245,"h":77},
	"rotated": false,
	"trimmed": false,
	"spriteSourceSize": {"x":0,"y":0,"w":245,"h":77},
	"sourceSize": {"w":245,"h":77}
},
{
	"filename": "o_dien_ro_dien",
	"frame": {"x":284,"y":820,"w":151,"h":143},
	"rotated": false,
	"trimmed": false,
	"spriteSourceSize": {"x":0,"y":0,"w":151,"h":143},
	"sourceSize": {"w":151,"h":143}
},
{
	"filename": "tu",
	"frame": {"x":1,"y":1,"w":275,"h":360},
	"rotated": false,
	"trimmed": false,
	"spriteSourceSize": {"x":0,"y":0,"w":275,"h":360},
	"sourceSize": {"w":275,"h":360}
},
{
	"filename": "xuc_xich",
	"frame": {"x":247,"y":1001,"w":144,"h":74},
	"rotated": false,
	"trimmed": false,
	"spriteSourceSize": {"x":0,"y":0,"w":144,"h":74},
	"sourceSize": {"w":144,"h":74}
}],
"meta": {
	"app": "https://www.codeandweb.com/texturepacker",
	"version": "1.0",
	"image": "props.png",
	"format": "RGBA8888",
	"size": {"w":498,"h":1334},
	"scale": "1",
	"smartupdate": "$TexturePacker:SmartUpdate:a295600447f7e58c8b4b307ddfa22683:e22067e38900f89cb7331fab8da10ce8:f4c39b94f5b79b4c461da96ae5609d50$"
}
}
