{"frames": [

{
	"filename": "bay_chuot",
	"frame": {"x":1080,"y":960,"w":143,"h":69},
	"rotated": false,
	"trimmed": false,
	"spriteSourceSize": {"x":0,"y":0,"w":143,"h":69},
	"sourceSize": {"w":143,"h":69}
},
{
	"filename": "bg_dong_co",
	"frame": {"x":1,"y":1,"w":1078,"h":1154},
	"rotated": false,
	"trimmed": false,
	"spriteSourceSize": {"x":0,"y":0,"w":1078,"h":1154},
	"sourceSize": {"w":1078,"h":1154}
},
{
	"filename": "bu_nhin_rom",
	"frame": {"x":1080,"y":445,"w":300,"h":431},
	"rotated": false,
	"trimmed": true,
	"spriteSourceSize": {"x":7,"y":7,"w":300,"h":431},
	"sourceSize": {"w":314,"h":445}
},
{
	"filename": "bu_nhin_rom_hot",
	"frame": {"x":1080,"y":1,"w":311,"h":443},
	"rotated": false,
	"trimmed": true,
	"spriteSourceSize": {"x":1,"y":1,"w":311,"h":443},
	"sourceSize": {"w":314,"h":445}
},
{
	"filename": "item_tui_xach",
	"frame": {"x":1080,"y":877,"w":93,"h":82},
	"rotated": false,
	"trimmed": false,
	"spriteSourceSize": {"x":0,"y":0,"w":93,"h":82},
	"sourceSize": {"w":93,"h":82}
}],
"meta": {
	"app": "https://www.codeandweb.com/texturepacker",
	"version": "1.0",
	"image": "props.png",
	"format": "RGBA8888",
	"size": {"w":1392,"h":1156},
	"scale": "1",
	"smartupdate": "$TexturePacker:SmartUpdate:06125e2512701c0f29b9a6eb9606fb97:aff2d378606ec2a78540ed59fd53a225:f4c39b94f5b79b4c461da96ae5609d50$"
}
}
