{
"skeleton": { "hash": "migatY4oD4o", "spine": "4.1.24", "x": -388.28, "y": -425.09, "width": 724.41, "height": 1282.48 },
"bones": [
	{ "name": "root", "rotation": 0.2 },
	{ "name": "move", "parent": "root", "x": -119.99, "scaleX": -1 },
	{ "name": "main", "parent": "move", "y": 256.6 },
	{ "name": "hip", "parent": "main" },
	{ "name": "body", "parent": "hip", "length": 26.97, "rotation": 90 },
	{ "name": "body2", "parent": "body", "length": 26.97, "x": 26.97 },
	{ "name": "body3", "parent": "body2", "length": 26.97, "x": 26.97 },
	{ "name": "body4", "parent": "body3", "length": 26.97, "rotation": -0.06, "x": 26.97 },
	{ "name": "body5", "parent": "body4", "length": 26.97, "x": 26.97 },
	{ "name": "body6", "parent": "body5", "length": 26.97, "x": 26.97 },
	{ "name": "body7", "parent": "body6", "length": 26.97, "x": 26.97 },
	{ "name": "body8", "parent": "body7", "length": 26.97, "x": 26.97 },
	{ "name": "head", "parent": "body8", "length": 135.67, "x": 24.75 },
	{ "name": "feeling_3", "parent": "head", "rotation": -0.18, "x": 87.53, "y": 30.96 },
	{ "name": "emoji", "parent": "head", "rotation": -90, "x": 62, "y": 1.49 },
	{ "name": "shouder_1", "parent": "body7", "length": 100.06, "rotation": -90, "x": 15.39, "y": 0.02 },
	{ "name": "arm_1", "parent": "shouder_1", "length": 100.06, "x": 94.79 },
	{ "name": "shouder_2", "parent": "body7", "length": 100.06, "rotation": 90, "x": 15.39, "y": 0.02 },
	{ "name": "arm_2", "parent": "shouder_2", "length": 100.06, "x": 94.79 },
	{ "name": "thigh_1", "parent": "main", "length": 134.15, "rotation": -90, "x": -0.54, "y": 4.23 },
	{ "name": "leg_1", "parent": "thigh_1", "length": 134.15, "x": 128.14 },
	{ "name": "thigh_2", "parent": "main", "length": 134.15, "rotation": -90, "x": -0.1, "y": 4.23 },
	{ "name": "leg_2", "parent": "thigh_2", "length": 134.15, "x": 128.14 },
	{ "name": "foot_2", "parent": "move", "x": 0.16, "y": -2.18 },
	{ "name": "foot_3", "parent": "move", "x": 0.1, "y": -2.12 },
	{
		"name": "feeling_5",
		"parent": "head",
		"rotation": -0.18,
		"x": 87.53,
		"y": -25.11,
		"scaleX": 2,
		"scaleY": 2
	},
	{ "name": "item_1", "parent": "move", "x": -1.93, "y": 450.24 },
	{ "name": "feeling_1", "parent": "main", "rotation": -20.17, "x": 72.35, "y": 376.02 },
	{ "name": "feeling_2", "parent": "main", "rotation": -20.17, "x": 72.35, "y": 376.02 },
	{ "name": "hair_1", "parent": "main", "rotation": 0.07, "x": -120, "y": -254.77 },
	{
		"name": "feeling_4",
		"parent": "head",
		"rotation": -0.18,
		"x": 87.53,
		"y": -25.11,
		"scaleX": 2,
		"scaleY": 2
	},
	{ "name": "item_tay", "parent": "arm_2", "x": 101.01, "y": -1.25 }
],
"slots": [
	{ "name": "bg_gane_play", "bone": "root", "color": "ffffff4f" },
	{ "name": "item", "bone": "item_1" },
	{ "name": "body", "bone": "hip", "color": "000000ff", "attachment": "body" },
	{ "name": "shoulder1", "bone": "shouder_1", "color": "000000ff" },
	{ "name": "shoulder3", "bone": "shouder_2", "color": "000000ff" },
	{ "name": "shoulder2", "bone": "arm_1", "color": "000000ff" },
	{ "name": "shoulder4", "bone": "arm_2", "color": "000000ff" },
	{ "name": "thigh", "bone": "thigh_1", "color": "000000ff", "attachment": "thigh" },
	{ "name": "thigh3", "bone": "thigh_2", "color": "000000ff", "attachment": "thigh" },
	{ "name": "thigh2", "bone": "leg_1", "color": "000000ff", "attachment": "thigh" },
	{ "name": "thigh4", "bone": "leg_2", "color": "000000ff", "attachment": "thigh" },
	{ "name": "head", "bone": "head", "attachment": "head" },
	{ "name": "hair", "bone": "hair_1" },
	{ "name": "Emoji", "bone": "emoji" },
	{ "name": "feeling_3", "bone": "feeling_3", "color": "000000ff" },
	{ "name": "feeling_5", "bone": "feeling_5" },
	{ "name": "feeling_4", "bone": "feeling_4" },
	{ "name": "feeling_1", "bone": "feeling_1" },
	{ "name": "feeling_2", "bone": "feeling_2" },
	{ "name": "item_tay", "bone": "item_tay" }
],
"ik": [
	{
		"name": "foot_1",
		"bones": [ "thigh_1", "leg_1" ],
		"target": "foot_2",
		"mix": 0,
		"stretch": true
	},
	{
		"name": "foot_2",
		"order": 1,
		"bones": [ "thigh_2", "leg_2" ],
		"target": "foot_3",
		"mix": 0,
		"stretch": true
	}
],
"skins": [
	{
		"name": "default",
		"attachments": {
			"body": {
				"body": {
					"type": "mesh",
					"uvs": [ 1, 1, 0, 1, 0, 0.875, 0, 0.75, 0, 0.625, 0, 0.5, 0, 0.375, 0, 0.25, 0, 0.125, 0, 0, 1, 0, 1, 0.125, 1, 0.25, 1, 0.375, 1, 0.5, 1, 0.625, 1, 0.75, 1, 0.875 ],
					"triangles": [ 8, 9, 10, 11, 8, 10, 7, 8, 11, 12, 7, 11, 6, 7, 12, 13, 6, 12, 5, 6, 13, 14, 5, 13, 4, 5, 14, 15, 4, 14, 3, 4, 15, 16, 3, 15, 2, 3, 16, 17, 2, 16, 1, 2, 17, 0, 1, 17 ],
					"vertices": [ 1, 4, -1.7, -5.5, 1, 1, 4, -1.7, 5.5, 1, 2, 4, 25.68, 5.5, 0.70301, 5, -1.29, 5.5, 0.29699, 2, 5, 26.08, 5.5, 0.65569, 6, -0.88, 5.5, 0.34431, 2, 6, 26.49, 5.5, 0.55905, 7, -0.48, 5.5, 0.44095, 2, 7, 26.9, 5.5, 0.51367, 8, -0.07, 5.5, 0.48633, 2, 8, 27.3, 5.5, 0.41705, 9, 0.33, 5.5, 0.58295, 2, 9, 27.71, 5.5, 0.38565, 10, 0.74, 5.5, 0.61435, 2, 10, 28.11, 5.5, 0.36868, 11, 1.14, 5.5, 0.63132, 1, 11, 28.52, 5.5, 1, 1, 11, 28.52, -5.5, 1, 2, 10, 28.11, -5.5, 0.3064, 11, 1.14, -5.5, 0.6936, 2, 9, 27.71, -5.5, 0.40945, 10, 0.74, -5.5, 0.59055, 2, 8, 27.3, -5.5, 0.44404, 9, 0.33, -5.5, 0.55596, 2, 7, 26.9, -5.5, 0.52991, 8, -0.07, -5.5, 0.47009, 2, 6, 26.49, -5.5, 0.58474, 7, -0.48, -5.5, 0.41526, 2, 5, 26.08, -5.5, 0.62061, 6, -0.88, -5.5, 0.37939, 2, 4, 25.68, -5.5, 0.65664, 5, -1.29, -5.5, 0.34336 ],
					"hull": 18
				}
			},
			"Emoji": {
				"Emoji/emo_17": { "x": 0.5, "y": 0.5, "width": 87, "height": 73 },
				"Emoji/emo_57_c": { "x": 0.5, "y": 0.5, "width": 101, "height": 101 },
				"Emoji/new/emo_24": { "y": 0.5, "width": 72, "height": 49 }
			},
			"feeling_1": {
				"ba_cham": { "width": 41, "height": 9 },
				"giat_minh": { "width": 70, "height": 66 }
			},
			"feeling_2": {
				"lap_lanh": { "width": 34, "height": 70 },
				"mo_hoi": { "x": 0.5, "y": 0.5, "width": 19, "height": 41 }
			},
			"feeling_3": {
				"cham_than": { "x": -18.07, "y": -0.4, "rotation": -96.51, "width": 17, "height": 57 }
			},
			"feeling_5": {
				"scare": { "y": 0.5, "width": 80, "height": 83 }
			},
			"head": {
				"head": { "x": 68.85, "rotation": -89.87, "width": 144, "height": 144 }
			},
			"shoulder1": {
				"shoulder": { "x": 49.22, "rotation": -90, "width": 15, "height": 105 }
			},
			"shoulder2": {
				"shoulder": { "x": 49.22, "rotation": -90, "width": 15, "height": 105 }
			},
			"shoulder3": {
				"shoulder": { "x": 49.22, "rotation": -90, "width": 15, "height": 105 }
			},
			"shoulder4": {
				"shoulder": { "x": 50.57, "rotation": -90, "width": 15, "height": 105 }
			},
			"thigh": {
				"thigh": { "x": 66.01, "rotation": -90, "width": 14, "height": 137 }
			},
			"thigh2": {
				"thigh": { "x": 66.01, "rotation": -90, "width": 14, "height": 137 }
			},
			"thigh3": {
				"thigh": { "x": 66.01, "rotation": -90, "width": 14, "height": 137 }
			},
			"thigh4": {
				"thigh": { "x": 66.01, "rotation": -90, "width": 14, "height": 137 }
			}
		}
	}
],
"animations": {
	"t_66_1_be": {
		"slots": {
			"body": {
				"rgba": [
					{ "color": "000000ff" }
				]
			},
			"Emoji": {
				"attachment": [
					{ "name": "Emoji/new/emo_24" }
				]
			},
			"feeling_1": {
				"attachment": [
					{ "name": "ba_cham" }
				]
			},
			"feeling_2": {
				"attachment": [
					{ "name": "mo_hoi" }
				]
			},
			"feeling_3": {
				"attachment": [
					{}
				]
			},
			"feeling_5": {
				"attachment": [
					{}
				]
			},
			"hair": {
				"attachment": [
					{}
				]
			},
			"head": {
				"rgba": [
					{ "color": "ffffffff" }
				],
				"attachment": [
					{ "name": "head" }
				]
			},
			"shoulder1": {
				"rgba": [
					{ "color": "000000ff" }
				],
				"attachment": [
					{}
				]
			},
			"shoulder2": {
				"rgba": [
					{ "color": "000000ff" }
				],
				"attachment": [
					{}
				]
			},
			"shoulder3": {
				"rgba": [
					{ "color": "000000ff" }
				],
				"attachment": [
					{ "name": "shoulder" }
				]
			},
			"shoulder4": {
				"rgba": [
					{ "color": "000000ff" }
				],
				"attachment": [
					{ "name": "shoulder" }
				]
			},
			"thigh": {
				"rgba": [
					{ "color": "000000ff" }
				]
			},
			"thigh2": {
				"rgba": [
					{ "color": "000000ff" }
				]
			},
			"thigh3": {
				"rgba": [
					{ "color": "000000ff" }
				]
			},
			"thigh4": {
				"rgba": [
					{ "color": "000000ff" }
				]
			}
		},
		"bones": {
			"head": {
				"rotate": [
					{ "value": -1.69 }
				],
				"translate": [
					{ "x": -13.5, "y": 2.22 }
				],
				"scale": [
					{}
				]
			},
			"root": {
				"rotate": [
					{}
				],
				"translate": [
					{}
				]
			},
			"main": {
				"rotate": [
					{ "value": 3.3 }
				],
				"translate": [
					{ "x": 0.42, "y": -19.23 }
				]
			},
			"hip": {
				"rotate": [
					{}
				],
				"translate": [
					{}
				]
			},
			"feeling_3": {
				"rotate": [
					{ "value": -81.39 }
				],
				"translate": [
					{ "x": 62.85, "y": 74.94 }
				],
				"scale": [
					{ "x": 0.957, "y": 0.957 }
				]
			},
			"emoji": {
				"rotate": [
					{ "value": -2.77 }
				],
				"translate": [
					{ "x": 18.52, "y": 2.45 }
				],
				"scale": [
					{ "x": 1.143, "y": 1.143 }
				]
			},
			"shouder_1": {
				"rotate": [
					{ "value": -43.62 }
				],
				"translate": [
					{ "x": 14.38, "y": -3.41 }
				],
				"scale": [
					{}
				],
				"shear": [
					{}
				]
			},
			"arm_1": {
				"rotate": [
					{ "value": 25.92 }
				],
				"translate": [
					{ "x": 2.02, "y": 0.08 }
				],
				"scale": [
					{}
				]
			},
			"shouder_2": {
				"rotate": [
					{ "value": 114.27 }
				],
				"translate": [
					{ "x": 31.28, "y": -4.8 }
				],
				"scale": [
					{}
				]
			},
			"arm_2": {
				"rotate": [
					{ "value": -21.68 }
				],
				"translate": [
					{}
				],
				"scale": [
					{}
				]
			},
			"thigh_1": {
				"rotate": [
					{ "value": -44.84 }
				],
				"translate": [
					{}
				],
				"scale": [
					{}
				]
			},
			"leg_1": {
				"rotate": [
					{ "value": 45.63 }
				],
				"translate": [
					{}
				],
				"scale": [
					{}
				]
			},
			"thigh_2": {
				"rotate": [
					{ "value": -37.54 }
				],
				"translate": [
					{}
				],
				"scale": [
					{}
				]
			},
			"leg_2": {
				"rotate": [
					{ "value": 38.6 }
				],
				"translate": [
					{}
				],
				"scale": [
					{}
				]
			},
			"foot_2": {
				"rotate": [
					{ "value": -1.35 }
				],
				"translate": [
					{ "x": 39.03, "y": 3.94 }
				]
			},
			"foot_3": {
				"rotate": [
					{}
				],
				"translate": [
					{ "x": -61.09, "y": -2.08 }
				]
			},
			"feeling_5": {
				"rotate": [
					{ "value": -122.82 }
				],
				"translate": [
					{ "x": -1.6, "y": -73.9 }
				],
				"scale": [
					{ "x": 0.43, "y": 0.44 }
				]
			},
			"move": {
				"translate": [
					{ "x": 119.99 }
				],
				"scale": [
					{ "x": -1 }
				]
			},
			"feeling_1": {
				"rotate": [
					{ "value": 17.73 }
				],
				"translate": [
					{ "x": -133.87, "y": -49.17 }
				],
				"scale": [
					{ "x": 1.412, "y": 1.412 }
				]
			},
			"feeling_2": {
				"rotate": [
					{ "value": 13.68 }
				],
				"translate": [
					{ "x": 16.63, "y": -112.19 }
				],
				"scale": [
					{ "x": 0.826, "y": 0.826 }
				]
			},
			"body": {
				"rotate": [
					{ "value": -1.36 }
				]
			},
			"body2": {
				"rotate": [
					{ "value": -1.36 }
				]
			},
			"body3": {
				"rotate": [
					{ "value": -1.36 }
				]
			},
			"body4": {
				"rotate": [
					{ "value": -1.36 }
				]
			},
			"body5": {
				"rotate": [
					{ "value": -1.36 }
				]
			},
			"body6": {
				"rotate": [
					{ "value": -1.36 }
				]
			},
			"body7": {
				"rotate": [
					{ "value": -1.36 }
				]
			},
			"body8": {
				"rotate": [
					{ "value": -1.36 }
				]
			},
			"hair_1": {
				"rotate": [
					{ "value": 10.09 }
				],
				"translate": [
					{ "x": 219.72, "y": 519.41 }
				],
				"scale": [
					{ "x": -1.351, "y": 1.351 }
				]
			}
		},
		"ik": {
			"foot_1": [
				{ "bendPositive": false, "stretch": true }
			],
			"foot_2": [
				{ "stretch": true }
			]
		},
		"drawOrder": [
			{
				"offsets": [
					{ "slot": "Emoji", "offset": 3 },
					{ "slot": "feeling_3", "offset": 3 }
				]
			}
		]
	},
	"t_66_1_lose": {
		"slots": {
			"body": {
				"rgba": [
					{ "color": "000000ff", "curve": "stepped" },
					{ "time": 0.8667, "color": "000000ff" }
				]
			},
			"Emoji": {
				"rgba": [
					{ "color": "ff6b6bff", "curve": "stepped" },
					{ "time": 0.8667, "color": "ff6b6bff" }
				],
				"attachment": [
					{ "name": "Emoji/emo_57_c" },
					{ "time": 0.8667, "name": "Emoji/emo_57_c" }
				]
			},
			"feeling_1": {
				"attachment": [
					{ "name": "giat_minh" },
					{ "time": 0.8667, "name": "giat_minh" }
				]
			},
			"feeling_2": {
				"attachment": [
					{ "name": "mo_hoi" },
					{ "time": 0.8667, "name": "mo_hoi" }
				]
			},
			"feeling_3": {
				"rgba": [
					{ "color": "ff7575ff", "curve": "stepped" },
					{ "time": 0.8667, "color": "ff7575ff" }
				],
				"attachment": [
					{ "name": "cham_than" },
					{ "time": 0.8667, "name": "cham_than" }
				]
			},
			"feeling_5": {
				"rgba": [
					{ "color": "fffc00ff", "curve": "stepped" },
					{ "time": 0.8667, "color": "fffc00ff" }
				],
				"attachment": [
					{ "name": "scare" },
					{ "time": 0.8667, "name": "scare" }
				]
			},
			"hair": {
				"attachment": [
					{},
					{ "time": 0.8667 }
				]
			},
			"head": {
				"rgba": [
					{ "color": "ffffffff", "curve": "stepped" },
					{ "time": 0.8667, "color": "ffffffff" }
				],
				"attachment": [
					{ "name": "head" },
					{ "time": 0.8667, "name": "head" }
				]
			},
			"shoulder1": {
				"rgba": [
					{ "color": "000000ff", "curve": "stepped" },
					{ "time": 0.8667, "color": "000000ff" }
				],
				"attachment": [
					{ "name": "shoulder" },
					{ "time": 0.8667, "name": "shoulder" }
				]
			},
			"shoulder2": {
				"rgba": [
					{ "color": "000000ff", "curve": "stepped" },
					{ "time": 0.8667, "color": "000000ff" }
				],
				"attachment": [
					{ "name": "shoulder" },
					{ "time": 0.8667, "name": "shoulder" }
				]
			},
			"shoulder3": {
				"rgba": [
					{ "color": "000000ff", "curve": "stepped" },
					{ "time": 0.8667, "color": "000000ff" }
				],
				"attachment": [
					{ "name": "shoulder" },
					{ "time": 0.8667, "name": "shoulder" }
				]
			},
			"shoulder4": {
				"rgba": [
					{ "color": "ff0000ff", "curve": "stepped" },
					{ "time": 0.8667, "color": "ff0000ff" }
				],
				"attachment": [
					{ "name": "shoulder" },
					{ "time": 0.8667, "name": "shoulder" }
				]
			},
			"thigh": {
				"rgba": [
					{ "color": "000000ff", "curve": "stepped" },
					{ "time": 0.8667, "color": "000000ff" }
				]
			},
			"thigh2": {
				"rgba": [
					{ "color": "000000ff", "curve": "stepped" },
					{ "time": 0.8667, "color": "000000ff" }
				]
			},
			"thigh3": {
				"rgba": [
					{ "color": "000000ff", "curve": "stepped" },
					{ "time": 0.8667, "color": "000000ff" }
				]
			},
			"thigh4": {
				"rgba": [
					{ "color": "000000ff", "curve": "stepped" },
					{ "time": 0.8667, "color": "000000ff" }
				]
			}
		},
		"bones": {
			"head": {
				"rotate": [
					{ "value": -1.69, "curve": "stepped" },
					{ "time": 0.8667, "value": -1.69 }
				],
				"translate": [
					{ "x": -13.5, "y": 2.22, "curve": "stepped" },
					{ "time": 0.8667, "x": -13.5, "y": 2.22 }
				],
				"scale": [
					{ "x": 1.158, "curve": "stepped" },
					{ "time": 0.8667, "x": 1.158 }
				]
			},
			"root": {
				"rotate": [
					{ "curve": "stepped" },
					{ "time": 0.8667 }
				],
				"translate": [
					{ "curve": "stepped" },
					{ "time": 0.8667 }
				]
			},
			"main": {
				"rotate": [
					{ "value": 3.3, "curve": "stepped" },
					{ "time": 0.8667, "value": 3.3 }
				],
				"translate": [
					{ "x": 13.34, "y": -15.59, "curve": "stepped" },
					{ "time": 0.8667, "x": 13.34, "y": -15.59 }
				]
			},
			"hip": {
				"rotate": [
					{ "curve": "stepped" },
					{ "time": 0.8667 }
				],
				"translate": [
					{ "curve": "stepped" },
					{ "time": 0.8667 }
				]
			},
			"feeling_3": {
				"rotate": [
					{ "value": -23.28, "curve": "stepped" },
					{ "time": 0.8667, "value": -23.28 }
				],
				"translate": [
					{ "x": 84.57, "y": -135.55, "curve": "stepped" },
					{ "time": 0.8667, "x": 84.57, "y": -135.55 }
				],
				"scale": [
					{ "x": 1.395, "y": 1.395, "curve": "stepped" },
					{ "time": 0.8667, "x": 1.395, "y": 1.395 }
				]
			},
			"emoji": {
				"rotate": [
					{ "value": -4.83, "curve": "stepped" },
					{ "time": 0.8667, "value": -4.83 }
				],
				"translate": [
					{ "x": 49.11, "y": 5.66, "curve": "stepped" },
					{ "time": 0.8667, "x": 49.11, "y": 5.66 }
				],
				"scale": [
					{ "x": 1.142, "y": 1.316, "curve": "stepped" },
					{ "time": 0.8667, "x": 1.142, "y": 1.316 }
				]
			},
			"shouder_1": {
				"rotate": [
					{ "value": 1.71, "curve": "stepped" },
					{ "time": 0.8667, "value": 1.71 }
				],
				"translate": [
					{ "x": 19.38, "y": -2.88, "curve": "stepped" },
					{ "time": 0.8667, "x": 19.38, "y": -2.88 }
				],
				"scale": [
					{ "curve": "stepped" },
					{ "time": 0.8667 }
				],
				"shear": [
					{ "curve": "stepped" },
					{ "time": 0.8667 }
				]
			},
			"arm_1": {
				"rotate": [
					{ "value": 25.92, "curve": "stepped" },
					{ "time": 0.8667, "value": 25.92 }
				],
				"translate": [
					{ "x": 2.02, "y": 0.08, "curve": "stepped" },
					{ "time": 0.8667, "x": 2.02, "y": 0.08 }
				],
				"scale": [
					{ "curve": "stepped" },
					{ "time": 0.8667 }
				]
			},
			"shouder_2": {
				"rotate": [
					{ "value": 41.08, "curve": "stepped" },
					{ "time": 0.8667, "value": 41.08 }
				],
				"translate": [
					{ "x": 31.28, "y": -4.8, "curve": "stepped" },
					{ "time": 0.8667, "x": 31.28, "y": -4.8 }
				],
				"scale": [
					{ "curve": "stepped" },
					{ "time": 0.8667 }
				]
			},
			"arm_2": {
				"rotate": [
					{ "value": 19.67, "curve": "stepped" },
					{ "time": 0.8667, "value": 19.67 }
				],
				"translate": [
					{ "x": 6.07, "y": 1.06, "curve": "stepped" },
					{ "time": 0.8667, "x": 6.07, "y": 1.06 }
				],
				"scale": [
					{ "x": 1.239, "curve": "stepped" },
					{ "time": 0.8667, "x": 1.239 }
				]
			},
			"thigh_1": {
				"rotate": [
					{ "value": -44.84, "curve": "stepped" },
					{ "time": 0.8667, "value": -44.84 }
				],
				"translate": [
					{ "curve": "stepped" },
					{ "time": 0.8667 }
				],
				"scale": [
					{ "curve": "stepped" },
					{ "time": 0.8667 }
				]
			},
			"leg_1": {
				"rotate": [
					{ "value": 45.63, "curve": "stepped" },
					{ "time": 0.8667, "value": 45.63 }
				],
				"translate": [
					{ "curve": "stepped" },
					{ "time": 0.8667 }
				],
				"scale": [
					{ "curve": "stepped" },
					{ "time": 0.8667 }
				]
			},
			"thigh_2": {
				"rotate": [
					{ "value": -37.54, "curve": "stepped" },
					{ "time": 0.8667, "value": -37.54 }
				],
				"translate": [
					{ "curve": "stepped" },
					{ "time": 0.8667 }
				],
				"scale": [
					{ "curve": "stepped" },
					{ "time": 0.8667 }
				]
			},
			"leg_2": {
				"rotate": [
					{ "value": 38.6, "curve": "stepped" },
					{ "time": 0.8667, "value": 38.6 }
				],
				"translate": [
					{ "curve": "stepped" },
					{ "time": 0.8667 }
				],
				"scale": [
					{ "curve": "stepped" },
					{ "time": 0.8667 }
				]
			},
			"foot_2": {
				"rotate": [
					{ "value": -1.35, "curve": "stepped" },
					{ "time": 0.8667, "value": -1.35 }
				],
				"translate": [
					{ "x": 39.03, "y": 3.94, "curve": "stepped" },
					{ "time": 0.8667, "x": 39.03, "y": 3.94 }
				]
			},
			"foot_3": {
				"rotate": [
					{ "curve": "stepped" },
					{ "time": 0.8667 }
				],
				"translate": [
					{ "x": -176.99, "y": 77.61, "curve": "stepped" },
					{ "time": 0.8667, "x": -176.99, "y": 77.61 }
				]
			},
			"feeling_5": {
				"rotate": [
					{ "value": 45.82, "curve": "stepped" },
					{ "time": 0.8667, "value": 45.82 }
				],
				"translate": [
					{ "x": -157.92, "y": 95.86, "curve": "stepped" },
					{ "time": 0.8667, "x": -157.92, "y": 95.86 }
				],
				"scale": [
					{
						"x": 1.008,
						"y": 0.583,
						"curve": [ 0.03, 1.008, 0.064, 1.351, 0.03, 0.583, 0.064, 0.781 ]
					},
					{
						"time": 0.1,
						"x": 1.959,
						"y": 1.132,
						"curve": [ 0.129, 1.78, 0.176, 1.008, 0.129, 1.029, 0.176, 0.583 ]
					},
					{ "time": 0.2, "x": 1.008, "y": 0.583, "curve": "stepped" },
					{
						"time": 0.3333,
						"x": 1.008,
						"y": 0.583,
						"curve": [ 0.363, 1.008, 0.397, 1.351, 0.363, 0.583, 0.397, 0.781 ]
					},
					{
						"time": 0.4333,
						"x": 1.959,
						"y": 1.132,
						"curve": [ 0.463, 1.78, 0.509, 1.008, 0.463, 1.029, 0.509, 0.583 ]
					},
					{ "time": 0.5333, "x": 1.008, "y": 0.583, "curve": "stepped" },
					{
						"time": 0.6333,
						"x": 1.008,
						"y": 0.583,
						"curve": [ 0.663, 1.008, 0.697, 1.351, 0.663, 0.583, 0.697, 0.781 ]
					},
					{
						"time": 0.7333,
						"x": 1.959,
						"y": 1.132,
						"curve": [ 0.763, 1.78, 0.809, 1.008, 0.763, 1.029, 0.809, 0.583 ]
					},
					{ "time": 0.8333, "x": 1.008, "y": 0.583, "curve": "stepped" },
					{ "time": 0.8667, "x": 1.008, "y": 0.583 }
				],
				"shear": [
					{ "curve": "stepped" },
					{ "time": 0.8667 }
				]
			},
			"move": {
				"translate": [
					{ "x": 119.99, "curve": "stepped" },
					{ "time": 0.8667, "x": 119.99 }
				],
				"scale": [
					{ "x": -1, "curve": "stepped" },
					{ "time": 0.8667, "x": -1 }
				]
			},
			"feeling_1": {
				"rotate": [
					{ "value": 78.57, "curve": "stepped" },
					{ "time": 0.8667, "value": 78.57 }
				],
				"translate": [
					{ "x": -61.15, "y": 70.8, "curve": "stepped" },
					{ "time": 0.8667, "x": -61.15, "y": 70.8 }
				],
				"scale": [
					{ "x": 1.3, "y": 1.3, "curve": "stepped" },
					{ "time": 0.8667, "x": 1.3, "y": 1.3 }
				]
			},
			"feeling_2": {
				"rotate": [
					{ "value": 153.24, "curve": "stepped" },
					{ "time": 0.8667, "value": 153.24 }
				],
				"translate": [
					{ "x": 42.59, "y": 13.23, "curve": "stepped" },
					{ "time": 0.8667, "x": 42.59, "y": 13.23 }
				],
				"scale": [
					{ "x": -0.901, "y": 1.386, "curve": "stepped" },
					{ "time": 0.8667, "x": -0.901, "y": 1.386 }
				]
			},
			"body": {
				"rotate": [
					{ "value": -1.36, "curve": "stepped" },
					{ "time": 0.8667, "value": -1.36 }
				]
			},
			"body2": {
				"rotate": [
					{ "value": -1.36, "curve": "stepped" },
					{ "time": 0.8667, "value": -1.36 }
				]
			},
			"body3": {
				"rotate": [
					{ "value": -1.36, "curve": "stepped" },
					{ "time": 0.8667, "value": -1.36 }
				]
			},
			"body4": {
				"rotate": [
					{ "value": -1.36, "curve": "stepped" },
					{ "time": 0.8667, "value": -1.36 }
				]
			},
			"body5": {
				"rotate": [
					{ "value": -1.36, "curve": "stepped" },
					{ "time": 0.8667, "value": -1.36 }
				]
			},
			"body6": {
				"rotate": [
					{ "value": -1.36, "curve": "stepped" },
					{ "time": 0.8667, "value": -1.36 }
				]
			},
			"body7": {
				"rotate": [
					{ "value": -1.36, "curve": "stepped" },
					{ "time": 0.8667, "value": -1.36 }
				]
			},
			"body8": {
				"rotate": [
					{ "value": -1.36, "curve": "stepped" },
					{ "time": 0.8667, "value": -1.36 }
				]
			},
			"hair_1": {
				"rotate": [
					{ "value": 10.09, "curve": "stepped" },
					{ "time": 0.8667, "value": 10.09 }
				],
				"translate": [
					{ "x": 219.72, "y": 519.41, "curve": "stepped" },
					{ "time": 0.8667, "x": 219.72, "y": 519.41 }
				],
				"scale": [
					{ "x": -1.351, "y": 1.351, "curve": "stepped" },
					{ "time": 0.8667, "x": -1.351, "y": 1.351 }
				]
			}
		},
		"ik": {
			"foot_1": [
				{
					"bendPositive": false,
					"stretch": true,
					"curve": [ 0.217, 1, 0.65, 1, 0.217, 0, 0.65, 0 ]
				},
				{ "time": 0.8667, "bendPositive": false, "stretch": true }
			],
			"foot_2": [
				{
					"stretch": true,
					"curve": [ 0.217, 1, 0.65, 1, 0.217, 0, 0.65, 0 ]
				},
				{ "time": 0.8667, "stretch": true }
			]
		},
		"drawOrder": [
			{
				"offsets": [
					{ "slot": "shoulder1", "offset": 4 },
					{ "slot": "shoulder2", "offset": 3 },
					{ "slot": "shoulder4", "offset": 7 },
					{ "slot": "feeling_5", "offset": 3 },
					{ "slot": "feeling_1", "offset": -5 }
				]
			},
			{
				"time": 0.8667,
				"offsets": [
					{ "slot": "shoulder1", "offset": 4 },
					{ "slot": "shoulder2", "offset": 3 },
					{ "slot": "shoulder4", "offset": 7 },
					{ "slot": "feeling_5", "offset": 3 },
					{ "slot": "feeling_1", "offset": -5 }
				]
			}
		]
	},
	"t_66_1_win": {
		"slots": {
			"body": {
				"rgba": [
					{ "color": "000000ff", "curve": "stepped" },
					{ "time": 0.0333, "color": "000000ff" }
				]
			},
			"Emoji": {
				"attachment": [
					{ "name": "Emoji/emo_17" },
					{ "time": 0.0333, "name": "Emoji/emo_17" }
				]
			},
			"feeling_1": {
				"attachment": [
					{},
					{ "time": 0.0333 }
				]
			},
			"feeling_2": {
				"attachment": [
					{ "name": "lap_lanh" },
					{ "time": 0.0333, "name": "lap_lanh" }
				]
			},
			"feeling_3": {
				"attachment": [
					{},
					{ "time": 0.0333 }
				]
			},
			"feeling_5": {
				"attachment": [
					{},
					{ "time": 0.0333 }
				]
			},
			"hair": {
				"attachment": [
					{},
					{ "time": 0.0333 }
				]
			},
			"head": {
				"rgba": [
					{ "color": "ffffffff", "curve": "stepped" },
					{ "time": 0.0333, "color": "ffffffff" }
				],
				"attachment": [
					{ "name": "head" },
					{ "time": 0.0333, "name": "head" }
				]
			},
			"shoulder1": {
				"rgba": [
					{ "color": "000000ff", "curve": "stepped" },
					{ "time": 0.0333, "color": "000000ff" }
				],
				"attachment": [
					{ "name": "shoulder" },
					{ "time": 0.0333, "name": "shoulder" }
				]
			},
			"shoulder2": {
				"rgba": [
					{ "color": "000000ff", "curve": "stepped" },
					{ "time": 0.0333, "color": "000000ff" }
				],
				"attachment": [
					{ "name": "shoulder" },
					{ "time": 0.0333, "name": "shoulder" }
				]
			},
			"shoulder3": {
				"rgba": [
					{ "color": "000000ff", "curve": "stepped" },
					{ "time": 0.0333, "color": "000000ff" }
				],
				"attachment": [
					{ "name": "shoulder" },
					{ "time": 0.0333, "name": "shoulder" }
				]
			},
			"shoulder4": {
				"rgba": [
					{ "color": "000000ff", "curve": "stepped" },
					{ "time": 0.0333, "color": "000000ff" }
				],
				"attachment": [
					{ "name": "shoulder" },
					{ "time": 0.0333, "name": "shoulder" }
				]
			},
			"thigh": {
				"rgba": [
					{ "color": "000000ff", "curve": "stepped" },
					{ "time": 0.0333, "color": "000000ff" }
				]
			},
			"thigh2": {
				"rgba": [
					{ "color": "000000ff", "curve": "stepped" },
					{ "time": 0.0333, "color": "000000ff" }
				]
			},
			"thigh3": {
				"rgba": [
					{ "color": "000000ff", "curve": "stepped" },
					{ "time": 0.0333, "color": "000000ff" }
				]
			},
			"thigh4": {
				"rgba": [
					{ "color": "000000ff", "curve": "stepped" },
					{ "time": 0.0333, "color": "000000ff" }
				]
			}
		},
		"bones": {
			"head": {
				"rotate": [
					{ "value": 1.27, "curve": "stepped" },
					{ "time": 0.0333, "value": 1.27 }
				],
				"translate": [
					{ "x": 0.22, "y": -7.21, "curve": "stepped" },
					{ "time": 0.0333, "x": 0.22, "y": -7.21 }
				],
				"scale": [
					{ "curve": "stepped" },
					{ "time": 0.0333 }
				]
			},
			"root": {
				"rotate": [
					{ "curve": "stepped" },
					{ "time": 0.0333 }
				],
				"translate": [
					{ "curve": "stepped" },
					{ "time": 0.0333 }
				]
			},
			"main": {
				"rotate": [
					{ "value": -11.63, "curve": "stepped" },
					{ "time": 0.0333, "value": -11.63 }
				],
				"translate": [
					{ "x": -7.1, "y": 4.56, "curve": "stepped" },
					{ "time": 0.0333, "x": -7.1, "y": 4.56 }
				]
			},
			"hip": {
				"rotate": [
					{ "curve": "stepped" },
					{ "time": 0.0333 }
				],
				"translate": [
					{ "curve": "stepped" },
					{ "time": 0.0333 }
				]
			},
			"body": {
				"rotate": [
					{ "value": 10.26, "curve": "stepped" },
					{ "time": 0.0333, "value": 10.26 }
				],
				"translate": [
					{ "curve": "stepped" },
					{ "time": 0.0333 }
				]
			},
			"body2": {
				"rotate": [
					{ "value": 3.71, "curve": "stepped" },
					{ "time": 0.0333, "value": 3.71 }
				],
				"translate": [
					{ "curve": "stepped" },
					{ "time": 0.0333 }
				]
			},
			"body3": {
				"rotate": [
					{ "value": 3.71, "curve": "stepped" },
					{ "time": 0.0333, "value": 3.71 }
				],
				"translate": [
					{ "curve": "stepped" },
					{ "time": 0.0333 }
				]
			},
			"body4": {
				"rotate": [
					{ "value": 2.8, "curve": "stepped" },
					{ "time": 0.0333, "value": 2.8 }
				],
				"translate": [
					{ "curve": "stepped" },
					{ "time": 0.0333 }
				]
			},
			"body5": {
				"rotate": [
					{ "value": 0.73, "curve": "stepped" },
					{ "time": 0.0333, "value": 0.73 }
				],
				"translate": [
					{ "curve": "stepped" },
					{ "time": 0.0333 }
				]
			},
			"body6": {
				"rotate": [
					{ "value": 4.29, "curve": "stepped" },
					{ "time": 0.0333, "value": 4.29 }
				],
				"translate": [
					{ "curve": "stepped" },
					{ "time": 0.0333 }
				]
			},
			"body7": {
				"rotate": [
					{ "value": 3.71, "curve": "stepped" },
					{ "time": 0.0333, "value": 3.71 }
				],
				"translate": [
					{ "curve": "stepped" },
					{ "time": 0.0333 }
				]
			},
			"body8": {
				"rotate": [
					{ "value": 3.71, "curve": "stepped" },
					{ "time": 0.0333, "value": 3.71 }
				],
				"translate": [
					{ "curve": "stepped" },
					{ "time": 0.0333 }
				]
			},
			"feeling_3": {
				"rotate": [
					{ "curve": "stepped" },
					{ "time": 0.0333 }
				],
				"translate": [
					{ "curve": "stepped" },
					{ "time": 0.0333 }
				]
			},
			"emoji": {
				"rotate": [
					{ "value": 4.04, "curve": "stepped" },
					{ "time": 0.0333, "value": 4.04 }
				],
				"translate": [
					{ "x": 2.61, "y": -13.18, "curve": "stepped" },
					{ "time": 0.0333, "x": 2.61, "y": -13.18 }
				],
				"scale": [
					{ "x": -1.022, "y": 1.022, "curve": "stepped" },
					{ "time": 0.0333, "x": -1.022, "y": 1.022 }
				]
			},
			"shouder_1": {
				"rotate": [
					{ "value": -43.13, "curve": "stepped" },
					{ "time": 0.0333, "value": -43.13 }
				],
				"translate": [
					{ "x": 33.47, "y": -1.46, "curve": "stepped" },
					{ "time": 0.0333, "x": 33.47, "y": -1.46 }
				],
				"scale": [
					{ "curve": "stepped" },
					{ "time": 0.0333 }
				],
				"shear": [
					{ "y": 1, "curve": "stepped" },
					{ "time": 0.0333, "y": 1 }
				]
			},
			"arm_1": {
				"rotate": [
					{ "value": 57.93, "curve": "stepped" },
					{ "time": 0.0333, "value": 57.93 }
				],
				"translate": [
					{ "x": 2.02, "y": 0.08, "curve": "stepped" },
					{ "time": 0.0333, "x": 2.02, "y": 0.08 }
				],
				"scale": [
					{ "curve": "stepped" },
					{ "time": 0.0333 }
				]
			},
			"shouder_2": {
				"rotate": [
					{ "value": 52.96, "curve": "stepped" },
					{ "time": 0.0333, "value": 52.96 }
				],
				"translate": [
					{ "x": 31.83, "y": -2.01, "curve": "stepped" },
					{ "time": 0.0333, "x": 31.83, "y": -2.01 }
				],
				"scale": [
					{ "curve": "stepped" },
					{ "time": 0.0333 }
				]
			},
			"arm_2": {
				"rotate": [
					{ "value": 58.61, "curve": "stepped" },
					{ "time": 0.0333, "value": 58.61 }
				],
				"scale": [
					{ "curve": "stepped" },
					{ "time": 0.0333 }
				]
			},
			"thigh_1": {
				"rotate": [
					{ "value": -6.18, "curve": "stepped" },
					{ "time": 0.0333, "value": -6.18 }
				],
				"translate": [
					{ "curve": "stepped" },
					{ "time": 0.0333 }
				]
			},
			"leg_1": {
				"rotate": [
					{ "value": 5.22, "curve": "stepped" },
					{ "time": 0.0333, "value": 5.22 }
				],
				"translate": [
					{ "curve": "stepped" },
					{ "time": 0.0333 }
				]
			},
			"thigh_2": {
				"rotate": [
					{ "value": 2.51, "curve": "stepped" },
					{ "time": 0.0333, "value": 2.51 }
				],
				"translate": [
					{ "curve": "stepped" },
					{ "time": 0.0333 }
				],
				"scale": [
					{ "curve": "stepped" },
					{ "time": 0.0333 }
				]
			},
			"leg_2": {
				"rotate": [
					{ "value": 3.66, "curve": "stepped" },
					{ "time": 0.0333, "value": 3.66 }
				],
				"translate": [
					{ "curve": "stepped" },
					{ "time": 0.0333 }
				]
			},
			"foot_2": {
				"rotate": [
					{ "curve": "stepped" },
					{ "time": 0.0333 }
				],
				"translate": [
					{ "x": -56.58, "y": 1.41, "curve": "stepped" },
					{ "time": 0.0333, "x": -56.58, "y": 1.41 }
				]
			},
			"foot_3": {
				"rotate": [
					{ "value": 3.11, "curve": "stepped" },
					{ "time": 0.0333, "value": 3.11 }
				],
				"translate": [
					{ "x": 36.11, "y": 0.84, "curve": "stepped" },
					{ "time": 0.0333, "x": 36.11, "y": 0.84 }
				]
			},
			"feeling_5": {
				"rotate": [
					{ "curve": "stepped" },
					{ "time": 0.0333 }
				],
				"translate": [
					{ "curve": "stepped" },
					{ "time": 0.0333 }
				]
			},
			"feeling_1": {
				"rotate": [
					{ "value": 38.59, "curve": "stepped" },
					{ "time": 0.0333, "value": 38.59 }
				],
				"translate": [
					{ "x": -93.52, "y": -1.93, "curve": "stepped" },
					{ "time": 0.0333, "x": -93.52, "y": -1.93 }
				],
				"scale": [
					{ "x": -1.909, "y": 1.909, "curve": "stepped" },
					{ "time": 0.0333, "x": -1.909, "y": 1.909 }
				]
			},
			"feeling_2": {
				"rotate": [
					{ "value": -125.92, "curve": "stepped" },
					{ "time": 0.0333, "value": -125.92 }
				],
				"translate": [
					{ "x": -106.8, "y": -57.01, "curve": "stepped" },
					{ "time": 0.0333, "x": -106.8, "y": -57.01 }
				],
				"scale": [
					{ "x": 1.229, "y": 1.229, "curve": "stepped" },
					{ "time": 0.0333, "x": 1.229, "y": 1.229 }
				]
			},
			"move": {
				"translate": [
					{ "x": 119.99, "curve": "stepped" },
					{ "time": 0.0333, "x": 119.99 }
				],
				"scale": [
					{ "curve": "stepped" },
					{ "time": 0.0333 }
				]
			},
			"item_1": {
				"rotate": [
					{ "value": 20.66, "curve": "stepped" },
					{ "time": 0.0333, "value": 20.66 }
				],
				"translate": [
					{ "x": -36.36, "y": 157.86, "curve": "stepped" },
					{ "time": 0.0333, "x": -36.36, "y": 157.86 }
				],
				"scale": [
					{ "x": -0.675, "y": 0.675, "curve": "stepped" },
					{ "time": 0.0333, "x": -0.675, "y": 0.675 }
				]
			},
			"hair_1": {
				"rotate": [
					{ "value": 42.17, "curve": "stepped" },
					{ "time": 0.0333, "value": 42.17 }
				],
				"translate": [
					{ "x": -17.34, "y": 545.97, "curve": "stepped" },
					{ "time": 0.0333, "x": -17.34, "y": 545.97 }
				],
				"scale": [
					{ "x": -1.375, "y": 1.375, "curve": "stepped" },
					{ "time": 0.0333, "x": -1.375, "y": 1.375 }
				]
			}
		},
		"ik": {
			"foot_1": [
				{
					"bendPositive": false,
					"stretch": true,
					"curve": [ 0.008, 1, 0.025, 1, 0.008, 0, 0.025, 0 ]
				},
				{ "time": 0.0333, "bendPositive": false, "stretch": true }
			],
			"foot_2": [
				{
					"bendPositive": false,
					"stretch": true,
					"curve": [ 0.008, 1, 0.025, 1, 0.008, 0, 0.025, 0 ]
				},
				{ "time": 0.0333, "bendPositive": false, "stretch": true }
			]
		},
		"drawOrder": [
			{
				"offsets": [
					{ "slot": "item", "offset": 17 },
					{ "slot": "shoulder4", "offset": -4 }
				]
			},
			{
				"time": 0.0333,
				"offsets": [
					{ "slot": "item", "offset": 17 },
					{ "slot": "shoulder4", "offset": -4 }
				]
			}
		]
	}
}
}