{"frames": [

{
	"filename": "bg",
	"frame": {"x":1,"y":1,"w":1080,"h":1145},
	"rotated": false,
	"trimmed": false,
	"spriteSourceSize": {"x":0,"y":0,"w":1080,"h":1145},
	"sourceSize": {"w":1080,"h":1145}
},
{
	"filename": "cot_go",
	"frame": {"x":1314,"y":705,"w":41,"h":199},
	"rotated": false,
	"trimmed": false,
	"spriteSourceSize": {"x":0,"y":0,"w":41,"h":199},
	"sourceSize": {"w":41,"h":199}
},
{
	"filename": "da_1",
	"frame": {"x":1434,"y":566,"w":105,"h":62},
	"rotated": false,
	"trimmed": true,
	"spriteSourceSize": {"x":7,"y":7,"w":105,"h":62},
	"sourceSize": {"w":119,"h":76}
},
{
	"filename": "da_1_hot",
	"frame": {"x":1314,"y":566,"w":119,"h":76},
	"rotated": false,
	"trimmed": false,
	"spriteSourceSize": {"x":0,"y":0,"w":119,"h":76},
	"sourceSize": {"w":119,"h":76}
},
{
	"filename": "da_3",
	"frame": {"x":1314,"y":643,"w":88,"h":61},
	"rotated": false,
	"trimmed": true,
	"spriteSourceSize": {"x":7,"y":7,"w":88,"h":61},
	"sourceSize": {"w":102,"h":75}
},
{
	"filename": "da_3_hot",
	"frame": {"x":1434,"y":629,"w":101,"h":75},
	"rotated": false,
	"trimmed": true,
	"spriteSourceSize": {"x":0,"y":0,"w":101,"h":75},
	"sourceSize": {"w":102,"h":75}
},
{
	"filename": "day_buoc",
	"frame": {"x":1154,"y":566,"w":159,"h":178},
	"rotated": false,
	"trimmed": false,
	"spriteSourceSize": {"x":0,"y":0,"w":159,"h":178},
	"sourceSize": {"w":159,"h":178}
},
{
	"filename": "day_keo_cang",
	"frame": {"x":1082,"y":253,"w":71,"h":846},
	"rotated": false,
	"trimmed": false,
	"spriteSourceSize": {"x":0,"y":0,"w":71,"h":846},
	"sourceSize": {"w":71,"h":846}
},
{
	"filename": "xe",
	"frame": {"x":1154,"y":253,"w":389,"h":312},
	"rotated": false,
	"trimmed": false,
	"spriteSourceSize": {"x":0,"y":0,"w":389,"h":312},
	"sourceSize": {"w":389,"h":312}
},
{
	"filename": "xe_hong",
	"frame": {"x":1082,"y":1,"w":478,"h":251},
	"rotated": false,
	"trimmed": false,
	"spriteSourceSize": {"x":0,"y":0,"w":478,"h":251},
	"sourceSize": {"w":478,"h":251}
}],
"meta": {
	"app": "https://www.codeandweb.com/texturepacker",
	"version": "1.0",
	"image": "props.png",
	"format": "RGBA8888",
	"size": {"w":1561,"h":1147},
	"scale": "1",
	"smartupdate": "$TexturePacker:SmartUpdate:b457bf32ad32d4d222fdbaab8862bddb:28e5a010afd98236f36e2c3bb352dba6:f4c39b94f5b79b4c461da96ae5609d50$"
}
}
