{"frames": [

{
	"filename": "bg",
	"frame": {"x":1,"y":928,"w":1080,"h":65},
	"rotated": false,
	"trimmed": false,
	"spriteSourceSize": {"x":0,"y":0,"w":1080,"h":65},
	"sourceSize": {"w":1080,"h":65}
},
{
	"filename": "bg2",
	"frame": {"x":1,"y":1,"w":1080,"h":630},
	"rotated": false,
	"trimmed": false,
	"spriteSourceSize": {"x":0,"y":0,"w":1080,"h":630},
	"sourceSize": {"w":1080,"h":630}
},
{
	"filename": "den",
	"frame": {"x":1468,"y":787,"w":114,"h":207},
	"rotated": false,
	"trimmed": true,
	"spriteSourceSize": {"x":7,"y":7,"w":114,"h":207},
	"sourceSize": {"w":128,"h":221}
},
{
	"filename": "den_hot",
	"frame": {"x":1678,"y":572,"w":126,"h":221},
	"rotated": false,
	"trimmed": true,
	"spriteSourceSize": {"x":1,"y":0,"w":126,"h":221},
	"sourceSize": {"w":128,"h":221}
},
{
	"filename": "ke_mpham",
	"frame": {"x":1541,"y":1,"w":270,"h":570},
	"rotated": false,
	"trimmed": false,
	"spriteSourceSize": {"x":0,"y":0,"w":270,"h":570},
	"sourceSize": {"w":270,"h":570}
},
{
	"filename": "ke_mpham2",
	"frame": {"x":1082,"y":1,"w":458,"h":570},
	"rotated": false,
	"trimmed": false,
	"spriteSourceSize": {"x":0,"y":0,"w":458,"h":570},
	"sourceSize": {"w":458,"h":570}
},
{
	"filename": "thap_lon_after",
	"frame": {"x":793,"y":632,"w":451,"h":277},
	"rotated": false,
	"trimmed": false,
	"spriteSourceSize": {"x":0,"y":0,"w":451,"h":277},
	"sourceSize": {"w":451,"h":277}
},
{
	"filename": "thap_lon_before",
	"frame": {"x":1245,"y":572,"w":222,"h":395},
	"rotated": false,
	"trimmed": false,
	"spriteSourceSize": {"x":0,"y":0,"w":222,"h":395},
	"sourceSize": {"w":222,"h":395}
},
{
	"filename": "tu_do_3",
	"frame": {"x":1,"y":632,"w":791,"h":295},
	"rotated": false,
	"trimmed": false,
	"spriteSourceSize": {"x":0,"y":0,"w":791,"h":295},
	"sourceSize": {"w":791,"h":295}
},
{
	"filename": "xe_day_hang",
	"frame": {"x":1468,"y":572,"w":209,"h":214},
	"rotated": false,
	"trimmed": false,
	"spriteSourceSize": {"x":0,"y":0,"w":209,"h":214},
	"sourceSize": {"w":209,"h":214}
}],
"meta": {
	"app": "https://www.codeandweb.com/texturepacker",
	"version": "1.0",
	"image": "props.png",
	"format": "RGBA8888",
	"size": {"w":1812,"h":995},
	"scale": "1",
	"smartupdate": "$TexturePacker:SmartUpdate:748457e637d5b2e81405b4548098d635:1cd12bba4bae99db25835a0eeedeb343:f4c39b94f5b79b4c461da96ae5609d50$"
}
}
