{"frames": [

{
	"filename": "bg",
	"frame": {"x":1,"y":1,"w":55,"h":1232},
	"rotated": false,
	"trimmed": false,
	"spriteSourceSize": {"x":0,"y":0,"w":55,"h":1232},
	"sourceSize": {"w":55,"h":1232}
},
{
	"filename": "cot",
	"frame": {"x":661,"y":24,"w":162,"h":736},
	"rotated": false,
	"trimmed": false,
	"spriteSourceSize": {"x":0,"y":0,"w":162,"h":736},
	"sourceSize": {"w":162,"h":736}
},
{
	"filename": "danh_nhau",
	"frame": {"x":175,"y":981,"w":273,"h":203},
	"rotated": false,
	"trimmed": false,
	"spriteSourceSize": {"x":0,"y":0,"w":273,"h":203},
	"sourceSize": {"w":273,"h":203}
},
{
	"filename": "day_thung",
	"frame": {"x":57,"y":761,"w":26,"h":320},
	"rotated": false,
	"trimmed": false,
	"spriteSourceSize": {"x":0,"y":0,"w":26,"h":320},
	"sourceSize": {"w":26,"h":320}
},
{
	"filename": "den_chum",
	"frame": {"x":84,"y":761,"w":194,"h":219},
	"rotated": false,
	"trimmed": false,
	"spriteSourceSize": {"x":0,"y":0,"w":194,"h":219},
	"sourceSize": {"w":194,"h":219}
},
{
	"filename": "diem_neo_tranh_vuong",
	"frame": {"x":449,"y":299,"w":103,"h":103},
	"rotated": false,
	"trimmed": true,
	"spriteSourceSize": {"x":7,"y":7,"w":103,"h":103},
	"sourceSize": {"w":117,"h":117}
},
{
	"filename": "diem_neo_tranh_vuong_hot",
	"frame": {"x":57,"y":1082,"w":117,"h":117},
	"rotated": false,
	"trimmed": false,
	"spriteSourceSize": {"x":0,"y":0,"w":117,"h":117},
	"sourceSize": {"w":117,"h":117}
},
{
	"filename": "giuong_lv_35",
	"frame": {"x":57,"y":24,"w":603,"h":274},
	"rotated": false,
	"trimmed": false,
	"spriteSourceSize": {"x":0,"y":0,"w":603,"h":274},
	"sourceSize": {"w":603,"h":274}
},
{
	"filename": "item_kim_cuong",
	"frame": {"x":553,"y":299,"w":88,"h":102},
	"rotated": false,
	"trimmed": true,
	"spriteSourceSize": {"x":26,"y":3,"w":88,"h":102},
	"sourceSize": {"w":136,"h":130}
},
{
	"filename": "trap_laze",
	"frame": {"x":84,"y":981,"w":52,"h":83},
	"rotated": false,
	"trimmed": false,
	"spriteSourceSize": {"x":0,"y":0,"w":52,"h":83},
	"sourceSize": {"w":52,"h":83}
},
{
	"filename": "trap_tia_laze",
	"frame": {"x":57,"y":1,"w":787,"h":22},
	"rotated": false,
	"trimmed": false,
	"spriteSourceSize": {"x":0,"y":0,"w":787,"h":22},
	"sourceSize": {"w":787,"h":22}
}],
"meta": {
	"app": "https://www.codeandweb.com/texturepacker",
	"version": "1.0",
	"image": "props.png",
	"format": "RGBA8888",
	"size": {"w":845,"h":1234},
	"scale": "1",
	"smartupdate": "$TexturePacker:SmartUpdate:ce0fd33d070dc03af64110efaaffd325:7d0a3889e523296225331b48944e7b8f:f4c39b94f5b79b4c461da96ae5609d50$"
}
}
