{"frames": [

{
	"filename": "bg_rung",
	"frame": {"x":1050,"y":1,"w":530,"h":606},
	"rotated": false,
	"trimmed": false,
	"spriteSourceSize": {"x":0,"y":0,"w":530,"h":606},
	"sourceSize": {"w":530,"h":606}
},
{
	"filename": "cay_1",
	"frame": {"x":1,"y":1,"w":1048,"h":1141},
	"rotated": false,
	"trimmed": false,
	"spriteSourceSize": {"x":0,"y":0,"w":1048,"h":1141},
	"sourceSize": {"w":1048,"h":1141}
},
{
	"filename": "con_qua",
	"frame": {"x":1050,"y":839,"w":175,"h":125},
	"rotated": false,
	"trimmed": false,
	"spriteSourceSize": {"x":0,"y":0,"w":175,"h":125},
	"sourceSize": {"w":175,"h":125}
},
{
	"filename": "diem_neo_la_1",
	"frame": {"x":1122,"y":1059,"w":58,"h":67},
	"rotated": false,
	"trimmed": true,
	"spriteSourceSize": {"x":7,"y":7,"w":58,"h":67},
	"sourceSize": {"w":72,"h":81}
},
{
	"filename": "diem_neo_la_1_hot",
	"frame": {"x":1050,"y":1059,"w":71,"h":80},
	"rotated": false,
	"trimmed": true,
	"spriteSourceSize": {"x":0,"y":0,"w":71,"h":80},
	"sourceSize": {"w":72,"h":81}
},
{
	"filename": "dieu",
	"frame": {"x":1050,"y":608,"w":352,"h":230},
	"rotated": false,
	"trimmed": false,
	"spriteSourceSize": {"x":0,"y":0,"w":352,"h":230},
	"sourceSize": {"w":352,"h":230}
},
{
	"filename": "qua_mo",
	"frame": {"x":1050,"y":965,"w":169,"h":93},
	"rotated": false,
	"trimmed": false,
	"spriteSourceSize": {"x":0,"y":0,"w":169,"h":93},
	"sourceSize": {"w":169,"h":93}
}],
"meta": {
	"app": "https://www.codeandweb.com/texturepacker",
	"version": "1.0",
	"image": "props.png",
	"format": "RGBA8888",
	"size": {"w":1581,"h":1143},
	"scale": "1",
	"smartupdate": "$TexturePacker:SmartUpdate:42e2bb1ba300ba35792d9e6fa64dc92e:63181518b937f922b2d81bd43005c465:f4c39b94f5b79b4c461da96ae5609d50$"
}
}
