{"frames": [

{
	"filename": "bg_rung2",
	"frame": {"x":1,"y":933,"w":539,"h":773},
	"rotated": false,
	"trimmed": false,
	"spriteSourceSize": {"x":0,"y":0,"w":539,"h":773},
	"sourceSize": {"w":539,"h":773}
},
{
	"filename": "cay 1",
	"frame": {"x":1,"y":1,"w":1624,"h":931},
	"rotated": false,
	"trimmed": false,
	"spriteSourceSize": {"x":0,"y":0,"w":1624,"h":931},
	"sourceSize": {"w":1624,"h":931}
},
{
	"filename": "cho1",
	"frame": {"x":1430,"y":1142,"w":176,"h":200},
	"rotated": false,
	"trimmed": false,
	"spriteSourceSize": {"x":0,"y":0,"w":176,"h":200},
	"sourceSize": {"w":176,"h":200}
},
{
	"filename": "cho2",
	"frame": {"x":1430,"y":1343,"w":151,"h":144},
	"rotated": false,
	"trimmed": false,
	"spriteSourceSize": {"x":0,"y":0,"w":151,"h":144},
	"sourceSize": {"w":151,"h":144}
},
{
	"filename": "con_ran",
	"frame": {"x":1094,"y":1142,"w":120,"h":524},
	"rotated": false,
	"trimmed": false,
	"spriteSourceSize": {"x":0,"y":0,"w":120,"h":524},
	"sourceSize": {"w":120,"h":524}
},
{
	"filename": "dau_ran",
	"frame": {"x":1367,"y":1608,"w":66,"h":57},
	"rotated": false,
	"trimmed": false,
	"spriteSourceSize": {"x":0,"y":0,"w":66,"h":57},
	"sourceSize": {"w":66,"h":57}
},
{
	"filename": "diem_neo_qua_tao",
	"frame": {"x":1297,"y":1608,"w":69,"h":75},
	"rotated": false,
	"trimmed": true,
	"spriteSourceSize": {"x":7,"y":7,"w":69,"h":75},
	"sourceSize": {"w":83,"h":89}
},
{
	"filename": "diem_neo_qua_tao_hot",
	"frame": {"x":1215,"y":1608,"w":81,"h":89},
	"rotated": false,
	"trimmed": true,
	"spriteSourceSize": {"x":1,"y":0,"w":81,"h":89},
	"sourceSize": {"w":83,"h":89}
},
{
	"filename": "nen_dat",
	"frame": {"x":541,"y":933,"w":1080,"h":208},
	"rotated": false,
	"trimmed": false,
	"spriteSourceSize": {"x":0,"y":0,"w":1080,"h":208},
	"sourceSize": {"w":1080,"h":208}
},
{
	"filename": "no",
	"frame": {"x":1215,"y":1410,"w":198,"h":197},
	"rotated": false,
	"trimmed": false,
	"spriteSourceSize": {"x":0,"y":0,"w":198,"h":197},
	"sourceSize": {"w":198,"h":197}
},
{
	"filename": "trap_thung_thuoc_no",
	"frame": {"x":1215,"y":1142,"w":214,"h":267},
	"rotated": false,
	"trimmed": false,
	"spriteSourceSize": {"x":0,"y":0,"w":214,"h":267},
	"sourceSize": {"w":214,"h":267}
},
{
	"filename": "vach_dat",
	"frame": {"x":541,"y":1142,"w":552,"h":530},
	"rotated": false,
	"trimmed": false,
	"spriteSourceSize": {"x":0,"y":0,"w":552,"h":530},
	"sourceSize": {"w":552,"h":530}
}],
"meta": {
	"app": "https://www.codeandweb.com/texturepacker",
	"version": "1.0",
	"image": "props.png",
	"format": "RGBA8888",
	"size": {"w":1626,"h":1707},
	"scale": "1",
	"smartupdate": "$TexturePacker:SmartUpdate:52d3c15595ffba13737dbf7f0a26eb97:a7826ec4ead3e8ec3f5765d61c4d903d:f4c39b94f5b79b4c461da96ae5609d50$"
}
}
