{"frames": [

{
	"filename": "bg_nen_nha",
	"frame": {"x":1284,"y":1,"w":34,"h":471},
	"rotated": false,
	"trimmed": false,
	"spriteSourceSize": {"x":0,"y":0,"w":34,"h":471},
	"sourceSize": {"w":34,"h":471}
},
{
	"filename": "bg_tran_nha",
	"frame": {"x":1,"y":685,"w":1080,"h":91},
	"rotated": false,
	"trimmed": false,
	"spriteSourceSize": {"x":0,"y":0,"w":1080,"h":91},
	"sourceSize": {"w":1080,"h":91}
},
{
	"filename": "bg_tran_nha_ext",
	"frame": {"x":1082,"y":312,"w":100,"h":91},
	"rotated": false,
	"trimmed": false,
	"spriteSourceSize": {"x":0,"y":0,"w":100,"h":91},
	"sourceSize": {"w":100,"h":91}
},
{
	"filename": "bg_tuong",
	"frame": {"x":1,"y":1,"w":1080,"h":683},
	"rotated": false,
	"trimmed": false,
	"spriteSourceSize": {"x":0,"y":0,"w":1080,"h":683},
	"sourceSize": {"w":1080,"h":683}
},
{
	"filename": "cot_go",
	"frame": {"x":1319,"y":322,"w":41,"h":199},
	"rotated": false,
	"trimmed": false,
	"spriteSourceSize": {"x":0,"y":0,"w":41,"h":199},
	"sourceSize": {"w":41,"h":199}
},
{
	"filename": "day_thung",
	"frame": {"x":1319,"y":1,"w":26,"h":320},
	"rotated": false,
	"trimmed": false,
	"spriteSourceSize": {"x":0,"y":0,"w":26,"h":320},
	"sourceSize": {"w":26,"h":320}
},
{
	"filename": "day_troi",
	"frame": {"x":1179,"y":726,"w":88,"h":42},
	"rotated": false,
	"trimmed": false,
	"spriteSourceSize": {"x":0,"y":0,"w":88,"h":42},
	"sourceSize": {"w":88,"h":42}
},
{
	"filename": "den_bao_keu",
	"frame": {"x":1082,"y":191,"w":125,"h":120},
	"rotated": false,
	"trimmed": false,
	"spriteSourceSize": {"x":0,"y":0,"w":125,"h":120},
	"sourceSize": {"w":125,"h":120}
},
{
	"filename": "den_bao_tat",
	"frame": {"x":1183,"y":360,"w":78,"h":78},
	"rotated": false,
	"trimmed": false,
	"spriteSourceSize": {"x":0,"y":0,"w":78,"h":78},
	"sourceSize": {"w":78,"h":78}
},
{
	"filename": "diem_neo_den",
	"frame": {"x":1208,"y":191,"w":71,"h":168},
	"rotated": false,
	"trimmed": true,
	"spriteSourceSize": {"x":7,"y":7,"w":71,"h":168},
	"sourceSize": {"w":85,"h":182}
},
{
	"filename": "diem_neo_den_hot",
	"frame": {"x":1263,"y":522,"w":85,"h":182},
	"rotated": false,
	"trimmed": false,
	"spriteSourceSize": {"x":0,"y":0,"w":85,"h":182},
	"sourceSize": {"w":85,"h":182}
},
{
	"filename": "hom_vang",
	"frame": {"x":1082,"y":1,"w":201,"h":189},
	"rotated": false,
	"trimmed": false,
	"spriteSourceSize": {"x":0,"y":0,"w":201,"h":189},
	"sourceSize": {"w":201,"h":189}
},
{
	"filename": "moc_treo_khan",
	"frame": {"x":1179,"y":473,"w":83,"h":252},
	"rotated": false,
	"trimmed": true,
	"spriteSourceSize": {"x":7,"y":7,"w":83,"h":252},
	"sourceSize": {"w":97,"h":266}
},
{
	"filename": "moc_treo_khan_hot",
	"frame": {"x":1082,"y":473,"w":96,"h":265},
	"rotated": false,
	"trimmed": true,
	"spriteSourceSize": {"x":0,"y":0,"w":96,"h":265},
	"sourceSize": {"w":97,"h":266}
}],
"meta": {
	"app": "https://www.codeandweb.com/texturepacker",
	"version": "1.0",
	"image": "props.png",
	"format": "RGBA8888",
	"size": {"w":1361,"h":777},
	"scale": "1",
	"smartupdate": "$TexturePacker:SmartUpdate:5e012e726039cd5b80e5e980f94c0d5e:5678ac94905a6f55591d6768235154b3:f4c39b94f5b79b4c461da96ae5609d50$"
}
}
