{
"skeleton": { "hash": "o0ceTkWsoS4", "spine": "4.1.24", "x": -388.28, "y": -425.09, "width": 724.41, "height": 1282.48 },
"bones": [
	{ "name": "root", "rotation": 0.2 },
	{ "name": "move", "parent": "root", "x": -119.99, "scaleX": -1 },
	{ "name": "main", "parent": "move", "y": 256.6 },
	{ "name": "hip", "parent": "main" },
	{ "name": "body", "parent": "hip", "length": 26.97, "rotation": 90 },
	{ "name": "body2", "parent": "body", "length": 26.97, "x": 26.97 },
	{ "name": "body3", "parent": "body2", "length": 26.97, "x": 26.97 },
	{ "name": "body4", "parent": "body3", "length": 26.97, "rotation": -0.06, "x": 26.97 },
	{ "name": "body5", "parent": "body4", "length": 26.97, "x": 26.97 },
	{ "name": "body6", "parent": "body5", "length": 26.97, "x": 26.97 },
	{ "name": "body7", "parent": "body6", "length": 26.97, "x": 26.97 },
	{ "name": "body8", "parent": "body7", "length": 26.97, "x": 26.97 },
	{ "name": "head", "parent": "body8", "length": 135.67, "x": 24.75 },
	{ "name": "feeling_3", "parent": "head", "rotation": -0.18, "x": 87.53, "y": 30.96 },
	{ "name": "emoji", "parent": "head", "rotation": -90, "x": 62, "y": 1.49 },
	{ "name": "shouder_1", "parent": "body7", "length": 100.06, "rotation": -90, "x": 15.39, "y": 0.02 },
	{ "name": "arm_1", "parent": "shouder_1", "length": 100.06, "x": 94.79 },
	{ "name": "shouder_2", "parent": "body7", "length": 100.06, "rotation": 90, "x": 15.39, "y": 0.02 },
	{ "name": "arm_2", "parent": "shouder_2", "length": 100.06, "x": 94.79 },
	{ "name": "thigh_1", "parent": "main", "length": 134.15, "rotation": -90, "x": -0.54, "y": 4.23 },
	{ "name": "leg_1", "parent": "thigh_1", "length": 134.15, "x": 128.14 },
	{ "name": "thigh_2", "parent": "main", "length": 134.15, "rotation": -90, "x": -0.1, "y": 4.23 },
	{ "name": "leg_2", "parent": "thigh_2", "length": 134.15, "x": 128.14 },
	{ "name": "foot_2", "parent": "move", "x": 0.16, "y": -2.18 },
	{ "name": "foot_3", "parent": "move", "x": 0.1, "y": -2.12 },
	{
		"name": "feeling_5",
		"parent": "head",
		"rotation": -0.18,
		"x": 87.53,
		"y": -25.11,
		"scaleX": 2,
		"scaleY": 2
	},
	{ "name": "item_1", "parent": "move", "x": -1.93, "y": 450.24 },
	{ "name": "feeling_1", "parent": "main", "rotation": -20.17, "x": 72.35, "y": 376.02 },
	{ "name": "feeling_2", "parent": "main", "rotation": -20.17, "x": 72.35, "y": 376.02 },
	{ "name": "hair_1", "parent": "main", "rotation": 0.07, "x": -120, "y": -254.77 },
	{
		"name": "feeling_4",
		"parent": "head",
		"rotation": -0.18,
		"x": 87.53,
		"y": -25.11,
		"scaleX": 2,
		"scaleY": 2
	},
	{ "name": "item_tay", "parent": "arm_2", "x": 101.01, "y": -1.25 }
],
"slots": [
	{ "name": "bg_gane_play", "bone": "root", "color": "ffffff4f" },
	{ "name": "item", "bone": "item_1" },
	{ "name": "body", "bone": "hip", "color": "000000ff", "attachment": "body" },
	{ "name": "shoulder1", "bone": "shouder_1", "color": "000000ff" },
	{ "name": "shoulder3", "bone": "shouder_2", "color": "000000ff" },
	{ "name": "shoulder2", "bone": "arm_1", "color": "000000ff" },
	{ "name": "shoulder4", "bone": "arm_2", "color": "000000ff" },
	{ "name": "thigh", "bone": "thigh_1", "color": "000000ff", "attachment": "thigh" },
	{ "name": "thigh3", "bone": "thigh_2", "color": "000000ff", "attachment": "thigh" },
	{ "name": "thigh2", "bone": "leg_1", "color": "000000ff", "attachment": "thigh" },
	{ "name": "thigh4", "bone": "leg_2", "color": "000000ff", "attachment": "thigh" },
	{ "name": "head", "bone": "head", "attachment": "head" },
	{ "name": "hair", "bone": "hair_1" },
	{ "name": "Emoji", "bone": "emoji" },
	{ "name": "feeling_3", "bone": "feeling_3", "color": "000000ff" },
	{ "name": "feeling_5", "bone": "feeling_5" },
	{ "name": "feeling_4", "bone": "feeling_4" },
	{ "name": "feeling_1", "bone": "feeling_1" },
	{ "name": "feeling_2", "bone": "feeling_2" },
	{ "name": "item_tay", "bone": "item_tay" }
],
"ik": [
	{
		"name": "foot_1",
		"bones": [ "thigh_1", "leg_1" ],
		"target": "foot_2",
		"mix": 0,
		"stretch": true
	},
	{
		"name": "foot_2",
		"order": 1,
		"bones": [ "thigh_2", "leg_2" ],
		"target": "foot_3",
		"mix": 0,
		"stretch": true
	}
],
"skins": [
	{
		"name": "default",
		"attachments": {
			"body": {
				"body": {
					"type": "mesh",
					"uvs": [ 1, 1, 0, 1, 0, 0.875, 0, 0.75, 0, 0.625, 0, 0.5, 0, 0.375, 0, 0.25, 0, 0.125, 0, 0, 1, 0, 1, 0.125, 1, 0.25, 1, 0.375, 1, 0.5, 1, 0.625, 1, 0.75, 1, 0.875 ],
					"triangles": [ 8, 9, 10, 11, 8, 10, 7, 8, 11, 12, 7, 11, 6, 7, 12, 13, 6, 12, 5, 6, 13, 14, 5, 13, 4, 5, 14, 15, 4, 14, 3, 4, 15, 16, 3, 15, 2, 3, 16, 17, 2, 16, 1, 2, 17, 0, 1, 17 ],
					"vertices": [ 1, 4, -1.7, -5.5, 1, 1, 4, -1.7, 5.5, 1, 2, 4, 25.68, 5.5, 0.70301, 5, -1.29, 5.5, 0.29699, 2, 5, 26.08, 5.5, 0.65569, 6, -0.88, 5.5, 0.34431, 2, 6, 26.49, 5.5, 0.55905, 7, -0.48, 5.5, 0.44095, 2, 7, 26.9, 5.5, 0.51367, 8, -0.07, 5.5, 0.48633, 2, 8, 27.3, 5.5, 0.41705, 9, 0.33, 5.5, 0.58295, 2, 9, 27.71, 5.5, 0.38565, 10, 0.74, 5.5, 0.61435, 2, 10, 28.11, 5.5, 0.36868, 11, 1.14, 5.5, 0.63132, 1, 11, 28.52, 5.5, 1, 1, 11, 28.52, -5.5, 1, 2, 10, 28.11, -5.5, 0.3064, 11, 1.14, -5.5, 0.6936, 2, 9, 27.71, -5.5, 0.40945, 10, 0.74, -5.5, 0.59055, 2, 8, 27.3, -5.5, 0.44404, 9, 0.33, -5.5, 0.55596, 2, 7, 26.9, -5.5, 0.52991, 8, -0.07, -5.5, 0.47009, 2, 6, 26.49, -5.5, 0.58474, 7, -0.48, -5.5, 0.41526, 2, 5, 26.08, -5.5, 0.62061, 6, -0.88, -5.5, 0.37939, 2, 4, 25.68, -5.5, 0.65664, 5, -1.29, -5.5, 0.34336 ],
					"hull": 18
				}
			},
			"Emoji": {
				"Emoji/dau lau": { "y": 0.5, "width": 114, "height": 105 },
				"Emoji/emo_1": { "x": 0.5, "y": 0.5, "width": 113, "height": 87 },
				"Emoji/emo_18b": { "x": 0.5, "width": 87, "height": 64 },
				"Emoji/emo_48": { "x": 0.5, "y": 0.5, "width": 55, "height": 71 },
				"Emoji/emo_66": { "x": 0.5, "width": 115, "height": 112 },
				"Emoji/emo_68b": { "width": 110, "height": 142 },
				"Emoji/emo_74": { "x": 0.5, "y": 0.5, "scaleX": -1, "width": 90, "height": 95 }
			},
			"feeling_1": {
				"Emoji/hoi_cham": { "scaleX": 1.6014, "scaleY": 1.3256, "width": 30, "height": 52 },
				"rung": { "x": 0.5, "rotation": 13.67, "width": 18, "height": 51 }
			},
			"feeling_2": {
				"Emoji/hoi_cham": { "width": 30, "height": 52 },
				"rung": { "x": 0.5, "scaleX": -1, "rotation": 20.07, "width": 18, "height": 51 },
				"scare": { "y": 0.5, "width": 80, "height": 83 }
			},
			"feeling_3": {
				"giat_minh": { "rotation": -96.51, "width": 70, "height": 66 },
				"rung": { "x": 1, "y": -1.54, "width": 18, "height": 51 }
			},
			"feeling_4": {
				"Emoji/hoi_cham": { "width": 30, "height": 52 },
				"khoi": { "y": 0.5, "width": 153, "height": 107 }
			},
			"feeling_5": {
				"Emoji/hoi_cham": { "width": 30, "height": 52 },
				"khoi": { "y": 0.5, "width": 153, "height": 107 },
				"rung": { "x": 0.5, "width": 18, "height": 51 }
			},
			"hair": {
				"hair/man/mu_5": { "y": 0.5, "width": 152, "height": 77 },
				"hair/man/mu_sau_5": { "x": 0.5, "width": 151, "height": 116 }
			},
			"head": {
				"head": { "x": 68.85, "rotation": -89.87, "width": 144, "height": 144 }
			},
			"item": {
				"item/tia_set": { "x": 0.5, "scaleX": 4.6339, "scaleY": 4.6339, "width": 137, "height": 225 }
			},
			"shoulder1": {
				"shoulder": { "x": 49.22, "rotation": -90, "width": 15, "height": 105 }
			},
			"shoulder2": {
				"shoulder": { "x": 49.22, "rotation": -90, "width": 15, "height": 105 }
			},
			"shoulder3": {
				"shoulder": { "x": 49.22, "rotation": -90, "width": 15, "height": 105 }
			},
			"shoulder4": {
				"shoulder": { "x": 50.57, "rotation": -90, "width": 15, "height": 105 }
			},
			"thigh": {
				"thigh": { "x": 66.01, "rotation": -90, "width": 14, "height": 137 }
			},
			"thigh2": {
				"thigh": { "x": 66.01, "rotation": -90, "width": 14, "height": 137 }
			},
			"thigh3": {
				"thigh": { "x": 66.01, "rotation": -90, "width": 14, "height": 137 }
			},
			"thigh4": {
				"thigh": { "x": 66.01, "rotation": -90, "width": 14, "height": 137 }
			}
		}
	}
],
"animations": {
	"t_151_1_be": {
		"slots": {
			"body": {
				"rgba": [
					{ "color": "000000ff" }
				]
			},
			"Emoji": {
				"attachment": [
					{ "name": "Emoji/emo_48" }
				]
			},
			"feeling_1": {
				"attachment": [
					{}
				]
			},
			"feeling_2": {
				"attachment": [
					{}
				]
			},
			"feeling_3": {
				"attachment": [
					{}
				]
			},
			"feeling_5": {
				"attachment": [
					{ "name": "rung" }
				]
			},
			"hair": {
				"attachment": [
					{}
				]
			},
			"head": {
				"rgba": [
					{ "color": "ffffffff" }
				]
			},
			"shoulder1": {
				"rgba": [
					{ "color": "000000ff" }
				],
				"attachment": [
					{ "name": "shoulder" }
				]
			},
			"shoulder2": {
				"rgba": [
					{ "color": "000000ff" }
				],
				"attachment": [
					{ "name": "shoulder" }
				]
			},
			"shoulder3": {
				"rgba": [
					{ "color": "000000ff" }
				],
				"attachment": [
					{}
				]
			},
			"shoulder4": {
				"rgba": [
					{ "color": "000000ff" }
				],
				"attachment": [
					{}
				]
			},
			"thigh": {
				"rgba": [
					{ "color": "000000ff" }
				]
			},
			"thigh2": {
				"rgba": [
					{ "color": "000000ff" }
				]
			},
			"thigh3": {
				"rgba": [
					{ "color": "000000ff" }
				]
			},
			"thigh4": {
				"rgba": [
					{ "color": "000000ff" }
				]
			}
		},
		"bones": {
			"head": {
				"rotate": [
					{ "value": -19.71 }
				],
				"translate": [
					{ "x": -1.85, "y": 12.82 }
				],
				"scale": [
					{ "y": -1 }
				]
			},
			"root": {
				"rotate": [
					{}
				],
				"translate": [
					{}
				]
			},
			"main": {
				"rotate": [
					{ "value": 4.08 }
				],
				"translate": [
					{ "x": -121.9, "y": -35.93 }
				]
			},
			"hip": {
				"rotate": [
					{}
				],
				"translate": [
					{}
				]
			},
			"body": {
				"rotate": [
					{ "value": 1.66 }
				],
				"translate": [
					{}
				]
			},
			"body2": {
				"rotate": [
					{ "value": 1.66 }
				],
				"translate": [
					{}
				]
			},
			"body3": {
				"rotate": [
					{ "value": 1.66 }
				],
				"translate": [
					{}
				]
			},
			"body4": {
				"rotate": [
					{ "value": 1.66 }
				],
				"translate": [
					{}
				]
			},
			"body5": {
				"rotate": [
					{ "value": 1.66 }
				],
				"translate": [
					{}
				]
			},
			"body6": {
				"rotate": [
					{ "value": 1.66 }
				],
				"translate": [
					{}
				]
			},
			"body7": {
				"rotate": [
					{ "value": 1.66 }
				],
				"translate": [
					{}
				]
			},
			"body8": {
				"rotate": [
					{ "value": 1.66 }
				],
				"translate": [
					{}
				]
			},
			"feeling_3": {
				"rotate": [
					{}
				],
				"translate": [
					{}
				]
			},
			"emoji": {
				"rotate": [
					{ "value": 33.2 }
				],
				"translate": [
					{ "x": 10.5, "y": -37.72 }
				],
				"scale": [
					{ "x": 1.058, "y": 1.058 }
				]
			},
			"shouder_1": {
				"rotate": [
					{ "value": -65.74 }
				],
				"translate": [
					{ "x": 31.3, "y": -3.35 }
				],
				"scale": [
					{ "x": 1.037 }
				],
				"shear": [
					{}
				]
			},
			"arm_1": {
				"rotate": [
					{ "value": -25.75 }
				],
				"translate": [
					{ "x": 2.02, "y": 0.08 }
				],
				"scale": [
					{}
				]
			},
			"shouder_2": {
				"rotate": [
					{ "value": 59.12 }
				],
				"translate": [
					{ "x": 25.88, "y": 1.61 }
				]
			},
			"arm_2": {
				"rotate": [
					{ "value": -49.83 }
				],
				"translate": [
					{}
				]
			},
			"thigh_1": {
				"rotate": [
					{ "value": -45.2 }
				],
				"translate": [
					{}
				],
				"scale": [
					{}
				]
			},
			"leg_1": {
				"rotate": [
					{ "value": 42.37 }
				],
				"translate": [
					{}
				]
			},
			"thigh_2": {
				"rotate": [
					{ "value": 0.61 }
				],
				"translate": [
					{}
				],
				"scale": [
					{}
				]
			},
			"leg_2": {
				"rotate": [
					{ "value": 43.64 }
				],
				"translate": [
					{}
				]
			},
			"foot_2": {
				"rotate": [
					{}
				],
				"translate": [
					{ "x": -223.95, "y": 3.85 }
				]
			},
			"foot_3": {
				"rotate": [
					{}
				],
				"translate": [
					{ "x": -24.94, "y": 3.87 }
				]
			},
			"feeling_5": {
				"rotate": [
					{ "value": -71.04 }
				],
				"translate": [
					{ "x": -39.79, "y": 111.4 }
				],
				"scale": [
					{ "x": 0.534, "y": 0.534 }
				]
			},
			"feeling_1": {
				"rotate": [
					{ "value": 46.47 }
				],
				"translate": [
					{ "x": -175.76, "y": 46.32 }
				],
				"scale": [
					{ "x": -1.05, "y": 1.05 }
				]
			},
			"feeling_2": {
				"rotate": [
					{ "value": -7.11 }
				],
				"translate": [
					{ "x": -141.51, "y": -154.31 }
				],
				"scale": [
					{ "x": -1, "y": 1.391 }
				]
			},
			"hair_1": {
				"rotate": [
					{ "value": -30.18 }
				],
				"translate": [
					{ "x": 95.03, "y": 572.33 }
				],
				"scale": [
					{ "x": 0.798, "y": 0.798 }
				]
			}
		},
		"ik": {
			"foot_1": [
				{ "stretch": true }
			],
			"foot_2": [
				{ "stretch": true }
			]
		},
		"drawOrder": [
			{
				"offsets": [
					{ "slot": "shoulder4", "offset": -3 },
					{ "slot": "feeling_2", "offset": -5 }
				]
			}
		]
	},
	"t_151_1_lose": {
		"slots": {
			"body": {
				"rgba": [
					{ "color": "000000ff" }
				]
			},
			"Emoji": {
				"attachment": [
					{ "name": "Emoji/emo_18b" }
				]
			},
			"feeling_1": {
				"rgba": [
					{ "color": "ffffffff" }
				],
				"attachment": [
					{}
				]
			},
			"feeling_2": {
				"attachment": [
					{}
				]
			},
			"feeling_3": {
				"rgba": [
					{ "color": "ffffffff" }
				],
				"attachment": [
					{}
				]
			},
			"feeling_4": {
				"attachment": [
					{}
				]
			},
			"feeling_5": {
				"rgba": [
					{ "color": "ffffffff" }
				],
				"attachment": [
					{}
				]
			},
			"head": {
				"rgba": [
					{ "color": "ffd7d7ff" }
				],
				"attachment": [
					{ "name": "head" }
				]
			},
			"shoulder1": {
				"rgba": [
					{ "color": "000000ff" }
				],
				"attachment": [
					{ "name": "shoulder" }
				]
			},
			"shoulder2": {
				"rgba": [
					{ "color": "000000ff" }
				],
				"attachment": [
					{ "name": "shoulder" }
				]
			},
			"shoulder3": {
				"rgba": [
					{ "color": "000000ff" }
				],
				"attachment": [
					{ "name": "shoulder" }
				]
			},
			"shoulder4": {
				"rgba": [
					{ "color": "000000ff" }
				],
				"attachment": [
					{ "name": "shoulder" }
				]
			},
			"thigh": {
				"rgba": [
					{ "color": "000000ff" }
				]
			},
			"thigh2": {
				"rgba": [
					{ "color": "000000ff" }
				]
			},
			"thigh3": {
				"rgba": [
					{ "color": "000000ff" }
				]
			},
			"thigh4": {
				"rgba": [
					{ "color": "000000ff" }
				]
			}
		},
		"bones": {
			"head": {
				"rotate": [
					{ "value": 4.46 }
				],
				"translate": [
					{ "x": -31.69, "y": -4.87 }
				],
				"scale": [
					{}
				]
			},
			"root": {
				"rotate": [
					{}
				],
				"translate": [
					{}
				]
			},
			"main": {
				"rotate": [
					{ "value": 2.87 }
				],
				"translate": [
					{ "x": -5.17, "y": -37.51 }
				]
			},
			"hip": {
				"rotate": [
					{}
				],
				"translate": [
					{}
				]
			},
			"body": {
				"rotate": [
					{ "value": 2.33 }
				],
				"translate": [
					{}
				],
				"scale": [
					{}
				]
			},
			"body2": {
				"rotate": [
					{ "value": 2.33 }
				],
				"translate": [
					{}
				],
				"scale": [
					{}
				]
			},
			"body3": {
				"rotate": [
					{ "value": 2.33 }
				],
				"translate": [
					{}
				],
				"scale": [
					{}
				]
			},
			"body4": {
				"rotate": [
					{ "value": 2.33 }
				],
				"translate": [
					{}
				],
				"scale": [
					{}
				]
			},
			"body5": {
				"rotate": [
					{ "value": 2.33 }
				],
				"translate": [
					{}
				],
				"scale": [
					{}
				]
			},
			"body6": {
				"rotate": [
					{ "value": 2.33 }
				],
				"translate": [
					{}
				],
				"scale": [
					{}
				]
			},
			"body7": {
				"rotate": [
					{ "value": 2.33 }
				],
				"translate": [
					{}
				],
				"scale": [
					{}
				]
			},
			"body8": {
				"rotate": [
					{ "value": 2.33 }
				],
				"translate": [
					{}
				],
				"scale": [
					{}
				]
			},
			"feeling_3": {
				"rotate": [
					{ "value": -14.39 }
				],
				"translate": [
					{ "x": -34.35, "y": -79.65 }
				],
				"scale": [
					{ "x": 0.755, "y": 0.755 }
				]
			},
			"emoji": {
				"rotate": [
					{ "value": -19.69 }
				],
				"translate": [
					{ "x": 4.51, "y": -11.79 }
				],
				"scale": [
					{ "x": -1.107, "y": 1.107 }
				]
			},
			"shouder_1": {
				"rotate": [
					{ "value": -67.88 }
				],
				"translate": [
					{ "x": 7.68, "y": -5.73 }
				],
				"scale": [
					{}
				]
			},
			"arm_1": {
				"rotate": [
					{ "value": -14.63 }
				],
				"translate": [
					{ "x": 2.02, "y": 0.08 }
				],
				"scale": [
					{}
				]
			},
			"shouder_2": {
				"rotate": [
					{ "value": 60.73 }
				],
				"translate": [
					{ "x": 6.11, "y": -0.71 }
				],
				"scale": [
					{}
				]
			},
			"arm_2": {
				"rotate": [
					{ "value": -36.19 }
				],
				"translate": [
					{}
				],
				"scale": [
					{}
				]
			},
			"thigh_1": {
				"rotate": [
					{ "value": -40.55 }
				],
				"translate": [
					{}
				],
				"scale": [
					{ "x": 1.019 }
				]
			},
			"leg_1": {
				"rotate": [
					{ "value": 24.09 }
				],
				"translate": [
					{}
				]
			},
			"thigh_2": {
				"rotate": [
					{ "value": -2.68 }
				],
				"translate": [
					{}
				],
				"scale": [
					{}
				]
			},
			"leg_2": {
				"rotate": [
					{ "value": 38.96 }
				],
				"translate": [
					{}
				]
			},
			"foot_2": {
				"rotate": [
					{}
				],
				"translate": [
					{ "x": -101.58, "y": -2.27 }
				]
			},
			"foot_3": {
				"rotate": [
					{}
				],
				"translate": [
					{ "x": 99.17, "y": 1.07 }
				]
			},
			"feeling_5": {
				"rotate": [
					{ "value": 168.12 }
				],
				"translate": [
					{ "x": -25.98, "y": -48.65 }
				],
				"scale": [
					{}
				],
				"shear": [
					{}
				]
			},
			"feeling_1": {
				"rotate": [
					{ "value": 13.09 }
				],
				"translate": [
					{ "x": -164.99, "y": -122.77 }
				],
				"scale": [
					{ "x": 0.676, "y": 0.676 }
				]
			},
			"feeling_2": {
				"rotate": [
					{ "value": -43.84 }
				],
				"translate": [
					{ "x": -183.35, "y": -353.27 }
				],
				"scale": [
					{ "x": 1.399, "y": 1.399 }
				]
			},
			"move": {
				"translate": [
					{ "x": 119.99, "y": -0.41 }
				],
				"scale": [
					{ "x": -1 }
				]
			},
			"feeling_4": {
				"rotate": [
					{ "value": -34.21 }
				],
				"translate": [
					{ "x": -323.79, "y": 182.08 }
				],
				"scale": [
					{ "x": 0.81, "y": 0.81 }
				]
			}
		},
		"ik": {
			"foot_1": [
				{ "stretch": true }
			],
			"foot_2": [
				{ "stretch": true }
			]
		},
		"drawOrder": [
			{
				"offsets": [
					{ "slot": "shoulder1", "offset": 6 },
					{ "slot": "shoulder3", "offset": 0 },
					{ "slot": "shoulder2", "offset": 5 }
				]
			}
		]
	},
	"t_151_1_lose2": {
		"slots": {
			"body": {
				"rgba": [
					{ "color": "000000ff", "curve": "stepped" },
					{ "time": 0.2, "color": "000000ff" }
				]
			},
			"Emoji": {
				"attachment": [
					{},
					{ "time": 0.1, "name": "Emoji/dau lau" },
					{ "time": 0.2 }
				]
			},
			"feeling_1": {
				"attachment": [
					{},
					{ "time": 0.2 }
				]
			},
			"feeling_2": {
				"attachment": [
					{},
					{ "time": 0.2 }
				]
			},
			"feeling_3": {
				"attachment": [
					{},
					{ "time": 0.2 }
				]
			},
			"feeling_5": {
				"attachment": [
					{},
					{ "time": 0.2 }
				]
			},
			"head": {
				"rgba": [
					{ "color": "000000ff", "curve": "stepped" },
					{ "time": 0.2, "color": "000000ff" }
				],
				"attachment": [
					{ "name": "head" },
					{ "time": 0.2, "name": "head" }
				]
			},
			"item": {
				"rgba": [
					{ "color": "ffffffff", "curve": "stepped" },
					{ "time": 0.1, "color": "ffd059ff", "curve": "stepped" },
					{ "time": 0.2, "color": "ffffffff" }
				],
				"attachment": [
					{ "name": "item/tia_set" },
					{ "time": 0.2, "name": "item/tia_set" }
				]
			},
			"shoulder1": {
				"rgba": [
					{ "color": "000000ff", "curve": "stepped" },
					{ "time": 0.2, "color": "000000ff" }
				],
				"attachment": [
					{ "name": "shoulder" },
					{ "time": 0.2, "name": "shoulder" }
				]
			},
			"shoulder2": {
				"rgba": [
					{ "color": "000000ff", "curve": "stepped" },
					{ "time": 0.2, "color": "000000ff" }
				],
				"attachment": [
					{ "name": "shoulder" },
					{ "time": 0.2, "name": "shoulder" }
				]
			},
			"shoulder3": {
				"rgba": [
					{ "color": "000000ff", "curve": "stepped" },
					{ "time": 0.2, "color": "000000ff" }
				],
				"attachment": [
					{ "name": "shoulder" },
					{ "time": 0.2, "name": "shoulder" }
				]
			},
			"shoulder4": {
				"rgba": [
					{ "color": "000000ff", "curve": "stepped" },
					{ "time": 0.2, "color": "000000ff" }
				],
				"attachment": [
					{ "name": "shoulder" },
					{ "time": 0.2, "name": "shoulder" }
				]
			},
			"thigh": {
				"rgba": [
					{ "color": "000000ff", "curve": "stepped" },
					{ "time": 0.2, "color": "000000ff" }
				]
			},
			"thigh2": {
				"rgba": [
					{ "color": "000000ff", "curve": "stepped" },
					{ "time": 0.2, "color": "000000ff" }
				]
			},
			"thigh3": {
				"rgba": [
					{ "color": "000000ff", "curve": "stepped" },
					{ "time": 0.2, "color": "000000ff" }
				]
			},
			"thigh4": {
				"rgba": [
					{ "color": "000000ff", "curve": "stepped" },
					{ "time": 0.2, "color": "000000ff" }
				]
			}
		},
		"bones": {
			"head": {
				"rotate": [
					{ "value": -8.24, "curve": "stepped" },
					{ "time": 0.2, "value": -8.24 }
				],
				"translate": [
					{ "x": -7.71, "y": -3.06, "curve": "stepped" },
					{ "time": 0.2, "x": -7.71, "y": -3.06 }
				],
				"scale": [
					{ "curve": "stepped" },
					{ "time": 0.2 }
				]
			},
			"root": {
				"rotate": [
					{ "curve": "stepped" },
					{ "time": 0.2 }
				],
				"translate": [
					{ "curve": "stepped" },
					{ "time": 0.2 }
				]
			},
			"main": {
				"rotate": [
					{ "value": -7.3, "curve": "stepped" },
					{ "time": 0.2, "value": -7.3 }
				],
				"translate": [
					{ "x": 4.14, "y": -10.87, "curve": "stepped" },
					{ "time": 0.2, "x": 4.14, "y": -10.87 }
				]
			},
			"hip": {
				"rotate": [
					{ "curve": "stepped" },
					{ "time": 0.2 }
				],
				"translate": [
					{ "curve": "stepped" },
					{ "time": 0.2 }
				]
			},
			"body": {
				"rotate": [
					{ "value": 5.24, "curve": "stepped" },
					{ "time": 0.2, "value": 5.24 }
				],
				"translate": [
					{ "curve": "stepped" },
					{ "time": 0.2 }
				]
			},
			"body2": {
				"rotate": [
					{ "value": -1.31, "curve": "stepped" },
					{ "time": 0.2, "value": -1.31 }
				],
				"translate": [
					{ "curve": "stepped" },
					{ "time": 0.2 }
				]
			},
			"body3": {
				"rotate": [
					{ "value": -1.31, "curve": "stepped" },
					{ "time": 0.2, "value": -1.31 }
				],
				"translate": [
					{ "curve": "stepped" },
					{ "time": 0.2 }
				]
			},
			"body4": {
				"rotate": [
					{ "value": -2.23, "curve": "stepped" },
					{ "time": 0.2, "value": -2.23 }
				],
				"translate": [
					{ "curve": "stepped" },
					{ "time": 0.2 }
				]
			},
			"body5": {
				"rotate": [
					{ "value": -2.76, "curve": "stepped" },
					{ "time": 0.2, "value": -2.76 }
				],
				"translate": [
					{ "curve": "stepped" },
					{ "time": 0.2 }
				]
			},
			"body6": {
				"rotate": [
					{ "value": -0.74, "curve": "stepped" },
					{ "time": 0.2, "value": -0.74 }
				],
				"translate": [
					{ "curve": "stepped" },
					{ "time": 0.2 }
				]
			},
			"body7": {
				"rotate": [
					{ "value": -1.31, "curve": "stepped" },
					{ "time": 0.2, "value": -1.31 }
				],
				"translate": [
					{ "curve": "stepped" },
					{ "time": 0.2 }
				]
			},
			"body8": {
				"rotate": [
					{ "value": -1.31, "curve": "stepped" },
					{ "time": 0.2, "value": -1.31 }
				],
				"translate": [
					{ "curve": "stepped" },
					{ "time": 0.2 }
				]
			},
			"feeling_3": {
				"rotate": [
					{ "curve": "stepped" },
					{ "time": 0.2 }
				],
				"translate": [
					{ "curve": "stepped" },
					{ "time": 0.2 }
				]
			},
			"emoji": {
				"rotate": [
					{ "value": 4.45, "curve": "stepped" },
					{ "time": 0.2, "value": 4.45 }
				],
				"translate": [
					{ "x": 12.22, "y": -0.24, "curve": "stepped" },
					{ "time": 0.2, "x": 12.22, "y": -0.24 }
				],
				"scale": [
					{ "x": 0.914, "y": 0.914, "curve": "stepped" },
					{ "time": 0.2, "x": 0.914, "y": 0.914 }
				]
			},
			"shouder_1": {
				"rotate": [
					{ "value": 178.18, "curve": "stepped" },
					{ "time": 0.2, "value": 178.18 }
				],
				"translate": [
					{ "x": 21.37, "y": 0.5, "curve": "stepped" },
					{ "time": 0.2, "x": 21.37, "y": 0.5 }
				],
				"scale": [
					{ "curve": "stepped" },
					{ "time": 0.2 }
				],
				"shear": [
					{ "y": 1, "curve": "stepped" },
					{ "time": 0.2, "y": 1 }
				]
			},
			"arm_1": {
				"rotate": [
					{ "value": -41.71, "curve": "stepped" },
					{ "time": 0.2, "value": -41.71 }
				],
				"translate": [
					{ "x": 2.6, "y": 0.99, "curve": "stepped" },
					{ "time": 0.2, "x": 2.6, "y": 0.99 }
				],
				"scale": [
					{ "curve": "stepped" },
					{ "time": 0.2 }
				]
			},
			"shouder_2": {
				"rotate": [
					{ "value": -169.28, "curve": "stepped" },
					{ "time": 0.2, "value": -169.28 }
				],
				"translate": [
					{ "x": 17.63, "y": -2.67, "curve": "stepped" },
					{ "time": 0.2, "x": 17.63, "y": -2.67 }
				],
				"scale": [
					{ "y": 0.924, "curve": "stepped" },
					{ "time": 0.2, "y": 0.924 }
				]
			},
			"arm_2": {
				"rotate": [
					{ "value": 57.41, "curve": "stepped" },
					{ "time": 0.2, "value": 57.41 }
				],
				"translate": [
					{ "x": 0.99, "y": 1.82, "curve": "stepped" },
					{ "time": 0.2, "x": 0.99, "y": 1.82 }
				],
				"scale": [
					{ "x": 1.029, "curve": "stepped" },
					{ "time": 0.2, "x": 1.029 }
				]
			},
			"thigh_1": {
				"rotate": [
					{
						"value": -6.18,
						"curve": [ 0.05, -6.18, 0.15, 56.35 ]
					},
					{ "time": 0.2, "value": 56.35 }
				],
				"translate": [
					{ "curve": "stepped" },
					{ "time": 0.2 }
				],
				"scale": [
					{ "curve": "stepped" },
					{ "time": 0.2 }
				]
			},
			"leg_1": {
				"rotate": [
					{
						"value": 5.22,
						"curve": [ 0.05, 5.22, 0.15, -60.63 ]
					},
					{ "time": 0.2, "value": -60.63 }
				],
				"translate": [
					{ "curve": "stepped" },
					{ "time": 0.2 }
				],
				"scale": [
					{ "curve": "stepped" },
					{ "time": 0.2 }
				]
			},
			"thigh_2": {
				"rotate": [
					{
						"value": 2.51,
						"curve": [ 0.05, 2.51, 0.15, -113.47 ]
					},
					{ "time": 0.2, "value": -113.47 }
				],
				"translate": [
					{ "curve": "stepped" },
					{ "time": 0.2 }
				],
				"scale": [
					{ "x": 0.937, "curve": "stepped" },
					{ "time": 0.2, "x": 0.937 }
				]
			},
			"leg_2": {
				"rotate": [
					{
						"value": 3.66,
						"curve": [ 0.05, 3.66, 0.15, 139.67 ]
					},
					{ "time": 0.2, "value": 139.67 }
				],
				"translate": [
					{ "curve": "stepped" },
					{ "time": 0.2 }
				],
				"scale": [
					{ "curve": "stepped" },
					{ "time": 0.2 }
				]
			},
			"foot_2": {
				"rotate": [
					{ "curve": "stepped" },
					{ "time": 0.2 }
				],
				"translate": [
					{ "x": 73.83, "y": 36.76, "curve": "stepped" },
					{ "time": 0.2, "x": 73.83, "y": 36.76 }
				]
			},
			"foot_3": {
				"rotate": [
					{ "value": -4.37, "curve": "stepped" },
					{ "time": 0.2, "value": -4.37 }
				],
				"translate": [
					{ "x": -60.79, "y": 189.86, "curve": "stepped" },
					{ "time": 0.2, "x": -60.79, "y": 189.86 }
				]
			},
			"feeling_5": {
				"rotate": [
					{ "curve": "stepped" },
					{ "time": 0.2 }
				],
				"translate": [
					{ "curve": "stepped" },
					{ "time": 0.2 }
				]
			},
			"feeling_1": {
				"rotate": [
					{ "value": -134.92, "curve": "stepped" },
					{ "time": 0.2, "value": -134.92 }
				],
				"translate": [
					{ "x": 22.2, "y": -18.76, "curve": "stepped" },
					{ "time": 0.2, "x": 22.2, "y": -18.76 }
				],
				"scale": [
					{ "curve": "stepped" },
					{ "time": 0.2 }
				]
			},
			"feeling_2": {
				"rotate": [
					{ "value": -134.92, "curve": "stepped" },
					{ "time": 0.2, "value": -134.92 }
				],
				"translate": [
					{ "x": 22.2, "y": -18.76, "curve": "stepped" },
					{ "time": 0.2, "x": 22.2, "y": -18.76 }
				],
				"scale": [
					{ "curve": "stepped" },
					{ "time": 0.2 }
				]
			},
			"move": {
				"translate": [
					{ "x": 119.99, "y": -0.41, "curve": "stepped" },
					{ "time": 0.2, "x": 119.99, "y": -0.41 }
				],
				"scale": [
					{ "x": -1, "curve": "stepped" },
					{ "time": 0.2, "x": -1 }
				]
			},
			"item_1": {
				"translate": [
					{ "x": -8.72, "y": -80.99, "curve": "stepped" },
					{ "time": 0.2, "x": -8.72, "y": -80.99 }
				],
				"scale": [
					{ "curve": "stepped" },
					{ "time": 0.2 }
				]
			}
		},
		"ik": {
			"foot_1": [
				{
					"bendPositive": false,
					"stretch": true,
					"curve": [ 0.05, 1, 0.15, 1, 0.05, 0, 0.15, 0 ]
				},
				{ "time": 0.2, "bendPositive": false, "stretch": true }
			],
			"foot_2": [
				{
					"stretch": true,
					"curve": [ 0.05, 1, 0.15, 1, 0.05, 0, 0.15, 0 ]
				},
				{ "time": 0.2, "stretch": true }
			]
		},
		"drawOrder": [
			{
				"offsets": [
					{ "slot": "shoulder4", "offset": 7 }
				]
			},
			{
				"time": 0.2,
				"offsets": [
					{ "slot": "shoulder4", "offset": 7 }
				]
			}
		]
	},
	"t_151_1_win": {
		"slots": {
			"body": {
				"rgba": [
					{ "color": "000000ff" }
				]
			},
			"Emoji": {
				"attachment": [
					{ "name": "Emoji/emo_1" }
				]
			},
			"feeling_1": {
				"attachment": [
					{ "name": "rung" }
				]
			},
			"feeling_2": {
				"rgba": [
					{ "color": "696969ff" }
				],
				"attachment": [
					{ "name": "rung" }
				]
			},
			"feeling_3": {
				"attachment": [
					{ "name": "rung" }
				]
			},
			"feeling_5": {
				"attachment": [
					{}
				]
			},
			"hair": {
				"attachment": [
					{}
				]
			},
			"head": {
				"rgba": [
					{ "color": "ffffffff" }
				],
				"attachment": [
					{ "name": "head" }
				]
			},
			"item": {
				"attachment": [
					{}
				]
			},
			"shoulder1": {
				"rgba": [
					{ "color": "000000ff" }
				],
				"attachment": [
					{ "name": "shoulder" }
				]
			},
			"shoulder2": {
				"rgba": [
					{ "color": "000000ff" }
				],
				"attachment": [
					{ "name": "shoulder" }
				]
			},
			"shoulder3": {
				"rgba": [
					{ "color": "000000ff" }
				],
				"attachment": [
					{ "name": "shoulder" }
				]
			},
			"shoulder4": {
				"rgba": [
					{ "color": "000000ff" }
				],
				"attachment": [
					{ "name": "shoulder" }
				]
			},
			"thigh": {
				"rgba": [
					{ "color": "000000ff" }
				]
			},
			"thigh2": {
				"rgba": [
					{ "color": "000000ff" }
				]
			},
			"thigh3": {
				"rgba": [
					{ "color": "000000ff" }
				]
			},
			"thigh4": {
				"rgba": [
					{ "color": "000000ff" }
				]
			}
		},
		"bones": {
			"head": {
				"rotate": [
					{ "value": -10.61 }
				],
				"translate": [
					{ "x": -60.45, "y": 0.69 }
				],
				"scale": [
					{}
				]
			},
			"root": {
				"rotate": [
					{}
				],
				"translate": [
					{}
				]
			},
			"main": {
				"rotate": [
					{ "value": 6.52 }
				],
				"translate": [
					{ "x": 8.12, "y": -63.52 }
				]
			},
			"hip": {
				"rotate": [
					{}
				],
				"translate": [
					{}
				]
			},
			"body": {
				"rotate": [
					{ "value": -2.03 }
				],
				"translate": [
					{}
				],
				"scale": [
					{}
				]
			},
			"body2": {
				"rotate": [
					{ "value": -2.03 }
				],
				"translate": [
					{}
				],
				"scale": [
					{}
				]
			},
			"body3": {
				"rotate": [
					{ "value": -2.03 }
				],
				"translate": [
					{}
				],
				"scale": [
					{}
				]
			},
			"body4": {
				"rotate": [
					{ "value": -2.03 }
				],
				"translate": [
					{}
				],
				"scale": [
					{}
				]
			},
			"body5": {
				"rotate": [
					{ "value": 0.55 }
				],
				"translate": [
					{}
				],
				"scale": [
					{}
				]
			},
			"body6": {
				"rotate": [
					{ "value": 0.55 }
				],
				"translate": [
					{}
				],
				"scale": [
					{}
				]
			},
			"body7": {
				"rotate": [
					{ "value": 0.55 }
				],
				"translate": [
					{}
				],
				"scale": [
					{}
				]
			},
			"body8": {
				"rotate": [
					{ "value": -2.03 }
				],
				"translate": [
					{}
				],
				"scale": [
					{}
				]
			},
			"feeling_3": {
				"rotate": [
					{ "value": 120.88 }
				],
				"translate": [
					{ "x": -277.77, "y": -203.3 }
				],
				"scale": [
					{ "x": 0.75, "y": 0.75 }
				]
			},
			"emoji": {
				"rotate": [
					{ "value": 3.3 }
				],
				"translate": [
					{ "x": -0.53, "y": 2.41 }
				],
				"scale": [
					{ "x": -1.109, "y": 1.109 }
				]
			},
			"shouder_1": {
				"rotate": [
					{ "value": -120.59 }
				],
				"translate": [
					{ "x": 19.11, "y": 2.35 }
				],
				"scale": [
					{}
				]
			},
			"arm_1": {
				"rotate": [
					{ "value": 74.27 }
				],
				"translate": [
					{ "x": 2.02, "y": 0.08 }
				],
				"scale": [
					{}
				]
			},
			"shouder_2": {
				"rotate": [
					{ "value": 121.82 }
				],
				"translate": [
					{ "x": 22.56, "y": -0.84 }
				],
				"scale": [
					{}
				]
			},
			"arm_2": {
				"rotate": [
					{ "value": -70.93 }
				],
				"translate": [
					{}
				],
				"scale": [
					{}
				]
			},
			"thigh_1": {
				"rotate": [
					{ "value": 24.72 }
				],
				"translate": [
					{}
				],
				"scale": [
					{}
				]
			},
			"leg_1": {
				"rotate": [
					{}
				],
				"translate": [
					{}
				]
			},
			"thigh_2": {
				"rotate": [
					{ "value": 39.21 }
				],
				"translate": [
					{}
				],
				"scale": [
					{}
				]
			},
			"leg_2": {
				"rotate": [
					{ "value": 18.14 }
				],
				"translate": [
					{}
				]
			},
			"foot_2": {
				"rotate": [
					{}
				],
				"translate": [
					{ "x": -50.73, "y": 2.56 }
				]
			},
			"foot_3": {
				"rotate": [
					{}
				],
				"translate": [
					{ "x": 53.45, "y": 1.04 }
				]
			},
			"feeling_5": {
				"rotate": [
					{ "value": -70.54 }
				],
				"translate": [
					{ "x": 100.27, "y": -62.23 }
				],
				"scale": [
					{ "x": -1 }
				]
			},
			"move": {
				"translate": [
					{ "x": 119.99, "y": 0.2 }
				]
			},
			"feeling_1": {
				"rotate": [
					{ "value": 1.39 }
				],
				"translate": [
					{ "x": 39.83, "y": -205.64 }
				],
				"scale": [
					{ "x": -1.112, "y": 1.112 }
				]
			},
			"feeling_2": {
				"rotate": [
					{ "value": 6.53 }
				],
				"translate": [
					{ "x": -101.61, "y": -101.71 }
				],
				"scale": [
					{ "x": -0.695, "y": 0.666 }
				]
			},
			"item_1": {
				"rotate": [
					{ "value": -3.88 }
				],
				"translate": [
					{ "x": 226.86, "y": 20.09 }
				],
				"scale": [
					{ "x": -0.865, "y": 0.865 }
				]
			},
			"hair_1": {
				"rotate": [
					{ "value": -33.15 }
				],
				"translate": [
					{ "x": 188.76, "y": 529.09 }
				],
				"scale": [
					{ "x": -1.326, "y": 1.326 }
				]
			}
		},
		"ik": {
			"foot_1": [
				{ "stretch": true }
			],
			"foot_2": [
				{ "bendPositive": false, "stretch": true }
			]
		},
		"drawOrder": [
			{
				"offsets": [
					{ "slot": "item", "offset": 17 },
					{ "slot": "shoulder4", "offset": -4 }
				]
			}
		]
	},
	"t_151_2_be": {
		"slots": {
			"body": {
				"rgba": [
					{ "color": "000000ff" }
				]
			},
			"Emoji": {
				"rgba": [
					{ "color": "ffffffff" }
				],
				"attachment": [
					{}
				]
			},
			"feeling_1": {
				"attachment": [
					{}
				]
			},
			"feeling_2": {
				"attachment": [
					{}
				]
			},
			"feeling_3": {
				"rgba": [
					{ "color": "ffffffff" }
				],
				"attachment": [
					{}
				]
			},
			"feeling_5": {
				"attachment": [
					{}
				]
			},
			"hair": {
				"attachment": [
					{ "name": "hair/man/mu_sau_5" }
				]
			},
			"head": {
				"rgba": [
					{ "color": "ffffffff" }
				]
			},
			"shoulder1": {
				"rgba": [
					{ "color": "000000ff" }
				],
				"attachment": [
					{ "name": "shoulder" }
				]
			},
			"shoulder2": {
				"rgba": [
					{ "color": "000000ff" }
				],
				"attachment": [
					{ "name": "shoulder" }
				]
			},
			"shoulder3": {
				"rgba": [
					{ "color": "000000ff" }
				],
				"attachment": [
					{ "name": "shoulder" }
				]
			},
			"shoulder4": {
				"rgba": [
					{ "color": "000000ff" }
				],
				"attachment": [
					{ "name": "shoulder" }
				]
			},
			"thigh": {
				"rgba": [
					{ "color": "000000ff" }
				]
			},
			"thigh2": {
				"rgba": [
					{ "color": "000000ff" }
				]
			},
			"thigh3": {
				"rgba": [
					{ "color": "000000ff" }
				]
			},
			"thigh4": {
				"rgba": [
					{ "color": "000000ff" }
				]
			}
		},
		"bones": {
			"head": {
				"rotate": [
					{ "value": -13.06 }
				],
				"translate": [
					{ "x": -10.26, "y": 4.74 }
				],
				"scale": [
					{}
				]
			},
			"root": {
				"rotate": [
					{}
				],
				"translate": [
					{}
				]
			},
			"main": {
				"rotate": [
					{ "value": -4.43 }
				],
				"translate": [
					{ "x": -1.65, "y": -41.06 }
				]
			},
			"hip": {
				"rotate": [
					{}
				],
				"translate": [
					{}
				]
			},
			"body": {
				"rotate": [
					{ "value": 1.03 }
				],
				"translate": [
					{}
				]
			},
			"body2": {
				"rotate": [
					{ "value": 1.03 }
				],
				"translate": [
					{}
				]
			},
			"body3": {
				"rotate": [
					{ "value": 1.03 }
				],
				"translate": [
					{}
				]
			},
			"body4": {
				"rotate": [
					{ "value": 1.03 }
				],
				"translate": [
					{}
				]
			},
			"body5": {
				"rotate": [
					{ "value": 1.03 }
				],
				"translate": [
					{}
				]
			},
			"body6": {
				"rotate": [
					{ "value": 1.03 }
				],
				"translate": [
					{}
				]
			},
			"body7": {
				"rotate": [
					{ "value": 1.03 }
				],
				"translate": [
					{}
				]
			},
			"body8": {
				"rotate": [
					{ "value": 1.03 }
				],
				"translate": [
					{}
				]
			},
			"feeling_3": {
				"rotate": [
					{ "value": -4.97 }
				],
				"translate": [
					{ "x": -551.84, "y": 2.4 }
				],
				"scale": [
					{ "x": 1.136, "y": 2.778 }
				]
			},
			"emoji": {
				"rotate": [
					{ "value": 21.41 }
				],
				"translate": [
					{ "x": 17.25, "y": 6.29 }
				],
				"scale": [
					{ "x": 1.114, "y": 1.114 }
				]
			},
			"shouder_1": {
				"rotate": [
					{ "value": -68.19 }
				],
				"translate": [
					{ "x": 24.99, "y": -5 }
				],
				"scale": [
					{}
				],
				"shear": [
					{}
				]
			},
			"arm_1": {
				"rotate": [
					{ "value": -143.78 }
				],
				"translate": [
					{ "x": 2.02, "y": 0.08 }
				],
				"scale": [
					{}
				]
			},
			"shouder_2": {
				"rotate": [
					{ "value": 81.69 }
				],
				"translate": [
					{ "x": 24.26, "y": 3.05 }
				],
				"scale": [
					{}
				]
			},
			"arm_2": {
				"rotate": [
					{ "value": -119.82 }
				],
				"translate": [
					{}
				],
				"scale": [
					{ "x": 0.881 }
				]
			},
			"thigh_1": {
				"rotate": [
					{}
				],
				"translate": [
					{}
				]
			},
			"leg_1": {
				"rotate": [
					{}
				],
				"translate": [
					{}
				]
			},
			"thigh_2": {
				"rotate": [
					{}
				],
				"translate": [
					{}
				]
			},
			"leg_2": {
				"rotate": [
					{}
				],
				"translate": [
					{}
				]
			},
			"foot_2": {
				"rotate": [
					{}
				],
				"translate": [
					{ "x": -66.18, "y": 2.27 }
				]
			},
			"foot_3": {
				"rotate": [
					{}
				],
				"translate": [
					{ "x": 71.56, "y": -0.45 }
				]
			},
			"feeling_5": {
				"rotate": [
					{}
				],
				"translate": [
					{}
				]
			},
			"feeling_1": {
				"rotate": [
					{ "value": 5.25 }
				],
				"translate": [
					{ "x": -131.53, "y": -11.35 }
				],
				"scale": [
					{ "x": -1.076, "y": 1.076 }
				]
			},
			"feeling_2": {
				"rotate": [
					{ "value": 1.39 }
				],
				"translate": [
					{ "x": -1.43, "y": -3.56 }
				],
				"scale": [
					{}
				]
			},
			"move": {
				"translate": [
					{ "x": 119.99, "y": 0.12 }
				],
				"scale": [
					{}
				]
			},
			"hair_1": {
				"rotate": [
					{ "value": 7.83 }
				],
				"translate": [
					{ "x": 103.07, "y": 543.23 }
				],
				"scale": [
					{ "x": 0.947, "y": 0.947 }
				]
			}
		},
		"ik": {
			"foot_1": [
				{ "stretch": true }
			],
			"foot_2": [
				{ "bendPositive": false, "stretch": true }
			]
		},
		"drawOrder": [
			{
				"offsets": [
					{ "slot": "shoulder1", "offset": 2 },
					{ "slot": "shoulder4", "offset": -3 }
				]
			}
		]
	},
	"t_151_2_lose": {
		"slots": {
			"body": {
				"rgba": [
					{ "color": "000000ff", "curve": "stepped" },
					{ "time": 0.8333, "color": "000000ff" }
				]
			},
			"Emoji": {
				"rgba": [
					{ "color": "ffffffff", "curve": "stepped" },
					{ "time": 0.8333, "color": "ffffffff" }
				],
				"attachment": [
					{ "name": "Emoji/emo_68b" },
					{ "time": 0.8333, "name": "Emoji/emo_68b" }
				]
			},
			"feeling_1": {
				"attachment": [
					{},
					{ "time": 0.8333 }
				]
			},
			"feeling_2": {
				"attachment": [
					{},
					{ "time": 0.8333 }
				]
			},
			"feeling_3": {
				"rgba": [
					{ "color": "ffffffff", "curve": "stepped" },
					{ "time": 0.8333, "color": "ffffffff" }
				],
				"attachment": [
					{ "name": "giat_minh" },
					{ "time": 0.1 },
					{ "time": 0.2, "name": "giat_minh" },
					{ "time": 0.3, "name": "giat_minh" },
					{ "time": 0.4 },
					{ "time": 0.5, "name": "giat_minh" },
					{ "time": 0.6333, "name": "giat_minh" },
					{ "time": 0.7333 },
					{ "time": 0.8333, "name": "giat_minh" }
				]
			},
			"feeling_4": {
				"rgba": [
					{ "color": "ff6d6dc2", "curve": "stepped" },
					{ "time": 0.8333, "color": "ff6d6dc2" }
				],
				"attachment": [
					{ "name": "khoi" },
					{ "time": 0.8333, "name": "khoi" }
				]
			},
			"feeling_5": {
				"rgba": [
					{ "color": "ff6d6dc2", "curve": "stepped" },
					{ "time": 0.8333, "color": "ff6d6dc2" }
				],
				"attachment": [
					{ "name": "khoi" },
					{ "time": 0.8333, "name": "khoi" }
				]
			},
			"hair": {
				"attachment": [
					{ "name": "hair/man/mu_5" },
					{ "time": 0.8333, "name": "hair/man/mu_5" }
				]
			},
			"head": {
				"rgba": [
					{ "color": "ffffffff", "curve": "stepped" },
					{ "time": 0.8333, "color": "ffffffff" }
				]
			},
			"shoulder1": {
				"rgba": [
					{ "color": "000000ff", "curve": "stepped" },
					{ "time": 0.8333, "color": "000000ff" }
				],
				"attachment": [
					{ "name": "shoulder" },
					{ "time": 0.8333, "name": "shoulder" }
				]
			},
			"shoulder2": {
				"rgba": [
					{ "color": "000000ff", "curve": "stepped" },
					{ "time": 0.8333, "color": "000000ff" }
				],
				"attachment": [
					{ "name": "shoulder" },
					{ "time": 0.8333, "name": "shoulder" }
				]
			},
			"shoulder3": {
				"rgba": [
					{ "color": "000000ff", "curve": "stepped" },
					{ "time": 0.8333, "color": "000000ff" }
				],
				"attachment": [
					{ "name": "shoulder" },
					{ "time": 0.8333, "name": "shoulder" }
				]
			},
			"shoulder4": {
				"rgba": [
					{ "color": "000000ff", "curve": "stepped" },
					{ "time": 0.8333, "color": "000000ff" }
				],
				"attachment": [
					{ "name": "shoulder" },
					{ "time": 0.8333, "name": "shoulder" }
				]
			},
			"thigh": {
				"rgba": [
					{ "color": "000000ff", "curve": "stepped" },
					{ "time": 0.8333, "color": "000000ff" }
				]
			},
			"thigh2": {
				"rgba": [
					{ "color": "000000ff", "curve": "stepped" },
					{ "time": 0.8333, "color": "000000ff" }
				]
			},
			"thigh3": {
				"rgba": [
					{ "color": "000000ff", "curve": "stepped" },
					{ "time": 0.8333, "color": "000000ff" }
				]
			},
			"thigh4": {
				"rgba": [
					{ "color": "000000ff", "curve": "stepped" },
					{ "time": 0.8333, "color": "000000ff" }
				]
			}
		},
		"bones": {
			"head": {
				"rotate": [
					{ "value": 2.41, "curve": "stepped" },
					{ "time": 0.8333, "value": 2.41 }
				],
				"translate": [
					{ "x": -8.91, "y": -0.92, "curve": "stepped" },
					{ "time": 0.8333, "x": -8.91, "y": -0.92 }
				],
				"scale": [
					{ "curve": "stepped" },
					{ "time": 0.8333 }
				]
			},
			"root": {
				"rotate": [
					{ "curve": "stepped" },
					{ "time": 0.8333 }
				],
				"translate": [
					{ "curve": "stepped" },
					{ "time": 0.8333 }
				]
			},
			"main": {
				"rotate": [
					{ "value": -10.44, "curve": "stepped" },
					{ "time": 0.8333, "value": -10.44 }
				],
				"translate": [
					{ "x": -1.65, "y": -41.06, "curve": "stepped" },
					{ "time": 0.8333, "x": -1.65, "y": -41.06 }
				]
			},
			"hip": {
				"rotate": [
					{ "curve": "stepped" },
					{ "time": 0.8333 }
				],
				"translate": [
					{ "curve": "stepped" },
					{ "time": 0.8333 }
				]
			},
			"body": {
				"rotate": [
					{ "value": 1, "curve": "stepped" },
					{ "time": 0.8333, "value": 1 }
				],
				"translate": [
					{ "curve": "stepped" },
					{ "time": 0.8333 }
				]
			},
			"body2": {
				"rotate": [
					{ "value": 1, "curve": "stepped" },
					{ "time": 0.8333, "value": 1 }
				],
				"translate": [
					{ "curve": "stepped" },
					{ "time": 0.8333 }
				]
			},
			"body3": {
				"rotate": [
					{ "value": 1, "curve": "stepped" },
					{ "time": 0.8333, "value": 1 }
				],
				"translate": [
					{ "curve": "stepped" },
					{ "time": 0.8333 }
				]
			},
			"body4": {
				"rotate": [
					{ "value": 1, "curve": "stepped" },
					{ "time": 0.8333, "value": 1 }
				],
				"translate": [
					{ "curve": "stepped" },
					{ "time": 0.8333 }
				]
			},
			"body5": {
				"rotate": [
					{ "value": 1, "curve": "stepped" },
					{ "time": 0.8333, "value": 1 }
				],
				"translate": [
					{ "curve": "stepped" },
					{ "time": 0.8333 }
				]
			},
			"body6": {
				"rotate": [
					{ "value": 1, "curve": "stepped" },
					{ "time": 0.8333, "value": 1 }
				],
				"translate": [
					{ "curve": "stepped" },
					{ "time": 0.8333 }
				]
			},
			"body7": {
				"rotate": [
					{ "value": 1, "curve": "stepped" },
					{ "time": 0.8333, "value": 1 }
				],
				"translate": [
					{ "curve": "stepped" },
					{ "time": 0.8333 }
				]
			},
			"body8": {
				"rotate": [
					{ "value": 1, "curve": "stepped" },
					{ "time": 0.8333, "value": 1 }
				],
				"translate": [
					{ "curve": "stepped" },
					{ "time": 0.8333 }
				]
			},
			"feeling_3": {
				"rotate": [
					{ "value": -31.32, "curve": "stepped" },
					{ "time": 0.8333, "value": -31.32 }
				],
				"translate": [
					{ "x": -57.99, "y": -137.4, "curve": "stepped" },
					{ "time": 0.8333, "x": -57.99, "y": -137.4 }
				],
				"scale": [
					{ "curve": "stepped" },
					{ "time": 0.8333 }
				]
			},
			"emoji": {
				"rotate": [
					{ "value": 9.3, "curve": "stepped" },
					{ "time": 0.8333, "value": 9.3 }
				],
				"translate": [
					{ "x": 21.07, "y": -12.81, "curve": "stepped" },
					{ "time": 0.8333, "x": 21.07, "y": -12.81 }
				],
				"scale": [
					{ "x": 1.114, "y": 1.114, "curve": "stepped" },
					{ "time": 0.8333, "x": 1.114, "y": 1.114 }
				]
			},
			"shouder_1": {
				"rotate": [
					{ "value": -3.34, "curve": "stepped" },
					{ "time": 0.8333, "value": -3.34 }
				],
				"translate": [
					{ "x": 24.99, "y": -5, "curve": "stepped" },
					{ "time": 0.8333, "x": 24.99, "y": -5 }
				],
				"scale": [
					{ "curve": "stepped" },
					{ "time": 0.8333 }
				],
				"shear": [
					{ "curve": "stepped" },
					{ "time": 0.8333 }
				]
			},
			"arm_1": {
				"rotate": [
					{ "value": 7.65, "curve": "stepped" },
					{ "time": 0.8333, "value": 7.65 }
				],
				"translate": [
					{ "x": 2.02, "y": 0.08, "curve": "stepped" },
					{ "time": 0.8333, "x": 2.02, "y": 0.08 }
				],
				"scale": [
					{ "curve": "stepped" },
					{ "time": 0.8333 }
				]
			},
			"shouder_2": {
				"rotate": [
					{ "value": 60.4, "curve": "stepped" },
					{ "time": 0.8333, "value": 60.4 }
				],
				"translate": [
					{ "x": 24.26, "y": 3.05, "curve": "stepped" },
					{ "time": 0.8333, "x": 24.26, "y": 3.05 }
				],
				"scale": [
					{ "curve": "stepped" },
					{ "time": 0.8333 }
				]
			},
			"arm_2": {
				"rotate": [
					{ "value": 62.05, "curve": "stepped" },
					{ "time": 0.8333, "value": 62.05 }
				],
				"translate": [
					{ "curve": "stepped" },
					{ "time": 0.8333 }
				],
				"scale": [
					{ "x": 0.881, "curve": "stepped" },
					{ "time": 0.8333, "x": 0.881 }
				]
			},
			"thigh_1": {
				"rotate": [
					{
						"curve": [ 0.208, 0, 0.625, 23.98 ]
					},
					{ "time": 0.8333, "value": 23.98 }
				],
				"translate": [
					{ "curve": "stepped" },
					{ "time": 0.8333 }
				]
			},
			"leg_1": {
				"rotate": [
					{
						"curve": [ 0.208, 0, 0.625, -58.38 ]
					},
					{ "time": 0.8333, "value": -58.38 }
				],
				"translate": [
					{ "curve": "stepped" },
					{ "time": 0.8333 }
				]
			},
			"thigh_2": {
				"rotate": [
					{
						"curve": [ 0.208, 0, 0.625, 56.15 ]
					},
					{ "time": 0.8333, "value": 56.15 }
				],
				"translate": [
					{ "curve": "stepped" },
					{ "time": 0.8333 }
				]
			},
			"leg_2": {
				"rotate": [
					{
						"curve": [ 0.208, 0, 0.625, -53.87 ]
					},
					{ "time": 0.8333, "value": -53.87 }
				],
				"translate": [
					{ "curve": "stepped" },
					{ "time": 0.8333 }
				]
			},
			"foot_2": {
				"rotate": [
					{ "curve": "stepped" },
					{ "time": 0.8333 }
				],
				"translate": [
					{ "x": -66.18, "y": 2.27, "curve": "stepped" },
					{ "time": 0.8333, "x": -66.18, "y": 2.27 }
				]
			},
			"foot_3": {
				"rotate": [
					{ "curve": "stepped" },
					{ "time": 0.8333 }
				],
				"translate": [
					{ "x": 71.56, "y": -0.45, "curve": "stepped" },
					{ "time": 0.8333, "x": 71.56, "y": -0.45 }
				]
			},
			"feeling_5": {
				"rotate": [
					{ "value": -41.43, "curve": "stepped" },
					{ "time": 0.8333, "value": -41.43 }
				],
				"translate": [
					{ "x": 83.06, "y": -31.46, "curve": "stepped" },
					{ "time": 0.8333, "x": 83.06, "y": -31.46 }
				],
				"scale": [
					{ "x": -0.386, "y": 0.386, "curve": "stepped" },
					{ "time": 0.8333, "x": -0.386, "y": 0.386 }
				]
			},
			"feeling_1": {
				"rotate": [
					{ "value": 5.25, "curve": "stepped" },
					{ "time": 0.8333, "value": 5.25 }
				],
				"translate": [
					{ "x": -131.53, "y": -11.35, "curve": "stepped" },
					{ "time": 0.8333, "x": -131.53, "y": -11.35 }
				],
				"scale": [
					{ "x": -1.076, "y": 1.076, "curve": "stepped" },
					{ "time": 0.8333, "x": -1.076, "y": 1.076 }
				]
			},
			"feeling_2": {
				"rotate": [
					{ "value": 1.39, "curve": "stepped" },
					{ "time": 0.8333, "value": 1.39 }
				],
				"translate": [
					{ "x": -30.77, "y": -46.99, "curve": "stepped" },
					{ "time": 0.8333, "x": -30.77, "y": -46.99 }
				],
				"scale": [
					{ "x": 1.397, "y": 1.397, "curve": "stepped" },
					{ "time": 0.8333, "x": 1.397, "y": 1.397 }
				]
			},
			"move": {
				"translate": [
					{ "x": 119.99, "y": 0.12, "curve": "stepped" },
					{ "time": 0.8333, "x": 119.99, "y": 0.12 }
				],
				"scale": [
					{ "curve": "stepped" },
					{ "time": 0.8333 }
				]
			},
			"hair_1": {
				"rotate": [
					{ "value": 13.61, "curve": "stepped" },
					{ "time": 0.8333, "value": 13.61 }
				],
				"translate": [
					{ "x": 80.85, "y": 576.49, "curve": "stepped" },
					{ "time": 0.8333, "x": 80.85, "y": 576.49 }
				],
				"scale": [
					{ "x": 0.947, "y": 0.947, "curve": "stepped" },
					{ "time": 0.8333, "x": 0.947, "y": 0.947 }
				]
			},
			"feeling_4": {
				"rotate": [
					{ "value": 56.98, "curve": "stepped" },
					{ "time": 0.8333, "value": 56.98 }
				],
				"translate": [
					{ "x": 58.7, "y": 115.52, "curve": "stepped" },
					{ "time": 0.8333, "x": 58.7, "y": 115.52 }
				],
				"scale": [
					{ "x": -0.397, "y": 0.397, "curve": "stepped" },
					{ "time": 0.8333, "x": -0.397, "y": 0.397 }
				]
			}
		},
		"ik": {
			"foot_1": [
				{
					"bendPositive": false,
					"stretch": true,
					"curve": [ 0.208, 1, 0.625, 1, 0.208, 0, 0.625, 0 ]
				},
				{ "time": 0.8333, "bendPositive": false, "stretch": true }
			],
			"foot_2": [
				{
					"bendPositive": false,
					"stretch": true,
					"curve": [ 0.208, 1, 0.625, 1, 0.208, 0, 0.625, 0 ]
				},
				{ "time": 0.8333, "bendPositive": false, "stretch": true }
			]
		},
		"drawOrder": [
			{
				"offsets": [
					{ "slot": "shoulder1", "offset": 2 },
					{ "slot": "shoulder4", "offset": -3 }
				]
			},
			{
				"time": 0.8333,
				"offsets": [
					{ "slot": "shoulder1", "offset": 2 },
					{ "slot": "shoulder4", "offset": -3 }
				]
			}
		]
	},
	"t_151_2_lose_2": {
		"slots": {
			"body": {
				"rgba": [
					{ "color": "000000ff" }
				]
			},
			"Emoji": {
				"rgba": [
					{ "color": "ffffffff" }
				],
				"attachment": [
					{ "name": "Emoji/emo_74" }
				]
			},
			"feeling_1": {
				"attachment": [
					{ "name": "Emoji/hoi_cham" }
				]
			},
			"feeling_2": {
				"attachment": [
					{ "name": "Emoji/hoi_cham" }
				]
			},
			"feeling_3": {
				"rgba": [
					{ "color": "ffffffff" }
				],
				"attachment": [
					{}
				]
			},
			"feeling_5": {
				"attachment": [
					{}
				]
			},
			"hair": {
				"attachment": [
					{ "name": "hair/man/mu_5" }
				]
			},
			"head": {
				"rgba": [
					{ "color": "ffffffff" }
				]
			},
			"shoulder1": {
				"rgba": [
					{ "color": "000000ff" }
				],
				"attachment": [
					{ "name": "shoulder" }
				]
			},
			"shoulder2": {
				"rgba": [
					{ "color": "000000ff" }
				],
				"attachment": [
					{ "name": "shoulder" }
				]
			},
			"shoulder3": {
				"rgba": [
					{ "color": "000000ff" }
				],
				"attachment": [
					{ "name": "shoulder" }
				]
			},
			"shoulder4": {
				"rgba": [
					{ "color": "000000ff" }
				],
				"attachment": [
					{ "name": "shoulder" }
				]
			},
			"thigh": {
				"rgba": [
					{ "color": "000000ff" }
				]
			},
			"thigh2": {
				"rgba": [
					{ "color": "000000ff" }
				]
			},
			"thigh3": {
				"rgba": [
					{ "color": "000000ff" }
				]
			},
			"thigh4": {
				"rgba": [
					{ "color": "000000ff" }
				]
			}
		},
		"bones": {
			"head": {
				"rotate": [
					{ "value": -13.06 }
				],
				"translate": [
					{ "x": -10.26, "y": 4.74 }
				],
				"scale": [
					{}
				]
			},
			"root": {
				"rotate": [
					{}
				],
				"translate": [
					{}
				]
			},
			"main": {
				"rotate": [
					{ "value": -4.43 }
				],
				"translate": [
					{ "x": 13.09, "y": -41.01 }
				]
			},
			"hip": {
				"rotate": [
					{}
				],
				"translate": [
					{}
				]
			},
			"body": {
				"rotate": [
					{ "value": 0.5 }
				],
				"translate": [
					{}
				]
			},
			"body2": {
				"rotate": [
					{ "value": 0.5 }
				],
				"translate": [
					{}
				]
			},
			"body3": {
				"rotate": [
					{ "value": 0.5 }
				],
				"translate": [
					{}
				]
			},
			"body4": {
				"rotate": [
					{ "value": 0.5 }
				],
				"translate": [
					{}
				]
			},
			"body5": {
				"rotate": [
					{ "value": 0.5 }
				],
				"translate": [
					{}
				]
			},
			"body6": {
				"rotate": [
					{ "value": 0.5 }
				],
				"translate": [
					{}
				]
			},
			"body7": {
				"rotate": [
					{ "value": 0.5 }
				],
				"translate": [
					{}
				]
			},
			"body8": {
				"rotate": [
					{ "value": 0.5 }
				],
				"translate": [
					{}
				]
			},
			"feeling_3": {
				"rotate": [
					{ "value": -4.97 }
				],
				"translate": [
					{ "x": -551.84, "y": 2.4 }
				],
				"scale": [
					{ "x": 1.136, "y": 2.778 }
				]
			},
			"emoji": {
				"rotate": [
					{ "value": 5.53 }
				],
				"translate": [
					{ "x": 2.07, "y": -24.66 }
				],
				"scale": [
					{ "x": -1.075, "y": 1.075 }
				]
			},
			"shouder_1": {
				"rotate": [
					{ "value": -78.35 }
				],
				"translate": [
					{ "x": 24.99, "y": -5 }
				],
				"scale": [
					{}
				],
				"shear": [
					{}
				]
			},
			"arm_1": {
				"rotate": [
					{ "value": -73.84 }
				],
				"translate": [
					{ "x": 2.02, "y": 0.08 }
				],
				"scale": [
					{}
				]
			},
			"shouder_2": {
				"rotate": [
					{ "value": 80.03 }
				],
				"translate": [
					{ "x": 24.26, "y": 3.05 }
				],
				"scale": [
					{}
				]
			},
			"arm_2": {
				"rotate": [
					{ "value": -91.5 }
				],
				"translate": [
					{}
				],
				"scale": [
					{ "x": 0.881 }
				]
			},
			"thigh_1": {
				"rotate": [
					{}
				],
				"translate": [
					{}
				]
			},
			"leg_1": {
				"rotate": [
					{}
				],
				"translate": [
					{}
				]
			},
			"thigh_2": {
				"rotate": [
					{}
				],
				"translate": [
					{}
				]
			},
			"leg_2": {
				"rotate": [
					{}
				],
				"translate": [
					{}
				]
			},
			"foot_2": {
				"rotate": [
					{}
				],
				"translate": [
					{ "x": -66.18, "y": 2.27 }
				]
			},
			"foot_3": {
				"rotate": [
					{}
				],
				"translate": [
					{ "x": 75.25, "y": -0.44 }
				]
			},
			"feeling_5": {
				"rotate": [
					{}
				],
				"translate": [
					{}
				]
			},
			"feeling_1": {
				"rotate": [
					{ "value": 15.94 }
				],
				"translate": [
					{ "x": -165.75, "y": -45.55 }
				],
				"scale": [
					{ "x": -0.772, "y": 0.772 }
				]
			},
			"feeling_2": {
				"rotate": [
					{ "value": 11.61 }
				],
				"translate": [
					{ "x": 38.46, "y": -85.39 }
				],
				"scale": [
					{ "x": -1 }
				]
			},
			"move": {
				"translate": [
					{ "x": 119.99, "y": 0.12 }
				],
				"scale": [
					{}
				]
			},
			"hair_1": {
				"rotate": [
					{ "value": 2.46 }
				],
				"translate": [
					{ "x": 115.34, "y": 565.67 }
				],
				"scale": [
					{ "x": 0.947, "y": 0.947 }
				]
			}
		},
		"ik": {
			"foot_1": [
				{ "stretch": true }
			],
			"foot_2": [
				{ "bendPositive": false, "stretch": true }
			]
		},
		"drawOrder": [
			{
				"offsets": [
					{ "slot": "shoulder1", "offset": 2 },
					{ "slot": "shoulder4", "offset": -3 }
				]
			}
		]
	},
	"t_151_2_win": {
		"slots": {
			"body": {
				"rgba": [
					{ "color": "000000ff" }
				]
			},
			"Emoji": {
				"rgba": [
					{ "color": "ffffffff" }
				],
				"attachment": [
					{ "name": "Emoji/emo_66" }
				]
			},
			"feeling_1": {
				"attachment": [
					{}
				]
			},
			"feeling_2": {
				"attachment": [
					{ "name": "scare" }
				]
			},
			"feeling_3": {
				"rgba": [
					{ "color": "ffffffff" }
				],
				"attachment": [
					{}
				]
			},
			"feeling_4": {
				"attachment": [
					{ "name": "Emoji/hoi_cham" }
				]
			},
			"feeling_5": {
				"attachment": [
					{ "name": "Emoji/hoi_cham" }
				]
			},
			"hair": {
				"attachment": [
					{ "name": "hair/man/mu_sau_5" }
				]
			},
			"head": {
				"rgba": [
					{ "color": "ffffffff" }
				]
			},
			"shoulder1": {
				"rgba": [
					{ "color": "000000ff" }
				],
				"attachment": [
					{ "name": "shoulder" }
				]
			},
			"shoulder2": {
				"rgba": [
					{ "color": "000000ff" }
				],
				"attachment": [
					{ "name": "shoulder" }
				]
			},
			"shoulder3": {
				"rgba": [
					{ "color": "000000ff" }
				],
				"attachment": [
					{ "name": "shoulder" }
				]
			},
			"shoulder4": {
				"rgba": [
					{ "color": "000000ff" }
				],
				"attachment": [
					{ "name": "shoulder" }
				]
			},
			"thigh": {
				"rgba": [
					{ "color": "000000ff" }
				]
			},
			"thigh2": {
				"rgba": [
					{ "color": "000000ff" }
				]
			},
			"thigh3": {
				"rgba": [
					{ "color": "000000ff" }
				]
			},
			"thigh4": {
				"rgba": [
					{ "color": "000000ff" }
				]
			}
		},
		"bones": {
			"head": {
				"rotate": [
					{ "value": -13.06 }
				],
				"translate": [
					{ "x": -10.26, "y": 4.74 }
				],
				"scale": [
					{}
				]
			},
			"root": {
				"rotate": [
					{}
				],
				"translate": [
					{}
				]
			},
			"main": {
				"rotate": [
					{ "value": -4.43 }
				],
				"translate": [
					{ "x": -1.65, "y": -41.06 }
				]
			},
			"hip": {
				"rotate": [
					{}
				],
				"translate": [
					{}
				]
			},
			"body": {
				"rotate": [
					{ "value": 1.03 }
				],
				"translate": [
					{}
				]
			},
			"body2": {
				"rotate": [
					{ "value": 1.03 }
				],
				"translate": [
					{}
				]
			},
			"body3": {
				"rotate": [
					{ "value": 1.03 }
				],
				"translate": [
					{}
				]
			},
			"body4": {
				"rotate": [
					{ "value": 1.03 }
				],
				"translate": [
					{}
				]
			},
			"body5": {
				"rotate": [
					{ "value": 1.03 }
				],
				"translate": [
					{}
				]
			},
			"body6": {
				"rotate": [
					{ "value": 1.03 }
				],
				"translate": [
					{}
				]
			},
			"body7": {
				"rotate": [
					{ "value": 1.03 }
				],
				"translate": [
					{}
				]
			},
			"body8": {
				"rotate": [
					{ "value": 1.03 }
				],
				"translate": [
					{}
				]
			},
			"feeling_3": {
				"rotate": [
					{ "value": -4.97 }
				],
				"translate": [
					{ "x": -551.84, "y": 2.4 }
				],
				"scale": [
					{ "x": 1.136, "y": 2.778 }
				]
			},
			"emoji": {
				"rotate": [
					{ "value": -9.43 }
				],
				"translate": [
					{ "x": 9.4, "y": 3.6 }
				],
				"scale": [
					{ "x": 1.114, "y": 1.114 }
				]
			},
			"shouder_1": {
				"rotate": [
					{ "value": -52.76 }
				],
				"translate": [
					{ "x": 24.99, "y": -5 }
				],
				"scale": [
					{}
				],
				"shear": [
					{}
				]
			},
			"arm_1": {
				"rotate": [
					{ "value": -16.73 }
				],
				"translate": [
					{ "x": 2.02, "y": 0.08 }
				],
				"scale": [
					{}
				]
			},
			"shouder_2": {
				"rotate": [
					{ "value": 60.4 }
				],
				"translate": [
					{ "x": 24.26, "y": 3.05 }
				],
				"scale": [
					{}
				]
			},
			"arm_2": {
				"rotate": [
					{ "value": -14.02 }
				],
				"translate": [
					{}
				],
				"scale": [
					{ "x": 0.881 }
				]
			},
			"thigh_1": {
				"rotate": [
					{}
				],
				"translate": [
					{}
				]
			},
			"leg_1": {
				"rotate": [
					{}
				],
				"translate": [
					{}
				]
			},
			"thigh_2": {
				"rotate": [
					{}
				],
				"translate": [
					{}
				]
			},
			"leg_2": {
				"rotate": [
					{}
				],
				"translate": [
					{}
				]
			},
			"foot_2": {
				"rotate": [
					{}
				],
				"translate": [
					{ "x": -66.18, "y": 2.27 }
				]
			},
			"foot_3": {
				"rotate": [
					{}
				],
				"translate": [
					{ "x": 71.56, "y": -0.45 }
				]
			},
			"feeling_5": {
				"rotate": [
					{ "value": -85.72 }
				],
				"translate": [
					{ "x": -22.79, "y": -95.1 }
				],
				"scale": [
					{ "x": -0.612, "y": 0.612 }
				]
			},
			"feeling_1": {
				"rotate": [
					{ "value": 5.25 }
				],
				"translate": [
					{ "x": -131.53, "y": -11.35 }
				],
				"scale": [
					{ "x": -1.076, "y": 1.076 }
				]
			},
			"feeling_2": {
				"rotate": [
					{ "value": 1.39 }
				],
				"translate": [
					{ "x": -30.77, "y": -46.99 }
				],
				"scale": [
					{ "x": 1.397, "y": 1.397 }
				]
			},
			"move": {
				"translate": [
					{ "x": 119.99, "y": 0.12 }
				],
				"scale": [
					{}
				]
			},
			"hair_1": {
				"rotate": [
					{ "value": -13.67 }
				],
				"translate": [
					{ "x": 151.11, "y": 642.9 }
				],
				"scale": [
					{ "x": 0.947, "y": 0.947 }
				]
			},
			"feeling_4": {
				"rotate": [
					{ "value": -77.24 }
				],
				"translate": [
					{ "x": 91.61, "y": 113.55 }
				],
				"scale": [
					{ "x": -0.479, "y": 0.479 }
				]
			}
		},
		"ik": {
			"foot_1": [
				{ "stretch": true }
			],
			"foot_2": [
				{ "bendPositive": false, "stretch": true }
			]
		},
		"drawOrder": [
			{
				"offsets": [
					{ "slot": "shoulder1", "offset": 2 },
					{ "slot": "shoulder4", "offset": -3 }
				]
			}
		]
	}
}
}